time,q,dq,u,kinetic_energy,potential_energy,total_energy
0.002,1.9291689371046046e-05,0.019291598095666725,1.0,1.9291232998036096e-05,2.943000000273826,2.943019291506824
0.004,7.716566218826959e-05,0.0385821009023288,1.0,7.716091604689879e-05,2.9430000043810423,2.943077165297089
0.006,0.00017361863263130116,0.057870413193175305,1.0,0.00017359590702632153,2.9430000221779586,2.943173618084985
0.008,0.00030864512454018575,0.07715543986580356,1.0,0.0003085743056907231,2.943000070088671,2.9433086443943615
0.01,0.0004822374717264469,0.09643608600447556,1.0,0.00048206545864437015,2.943000171100398,2.943482236559042
0.012,0.0006943858184087231,0.11571125694243703,1.0,0.0006940299663057951,2.9430003547569488,2.9436943847232544
0.014,0.0009450781197731222,0.13497985832432,1.0,0.0009444196918616723,2.943000657150334,2.943945076842196
0.016,0.0012343001426584814,0.15424079616864955,1.0,0.0012331777722098898,2.943001120910505,2.944234298682715
0.018000000000000002,0.0015620354663667627,0.17349297693047533,1.0,0.0015602386308914368,2.9430017951932324,2.944562033824124
0.020000000000000004,0.0019282654835988528,0.19273530756414833,1.0,0.0019255279930107086,2.9430027356661235,2.944928263659134
0.022000000000000006,0.0023329694015160785,0.21196669558626338,1.0,0.0023289629021437134,2.943004004492773,2.9453329673949167
0.024000000000000007,0.002776124242927791,0.23118604913878735,1.0,0.002770451739233595,2.943005670315058,2.9457761220542915
0.02600000000000001,0.0032577048476054075,0.2503922770523932,1.0,0.0032498942434728206,2.943007808233567,2.9462577024770398
0.02800000000000001,0.003777683873723343,0.2695842889100196,1.0,0.0037671815351712473,2.9430104997861743,2.9467776813213455
0.030000000000000013,0.004336031799427305,0.28876099511067577,1.0,0.004322196140609224,2.943013832924757,2.947336029065366
0.032000000000000015,0.0049327169245304585,0.30792130693351055,1.0,0.004914812018874756,2.943017901990048,2.947932714008923
0.034000000000000016,0.005567705372338008,0.3270641366021655,1.0,0.005544894590683646,2.943022807684648,2.948567702275332
0.03600000000000002,0.006240961091600787,0.34618839734942963,1.0,0.006212300769181416,2.9430286570441706,2.949240957813352
0.03800000000000002,0.006952445858598473,0.36529300348221555,1.0,0.006916878992725635,2.94303556340655,2.9499524423992756
0.04000000000000002,0.007702119279353094,0.3843768704468741,1.0,0.007658469259647251,2.943043646379485,2.950702115639132
0.04200000000000002,0.00848993879197351,0.4034389148948659,1.0,0.008436903164989228,2.9430530318060515,2.9514899349710406
0.044000000000000025,0.009315859669131621,0.42247805474880706,1.0,0.009252003939220693,2.9430638517284624,2.952315855667683
0.04600000000000003,0.010179835020671045,0.44149320926890606,1.0,0.01010358648892471,2.9430762443499874,2.953179830838912
0.04800000000000003,0.011081815796349077,0.4604832991198085,1.0,0.01099145743945743,2.943090353995036,2.9540818114344938
0.05000000000000003,0.012021750788712763,0.4794472464378661,1.0,0.011915415179576358,2.943106331067409,2.955021746246985
0.05200000000000003,0.012999586636109943,0.4983839748988457,1.0,0.01287524990803509,2.943124332006707,2.955999581914742
0.054000000000000034,0.014015267825836175,0.5172924097860934,1.0,0.013870743682141888,2.943144519242928,2.95701526292507
0.056000000000000036,0.015068736697418438,0.5361714780591688,1.0,0.01490167046827884,2.9431670611492264,2.958068731617505
0.05800000000000004,0.01615993344603661,0.5550201084229645,1.0,0.015967796194378714,2.9431921319928573,2.959159928187236
0.06000000000000004,0.017288796126083646,0.5738372313973232,1.0,0.01706887880435556,2.943219911884308,2.9602887906886637
0.06200000000000004,0.018455260654865552,0.5926217793871675,1.0,0.018204668314485545,2.943250586724619,2.9614552550391045
0.06400000000000004,0.01965926081644208,0.6113726867531537,1.0,0.01937490687173393,2.94328434815089,2.962659255022624
0.06600000000000004,0.020900728265609313,0.6300888898828632,1.0,0.020579328814023506,2.9433213934800055,2.9639007222940292
0.06800000000000005,0.022179592532025158,0.648769327262542,1.0,0.02181766073244019,2.9433619256505454,2.9651795863829857
0.07000000000000005,0.023495781024478885,0.667412939549401,1.0,0.02308962153537034,2.9434061531629196,2.96649577469829
0.07200000000000005,0.02484921903530582,0.6860186696444853,1.0,0.024394922514564592,2.943454290017722,2.9678492125322866
0.07400000000000005,0.02623982974494838,0.704585462766125,1.0,0.02573326741312234,2.9435065556523026,2.969239823065425
0.07600000000000005,0.027667534226664577,0.7231122665239744,1.0,0.027104352495390633,2.9435631748755813,2.970667527370972
0.07800000000000006,0.0291322514513852,0.7415980309936507,1.0,0.02850786661877122,2.9436243778010946,2.972132244419866
0.08000000000000006,0.030633898292720892,0.7600417087919773,1.0,0.02994349130742824,2.9436903997782964,2.9736338910857247
0.08200000000000006,0.03217238953212031,0.7784422551528416,1.0,0.03141090082788947,2.943761481322116,2.975172382150005
0.08400000000000006,0.03374763786418063,0.7967986280036724,1.0,0.032909762266533346,2.943837868040778,2.9767476303073117
0.08600000000000006,0.035359553902111616,0.8151097880425432,1.0,0.034439735608952776,2.9439198105619084,2.978359546170861
0.08800000000000006,0.03700804618335458,0.8333746988159066,1.0,0.036000473821187845,2.944007564456915,2.9800080382781027
0.09000000000000007,0.038693021175357334,0.8515923267969648,1.0,0.03759162293281718,2.9441013901636732,2.9816930130964905
0.09200000000000007,0.04041438328150666,0.8697616414646783,1.0,0.03921282212189843,2.9442015529075203,2.983414375029419
0.09400000000000007,0.04217203484721934,0.8878816153834178,1.0,0.0408637038017477,2.9443083226205644,2.9851720264223123
0.09600000000000007,0.04396587616619315,0.905951224283261,1.0,0.042543893709546636,2.944421973859327,2.9869658675688737
0.09800000000000007,0.04579580548681914,0.9239694471409342,1.0,0.04425301099676549,2.944542785720736,2.9887957967175014
0.10000000000000007,0.047661719018756404,0.9419352662614014,1.0,0.045990668321390496,2.9446710417564717,2.990661710077862
0.10200000000000008,0.04956351093967066,0.9598476673601004,1.0,0.04775647194194251,2.9448070298856845,2.992563501827627
0.10400000000000008,0.051501073402138,0.9777056396458235,1.0,0.04955002181327345,2.9449510423061063,2.9945010641193797
0.10600000000000008,0.053474296540715005,0.9955081759042433,1.0,0.051370911684126816,2.945103375403555,2.9964742870876817
0.10800000000000008,0.05548306847917657,1.0132542725820801,1.0,0.053218729196447385,2.945264329659869,2.9984830588563165
0.11000000000000008,0.0575272753379227,1.0309429298719066,1.0,0.05509305598642508,2.945434209559262,3.000527265545687
0.11200000000000009,0.059606801241555527,1.0485731517975876,1.0,0.05699346778725622,2.945613323493148,3.0026067912804044
0.11400000000000009,0.061721528326627896,1.0661439463003493,1.0,0.058919534533606675,2.94580198366342,3.0047215181970266
0.11600000000000009,0.06387133674956465,1.0836543253254702,1.0,0.06087082046775849,2.9460005059842254,3.006871326451984
0.11800000000000009,0.06605610469475795,1.1011033049095915,1.0,0.06284688424742176,2.9462092099822534,3.0090560942296753
0.12000000000000009,0.06827570838283781,1.1184899052686346,1.0,0.06484727905519398,2.946428418695542,3.011275697750736
0.1220000000000001,0.0705300220791191,1.13581315088632,1.0,0.06687155270964604,2.9466584585708406,3.0135300112804866
0.1240000000000001,0.07281891810222611,1.1530720706032804,1.0,0.06891924777801457,2.9468996593595436,3.0158189071375583
0.12600000000000008,0.07514226683289604,1.1702656977067516,1.0,0.0709899016904804,2.947152354012212,3.0181422557026925
0.12800000000000009,0.07749993672296232,1.1873930700208384,1.0,0.07308304685600994,2.9474168785717194,3.020499925427729
0.1300000000000001,0.07989179430451909,1.2044532299973378,1.0,0.07519821077973747,2.9476935720650306,3.022891782844768
0.1320000000000001,0.0823177041992679,1.2214452248071093,1.0,0.07733491618186422,2.947982776393652,3.0253176925755163
0.1340000000000001,0.0847775291280476,1.2383681064319787,1.0,0.07949268111805045,2.948284836222768,3.0277775173408186
0.1360000000000001,0.08727112992054865,1.2552209317571619,1.0,0.0816710191012742,2.948600098869096,3.0302711179703703
0.1380000000000001,0.08979836552521273,1.272002762664191,1.0,0.08386943922513203,2.9489289141874866,3.032798353412619
0.1400000000000001,0.09235909301931869,1.2887126661243302,1.0,0.08608744628855348,2.949271634456296,3.0353590807448496
0.1420000000000001,0.09495316761925585,1.3053497142924624,1.0,0.08832454092190224,2.9496286142615538,3.037953155183456
0.1440000000000001,0.0975804426909855,1.3219129846014293,1.0,0.09058021971443482,2.9500002103799705,3.0405804300944053
0.1460000000000001,0.10024076976069152,1.3384015598568069,1.0,0.09285397534308784,2.9503867816608005,3.0432407570038884
0.1480000000000001,0.10293399852562095,1.3548145283320974,1.0,0.09514529670256296,2.950788688906593,3.045933985609156
0.1500000000000001,0.10565997686511541,1.3711509838643166,1.0,0.09745366903667829,2.9512062947528785,3.048659963789557
0.1520000000000001,0.108418550851834,1.3874100259499558,1.0,0.0997785740709545,2.9516399635468,3.0514185376177543
0.1540000000000001,0.11120956476316848,1.4035907598412976,1.0,0.10211949014640166,2.952090061224745,3.0542095513711467
0.1560000000000001,0.11403286109285152,1.419692296643062,1.0,0.1044758923544744,2.952556955188998,3.0570328475434723
0.1580000000000001,0.1168882805627584,1.4357137534093596,1.0,0.1068472526731588,2.953041014183454,3.059888266856613
0.16000000000000011,0.11977566213490308,1.4516542532409282,1.0,0.10923304010415727,2.9535426081684304,3.062775648272588
0.16200000000000012,0.12269484302362878,1.467512925382628,1.0,0.11163272081113257,2.9540621081946123,3.065694829005745
0.16400000000000012,0.12564565870799402,1.4832889053211682,1.0,0.11404575825897595,2.9545998862761755,3.0686456445351515
0.16600000000000012,0.12862794294435417,1.498981334883041,1.0,0.11647161335405917,2.955156315263108,3.0716279286171675
0.16800000000000012,0.13164152777913915,1.5145893623326343,1.0,0.11890974458543302,2.955731768712795,3.0746415132982277
0.17000000000000012,0.13468624356182737,1.5301121424704949,1.0,0.12135960816692976,2.95632662076089,3.0776862289278197
0.17200000000000013,0.1377619189581165,1.5455488367317147,1.0,0.12382065818013202,2.9569412459915134,3.0807619041716454
0.17400000000000013,0.14086838096329105,1.5608986132844103,1.0,0.12629234671816308,2.9575760193068334,3.0838683660249964
0.17600000000000013,0.14400545491578678,1.5761606471282645,1.0,0.12877412403025845,2.958231315796058,3.0870054398263163
0.17800000000000013,0.14717296451095266,1.5913341201931028,1.0,0.1312654386670739,2.9589075106038853,3.090172949270959
0.18000000000000013,0.1503707318150095,1.6064182214374678,1.0,0.13376573762668667,2.959604978798467,3.0933707164251536
0.18200000000000013,0.15359857727920612,1.6214121469471654,1.0,0.13627446650124383,2.960324095238912,3.0965985617401555
0.18400000000000014,0.1568563197541722,1.6363151000337464,1.0,0.1387910696242137,2.9610652344423873,3.099856304066601
0.18600000000000014,0.16014377650446834,1.6511262913328917,1.0,0.14131499021819108,2.9618287704508677,3.1031437606690586
0.18800000000000014,0.1634607632233325,1.6658449389026673,1.0,0.1438456705432125,2.962615076697562,3.1064607472407744
0.19000000000000014,0.16680709404762292,1.6804702683216144,1.0,0.14638255204553008,2.963424525873083,3.1098070779186133
0.19200000000000014,0.170182581572957,1.6950015127866394,1.0,0.14892507550679757,2.9642574897914034,3.113182565298201
0.19400000000000014,0.17358703686904564,1.7094379132106696,1.0,0.15147268119361704,2.9651143392556403,3.1165870204492574
0.19600000000000015,0.17702026949522293,1.7237787183200373,1.0,0.15402480900739904,2.9659954439237244,3.1200202529311234
0.19800000000000015,0.18048208751616984,1.7380231847515568,1.0,0.15658089863448155,2.9669011721740075,3.123482070808489
0.20000000000000015,0.18397229751783215,1.7521705771492568,1.0,0.15914038969646002,2.9678318909708485,3.1269722806673084
0.20200000000000015,0.1874907046235312,1.766220168260731,1.0,0.1617027219006733,2.9687879657302387,3.130490687630912
0.20400000000000015,0.19103711251026714,1.7801712390330697,1.0,0.1642673351907944,2.9697697601855144,3.134037095376309
0.20600000000000016,0.1946113234252133,1.7940230787083338,1.0,0.16683366989747347,2.9707776362532083,3.137611306150682
0.20800000000000016,0.19821313820240136,1.8077749849185318,1.0,0.16940116688897713,2.971811953899095,3.141213120788072
0.21000000000000016,0.20184235627959565,1.821426263780064,1.0,0.17196926772177157,2.9728730710044817,3.1448423387262534
0.21200000000000016,0.20549877571535605,1.8349762299875896,1.0,0.1745374147909933,2.9739613432328023,3.1484987580237958
0.21400000000000016,0.20918219320628773,1.8484242069072827,1.0,0.17710505148075453,2.9750771238965594,3.152182175377314
0.21600000000000016,0.21289240410447696,1.8617695266694345,1.0,0.1796716223142239,2.9762207638246823,3.1558923861389063
0.21800000000000017,0.21662920243511136,1.875011530260361,1.0,0.18223657310343072,2.977392611230338,3.1596291843337685
0.22000000000000017,0.22039238091428323,1.8881495676135782,1.0,0.18479935109873147,2.978593011579275,3.1633923626780063
0.22200000000000017,0.22418173096697455,1.9011829977002042,1.0,0.18735940513788749,2.979822307458724,3.1671817125966113
0.22400000000000017,0.22799704274522184,1.9141111886185445,1.0,0.18991618579469066,2.981080838446941,3.1709970242416317
0.22600000000000017,0.23183810514645942,1.9269335176828246,1.0,0.19246914552708486,2.98236894098343,3.174838086510515
0.22800000000000017,0.23570470583203926,1.9396493715110255,1.0,0.19501773882472248,2.9836869482399,3.1787046870646223
0.23000000000000018,0.23959663124592556,1.9522581461117827,1.0,0.197561422355899,2.985035189992033,3.182596612347932
0.23200000000000018,0.2435136666335621,1.9647592469703075,1.0,0.20009965511380914,2.9864139924920905,3.1865136476058997
0.23400000000000018,0.24745559606091055,1.9771520891332897,1.0,0.20263189856206348,2.9878236783424366,3.1904555769045
0.23600000000000018,0.25142220243365737,1.9894360972927412,1.0,0.20515761677941102,2.98926456637002,3.194422183149431
0.23800000000000018,0.2554132675165874,2.001610705868739,1.0,0.20767627660360627,2.9907369715018866,3.198413248105493
0.24000000000000019,0.25942857195312174,2.013675359091026,1.0,0.21018734777436535,2.9922412046417537,3.202428552416119
0.2420000000000002,0.2634678952850179,2.025629511079432,1.0,0.21269030307535045,2.9937775725477294,3.2064678756230798
0.2440000000000002,0.26753101597222917,2.0374726259230704,1.0,0.21518461847512657,2.995346377711218,3.2105309961863444
0.2460000000000002,0.27161771141292135,2.049204177758274,1.0,0.2176697732670326,2.9969479182370597,3.2146176915040923
0.2480000000000002,0.2757277579636442,2.0608236508452245,1.0,0.2201452502079062,2.9985824877249807,3.2187277379328867
0.25000000000000017,0.2798609309596544,2.0723305396432425,1.0,0.22261053565560904,3.0002503751523917,3.222860910808001
0.25200000000000017,0.2840170047353883,2.083724348884693,1.0,0.2250651197052909,3.001951864758593,3.227016984463884
0.25400000000000017,0.28819575264508046,2.0950045936474675,1.0,0.2275084963243391,3.003687235930448,3.231195732254787
0.25600000000000017,0.292396947083526,2.1061707994260073,1.0,0.22994016348595459,3.005456763089566,3.2353969265755205
0.2580000000000002,0.29662035950698357,2.1172225022008235,1.0,0.23235962330129703,3.007260715581063,3.23962033888236
0.2600000000000002,0.30086576045421576,2.1281592485064813,1.0,0.23476638215014767,3.0090993575639335,3.243865739714081
0.2620000000000002,0.30513291956766375,2.138980595498005,1.0,0.23715995081002755,3.010972947903116,3.248132898713144
0.2640000000000002,0.30942160561475335,2.1496861110156686,1.0,0.23953984458372268,3.0128817400632673,3.25242158464699
0.2660000000000002,0.313731586509329,2.160275373648138,1.0,0.2419055834251583,3.014825982004322,3.2567315654294804
0.2680000000000002,0.3180626293332121,2.1707479727939205,1.0,0.2442566920635665,3.0168059160788863,3.2610626081424527
0.2700000000000002,0.32241450035788094,2.1811035087210926,1.0,0.2465927001258991,3.018821778931504,3.2654144790574033
0.2720000000000002,0.3267869650662679,2.1913415926252675,1.0,0.24891314225742897,3.0208738013998526,3.2697869436572815
0.2740000000000002,0.3311797881746712,2.2014618466857665,1.0,0.2512175582404883,3.0229622084179146,3.2741797666584027
0.2760000000000002,0.33559273365477665,2.2114639041199617,1.0,0.25350549311129555,3.025087218921176,3.2785927120324714
0.2780000000000002,0.34002556475578694,2.2213474092357557,1.0,0.25577649727481677,3.0272490457538908,3.2830255430287076
0.2800000000000002,0.34447804402665333,2.231112017482163,1.0,0.25803012661761365,3.0294478955784663,3.2874780221960798
0.2820000000000002,0.3489499333384069,2.2407573954979636,1.0,0.2602659426186307,3.031683968787008,3.2919499114056388
0.2840000000000002,0.35344099390658523,2.2502832211583983,1.0,0.2624835124578726,3.033957459415067,3.2964409718729395
0.2860000000000002,0.3579509863137501,2.2596891836198667,1.0,0.2646824091229227,3.03626855505764,3.3009509641805628
0.2880000000000002,0.3624796705320932,2.2689749833626083,1.0,0.2668622115132619,3.0386174367874568,3.3054796483007185
0.2900000000000002,0.3670268059461243,2.278140332231329,1.0,0.2690225045423389,3.041004279075598,3.3100267836179365
0.2920000000000002,0.3715921513754396,2.287184953473751,1.0,0.2711628792373488,3.0434292497144817,3.3145921289518303
0.2940000000000002,0.37617546509756417,2.2961085817770486,1.0,0.2732829328366791,3.0458925097432656,3.3191754425799447
0.2960000000000002,0.3807765048708657,2.3049109633021567,1.0,0.27538226888498096,3.0483942133756865,3.3237764822606675
0.2980000000000002,0.38539502795753433,2.3135918557159125,1.0,0.27746049732582323,3.050934507930384,3.328395005256207
0.3000000000000002,0.3900307911466252,2.3221510282210143,1.0,0.27951723459189376,3.053513533763743,3.333030768355637
0.3020000000000002,0.3946835507771578,2.3305882615837668,1.0,0.2815521036927061,3.056131424205292,3.337683527897998
0.3040000000000002,0.3993530627612693,2.338903348159597,1.0,0.28356473429978035,3.0587883054956655,3.3423530397954457
0.3060000000000002,0.40403908260741656,2.3470960919163106,1.0,0.2855547628292563,3.0614842967272,3.3470390595564563
0.3080000000000002,0.40874136544362194,2.3551663084550722,1.0,0.28752183252191055,3.064219509787162,3.3517413423090723
0.3100000000000002,0.41345966604075934,2.3631138250290875,1.0,0.28946559352054213,3.0669940493036445,3.356459642824187
0.3120000000000002,0.4181937388358749,2.37093848055997,1.0,0.29138570294469535,3.06980801259417,3.361193715538865
0.3140000000000002,0.42294333795553835,2.3786401256517693,1.0,0.2932818249626927,3.0726614896170035,3.365943314579696
0.3160000000000002,0.4277082172392198,2.386218622602652,1.0,0.29515363086094537,3.0755545629252263,3.3707081937861716
0.3180000000000002,0.43248813026268784,2.393673845414207,1.0,0.2970007991105192,3.078487307623558,3.3754881067340774
0.32000000000000023,0.43728283036142357,2.401005679798373,1.0,0.2988230154309266,3.081459791327988,3.380282806758915
0.32200000000000023,0.4420920706540463,2.408214023181968,1.0,0.3006199728511231,3.084472074128199,3.385092046979322
0.32400000000000023,0.44691560406574593,2.4152987847088028,1.0,0.3023913717676868,3.0875242085528223,3.389915580320509
0.32600000000000023,0.4517531833517167,2.422259885239379,1.0,0.3041369200001559,3.090616239537533,3.394753159537689
0.32800000000000024,0.45660456112058867,2.4290972573481513,1.0,0.305856332843512,3.0937482043959985,3.3996045372395107
0.33000000000000024,0.4614694898578506,2.435810845318346,1.0,0.3075493331177843,3.096920132793697,3.404469465911481
0.33200000000000024,0.4663477219492602,2.442400605134333,1.0,0.30921565121476424,3.1001320467246143,3.4093476979393786
0.33400000000000024,0.4712390097042371,2.4488665044715368,1.0,0.3108550251418147,3.1033839604908247,3.414238985632639
0.33600000000000024,0.4761431053792323,2.4552085226838867,1.0,0.31246720056275873,3.1066758806849757,3.4191430812477344
0.33800000000000024,0.4810597612010711,2.4614266507887956,1.0,0.3140519308358415,3.110007806175665,3.4240597370115062
0.34000000000000025,0.48598872939026255,2.467520891449671,1.0,0.3156089770487517,3.1133797280957305,3.4289887051444823
0.34200000000000025,0.4909297621842722,2.4734912589559483,1.0,0.3171381080506969,3.11679162983345,3.4339297378841467
0.34400000000000025,0.49588261186075194,2.4793377792006517,1.0,0.31863910048152827,3.12024348702664,3.438882587508168
0.34600000000000025,0.5008470307607228,2.4850604896554773,1.0,0.3201117387979053,3.1237352675596797,3.443847006357585
0.34800000000000025,0.5058227713117052,2.4906594393434043,1.0,0.32155581529650507,3.12726693156343,3.448822746859935
0.35000000000000026,0.5108095860507921,2.4961346888088336,1.0,0.3229711301342691,3.1308384314180584,3.4538095615523274
0.35200000000000026,0.5158072276476601,2.501486310085258,1.0,0.3243574913456916,3.134449711758765,3.4588072031044566
0.35400000000000026,0.5208154489275129,2.5067143866604704,1.0,0.32571471485715126,3.13810070948439,3.4638154243415413
0.35600000000000026,0.5258340028939533,2.511819013439315,1.0,0.3270426244982888,3.1417913537689115,3.4688339782672
0.35800000000000026,0.5308626427517781,2.516800296703986,1.0,0.3283410520104396,3.145521566075808,3.4738626180862475
0.36000000000000026,0.5359011219296906,2.5216583540718895,1.0,0.3296098370521259,3.149291260175273,3.478901097227399
0.36200000000000027,0.5409491941029276,2.526393314451068,1.0,0.33084882720161857,3.1531003421642896,3.483949169365908
0.36400000000000027,0.5460066132157935,2.5310053179932086,1.0,0.33205787795658004,3.156948710489513,3.489006588446093
0.36600000000000027,0.5510731335040985,2.5354945160442397,1.0,0.33323685273080034,3.160836255972978,3.4940731087037786
0.36800000000000027,0.5561485095174962,2.5398610710925325,1.0,0.3343856228480399,3.1647628618405914,3.4991484846886314
0.3700000000000003,0.5612324961417144,2.5441051567147195,1.0,0.33550406753299533,3.168728403753397,3.5042324712863926
0.3720000000000003,0.5663248486206756,2.548226957519149,1.0,0.33659207389940604,3.172732749841592,3.509324823740998
0.3740000000000003,0.5714253225785014,2.5522266690869877,1.0,0.33764953693531924,3.1767757607412617,3.514425297676581
0.3760000000000003,0.5765336740413983,2.5561044979109924,1.0,0.33867635948553654,3.180857289633823,3.5195336491193596
0.3780000000000003,0.5816496594594167,2.5598606613319683,1.0,0.3396724522312587,3.1849771822881383,3.524649634519397
0.3800000000000003,0.5867730357280823,2.5634953874729343,1.0,0.34063773366696,3.1891352771052683,3.5297730107722285
0.3820000000000003,0.5919035602098921,2.567008915171016,1.0,0.3415721300745099,3.193331405165852,3.534903535240362
0.3840000000000003,0.5970409907556734,2.5704014939070867,1.0,0.34247557549457397,3.197565390280061,3.5400409657746352
0.3860000000000003,0.6021850857257985,2.5736733837331855,1.0,0.3433480116953191,3.201837049040109,3.5451850607354283
0.3880000000000003,0.6073356040112529,2.5768248551977275,1.0,0.3441893881384526,3.2061461908752844,3.550335579013737
0.3900000000000003,0.6124923050545511,2.5798561892685403,1.0,0.34499966194262854,3.210492618109455,3.555492280052084
0.3920000000000003,0.6176549488704973,2.5827676772537465,1.0,0.34577879784425153,3.214876126021029,3.5606549238652807
0.3940000000000003,0.6228232960667844,2.585559620720524,1.0,0.3465267681557108,3.219296502905317,3.565823271061028
0.3960000000000003,0.6279971078644296,2.5882323314117675,1.0,0.3472435527210838,3.223753530139265,3.5709970828603486
0.3980000000000003,0.6331761461180406,2.590786131160687,1.0,0.34792913886933885,3.228246982248517,3.576176121117856
0.4000000000000003,0.6383601733359091,2.593221351803365,1.0,0.3485835213650811,3.232776626976768,3.581360148341849
0.4020000000000003,0.6435489526999274,2.595538335089311,1.0,0.3492067023568781,3.2373422253573456,3.5865489277142237
0.4040000000000003,0.6487422480853242,2.5977374325900406,1.0,0.3497986913232005,3.241943531787013,3.591742223110214
0.4060000000000003,0.6539398240802158,2.599819005605713,1.0,0.3503595050160298,3.246580294101907,3.596939799117937
0.4080000000000003,0.659141446004968,2.6017834250698613,1.0,0.35088916740215986,3.2512522536556046,3.6021414210577642
0.4100000000000003,0.6643468799313665,2.603631071452249,1.0,0.35138770960225457,3.255959145399228,3.6073468550014827
0.4120000000000003,0.6695558927015902,2.6053623346598886,1.0,0.35185516982768594,3.2607006979635877,3.612555867791274
0.4140000000000003,0.6747682519469855,2.6069776139362575,1.0,0.35229159331521515,3.2654766337432677,3.617768227058483
0.4160000000000003,0.6799837261066369,2.6084773177587475,1.0,0.3526970322595521,3.2702866689826453,3.6229837012421973
0.4180000000000003,0.6852020844457309,2.6098618637343876,1.0,0.35307154574384414,3.2751305138637576,3.628202059607602
0.4200000000000003,0.6904230970737095,2.6111316784938756,1.0,0.35341519966814466,3.280007872595993,3.633423072264138
0.4220000000000003,0.6956465349622102,2.612287197583959,1.0,0.35372806667590584,3.2849184435075354,3.6386465101834413
0.4240000000000003,0.700872169962789,2.613328865358203,1.0,0.3540102260785489,3.2898619191385174,3.6438721452170664
0.4260000000000003,0.7060997748244239,2.6142571348661865,1.0,0.3542617637781605,3.2948379863358266,3.649099750113987
0.4280000000000003,0.7113291232107944,2.615072467741168,1.0,0.3544827721883692,3.299846326349512,3.654329098537881
0.4300000000000003,0.7165599897173357,2.61577533408626,1.0,0.35467335015345025,3.304886614930727,3.6595599650841772
0.43200000000000033,0.7217921498880628,2.616366212359155,1.0,0.35483360286571297,3.3099585224311743,3.6647921252968874
0.43400000000000033,0.7270253802321639,2.6168455892554454,1.0,0.3549636417812263,3.3150617139039658,3.6700253556851923
0.43600000000000033,0.7322594582403577,2.6172139595905803,1.0,0.35506358453393266,3.320195849205874,3.675259433739807
0.43800000000000033,0.7374941624010144,2.6174718261805006,1.0,0.35513355484820663,3.325360583100885,3.6804941379490916
0.44000000000000034,0.7427292722160364,2.6176196997209966,1.0,0.35517368244991165,3.330555565365031,3.685729247814943
0.44200000000000034,0.7479645682164956,2.6176580986658355,1.0,0.35518410297601133,3.3357804408924125,3.6909645438684238
0.44400000000000034,0.7531998319780273,2.6175875491036957,1.0,0.3551649578827902,3.341034849802371,3.6961998076851614
0.44600000000000034,0.7584348461359756,2.61740858463396,1.0,0.3551163943527406,3.3463184275477484,3.701434821900489
0.44800000000000034,0.7636693944002896,2.617121746241409,1.0,0.35503856520016913,3.3516308050241768,3.706669370224346
0.45000000000000034,0.7689032615701683,2.616727582169859,1.0,0.35493162877558293,3.3569716086803374,3.71190323745592
0.45200000000000035,0.7741362335484513,2.6162266477947913,1.0,0.35479574886890974,3.36234046062913,3.71713620949804
0.45400000000000035,0.7793680973557537,2.61561950549502,1.0,0.35463109461160813,3.3677369787596994,3.7223680733713076
0.45600000000000035,0.7845986411443444,2.6149067245234416,1.0,0.3544378403777278,3.3731607768502516,3.7275986172279794
0.45800000000000035,0.7898276542117634,2.6140888808769116,1.0,0.3542161656839736,3.378611464681607,3.7328276303655805
0.46000000000000035,0.7950549270141795,2.6131665571652984,1.0,0.3539662550888316,3.3840886481514354,3.738054903240267
0.46200000000000035,0.8002802511794843,2.612140342479757,1.0,0.3536882980908125,3.389591929389103,3.7432802274799153
0.46400000000000036,0.8055034195201232,2.6110108322602708,1.0,0.35338248902587516,3.3951209068710795,3.7485033958969547
0.46600000000000036,0.8107242260456589,2.609778628162504,1.0,0.35304902696407686,3.4006751755368563,3.753724202500933
0.46800000000000036,0.81594246597507,2.60844433792402,1.0,0.3526881156055175,3.4062543269052923,3.7589424425108096
0.47000000000000036,0.8211579357487802,2.6070085752298975,1.0,0.35229996317562634,3.4118579491913668,3.764157912366993
0.47200000000000036,0.8263704330404182,2.6054719595778084,1.0,0.3518847823198519,3.417485627423242,3.769370409743094
0.47400000000000037,0.8315797567683083,2.603835116142587,1.0,0.35144278999780953,3.423136943559607,3.7745797335574163
0.47600000000000037,0.836785707106688,2.602098675640347,1.0,0.350974207376942,3.4288114766072386,3.779785683984181
0.47800000000000037,0.8419880854966549,2.600263274192192,1.0,0.3504792597257502,3.434508802738713,3.784988062464463
0.48000000000000037,0.84718669465684,2.5983295531875577,1.0,0.34995817630664594,3.4402284954102296,3.7901866717168753
0.4820000000000004,0.8523813385938074,2.59629815914724,1.0,0.34941119026848516,3.445970125479475,3.79538131574796
0.4840000000000004,0.8575718226121796,2.594169743586149,1.0,0.3488385385388329,3.4517332613234863,3.800571799862319
0.4860000000000004,0.8627579533244887,2.5919449628758398,1.0,0.34824046171601375,3.4575174689564476,3.8057579306724616
0.4880000000000004,0.8679395386607518,2.5896244781068556,1.0,0.3476172039610041,3.463322312147379,3.810939516108383
0.4900000000000004,0.8731163878777712,2.5872089549509405,1.0,0.3469690128892144,3.469147352537648,3.816116365426862
0.4920000000000004,0.8782883115681591,2.584699063523155,1.0,0.346296139462218,3.474992149758271,3.821288289220489
0.4940000000000004,0.8834551216690861,2.5820954782439443,1.0,0.345598837879474,3.4808562615469345,3.8264550994264086
0.4960000000000004,0.8886166314707542,2.579398877701203,1.0,0.34487736547009745,3.486739243864702,3.8316166093347994
0.4980000000000004,0.8937726556245936,2.5766099445123793,1.0,0.34413198258472605,3.4926406510123402,3.836772633597066
0.5000000000000003,0.8989230101511843,2.5737293651866575,1.0,0.34336295248753596,3.4985600357462276,3.8419229882337635
0.5020000000000003,0.9040675124479014,2.5707578299872695,1.0,0.3425705412484479,3.504496949393794,3.8470674906422415
0.5040000000000003,0.909205981296286,2.567696032793971,1.0,0.3417550176355818,3.510450941968433,3.852205959604015
0.5060000000000003,0.9143382368691411,2.5645446709657254,1.0,0.3409166530079993,3.51642156228386,3.8573382152918594
0.5080000000000003,0.9194641007373519,2.561304445203641,1.0,0.34005572120878363,3.52240835806785,3.862464079276634
0.5100000000000003,0.9245833958764345,2.5579760594141954,1.0,0.3391724984585036,3.528410876075323,3.867583374533827
0.5120000000000003,0.9296959466728094,2.5545602205727937,1.0,0.3382672632491055,3.5344286622007246,3.87269592544983
0.5140000000000003,0.9348015789298036,2.5510576385876953,1.0,0.3373402962382749,3.540461261589669,3.877801557827944
0.5160000000000003,0.9399001198733802,2.547469026164354,1.0,0.3363918801443163,3.546508218749786,3.8829000988941025
0.5180000000000003,0.9449913981575976,2.543795098670204,1.0,0.33542229964158904,3.5525690776607455,3.8879913773023347
0.5200000000000004,0.9500752438697989,2.5400365739999358,1.0,0.3344318412565418,3.5586433818834133,3.893075223139955
0.5220000000000004,0.955151488535532,2.5361941724412955,1.0,0.33342079326438634,3.5647306746680956,3.898151467932482
0.5240000000000004,0.9602199651232018,2.5322686165414456,1.0,0.3323894455864517,3.57083049906184,3.9032199446482916
0.5260000000000004,0.9652805080484561,2.5282606309739255,1.0,0.33133808968825373,3.576942398014746,3.9082804877029997
0.5280000000000004,0.9703329531783057,2.524170942406244,1.0,0.33026701847832113,3.583065914485267,3.913332932963588
0.5300000000000004,0.9753771378349806,2.5200002793681424,1.0,0.3291765262078131,3.589200591544444,3.9183771177522573
0.5320000000000004,0.9804129007995231,2.51574937212056,1.0,0.32806690837096336,3.595345972479053,3.9234128808500164
0.5340000000000004,0.9854400823151204,2.5114189525253394,1.0,0.32693846160638784,3.601501600893635,3.928440062500023
0.5360000000000004,0.9904585240901757,2.5070097539156975,1.0,0.32579148359928684,3.607667020811363,3.93345850441065
0.5380000000000004,0.995468069301123,2.5025225109675038,1.0,0.32462627298457647,3.613841776773722,3.9384680497582987
0.5400000000000004,1.0004685625949838,2.497957959571392,1.0,0.3234431292509789,3.620025413938982,3.9434685431899608
0.5420000000000004,1.0054598500916703,2.4933168367057377,1.0,0.3222423526461053,3.62621747817941,3.948459830825515
0.5440000000000004,1.0104417793860332,2.4885998803105287,1.0,0.3210242440825568,3.632417516177224,3.9534417602597807
0.5460000000000004,1.0154141995496608,2.483807829162168,1.0,0.3197891050450748,3.6386250755192404,3.9584141805643154
0.5480000000000004,1.0203769611324272,2.478941422749224,1.0,0.3185372374987687,3.6448397047901917,3.9633769422889604
0.5500000000000004,1.0253299161637925,2.474001401149169,1.0,0.3172689437984444,3.651060953664699,3.9683298974631436
0.5520000000000004,1.0302729181538592,2.468988504906124,1.0,0.3159845265990623,3.657288372997873,3.9732728995969353
0.5540000000000004,1.0352058220941833,2.463903474909644,1.0,0.3146842887673469,3.6635215149145135,3.9782058036818606
0.5560000000000004,1.0401284844583452,2.4587470522745614,1.0,0.3133685332945728,3.6697599328968926,3.9831284661914657
0.5580000000000004,1.0450407632022807,2.453519978221924,1.0,0.3120375632105475,3.6760031818711068,3.9880407450816544
0.5600000000000004,1.0499425177643757,2.448222993961039,1.0,0.3106916814988152,3.6822508182919673,3.9929424997907823
0.5620000000000004,1.0548336090653256,2.4428568405726576,1.0,0.3093311910130985,3.6885024002264117,3.99783359123951
0.5640000000000004,1.0597138995077624,2.437422258893316,1.0,0.30795639439499933,3.6947574874354387,4.002713881830438
0.5660000000000004,1.0645832529756512,2.4319199894008587,1.0,0.306567593992977,3.7010156414545223,4.007583235447499
0.5680000000000004,1.0694415348334594,2.4263507721011663,1.0,0.3051650917826195,3.707276425672509,4.0124415174551284
0.5700000000000004,1.0742886119251014,2.420715346416103,1.0,0.30374918928822486,3.7135394054089836,4.017288594697209
0.5720000000000004,1.0791243525726582,2.4150144510727096,1.0,0.3023201875057081,3.71980414799008,4.022124335495788
0.5740000000000004,1.083948626574879,2.409248823993659,1.0,0.30087838682684714,3.7260702228227363,4.026948609649583
0.5760000000000004,1.0887613052054637,2.4034192021889904,1.0,0.29942408696488,3.7323372014673835,4.031761288432263
0.5780000000000004,1.09356226121113,2.3975263216491443,1.0,0.2979575868814684,3.738604657709045,4.036562244590513
0.5800000000000004,1.098351368809469,2.39157091723931,1.0,0.29647918471503526,3.744872167626857,4.041351352341892
0.5820000000000004,1.1031285036865903,2.3855537225951062,1.0,0.2949891777104879,3.7511393096619905,4.046128487372479
0.5840000000000004,1.1078935429945584,2.379475470019607,1.0,0.2934878621503382,3.757405664683967,4.050893526834305
0.5860000000000004,1.1126463653486274,2.3733368903817293,1.0,0.2919755332872227,3.763670816055371,4.055646349342593
0.5880000000000004,1.1173868508242706,2.367138713015995,1.0,0.2904524852778367,3.7699343496949513,4.060386834972788
0.5900000000000004,1.1221148809540142,2.3608816656236797,1.0,0.2889190111182832,3.7761958541390985,4.065114865257382
0.5920000000000004,1.1268303387240721,2.3545664741753654,1.0,0.2873754025808453,3.7824549206017135,4.0698303231825586
0.5940000000000004,1.1315331085707887,2.3481938628148997,1.0,0.2858219501521857,3.7887111430324465,4.074533093184632
0.5960000000000004,1.13622307637689,2.3417645537647824,1.0,0.28425894297297716,3.79496411817332,4.079223061146297
0.5980000000000004,1.140900129467548,2.3352792672329823,1.0,0.282686668778967,3.8012134456137296,4.083900114392697
0.6000000000000004,1.14556415660626,2.328738721321197,1.0,0.2811054138434777,3.8074587278438186,4.088564141687296
0.6020000000000004,1.1502150479905444,2.3221436319345647,1.0,0.2795154629213446,3.813699570306242,4.093215033227587
0.6040000000000004,1.1548526952474596,2.315494712692834,1.0,0.2779170991942916,3.8199355814463027,4.097852680640594
0.6060000000000004,1.159476991428945,2.3087926748429983,1.0,0.27631060421774395,3.8261663727604867,4.102476976978231
0.6080000000000004,1.1640878310069893,2.302038227173408,1.0,0.27469625786907675,3.832391558843379,4.107087816712456
0.6100000000000004,1.1686851098686295,2.295232075929358,1.0,0.273074338297299,3.8386107574329764,4.111685095730276
0.6120000000000004,1.1732687253107803,2.288374924730159,1.0,0.2714451218741678,3.8448235894544114,4.116268711328579
0.6140000000000004,1.1778385760349013,2.2814674744877004,1.0,0.26980888314673157,3.8510296790620635,4.120838562208795
0.6160000000000004,1.1823945621415015,2.2745104233265057,1.0,0.2681658947912972,3.857228653680109,4.125394548471406
0.6180000000000004,1.1869365851244864,2.2675044665052817,1.0,0.2665164275688161,3.8634201440414726,4.129936571610289
0.6200000000000004,1.1914645478653485,2.2604502963399686,1.0,0.2648607502816847,3.869603784225225,4.134464534506909
0.6220000000000004,1.1959783546272067,2.253348602128291,1.0,0.2631991297319515,3.875779211692408,4.13897834142436
0.6240000000000004,1.2004779110486952,2.2462000700758122,1.0,0.26153183068092617,3.881946067320321,4.143477898001247
0.6260000000000004,1.2049631241377068,2.239005383223488,1.0,0.2598591158101811,3.888103995435256,4.147963111245438
0.6280000000000004,1.2094339022649923,2.2317652213767296,1.0,0.2581812456839378,3.894252643843718,4.152433889527656
0.6300000000000004,1.2138901551576198,2.224480261035965,1.0,0.2564984787128325,3.9003916638621114,4.156890142574944
0.6320000000000005,1.2183317938922964,2.2171511753287065,1.0,0.25481107111904555,3.906520710344939,4.161331781463985
0.6340000000000005,1.2227587308885561,2.2097786339431154,1.0,0.2531192769027919,3.9126394417114945,4.165758718614287
0.6360000000000005,1.2271708799018153,2.2023633030630685,1.0,0.25142334781015696,3.9187475199710837,4.17017086778124
0.6380000000000005,1.2315681560163012,2.194905845304719,1.0,0.24972353330227043,3.9248446107467796,4.17456814404905
0.6400000000000005,1.2359504756378537,2.187406919654552,1.0,0.2480200805258041,3.930930383297728,4.178950463823532
0.6420000000000005,1.2403177564866055,2.1798671814089277,1.0,0.24631323428478547,3.9370045105400084,4.183317744824794
0.6440000000000005,1.2446699175895426,2.1722872821151125,1.0,0.24460323701370962,3.943066669066091,4.1876699060798
0.6460000000000005,1.2490068792729483,2.164667869513788,1.0,0.24289032875194283,3.9491165391628673,4.19200686791481
0.6480000000000005,1.2533285631547342,2.157009587483039,1.0,0.24117474711939985,3.9551538048283126,4.196328551947713
0.6500000000000005,1.2576348921366596,2.1493130759838075,1.0,0.23945672729348422,3.9611781537867605,4.200634881080244
0.6520000000000005,1.2619257903964443,2.141578971006814,1.0,0.23773650198727564,3.967189277502831,4.2049257794901065
0.6540000000000005,1.2662011833797762,2.1338079045209355,1.0,0.23601430142895222,3.9731868711940104,4.209201172622962
0.6560000000000005,1.2704609977922172,2.126000504423033,1.0,0.2342903533424321,3.9791706338419233,4.213460987184355
0.6580000000000005,1.27470516159101,2.1181573944892236,1.0,0.2325648829292182,3.985140268202288,4.217705151131506
0.6600000000000005,1.2789336039767898,2.1102791943275867,1.0,0.23083811285143302,3.991095480813596,4.221933593665029
0.6620000000000005,1.2831462553852007,2.102366519332299,1.0,0.22911026321602612,3.997035982004525,4.226146245220551
0.6640000000000005,1.2873430474784247,2.094419980639185,1.0,0.22738155156014034,4.0029614859000935,4.2303430374602335
0.6660000000000005,1.291523913136621,2.086440185082683,1.0,0.2256521928376172,4.008871710426599,4.234523903264217
0.6680000000000005,1.2956887864492816,2.0784277351542038,1.0,0.22392239940662975,4.014766377315344,4.238688776721974
0.6700000000000005,1.2998376027065044,2.070383228961886,1.0,0.22219238101842234,4.020645212105163,4.2428375931235855
0.6720000000000005,1.303970298390188,2.0623072601917296,1.0,0.2204623448071418,4.026507944143789,4.246970288950931
0.6740000000000005,1.3080868111651491,2.0542004180700997,1.0,0.21873249528074432,4.032354306588068,4.251086801868812
0.6760000000000005,1.3121870798701678,2.0460632873275904,1.0,0.21700303431295787,4.038184036403033,4.255187070715991
0.6780000000000005,1.3162710445089603,2.0378964481642363,1.0,0.21527416113628578,4.043996874359881,4.259271035496167
0.6800000000000005,1.3203386462410842,2.029700476216062,1.0,0.21354607233603248,4.049792565032848,4.26333863736888
0.6820000000000005,1.3243898273727785,2.0214759425229576,1.0,0.21181896184533244,4.055570856795026,4.267389818640359
0.6840000000000005,1.3284245313477399,2.0132234134978653,1.0,0.21009302094116727,4.061331501813112,4.2714245227542795
0.6860000000000005,1.3324427027378394,2.0049434508972714,1.0,0.20836843824135132,4.067074256041148,4.2754426942825
0.6880000000000005,1.3364442872337807,1.996636611792985,1.0,0.20664539970246656,4.072798879213242,4.279444278915709
0.6900000000000005,1.3404292316357043,1.9883034485451938,1.0,0.2049240886187323,4.078505134835303,4.283429223454035
0.6920000000000005,1.3443974838437374,1.9799445087767837,1.0,0.20320468562178726,4.084192790175802,4.287397475797589
0.6940000000000005,1.3483489928484957,1.9715603353489095,1.0,0.2014873686813687,4.0898616162556065,4.291348984936975
0.6960000000000005,1.3522837087215358,1.9631514663378018,1.0,0.19977231310686902,4.095511387836868,4.295283700943736
0.6980000000000005,1.3562015826057634,1.9547184350127984,1.0,0.19805969154975134,4.101141883411016,4.299201574960767
0.7000000000000005,1.3601025667057989,1.9462617698155866,1.0,0.19634967400680714,4.106752885185867,4.303102559192674
0.7020000000000005,1.3639866142783015,1.93778199434064,1.0,0.19464242782423516,4.1123441790718696,4.306986606896105
0.7040000000000005,1.3678536796222571,1.929279627316839,1.0,0.19293811770252584,4.11791555466751,4.310853672370036
0.7060000000000005,1.3717037180692293,1.9207551825902593,1.0,0.19123690570213014,4.123466805243888,4.314703710946018
0.7080000000000005,1.3755366859735776,1.9122091691081127,1.0,0.18953895124989772,4.128997727728503,4.3185366789784005
0.7100000000000005,1.3793525407026441,1.9036420909038287,1.0,0.18784441114626246,4.134508122688255,4.3223525338345175
0.7120000000000005,1.383151240626913,1.8950544470832604,1.0,0.18615343957316033,4.139997794311681,4.326151233884841
0.7140000000000005,1.3869327451101416,1.8864467318119995,1.0,0.18446618810265883,4.14546655039046,4.329932738493119
0.7160000000000005,1.3906970144994686,1.877819434303787,1.0,0.18278280570628205,4.150914202300201,4.3336970080064825
0.7180000000000005,1.3944440101154991,1.8691730388100043,1.0,0.18110343876501167,4.156340564980515,4.337444003745526
0.7200000000000005,1.398173694242371,1.8605080246102284,1.0,0.1794282310799462,4.161745456914436,4.341173687994382
0.7220000000000005,1.4018860301178024,1.851824866003838,1.0,0.17775732388360146,4.167128700107158,4.344886023990759
0.7240000000000005,1.4055809819231238,1.843124032302655,1.0,0.17609085585183368,4.172490120064147,4.34858097591598
0.7260000000000005,1.4092585147732961,1.8344059878246026,1.0,0.17442896311636705,4.177829545768632,4.352258508884999
0.7280000000000005,1.412918594706918,1.8256711918883717,1.0,0.17277177927790988,4.183146809658497,4.355918588936407
0.7300000000000005,1.4165611886762226,1.816920098809073,1.0,0.17111943541984004,4.1884417476025915,4.359561183022431
0.7320000000000005,1.4201862645370664,1.808153157894864,1.0,0.1694720601224438,4.193714198876479,4.3631862589989225
0.7340000000000005,1.4237937910389136,1.7993708134445339,1.0,0.16782977947768946,4.1989640061376505,4.36679378561534
0.7360000000000005,1.4273837378148149,1.7905735047460312,1.0,0.16619271710452047,4.204191015400206,4.370383732504727
0.7380000000000005,1.430956075371386,1.781761666075918,1.0,0.16456099416464962,4.209395076009044,4.373956070173694
0.7400000000000005,1.434510775078784,1.7729357266997356,1.0,0.1629347293788383,4.214576040613557,4.377510769992395
0.7420000000000005,1.4380478091606876,1.7640961108732687,1.0,0.16131403904364439,4.219733765140858,4.381047804184503
0.7440000000000005,1.4415671506842787,1.7552432378446863,1.0,0.159699037048622,4.2248681087685735,4.384567145817195
0.7460000000000006,1.4450687735502303,1.7463775218575515,1.0,0.1580898348939569,4.229978933897185,4.388068768791142
0.7480000000000006,1.4485526524827015,1.7374993721546785,1.0,0.15648654170852214,4.235066106121978,4.391552647830499
0.7500000000000006,1.4520187630193395,1.7286091929828264,1.0,0.15488926426833685,4.240129494204574,4.395018758472911
0.7520000000000006,1.455467081501294,1.7197073835982093,1.0,0.15329810701541385,4.245168970044109,4.3984670770595224
0.7540000000000006,1.4588975850632415,1.7107943382728117,1.0,0.15171317207698048,4.250184408648027,4.401897580725008
0.7560000000000006,1.462310251623424,1.701870446301492,1.0,0.15013455928505554,4.255175688102552,4.405310247387607
0.7580000000000006,1.4657050598737031,1.6929360920098586,1.0,0.14856236619636978,4.260142689542812,4.4087050557391825
0.7600000000000006,1.4690819892696292,1.6839916547629044,1.0,0.1469966881126139,4.2650852971226625,4.412081985235276
0.7620000000000006,1.4724410200205296,1.6750375089743832,1.0,0.14543761810099884,4.270003397984222,4.415441016085221
0.7640000000000006,1.4757821330796164,1.6660740241169145,1.0,0.14388524701511549,4.274896882227107,4.4187821292422225
0.7660000000000006,1.4791053101341147,1.6571015647328005,1.0,0.1423396635160771,4.279765642877431,4.422105306393508
0.7680000000000006,1.4824105335954139,1.6481204904455402,1.0,0.1408009540939335,4.284609575856532,4.425410529950465
0.7700000000000006,1.485697786589241,1.6391311559720276,1.0,0.13926920308934082,4.28942857994948,4.42869778303882
0.7720000000000006,1.4889670529458612,1.6301339111354174,1.0,0.13774449271547398,4.294222556773366,4.43196704948884
0.7740000000000006,1.4922183171903034,1.621129100878643,1.0,0.13622690308016921,4.298991410745382,4.435218313825551
0.7760000000000006,1.495451564532614,1.6121170652785752,1.0,0.13471651220828187,4.303735049050719,4.438451561259001
0.7780000000000006,1.4986667808581395,1.6030981395608035,1.0,0.13321339606424898,4.308453381610288,4.441666777674538
0.7800000000000006,1.5018639527178386,1.594072654115028,1.0,0.13171762857484123,4.313146321048277,4.444863949623119
0.7820000000000006,1.505043067318627,1.5850409345110479,1.0,0.13022928165209363,4.31781378265957,4.448043064311664
0.7840000000000006,1.508204112513754,1.5760033015153292,1.0,0.12874842521640245,4.322455684377018,4.45120410959342
0.7860000000000006,1.5113470767932127,1.5669600711081422,1.0,0.12727512721977605,4.3270719467386085,4.454347073958385
0.7880000000000006,1.514471949274185,1.557911554501251,1.0,0.12580945366922724,4.331662492854513,4.45747194652374
0.7900000000000006,1.5175787196915231,1.5488580581561433,1.0,0.1243514686502974,4.336227248374044,4.460578717024341
0.7920000000000006,1.5206673783882678,1.5397998838027864,1.0,0.12290123435069915,4.340766141452532,4.463667375803231
0.7940000000000006,1.523737916306204,1.5307373284588952,1.0,0.1214588110840676,4.345279102718127,4.466737913802195
0.7960000000000006,1.526790324976456,1.5216706844496992,1.0,0.12002425731380884,4.349766065238553,4.469790322552361
0.7980000000000006,1.5298245965101236,1.5126002394281957,1.0,0.11859762967703522,4.354226964487798,4.472824594164833
0.8000000000000006,1.5328407235889567,1.503526276395875,1.0,0.11717898300857749,4.358661738312784,4.475840721321362
0.8020000000000006,1.535838699456075,1.494449073723906,1.0,0.11576837036506228,4.363070326900008,4.47883869726507
0.8040000000000006,1.5388185179067282,1.4853689051747674,1.0,0.11436584304904651,4.367452672742166,4.481818515791213
0.8060000000000006,1.5417801732790999,1.4762860399243136,1.0,0.11297145063319816,4.371808720604777,4.484780171237976
0.8080000000000006,1.5447236604451584,1.467200742584262,1.0,0.11158524098451383,4.376138417492816,4.48772365847733
0.8100000000000006,1.5476489748015496,1.4581132732250879,1.0,0.11020726028856472,4.380441712617362,4.490648972905927
0.8120000000000006,1.5505561122605391,1.4490238873993182,1.0,0.1088375530737607,4.384718557362274,4.493556110436034
0.8140000000000006,1.553445069240999,1.4399328361652073,1.0,0.10747616223562449,4.388968905250906,4.496445067486531
0.8160000000000006,1.5563158426594432,1.4308403661107871,1.0,0.10612312906106756,4.393192711912865,4.4993158409739324
0.8180000000000006,1.5591684299211128,1.421746719378277,1.0,0.10477849325265846,4.3973899350508265,4.502168428303485
0.8200000000000006,1.5620028289111072,1.4126521336888416,1.0,0.10344229295287621,4.401560534407418,4.505002827360294
0.8220000000000006,1.5648190379855684,1.403556842367688,1.0,0.10211456476834033,4.405704471732164,4.5078190365005035
0.8240000000000006,1.567617055962914,1.394461074369488,1.0,0.1007953437940103,4.409821710748529,4.510617054542539
0.8260000000000006,1.5703968821151215,1.3853650543041143,1.0,0.09948466363734636,4.413912217121036,4.513396880758382
0.8280000000000006,1.5731585161590655,1.3762690024626814,1.0,0.09818255644242466,4.417975958422486,4.516158514864911
0.8300000000000006,1.575901958247906,1.3671731348438787,1.0,0.0968890529139995,4.422012904101291,4.518901957015291
0.8320000000000006,1.5786272089625293,1.3580776631805869,1.0,0.09560418234150604,4.4260230254489095,4.521627207790416
0.8340000000000006,1.581334269303045,1.3489827949667637,1.0,0.09432797262299632,4.430006295567401,4.5243342681903975
0.8360000000000006,1.5840231406803338,1.3398887334845926,1.0,0.09306045028900277,4.433962689337123,4.527023139626126
0.8380000000000006,1.5866938249076519,1.3307956778318808,1.0,0.09180164052632218,4.437892183384538,4.52969382391086
0.8400000000000006,1.5893463241922896,1.3217038229496993,1.0,0.0905515672017145,4.441794756050183,4.532346323251898
0.8420000000000006,1.5919806411272863,1.312613359650253,1.0,0.08931025288551038,4.445670387356773,4.534980640242283
0.8440000000000006,1.5945967786831998,1.303524474644971,1.0,0.08807771887512233,4.449519058977459,4.537596777852581
0.8460000000000006,1.5971947401999338,1.2944373505728097,1.0,0.08685398521845257,4.453340754204249,4.540194739422701
0.8480000000000006,1.5997745293786212,1.2853521660287575,1.0,0.08563907073719369,4.457135457916587,4.542774528653781
0.8500000000000006,1.6023361502735647,1.2762690955925309,1.0,0.08443299305001668,4.460903156550116,4.545336149600133
0.8520000000000006,1.6048796072842353,1.2671883098574557,1.0,0.08323576859564058,4.46464383806559,4.547879606661231
0.8540000000000006,1.6074049051473283,1.2581099754595215,1.0,0.08204741265577965,4.468357491917998,4.550404904573778
0.8560000000000006,1.609912048928878,1.2490342551066034,1.0,0.08086793937796341,4.472044109025851,4.552912048403814
0.8580000000000007,1.6124010440164314,1.2399613076078386,1.0,0.07969736179822501,4.4757036817406695,4.555401043538894
0.8600000000000007,1.6148718961112787,1.2308912879031544,1.0,0.07853569186365358,4.479336203816662,4.557871895680316
0.8620000000000007,1.617324611220746,1.2218243470929337,1.0,0.07738294045480643,4.482941670380604,4.56032461083541
0.8640000000000007,1.6197591956505453,1.2127606324678153,1.0,0.07623911740797747,4.486520077901919,4.562759195309897
0.8660000000000007,1.6221756559971852,1.2037002875386162,1.0,0.07510423153731781,4.490071424162972,4.56517565570029
0.8680000000000007,1.6245739991404409,1.194643452066372,1.0,0.07397829065680515,4.493595708229568,4.567573998886373
0.8700000000000007,1.6269542322358852,1.1855902620924845,1.0,0.0728613016020578,4.497092930421669,4.5699542320237265
0.8720000000000007,1.6293163627074791,1.1765408499689713,1.0,0.07175327025199156,4.500563092284326,4.572316362536317
0.8740000000000007,1.6316603982402238,1.1674953443888092,1.0,0.07065420155031425,4.50400619655884,4.574660398109154
0.8760000000000007,1.6339863467728724,1.158453870416364,1.0,0.06956409952685695,4.507422247154139,4.576986346680996
0.8780000000000007,1.636294216490704,1.1494165495178998,1.0,0.06848296731873747,4.510811249118394,4.579294216437131
0.8800000000000007,1.638584015818357,1.1403834995921611,1.0,0.06741080719135428,4.514173208610849,4.581584015802203
0.8820000000000007,1.640855753412726,1.1313548350010207,1.0,0.06634762055920802,4.517508132873909,4.583855753433117
0.8840000000000007,1.6431094381559173,1.1223306666001873,1.0,0.06529340800654804,4.5208160302054345,4.586109438211983
0.8860000000000007,1.6453450791482689,1.113311101769965,1.0,0.06424816930784207,4.524096909931306,4.588345079239149
0.8880000000000007,1.647562685701429,1.1042962444460607,1.0,0.06321190344806613,4.5273507823782015,4.590562685826268
0.8900000000000007,1.6497622673314987,1.095286195150431,1.0,0.062184608642813596,4.530577658846638,4.5927622674894515
0.8920000000000007,1.6519438337522347,1.086281051022164,1.0,0.06116628235822057,4.53377755158424,4.594943833942461
0.8940000000000007,1.6541073948683152,1.0772809058483908,1.0,0.0601569213307064,4.536950473759278,4.597107395089984
0.8960000000000007,1.656252960768666,1.0682858500952164,1.0,0.0591565215865274,4.540096439434425,4.5992529610209525
0.8980000000000007,1.6583805417198503,1.0592959709386727,1.0,0.05816507846114216,4.543215463540797,4.601380542001939
0.9000000000000007,1.6604901481595187,1.0503113522956802,1.0,0.0571825866183872,4.5463075618522115,4.603490148470598
0.9020000000000007,1.6625817906899225,1.0413320748550179,1.0,0.056209040069461445,4.549372750959733,4.605581791029194
0.9040000000000007,1.6646554800714886,1.0323582161082938,1.0,0.05524443219171843,4.552411048246439,4.607655480438157
0.9060000000000007,1.666711227216455,1.0233898503809131,1.0,0.05428875574726503,4.555422471862469,4.6097112276097345
0.9080000000000007,1.6687490431825707,1.0144270488630376,1.0,0.05334200290136559,4.558407040700316,4.611749043601682
0.9100000000000007,1.6707689391668552,1.0054698796405315,1.0,0.052404165240650974,4.561364774370376,4.613768939611027
0.9120000000000007,1.6727709264994215,0.9965184077258913,1.0,0.05147523379113099,4.56429569317676,4.615770926967891
0.9140000000000007,1.67475501663736,0.9875726950891522,1.0,0.05055519903601014,4.56719981809336,4.61775501712937
0.9160000000000007,1.6767212211586842,0.9786328006887692,1.0,0.049644050933305865,4.570077170740182,4.619721221673489
0.9180000000000007,1.6786695517563388,0.9696987805024669,1.0,0.048741778933268254,4.572927773359926,4.621669552293195
0.9200000000000007,1.6806000202322688,0.9607706875580557,1.0,0.04784837199560167,4.575751648794843,4.623600020790445
0.9220000000000007,1.6825126384915507,0.9518485719642088,1.0,0.04696381860648713,4.578548820463833,4.625512639070321
0.9240000000000007,1.6844074185365847,0.9429324809411975,1.0,0.04608810679540537,4.581319312339826,4.627407419135231
0.9260000000000007,1.6862843724613485,0.9340224588515805,1.0,0.04522122415176076,4.5840631489274015,4.629284373079162
0.9280000000000007,1.6881435124457134,0.9251185472308433,1.0,0.04436315784130536,4.586780355240686,4.631143513081991
0.9300000000000007,1.6899848507498194,0.9162207848179854,1.0,0.04351389462236332,4.589470956781503,4.632984851403867
0.9320000000000007,1.691808399708514,0.9073292075860507,1.0,0.04267342086185583,4.5921349795177875,4.634808400379644
0.9340000000000007,1.69361417172585,0.8984438487725992,1.0,0.04184172255112642,4.594772449862256,4.636614172413382
0.9360000000000007,1.6954021792696448,0.8895647389101154,1.0,0.04101878532156664,4.597383394651342,4.638402179972908
0.9380000000000007,1.6971724348661017,0.8806919058563525,1.0,0.040204594460042944,4.599967841124388,4.640172435584431
0.9400000000000007,1.6989249510944895,0.8718253748246066,1.0,0.03939913492412434,4.602525816903104,4.641924951827229
0.9420000000000007,1.7006597405818846,0.8629651684139223,1.0,0.03860239135711154,4.605057349971273,4.643659741328384
0.9440000000000007,1.7023768159979722,0.8541113066392223,1.0,0.03781434810286802,4.607562468654723,4.645376816757591
0.9460000000000007,1.7040761900499082,0.8452638069613625,1.0,0.037034989220453285,4.610041201601558,4.647076190822012
0.9480000000000007,1.7057578754772413,0.8364226843171081,1.0,0.036264298498558924,4.612493577762645,4.648757876261204
0.9500000000000007,1.7074218850468945,0.827587951149029,1.0,0.03550225946974794,4.614919626372348,4.650421885842096
0.9520000000000007,1.7090682315482066,0.8187596174353122,1.0,0.034748855424498265,4.6173193769295375,4.652068232354035
0.9540000000000007,1.710696927788033,0.8099376907194888,1.0,0.03400406942505054,4.619692859178835,4.653696928603886
0.9560000000000007,1.7123079865859068,0.8011221761400749,1.0,0.03326788431906159,4.622040103092124,4.655307987411186
0.9580000000000007,1.713901420769257,0.7923130764601222,1.0,0.03254028275306365,4.624361138850311,4.656901421603375
0.9600000000000007,1.715477243168688,0.7835103920966793,1.0,0.0318212471857307,4.626655996825331,4.658477244011062
0.9620000000000007,1.717035466613317,0.7747141211501598,1.0,0.03111075990095232,4.62892470756242,4.660035467463372
0.9640000000000007,1.7185761039261698,0.7659242594336164,1.0,0.03040880302071626,4.631167301762624,4.66157610478334
0.9660000000000007,1.7200991679196351,0.7571408005019199,1.0,0.029715358517800262,4.633383810265559,4.663099168783359
0.9680000000000007,1.7216046713909776,0.7483637356808409,1.0,0.029030408228274622,4.63557426403243,4.664604672260705
0.9700000000000008,1.7230926271179083,0.7395930540960338,1.0,0.028353933863815812,4.637738694129277,4.666092627993093
0.9720000000000008,1.7245630478542135,0.730828742701921,1.0,0.02768591702383272,4.639877131710485,4.667563048734318
0.9740000000000008,1.7260159463254416,0.7220707863104764,1.0,0.027026339207406255,4.641989608002529,4.669015947209935
0.9760000000000008,1.727451335224646,0.7133191676199078,1.0,0.026375181825043382,4.644076154287962,4.670451336113006
0.9780000000000008,1.7288692272081863,0.7045738672432363,1.0,0.02573242621024688,4.646136801889649,4.671869228099896
0.9800000000000008,1.7302696348915871,0.6958348637367726,1.0,0.02509805363090173,4.648171582155236,4.673269635786137
0.9820000000000008,1.7316525708454527,0.6871021336284885,1.0,0.024472045300479247,4.650180526441862,4.6746525717423415
0.9840000000000008,1.7330180475914383,0.6783756514462841,1.0,0.02385438238906042,4.652163666101111,4.676018048490171
0.9860000000000008,1.7343660775982783,0.669655389746149,1.0,0.023245046034179262,4.6541210324641895,4.677366078498369
0.9880000000000008,1.7356966732778707,0.6609413191402174,1.0,0.022644017351487637,4.65605265682735,4.678696674178838
0.9900000000000008,1.737009846981417,0.6522334083247164,1.0,0.02205127744524256,4.657958570437543,4.680009847882785
0.9920000000000008,1.7383056109956188,0.643531624107808,1.0,0.02146680741861748,4.659838804478306,4.681305611896923
0.9940000000000008,1.7395839775389286,0.6348359314373221,1.0,0.02089058838383855,4.661693390055871,4.682583978439709
0.9960000000000008,1.7408449587578576,0.6261462934283842,1.0,0.020322601472147154,4.663522358185515,4.683844959657662
0.9980000000000008,1.7420885667233375,0.617462671390933,1.0,0.019762827843590177,4.665325739778131,4.6850885676217215
1.0000000000000007,1.7433148134271375,0.6087850248571313,1.0,0.019211248696639045,4.667103565627022,4.68631481432366
1.0020000000000007,1.7445237107783358,0.6001133116086687,1.0,0.018667845277638973,4.668855866394927,4.687523711672566
1.0040000000000007,1.7457152705998467,0.5914474877039562,1.0,0.01813259889008969,4.670582672601269,4.688715271491359
1.0060000000000007,1.7468895046250004,0.5827875075052129,1.0,0.01760549090375886,4.672284014609619,4.689889505513378
1.0080000000000007,1.7480464244941776,0.5741333237054449,1.0,0.017086502763629698,4.673959922615377,4.691046425379007
1.0100000000000007,1.7491860417514984,0.5654848873553169,1.0,0.016575615998683853,4.675610426633692,4.692186042632375
1.0120000000000007,1.7503083678415645,0.5568421478899159,1.0,0.016072812230521046,4.677235556487569,4.693308368718091
1.0140000000000007,1.7514134141062538,0.5482050531554091,1.0,0.01557807318181679,4.678835341796221,4.694413414978038
1.0160000000000007,1.7525011917815703,0.5395735494355939,1.0,0.015091380684619333,4.680409811963608,4.695501192648227
1.0180000000000007,1.7535717119945449,0.5309475814783426,1.0,0.014612716688487362,4.681958996167211,4.6965717128556985
1.0200000000000007,1.7546249857601905,0.5223270925219419,1.0,0.014142063268469627,4.683482923346997,4.697624986615466
1.0220000000000007,1.7556610239785089,0.513712024321326,1.0,0.013679402632927924,4.6849816221946154,4.698661024827543
1.0240000000000007,1.7566798374315498,0.5051023171742066,1.0,0.013224717131204596,4.68645512114278,4.699679838273984
1.0260000000000007,1.7576814367805231,0.4964979099470987,1.0,0.012777989261135997,4.687903448354869,4.700681437616005
1.0280000000000007,1.7586658325629623,0.4878987401012431,1.0,0.012339201676413239,4.689326631714734,4.701665833391147
1.0300000000000007,1.7596330351899394,0.47930474371842724,1.0,0.011908337193791294,4.690724698816696,4.7026330360104875
1.0320000000000007,1.7605830549433321,0.47071585552670403,1.0,0.01148537880014809,4.692097676955762,4.70358305575591
1.0340000000000007,1.7615159019731417,0.4621320089260106,1.0,0.011070309659394541,4.69344559311803,4.704515902777424
1.0360000000000007,1.7624315862948625,0.4535531360136872,1.0,0.010663113119237056,4.694768473971292,4.705431587090529
1.0380000000000007,1.763330117786902,0.4449791676098976,1.0,0.010263772717793591,4.696066345855846,4.70633011857364
1.0400000000000007,1.7642115061880526,0.4364100332829516,1.0,0.009872272190064655,4.697339234775489,4.707211506965554
1.0420000000000007,1.7650757610950114,0.4278456613745313,1.0,0.009488595474260387,4.698587166388714,4.7080757618629745
1.0440000000000007,1.7659228919599543,0.41928597902482156,1.0,0.009112726717985067,4.699810166000101,4.708922892718086
1.0460000000000007,1.7667529080881563,0.4107309121975466,1.0,0.008744650284280125,4.701008258551886,4.709752908836166
1.0480000000000007,1.7675658186356642,0.40218038570491277,1.0,0.00838435075752701,4.702181468615744,4.710565819373271
1.0500000000000007,1.7683616326070186,0.3936343232324601,1.0,0.008031812949210999,4.7033298203847345,4.711361633333945
1.0520000000000007,1.7691403588530252,0.38509264736382276,1.0,0.007687021903547207,4.704453337665456,4.712140359569003
1.0540000000000007,1.7699020060685753,0.37655527960540036,1.0,0.007349962902969895,4.7055520438703695,4.71290200677334
1.0560000000000007,1.7706465827905167,0.36802214041094117,1.0,0.007020621473486272,4.706625962010323,4.7136465834838095
1.0580000000000007,1.771374097395572,0.3594931492060387,1.0,0.006698983389895898,4.707675114687245,4.7143740980771405
1.0600000000000007,1.7720845580983078,0.3509682244125433,1.0,0.006385034680876829,4.70869952408703,4.715084558767907
1.0620000000000007,1.7727779729491502,0.3424472834728895,1.0,0.0060787616339395695,4.709699211972601,4.71577797360654
1.0640000000000007,1.7734543498324513,0.33393024287434164,1.0,0.005780150800249939,4.71067419967715,4.716454350477401
1.0660000000000007,1.774113696464603,0.3254170181731583,1.0,0.005489188999321901,4.711624508097559,4.717113697096881
1.0680000000000007,1.7747560203921984,0.31690752401867783,1.0,0.005205863323581427,4.712550157688002,4.717756021011583
1.0700000000000007,1.7753813289902425,0.30840167417732584,1.0,0.004930161142802353,4.713451168453717,4.718381329596519
1.0720000000000007,1.77598962946041,0.299899381556547,1.0,0.004662070108415312,4.7143275599449534,4.718989630053369
1.0740000000000007,1.776580928829352,0.29140055822866223,1.0,0.004401578157690687,4.715179351251097,4.719580929408787
1.0760000000000007,1.777155233947048,0.2829051154546534,1.0,0.004148673517796508,4.716006560994966,4.720155234512763
1.0780000000000007,1.7777125514852088,0.27441296370787654,1.0,0.0039033447097323428,4.7168092073272785,4.720712552037011
1.0800000000000007,1.7782528879357233,0.2659240126977061,1.0,0.0036655805521399777,4.717587307921285,4.721252888473425
1.0820000000000007,1.7787762496091555,0.2574381713931115,1.0,0.003435370164991866,4.718340879967584,4.721776250132575
1.0840000000000007,1.7792826426332857,0.24895534804616762,1.0,0.0032127029731582094,4.719069940169091,4.7222826431422495
1.0860000000000007,1.779772072951702,0.24047545021550168,1.0,0.002997568709853472,4.719774504736187,4.72277207344604
1.0880000000000007,1.7802445463224348,0.23199838478967752,1.0,0.0027899574199632357,4.720454589382022,4.723244546801984
1.0900000000000007,1.7807000683166416,0.22352405801051967,1.0,0.002589859463252145,4.721110209317993,4.723700068781245
1.0920000000000007,1.781138644317336,0.21505237549637876,1.0,0.0023972655174537374,4.721741379249386,4.72413864476684
1.0940000000000007,1.7815602795181644,0.20658324226534044,1.0,0.0022121665812429208,4.722348113371179,4.7245602799524224
1.0960000000000008,1.781964978922228,0.19811656275837936,1.0,0.0020345539770918364,4.722930425364008,4.7249649793411
1.0980000000000008,1.7823527473409526,0.18965224086246038,1.0,0.0018644193540097989,4.723488328390293,4.725352747744303
1.1000000000000008,1.7827235893930027,0.18119017993358894,1.0,0.0017017546901680163,4.724021835090534,4.725723589780702
1.1020000000000008,1.7830775095032432,0.17273028281981226,1.0,0.0015465522954097252,4.724530957579758,4.726077509875168
1.1040000000000008,1.7834145119017462,0.16427245188417375,1.0,0.0013988048136463972,4.725015707444132,4.726414512257778
1.1060000000000008,1.783734600622844,0.15581658902762235,1.0,0.0012585052251406017,4.725476095737728,4.726734600962869
1.1080000000000008,1.7840377795042281,0.14736259571187876,1.0,0.0011256468486761208,4.725912132979465,4.727037779828141
1.1100000000000008,1.7843240521860928,0.13891037298226078,1.0,0.0010002233436158592,4.726323829150176,4.727324052493792
1.1120000000000008,1.7845934221103255,0.13045982149046964,1.0,0.0008822287118480835,4.726711193689866,4.727593422401714
1.1140000000000008,1.7848458925197428,0.1220108415173394,1.0,0.0007716572996214889,4.727074235495109,4.72784589279473
1.1160000000000008,1.7850814664573709,0.11356333299555142,1.0,0.0006685037992695645,4.727412962916603,4.728081466715873
1.1180000000000008,1.7853001467657719,0.1051171955323161,1.0,0.0005727632508247089,4.727727383756884,4.728300147007708
1.1200000000000008,1.785501936086416,0.09667232843202381,1.0,0.00048443104352251243,4.728017505268191,4.728501936311714
1.1220000000000008,1.7856868368590981,0.08822863071886713,1.0,0.0004035029171965986,4.728283334150492,4.728686837067689
1.1240000000000008,1.7858548513214,0.07978600115943664,1.0,0.00032997496356438716,4.728524876549657,4.728854851513222
1.1260000000000008,1.7860059815081983,0.07134433828529212,1.0,0.000263843627404121,4.728742138055789,4.729005981683192
1.1280000000000008,1.7861402292512158,0.06290354041551144,1.0,0.00020510570762346159,4.728935123701708,4.729140229409332
1.1300000000000008,1.7862575961786205,0.05446350567921924,1.0,0.00015375835821993436,4.729103837961592,4.729257596319812
1.1320000000000008,1.7863580837146666,0.04602413203809746,1.0,0.00010979908913347951,4.729248284749759,4.729358083838893
1.1340000000000008,1.7864416930793838,0.03758531730887987,1.0,7.322576699133231e-05,4.729368467419617,4.729441693186608
1.1360000000000008,1.7865084252883088,0.029146959185832787,1.0,4.403661574542889e-05,4.729464388762757,4.729508425378502
1.1380000000000008,1.786558281152263,0.020708955263224055,1.0,2.2230217202508745e-05,4.7295360510082,4.729558281225402
1.1400000000000008,1.7865912612771746,0.01227120305778246,1.0,7.805511447052207e-06,4.729583455821793,4.72959126133324
1.1420000000000008,1.7866073660639474,0.003833600031149709,1.0,7.617971571666253e-07,4.729606604305768,4.7296073661029245
1.1440000000000008,1.7866065957083714,-0.0046039563876728515,1.0,1.0987318135045227e-06,4.729605496998441,4.729606595730254
1.1460000000000008,1.7865889502010808,-0.013041568779880653,1.0,8.816331801269521e-06,4.729580133874065,4.729588950205867
1.1480000000000008,1.786554429327556,-0.021479339714423305,1.0,2.3914972405336955e-05,4.729530514342841,4.729554429315246
1.1500000000000008,1.7865030326681703,-0.02991737172556081,1.0,4.639538769848803e-05,4.729456637251076,4.729503032638775
1.1520000000000008,1.7864347595982824,-0.038355767290416475,1.0,7.625867032272773e-05,4.729358500881491,4.729434759551814
1.1540000000000008,1.7863496092883717,-0.04679462880652432,1.0,0.00011350627116362844,4.729236102953688,4.729349609224851
1.1560000000000008,1.7862475807042217,-0.055234058569368874,1.0,0.00015813999891761254,4.7290894406247554,4.729247580623673
1.1580000000000008,1.7861286726071453,-0.06367415874991524,1.0,0.00021016201955205958,4.728918510490047,4.729128672509599
1.1600000000000008,1.7859928835542564,-0.07211503137212716,1.0,0.0002695748556580944,4.72872330858409,4.728992883439749
1.1620000000000008,1.7858402118987875,-0.0805567782904712,1.0,0.00033638138569588475,4.728503830381663,4.728840211767359
1.1640000000000008,1.7856706557904498,-0.08899950116740453,1.0,0.00041058484313225046,4.728260070799015,4.728670655642148
1.1660000000000008,1.7854842131758406,-0.09744330145084458,1.0,0.0004921888154703515,4.727992024195248,4.728484213010718
1.1680000000000008,1.7852808817988948,-0.1058882803516182,1.0,0.0005811972431712061,4.727699684373837,4.7282808816170085
1.1700000000000008,1.7850606592013811,-0.1143345388208882,1.0,0.0006776144184667517,4.727383044584328,4.728060659002795
1.1720000000000008,1.784823542723445,-0.12278217752755538,1.0,0.0007814449840641314,4.727042097524163,4.727823542508227
1.1740000000000008,1.7845695295041946,-0.13123129683563364,1.0,0.0008926939317408799,4.72667683534068,4.7275695292724205
1.1760000000000008,1.7842986164823345,-0.13968199678159637,1.0,0.0010113666008306282,4.726287249633252,4.727298616234083
1.1780000000000008,1.7840108003968422,-0.1481343770516918,1.0,0.0011374686765989396,4.725873331455601,4.7270108001321995
1.1800000000000008,1.7837060777876923,-0.15658853695922545,1.0,0.0012710061885088557,4.725435071318239,4.726706077506749
1.1820000000000008,1.7833844449966243,-0.16504457542180742,1.0,0.0014119855083757004,4.724972459191101,4.726384444699477
1.1840000000000008,1.7830458981679573,-0.17350259093856257,1.0,0.001560413348410665,4.724485484506297,4.726045897854708
1.1860000000000008,1.7826904332494498,-0.18196268156730155,1.0,0.0017162967591526752,4.723974136161053,4.725690432920206
1.1880000000000008,1.7823180459932049,-0.19042494490165074,1.0,0.0018796431272880057,4.7234384025207925,4.725318045648081
1.1900000000000008,1.7819287319566217,-0.19888947804813878,1.0,0.002050460173357094,4.7228782714223785,4.724928731595735
1.1920000000000008,1.7815224865033925,-0.20735637760323813,1.0,0.0022287559493479577,4.722293730177521,4.724522486126869
1.1940000000000008,1.781099304804546,-0.21582573963035934,1.0,0.0024145388361756196,4.721684765576339,4.724099304412515
1.1960000000000008,1.7806591818395363,-0.22429765963679613,1.0,0.002607817541046903,4.721051363891087,4.723659181432134
1.1980000000000008,1.7802021123973781,-0.2327722325506195,1.0,0.0028086010947099265,4.720393510880035,4.723202111974745
1.2000000000000008,1.7797280910778286,-0.24124955269751872,1.0,0.003016898848587634,4.719711191791526,4.722728090640113
1.2020000000000008,1.7792371122926154,-0.24972971377758746,1.0,0.0032327204717946274,4.719004391368175,4.72223711183997
1.2040000000000008,1.778729170266711,-0.258212808842053,1.0,0.0034560759480365814,4.718273093851257,4.721729169799294
1.2060000000000008,1.7782042590396532,-0.2666989302699468,1.0,0.0036869755723914757,4.717517282985237,4.721204258557629
1.2080000000000009,1.777662372466914,-0.27518816974471444,1.0,0.003925429947971858,4.7167369420224805,4.720662371970453
1.2100000000000009,1.7771035042213137,-0.2836806182307633,1.0,0.004171449982467348,4.715932053728124,4.720103503710591
1.2120000000000009,1.776527647794482,-0.2921763659499457,1.0,0.004425046884566499,4.715102600385113,4.71952764726968
1.2140000000000009,1.7759347964983672,-0.3006755023579767,1.0,0.004686232160257252,4.714248563799416,4.718934795959673
1.2160000000000009,1.7753249434667921,-0.3091781161207833,1.0,0.004955017609005014,4.7133699253053924,4.718324942914397
1.2180000000000009,1.7746980816570572,-0.3176842950907848,1.0,0.005231415319807519,4.712466665771356,4.7176980810911635
1.2200000000000009,1.7740542038515914,-0.32619412628310157,1.0,0.005515437667125513,4.711538765605277,4.7170542032724025
1.2220000000000009,1.7733933026596507,-0.33470769585169136,1.0,0.005807097306688365,4.7105862047606895,4.716393302067377
1.2240000000000009,1.772715370519064,-0.3432250890654103,1.0,0.006106407171173581,4.709608962742749,4.715715369913922
1.2260000000000009,1.7720203996980277,-0.3517463902839986,1.0,0.0064133804657593,4.708607018614483,4.715020399080243
1.2280000000000009,1.7713083822969482,-0.36027168293398776,1.0,0.006728030663548693,4.707580351003197,4.714308381666746
1.2300000000000009,1.770579310250332,-0.3688010494845287,1.0,0.007050371500865318,4.706528938107083,4.713579309607948
1.2320000000000009,1.7698331753287246,-0.37733457142313903,1.0,0.007380416972418321,4.705452757701982,4.712833174674401
1.2340000000000009,1.769069969140699,-0.38587232923136777,1.0,0.007718181326336455,4.704351787148343,4.71206996847468
1.2360000000000009,1.7682896831348907,-0.3944144023603762,1.0,0.008063679059069823,4.703226003398361,4.711289682457431
1.2380000000000009,1.7674923086020842,-0.40296086920643354,1.0,0.008416924910158241,4.702075383003281,4.71049230791344
1.2400000000000009,1.7666778366773466,-0.4115118070863254,1.0,0.008777933856865126,4.700899902120919,4.709677835977784
1.2420000000000009,1.7658462583422114,-0.4200672922126748,1.0,0.009146721108675733,4.699699536523326,4.708846257632001
1.2440000000000009,1.7649975644269118,-0.42862739966917307,1.0,0.009523302101658632,4.698474261604674,4.707997563706333
1.2460000000000009,1.7641317456126633,-0.4371922033857204,1.0,0.009907692492689238,4.697224052389307,4.7071317448819965
1.2480000000000009,1.7632487924339961,-0.44576177611347423,1.0,0.010299908153534218,4.695948883539998,4.7062487916935325
1.2500000000000009,1.7623486952811376,-0.45433618939980425,1.0,0.010699965164795577,4.694648729366376,4.705348694531172
1.252000000000001,1.7614314444024455,-0.4629155135631533,1.0,0.011107879809713209,4.693323563833567,4.70443144364328
1.254000000000001,1.76049702990689,-0.47149981766780236,1.0,0.011523668567824715,4.6919733605710086,4.703497029138833
1.256000000000001,1.7595454417665888,-0.48008916949853897,1.0,0.011947348108481241,4.690598092881474,4.7025454409899545
1.258000000000001,1.7585766698193899,-0.4886836355352281,1.0,0.012378935284218047,4.689197733750282,4.7015766690345
1.260000000000001,1.7575907037715082,-0.49728328092728397,1.0,0.012818447123978633,4.687772255854711,4.7005907029786895
1.262000000000001,1.7565875332002114,-0.5058881694680425,1.0,0.013265900826191125,4.686321631573607,4.699587532399798
1.264000000000001,1.7555671475565582,-0.5144983635690328,1.0,0.01372131375169554,4.684845832997194,4.698567146748889
1.266000000000001,1.7545295361681874,-0.5231139242341474,1.0,0.01418470341652091,4.683344831937089,4.69752953535361
1.268000000000001,1.7534746882421595,-0.5317349110337101,1.0,0.014656087484510603,4.681818599936515,4.696474687421026
1.270000000000001,1.7524025928678493,-0.540361382078441,1.0,0.015135483759794928,4.680267108280725,4.695402592040519
1.272000000000001,1.7513132390198918,-0.5489933939933169,1.0,0.015622910179109394,4.678690328007623,4.694313238186733
1.274000000000001,1.7502066155611795,-0.5576310018913286,1.0,0.016118384803957532,4.677088229918606,4.6932066147225635
1.276000000000001,1.7490827112459129,-0.5662742593471315,1.0,0.016621925812616924,4.675460784589602,4.692082710402219
1.278000000000001,1.7479415147227033,-0.5749232183705919,1.0,0.017133551491986955,4.673807962382329,4.690941513874316
1.280000000000001,1.7467830145377297,-0.5835779293802266,1.0,0.017653280229277275,4.672129733455766,4.689783013685044
1.282000000000001,1.7456071991379472,-0.5922384411765356,1.0,0.01818113050353533,4.670426067777825,4.68860719828136
1.284000000000001,1.7444140568743505,-0.6009048009152288,1.0,0.018717120877011925,4.668696935137257,4.687414056014269
1.286000000000001,1.7432035760052897,-0.6095770540803442,1.0,0.01926126998636329,4.6669423051557635,4.686203575142127
1.288000000000001,1.7419757446998416,-0.6182552444572594,1.0,0.019813596533688436,4.665162147300327,4.684975743834015
1.290000000000001,1.7407305510412328,-0.6269394141055948,1.0,0.02037411927740046,4.66335643089577,4.683730550173171
1.292000000000001,1.7394679830303192,-0.6356296033320096,1.0,0.02094285702293052,4.661525125137523,4.682467982160453
1.294000000000001,1.7381880285891198,-0.6443258506628886,1.0,0.021519828613263146,4.659668199104629,4.681188027717892
1.296000000000001,1.736890675564403,-0.6530281928169224,1.0,0.022105052919301618,4.657785621772956,4.679890674692258
1.298000000000001,1.7355759117313307,-0.6617366646775786,1.0,0.02269854883006197,4.655877362028661,4.678575910858723
1.300000000000001,1.7342437247971567,-0.6704512992654658,1.0,0.02330033524269476,4.653943388681852,4.677243723924547
1.302000000000001,1.7328941024049789,-0.6791721277105893,1.0,0.023910431052332714,4.651983670480502,4.675894101532834
1.304000000000001,1.7315270321375493,-0.6878991792245006,1.0,0.024528855141763617,4.649998176124582,4.674527031266345
1.306000000000001,1.7301425015211385,-0.6966324810723384,1.0,0.025155626370926682,4.647986874280429,4.673142500651355
1.308000000000001,1.7287404980294563,-0.7053720585447644,1.0,0.025790763566231608,4.645949733595353,4.671740497161585
1.310000000000001,1.7273210090876294,-0.7141179349297918,1.0,0.0264342855096987,4.643886722712465,4.670321008222164
1.312000000000001,1.7258840220762348,-0.7228701314845093,1.0,0.027086210927919258,4.64179781028576,4.668884021213679
1.314000000000001,1.7244295243353898,-0.7316286674066993,1.0,0.027746558480834668,4.639682964995418,4.667429523476253
1.316000000000001,1.722957503168899,-0.7403935598063527,1.0,0.028415346750333453,4.637542155563366,4.665957502313699
1.318000000000001,1.721467945848459,-0.7491648236770796,1.0,0.02909259422866467,4.635375350769056,4.664467944997721
1.320000000000001,1.719960839617919,-0.7579424718674179,1.0,0.029778319306666988,4.633182519465507,4.6629608387721735
1.322000000000001,1.7184361716976002,-0.7667265150520408,1.0,0.030472540261812103,4.630963630595575,4.661436170857387
1.324000000000001,1.716893929288673,-0.7755169617028627,1.0,0.031175275246061437,4.628718653208477,4.659893928454538
1.326000000000001,1.7153340995775899,-0.7843138180600469,1.0,0.03188654227353522,4.626447556476552,4.658334098750087
1.328000000000001,1.71375666974058,-0.7931170881029146,1.0,0.03260635920799286,4.6241503097122765,4.656756668920269
1.330000000000001,1.7121616269481985,-0.8019267735207576,1.0,0.0333347437501236,4.621826882385524,4.655161626135648
1.332000000000001,1.7105489583699365,-0.8107428736835549,1.0,0.03407171342464654,4.619477244141076,4.6535489575657225
1.334000000000001,1.7089186511788887,-0.8195653856125965,1.0,0.034817285567219323,4.617101364816375,4.651918650383594
1.336000000000001,1.707270692556481,-0.8283943039510138,1.0,0.03557147731115412,4.614699214459542,4.650270691770696
1.338000000000001,1.7056050696972551,-0.8372296209342205,1.0,0.03633430557394075,4.612270763347636,4.648605068921577
1.340000000000001,1.703921769813715,-0.8460713263602639,1.0,0.037105787043575575,4.6098159820051725,4.646921769048748
1.342000000000001,1.7022207801412301,-0.8549194075600903,1.0,0.037885938164695716,4.607334841222893,4.645220779387588
1.344000000000001,1.7005020879430004,-0.8637738493677243,1.0,0.038674775124517786,4.604827312076786,4.643502087201304
1.346000000000001,1.6987656805150795,-0.8726346340903661,1.0,0.03947231383858067,4.602293365947374,4.641765679785955
1.348000000000001,1.697011545191458,-0.8815017414784088,1.0,0.04027856993629134,4.599732974539251,4.640011544475542
1.350000000000001,1.6952396693492082,-0.8903751486953756,1.0,0.0410935587462737,4.597146109900868,4.638239668647142
1.352000000000001,1.6934500404136872,-0.8992548302877832,1.0,0.041917295281519364,4.594532744444602,4.636450039726121
1.354000000000001,1.6916426458638008,-0.9081407581549304,1.0,0.04274979422434045,4.591892850967053,4.634642645191393
1.356000000000001,1.689817473237329,-0.9170329015186169,1.0,0.04359106991112371,4.589226402669621,4.6328174725807445
1.358000000000001,1.687974510136311,-0.9259312268927933,1.0,0.04444113631688558,4.586533373179338,4.630974509496224
1.360000000000001,1.6861137442324914,-0.9348356980531466,1.0,0.04530000703962822,4.583813736569953,4.629113743609581
1.362000000000001,1.6842351632728265,-0.9437462760066233,1.0,0.04616769528449592,4.581067467383285,4.627235162667781
1.364000000000001,1.6823387550850535,-0.9526629189608935,1.0,0.047044213847732184,4.578294540650836,4.625338754498568
1.366000000000001,1.6804245075833188,-0.961585582293759,1.0,0.04792957510043683,4.575494931915659,4.623424507016096
1.368000000000001,1.6784924087738686,-0.9705142185225089,1.0,0.048823790972123825,4.5726686172544975,4.621492408226621
1.370000000000001,1.6765424467608006,-0.9794487772732259,1.0,0.0497268729340792,4.569815573300167,4.619542446234246
1.372000000000001,1.6745746097518772,-0.9883892052500475,1.0,0.05063883198251969,4.566935777264222,4.617574609246741
1.374000000000001,1.6725888860644,-0.9973354462043849,1.0,0.05155967862155216,4.564029206959864,4.615588885581416
1.376000000000001,1.6705852641311465,-1.0062874409041036,1.0,0.05248942284593405,4.561095840825123,4.613585263671057
1.378000000000001,1.6685637325063674,-1.015245127102671,1.0,0.05342807412363523,4.558135657946285,4.6115637320699205
1.380000000000001,1.6665242798718465,-1.024208439508272,1.0,0.05437564137820194,4.555148638081597,4.609524279459799
1.382000000000001,1.6644668950430226,-1.0331773097529007,1.0,0.05533213297092298,4.552134761685215,4.607466894656138
1.384000000000001,1.6623915669751725,-1.0421516663614292,1.0,0.05629755668279921,4.549094009931424,4.605391566614223
1.386000000000001,1.660298284769656,-1.05113143472066,1.0,0.05727191969631677,4.546026364739103,4.60329828443542
1.388000000000001,1.6581870376802228,-1.0601165370483654,1.0,0.05825522857702517,4.542931808796462,4.601187037373487
1.390000000000001,1.6560578151193825,-1.0691068923623195,1.0,0.05924748925492073,4.539810325586021,4.5990578148409424
1.392000000000001,1.6539106066648348,-1.078102416449327,1.0,0.06024870700563686,4.536661899409854,4.5969106064154905
1.394000000000001,1.6517454020659623,-1.0871030218342537,1.0,0.06125888643144203,4.533486515415083,4.594745401846525
1.396000000000001,1.6495621912503862,-1.0961086177490658,1.0,0.062278031442046786,4.530284159619625,4.592562191061671
1.398000000000001,1.6473609643305815,-1.1051191101018794,1.0,0.06330614523522118,4.5270548189381925,4.5903609641734135
1.400000000000001,1.6451417116105576,-1.1141344014460293,1.0,0.06434323027722388,4.523798481208544,4.588141711485768
1.402000000000001,1.6429044235925971,-1.1231543909491615,1.0,0.0653892882830448,4.52051513521798,4.585904423501026
1.404000000000001,1.640649090984059,-1.1321789743623536,1.0,0.06644432019646264,4.517204770730089,4.583649090926552
1.406000000000001,1.6383757047042424,-1.1412080439892716,1.0,0.06750832616991967,4.513867378511734,4.581375704681654
1.408000000000001,1.6360842558913122,-1.1502414886553665,1.0,0.06858130554421484,4.510502950360288,4.579084255904503
1.410000000000001,1.633774735909286,-1.1592791936771192,1.0,0.06966325682801812,4.5071114791311055,4.576774735959123
1.412000000000001,1.6314471363550833,-1.1683210408313385,1.0,0.07075417767720803,4.503692958765236,4.574447136442444
1.414000000000001,1.629101449065635,-1.1773669083245182,1.0,0.0718540648740338,4.500247384317369,4.572101449191403
1.416000000000001,1.626737666125055,-1.1864166707622619,1.0,0.07296291430610648,4.496774751984012,4.569737666290119
1.418000000000001,1.6243557798718722,-1.1954701991187804,1.0,0.07408072094521947,4.49327505913191,4.567355780077129
1.420000000000001,1.6219557829063236,-1.2045273607064697,1.0,0.07520747882600273,4.4897483043266755,4.564955783152678
1.422000000000001,1.619537668097709,-1.213588019145576,1.0,0.0763431810244129,4.48619448736166,4.5625376683860726
1.424000000000001,1.6171014285918046,-1.2226520343339546,1.0,0.07748781963606226,4.482613609287033,4.560101428923096
1.426000000000001,1.6146470578183387,-1.2317192624169324,1.0,0.07864138575439011,4.479005672439092,4.557647058193482
1.428000000000001,1.6121745494985265,-1.2407895557572775,1.0,0.07980386944867972,4.475370680469773,4.555174549918452
1.430000000000001,1.6096838976526648,-1.2498627629052874,1.0,0.08097525974192368,4.47170863837639,4.552683898118314
1.432000000000001,1.6071750966077876,-1.258938728569002,1.0,0.08215554458854285,4.468019552531563,4.550175097120105
1.434000000000001,1.6046481410053794,-1.2680172935845482,1.0,0.0833447108519604,4.464303430713357,4.547648141565317
1.436000000000001,1.6021030258091493,-1.2770982948866276,1.0,0.08454274428203747,4.460560282135628,4.5451030264176655
1.438000000000001,1.5995397463128627,-1.2861815654791526,1.0,0.08574962949237228,4.45679011747855,4.542539746970922
1.440000000000001,1.5969582981482324,-1.2952669344060392,1.0,0.0869653499374686,4.452992948919339,4.539958298856807
1.442000000000001,1.5943586772928675,-1.3043542267221688,1.0,0.0881898878897769,4.449168790163158,4.537358678052935
1.444000000000001,1.5917408800782806,-1.3134432634645232,1.0,0.08942322441661375,4.445317656474211,4.5347408808908245
1.446000000000001,1.5891049031979518,-1.3225338616235054,1.0,0.09066533935696339,4.441439564707,4.532104904063964
1.448000000000001,1.5864507437154514,-1.331625834114453,1.0,0.09191621129816734,4.43753453333776,4.529450744635928
1.450000000000001,1.5837783990726169,-1.3407189897493546,1.0,0.09317581755250606,4.433602582496052,4.526778400048558
1.452000000000001,1.5810878670977888,-1.3498131332087786,1.0,0.09444413413367972,4.429643733996524,4.524087868130203
1.454000000000001,1.5783791460141015,-1.3589080650140237,1.0,0.09572113573319155,4.425658011370813,4.521379147104005
1.456000000000001,1.5756522344478288,-1.3680035814995013,1.0,0.09700679569664103,4.4216454398995975,4.518652235596239
1.458000000000001,1.5729071314367853,-1.3770994747853587,1.0,0.09830108599993267,4.417606046644794,4.515907132644727
1.460000000000001,1.5701438364387825,-1.386195532750355,1.0,0.09960397722540537,4.413539860481881,4.513143837707287
1.462000000000001,1.567362349340138,-1.3952915390049987,1.0,0.10091543853789016,4.40944691213235,4.51036235067024
1.464000000000001,1.564562670464239,-1.4043872728649571,1.0,0.10223543766070166,4.40532723419628,4.507562671856982
1.466000000000001,1.5617448005801577,-1.4134825093247498,1.0,0.10356394085157096,4.401180861185014,4.504744802036585
1.468000000000001,1.5589087409113205,-1.422577019031735,1.0,0.10490091287852579,4.397007829553959,4.501908742432485
1.470000000000001,1.5560544931442275,-1.4316705682604007,1.0,0.10624631699572586,4.392808177735457,4.499054494731183
1.472000000000001,1.553182059437224,-1.4407629188869722,1.0,0.10760011491926044,4.388581946171772,4.496182061091033
1.474000000000001,1.5502914424293222,-1.449853828364346,1.0,0.10896226680291596,4.384329177348132,4.493291444151048
1.476000000000001,1.547382645249072,-1.4589430496973628,1.0,0.11033273121392068,4.380049915825864,4.490382647039785
1.478000000000001,1.5444556715234825,-1.4680303314184293,1.0,0.11171146510867527,4.37574420827558,4.487455673384256
1.480000000000001,1.54151052538699,-1.477115417563503,1.0,0.11309842380847716,4.3714121035104245,4.484510527318902
1.482000000000001,1.5385472114904757,-1.48619804764845,1.0,0.11449356097524654,4.36705365251936,4.481547213494606
1.484000000000001,1.535565735010328,-1.495277956645787,1.0,0.1158968285872637,4.3626689085005,4.478565737087764
1.486000000000001,1.532566101657553,-1.504354874961824,1.0,0.11730817691492515,4.358257926894456,4.475566103809381
1.488000000000001,1.5295483176869287,-1.513428528414214,1.0,0.11872755449652922,4.353820765417714,4.472548319914243
1.490000000000001,1.5265123899062054,-1.5224986382099268,1.0,0.12015490811409907,4.349357484096002,4.469512392210101
1.492000000000001,1.523458325685348,-1.5315649209236577,1.0,0.1215901827692532,4.34486814529767,4.466458328066923
1.494000000000001,1.5203861329658217,-1.5406270884766837,1.0,0.12303332165913294,4.340352813767045,4.463386135426178
1.496000000000001,1.5172958202699203,-1.5496848481161807,1.0,0.12448426615239762,4.335811556657764,4.460295822810162
1.498000000000001,1.5141873967101336,-1.5587379023950136,1.0,0.12594295576529663,4.331244443566071,4.457187399331367
1.500000000000001,1.511060871998557,-1.5677859491520159,1.0,0.12740932813782896,4.326651546564062,4.454060874701891
1.5020000000000011,1.5079162564563382,-1.5768286814927654,1.0,0.12888331901000188,4.322032940232881,4.450916259242883
1.5040000000000011,1.5047535610231624,-1.585865787770878,1.0,0.13036486219819823,4.317388701695833,4.4477535638940315
1.5060000000000011,1.501572797266775,-1.5948969515698255,1.0,0.13185388957166433,4.3127189106514185,4.444572800223083
1.5080000000000011,1.4983739773925393,-1.603921851685296,1.0,0.1333503310291296,4.308023649406271,4.441373980435401
1.5100000000000011,1.495157114253029,-1.6129401621081085,1.0,0.13485411447556947,4.303303002907993,4.438157117383562
1.5120000000000011,1.4919222213576555,-1.6219515520076966,1.0,0.13636516579912342,4.298557058777854,4.434922224576978
1.5140000000000011,1.4886693128823252,-1.6309556857161742,1.0,0.1378834088481794,4.293785907343377,4.431669316191557
1.5160000000000011,1.485398403679131,-1.6399522227129995,1.0,0.13940876540863958,4.288989641670749,4.428398407079389
1.5180000000000011,1.4821095092860717,-1.6489408176102482,1.0,0.1409411551813752,4.2841683575971015,4.4251095127784765
1.5200000000000011,1.478802645936801,-1.657921120138515,1.0,0.14248049575988797,4.2793221537625845,4.421802649522473
1.5220000000000011,1.4754778305704048,-1.6668927751334521,1.0,0.14402670260818845,4.274451131642275,4.418477834250464
1.5240000000000011,1.4721350808412024,-1.6758554225229658,1.0,0.14557968903890472,4.269555395577862,4.415135084616766
1.5260000000000011,1.4687744151285758,-1.6848086973150793,1.0,0.14713936619163548,4.264635052809127,4.411774419000762
1.5280000000000011,1.4653958525468203,-1.6937522295864818,1.0,0.14870564301156058,4.259690213505187,4.408395856516748
1.5300000000000011,1.461999412955018,-1.7026856444717755,1.0,0.15027842622832313,4.254720990795479,4.404999417023802
1.5320000000000011,1.4585851169669328,-1.7116085621534376,1.0,0.151857620335197,4.249727500800491,4.401585121135688
1.5340000000000011,1.4551529859609231,-1.72052059785251,1.0,0.153443127568554,4.244709862662208,4.398152990230762
1.5360000000000011,1.4517030420898742,-1.7294213618200338,1.0,0.15503484788764563,4.239668198574261,4.394703046461907
1.5380000000000011,1.4482353082911457,-1.738310459329243,1.0,0.1566326789547136,4.234602633811767,4.391235312766481
1.5400000000000011,1.4447498082965342,-1.7471874906685332,1.0,0.15823651611544365,4.229513296760833,4.387749812876276
1.5420000000000011,1.4412465666422503,-1.7560520511352178,1.0,0.1598462523797791,4.224400318947724,4.384246571327504
1.5440000000000011,1.437725608678905,-1.7649037310300923,1.0,0.16146177840310819,4.219263835067659,4.3807256134707675
1.5460000000000012,1.4341869605815085,-1.7737421156528166,1.0,0.16308298246784067,4.214103983013236,4.377186965481076
1.5480000000000012,1.4306306493594758,-1.782566785298134,1.0,0.16470975046539046,4.208920903902451,4.373630654367841
1.5500000000000012,1.42705670286664,-1.791377315252941,1.0,0.16634196587857944,4.20371474210631,4.37005670798489
1.5520000000000012,1.4234651498112705,-1.800173275794225,1.0,0.16797950976447754,4.19848564527601,4.366465155040488
1.5540000000000012,1.4198560197660925,-1.808954232187882,1.0,0.1696222607376979,4.1932337643696584,4.362856025107356
1.5560000000000012,1.4162293431783122,-1.8177197446884332,1.0,0.1712700949541607,4.1879592536785335,4.359229348632694
1.5580000000000012,1.4125851513796366,-1.826469368539655,1.0,0.17292288609534384,4.182662270852862,4.355585156948205
1.5600000000000012,1.408923476596295,-1.8352026539761361,1.0,0.17458050535303715,4.177342976927076,4.351923482280113
1.5620000000000012,1.4052443519590552,-1.8439191462257811,1.0,0.17624282141461625,4.172001536344561,4.348244357759177
1.5640000000000012,1.4015478115132323,-1.8526183855132698,1.0,0.177909700448854,4.166638116981853,4.3445478174307075
1.5660000000000012,1.3978338902286922,-1.8612999070644958,1.0,0.179581006092286,4.1612528901722765,4.340833896264563
1.5680000000000012,1.394102624009843,-1.869963241111991,1.0,0.1812565994361478,4.155846030728996,4.337102630165144
1.5700000000000012,1.3903540497056164,-1.8786079129013602,1.0,0.18293633901390122,4.150417716967474,4.333354055981375
1.5720000000000012,1.386588205119433,-1.8872334426987323,1.0,0.18462008078936798,4.144968130727301,4.329588211516669
1.5740000000000012,1.3828051290191539,-1.8958393457992508,1.0,0.18630767814548677,4.139497457393392,4.325805135538879
1.5760000000000012,1.3790048611470132,-1.9044251325366148,1.0,0.18799898187371322,4.134005885916516,4.32200486779023
1.5780000000000012,1.37518744222953,-1.9129903082936857,1.0,0.18969384016408,4.128493608833152,4.318187448997231
1.5800000000000012,1.3713529139873992,-1.9215343735141759,1.0,0.19139209859593476,4.122960822284635,4.3143529208805695
1.5820000000000012,1.3675013191453564,-1.9300568237154345,1.0,0.19309360012937446,4.117407726035597,4.310501326164972
1.5840000000000012,1.363632701442018,-1.9385571495023437,1.0,0.19479818509739402,4.1118345234916465,4.30663270858904
1.5860000000000012,1.3597471056396901,-1.9470348365823404,1.0,0.19650569119876787,4.106241421716307,4.302747112915075
1.5880000000000012,1.3558445775341483,-1.9554893657815804,1.0,0.19821595349168172,4.100628631447156,4.298844584938838
1.5900000000000012,1.3519251639643828,-1.963920213062255,1.0,0.19992880438813398,4.094996367111175,4.294925171499309
1.5920000000000012,1.3479889128223081,-1.9723268495410797,1.0,0.2016440736491249,4.089344846839268,4.290988920488393
1.5940000000000012,1.3440358730624344,-1.980708741508964,1.0,0.20336158838065094,4.083674292479933,4.287035880860584
1.5960000000000012,1.3400660947114984,-1.98906535045188,1.0,0.20508117303052428,4.077984929612084,4.283066102642608
1.5980000000000012,1.3360796288780519,-1.9973961330729428,1.0,0.20680264938603407,4.072276987556971,4.279079636943005
1.6000000000000012,1.3320765277620037,-2.005700541315715,1.0,0.20852583657246973,4.0665506993892,4.27507653596167
1.6020000000000012,1.3280568446641148,-2.0139780223887493,1.0,0.21025055105252266,4.060806301946827,4.27105685299935
1.6040000000000012,1.3240206339954426,-2.022228018791386,1.0,0.21197660662658624,4.055044035840503,4.267020642467089
1.6060000000000012,1.3199679512867328,-2.0304499683408097,1.0,0.21370381443397224,4.0492641454616445,4.262967959895617
1.6080000000000012,1.3158988531977553,-2.0386433042003906,1.0,0.21543198295506022,4.043466878989631,4.258898861944691
1.6100000000000012,1.3118133975265824,-2.04680745490931,1.0,0.21716091801440024,4.037652488397967,4.254813406412367
1.6120000000000012,1.3077116432188065,-2.0549418444134937,1.0,0.2188904227847856,4.031821229459436,4.250711652244222
1.6140000000000012,1.303593650376695,-2.063045892097855,1.0,0.22062029779231437,4.025973361750192,4.246593659542507
1.6160000000000012,1.2994594802682782,-2.071119012819869,1.0,0.22235034092245595,4.02010914865278,4.242459489575236
1.6180000000000012,1.29530919533637,-2.079160616944484,1.0,0.2240803474271423,4.014228857358064,4.238309204785206
1.6200000000000012,1.2911428592075171,-2.0871701103803777,1.0,0.2258101099329012,4.008332758866046,4.234142868798947
1.6220000000000012,1.2869605367008736,-2.0951468946175833,1.0,0.2275394184500464,4.002421127985549,4.229960546435596
1.6240000000000012,1.2827622938369998,-2.1030903667664766,1.0,0.22926806038294595,3.996494243332747,4.225762303715693
1.6260000000000012,1.2785481978465816,-2.1109999195981524,1.0,0.23099582054138235,3.990552387328525,4.221548207869907
1.6280000000000012,1.274318317179067,-2.1188749415861876,1.0,0.2327224811530223,3.9845958461946465,4.217318327347669
1.6300000000000012,1.270072721511219,-2.1267148169498085,1.0,0.23444782187701416,3.9786249099487043,4.213072731825719
1.6320000000000012,1.265811481755579,-2.1345189256984662,1.0,0.2361716198187273,3.972639872397854,4.208811492216581
1.6340000000000012,1.261534670068841,-2.142286643677833,1.0,0.23789364954565081,3.9666410311312785,4.20453468067693
1.6360000000000012,1.2572423598601323,-2.150017342617227,1.0,0.23961368310446707,3.960628687511403,4.20024237061587
1.6380000000000012,1.2529346257991976,-2.15771039017847,1.0,0.24133149003931562,3.9546031466638114,4.195934636703127
1.6400000000000012,1.248611543824483,-2.165365150006194,1.0,0.24304683741126218,3.9485647174658642,4.1916115548771264
1.6420000000000012,1.2442731911511198,-2.1729809817795944,1.0,0.24475948981898987,3.9425137125339864,4.187273202352976
1.6440000000000012,1.2399196462788022,-2.180557241265644,1.0,0.24646920942072317,3.9364504482096256,4.1829196576303485
1.6460000000000012,1.2355509889995575,-2.188093280373771,1.0,0.24817575595740418,3.9303752445438462,4.17855100050125
1.6480000000000012,1.2311673004054045,-2.195588447212007,1.0,0.24987888677712924,3.924288425280547,4.174167312057676
1.6500000000000012,1.2267686628958994,-2.203042086144611,1.0,0.25157835686086466,3.9181903178382953,4.16976867469916
1.6520000000000012,1.2223551601855651,-2.2104535378511763,1.0,0.25327391884945116,3.912081253290749,4.1653551721402
1.6540000000000012,1.217926877311199,-2.2178221393872217,1.0,0.25496532307191105,3.90596156634566,4.1609268894175715
1.6560000000000012,1.2134839006390608,-2.2251472242462724,1.0,0.25665231757507007,3.899831595322438,4.1564839128975075
1.6580000000000013,1.209026317871931,-2.2324281224234355,1.0,0.2583346481545059,3.8936916821282614,4.152026330282768
1.6600000000000013,1.2045542180560451,-2.2396641604804706,1.0,0.2600120583868337,3.8875421722327257,4.147554230619559
1.6620000000000013,1.2000676915878932,-2.246854661612361,1.0,0.2616842896633414,3.8813834146410073,4.1430677043043485
1.6640000000000013,1.195566830220885,-2.2539989457153844,1.0,0.26335108122498146,3.875215761865538,4.138566843090519
1.6660000000000013,1.191051727071879,-2.2610963294566884,1.0,0.26501217019873347,3.869039569896172,4.134051740094906
1.6680000000000013,1.1865224766275688,-2.2681461263453655,1.0,0.26666729163534303,3.862855198168829,4.129522489804172
1.6700000000000013,1.1819791747507282,-2.2751476468050353,1.0,0.26831617854844597,3.856663009532622,4.124979188081068
1.6720000000000013,1.1774219186863075,-2.282100198247928,1.0,0.2699585619550888,3.8504633702154267,4.120421932170515
1.6740000000000013,1.1728508070673807,-2.289003085150471,1.0,0.27159417091764804,3.8442566497879147,4.115850820705563
1.6760000000000013,1.168265939920941,-2.295855609130375,1.0,0.27322273258715957,3.8380432211260156,4.1112659537131755
1.6780000000000013,1.1636674186735392,-2.3026570690252224,1.0,0.274843972248062,3.8318234603718127,4.106667432619875
1.6800000000000013,1.1590553461567648,-2.309406760972547,1.0,0.27645761336435865,3.825597746892865,4.102055360257224
1.6820000000000013,1.154429826612564,-2.316103978491408,1.0,0.2780633776272056,3.8193664632399345,4.09742984086714
1.6840000000000013,1.149790965698395,-2.322748012565456,1.0,0.27966098500392633,3.813129995103127,4.092790980107053
1.6860000000000013,1.1451388704922127,-2.329338151727477,1.0,0.2812501537884605,3.8068887312664286,4.088138885054889
1.6880000000000013,1.1404736494972867,-2.335873682145419,1.0,0.2828306006532457,3.8006430635606425,4.083473664213888
1.6900000000000013,1.1357954126468424,-2.3423538877098893,1.0,0.28440204070253505,3.7943933868147113,4.078795427517246
1.6920000000000013,1.131104271308527,-2.348778050123118,1.0,0.2859641875271537,3.7881400988054286,4.074104286332583
1.6940000000000013,1.126400338288697,-2.3551454489893806,1.0,0.28751675326069215,3.7818836002055285,4.069400353466221
1.6960000000000013,1.1216837278365213,-2.36145536190687,1.0,0.2890594486371369,3.7756242945301643,4.0646837431673015
1.6980000000000013,1.116954555647901,-2.3677070645610097,1.0,0.29059198304993683,3.769362588081759,4.059954571131696
1.7000000000000013,1.1122129388692008,-2.373899830819199,1.0,0.2921140646125036,3.763098889893233,4.055212954505737
1.7020000000000013,1.107458996100788,-2.380032932826982,1.0,0.2936254002201421,3.756833611669621,4.050459011889763
1.7040000000000013,1.1026928474003792,-2.386105641105623,1.0,0.29512569561340934,3.7505671677280503,4.0456928633414595
1.7060000000000013,1.0979146142861913,-2.3921172246510873,1.0,0.2966146554428934,3.744299974936117,4.04091463037901
1.7080000000000013,1.0931244197398906,-2.3980669510344024,1.0,0.2980919833354101,3.738032452648643,4.036124435984053
1.7100000000000013,1.0883223882093414,-2.4039540865033966,1.0,0.29955738196161047,3.73176502264281,4.0313224046044205
1.7120000000000013,1.08350864561115,-2.4097778960857967,1.0,0.3010105531049883,3.7254981090516983,4.026508662156687
1.7140000000000013,1.0786833193330005,-2.4155376436936695,1.0,0.30245119773228407,3.71923213829622,4.021683336028504
1.7160000000000013,1.0738465382357802,-2.4212325922291944,1.0,0.303879016065273,3.712967539015456,4.016846555080729
1.7180000000000013,1.0689984326554929,-2.4268620036917485,1.0,0.3052937076539272,3.706704741995407,4.011998449649334
1.7200000000000013,1.0641391344049564,-2.43242513928629,1.0,0.30669497145094204,3.7004441800961616,4.007139151547103
1.7220000000000013,1.0592687767752818,-2.4379212595330175,1.0,0.30808250588761305,3.694186288177505,4.0022687940651185
1.7240000000000013,1.0543874945371317,-2.4433496243782944,1.0,0.30945600895105063,3.687931503022957,3.9973875119740074
1.7260000000000013,1.0494954239417569,-2.4487094933068088,1.0,0.3108151782627185,3.681680263262274,3.9924954415249925
1.7280000000000013,1.044592702721806,-2.454000125454961,1.0,0.31215971115828256,3.675433009292405,3.987592720450688
1.7300000000000013,1.0396794700919076,-2.459220779725447,1.0,0.3134893047687474,3.669190183196944,3.982679487965691
1.7320000000000013,1.0347558667490226,-2.464370714903025,1.0,0.31480365610287514,3.662952228664055,3.97775588476693
1.7340000000000013,1.0298220348725626,-2.469449189771435,1.0,0.3161024621308531,3.6567195909029326,3.9728220530337857
1.7360000000000013,1.0248781181242745,-2.474455463231456,1.0,0.31738541986920554,3.6504927165587673,3.9678781364279727
1.7380000000000013,1.0199242616478874,-2.4793887944200717,1.0,0.31865222646692,3.644272053626268,3.962924280093188
1.7400000000000013,1.0149606120685202,-2.4842484428307214,1.0,0.319902579292769,3.6380580513617495,3.9579606306545188
1.7420000000000013,1.0099873174918474,-2.4890336684346144,1.0,0.3211361760238076,3.6318511601937997,3.9529873362176073
1.7440000000000013,1.0050045275030217,-2.4937437318030744,1.0,0.32235271473501903,3.6256518316325557,3.948004546367575
1.7460000000000013,1.00001239316535,-2.498377894230896,1.0,0.3235518939900871,3.6194605181776094,3.9430124121676964
1.7480000000000013,0.9950110670187226,-2.5029354178606784,1.0,0.3247334129332697,3.6132776732245633,3.938011086157833
1.7500000000000013,0.9900007030777925,-2.5074155658081128,1.0,0.32589697138234386,3.6071037509702597,3.9330007223526033
1.7520000000000013,0.9849814568299033,-2.5118176022881915,1.0,0.3270422699225988,3.600939206316723,3.927981476239322
1.7540000000000013,0.9799534852327634,-2.5161407927423127,1.0,0.32816901000184634,3.594784494773818,3.9229535047756645
1.7560000000000013,0.9749169467118652,-2.520384403966244,1.0,0.32927689402641813,3.588640072360676,3.917916966387094
1.7580000000000013,0.9698720011576484,-2.524547704238923,1.0,0.33036562545812087,3.5825063955058982,3.912872020964019
1.7600000000000013,0.9648188099224032,-2.528629963452053,1.0,0.33143490891211724,3.5763839209465815,3.907818829858699
1.7620000000000013,0.9597575358169155,-2.5326304532404693,1.0,0.3324844502556982,3.570273105626191,3.902757555881889
1.7640000000000013,0.9546883431068488,-2.5365484471132396,1.0,0.3335139567079162,3.564174406591308,3.8976883632992245
1.7660000000000013,0.9496113975088648,-2.5403832205854617,1.0,0.3345231369400414,3.5580882808872945,3.892611417827336
1.7680000000000013,0.9445268661864784,-2.5441340513107313,1.0,0.33551170117680484,3.552015185452904,3.887526886629709
1.7700000000000014,0.9394349177456481,-2.547800219214238,1.0,0.33647936129839734,3.5459555770138746,3.882434938312272
1.7720000000000014,0.9343357222300991,-2.5513810066264564,1.0,0.337425830943179,3.539909911975544,3.8773357429187234
1.7740000000000014,0.9292294511163782,-2.5548756984173973,1.0,0.3383508256110645,3.533878646314515,3.8722294719255794
1.7760000000000014,0.9241162773086408,-2.5582835821313767,1.0,0.33925406276754616,3.527862235469421,3.8671162982369673
1.7780000000000014,0.9189963751331665,-2.561603948122273,1.0,0.3401352619483086,3.5218611342308304,3.861996396179139
1.7800000000000014,0.9138699203326044,-2.5648360896892264,1.0,0.34099414486439994,3.515875796630317,3.856869941494717
1.7820000000000014,0.908737090059947,-2.5679793032127467,1.0,0.34183043550791453,3.5099066758287507,3.851737111336665
1.7840000000000014,0.9035980628722303,-2.571032888291188,1.0,0.34264386025814075,3.503954224003852,3.846598084261993
1.7860000000000014,0.8984530187239621,-2.5739961478775504,1.0,0.34343414798813504,3.498018892237046,3.841453040225181
1.7880000000000014,0.8933021389602752,-2.5768683884165706,1.0,0.3442010301716739,3.4921011303996643,3.8363021605713383
1.7900000000000014,0.8881456063098069,-2.579648919982057,1.0,0.34494424099054094,3.4862013870385327,3.8311456280290734
1.7920000000000014,0.8829836048773029,-2.582337056414429,1.0,0.34566351744209556,3.4803201092610134,3.825983626703109
1.7940000000000014,0.8778163201359469,-2.5849321154584226,1.0,0.34635859944708647,3.4744577426195162,3.820816342066603
1.7960000000000014,0.872643938919414,-2.587433418900913,1.0,0.34702922995765173,3.468614730995554,3.8156439609532056
1.7980000000000014,0.8674666494136487,-2.5898402927088173,1.0,0.34767515506546354,3.4627915164833745,3.810466671548838
1.8000000000000014,0.8622846411483661,-2.5921520671670324,1.0,0.3482961241099634,3.456988539273229,3.8052846633831927
1.8020000000000014,0.8570981049882791,-2.5943680770163633,1.0,0.3488918897866406,3.451206237534317,3.8000981273209575
1.8040000000000014,0.8519072331240479,-2.596487661591399,1.0,0.3494622082553022,3.44544504729747,3.794907255552772
1.8060000000000014,0.8467122190629551,-2.5985101649582933,1.0,0.3500068392482813,3.4397054023376152,3.7897122415858964
1.8080000000000014,0.8415132576193045,-2.600434936052402,1.0,0.35052554617853365,3.433987734056079,3.784513280234613
1.8100000000000014,0.8363105449045457,-2.6022613288157377,1.0,0.351018096247569,3.4282924713627807,3.7793105676103496
1.8120000000000014,0.831104278317123,-2.603988702334189,1.0,0.35148426055316434,3.422620040558368,3.7741043011115325
1.8140000000000014,0.825894656532051,-2.6056164209744708,1.0,0.35192381419680374,3.4169708652163493,3.768894679413153
1.8160000000000014,0.8206818794902161,-2.6071438545207424,1.0,0.3523365363907929,3.411345366065289,3.763681902456082
1.8180000000000014,0.8154661483874054,-2.6085703783108696,1.0,0.3527222105649917,3.405743960871094,3.7584661714360856
1.8200000000000014,0.8102476656630634,-2.6098953733722645,1.0,0.35308062447311167,3.4001670643194783,3.75324768879259
1.8220000000000014,0.8050266349887772,-2.6111182265572714,1.0,0.3534115702985211,3.3946150878986456,3.748026658197167
1.8240000000000014,0.7998032612564921,-2.612238330678044,1.0,0.3537148447595031,3.3890884397822387,3.7428032845417416
1.8260000000000014,0.7945777505664571,-2.613255084640874,1.0,0.35399024921391004,3.3835875247126403,3.7375777739265503
1.8280000000000014,0.7893503102149029,-2.6141678935799177,1.0,0.35423758976315983,3.3781127438846457,3.7323503336478057
1.8300000000000014,0.7841211486814531,-2.614976168990283,1.0,0.3544566773555135,3.3726644948296034,3.7271211721851167
1.8320000000000014,0.77889047561627,-2.6156793288604216,1.0,0.35464732788858305,3.3672431713000486,3.7218904991886315
1.8340000000000014,0.7736585018269356,-2.616276797803787,1.0,0.3548093623110078,3.361849163154911,3.7166585254659186
1.8360000000000014,0.7684254392650711,-2.616768007189707,1.0,0.35494260672324524,3.35648285624534,3.7114254629685854
1.8380000000000014,0.7631915010126944,-2.6171523952734295,1.0,0.3550468924774182,3.351144632301219,3.7061915247786374
1.8400000000000014,0.7579569012683195,-2.6174294073252895,1.0,0.35512205627616183,3.345834868818415,3.7009569250945766
1.8420000000000014,0.7527218553327977,-2.6175984957589584,1.0,0.35516794027041365,3.3405539389468304,3.695721879217244
1.8440000000000014,0.7474865795949034,-2.6176591202587227,1.0,0.3551843921560897,3.3353022113793123,3.690486603535402
1.8460000000000014,0.7422512915166665,-2.61761074790575,1.0,0.35517126526958975,3.330080050241482,3.6852513155110715
1.8480000000000014,0.7370162096184533,-2.6174528533033006,1.0,0.3551284186820746,3.324887814982535,3.6800162336646096
1.8500000000000014,0.7317815534637978,-2.617184918700829,1.0,0.3550557172924613,3.3197258602670803,3.674781577559542
1.8520000000000014,0.7265475436439867,-2.6168064341169437,1.0,0.35495303191907757,3.3145945358680686,3.6695475677871463
1.8540000000000014,0.7213144017623982,-2.6163168974611697,1.0,0.35482023938991997,3.3094941865608747,3.6643144259507947
1.8560000000000014,0.7160823504186007,-2.6157158146544757,1.0,0.35465722263146343,3.3044251520185837,3.659082374650047
1.8580000000000014,0.7108516131922091,-2.615002699748519,1.0,0.3544638707559614,3.2993877667085534,3.653851637464515
1.8600000000000014,0.7056224146265063,-2.6141770750435684,1.0,0.35424007914718875,3.2943823597902857,3.6486224389374744
1.8620000000000014,0.7003949802118287,-2.613238471205055,1.0,0.35398574954456574,3.289409255014692,3.643395004559258
1.8640000000000014,0.6951695363687204,-2.612186427378717,1.0,0.35370079012561634,3.2844687706247884,3.6381695607504048
1.8660000000000014,0.6899463104308592,-2.6110204913042923,1.0,0.3533851155867034,3.279561219257887,3.6329463348445907
1.8680000000000014,0.6847255306277555,-2.6097402194277115,1.0,0.35303864722198836,3.2746869078493335,3.6277255550713217
1.8700000000000014,0.6795074260672296,-2.608345177011763,1.0,0.3526613130005669,3.269846137537851,3.622507450538418
1.8720000000000014,0.674292226717668,-2.6068349382451768,1.0,0.3522530476417236,3.2650392035725404,3.617292251214264
1.8740000000000014,0.6690801633900644,-2.6052090863500963,1.0,0.35181379268826174,3.2602663952215916,3.612080187909853
1.8760000000000014,0.6638714677198462,-2.6034672136878934,1.0,0.3513434965778522,3.2555279956827605,3.6068714922606127
1.8780000000000014,0.6586663721484921,-2.6016089218632903,1.0,0.35084211471235854,3.2508242819956625,3.601666396708021
1.8800000000000014,0.6534651099049426,-2.5996338218267487,1.0,0.35030960952508355,3.246155524955938,3.5964651344810217
1.8820000000000014,0.6482679149868072,-2.5975415339750922,1.0,0.34974595054589575,3.2415219890313294,3.591267939577225
1.8840000000000015,0.6430750221413735,-2.5953316882503206,1.0,0.3491511144641874,3.2369239322797334,3.586075046743921
1.8860000000000015,0.6378866668464183,-2.5930039242365837,1.0,0.3485250851896174,3.232361606269273,3.5808866914588906
1.8880000000000015,0.6327030852908287,-2.5905578912552794,1.0,0.34786785391059794,3.2278352560004255,3.5757031099110232
1.8900000000000015,0.6275245143550343,-2.587993248458239,1.0,0.34717941915047773,3.223345119830277,3.5705245389807545
1.8920000000000015,0.6223511915912541,-2.5853096649189693,1.0,0.3464597868213839,3.2188914293989233,3.565351216220307
1.8940000000000015,0.6171833552035639,-2.582506819721918,1.0,0.3457089702756769,3.2144744095580857,3.5601833798337625
1.8960000000000015,0.6120212440277869,-2.579584402049729,1.0,0.34492699035498364,3.2100942783019666,3.55502126865695
1.8980000000000015,0.6068650975112113,-2.5765421112684592,1.0,0.3441138754367659,3.2057512467004003,3.549865122137166
1.9000000000000015,0.6017151556921407,-2.5733796570107246,1.0,0.3432696614783888,3.2014455188343316,3.5447151803127204
1.9020000000000015,0.5965716591792791,-2.5700967592567485,1.0,0.3423943920586521,3.197177291733672,3.5395716837923237
1.9040000000000015,0.5914348491309563,-2.5666931484132833,1.0,0.3414881184167511,3.1929467553175654,3.5344348737343165
1.9060000000000015,0.5863049672341982,-2.563168565390377,1.0,0.34055089948863215,3.1887540923370996,3.5293049918257315
1.9080000000000015,0.5811822556836447,-2.5595227616759604,1.0,0.33958280194070944,3.1845994783205107,3.52418228026122
1.9100000000000015,0.5760669571603215,-2.5557554994082303,1.0,0.33858390020091583,3.1804830815209013,3.519066981721817
1.9120000000000015,0.5709593148102692,-2.551866551445801,1.0,0.33755427648705516,3.1764050628665172,3.5139593393535726
1.9140000000000015,0.5658595722230337,-2.5478557014356062,1.0,0.33649402083242924,3.1723655759136142,3.5088595967460434
1.9160000000000015,0.5607679734100242,-2.543722743878525,1.0,0.33540323110871295,3.1683647668019383,3.5037679979106513
1.9180000000000015,0.5556847627827408,-2.539467484192712,1.0,0.3342820130460535,3.164402774212855,3.4986847872589086
1.9200000000000015,0.5506101851308793,-2.5350897387746163,1.0,0.3331304802503677,3.1604797293301536,3.4936102095805213
1.9220000000000015,0.5455444856003151,-2.530589335057662,1.0,0.3319487542178185,3.1565957558035613,3.48854451002138
1.9240000000000015,0.5404879096709725,-2.5259661115685805,1.0,0.3307369643464484,3.152750969714972,3.4834879340614204
1.9260000000000015,0.535440703134584,-2.5212199179813735,1.0,0.32949524794495133,3.1489454795474376,3.478440727492389
1.9280000000000015,0.5304031120723437,-2.516350615168894,1.0,0.3282237502385662,3.1451793861569284,3.4734031363954947
1.9300000000000015,0.5253753828324599,-2.511358075252031,1.0,0.3269226243720763,3.141452782746882,3.4683754071189585
1.9320000000000015,0.5203577620076117,-2.50624218164648,1.0,0.3255920314099007,3.1377657548455753,3.463357786255476
1.9340000000000015,0.5153504964123153,-2.501002829107096,1.0,0.3242321403332649,3.1341183802863117,3.4583505206195766
1.9360000000000015,0.5103538330602025,-2.4956399237698115,1.0,0.3228431280344399,3.13051072919047,3.4533538572249096
1.9380000000000015,0.5053680191412192,-2.490153383191112,1.0,0.3214251793080428,3.126942863953392,3.4483680432614348
1.9400000000000015,0.5003933019987468,-2.4845431363850614,1.0,0.31997848683938834,3.123414839233163,3.443393326072551
1.9420000000000015,0.4954299291066517,-2.47880912385787,1.0,0.31850325118988737,3.1199267019422527,3.43842995313214
1.9440000000000015,0.490478148046269,-2.472951297639998,1.0,0.3169996807794898,3.1164784912420647,3.4334781720215544
1.9460000000000015,0.48553820648332374,-2.466969621315793,1.0,0.31546799186616536,3.1130702385403697,3.4285382304065353
1.9480000000000015,0.48061035214479547,-2.4608640700506506,1.0,0.3139084085224263,3.1097019674916524,3.4236103760140786
1.9500000000000015,0.4756948327957311,-2.454634630615708,1.0,0.3123211626088917,3.106373694000359,3.4186948566092505
1.9520000000000015,0.47079189621601086,-2.4482813014100557,1.0,0.31070649374489206,3.103085426227056,3.413791919971948
1.9540000000000015,0.4659017901770722,-2.4418040924804774,1.0,0.30906464927612726,3.0998371645974987,3.408901813873626
1.9560000000000015,0.4610247624185966,-2.4352030255387147,1.0,0.3073958842393733,3.0966289018146105,3.404024786053984
1.9580000000000015,0.4561610606251647,-2.428478133976262,1.0,0.3057004613242551,3.0934606228733657,3.3991610841976208
1.9600000000000015,0.45131093240288384,-2.421629462876693,1.0,0.3039786508320891,3.0903323050785727,3.3943109559106617
1.9620000000000015,0.44647462525599374,-2.41465706902552,1.0,0.30223073063180994,3.087243918065556,3.389474648697366
1.9640000000000015,0.4416523865634548,-2.4075610209176053,1.0,0.30045698611299015,3.084195423823721,3.384652409936711
1.9660000000000015,0.436844463555524,-2.4003413987621127,1.0,0.29865771013597214,3.0811867767230012,3.3798444868589734
1.9680000000000015,0.4320511032903233,-2.392998294485026,1.0,0.2968332029791248,3.0782179235431704,3.3750511265222953
1.9700000000000015,0.42727255263040576,-2.3855318117292303,1.0,0.29498377228324507,3.0752888035060004,3.3702725757892456
1.9720000000000015,0.4225090582193234,-2.377942065852175,1.0,0.2931097329931204,3.0723993483102765,3.3655090813033968
1.9740000000000015,0.41776086645820254,-2.370229183921125,1.0,0.29121140729627587,3.0695494821696188,3.3607608894658947
1.9760000000000015,0.41302822348233104,-2.3623933047060195,1.0,0.2892891245589283,3.0667391218531175,3.3560282464120457
1.9780000000000015,0.4083113751377617,-2.3544345786699434,1.0,0.2873432212591693,3.063968176728752,3.351311397987921
1.9800000000000015,0.403610566957938,-2.3463531679572363,1.0,0.28537404091740315,3.061236548809581,3.346610589726984
1.9820000000000015,0.398926044140345,-2.3381492463792464,1.0,0.2833819340240701,3.058544132802669,3.3419260668267388
1.9840000000000015,0.39425805152319165,-2.329822999397754,1.0,0.28136725796467604,3.055890816160737,3.337258074125413
1.9860000000000015,0.38960683356212855,-2.3213746241060775,1.0,0.27933037694216756,3.0532764791365086,3.332606856078676
1.9880000000000015,0.3849726343070055,-2.3128043292078857,1.0,0.2772716618966755,3.050700994839722,3.3279726567363976
1.9900000000000015,0.3803556973786741,-2.3041123349937314,1.0,0.275191490422666,3.0481642292967814,3.3233557197194474
1.9920000000000015,0.37575626594583905,-2.2952988733153346,1.0,0.27309024668352844,3.0456660415130212,3.3187562881965498
1.9940000000000015,0.37117458270196374,-2.2863641875576324,1.0,0.2709683213236377,3.0432062835375477,3.3141746048611855
1.9960000000000016,0.3666108898422333,-2.277308532608619,1.0,0.26882611137793005,3.04078480053063,3.3096109119085604
1.9980000000000016,0.36206542904058053,-2.2681321748270067,1.0,0.26666402017902335,3.0384014308336007,3.305065451012624
2.0000000000000013,0.35753844142677876,-2.2588353920077213,1.0,0.26448245726193065,3.036056006041239,3.3005384633031696
2.002000000000001,0.3530301675636056,-2.2494184733452727,1.0,0.2622818382663972,3.0337483510765955,3.296030189342993
2.004000000000001,0.34854084742408215,-2.239881719395013,1.0,0.2600625848369123,3.0314782842682204,3.2915408691051327
2.0060000000000007,0.34407072036879177,-2.230225442032322,1.0,0.2578251245204307,3.0292456174297597,3.2870707419501906
2.0080000000000005,0.3396200251232826,-2.2204499644097426,1.0,0.2555698906618525,3.0270501559418808,3.2826200466037334
2.0100000000000002,0.3351889997555578,-2.2105556209120953,1.0,0.25329732229730434,3.0248916988364765,3.2781890211337807
2.012,0.3307778816536575,-2.2005427571096052,1.0,0.25100786404526837,3.022770038883123,3.273777902928391
2.014,0.3263869075033365,-2.1904117297090715,1.0,0.24870196599560357,3.020684962677735,3.2693869286733386
2.0159999999999996,0.3220163132658415,-2.18016290650311,1.0,0.24638008359651464,3.01863625073337,3.265016334329885
2.0179999999999993,0.317666334155792,-2.1697966663175032,1.0,0.244042677539506,3.0166236775731607,3.260666355112667
2.019999999999999,0.3133372046191679,-2.1593133989566877,1.0,0.2416902136423805,3.0146470118253017,3.256337225467682
2.021999999999999,0.30902915831140854,-2.148713505147419,1.0,0.23932316273032794,3.0127060163200583,3.2520291790503864
2.0239999999999987,0.30474242807562557,-2.1379973964806402,1.0,0.2369420005151557,3.010800448188752,3.247742448703908
2.0259999999999985,0.3004772459209344,-2.1271654953515977,1.0,0.23454720747271585,3.008930058964662,3.243477266437378
2.0279999999999982,0.29623384300090677,-2.1162182348982332,1.0,0.2321392687185765,3.007094594685808,3.2392338634043845
2.029999999999998,0.29201244959214856,-2.105156058937891,1.0,0.22971867388199624,3.005293795999554,3.23501246988155
2.031999999999998,0.28781329507300546,-2.093979421902379,1.0,0.2272859169782513,3.003527398268984,3.2308133152472354
2.0339999999999976,0.2836366079024005,-2.082688788771415,1.0,0.2248414962793737,3.001795131681005,3.226636627960379
2.0359999999999974,0.27948261559880583,-2.071284635004505,1.0,0.22238591418335085,3.0000967213561167,3.2224826355394676
2.037999999999997,0.2753515447193529,-2.0597674464712794,1.0,0.21991967708184737,2.998431887459801,3.2183515645416483
2.039999999999997,0.2712436208390829,-2.04813771938034,1.0,0.21744329522650124,2.9968003453154752,3.2142436405419765
2.0419999999999967,0.2671590685303411,-2.036395960206642,1.0,0.21495728259385283,2.9952018055189584,3.2101590881128113
2.0439999999999965,0.2630981113423183,-2.0245426856174626,1.0,0.21246215674896188,2.993635974054397,3.2060981308033587
2.0459999999999963,0.25906097178074106,-2.0125784223969876,1.0,0.20995843870777173,2.9921025524115876,3.2020609911193594
2.047999999999996,0.2550478712877145,-2.0005037073695586,1.0,0.20744665279827665,2.990601237704654,3.198047890502931
2.049999999999996,0.2510590302217198,-1.9883190873216232,1.0,0.20492732652054915,2.98913172279202,3.1940590493125693
2.0519999999999956,0.24709466783776926,-1.9760251189224225,1.0,0.20240099040568804,2.98769369639761,3.190094686803298
2.0539999999999954,0.24315500226772074,-1.9636223686434624,1.0,0.19986817787374142,2.986286843233248,3.1861550211069893
2.055999999999995,0.23924025050075495,-1.9511114126768059,1.0,0.1973294250906665,2.9849108441221692,3.1822402692128358
2.057999999999995,0.23535062836401682,-1.9384928368522278,1.0,0.19478527082438044,2.9835653761236154,3.1783506469479956
2.0599999999999947,0.2314863505034239,-1.9257672365532734,1.0,0.19223625629996433,2.9822501126584338,3.174486368958398
2.0619999999999945,0.22764763036464356,-1.9129352166322608,1.0,0.1896829250540759,2.9809647236356462,3.170647648689722
2.0639999999999943,0.2238346801742414,-1.8999973913242683,1.0,0.18712582278862935,2.9797088755799153,3.1668346983685445
2.065999999999994,0.22004771092100256,-1.8869543841601486,1.0,0.18456549722380133,2.9784822317598607,3.163047728983662
2.067999999999994,0.2162869323374278,-1.8738068278786097,1.0,0.1820024979504205,2.9772844523171664,3.159286950267587
2.0699999999999936,0.2125525528814066,-1.8605553643374029,1.0,0.17943737628179793,2.9761151943964217,3.1555525706782195
2.0719999999999934,0.20884477971806853,-1.8472006444236604,1.0,0.17687068510505727,2.974974112275643,3.1518447973807002
2.073999999999993,0.20516381870181485,-1.8337433279634217,1.0,0.17430297873202064,2.9738608574974186,3.1481638362294393
2.075999999999993,0.20150987435853182,-1.82018408363039,1.0,0.17173481274970645,2.9727750790006273,3.144509891750334
2.0779999999999927,0.1978831498679872,-1.8065235888539588,1.0,0.16916674387050018,2.9717164232526616,3.1408831671231616
2.0799999999999925,0.1942838470464114,-1.7927625297265484,1.0,0.16659932978204917,2.9706845343821136,3.1372838641641625
2.0819999999999923,0.19071216632926477,-1.7789016009102936,1.0,0.1640331289969404,2.9696790543118667,3.1337121833088073
2.083999999999992,0.1871683067541918,-1.7649415055431206,1.0,0.16146870070221758,2.968699622892531,3.1301683235947486
2.085999999999992,0.18365246594416407,-1.7508829551442535,1.0,0.15890660460878994,2.967745878036177,3.126652482644967
2.0879999999999916,0.18016484009081257,-1.7367266695191903,1.0,0.15634740080079051,2.9668174558503115,3.123164856651102
2.0899999999999914,0.17670562393795056,-1.722473376664185,1.0,0.15379164958493624,2.96591399077204,3.119705640356976
2.091999999999991,0.173275010765288,-1.7081238126702774,1.0,0.15123991133994424,2.965035115702363,3.1162750270423074
2.093999999999991,0.16987319237233825,-1.693678721626904,1.0,0.14869274636605773,2.96418046214056,3.1128732085066178
2.0959999999999908,0.16650035906251803,-1.6791388555251348,1.0,0.14615071473473346,2.9633496603185976,3.109500375053331
2.0979999999999905,0.16315669962744117,-1.6645049741605653,1.0,0.1436143761385438,2.962542339335525,3.106156715474069
2.0999999999999903,0.15984240133140692,-1.6497778450359066,1.0,0.1410842897413438,2.961758127291796,3.1028424170331395
2.10199999999999,0.15655764989608342,-1.6349582432633072,1.0,0.13856101402875506,2.9609966514234616,3.099557665452217
2.10399999999999,0.15330262948538662,-1.6200469514664422,1.0,0.13604510665901515,2.960257538236209,3.096302644895224
2.1059999999999897,0.1500775226905553,-1.6050447596824078,1.0,0.13353712431424336,2.9595404136391648,3.093077537953408
2.1079999999999894,0.14688251051542256,-1.5899524652634522,1.0,0.1310376225521708,2.9588449030784383,3.089882525630609
2.109999999999989,0.14371777236188382,-1.574770872778581,1.0,0.12854715565838334,2.9581706316703444,3.0867177873287277
2.111999999999989,0.14058348601556178,-1.5595007939150671,1.0,0.12606627649912314,2.9575172243342718,3.0835835008333947
2.1139999999999888,0.1374798276316685,-1.5441430473799025,1.0,0.12359553637469796,2.9568843059251306,3.0804798422998285
2.1159999999999886,0.13440697172106442,-1.5286984588012205,1.0,0.12113548487354105,2.956271501365354,3.0774069862388953
2.1179999999999883,0.13136509113651473,-1.5131678606297219,1.0,0.1186866697269685,2.9556784357763983,3.0743651055033667
2.119999999999988,0.12835435705914283,-1.497552092040138,1.0,0.11624963666467758,2.9551047346096952,3.071354371274373
2.121999999999988,0.12537493898508065,-1.4818519988327583,1.0,0.11382492927102916,2.9545500237770224,3.0683749530480515
2.1239999999999877,0.12242700471231595,-1.466068433335054,1.0,0.11141308884215707,2.9540139297802384,3.0654270186223953
2.1259999999999875,0.11951072032773628,-1.4502022543034274,1.0,0.10901465424394534,2.953496079840354,3.062510734084299
2.1279999999999872,0.11662625019436924,-1.4342543268251147,1.0,0.1066301617709153,2.95299610202588,3.0596262637967953
2.129999999999987,0.11377375693881871,-1.4182255222202698,1.0,0.10426014500606144,2.9525136253804334,3.056773770386495
2.131999999999987,0.11095340143889677,-1.402116717944257,1.0,0.10190513468167563,2.9520482800495382,3.0539534147312137
2.1339999999999866,0.10816534281145085,-1.3859287974901797,1.0,0.09956565854119759,2.9515996974066083,3.051165355947806
2.1359999999999864,0.10540973840038542,-1.3696626502916673,1.0,0.09724224120212914,2.951167510178052,3.048409751380181
2.137999999999986,0.10268674376487802,-1.3533191716259498,1.0,0.09493540402004898,2.9507513525674733,3.0456867565875223
2.139999999999986,0.09999651266778861,-1.3368992625172407,1.0,0.0926456649537632,2.950350860378932,3.042996525332695
2.1419999999999857,0.09733919706426206,-1.3204038296404528,1.0,0.09037353843162609,2.9499656711392235,3.0403392095708495
2.1439999999999855,0.09471494709052262,-1.303833785225269,1.0,0.0881195352190658,2.94959542421915,3.037714959438216
2.1459999999999853,0.09212391105286015,-1.287190046960591,1.0,0.08588416228734708,2.949239760953741,3.035123923241088
2.147999999999985,0.08956623541680675,-1.270473537899384,1.0,0.08366792268360343,2.9488983247614007,3.032566247445004
2.149999999999985,0.08704206479650353,-1.2536851863639404,1.0,0.08147131540217023,2.948570761261941,3.0300420766641114
2.1519999999999846,0.08455154194425632,-1.2368259258515801,1.0,0.07929483525724837,2.948256718393471,3.0275515536507194
2.1539999999999844,0.0820948077402795,-1.2198966949408065,1.0,0.07713897275692871,2.94795584652812,3.025094819285049
2.155999999999984,0.07967200118262713,-1.2028984371979345,1.0,0.07500421397860552,2.9476677985865534,3.0226720125651587
2.157999999999984,0.07728325937731027,-1.1858321010842097,1.0,0.07289104044580623,2.947392230151259,3.0202832705970653
2.1599999999999837,0.07492871752859959,-1.168698639863431,1.0,0.07079992900646556,2.947128799578581,3.0179287285850465
2.1619999999999835,0.07260850892951216,-1.1514990115100954,1.0,0.06873135171266884,2.946877168109453,3.015608519822122
2.1639999999999833,0.07032276495248155,-1.1342341786180774,1.0,0.06668577570189013,2.9466369999788427,3.0133227756807326
2.165999999999983,0.06807161504020987,-1.116905108309855,1.0,0.06466366307974969,2.946407962523836,3.0110716256035857
2.167999999999983,0.0658551866967009,-1.0995127721462974,1.0,0.06266547080431453,2.9461897262903753,3.00885519709469
2.1699999999999826,0.06367360547847305,-1.0820581460370249,1.0,0.06069165057196385,2.9459819651386057,3.0066736157105693
2.1719999999999824,0.06152699498595098,-1.0645422101513509,1.0,0.0587426487048422,2.9457843563468136,3.004527005051656
2.173999999999982,0.05941547685503483,-1.0469659488298169,1.0,0.056818906039921284,2.9455965807139317,3.002415486753853
2.175999999999982,0.05733917074884567,-1.0293303504963298,1.0,0.05492085781969054,2.9454183226605983,3.000339180480289
2.1779999999999817,0.05529819434964617,-1.0116364075709088,1.0,0.0530489335844959,2.9452492703287363,2.998298203913232
2.1799999999999815,0.053292663350935084,-0.9938851163830495,1.0,0.05120355706654657,2.9450891156796404,2.996292672746187
2.1819999999999813,0.05132269144971445,-0.9760774770857136,1.0,0.04938514608560645,2.9449375545905547,2.994322700676161
2.183999999999981,0.0493883903389281,-0.9582144935699455,1.0,0.04759411244638881,2.944794286949717,2.9923883993961056
2.185999999999981,0.04748986970007037,-0.9402971733801264,1.0,0.045830861837670295,2.94465901674985,2.9904898785875202
2.1879999999999806,0.04562723719596365,-0.9223265276298652,1.0,0.044095793733140175,2.9445314521800934,2.9886272459132335
2.1899999999999804,0.043800598463703495,-0.9043035709185315,1.0,0.04238930129400035,2.9444113057163466,2.986800607010347
2.19199999999998,0.04201005710777003,-0.8862293212484336,1.0,0.040711771273330366,2.9442982942100184,2.985010065483349
2.19399999999998,0.04025571469330436,-0.8681047999426414,1.0,0.03906358392223222,2.9441921389751524,2.983255722897385
2.1959999999999797,0.03853767073954868,-0.8499310315634571,1.0,0.037445112897766815,2.944092565873938,2.9815376787717045
2.1979999999999795,0.03685602271344881,-0.8317090438315311,1.0,0.035856725172696335,2.9439993054005646,2.979856030573261
2.1999999999999793,0.03521086602341783,-0.8134398675456256,1.0,0.0342987809470434,2.943912092763431,2.978210873710474
2.201999999999979,0.03360229401325958,-0.7951245365030208,1.0,0.03277163356147933,2.943830667965674,2.976602301527153
2.203999999999979,0.03203039795625066,-0.7767640874205648,1.0,0.03127562941255178,2.9437547758840323,2.975030405296584
2.2059999999999786,0.030495267049379708,-0.758359559856361,1.0,0.029811107869762682,2.9436841663459985,2.973495274215761
2.2079999999999784,0.028996988407742702,-0.7399119961320924,1.0,0.028378401194505982,2.9436185942052826,2.9719969953997887
2.209999999999978,0.02753564705909292,-0.7214224412559742,1.0,0.026977834460874595,2.943557819415551,2.970535653876426
2.211999999999978,0.026111325938544417,-0.7028919428463349,1.0,0.025609725478345217,2.94350160710245,2.969111332580795
2.2139999999999778,0.024724105883427695,-0.6843215510558138,1.0,0.024274384716349743,2.9434497276338853,2.967724112350235
2.2159999999999775,0.023374065628296376,-0.6657123184961733,1.0,0.02297211523074061,2.943401956688566,2.9663740719193066
2.2179999999999773,0.022061281800083637,-0.6470653001637158,1.0,0.02170321259215779,2.943358075322793,2.9650612879149505
2.219999999999977,0.02078582891340721,-0.6283815533652979,1.0,0.020467964816304387,2.943317870035488,2.9637858348517923
2.221999999999977,0.019547779366021777,-0.6096621376449339,1.0,0.01926665229613715,2.943281132831458,2.962547785127595
2.2239999999999767,0.01834720343441756,-0.5909081147109781,1.0,0.01809954773597837,2.9432476612828795,2.9613472090188577
2.2259999999999764,0.01718416926956399,-0.5721205483638766,1.0,0.01696691608755459,2.9432172585890037,2.9601841746765585
2.227999999999976,0.016058742892797292,-0.553300504424478,1.0,0.01586901448796778,2.9431897336340715,2.959058748122039
2.229999999999976,0.014970988191850932,-0.534449050662892,1.0,0.014806092199603807,2.943164901043441,2.9579709932430447
2.231999999999976,0.013920966917027773,-0.5155672567278835,1.0,0.013778390551983023,2.943142581237902,2.956920971789885
2.2339999999999756,0.012908738677512938,-0.4966561940767907,1.0,0.012786142885557275,2.943122600486198,2.9559087433717552
2.2359999999999753,0.011934360937826316,-0.47771693590595316,1.0,0.011829574497457494,2.9431047909557253,2.954934365453183
2.237999999999975,0.010997889014413722,-0.4587505570816381,1.0,0.010908902589195447,2.943088990761427,2.9539978933506226
2.239999999999975,0.010099376072375705,-0.43975813407144915,1.0,0.010024336216323352,2.9430750440128626,2.953099380229186
2.2419999999999747,0.009238873122333078,-0.4207407448762045,1.0,0.009176076240054577,2.9430628008594457,2.9522388770995005
2.2439999999999745,0.008416429017428229,-0.4016994689622687,1.0,0.008364315280848184,2.943052117533869,2.9514164328147174
2.2459999999999742,0.007632090450461332,-0.38263538719432316,1.0,0.007589237673960375,2.9430428563936877,2.950632094067648
2.247999999999974,0.0068859019511605885,-0.3635495817685592,1.0,0.006851019426965201,2.943034885961065,2.94988590538803
2.249999999999974,0.006177905883585673,-0.3444431361462777,1.0,0.0061498281792468894,2.9430280809606852,2.949177909139932
2.2519999999999736,0.005508142443663592,-0.325317134987878,1.0,0.005485823163465935,2.9430223223558247,2.9485081455192907
2.2539999999999734,0.004876649656856178,-0.30617266408722016,1.0,0.004859155169000887,2.9430174973825753,2.9478766525515763
2.255999999999973,0.00428346337595852,-0.2870108103063414,1.0,0.004269966507367635,2.9430134995822277,2.9472834660895955
2.257999999999973,0.0037286172790275997,-0.26783266151051055,1.0,0.003718390979617795,2.9430102288317967,2.9467286198114144
2.2599999999999727,0.0032121428674405134,-0.2486393065036012,1.0,0.003204553845717661,2.943007591372701,2.9462121452184187
2.2619999999999725,0.002734069464081633,-0.2294318349637657,1.0,0.0027285717959090014,2.943005499837595,2.9457340716335043
2.2639999999999723,0.0022944242116581404,-0.2102113373793908,1.0,0.0022905529240530133,2.9430038732753347,2.945294426199388
2.265999999999972,0.001893232071143382,-0.19097890498531597,1.0,0.0018905967029583684,2.9430026371740943,2.944893233877053
2.267999999999972,0.00153051582034754,-0.17173562969929532,1.0,0.0015287939616944004,2.943001723482625,2.9445305174443197
2.2699999999999716,0.001206296052615153,-0.15248260405868308,1.0,0.0012052268648902508,2.9430010706296517,2.9442062974945418
2.2719999999999714,0.0009205911756490597,-0.13322092115732326,1.0,0.0009199688940207274,2.9430006235414132,2.943920592435434
2.273999999999971,0.0006734174104603733,-0.11395167458262304,1.0,0.0006730848306795528,2.9430003336573365,2.9436734184880162
2.275999999999971,0.00046478879044414487,-0.09467595835279015,1.0,0.000464630741840555,2.9430001589438537,2.9434647896856942
2.2779999999999707,0.00029471716058040277,-0.0753948668542136,1.0,0.0002946539671073122,2.943000063906352,2.943294717873459
2.2799999999999705,0.00016321217676030557,-0.05610949477896725,1.0,0.0001631931079516648,2.94300001959926,2.9431632127072116
2.2819999999999703,7.028130523718172e-05,-0.03682093706241582,1.0,7.027801894143286e-05,2.9430000036342734,2.9430702816532146
2.28399999999997,1.592982220227226e-05,-0.01753028882090231,1.0,1.5929800957627062e-05,2.943000000186714,2.9430159299876713
2.28599999999997,1.6081348503423274e-07,0.0017613547105036695,1.0,1.6079640135817813e-07,2.943000000000019,2.9430001607964207
2.2879999999999696,2.2975174377904273e-05,0.021052898240217725,1.0,2.2974586390594387e-05,2.9430000003883747,2.9430229749747654
2.2899999999999694,8.437160958546327e-05,0.04034324648233348,1.0,8.436598994685283e-05,2.9430000052374736,2.9430843712274206
2.291999999999969,0.00018434663329798496,0.05963130421881728,1.0,0.00018432106517185,2.943000025003415,2.9431843460685867
2.293999999999969,0.00032289456938939355,0.07891597636172573,1.0,0.0003228171124140744,2.943000076709734,2.943322893822148
2.2959999999999687,0.0005000075517396963,0.09819616801546699,1.0,0.0004998226794251861,2.9430001839425706,2.9435000066219956
2.2979999999999685,0.0007156755246819998,0.11747078453912656,1.0,0.0007152975685060815,2.943000376843966,2.943715674412472
2.2999999999999683,0.0009698862435742607,0.13673873160887856,1.0,0.0009691928456423994,2.9430006921033036,2.943969884948946
2.301999999999968,0.0012626252754959597,0.15599891528050291,1.0,0.001261450851629189,2.9430011729468775,2.944262623798507
2.303999999999968,0.001593876000069935,0.17525024205202938,1.0,0.0015920052151843565,2.9430018691256037,2.944593874340788
2.3059999999999676,0.001963619610409647,0.1944916189265286,1.0,0.001960780868050496,2.9430028369008627,2.9449636177689134
2.3079999999999674,0.0023718351141921883,0.21372195347507073,1.0,0.0023676940620845554,2.943004139028485,2.9453718330905696
2.309999999999967,0.0028184993348573965,0.23294015389987147,1.0,0.002812652388334784,2.9430058447408727,2.9458184971292076
2.311999999999967,0.003303586912933463,0.2521451290976461,1.0,0.0032955547981042546,2.94300802972726,2.9463035845253644
2.3139999999999668,0.0038270703074894732,0.27133578872319053,1.0,0.0038162916260002116,2.9430107761121196,2.94682706773812
2.3159999999999665,0.0043889197977153545,0.29051104325320953,1.0,0.004374744614968356,2.9430141724317056,2.947388917046674
2.3179999999999663,0.00498910348462974,0.309669804050411,1.0,0.004970786943311103,2.9430183136087438,2.947989100552055
2.319999999999966,0.005627587292916307,0.3288109834278856,1.0,0.005604283253688724,2.9430233009252675,2.9486275841789564
2.321999999999966,0.006304334972889175,0.3479334947137905,1.0,0.006275089684102111,2.943029241993601,2.949304331677703
2.3239999999999656,0.007019308102587985,0.36703625231635506,1.0,0.006983053900855899,2.9430362507254872,2.950019304626343
2.3259999999999654,0.007772466090003339,0.38611817178922797,1.0,0.007728015133500349,2.9430444472993766,2.950772462432877
2.327999999999965,0.008563766175433278,0.4051781698971818,1.0,0.008509804211750453,2.9430539581258617,2.9515637623376123
2.329999999999965,0.009393163433971544,0.4242151646821939,1.0,0.009328243604380356,2.9430649158112727,2.952393159415653
2.3319999999999648,0.010260610778128404,0.4432280755299197,1.0,0.010183147460091206,2.9430774591194275,2.953260606579519
2.3339999999999645,0.011166058960584811,0.4622158232365759,1.0,0.011074321650350204,2.9430917329315487,2.954166054581899
2.3359999999999643,0.01210945657708077,0.48117733007624847,1.0,0.012001563814198474,2.9431078882043447,2.9551094520185432
2.337999999999964,0.013090750069438745,0.5001115198686429,1.0,0.012964663405025282,2.9431260819262577,2.956090745331283
2.339999999999964,0.014109883728723032,0.5190173180472905,1.0,0.013963401739305692,2.9431464770718856,2.9571098788111914
2.3419999999999637,0.015166799698536005,0.5378936517282266,1.0,0.01499755204729864,2.943169242554582,2.9581667946018806
2.3439999999999634,0.01626143797845221,0.5567394497791546,1.0,0.01606687952570227,2.9431945531772308,2.959261432702933
2.3459999999999632,0.017393736427591282,0.5755536428891096,1.0,0.017171141392262803,2.9432225895812154,2.960393730973478
2.347999999999963,0.01856363076833069,0.5943351636386351,1.0,0.018310086942333232,2.9432535381935683,2.9615636251359017
2.349999999999963,0.019771054590159372,0.6130829465704861,1.0,0.01948345760737767,2.943287591172323,2.9627710487797003
2.3519999999999626,0.021015939353673314,0.6317959282608693,1.0,0.020690987015416974,2.943324946350063,2.96401593336548
2.3539999999999623,0.022298214394714144,0.650473047391234,1.0,0.021932401053410815,2.943365807175678,2.965298208229089
2.355999999999962,0.023617806928651876,0.6691132448206232,1.0,0.02320741793157118,2.943410382654334,2.9666178005859054
2.357999999999962,0.024974642054812927,0.6877154636585964,1.0,0.024515748249601697,2.943458887285664,2.967974635535266
2.3599999999999617,0.02636864276105455,0.706278649338733,1.0,0.02585709506485739,2.9435115410001766,2.969368636065034
2.3619999999999615,0.027799729928486876,0.7248017496927266,1.0,0.027231153962417882,2.94356856909391,2.970799723056328
2.3639999999999612,0.029267822336343726,0.7432837150250778,1.0,0.028637613127068286,2.9436302021613208,2.9722678152883892
2.365999999999961,0.030772836667003433,0.7617234981883941,1.0,0.03007615341718012,2.943696676026425,2.973772829443605
2.367999999999961,0.03231468751116086,0.7801200546593035,1.0,0.0315464484404852,2.943768231672191,2.9753146801126764
2.3699999999999606,0.03389328737315187,0.7984723426149888,1.0,0.03304816463173403,2.943845115168213,2.976893279799947
2.3719999999999604,0.03550854667643151,0.8167793230103487,1.0,0.03458096133223103,2.9439275775966487,2.97850853892888
2.37399999999996,0.03716037376920709,0.8350399596557899,1.0,0.03614449087123701,2.944015874976452,2.980160365847689
2.37599999999996,0.03884867493022756,0.8532532192956552,1.0,0.03773839864922992,2.9441102681859004,2.9818486668351305
2.3779999999999597,0.04057335437473033,0.8714180716872918,1.0,0.039362323223013716,2.944211022883435,2.9835733461064486
2.3799999999999595,0.042334314260546874,0.8895334896807614,1.0,0.04101589639266499,2.9443184094268173,2.985334305819482
2.3819999999999593,0.04413145469436841,0.9075984492991958,1.0,0.0426987432903064,2.9444327027906225,2.987131446080929
2.383999999999959,0.04596467373817295,0.9256119298197977,1.0,0.04441048247069507,2.9445541824820785,2.9889646649527735
2.385999999999959,0.04783386741581496,0.943572913855489,1.0,0.0461507260036139,2.944683132455264,2.990833858458878
2.3879999999999586,0.049738929719778995,0.9614803874372057,1.0,0.04791907956805318,2.944819841023679,2.9927389205917323
2.3899999999999584,0.051679752618098554,0.9793333400968374,1.0,0.049715142548168674,2.9449646007712085,2.9946797433193773
2.391999999999958,0.05365622606144147,0.9971307649508124,1.0,0.05153850813100245,2.9451177084614826,2.996656216592485
2.393999999999958,0.05566823799036312,1.0148716587843225,1.0,0.05338876340595155,2.9452794649456693,2.9986682283516206
2.3959999999999577,0.05771567434272868,1.0325550221361868,1.0,0.055265489465969125,2.945450175068684,3.000715664534653
2.3979999999999575,0.0597984190613058,1.0501798593843485,1.0,0.057168261510482384,2.945630147573875,3.0027984090843574
2.3999999999999573,0.06191635410152884,1.0677451788320014,1.0,0.05909664895000952,2.945819695006162,3.0049163439561717
2.401999999999957,0.06406935943943605,1.0852499927943375,1.0,0.06105021551245927,2.9460191336136843,3.0070693491261435
2.403999999999957,0.06625731307978082,1.1026933176859135,1.0,0.06302851935109445,2.946228783247936,3.0092573025990306
2.4059999999999566,0.06848009106431827,1.120074174108623,1.0,0.06503111315414016,2.946448967262452,3.011480080416592
2.4079999999999564,0.07073756748026841,1.1373915869402713,1.0,0.06705754425601733,2.9466800124100403,3.0137375566660576
2.409999999999956,0.07302961446895703,1.154644585423739,1.0,0.06910735475018115,2.946922248738575,3.016029603488756
2.411999999999956,0.0753561022346355,1.1718322032567297,1.0,0.07118008160354276,2.947176009485402,3.0183560910889446
2.4139999999999557,0.07771689905348061,1.1889534786820837,1.0,0.07327525677245246,2.947441630970354,3.0207168877428066
2.4159999999999555,0.0801118712827757,1.2060074545786539,1.0,0.07539240732022136,2.9477194524874095,3.023111859807631
2.4179999999999553,0.08254088337027393,1.2229931785527244,1.0,0.07753105553615808,2.948009816195018,3.025540871731176
2.419999999999955,0.08500379786374504,1.2399097030299628,1.0,0.07969071905609516,2.9483130670051225,3.028003786061218
2.421999999999955,0.08750047542070652,1.2567560853478903,1.0,0.08187091098438153,2.9486295524708965,3.030500463455278
2.4239999999999546,0.09003077481834018,1.2735313878488532,1.0,0.08407114001731254,2.948959622673233,3.0330307626905455
2.4259999999999544,0.0925945529635952,1.2902346779734828,1.0,0.08629091056797275,2.9493036301060016,3.035594540673974
2.427999999999954,0.09519166490347855,1.3068650283546233,1.0,0.08852972289246194,2.9496619295601154,3.038191652452577
2.429999999999954,0.0978219638355337,1.3234215169117134,1.0,0.09078707321747648,2.9500348780064267,3.0408219512239034
2.4319999999999538,0.10048530111850858,1.3399032269456004,1.0,0.09306245386921648,2.9504228344774885,3.043485288346705
2.4339999999999535,0.10318152628321353,1.3563092472337686,1.0,0.09535535340358722,2.950826159948213,3.0461815133518004
2.4359999999999533,0.10591048704357019,1.372638672125962,1.0,0.09766525673766521,2.95124521721545,3.048910473953115
2.437999999999953,0.10867202930785186,1.3888906016401799,1.0,0.09999164528239492,2.9516803707765336,3.0516720160589283
2.439999999999953,0.11146599719011639,1.405064141559023,1.0,0.1023339970764838,2.9521319867068208,3.0544659837833046
2.4419999999999527,0.11429223302183197,1.4211584035263691,1.0,0.10469178692146243,2.952600432536254,3.0572922194577163
2.4439999999999524,0.11715057736369659,1.437172505144353,1.0,0.10706448651787266,2.9530860771249965,3.060150563642869
2.445999999999952,0.12004086901765182,1.4531055700706275,1.0,0.10945156460255127,2.953589290538157,3.0630408551407085
2.447999999999952,0.12296294503909129,1.4689567281158813,1.0,0.11185248708696861,2.9541104439196677,3.0659629310066365
2.4499999999999518,0.12591664074926448,1.4847251153415857,1.0,0.11426671719658864,2.9546499093653167,3.0689166265619052
2.4519999999999516,0.12890178974787622,1.5004098741579452,1.0,0.11669371561120863,2.9552080597950208,3.0719017754062294
2.4539999999999513,0.1319182239258822,1.516010153422026,1.0,0.1191329406062418,2.955785268824327,3.0749182094305687
2.455999999999951,0.13496577347848104,1.5315251085360313,1.0,0.12158384819490116,2.9563819106352276,3.077965758830129
2.457999999999951,0.13804426691830288,1.546953901545697,1.0,0.12404589227124453,2.9569983598463003,3.081044252117545
2.4599999999999507,0.14115353108879491,1.5622957012387784,1.0,0.126518524754038,2.9576349913822346,3.0841535161362725
2.4619999999999505,0.144293391177804,1.577549683243597,1.0,0.12900119573139693,2.9582921803427675,3.0872933760741645
2.4639999999999502,0.1474636707313563,1.592715030127616,1.0,0.13149335360615905,2.9589703018710947,3.0904636554772535
2.46599999999995,0.15066419166763428,1.6077909314960164,1.0,0.13399444524194587,2.9596697310217848,3.0936641762637307
2.46799999999995,0.15389477429115056,1.6227765840902357,1.0,0.1365039161098696,2.960390842628243,3.0968947587381126
2.4699999999999496,0.15715523730711894,1.6376711918864444,1.0,0.13902121043583504,2.9611340111697877,3.1001552216056227
2.4719999999999493,0.16044539783602235,1.6524739661939194,1.0,0.14154577134839524,2.9618996106383553,3.1034453819867505
2.473999999999949,0.16376507142837718,1.6671841257532856,1.0,0.14407704102710944,2.962688014404911,3.1067650554320205
2.475999999999949,0.16711407207969423,1.6818008968345897,1.0,0.1466144608513569,2.963499595085593,3.11011405593695
2.4779999999999487,0.17049221224563535,1.6963235133351695,1.0,0.14915747154955805,2.9643347244076517,3.1134921959572095
2.4799999999999485,0.17389930285736574,1.7107512168772872,1.0,0.151705513348752,2.965193773075221,3.116899286423973
2.4819999999999482,0.17733515333710123,1.7250832569054864,1.0,0.15425802612448197,2.966077110634982,3.120335136759464
2.483999999999948,0.1807995716138499,1.739318890783639,1.0,0.15681444955093643,2.9669851053417617,3.123799554892698
2.485999999999948,0.18429236413934755,1.753457383891645,1.0,0.15937422325129447,2.9679181240241257,3.12729234727542
2.4879999999999476,0.18781333590418606,1.7674980097217454,1.0,0.16193678694822428,2.968876531950008,3.130813318898232
2.4899999999999474,0.19136229045413408,1.7814400499744152,1.0,0.16450158061448114,2.9698606926924294,3.1343622733069103
2.491999999999947,0.19493902990664905,1.7952827946537915,1.0,0.16706804462355151,2.970870967995371,3.1379390126189226
2.493999999999947,0.19854335496757947,1.8090255421626056,1.0,0.1696356199002897,2.971907717639837,3.141543337540127
2.4959999999999467,0.2021750649480566,1.8226675993965742,1.0,0.17220374807149336,2.97297129931017,3.145175047381663
2.4979999999999465,0.20583395778157434,1.836208281838214,1.0,0.17477187161636162,2.9740620684606736,3.148833940077035
2.4999999999999463,0.2095198300412562,1.8496469136500389,1.0,0.177339434016781,2.975180378182597,3.1525198121993783
2.501999999999946,0.21323247695730782,1.8629828277671001,1.0,0.17990587990738496,2.976326579071522,3.156232458978907
2.503999999999946,0.2169716924346541,1.8762153659888297,1.0,0.1824706552253281,2.97750101909523,3.159971674320558
2.5059999999999456,0.22073726907075922,1.8893438790701456,1.0,0.18503320735972092,2.9787040434620846,3.1637372508218053
2.5079999999999454,0.22452899817362793,1.9023677268117816,1.0,0.187592985300667,2.9799359944899995,3.1675289797906663
2.509999999999945,0.22834666977998697,1.9152862781497964,1.0,0.19014943978784715,2.981197211476031,3.171346651263878
2.511999999999945,0.2321900726736445,1.928098911244226,1.0,0.1927020234585893,2.982488030566671,3.1751900540252604
2.5139999999999447,0.2360589944040259,1.9408050135668353,1.0,0.19525019099537233,2.9838087846288786,3.179058975624251
2.5159999999999445,0.23995322130488422,1.9534039819879294,1.0,0.19779339927270073,2.985159803121914,3.1829532023946148
2.5179999999999443,0.24387253851318333,1.965895222862184,1.0,0.20033110750329514,2.9865414119700335,3.1868725194733285
2.519999999999944,0.24781672998815152,1.978278152113453,1.0,0.2028627773835395,2.987953933436094,3.1908167108196333
2.521999999999944,0.2517855785305039,1.9905521953185124,1.0,0.20538787323812754,2.9893976859961287,3.1947855592342562
2.5239999999999436,0.2557788658018309,2.002716787789702,1.0,0.2079058621638493,2.9908729842149526,3.198778846378802
2.5259999999999434,0.2597963723441513,2.0147713746564198,1.0,0.21041621417246065,2.9923801386228415,3.202796352795302
2.527999999999943,0.26383787759962685,2.0267154109454326,1.0,0.21291840233257667,2.993919455593356,3.2068378579259327
2.529999999999943,0.267903159930436,2.0385483616599593,1.0,0.21541190291053175,2.9954912372223546,3.2109031401328862
2.5319999999999427,0.27199199663880524,2.050269701857489,1.0,0.2178961955101478,2.9970957812082553,3.214991976718403
2.5339999999999425,0.276104163987194,2.0618789167262905,1.0,0.22037076321135277,2.9987333807336043,3.219104143944957
2.5359999999999423,0.2802394372186319,2.073375501660577,1.0,0.22283509270759203,3.000404324348001,3.223239417055593
2.537999999999942,0.2843975905772046,2.084758962334283,1.0,0.2252886744419767,3.0021088958524342,3.227397570294411
2.539999999999942,0.2885783973286855,2.0960288147734154,1.0,0.22773100274210759,3.0038473741850935,3.2315783769272013
2.5419999999999416,0.29278162978131156,2.1071845854269413,1.0,0.23016157595352507,3.005620033308689,3.2357816092622143
2.5439999999999414,0.2970070593066984,2.1182258112361687,1.0,0.2325798965717201,3.007427142099363,3.240007038671083
2.545999999999941,0.3012544563608934,2.1291520397025883,1.0,0.23498547137265835,3.009268964237211,3.2442544356098693
2.547999999999941,0.30552359050556227,2.139962828954133,1.0,0.2373778115417559,3.011145758098501,3.248523569640257
2.5499999999999408,0.3098142304293073,2.15065774780982,1.0,0.23975643280125528,3.013057776649607,3.2528142094508623
2.5519999999999405,0.3141261439691122,2.161236375842739,1.0,0.2421208555359457,3.0150052673427434,3.257126122878689
2.5539999999999403,0.3184590981319125,2.171698303441345,1.0,0.2444706049171746,3.0169884720135123,3.261459076930687
2.55599999999994,0.3228128591162855,2.182043131869031,1.0,0.2468052110250949,3.0190076267803563,3.265812837805451
2.55799999999994,0.3271871923342587,2.1922704733219276,1.0,0.24912420896910026,3.0210629619459266,3.270187170915027
2.5599999999999397,0.3315818624332314,2.202379950984913,1.0,0.25142713900638997,3.0231547019004408,3.274581840906831
2.5619999999999394,0.33599663331800667,2.2123711990857853,1.0,0.2537135466586184,3.0252830650270655,3.2789966116856837
2.563999999999939,0.34043126817292985,2.222243862947569,1.0,0.25598298282657517,3.0274482636093736,3.2834312464359487
2.565999999999939,0.34488552948412976,2.231997599038925,1.0,0.2582350039028471,3.0296505037409256,3.2878855076437725
2.5679999999999388,0.3493591790618587,2.2416320750226237,1.0,0.2604691718824138,3.0318899852370125,3.292359157119426
2.5699999999999386,0.35385197806292756,2.2511469698020603,1.0,0.26268505447113033,3.0341669015486095,3.29685195601974
2.5719999999999383,0.3583636870132319,2.2605419735657706,1.0,0.26488222519204774,3.0364814396785778,3.3013636648706255
2.573999999999938,0.3628940658303651,2.2698167878299245,1.0,0.2670602634895271,3.0388337801001684,3.3058940435896953
2.575999999999938,0.36744287384631436,2.278971125478765,1.0,0.26921875483110214,3.041224096677856,3.310442851508958
2.5779999999999377,0.3720098698302356,2.2880047108029653,1.0,0.27135729080704857,3.043652556590537,3.3150098473975858
2.5799999999999375,0.37659481201130285,2.2969172795358737,1.0,0.2734754692276134,3.046119320257159,3.3195947894847726
2.5819999999999372,0.3811974581016282,2.3057085788876215,1.0,0.27557289421786646,3.048624541264784,3.3241974354826502
2.583999999999937,0.3858175653192475,2.31437836757707,1.0,0.27764917631013464,3.0511683662991387,3.3288175426092734
2.585999999999937,0.3904548904111681,2.3229264158615663,1.0,0.2797039325339741,3.053750935077695,3.333454867611669
2.5879999999999366,0.3951091896764736,2.3313525055644866,1.0,0.2817367865036506,3.056372380285289,3.3381091667889398
2.5899999999999364,0.39978021898948174,2.339656430100547,1.0,0.2837473685030847,3.0590328275123375,3.342780196015422
2.591999999999936,0.40446773382295037,2.347837994498852,1.0,0.2857353155682311,3.061732395195664,3.347467710763895
2.593999999999936,0.40917148927132746,2.3558970154236665,1.0,0.2877002715668569,3.0644711945619676,3.3521714661288247
2.5959999999999357,0.41389124007404027,2.3638333211928875,1.0,0.2896418872756836,3.067249329573975,3.3568912168496587
2.5979999999999355,0.4186267406388191,2.3716467517941977,1.0,0.29155982045486734,3.0700668968792786,3.361626717334146
2.5999999999999353,0.42337774506505116,2.3793371588988803,1.0,0.2934537359197842,3.0729239857619093,3.3663777216816935
2.601999999999935,0.42814400716715956,2.3869044058732825,1.0,0.2953233056100903,3.0758206780966546,3.371143983706745
2.603999999999935,0.4329252804980029,2.3943483677879067,1.0,0.29716820865603577,3.0787570483061417,3.3759252569621774
2.6059999999999346,0.4377213183722908,2.401668931424118,1.0,0.2989881314420034,3.0817331633207163,3.38072129476272
2.6079999999999344,0.4425318738900102,2.4088659952784535,1.0,0.3007827676672477,3.0847490825411312,3.385531850208379
2.609999999999934,0.4473566999598581,2.415939469564516,1.0,0.30255181840381656,3.0878048578040542,3.3903566762078707
2.611999999999934,0.4521955493226756,2.422889276212451,1.0,0.3042949921516279,3.090900533350427,3.395195525502055
2.6139999999999337,0.4570481745748782,2.4297153488659853,1.0,0.3060120048906919,3.0940361457966747,3.4000481506873665
2.6159999999999335,0.4619143281918782,2.4364176328770224,1.0,0.30770258013045154,3.097211724108786,3.4049143042392376
2.6179999999999333,0.46679376255149374,2.44299608529779,1.0,0.309366448956233,3.1004272895792706,3.4097937385355035
2.619999999999933,0.4716862299573391,2.449450674870528,1.0,0.31100335007278773,3.10368285580701,3.4146862058797978
2.621999999999933,0.47659148266219276,2.45578138201471,1.0,0.3126130298449153,3.106978428680003,3.419591458524918
2.6239999999999326,0.4815092728913367,2.4619881988118015,1.0,0.31419524233515667,3.110314006361007,3.4245092486961637
2.6259999999999324,0.48643935286586354,2.4680711289875403,1.0,0.31574974933854705,3.1136895792760986,3.4294393286146456
2.627999999999932,0.4913814748259448,2.4740301878917474,1.0,0.31727632041442305,3.1171051301061294,3.4343814505205525
2.629999999999932,0.4963353910540571,2.4798654024756597,1.0,0.31877473291527486,3.1205606337811043,3.4393353666963793
2.6319999999999317,0.5013008538981603,2.485576811266788,1.0,0.3202447720126448,3.1240560574774583,3.444300829490103
2.6339999999999315,0.5062776157948226,2.4911644643413027,1.0,0.32168623072006236,3.1275913606182466,3.449277591338309
2.6359999999999313,0.5112654292922884,2.496628423293946,1.0,0.32309890991302387,3.131166494876235,3.454265404789259
2.637999999999931,0.5162640470734833,2.5019687612054775,1.0,0.32448261834600867,3.134781404179886,3.4592640225258946
2.639999999999931,0.5212732219789513,2.507185562607659,1.0,0.32583717266654155,3.138436024722233,3.4642731973887746
2.6419999999999306,0.5262927070297202,2.5122789234457783,1.0,0.32716239742630276,3.1421302849726422,3.469292682398945
2.6439999999999304,0.5313222554500885,2.5172489510387295,1.0,0.32845812508928907,3.145864105691429,3.474322230780718
2.64599999999993,0.5363616206903311,2.522095764036647,1.0,0.3297241960370396,3.149637399947346,3.4793615959843858
2.64799999999993,0.5414105564493175,2.526819492376114,1.0,0.3309604585709313,3.1534500731378987,3.48441053170883
2.6499999999999297,0.5464688166970373,2.5314202772329457,1.0,0.3321667689115543,3.157302023012502,3.4894687919240566
2.6519999999999295,0.5515361556970301,2.5358982709725693,1.0,0.3333429911951841,3.1611931396984345,3.4945361308936187
2.6539999999999293,0.5566123280287126,2.5402536370980062,1.0,0.3344889974673606,3.165123305729586,3.4996123031969466
2.655999999999929,0.5616970886096003,2.544486550195475,1.0,0.3356046676735931,3.169092396077975,3.5046970637515678
2.657999999999929,0.5667901927174169,2.5485971958776292,1.0,0.33668988964720514,3.173100278188016,3.509790167835221
2.6599999999999286,0.571891396012089,2.552585770724447,1.0,0.3377445590943429,3.1771468120135014,3.5148913711078444
2.6619999999999284,0.5770004545576194,2.5564524822217916,1.0,0.33876857957616335,3.1812318500572876,3.520000429633451
2.663999999999928,0.5821171248438355,2.5601975486976585,1.0,0.3397618624882264,3.1853552374136553,3.5251170999018817
2.665999999999928,0.5872411638080081,2.5638211992561324,1.0,0.3407243270371167,3.1895168118133,3.5302411388504167
2.6679999999999278,0.5923723288563354,2.567323673709073,1.0,0.34165590021431497,3.1937164036709507,3.5353723038852656
2.6699999999999275,0.5975103778852887,2.570705222505555,1.0,0.34255651676735255,3.197953836135556,3.5405103529029085
2.6719999999999273,0.602655069302814,2.5739661066590798,1.0,0.3434261191682711,3.202228925143031,3.545655044311302
2.673999999999927,0.6078061620493864,2.5771065976725884,1.0,0.34426465757942076,3.206541479471508,3.5508061370509285
2.675999999999927,0.6129634156189123,2.5801269774612994,1.0,0.34507208981662774,3.210891300799076,3.5559633906157035
2.6779999999999267,0.6181265900794749,2.583027538273398,1.0,0.3458483813097605,3.215278183763958,3.5611265650737183
2.6799999999999264,0.623295446093919,2.5858085826086,1.0,0.3465935050607334,3.2197019160270908,3.5662954210878244
2.681999999999926,0.6284697449402709,2.5884704231346296,1.0,0.34730744159897825,3.2241622783370762,3.5714697199360543
2.683999999999926,0.6336492485319891,2.5910133826016235,1.0,0.3479901789344232,3.22865904459745,3.576649223531873
2.685999999999926,0.6388337194380423,2.593437793754509,1.0,0.3486417125080154,3.2331919819362387,3.581833694444254
2.6879999999999256,0.6440229209028091,2.595743999243374,1.0,0.34926204513982584,3.237760850777755,3.587022895917581
2.6899999999999253,0.6492166168657972,2.597932351531869,1.0,0.349851186974777,3.242365404916589,3.592216591891366
2.691999999999925,0.6544145719811775,2.6000032128036685,1.0,0.35040915542603696,3.2470053915937465,3.5974145470197834
2.693999999999925,0.6596165516371287,2.6019569548670285,1.0,0.35093597511611674,3.251680551574898,3.6026165266910146
2.6959999999999247,0.6648223219749899,2.603793959057475,1.0,0.3514316778157197,3.2563906192306806,3.6078222970464005
2.6979999999999245,0.6700316499082158,2.6055146161386538,1.0,0.3518963023803835,3.261135322619015,3.6130316249993983
2.6999999999999242,0.6752443031411329,2.6071193262013868,1.0,0.3523298946849647,3.2659143835693705,3.618244278254335
2.701999999999924,0.6804600501874907,2.6086084985609603,1.0,0.35273250755600727,3.2707275177689534,3.6234600253249605
2.703999999999924,0.685678660388807,2.6099825516526924,1.0,0.35310420070204485,3.2755744348507485,3.6286786355527934
2.7059999999999236,0.6908999039325019,2.611241912925813,1.0,0.3534450406418875,3.2804548384833634,3.633899879125251
2.7079999999999234,0.6961235518698183,2.612387018735693,1.0,0.35375510063093557,3.285368426462639,3.6391235270935747
2.709999999999923,0.7013493761335251,2.613418314234471,1.0,0.3540344605855775,3.2903148908049547,3.6443493513905323
2.711999999999923,0.7065771495553996,2.614336253260106,1.0,0.3542832070057195,3.295293917842178,3.649577124847897
2.7139999999999227,0.7118066458834874,2.6151412982239037,1.0,0.3545014328954945,3.3003051883182173,3.654806621213712
2.7159999999999225,0.7170376397991353,2.61583391999656,1.0,0.3546892376822104,3.3053483774871086,3.660037615169319
2.7179999999999223,0.7222699069337946,2.6164145977927555,1.0,0.3548467271335834,3.3104231552125807,3.665269882346164
2.719999999999922,0.7275032238855929,2.6168838190543493,1.0,0.3549740132733144,3.3155291860690546,3.670503199342369
2.721999999999922,0.7327373682356703,2.617242079332212,1.0,0.35507121429505706,3.320666129444012,3.675737343739069
2.7239999999999216,0.7379721185642782,2.6174898821667445,1.0,0.3551384544748387,3.3258336396416674,3.6809720941165063
2.7259999999999214,0.7432072544666378,2.6176277389671214,1.0,0.35517586408198104,3.3310313659879145,3.6862072300698956
2.727999999999921,0.7484425565685559,2.617656168889305,1.0,0.35518357928858507,3.336258952936451,3.691442532225036
2.729999999999921,0.7536778065417953,2.6175756987128764,1.0,0.3551617420776247,3.3415160401760544,3.696677782253679
2.7319999999999207,0.7589127871191983,2.6173868627167263,1.0,0.3551105001497154,3.346802262738944,3.7019127628886594
2.7339999999999205,0.7641472821095597,2.6170902025536473,1.0,0.35503000682860797,3.3521172511101534,3.7071472579387614
2.7359999999999203,0.7693810764122486,2.6166862671238813,1.0,0.3549204209654644,3.357460631337877,3.712381052303342
2.73799999999992,0.7746139560315759,2.616175612447657,1.0,0.3547819068419757,3.362832025144725,3.7176139319867008
2.73999999999992,0.7798457080909059,2.615558801536773,1.0,0.35461463407237287,3.368231050039816,3.722845684112189
2.7419999999999196,0.7850761208465106,2.6148364042652643,1.0,0.3544187775043942,3.373657319431673,3.728076096936067
2.7439999999999194,0.7903049837011635,2.6140089972392047,1.0,0.3541945171192613,3.3791104427418324,3.7333049598610937
2.745999999999919,0.7955320872174736,2.6130771636656847,1.0,0.3539420379307221,3.384590025519142,3.738532063449864
2.747999999999919,0.800757223130955,2.612041493221018,1.0,0.353661529883218,3.39009566955466,3.7437571994378778
2.7499999999999187,0.8059801843628334,2.610902581918217,1.0,0.3533531877492323,3.395626972997112,3.748980160746344
2.7519999999999185,0.8112007650325862,2.6096610319737885,1.0,0.35301721102587635,3.4011835304688476,3.754200741494724
2.7539999999999183,0.816418760470216,2.6083174516738903,1.0,0.35265380383076894,3.406764933182235,3.7594187370130037
2.755999999999918,0.8216339672282552,2.6068724552399014,1.0,0.35226317479726765,3.412370769056431,3.7646339438536986
2.757999999999918,0.8268461830935018,2.605326662693448,1.0,0.3518455369691071,3.4180006228344815,3.7698461598035884
2.7599999999999176,0.8320552070984845,2.6036806997209303,1.0,0.351401107694498,3.423654076200685,3.7750551838951827
2.7619999999999174,0.8372608395326562,2.6019351975376024,1.0,0.35093010851974876,3.4293307078981674,3.780260816417916
2.763999999999917,0.8424628819533158,2.600090792751244,1.0,0.3504327650824572,3.4350300938466094,3.7854628589290664
2.765999999999917,0.8476611371962562,2.5981481272254747,1.0,0.349909307004333,3.440751807260074,3.790661114264407
2.7679999999999167,0.8528554093861395,2.5961078479427537,1.0,0.349359967783704,3.4464954187648758,3.79585538654858
2.7699999999999165,0.8580455039465968,2.593970606867113,1.0,0.3487849846877593,3.4522604965174337,3.8010454812051933
2.7719999999999163,0.8632312276100548,2.591737060806667,1.0,0.34818459864458284,3.45804660632207,3.806231204966653
2.773999999999916,0.8684123884272852,2.5894078712759443,1.0,0.34755905413503396,3.463853311748673,3.811412365883707
2.775999999999916,0.8735887957766807,2.5869837043580874,1.0,0.3469085990845228,3.469680174250203,3.816588773334726
2.7779999999999156,0.8787602603732539,2.5844652305669644,1.0,0.34623348475473464,3.4755267532799636,3.8217602380346984
2.7799999999999154,0.8839265942773612,2.5818531247092333,1.0,0.34553396563535754,3.4813926064086,3.8269265720439574
2.781999999999915,0.8890876109031497,2.57914806574641,1.0,0.3448102993358577,3.4872772894407675,3.8320875887766253
2.783999999999915,0.8942431250267298,2.576350736656976,1.0,0.34406274647735824,3.4931803565314286,3.837243103008787
2.7859999999999148,0.8993929527940707,2.573461824298573,1.0,0.34329157058466986,3.499101360301717,3.842392930886387
2.7879999999999145,0.9045369117286216,2.5704820192703264,1.0,0.3424970379785185,3.50503985195433,3.8475368899328486
2.7899999999999143,0.9096748207386567,2.567412015775339,1.0,0.3416794176680239,3.510995381388396,3.8526747990564196
2.791999999999914,0.9148065001243458,2.5642525114833963,1.0,0.34083898124347023,3.5169674973137726,3.857806478557243
2.793999999999914,0.9199317715845511,2.5610042073939283,1.0,0.3399760027694206,3.522955747364733,3.8629317501341536
2.7959999999999137,0.925050458223349,2.5576678076992634,1.0,0.33909075867821703,3.5289596782129853,3.8680504368912025
2.7979999999999134,0.9301623845562799,2.5542440196482166,1.0,0.3381835276639143,3.534978835679984,3.8731623633438983
2.7999999999999132,0.9352673765163247,2.5507335534100544,1.0,0.33725459057668644,3.541012764848512,3.8782673554251983
2.801999999999913,0.9403652614596106,2.5471371219388734,1.0,0.33630423031775664,3.5470610101734406,3.883365240491197
2.803999999999913,0.9454558681708449,2.54345544083843,1.0,0.33533273173488415,3.5531231155916916,3.8884558473265756
2.8059999999999126,0.9505390268684798,2.539689228227461,1.0,0.3343403815184577,3.5591986246312994,3.8935390061497572
2.8079999999999123,0.9556145692096082,2.5358392046055336,1.0,0.33332746809822866,3.565287080519574,3.898614548617803
2.809999999999912,0.9606823282945915,2.53190609271946,1.0,0.332294281540728,3.5713880262903186,3.9036823078310467
2.811999999999912,0.9657421386714212,2.527890617430313,1.0,0.33124111344740587,3.5775010048900437,3.9087421183374498
2.8139999999999117,0.9707938363398148,2.523793505581079,1.0,0.3301682568535254,3.5836255592831727,3.9137938161366983
2.8159999999999115,0.9758372587550478,2.5196154858649846,1.0,0.3290760061278568,3.5897612325561807,3.9188372386840378
2.8179999999999112,0.9808722448315235,2.5153572886945263,1.0,0.32796465687319765,3.595907568020643,3.9238722248938407
2.819999999999911,0.9858986349460804,2.5110196460712446,1.0,0.32683450582776097,3.6020641093151533,3.928898615142914
2.821999999999911,0.9909162709410417,2.50660329145627,1.0,0.3256858507674606,3.6082304005060912,3.9339162512735517
2.8239999999999106,0.9959249961270049,2.5021089596416726,1.0,0.32451899040912996,3.6144059861871884,3.9389249765963186
2.8259999999999104,1.000924655285376,2.4975373866226542,1.0,0.32333422431470066,3.620590411577888,3.943924635892589
2.82799999999991,1.0059150946706488,2.492889309470604,1.0,0.3221318527963775,3.626783222620448,3.9489150754168256
2.82999999999991,1.0108961620124306,2.488165466207056,1.0,0.32091217682283363,3.63298396607577,3.9538961428986035
2.8319999999999097,1.0158677065172181,2.4833665956785724,1.0,0.31967549792645944,3.639192189617928,3.9588676875443873
2.8339999999999095,1.0208295788699222,2.478493437432588,1.0,0.31842211811168825,3.645407441927369,3.9638295600390574
2.8359999999999093,1.0257816312351469,2.473546731594236,1.0,0.31715233976442747,3.6516292727827566,3.968781612547184
2.837999999999909,1.0307237172582224,2.468527218744189,1.0,0.31586646556262055,3.657857233151446,3.9737236987140667
2.839999999999909,1.0356556920659947,2.4634356397975368,1.0,0.314564798387964,3.6640908752785535,3.9786556736665175
2.8419999999999086,1.0405774122673743,2.458272735883733,1.0,0.3132476412388,3.6703297527746157,3.9835773940134156
2.8439999999999084,1.0454887359536458,2.453039248227629,1.0,0.31191529714421107,3.6765734207018026,3.9884887178460136
2.845999999999908,1.0503895226985402,2.447735918031624,1.0,0.3105680690793365,3.682821435658673,3.9933895047380092
2.847999999999908,1.055279633558074,2.4423634863589507,1.0,0.3092062598819264,3.6890733558634614,3.9982796157453877
2.8499999999999077,1.0601589310701545,2.4369226940181283,1.0,0.30783017217016023,3.6953287412358624,4.003158913406023
2.8519999999999075,1.0650272792539555,2.4314142814485917,1.0,0.3064401082617419,3.701587153477315,4.008027261739056
2.8539999999999073,1.0698845436090665,2.425838988607529,1.0,0.3050363700942891,3.7078481561497583,4.012884526244047
2.855999999999907,1.074730591114416,2.420197554857944,1.0,0.3036192591470359,3.714111314752853,4.017730573899889
2.857999999999907,1.0795652902269717,2.4144907188579636,1.0,0.30218907636386144,3.720376196799658,4.0225652731635195
2.8599999999999066,1.0843885108802211,2.408719218451408,1.0,0.3007461220776581,3.726642371890734,4.027388493968393
2.8619999999999064,1.0892001244824354,2.402883790559644,1.0,0.2992906959360539,3.732909411786693,4.032200107722747
2.863999999999906,1.0940000039147164,2.396985171074738,1.0,0.29782309682849967,3.739176890479156,4.036999987307656
2.865999999999906,1.098788023528833,2.391024094753926,1.0,0.2963436228147339,3.7454443842601184,4.041788007074852
2.8679999999999057,1.1035640591448466,2.385001295115415,1.0,0.29485257105463303,3.751711471789735,4.046564042844368
2.8699999999999055,1.1083279880485304,2.378917504335535,1.0,0.29335023773945795,3.7579777341624867,4.051327971901944
2.8719999999999053,1.1130796889885834,2.372773453147248,1.0,0.2918369180245046,3.764242754971744,4.0560796729962485
2.873999999999905,1.117819042173644,2.366569870740039,1.0,0.2903129059631655,3.770506120372723,4.0608190263358885
2.875999999999905,1.1225459292691036,2.360307484661191,1.0,0.28877849444240955,3.7767674191438148,4.065545913586225
2.8779999999999046,1.1272602333937243,2.3539870207184657,1.0,0.28723397511968346,3.783026242746303,4.070260217865987
2.8799999999999044,1.1319618391160646,2.347609202884194,1.0,0.28567963836124277,3.789282185382461,4.0749618237437035
2.881999999999904,1.1366506324507133,2.341174753200791,1.0,0.2841157731819125,3.7955348440520225,4.079650617233935
2.883999999999904,1.1413265008543363,2.334684391687705,1.0,0.28254266718628285,3.80178381860703,4.084326485793313
2.8859999999999038,1.1459893332215392,2.32813883624981,1.0,0.2809606065113413,3.8080287118050746,4.088989318316416
2.8879999999999035,1.1506390198805474,2.3215388025872485,1.0,0.2793698757705412,3.8142691293608975,4.093639005131439
2.8899999999999033,1.1552754525887077,2.3148850041067366,1.0,0.2777707579993086,3.82050467999639,4.0982754379956985
2.891999999999903,1.1598985245278144,2.3081781518343325,1.0,0.27616353460198656,3.8267349754889737,4.10289851009096
2.893999999999903,1.1645081302992615,2.301418954329683,1.0,0.27454848530021475,3.832959630718374,4.107508116018589
2.8959999999999027,1.1691041659190253,2.2946081176017454,1.0,0.27292588808274376,3.839178263711787,4.112104151794531
2.8979999999999024,1.1736865288124807,2.2877463450259974,1.0,0.2712960191566806,3.845390495687453,4.116686514844133
2.899999999999902,1.1782551178090517,2.2808343372631334,1.0,0.26965915290016146,3.851595951096633,4.121255103996795
2.901999999999902,1.1828098331367025,2.2738727921792568,1.0,0.26801556181644925,3.8577942576639974,4.1258098194804464
2.9039999999999018,1.1873505764162697,2.2668624047675667,1.0,0.26636551648944845,3.863985046426452,4.1303505629159005
2.9059999999999016,1.191877250655639,2.2598038670715455,1.0,0.26470928554063466,3.87016795177038,4.134877237311015
2.9079999999999013,1.1963897602437705,2.252697868109646,1.0,0.26304713558738974,3.8763426114673325,4.1393897470547225
2.909999999999901,1.2008880109445745,2.2455450938014816,1.0,0.2613793312027384,3.882508666708167,4.143887997910905
2.911999999999901,1.2053719098906417,2.2383462268955214,1.0,0.2597061348764765,3.888665762135653,4.1483718970121295
2.9139999999999007,1.209841365576829,2.2311019468982867,1.0,0.25802780697768446,3.8948135458755417,4.152841352853226
2.9159999999999004,1.2142962878537065,2.2238129300050513,1.0,0.25634460571861617,3.9009516695661226,4.157296275284739
2.9179999999999002,1.2187365879208674,2.2164798490320448,1.0,0.2546567871199546,3.9070797883862807,4.161736575506235
2.9199999999999,1.2231621783201025,2.2091033733501555,1.0,0.25296460497742507,3.913197561082057,4.1661621660594825
2.9219999999999,1.2275729729284455,2.201684168820133,1.0,0.2512683108297533,3.919304649991734,4.170572960821487
2.9239999999998996,1.2319688869510879,2.194222897729287,1.0,0.2495681539279608,3.925400721069457,4.174968874997417
2.9259999999998993,1.236349836914171,2.1867202187296755,1.0,0.247864381205984,3.931485443907409,4.179349825113393
2.927999999999899,1.240715740657455,2.1791767867777883,1.0,0.24615723725260566,3.9375584917565423,4.183715729009148
2.929999999999899,1.2450665173268676,2.1715932530757094,1.0,0.24444696428468637,3.943619541545902,4.188066505830588
2.9319999999998987,1.2494020873669387,2.163970265013764,1.0,0.24273380212168444,3.949668273900535,4.192402076022219
2.9339999999998985,1.2537223725131208,2.1563084661146394,1.0,0.24101798816144898,3.955704373158023,4.196722361319472
2.9359999999998982,1.258027295783998,2.1486084959789724,1.0,0.23929975735727493,3.9617275273836343,4.201027284740909
2.937999999999898,1.2623167814733898,2.1408709902324063,1.0,0.23757934219620347,3.9677374283841242,4.205316770580327
2.939999999999898,1.2665907551423488,2.1330965804740987,1.0,0.2358569726785571,3.973733771720203,4.20959074439876
2.9419999999998976,1.2708491436110576,2.1252858942266832,1.0,0.23413287629868984,3.979716256717678,4.213849133016367
2.9439999999998974,1.275091874950627,2.117439554887672,1.0,0.23240727802694353,3.9856845864772956,4.218091864504239
2.945999999999897,1.2793188784747984,2.109558181682293,1.0,0.23068040029278872,3.991638467883309,4.222318868176098
2.947999999999897,1.283530084731553,2.101642389617754,1.0,0.22895246296913946,3.9975776116107653,4.226530074579904
2.9499999999998967,1.287725425494631,2.093692789438925,1.0,0.22722368335782347,4.003501732131556,4.230725415489379
2.9519999999998965,1.291904833754965,2.085709987585427,1.0,0.2254942761761922,4.009410547719247,4.234904823895439
2.9539999999998963,1.296068243712026,2.0776945861501233,1.0,0.22376445354485447,4.015303780452679,4.239068233997533
2.955999999999896,1.3002155907650907,2.069647182839,1.0,0.22203442497651688,4.021181156218403,4.24321558119492
2.957999999999896,1.304346811504429,2.061568370932424,1.0,0.22030439736591434,4.02704240471194,4.247346802077854
2.9599999999998956,1.308461843702414,2.053458739247771,1.0,0.21857457498081323,4.032887259437876,4.25146183441869
2.9619999999998954,1.3125606263045606,2.0453188721034143,1.0,0.2168451594540705,4.0387154577088555,4.255560617162926
2.963999999999895,1.3166430994204925,2.0371493492840584,1.0,0.2151163497767309,4.044526740643438,4.25964309042017
2.965999999999895,1.3207092043148414,2.02895074600741,1.0,0.21338834229214432,4.0503208531628925,4.263709195455037
2.9679999999998947,1.3247588833980806,2.020723632892173,1.0,0.21166133069108725,4.056097543986896,4.267758874677983
2.9699999999998945,1.328792080217296,2.012468575927357,1.0,0.20993550600786764,4.061856565628215,4.271792071636082
2.9719999999998943,1.3328087394468968,2.0041861364428843,1.0,0.20821105661739844,4.067597674386329,4.275808731003727
2.973999999999894,1.3368088068792705,1.995876871081488,1.0,0.20648816823321917,4.073320630340071,4.27980879857329
2.975999999999894,1.3407922294153793,1.9875413317718826,1.0,0.2047670239064486,4.0790251973392735,4.283792221245722
2.9779999999998936,1.3447589550553083,1.979180065703199,1.0,0.2030478040256503,4.08471114299544,4.28775894702109
2.9799999999998934,1.3487089328887603,1.970793615300668,1.0,0.20133068631759227,4.090378238671496,4.291708924989089
2.981999999999893,1.3526421130855055,1.9623825182025398,1.0,0.1996158458488826,4.096026259470589,4.295642105319471
2.983999999999893,1.3565584468857856,1.9539473072382274,1.0,0.19790345502846335,4.101654984224006,4.299558439252469
2.9859999999998927,1.3604578865906745,1.9454885104076567,1.0,0.19619368361094325,4.107264195478201,4.3034578790891445
2.9879999999998925,1.3643403855524003,1.9370066508618136,1.0,0.1944866987007511,4.112853679480962,4.307340378181713
2.9899999999998923,1.368205898164629,1.9285022468844712,1.0,0.19278266475709283,4.118423226166736,4.311205890923829
2.991999999999892,1.3720543798527125,1.9199758118750838,1.0,0.19108174359969102,4.123972629141143,4.315054372740834
2.993999999999892,1.3758857870639039,1.9114278543328327,1.0,0.1893840944152922,4.129501685664678,4.31888578007997
2.9959999999998916,1.3797000772575418,1.9028588778418114,1.0,0.18768987376492005,4.135010196635647,4.3227000704005665
2.9979999999998914,1.3834972088952067,1.8942693810573326,1.0,0.18599923559185877,4.140497966572337,4.326497202164195
2.999999999999891,1.3872771414308498,1.8856598576933443,1.0,0.18431233123034715,4.145964803594449,4.330277134824796
3.001999999999891,1.3910398353009,1.87703079651094,1.0,0.18262930941496583,4.151410519403823,4.334039828818789
3.0039999999998908,1.394785251914346,1.8683826813079474,1.0,0.18095031629069896,4.156834929264457,4.337785245555156
3.0059999999998905,1.3985133536428014,1.8597159909095797,1.0,0.17927549542365334,4.162237851981847,4.341513347405501
3.0079999999998903,1.4022241038105505,1.851031199160138,1.0,0.17760498781241568,4.1676191098816835,4.345224097694099
3.00999999999989,1.4059174666845793,1.8423287749157444,1.0,0.1759389319000323,4.1729785287879,4.348917460687932
3.01199999999989,1.4095934074645924,1.833609182038095,1.0,0.17427746358659094,4.178315938000104,4.352593401586695
3.0139999999998897,1.4132518922730188,1.8248728793892153,1.0,0.17262071624238934,4.183631170270421,4.35625188651281
3.0159999999998894,1.4168928881450087,1.8161203208272023,1.0,0.1709688207216724,4.18892406177975,4.3598928825014225
3.017999999999889,1.4205163630184214,1.8073519552029402,1.0,0.16932190537692013,4.194194452113465,4.3635163574903855
3.019999999999889,1.4241222857238087,1.7985682263577716,1.0,0.16768009607366957,4.199442184236574,4.367122280310244
3.0219999999998888,1.4277106259743946,1.78976957312211,1.0,0.16604351620585445,4.20466710446836,4.370710620674214
3.0239999999998886,1.431281354356052,1.7809564293149784,1.0,0.16441228671164435,4.209869062456525,4.374281349168169
3.0259999999998883,1.4348344423172816,1.7721292237444581,1.0,0.16278652608976718,4.215047911150834,4.377834437240601
3.027999999999888,1.4383698621591896,1.763288380209032,1.0,0.16116635041629931,4.220203506776314,4.381369857192613
3.029999999999888,1.4418875870254715,1.7544343174998072,1.0,0.1595518733619057,4.22533570880599,4.384887582167896
3.0319999999998877,1.4453875908924003,1.7455674494036013,1.0,0.15794320620951427,4.230444379933205,4.388387586142719
3.0339999999998875,1.4488698485588218,1.7366881847068782,1.0,0.1563404578724087,4.235529386043517,4.391869843915925
3.0359999999998872,1.4523343356361578,1.727796927200515,1.0,0.1547437349127239,4.240590596186209,4.395334331098933
3.037999999999887,1.455781028538421,1.7188940756853874,1.0,0.15315314156032855,4.245627882545422,4.398781024105751
3.039999999999887,1.459209904472241,1.7099800239787586,1.0,0.1515687797320778,4.250641120410929,4.402209900143007
3.0419999999998866,1.462620941426905,1.701055160921452,1.0,0.14999074905142354,4.255630188148562,4.405620937199985
3.0439999999998864,1.4660141181644106,1.6921198703857983,1.0,0.14841914686836497,4.260594967170317,4.4090141140386825
3.045999999999886,1.46938941420954,1.6831745312843382,1.0,0.14685406827972533,4.265535341904153,4.412389410183878
3.047999999999886,1.4727468098399479,1.6742195175792665,1.0,0.14529560614974096,4.270451199763485,4.415746805913226
3.0499999999998857,1.4760862860762716,1.665255198292601,1.0,0.1437438511309461,4.2753424311164165,4.419086282247362
3.0519999999998855,1.479407824672261,1.656281937517065,1.0,0.14219889168534217,4.2802089292546945,4.422407820940037
3.0539999999998853,1.4827114081049324,1.647300094427665,1.0,0.14066081410583484,4.285050590362427,4.425711404468262
3.055999999999885,1.4859970195647436,1.638310023293949,1.0,0.1391297025379271,4.289867313484572,4.428997016022499
3.057999999999885,1.4892646429457976,1.6293120734929327,1.0,0.13760563900165296,4.294659000495195,4.432264639496848
3.0599999999998846,1.49251426283607,1.6203065895226776,1.0,0.1360887034137401,4.299425556065547,4.4355142594792865
3.0619999999998844,1.495745864507665,1.611293911016506,1.0,0.13457897360998725,4.30416688763193,4.438745861241918
3.063999999999884,1.498959433907101,1.6022743727578395,1.0,0.13307652536784426,4.308882905363418,4.441959430731262
3.065999999999884,1.502154957645627,1.5932483046956452,1.0,0.13158143242918088,4.313573522129387,4.445154954558568
3.0679999999998837,1.5053324229895677,1.584216031960478,1.0,0.13009376652323348,4.318238653466928,4.4483324199901615
3.0699999999998835,1.508491817850705,1.5751778748811016,1.0,0.12861359738971637,4.32287821754811,4.451491814937826
3.0719999999998833,1.5116331307766906,1.5661341490016754,1.0,0.12714099280208574,4.327492135147129,4.454633127949215
3.073999999999883,1.5147563509414945,1.5570851650994952,1.0,0.12567601859094477,4.332080329607355,4.4577563481983
3.075999999999883,1.51786146813589,1.5480312292032719,1.0,0.1242187386675792,4.336642726808277,4.4608614654758565
3.0779999999998826,1.5209484727579745,1.538972642611933,1.0,0.12276921504761,4.3411792551323725,4.463948470179982
3.0799999999998824,1.5240173558037298,1.5299097019139385,1.0,0.12132750787475421,4.34568984543191,4.467017353306664
3.081999999999882,1.5270681088576203,1.5208426990070918,1.0,0.11989367544468185,4.350174430995686,4.470068106440368
3.083999999999882,1.5301007240832327,1.5117719211188374,1.0,0.11846777422895834,4.354632947515724,4.473100721744682
3.0859999999998817,1.533115194213955,1.502697650827028,1.0,0.11704985889906322,4.359065333053937,4.476115191953
3.0879999999998815,1.536111512543699,1.4936201660811512,1.0,0.11563998235047326,4.363471528008761,4.4791115103592345
3.0899999999998813,1.5390896729176657,1.4845397402240017,1.0,0.1142381957268015,4.367851475081788,4.482089670808589
3.091999999999881,1.542049669723153,1.4754566420137856,1.0,0.11284454844398147,4.372205119244385,4.485049667688367
3.093999999999881,1.544991497880409,1.4663711356466451,1.0,0.11145908821448847,4.376532407704331,4.487991495918819
3.0959999999998806,1.5479151528335315,1.4572834807795914,1.0,0.11008186107158664,4.380833289872461,4.490915150944048
3.0979999999998804,1.550820630541413,1.4481939325538327,1.0,0.10871291139359492,4.385107717329354,4.493820628722949
3.09999999999988,1.5537079274687313,1.4391027416184856,1.0,0.10735228192816168,4.389355643792043,4.496707925720204
3.10199999999988,1.5565770405769912,1.4300101541546577,1.0,0.10600001381653998,4.393577025080784,4.499577038897324
3.1039999999998797,1.559427967315612,1.4209164118998903,1.0,0.10465614661785519,4.397771819085875,4.50242796570373
3.1059999999998795,1.5622607056130646,1.4118217521729477,1.0,0.1033207183333564,4.401939985734543,4.5052607040679
3.1079999999998793,1.5650752538680603,1.4027264078989443,1.0,0.10199376543064421,4.406081486957903,4.508075252388547
3.109999999999879,1.5678716109407875,1.393630607634796,1.0,0.10067532286786644,4.410196286658001,4.510871609525868
3.111999999999879,1.5706497761442022,1.3845345755949843,1.0,0.09936542411787563,4.414284350674945,4.513649774792821
3.1139999999998786,1.5734097492353682,1.3754385316776256,1.0,0.09806410119233945,4.418345646754137,4.516409747946477
3.1159999999998784,1.5761515304068514,1.3663426914908297,1.0,0.09677138466579772,4.422380144513607,4.519151529179404
3.117999999999878,1.5788751202781661,1.3572472663793402,1.0,0.09548730369965926,4.426387815411465,4.521875119111124
3.119999999999878,1.5815805198872748,1.3481524634514468,1.0,0.09421188606613178,4.430368632713475,4.524580518779607
3.1219999999998778,1.584267730682143,1.3390584856061558,1.0,0.09294515817207816,4.434322571460742,4.52726772963282
3.1239999999998775,1.586936754512348,1.3299655315606111,1.0,0.09168714508279312,4.438249608437555,4.5299367535203485
3.1259999999998773,1.589587593620742,1.3208737958777554,1.0,0.09043787054569362,4.442149722139357,4.532587592685051
3.127999999999877,1.5922202506351724,1.3117834689942207,1.0,0.08919735701391819,4.446022892740859,4.5352202497547776
3.129999999999877,1.594834728560257,1.3026947372484392,1.0,0.08796562566982849,4.449869102064326,4.537834727734155
3.1319999999998767,1.5974310307692159,1.2936077829089645,1.0,0.08674269644840792,4.453688333548,4.540431029996408
3.1339999999998764,1.6000091609957598,1.284522784202994,1.0,0.0855285880605523,4.4574805722147035,4.543009160275256
3.135999999999876,1.602569123326037,1.275439915345083,1.0,0.08432331801624673,4.461245804640604,4.54556912265685
3.137999999999876,1.605110922190636,1.2663593465660414,1.0,0.08312690264762482,4.464984018924163,4.548110921571788
3.139999999999876,1.6076345623566468,1.2572812441420045,1.0,0.08193935713190416,4.46869520465526,4.550634561787164
3.1419999999998756,1.6101400489197824,1.2482057704236682,1.0,0.08076069551419467,4.472379352884505,4.553140048398699
3.1439999999998753,1.6126273872965555,1.239133083865681,1.0,0.07959093073017462,4.476036456092737,4.555627386822911
3.145999999999875,1.6150965832165172,1.2300633390561841,1.0,0.07843007462863028,4.47966650816073,4.558096582789361
3.147999999999875,1.6175476427145523,1.2209966867464896,1.0,0.07727813799385543,4.483269504339081,4.560547642332936
3.1499999999998747,1.6199805721232372,1.2119332738808926,1.0,0.07613513056790615,4.486845441218317,4.562980571786223
3.1519999999998745,1.622395378065254,1.202873243626604,1.0,0.07500106107270793,4.4903943166992,4.5653953777719085
3.1539999999998742,1.6247920674458676,1.193816735403802,1.0,0.0738759372320108,4.493916129963254,4.567792067195265
3.155999999999874,1.6271706474454612,1.1847638849157882,1.0,0.07275976579318963,4.4974108814434945,4.570170647236684
3.157999999999874,1.629531125512133,1.1757148241792468,1.0,0.0716525525488856,4.500878572795385,4.572531125344271
3.1599999999998736,1.631873509354353,1.166669681554596,1.0,0.07055430235848656,4.504319206868012,4.5748735092264985
3.1619999999998734,1.6341978069336818,1.1576285817764254,1.0,0.06946501916944282,4.507732787675497,4.57719780684494
3.163999999999873,1.636504026457548,1.148591645984012,1.0,0.0683847060384152,4.511119320368613,4.579504026407029
3.165999999999873,1.6387921763720892,1.139558991751909,1.0,0.06731336515225345,4.514478811206657,4.581792176358911
3.1679999999998727,1.641062265355053,1.1305307331205987,1.0,0.06625099784880174,4.517811267529535,4.584062265378337
3.1699999999998725,1.6433143023087595,1.1215069806272058,1.0,0.06519760463752935,4.521116697730111,4.586314302367641
3.1719999999998723,1.6455482963531252,1.1124878413362616,1.0,0.06415318521998373,4.524395111226758,4.588548296446741
3.173999999999872,1.6477642568187487,1.1034734188705146,1.0,0.06311773851006432,4.527646518436183,4.5907642569462475
3.175999999999872,1.6499621932400583,1.0944638134417815,1.0,0.06209126265411465,4.530870930746478,4.592962193400593
3.1779999999998716,1.6521421153485207,1.0854591218818315,1.0,0.061073755050831055,4.534068360490422,4.595142115541253
3.1799999999998714,1.6543040330659116,1.0764594376732992,1.0,0.06006521237098611,4.537238820919024,4.59730403329001
3.181999999999871,1.6564479564976484,1.06746485098062,1.0,0.05906563057696526,4.540382326175325,4.59944795675229
3.183999999999871,1.6585738959261858,1.0584754486809813,1.0,0.05807500494211494,4.54349889126844,4.601573896210555
3.1859999999998707,1.6606818618044705,1.0494913143952873,1.0,0.057093330069900645,4.546588532047858,4.603681862117758
3.1879999999998705,1.6627718647494611,1.0405125285191277,1.0,0.056120599912874124,4.549651265177993,4.605771865090867
3.1899999999998703,1.664843915535708,1.0315391682537494,1.0,0.0551568077914478,4.552687108112992,4.60784391590444
3.19199999999987,1.6668980250889949,1.022571307637023,1.0,0.05420194641247586,4.555696079071789,4.609898025484265
3.19399999999987,1.6689342044800441,1.0136090175744024,1.0,0.053256007887640525,4.558678197013435,4.611934204901076
3.1959999999998696,1.6709524649182823,1.0046523658698678,1.0,0.052318983751643296,4.561633481612661,4.613952465364305
3.1979999999998694,1.672952817745668,0.995701417256855,1.0,0.05139086498019936,4.564561953235719,4.615952818215918
3.199999999999869,1.6749352744305825,0.986756233429159,1.0,0.050471642007835396,4.567463632916471,4.6179352749243066
3.201999999999869,1.6768998465617801,0.9778168730718123,1.0,0.04956130474548957,4.570338542332739,4.619899847078229
3.2039999999998687,1.6788465458424024,0.9688833918919325,1.0,0.04865984259791346,4.573186703782922,4.621846546380836
3.2059999999998685,1.680775384084053,0.9599558426495342,1.0,0.047767244480875215,4.576008140162864,4.623775384643739
3.2079999999998683,1.6826863732009338,0.951034275188303,1.0,0.04688349883816385,4.578802874942985,4.625686373781149
3.209999999999868,1.6845795252040439,0.9421187364663264,1.0,0.04600859365839429,4.581570932145677,4.627579525804071
3.211999999999868,1.6864548521954381,0.9332092705867788,1.0,0.045142516491612765,4.584312336322955,4.629454852814567
3.2139999999998676,1.6883123663625483,0.9243059188285564,1.0,0.04428525446570277,4.587027112534376,4.631312367000079
3.2159999999998674,1.6901520799725656,0.915408719676859,1.0,0.04343679430259142,4.58971528632521,4.633152080627801
3.217999999999867,1.6919740053668828,0.9065177088537156,1.0,0.042597122334255874,4.592376883704882,4.634974006039139
3.219999999999867,1.6937781549555995,0.8976329193484504,1.0,0.0417662245185305,4.595011931125667,4.636778155644198
3.2219999999998667,1.695564541212086,0.8887543814480848,1.0,0.04094408645471459,4.597620455461638,4.638564541916352
3.2239999999998665,1.6973331766676105,0.8798821227676763,1.0,0.04013069339898074,4.6002024839879025,4.640333177386883
3.2259999999998663,1.6990840739060236,0.871016168280586,1.0,0.03932603027958457,4.602758044360063,4.642084074639647
3.227999999999866,1.7008172455585067,0.8621565403486772,1.0,0.038530081711875726,4.605287164593956,4.643817246305832
3.229999999999866,1.7025327042983782,0.8533032587524386,1.0,0.037742832013110766,4.607789873045653,4.645532705058764
3.2319999999998656,1.7042304628359617,0.8444563407210326,1.0,0.03696426521706858,4.610266198391706,4.647230463608775
3.2339999999998654,1.705910533913512,0.8356158009622634,1.0,0.03619436508846823,4.612716169609659,4.6489105346981265
3.235999999999865,1.7075729303002039,0.8267816516924653,1.0,0.035433115137190586,4.615139815958811,4.650572931096002
3.237999999999865,1.7092176647871773,0.8179539026663074,1.0,0.03468049863230381,4.6175371669612435,4.652217665593548
3.2399999999998648,1.7108447501826454,0.809132561206513,1.0,0.033936498615893464,4.619908252383091,4.653844750998984
3.2419999999998645,1.712454199307059,0.8003176322334916,1.0,0.03320109791669809,4.622253102216073,4.655454200132771
3.2439999999998643,1.7140460249883325,0.7915091182948826,1.0,0.032474279163550945,4.624571746659278,4.657046025822829
3.245999999999864,1.7156202400571272,0.7827070195950069,1.0,0.03175602479862861,4.626864216101198,4.658620240899826
3.247999999999864,1.717176857342194,0.7739113340242273,1.0,0.031046317090507373,4.629130541102016,4.660176858192523
3.2499999999998637,1.718715889665775,0.7651220571882138,1.0,0.03034513814702835,4.631370752376139,4.661715890523167
3.2519999999998634,1.7202373498390637,0.7563391824371137,1.0,0.02965246992797203,4.633584880774988,4.66323735070296
3.2539999999998632,1.721741250657722,0.7475627008946245,1.0,0.028968294257543478,4.635772957270027,4.664741251527571
3.255999999999863,1.7232276048974575,0.7387926014869686,1.0,0.028292592836668864,4.637935012936046,4.666227605772715
3.257999999999863,1.7246964253096562,0.7300288709717685,1.0,0.027625347255104543,4.64007107893468,4.667696426189784
3.2599999999998626,1.726147724617075,0.7212714939668216,1.0,0.02696653900335976,4.642181186498185,4.669147725501545
3.2619999999998623,1.727581515509591,0.7125204529787723,1.0,0.0263161494844338,4.644265366913444,4.6705815163978786
3.263999999999862,1.7289978106400063,0.7037757284316829,1.0,0.02567416002536889,4.646323651506228,4.671997811531597
3.265999999999862,1.730396622619913,0.6950372986954997,1.0,0.02504055188861993,4.648356071625678,4.673396623514298
3.2679999999998617,1.7317779640156123,0.6863051401144153,1.0,0.024415306283242177,4.6503626586290485,4.674777964912291
3.2699999999998615,1.7331418473440916,0.6775792270351265,1.0,0.0237984043758979,4.6523434438666715,4.67614184824257
3.2719999999998612,1.734488285069058,0.6688595318349849,1.0,0.02318982730168357,4.6542984586671645,4.677488285968848
3.273999999999861,1.7358172895970267,0.6601460249500432,1.0,0.022589556174778293,4.656227734322872,4.67881729049765
3.275999999999861,1.7371288732734675,0.6514386749029932,1.0,0.021997572098915077,4.658131302075535,4.68012887417445
3.2779999999998606,1.7384230483790053,0.6427374483309984,1.0,0.021413856177676053,4.660009193102206,4.681423049279882
3.2799999999998604,1.739699827125677,0.6340423100134172,1.0,0.0208383895246128,4.661861438501376,4.682699828025989
3.28199999999986,1.7409592216532432,0.6253532228994196,1.0,0.020271153273193135,4.6636880692793445,4.683959222552538
3.28399999999986,1.7422012440255559,0.6166701481354969,1.0,0.019712128586575697,4.665489116336812,4.6852012449233875
3.2859999999998597,1.7434259062269797,0.6079930450928615,1.0,0.019161296667213393,4.667264610455699,4.686425907122912
3.2879999999998595,1.7446332201588697,0.5993218713947395,1.0,0.01861863876628725,4.669014582286183,4.68763322105247
3.2899999999998593,1.7458231976361018,0.5906565829435564,1.0,0.018084136192971754,4.670739062333975,4.688823198526946
3.291999999999859,1.746995850383659,0.5819971339480133,1.0,0.017557770323533155,4.672438080947797,4.68999585127133
3.293999999999859,1.7481511900332696,0.5733434769500562,1.0,0.017039522610261922,4.674111668307093,4.691151190917355
3.2959999999998586,1.749289228120102,0.5646955628517375,1.0,0.01652937459024068,4.675759854409958,4.692289229000199
3.2979999999998584,1.7504099760795113,0.5560533409419706,1.0,0.016027307893949072,4.677382669061273,4.6934099769552216
3.299999999999858,1.751513445243839,0.547416758923177,1.0,0.01553330425370663,4.678980141861065,4.6945134461147715
3.301999999999858,1.7525996468392673,0.5387857629378278,1.0,0.015047345511955239,4.680552302193083,4.695599647705038
3.3039999999998577,1.7536685919827255,0.5301602975948779,1.0,0.014569413629382284,4.6820991792135755,4.696668592842958
3.3059999999998575,1.7547202916788491,0.521540305996096,1.0,0.014099490692885948,4.683620801840285,4.697720292533171
3.3079999999998573,1.755754756816992,0.5129257297622883,1.0,0.013637558923383914,4.685117198741655,4.698754757665039
3.309999999999857,1.7567719981682903,0.5043165090594193,1.0,0.01318360068346678,4.686588398326238,4.699771999009705
3.311999999999857,1.7577720263827792,0.4957125826246273,1.0,0.012737598484897548,4.688034428732312,4.7007720272172095
3.3139999999998566,1.7587548519865606,0.48711388779213854,1.0,0.012299534995958379,4.689455317817704,4.701754852813663
3.3159999999998564,1.7597204853790234,0.4785203605190779,1.0,0.011869393048646057,4.690851093149813,4.702720486198459
3.317999999999856,1.7606689368301156,0.4699319354111792,1.0,0.011447155645717338,4.692221781995833,4.703668937641551
3.319999999999856,1.761600216477666,0.4613485457483943,1.0,0.011032805967585511,4.693567411313191,4.704600217280777
3.3219999999998557,1.7625143343247596,0.4527701235104032,1.0,0.010626327379069453,4.694888007740156,4.705514335119226
3.3239999999998555,1.7634113002371608,0.4441965994020254,1.0,0.010227703435996403,4.696183597586672,4.706411301022668
3.3259999999998553,1.7642911239407901,0.43562790287853365,1.0,0.009836917891659764,4.697454206825373,4.707291124717033
3.327999999999855,1.7651538150192505,0.42706396217087134,1.0,0.009453954703133134,4.698699861082797,4.70815381578593
3.329999999999855,1.7659993829114031,0.41850470431077447,1.0,0.009078798037441802,4.699920585630782,4.708999383668224
3.3319999999998546,1.7668278369089943,0.40995005515579935,1.0,0.008711432277592973,4.701116405378074,4.709827837655667
3.3339999999998544,1.767639186154332,0.40139993941425733,1.0,0.008351842028465837,4.7022873448621105,4.710639186890576
3.335999999999854,1.7684334396380121,0.39285428067005784,1.0,0.008000012122562785,4.703433428240989,4.711433440363551
3.337999999999854,1.769210606196695,0.3843130014074605,1.0,0.007655927625622872,4.704554679285637,4.712210606911261
3.3399999999998538,1.7699706945109304,0.3757760230357386,1.0,0.007319573842098703,4.70565112137216,4.712970695214259
3.3419999999998535,1.7707137131030317,0.36724326591375417,1.0,0.006990936320497935,4.706722777474366,4.7137137137948635
3.3439999999998533,1.7714396703350004,0.35871464937444686,1.0,0.006670000858590454,4.707769670156496,4.714439671015087
3.345999999999853,1.772148574406498,0.3501900917492376,1.0,0.006356753508482406,4.708791821566111,4.715148575074593
3.347999999999853,1.772840433352868,0.34166951039234866,1.0,0.006051180581558138,4.709789253427175,4.715840434008733
3.3499999999998527,1.773515255043205,0.33315282170504157,1.0,0.0057532686532911536,4.710761987033315,4.716515255686606
3.3519999999998524,1.7741730471784734,0.3246399411597745,1.0,0.00546300456792512,4.711710043241259,4.717173047809184
3.353999999999852,1.7748138172896737,0.31613078332428035,1.0,0.005180375443025994,4.712633442464446,4.717813817907472
3.355999999999852,1.7754375727360574,0.3076252618855675,1.0,0.004905368673906264,4.713532204666821,4.7184375733407276
3.3579999999998518,1.7760443207033891,0.2991232896738446,1.0,0.004637971937922342,4.714406349356799,4.719044321294721
3.3599999999998515,1.776634068202257,0.29062477868637115,1.0,0.004378173198646028,4.715255895581403,4.719634068780048
3.3619999999998513,1.7772068220664303,0.28212964011123554,1.0,0.004125960709911097,4.716080861920572,4.720206822630483
3.363999999999851,1.7777625889512654,0.27363778435106184,1.0,0.0038813230197358513,4.716881266481652,4.720762589501388
3.365999999999851,1.778301375332158,0.26514912104664795,1.0,0.0036442489741226425,4.717657126894041,4.721301375868164
3.3679999999998507,1.7788231875030431,0.2566635591005359,1.0,0.0034147277207351814,4.718408460304016,4.721823188024752
3.3699999999998504,1.7793280315749425,0.24818100670051665,1.0,0.003192748712454586,4.719135283369724,4.722328032082179
3.3719999999998502,1.779815913474558,0.23970137134307098,1.0,0.002978301710814938,4.719837612256339,4.722815913967154
3.37399999999985,1.7802868389429125,0.23122455985674828,1.0,0.002771376789319238,4.720515462631385,4.723286839420704
3.37599999999985,1.780740813534038,0.22275047842548512,1.0,0.0025719643366365476,4.721168849660232,4.723740813996869
3.3779999999998496,1.7811778426137086,0.2142790326118656,1.0,0.002380055059681063,4.721797788001746,4.724177843061427
3.3799999999998493,1.781597931358222,0.20581012738032498,1.0,0.0021956399865739203,4.722402291804108,4.724597931790682
3.381999999999849,1.7820010847532255,0.19734366712029885,1.0,0.0020187104694884502,4.7229823747007975,4.725001085170286
3.383999999999849,1.7823873075925898,0.18887955566931966,1.0,0.0018492581873795625,4.723538049806738,4.725387307994118
3.3859999999998487,1.7827566044773278,0.1804176963360624,1.0,0.0016872751485979803,4.724069329714594,4.725756604863192
3.3879999999998485,1.7831089798145603,0.17195799192334155,1.0,0.0015327536933899494,4.72457622649125,4.726108980184639
3.3899999999998482,1.7834444378165268,0.1635003447510613,1.0,0.0013856864962830688,4.725058751674419,4.726444438170702
3.391999999999848,1.7837629824996428,0.15504465667912073,1.0,0.0012460665683588384,4.725516916269443,4.726762982837802
3.393999999999848,1.7840646176836028,0.14659082913027643,1.0,0.0011138872594125058,4.725950730746227,4.72706461800564
3.3959999999998476,1.7843493469905285,0.138138763112964,1.0,0.0009891422600007593,4.726360205036341,4.727349347296342
3.3979999999998474,1.7846171738441632,0.12968835924408106,1.0,0.0008718256033777955,4.72674534853028,4.727617174133658
3.399999999999847,1.7848681014691115,0.12123951777173331,1.0,0.0007619316673202613,4.727106170074878,4.727868101742198
3.401999999999847,1.7851021328901242,0.11279213859794593,1.0,0.0006594551758415347,4.727442677970875,4.728102133146717
3.4039999999998467,1.7853192709314292,0.10434612130134244,1.0,0.0005643912007957951,4.727754879970655,4.728319271171451
3.4059999999998465,1.7855195182161068,0.09590136515979292,1.0,0.00047673516337229794,4.728042783276111,4.728519518439483
3.4079999999998463,1.7857028771655115,0.08745776917303374,1.0,0.0003964828354802422,4.728306394536694,4.728702877372174
3.409999999999846,1.7858693499987377,0.07901523208526104,1.0,0.0003236303410245932,4.728545719847601,4.728869350188625
3.411999999999846,1.7860189387321315,0.07057365240769975,1.0,0.00025817415707319626,4.728760764748114,4.729018938905187
3.4139999999998456,1.7861516451788473,0.06213292844115062,1.0,0.00020011111491548674,4.728951534220105,4.729151645335021
3.4159999999998454,1.7862674709484496,0.0536929582985171,1.0,0.00014943840101307483,4.729118032686681,4.729267471087693
3.417999999999845,1.7863664174465594,0.045253639927314335,1.0,0.00010615355784245711,4.729260264010992,4.729366417568834
3.419999999999845,1.7864484858745462,0.03681487113216236,1.0,7.025448463007597e-05,4.729378231495187,4.729448485979817
3.4219999999998447,1.7865136772292642,0.028376549597265655,1.0,4.173943797992283e-05,4.729471937879522,4.7295136773175015
3.4239999999998445,1.7865619923028349,0.019938572908881125,1.0,2.0607032393850183e-05,4.729541385341622,4.729561992374016
3.4259999999998443,1.7865934316824725,0.011500838577776801,1.0,6.85624068473152e-06,4.729586575495893,4.7295934317365775
3.427999999999844,1.7866079957503567,0.003063244061683219,1.0,4.863942825778877e-07,4.729607509393092,4.729607995787374
3.429999999999844,1.7866056846835476,-0.005374313212260234,1.0,1.4971834336931603e-06,4.729604187520036,4.72960568470347
3.4319999999998436,1.7865864984539481,-0.013811935825061914,1.0,9.888657292920478e-06,4.72957660979948,4.729586498456773
3.4339999999998434,1.7865504368283094,-0.0222497263434353,1.0,2.5661223909004528e-05,4.72952477559013,4.72955043681404
3.435999999999843,1.7864974993682825,-0.030687787297355003,1.0,4.881565010306589e-05,4.729448683686824,4.729497499336928
3.437999999999843,1.7864276854305137,-0.03912622115760925,1.0,7.935306124015487e-05,4.729348332320848,4.729427685382088
3.4399999999998427,1.7863409941667856,-0.04756513031334668,1.0,0.00011727494089382431,4.729223719160416,4.729340994101309
3.4419999999998425,1.7862374245242032,-0.056004617049615395,1.0,0.00016258313040363242,4.729074841311298,4.729237424441702
3.4439999999998423,1.7861169752454238,-0.06444478352489194,1.0,0.00021527982832545786,4.728901695317602,4.729116975145928
3.445999999999842,1.7859796448689333,-0.07288573174859828,1.0,0.0002753675897744813,4.728704277162705,4.72897964475248
3.447999999999842,1.7858254317293667,-0.08132756355860445,1.0,0.00034284932566066006,4.728482582270336,4.728825431595996
3.4499999999998416,1.7856543339578732,-0.08977038059871491,1.0,0.00041772830181649304,4.728236605505816,4.728654333807633
3.4519999999998414,1.7854663494825274,-0.09821428429613631,1.0,0.0005000081380168455,4.727966341177455,4.728466349315472
3.453999999999841,1.7852614760287848,-0.10665937583892471,1.0,0.0005896928068905756,4.727671783038081,4.728261475844972
3.455999999999841,1.785039711119983,-0.11510575615341001,1.0,0.0006867866327236766,4.727352924286752,4.728039710919475
3.4579999999998408,1.7848010520778872,-0.12355352588159553,1.0,0.0007912942901536202,4.727009757570602,4.727801051860755
3.4599999999998405,1.784545496023282,-0.13200278535853066,1.0,0.0009032208027545596,4.726642274986845,4.7275454957896
3.4619999999998403,1.7842730398766078,-0.14045363458965443,1.0,0.0010225715415130203,4.7262504680849435,4.727273039626456
3.46399999999984,1.7839836803586422,-0.14890617322810804,1.0,0.001149352223193686,4.725834327868913,4.726983680092107
3.46599999999984,1.783677413991228,-0.15736050055201406,1.0,0.0012835689085948507,4.7253938447998065,4.726677413708401
3.4679999999998397,1.7833542370980457,-0.1658167154417205,1.0,0.001425228000693089,4.724929008798331,4.7263542367990246
3.4699999999998394,1.7830141458054323,-0.1742749163570075,1.0,0.001574336242676664,4.724439809247642,4.726014145490319
3.471999999999839,1.7826571360432442,-0.1827352013142547,1.0,0.001730900715867167,4.723926234996279,4.725657135712146
3.473999999999839,1.7822832035457676,-0.19119766786356718,1.0,0.0018949288375288548,4.723388274361271,4.7252832031988
3.4759999999998388,1.7818923438526744,-0.19966241306585816,1.0,0.002066428358565139,4.72282591513139,4.724892343489954
3.4779999999998386,1.7814845523100222,-0.2081295334698862,1.0,0.0022454073611016183,4.722239144570576,4.724484551931678
3.4799999999998383,1.7810598240713031,-0.21659912508924503,1.0,0.0024318742559550645,4.721627949421508,4.724059823677464
3.481999999999838,1.7806181540985362,-0.22507128337930418,1.0,0.0026258377799877196,4.720992315909349,4.723618153689337
3.483999999999838,1.780159537163407,-0.23354610321409824,1.0,0.0028273069933462333,4.720332229745645,4.723159536738991
3.4859999999998377,1.7796839678484537,-0.24202367886316292,1.0,0.003036291276584567,4.719647676132385,4.72268396740897
3.4879999999998375,1.7791914405482998,-0.25050410396831607,1.0,0.0032528003276701294,4.718938639766229,4.722191440093899
3.4899999999998372,1.7786819494709314,-0.2589874715203816,1.0,0.00347684415887245,4.718205104842902,4.721681949001774
3.491999999999837,1.778155488639024,-0.26747387383585464,1.0,0.0037084330935335625,4.717447055061742,4.721155488155276
3.493999999999837,1.777612051891314,-0.2759634025335058,1.0,0.00394757776271939,4.716664473630424,4.720612051393144
3.4959999999998366,1.7770516328840171,-0.28445614851092316,1.0,0.0041942891017512345,4.7158573432698505,4.720051632371602
3.4979999999998364,1.776474225092295,-0.2929522019209894,1.0,0.00444857834661664,4.7150256462192,4.7194742245658166
3.499999999999836,1.7758798218117675,-0.30145165214829334,1.0,0.004710457030258666,4.714169364241156,4.718879821271415
3.501999999999836,1.7752684161600736,-0.30995458778547313,1.0,0.004979936978742766,4.713288478627296,4.7182684156060395
3.5039999999998357,1.7746400010784789,-0.31846109660949,1.0,0.005257030307300359,4.712382970203662,4.717640000510962
3.5059999999998355,1.77399456933353,-0.3269712655578306,1.0,0.005541749416248135,4.711452819336491,4.716994568752739
3.5079999999998353,1.7733321135187583,-0.33548518070463634,1.0,0.005834106986782174,4.71049800593812,4.716332112924902
3.509999999999835,1.7726526260564304,-0.34400292723675774,1.0,0.006134115976645932,4.709518509473081,4.715652625449727
3.511999999999835,1.771956099199346,-0.3525245894297328,1.0,0.006441789615671055,4.7085143089643475,4.714956098580019
3.5139999999998346,1.7712425250326853,-0.3610502506236874,1.0,0.006757141401190064,4.707485382999772,4.714242524400961
3.5159999999998344,1.770511895475904,-0.36957999319915585,1.0,0.007080185093319856,4.7064317097387,4.71351189483202
3.517999999999834,1.7697642022846765,-0.37811389855282085,1.0,0.007410934710114979,4.70535326691876,4.712764201628874
3.519999999999834,1.7689994370528876,-0.38665204707317036,1.0,0.0077494045225896206,4.704250031862824,4.711999436385414
3.5219999999998337,1.768217591214674,-0.39519451811607104,1.0,0.008095609049607195,4.7031219814861736,4.711217590535781
3.5239999999998335,1.7674186560465137,-0.4037413899802557,1.0,0.008449563052636522,4.701969092303826,4.710418655356462
3.5259999999998333,1.7666026226693647,-0.4122927398827243,1.0,0.008811281530373331,4.700791340438046,4.709602621968419
3.527999999999833,1.7657694820508536,-0.42084864393405624,1.0,0.009180779713226088,4.699588701626061,4.708769481339287
3.529999999999833,1.7649192250075123,-0.42940917711363347,1.0,0.009558073057664922,4.698361151227936,4.707919224285601
3.5319999999998326,1.7640518422070666,-0.43797441324477243,1.0,0.009943177240432484,4.697108664234662,4.707051841475095
3.5339999999998324,1.763167324170772,-0.44654442496976415,1.0,0.010336108152615616,4.695831215276413,4.706167323429028
3.535999999999832,1.7622656612758014,-0.45511928372482063,1.0,0.010736881893576555,4.694528778631007,4.705265660524583
3.537999999999832,1.7613468437576825,-0.463699059714927,1.0,0.0111455147647425,4.693201328232551,4.704346842997293
3.5399999999998317,1.7604108617127852,-0.4722838218885977,1.0,0.011562023263252346,4.69184883768028,4.703410860943532
3.5419999999998315,1.7594577051008597,-0.4808736379125362,1.0,0.011986424075459292,4.690471280247601,4.70245770432306
3.5439999999998313,1.7584873637476264,-0.48946857414619666,1.0,0.012418734070288115,4.689068628891311,4.7014873629616
3.545999999999831,1.7574998273474145,-0.498068695616247,1.0,0.012858970292445841,4.687640856261043,4.700499826553489
3.547999999999831,1.7564950854658548,-0.5066740659909318,1.0,0.013307149955484585,4.68618793470888,4.699495084664365
3.5499999999998306,1.7554731275426207,-0.5152847475543348,1.0,0.013763290434715148,4.684709836299192,4.698473126733908
3.5519999999998304,1.754433942894224,-0.52390080118054,1.0,0.014227409259970344,4.683206532818663,4.697433942078633
3.55399999999983,1.753377520716859,-0.5325222863076898,1.0,0.014699524108216426,4.681677995786529,4.696377519894746
3.55599999999983,1.752303850089302,-0.5411492609119405,1.0,0.015179652796011644,4.680124196465015,4.695303849261027
3.5579999999998297,1.7512129199758606,-0.5497817814813137,1.0,0.015667813271810393,4.678545105869978,4.694212919141789
3.5599999999998295,1.7501047192293764,-0.5584199029894436,1.0,0.016164023608111772,4.676940694781769,4.693104718389881
3.5619999999998293,1.7489792365942798,-0.5670636788692178,1.0,0.01666830199345117,4.67531093375629,4.6919792357497405
3.563999999999829,1.7478364607096986,-0.5757131609863149,1.0,0.017180666724233594,4.6736557931362706,4.690836459860504
3.565999999999829,1.7466763801126182,-0.5843683996126331,1.0,0.01770113619640742,4.671975243062753,4.6896763792591605
3.5679999999998286,1.7454989832410965,-0.5930294433996142,1.0,0.018229728896977316,4.670269253486797,4.688498982383774
3.5699999999998284,1.7443042584375315,-0.6016963393514596,1.0,0.018766463395354767,4.668537794181398,4.687304257576752
3.571999999999828,1.7430921939519817,-0.6103691327982397,1.0,0.019311358334545257,4.666780834753613,4.686092193088158
3.573999999999828,1.7418627779455427,-0.6190478673688945,1.0,0.019864432422170526,4.664998344656925,4.684862777079095
3.5759999999998278,1.7406159984937757,-0.6277325849641281,1.0,0.020425704421324624,4.663190293203806,4.683615997625131
3.5779999999998275,1.7393518435901916,-0.6364233257291936,1.0,0.02099519314126253,4.66135664957852,4.6823518427197826
3.5799999999998273,1.7380703011497887,-0.645120128026571,1.0,0.021572917427920026,4.659497382850137,4.681070300278058
3.581999999999827,1.7367713590126461,-0.6538230284085373,1.0,0.022158896154263447,4.657612461985777,4.679771358140041
3.583999999999827,1.7354550049475717,-0.6625320615896277,1.0,0.022753148210468074,4.655701855864076,4.678455004074544
3.5859999999998267,1.7341212266558046,-0.6712472604189895,1.0,0.02335569249392401,4.653765533288894,4.677121225782818
3.5879999999998264,1.7327700117747744,-0.6799686558526288,1.0,0.023966547899067936,4.651803463003229,4.675770010902297
3.589999999999826,1.7314013478819152,-0.6886962769255492,1.0,0.02458573330703989,4.649815613703382,4.674401347010422
3.591999999999826,1.7300152224985352,-0.6974301507237842,1.0,0.025213267575163623,4.647801954053344,4.673015221628508
3.593999999999826,1.728611623093743,-0.7061703023563222,1.0,0.025849169526249195,4.6457624526994215,4.6716116222256705
3.5959999999998256,1.7271905370884295,-0.7149167549269259,1.0,0.02649345793771692,4.643697078285093,4.670190536222809
3.5979999999998253,1.7257519518593072,-0.7236695295058465,1.0,0.027146151530541094,4.6416057994661015,4.668751950996643
3.599999999999825,1.7242958547430052,-0.7324286451014328,1.0,0.02780726895801263,4.639488584925795,4.667295853883807
3.601999999999825,1.7228222330402212,-0.7411941186316359,1.0,0.02847682879431926,4.637345403390689,4.665822232185008
3.6039999999998247,1.7213310740199315,-0.7499659648954107,1.0,0.02915484952294232,4.635176223646285,4.664331073169227
3.6059999999998245,1.7198223649236573,-0.7587441965440157,1.0,0.029841349524868763,4.632981014553127,4.6628223640779956
3.6079999999998242,1.7182960929697892,-0.7675288240522103,1.0,0.030536347066617658,4.630759745063091,4.661296092129708
3.609999999999824,1.7167522453579687,-0.7763198556893527,1.0,0.031239860288079773,4.628512384235937,4.659752244524017
3.611999999999824,1.715190809273528,-0.7851172974903975,1.0,0.03195190719016948,4.626238901256088,4.658190808446258
3.6139999999998236,1.713611771891988,-0.7939211532267968,1.0,0.03267250562228785,4.623939265449675,4.656611771071963
3.6159999999998234,1.712015120383615,-0.8027314243773034,1.0,0.03340167326959588,4.621613446301806,4.655015119571402
3.617999999999823,1.7104008419180343,-0.8115481100986792,1.0,0.034139427640097204,4.6192614134741135,4.653400841114211
3.619999999999823,1.7087689236689048,-0.8203712071963102,1.0,0.0348857860515291,4.6168831368225245,4.651768922874053
3.6219999999998227,1.7071193528186497,-0.8292007100947288,1.0,0.03564076561806098,4.614478586415301,4.650119352033363
3.6239999999998225,1.7054521165632495,-0.8380366108080466,1.0,0.0364043832367998,4.612047732551325,4.648452115788125
3.6259999999998223,1.7037672021170909,-0.8468788989102972,1.0,0.03717665557410111,4.609590545778633,4.646767201352734
3.627999999999822,1.702064596717878,-0.8557275615056943,1.0,0.03795759905168559,4.607106996913217,4.645064595964902
3.629999999999822,1.7003442876316006,-0.8645825831988031,1.0,0.0387472298325599,4.604597057058067,4.643344286890627
3.6319999999998216,1.6986062621575644,-0.8734439460646304,1.0,0.03954556380674135,4.602060697622479,4.64160626142922
3.6339999999998214,1.6968505076334792,-0.882311629618634,1.0,0.04035261657678599,4.599497890341615,4.639850506918401
3.635999999999821,1.6950770114406088,-0.8911856107866538,1.0,0.041168403443119186,4.596908607296321,4.63807701073944
3.637999999999821,1.69328576100898,-0.9000658638747677,1.0,0.04199293938916845,4.594292820933203,4.636285760322371
3.6399999999998207,1.6914767438226523,-0.908952360539074,1.0,0.04282623906629809,4.5916505040849644,4.634476743151263
3.6419999999998205,1.6896499474250484,-0.9178450697554035,1.0,0.0436683167785451,4.588981629990998,4.632649946769543
3.6439999999998203,1.6878053594243443,-0.9267439577889637,1.0,0.044519186467156274,4.586286172318241,4.6308053587853975
3.64599999999982,1.6859429674989224,-0.9356489881639186,1.0,0.045378861694925665,4.583564105182289,4.628942966877214
3.64799999999982,1.6840627594028825,-0.9445601216329063,1.0,0.04624735563033321,4.580815403168769,4.627062758799102
3.6499999999998196,1.6821647229716168,-0.9534773161464973,1.0,0.0471246810314832,4.578040041354978,4.625164722386461
3.6519999999998194,1.6802488461274432,-0.9624005268225985,1.0,0.04801085022984343,4.575237995331772,4.623248845561616
3.653999999999819,1.6783151168853023,-0.9713297059158034,1.0,0.048905875113784636,4.57240924122573,4.621315116339514
3.655999999999819,1.6763635233585146,-0.9802648027866946,1.0,0.04980976711192026,4.569553755721565,4.619363522833486
3.6579999999998187,1.6743940537645987,-0.9892057638711009,1.0,0.05072253717624693,4.566671516084808,4.617394053261055
3.6599999999998185,1.6724066964311524,-0.9981525326493124,1.0,0.05164419576508568,4.563762500184743,4.6154066959498286
3.6619999999998183,1.6704014398017935,-1.007105049615258,1.0,0.05257475282582411,4.560826686517608,4.6134014393434315
3.663999999999818,1.6683782724421645,-1.0160632522456499,1.0,0.053514217777460446,4.557864054230054,4.6113782720075145
3.665999999999818,1.6663371830459974,-1.0250270749690968,1.0,0.05446259949294908,4.554874583142866,4.609337182635816
3.6679999999998176,1.6642781604412407,-1.0339964491351936,1.0,0.05541990628134899,4.5518582537749435,4.607278160056293
3.6699999999998174,1.6622011935962486,-1.042971302983588,1.0,0.05638614586977521,4.548815047367531,4.605201193237306
3.671999999999817,1.6601062716260317,-1.0519515616130324,1.0,0.05736132538515421,4.54574494590872,4.603106271293875
3.673999999999817,1.6579933837985696,-1.0609371469504212,1.0,0.05834545133578423,4.542647932158201,4.600993383493985
3.6759999999998167,1.6558625195411862,-1.069927977719823,1.0,0.059338529592700834,4.5395239896722686,4.598862519264969
3.6779999999998165,1.6537136684469855,-1.0789239694115096,1.0,0.060340565370849836,4.536373102829089,4.596713668199938
3.6799999999998163,1.6515468202813508,-1.087925034250987,1.0,0.06135156321006771,4.533195256854217,4.594546820064285
3.681999999999816,1.6493619649885047,-1.0969310811680346,1.0,0.062371526955871164,4.529990437846365,4.592361964802237
3.683999999999816,1.647159092698132,-1.1059420157657571,1.0,0.06340045974005734,4.526758632803429,4.5901590925434865
3.6859999999998156,1.644938193732064,-1.114957740289655,1.0,0.06443836396111582,4.523499829648757,4.587938193609872
3.6879999999998154,1.6426992586110236,-1.1239781535967195,1.0,0.06548524126445437,4.520214017257674,4.585699258522128
3.689999999999815,1.6404422780614345,-1.1330031511245553,1.0,0.06654109252243971,4.51690118548424,4.58344227800668
3.691999999999815,1.6381672430222902,-1.142032624860542,1.0,0.06760591781425541,4.513561325188277,4.5811672430025325
3.6939999999998148,1.6358741446520855,-1.151066463311034,1.0,0.06867971640557896,4.510194428262606,4.578874144668185
3.6959999999998145,1.6335629743358087,-1.1601045514706099,1.0,0.06976248672807962,4.5068004876605565,4.5765629743886365
3.6979999999998143,1.6312337236919967,-1.169146770791376,1.0,0.07085422635873971,4.503379497423689,4.574233723782428
3.699999999999814,1.62888638457985,-1.1781929991523297,1.0,0.07195493199900152,4.499931452709767,4.571886384708768
3.701999999999814,1.6265209491064099,-1.187243110828789,1.0,0.07306459945374234,4.496456349820964,4.569520949274707
3.7039999999998137,1.6241374096337957,-1.1962969764618996,1.0,0.07418322361007966,4.492954186232288,4.567137409842368
3.7059999999998134,1.6217357587865044,-1.205354463028218,1.0,0.07531079841601064,4.489424960620247,4.564735759036258
3.7079999999998132,1.6193159894587696,-1.214415433809386,1.0,0.07644731685888706,4.485868672891728,4.562315989750616
3.709999999999813,1.6168780948219819,-1.2234797483618989,1.0,0.07759277094372985,4.482285324213108,4.559878095156838
3.711999999999813,1.6144220683321688,-1.2325472624869767,1.0,0.07874715167138632,4.478674917039576,4.557422068710962
3.7139999999998126,1.611947903737536,-1.241617828200545,1.0,0.0799104490165329,4.475037455144665,4.554947904161199
3.7159999999998123,1.6094555950860672,-1.250691293703334,1.0,0.08108265190552737,4.471372943650011,4.552455595555538
3.717999999999812,1.606945136733185,-1.2597675033511029,1.0,0.0822637481941139,4.467681389055297,4.549945137249411
3.719999999999812,1.6044165233494703,-1.2688462976249975,1.0,0.08345372464498477,4.463962799268419,4.5474165239134035
3.7219999999998117,1.6018697499284404,-1.277927513102051,1.0,0.08465256690520306,4.460217183635836,4.544869750541039
3.7239999999998115,1.5993048117943875,-1.287010982425834,1.0,0.08586025948348987,4.456444552973129,4.542304812456619
3.7259999999998112,1.5967217046102744,-1.2960965342772626,1.0,0.08707678572738081,4.45264491959573,4.53972170532311
3.727999999999811,1.5941204243856888,-1.305183993345575,1.0,0.08830212780025587,4.448818297349851,4.537120425150107
3.729999999999811,1.591500967484856,-1.3142731802994847,1.0,0.089536266658248,4.444964701643594,4.534500968301842
3.7319999999998106,1.5888633306347075,-1.3233639117585163,1.0,0.09077918202703408,4.4410841494782165,4.53186333150525
3.7339999999998104,1.5862075109330098,-1.3324560002645385,1.0,0.09203085237851458,4.437176659479594,4.529207511858108
3.73599999999981,1.583533505856546,-1.3415492542534992,1.0,0.0932912549073857,4.433242251929816,4.526533506837201
3.73799999999981,1.580841313269357,-1.3506434780273742,1.0,0.09456036550761104,4.429280948798968,4.523841314306579
3.7399999999998097,1.5781309314310368,-1.3597384717263379,1.0,0.09583815874879645,4.425292773777042,4.521130932525839
3.7419999999998095,1.5754023590050839,-1.368834031301168,1.0,0.0971246078524755,4.421277752306011,4.518402360158487
3.7439999999998093,1.5726555950673076,-1.3779299484858911,1.0,0.09841968466831016,4.417235911612026,4.515655596280336
3.745999999999809,1.5698906391142884,-1.387026010770682,1.0,0.0997233596502142,4.41316728073776,4.512890640387974
3.747999999999809,1.5671074910718925,-1.3961220013750255,1.0,0.1010356018324037,4.409071890574867,4.510107492407271
3.7499999999998086,1.5643061513038403,-1.4052176992211518,1.0,0.10235637880538376,4.404949773896569,4.507306152701953
3.7519999999998084,1.5614866206203268,-1.4143128789077557,1.0,0.10368565669187556,4.400800965390346,4.504486622082221
3.753999999999808,1.5586489002866948,-1.4234073106840104,1.0,0.1050234001226925,4.396625501690729,4.501648901813422
3.755999999999808,1.5557929920321596,-1.4325007604238877,1.0,0.10636957221257179,4.392423421412204,4.498792993624775
3.7579999999998077,1.552918898058585,-1.4415929896007944,1.0,0.10772413453596875,4.388194765182182,4.495918899718151
3.7599999999998075,1.5500266210493097,-1.4506837552625367,1.0,0.10908704710282226,4.383939575674067,4.49302662277689
3.7619999999998073,1.5471161641780224,-1.4597728100066238,1.0,0.11045826833429766,4.37965789764039,4.490116165974688
3.763999999999807,1.544187531117688,-1.4688599019559243,1.0,0.11183775503851646,4.3753497779459956,4.487187532984512
3.765999999999807,1.5412407260495202,-1.4779447747346826,1.0,0.11322546238628045,4.371015265601299,4.484240727987579
3.7679999999998066,1.5382757536720022,-1.4870271674449118,1.0,0.11462134388679844,4.366654411795582,4.481275755682381
3.7699999999998064,1.5352926192099552,-1.496106814643173,1.0,0.11602535136342489,4.362267269930313,4.478292621293738
3.771999999999806,1.5322913284236515,-1.5051834463177531,1.0,0.11743743492941836,4.357853895652509,4.4752913305819275
3.773999999999806,1.5292718876179736,-1.5142567878662532,1.0,0.11885754296373013,4.353414346888105,4.472271889851835
3.7759999999998057,1.5262343036516186,-1.5233265600736017,1.0,0.12028562208683116,4.34894868387533,4.469234305962161
3.7779999999998055,1.5231785839463439,-1.5323924790905035,1.0,0.12172161713658734,4.344456969198079,4.466178586334666
3.7799999999998053,1.5201047364962572,-1.5414542564123372,1.0,0.12316547114419299,4.339939267819268,4.4631047389634615
3.781999999999805,1.5170127698771483,-1.5505115988585154,1.0,0.12461712531017219,4.335395647114167,4.460012772424339
3.783999999999805,1.5139026932558608,-1.5595642085523194,1.0,0.12607651898045863,4.330826176903685,4.456902695884144
3.7859999999998046,1.5107745163997046,-1.5686117829012216,1.0,0.12754358962256407,4.326230929487624,4.453774519110189
3.7879999999998044,1.5076282496859061,-1.577654014577711,1.0,0.12901827280184577,4.321609979677858,4.450628252479704
3.789999999999804,1.5044639041110976,-1.586690591500631,1.0,0.1305005021578849,4.316963404831436,4.447463906989321
3.791999999999804,1.5012814913008423,-1.5957211968170488,1.0,0.13199020938098593,4.31229128488362,4.444281494264606
3.7939999999998038,1.498081023519196,-1.6047455088846643,1.0,0.1334873241888085,4.3075937023808075,4.441081026569616
3.7959999999998035,1.4948625136783023,-1.6137632012547767,1.0,0.13499177430314455,4.302870742513351,4.437862516816495
3.7979999999998033,1.4916259753480228,-1.6227739426558205,1.0,0.13650348542685037,4.298122493148257,4.434625978575107
3.799999999999803,1.488371422765598,-1.6317773969774854,1.0,0.138022381220948,4.293349044861745,4.431371426082693
3.801999999999803,1.485098870845341,-1.640773223255435,1.0,0.13954838328190647,4.28855049097166,4.428098874253566
3.8039999999998027,1.4818083351883595,-1.6497610756566377,1.0,0.1410814111191161,4.283726927569718,4.424808338688834
3.8059999999998024,1.478499832092308,-1.6587406034653243,1.0,0.14262138213256867,4.278878453553582,4.42149983568615
3.807999999999802,1.475173378561166,-1.6677114510695874,1.0,0.14416821159075635,4.274005170658741,4.418173382249497
3.809999999999802,1.4718289923150443,-1.676673257948637,1.0,0.14572181260880207,4.269107183490181,4.414828996098984
3.8119999999998018,1.4684666918000138,-1.6856256586607263,1.0,0.1472820961268357,4.264184599553841,4.411466695680677
3.8139999999998015,1.4650864961979595,-1.6945682828317634,1.0,0.1488489708886286,4.259237529287838,4.408086500176466
3.8159999999998013,1.4616884254364562,-1.7035007551446233,1.0,0.1504223434205013,4.25426608609342,4.4046884295139215
3.817999999999801,1.4582725001986638,-1.712422695329175,1.0,0.15200211801051788,4.2492703863656835,4.401272504376202
3.819999999999801,1.4548387419332438,-1.7213337181530395,1.0,0.15358819668798118,4.2442505495239855,4.397838746211967
3.8219999999998007,1.4513871728642913,-1.7302334334130924,1.0,0.1551804792032439,4.239206698042065,4.394387177245309
3.8239999999998004,1.4479178160012853,-1.7391214459277282,1.0,0.15677886300784968,4.234138957477857,4.390917820485706
3.8259999999998002,1.4444306951490524,-1.747997355529899,1.0,0.15838324323501968,4.229047456502963,4.387430699737982
3.8279999999998,1.4409258349177436,-1.7568607570609462,1.0,0.15999351268049905,4.223932326931785,4.383925839612284
3.8299999999998,1.4374032607328235,-1.7657112403652362,1.0,0.16160956178377933,4.218793703750295,4.380403265534074
3.8319999999997996,1.433862998845069,-1.77454839028562,1.0,0.16323127860971176,4.213631725144413,4.376863003754125
3.8339999999997993,1.4303050763405758,-1.7833717866597294,1.0,0.16485854883052745,4.208446532528001,4.373305081358528
3.835999999999799,1.426729521150772,-1.792181004317125,1.0,0.16649125570827983,4.203238270570428,4.369729526278708
3.837999999999799,1.4231363620624362,-1.8009756130773122,1.0,0.16812928007772732,4.198007087223711,4.366136367301439
3.8399999999997987,1.4195256287277196,-1.8097551777486434,1.0,0.1697725003296682,4.192753133749198,4.3625256340788665
3.8419999999997985,1.4158973516741675,-1.8185192581281144,1.0,0.17142079239475005,4.187476564743781,4.358897357138531
3.8439999999997982,1.4122515623147422,-1.8272674090020802,1.0,0.17307402972776506,4.182177538165624,4.355251567893389
3.845999999999798,1.408588292957843,-1.8359991801478974,1.0,0.17473208329245096,4.1768562153593844,4.351588298651835
3.847999999999798,1.404907576817321,-1.8447141163365135,1.0,0.1763948215468133,4.1715127610808995,4.3479075826277125
3.8499999999997976,1.4012094480224888,-1.8534117573360167,1.0,0.1780621104289867,4.166147343521343,4.34420945395033
3.8519999999997974,1.3974939416281225,-1.862091637916162,1.0,0.17973381334365196,4.160760134330802,4.340493947674454
3.853999999999797,1.3937610936244522,-1.8707532878538895,1.0,0.18140979114902628,4.155351308641282,4.3367610997903085
3.855999999999797,1.3900109409471417,-1.8793962319398485,1.0,0.1830899021444442,4.149921045089105,4.333010947233549
3.8579999999997967,1.3862435214872535,-1.8880199899859456,1.0,0.18477400205854774,4.1444695258366835,4.3292435278952315
3.8599999999997965,1.3824588741011978,-1.8966240768339286,1.0,0.18646194403810093,4.138996936593656,4.325458880631756
3.8619999999997963,1.378657038620664,-1.9052080023650249,1.0,0.1881535786374496,4.133503466637355,4.321657045274804
3.863999999999796,1.3748380558625304,-1.9137712715106463,1.0,0.18984875380864277,4.127989308832603,4.317838062641246
3.865999999999796,1.3710019676387526,-1.9223133842641775,1.0,0.19154731489223306,4.122454659650794,4.314001974543027
3.8679999999997956,1.3671488167662267,-1.9308338356938621,1.0,0.19324910460877565,4.1168997191882575,4.310148823797033
3.8699999999997954,1.363278647076626,-1.9393321159568013,1.0,0.1949539630510431,4.111324691183886,4.306278654234929
3.871999999999795,1.3593915034262085,-1.9478077103140794,1.0,0.19666172767697487,4.105729783035986,4.30239151071296
3.873999999999795,1.355487431705592,-1.9562600991470322,1.0,0.19837223330337797,4.100115205818356,4.298487439121734
3.8759999999997947,1.3515664788494974,-1.9646887579746712,1.0,0.2000853121004002,4.094481174295561,4.294566486395961
3.8779999999997945,1.3476286928464545,-1.9730931574722774,1.0,0.20180079358679182,4.088827906937366,4.290628700524158
3.8799999999997943,1.3436741227484694,-1.981472763491182,1.0,0.20351850462597404,4.083155625932347,4.286674130558321
3.881999999999794,1.3397028186806528,-1.9898270370797444,1.0,0.2052382694229356,4.07746455720061,4.282702826623546
3.883999999999794,1.3357148318508028,-1.9981554345055432,1.0,0.20695990952197102,4.071754930405649,4.27871483992762
3.8859999999997936,1.331710214558944,-2.006457407278794,1.0,0.20868324380528375,4.066026978965269,4.274710222770553
3.8879999999997934,1.327689020206817,-2.014732402177006,1.0,0.2104080884924691,4.0602809400616025,4.270689028554072
3.889999999999793,1.3236513033073192,-2.0229798612708922,1.0,0.21213425714089737,4.054517054650163,4.266651311791061
3.891999999999793,1.3195971194938905,-2.0311992219515465,1.0,0.21386156064701412,4.048735567467932,4.262597128114946
3.8939999999997927,1.3155265255298447,-2.0393899169588976,1.0,0.21558980724857624,4.042936727040448,4.258526534289024
3.8959999999997925,1.3114395793176423,-2.047551374411457,1.0,0.21731880252784283,4.0371207856878994,4.254439588215742
3.8979999999997923,1.3073363399081022,-2.0556830178373677,1.0,0.21904834941573692,4.031287999530167,4.250336348945904
3.899999999999792,1.3032168675095506,-2.0637842662067727,1.0,0.22077824819699762,4.02543862849082,4.246216876687817
3.901999999999792,1.2990812234969036,-2.071854533965507,1.0,0.22250829651634094,4.019572936300043,4.242081232816384
3.9039999999997916,1.2949294704206809,-2.079893231070132,1.0,0.224238289385644,4.013691190496461,4.237929479882105
3.9059999999997914,1.2907616720159478,-2.087899763024321,1.0,0.22596801919217455,4.007793662427857,4.233761681620032
3.907999999999791,1.2865778932111842,-2.0958735309166,1.0,0.22769727570787968,4.001880627250743,4.2295779029586225
3.909999999999791,1.2823782001370754,-2.103813931459471,1.0,0.2294258460997514,3.995952363928795,4.225378210028547
3.9119999999997908,1.278162660135224,-2.1117203570299083,1.0,0.23115351494128888,3.9900091552300982,4.221162670171387
3.9139999999997905,1.2739313417667795,-2.119592195711251,1.0,0.2328800642250701,3.984051287723206,4.2169313519482765
3.9159999999997903,1.2696843148209824,-2.1274288313364993,1.0,0.23460527337645248,3.978079051771981,4.212684325148434
3.91799999999979,1.2654216503236204,-2.1352296435330183,1.0,0.23632891926841756,3.972092741529211,4.208421660797629
3.91999999999979,1.261143420545394,-2.142994007768665,1.0,0.23805077623757687,3.966092654928963,4.20414343116654
3.9219999999997897,1.2568496990101874,-2.150721295399343,1.0,0.23977061610135308,3.96007909367768,4.199849709779033
3.9239999999997894,1.252540560503245,-2.1584108737179935,1.0,0.24148820817635283,3.9540523632439784,4.195540571420331
3.925999999999789,1.2482160810792455,-2.1660621060050316,1.0,0.2432033192979477,3.9480127728471435,4.191216092145091
3.927999999999789,1.243876338070277,-2.1736743515802344,1.0,0.24491571384107663,3.9419606354443033,4.18687634928538
3.9299999999997888,1.239521410093704,-2.181246965856088,1.0,0.24662515374228428,3.935896267716257,4.182521421458541
3.9319999999997886,1.2351513770599276,-2.1887793003925977,1.0,0.24833139852301092,3.9298199900519397,4.178151388574951
3.9339999999997883,1.2307663201800347,-2.1962707029535737,1.0,0.2500342053141459,3.9237321265315295,4.173766331845675
3.935999999999788,1.226366321973333,-2.203720517564388,1.0,0.25173332888186045,3.9176330049081383,4.169366333789998
3.937999999999788,1.2219514662747684,-2.2111280845712167,1.0,0.2534285216547306,3.9115229565881116,4.164951478242842
3.9399999999997877,1.2175218382422233,-2.2184927407017683,1.0,0.2551195337521635,3.905402316609903,4.160521850362066
3.9419999999997875,1.2130775243636913,-2.2258138191274996,1.0,0.25680611301414025,3.8992714236214985,4.156077536635639
3.9439999999997872,1.2086186124643266,-2.233090649527328,1.0,0.2584880050322859,3.893130619856405,4.151618624888691
3.945999999999787,1.2041451917133634,-2.2403225581528403,1.0,0.26016495318227767,3.886980251108153,4.147145204290431
3.947999999999787,1.1996573526309051,-2.2475088678949984,1.0,0.26183669865760417,3.880820666703332,4.142657365360936
3.9499999999997866,1.195155187094577,-2.25464889835235,1.0,0.26350298050468113,3.8746522194731265,4.138155199977808
3.9519999999997864,1.1906387883460414,-2.2617419659007374,1.0,0.2651635356593404,3.868475265723341,4.1336388013826815
3.953999999999786,1.1861082509973728,-2.268787383764514,1.0,0.26681809898469344,3.8622901652029125,4.129108264187606
3.955999999999786,1.1815636710372879,-2.2757844620892618,1.0,0.2684664033103844,3.8560972810708862,4.124563684381271
3.9579999999997857,1.177005145837229,-2.282732508016011,1.0,0.27010817947323634,3.849896979861855,4.120005159335092
3.9599999999997855,1.1724327741572984,-2.2896308257569653,1.0,0.27174315635930024,3.8436896314498425,4.115432787809143
3.9619999999997852,1.1678466561520384,-2.296478716672726,1.0,0.27337106094731295,3.8374756090106272,4.11084666995794
3.963999999999785,1.163246893376056,-2.3032754793510137,1.0,0.27499161835356917,3.831255288982493,4.106246907336062
3.965999999999785,1.1586335887894892,-2.310020409686887,1.0,0.27660455187821453,3.8250290510254055,4.10163360290362
3.9679999999997846,1.1540068467633102,-2.3167128009644524,1.0,0.27820958305296273,3.8187972779785935,4.097006861031556
3.9699999999997844,1.1493667730844654,-2.323351943940065,1.0,0.27980643169024183,3.8125603558165473,4.092366787506789
3.971999999999784,1.1447134749608452,-2.329937126927008,1.0,0.2813948159337733,3.806318673603406,4.08771348953718
3.973999999999784,1.1400470610260849,-2.3364676358816547,1.0,0.2829744523105845,3.8000726234457494,4.083047075756334
3.9759999999997837,1.1353676413441913,-2.3429427544910997,1.0,0.2845450557844584,3.793822600443772,4.07836765622823
3.9779999999997835,1.130675327413992,-2.3493617642622553,1.0,0.28610633981082084,3.7875690026408453,4.073675342451666
3.9799999999997833,1.1259702321734057,-2.355723944612407,1.0,0.28765801639306493,3.7813122309714657,4.068970247364531
3.981999999999783,1.1212524700035296,-2.362028572961218,1.0,0.28919979614031327,3.7750526892075773,4.0642524853478905
3.983999999999783,1.1165221567325412,-2.3682749248241723,1.0,0.2907313883266149,3.768790783903278,4.059522172229893
3.9859999999997826,1.1117794096394127,-2.3744622739074526,1.0,0.29225250095157657,3.7625269243379034,4.05477942528948
3.9879999999997824,1.1070243474574326,-2.3805898922042354,1.0,0.2937628408024244,3.756261522457485,4.05002436325991
3.989999999999782,1.1022570903775353,-2.386657050092398,1.0,0.29526211351749154,3.7499949928145933,4.045257106332085
3.991999999999782,1.0974777600514318,-2.3926630164336227,1.0,0.2967500236511273,3.743727752506559,4.040477776157687
3.9939999999997817,1.0926864795945428,-2.3986070586738872,1.0,0.2982262747400239,3.737460221112079,4.035686495852103
3.9959999999997815,1.0878833735887274,-2.4044884429453264,1.0,0.2996905693709498,3.7311928206262137,4.030883389997164
3.9979999999997813,1.0830685680848087,-2.4103064341694536,1.0,0.30114260924988717,3.7249259753937713,4.026068584643658
3.999999999999781,1.0782421906048905,-2.416060296161725,1.0,0.30258209527256197,3.718660112041099,4.02124220731366
4.001999999999781,1.073404370144463,-2.421749291737431,1.0,0.3040087275963575,3.712395659406272,4.01640438700263
4.003999999999781,1.0685552371742977,-2.4273726828189024,1.0,0.3054222057136023,3.7061330484677013,4.011555254181304
4.005999999999781,1.0636949236421234,-2.4329297305440103,1.0,0.30682222852621954,3.6998727122711608,4.00669494079738
4.007999999999781,1.0588235629740863,-2.438419695375942,1.0,0.3082084944217271,3.6936150858552472,4.001823580276974
4.00999999999978,1.0539412900759886,-2.443841837214237,1.0,0.3095807013505735,3.6873606061752824,3.996941307525856
4.01199999999978,1.0490482413343036,-2.4491954155070634,1.0,0.3109385469047977,3.6811097120256693,3.992048258930467
4.01399999999978,1.0441445546169654,-2.454479689364713,1.0,0.3122817283979936,3.6748628439607143,3.987144572358708
4.01599999999978,1.0392303692739295,-2.459693917674294,1.0,0.31360994294656813,3.6686204442139356,3.9822303871605036
4.0179999999997795,1.034305826137504,-2.464837359215604,1.0,0.3149228875522707,3.6623829566158603,3.9773058441681313
4.019999999999779,1.0293710675224474,-2.4699092727781546,1.0,0.3162202591859795,3.6561508265103346,3.972371085696314
4.021999999999779,1.0244262372258313,-2.474908917279331,1.0,0.3175017548727212,3.6499245006693735,3.9674262555420947
4.023999999999779,1.0194714805266647,-2.479835551883656,1.0,0.31876707177790997,3.643704427206538,3.9624714989844483
4.025999999999779,1.014506944185281,-2.4846884361231427,1.0,0.32001590729477625,3.637491055488902,3.9575069627836785
4.027999999999778,1.0095327764424804,-2.4894668300187,1.0,0.32124795913296966,3.6312848360475827,3.9525327951805522
4.029999999999778,1.0045491270184308,-2.4941699942025735,1.0,0.32246292540831056,3.625086220486896,3.9475491458952066
4.031999999999778,0.9995561471113213,-2.4987971900417905,1.0,0.3236605047336622,3.6188956613921355,3.9425561661257977
4.033999999999778,0.9945539893957687,-2.503347679762583,1.0,0.32484039631090317,3.61271361223601,3.9375540085469134
4.0359999999997775,0.9895428080209735,-2.5078207265757597,1.0,0.3260023000239708,3.606540527283749,3.93254282730772
4.037999999999777,0.984522758608625,-2.5122155948029996,1.0,0.32714591653294683,3.6003768614969305,3.927522778029877
4.039999999999777,0.9794939982505525,-2.516531550004034,1.0,0.3282709473691595,3.594223070436024,3.9224940178051835
4.041999999999777,0.9744566855061207,-2.5207678591046907,1.0,0.3293770950312704,3.588079610161702,3.9174567051929725
4.043999999999777,0.9694109803993698,-2.524923790525766,1.0,0.3304640630823146,3.581946937134939,3.9124110002172534
4.045999999999776,0.964357044415895,-2.5289986143126932,1.0,0.3315315562476641,3.5758255081159267,3.9073570643635906
4.047999999999776,0.9592950404994675,-2.5329916022659775,1.0,0.3325792805138814,3.5697157800618453,3.9022950605757267
4.049999999999776,0.9542251330483932,-2.5369020280723604,1.0,0.3336069432284283,3.563618210023508,3.897225153251936
4.051999999999776,0.9491474879116084,-2.540729167436682,1.0,0.33461425320019517,3.5575332550409304,3.8921475082411257
4.053999999999776,0.9440622723845115,-2.5444722982144063,1.0,0.33560092080081605,3.5514613720378483,3.8870622928386642
4.055999999999775,0.9389696552045279,-2.5481307005447724,1.0,0.3365666580667331,3.545403017715216,3.881969675781949
4.057999999999775,0.9338698065464099,-2.5517036569845395,1.0,0.337511178801969,3.539358648443733,3.876869827245702
4.059999999999775,0.9287628980172666,-2.555190452642286,1.0,0.33843419868157304,3.533328720155431,3.8717629188370037
4.061999999999775,0.9236491026513258,-2.5585903753132255,1.0,0.3393354353556987,3.527313688234356,3.866649123590055
4.0639999999997745,0.9185285949044256,-2.5619027156145058,1.0,0.3402146085542728,3.5213140074063918,3.8615286159606645
4.065999999999774,0.9134015506482348,-2.5651267671209466,1.0,0.3410714401922136,3.5153301316282612,3.856401571820475
4.067999999999774,0.9082681471642015,-2.5682618265011827,1.0,0.3419056544751578,3.509362513975747,3.851268168450905
4.069999999999774,0.9031285631372288,-2.571307193654171,1.0,0.3427169780056498,3.5034116065311833,3.8461285845368334
4.071999999999774,0.8979829786490778,-2.5742621718460192,1.0,0.3435051398897521,3.497477860270241,3.8409830001599934
4.073999999999773,0.8928315751714959,-2.5771260678471,1.0,0.3442698718440294,3.4915617249480766,3.835831596792106
4.075999999999773,0.887674535559071,-2.579898192069409,1.0,0.34501090830286263,3.4856636489848714,3.830674557287734
4.077999999999773,0.8825120440418109,-2.5825778587041173,1.0,0.345727986526044,3.479784079350816,3.82551206587686
4.079999999999773,0.877344286217447,-2.585164385859293,1.0,0.34642084670660783,3.4739234614505823,3.82034430815719
4.0819999999997725,0.8721714490434627,-2.5876570956977316,1.0,0.347089232078846,3.468082239007338,3.8151714710861837
4.083999999999772,0.8669937208288464,-2.5900553145748626,1.0,0.34773288902646377,3.4622608539463418,3.8099937429728055
4.085999999999772,0.861811291225568,-2.5923583731766895,1.0,0.3483515671908207,3.4564597462781816,3.8048113134690023
4.087999999999772,0.8566243512197799,-2.5945656066577154,1.0,0.3489450195792105,3.450679353981692,3.7996243735609023
4.089999999999772,0.851433093122742,-2.596676354778811,1.0,0.3495130026731268,3.444920112886617,3.7944331155597437
4.091999999999771,0.8462377105614712,-2.5986899620449857,1.0,0.3500552765364647,3.4391824565560576,3.789237733092522
4.093999999999771,0.8410383984691159,-2.6006057778430076,1.0,0.35057160492360345,3.4334668161687603,3.784038421092364
4.095999999999771,0.8358353530750542,-2.602423156578841,1.0,0.3510617553873211,3.4277736204013056,3.778835375788627
4.097999999999771,0.830628771894719,-2.6041414578148423,1.0,0.35152549938648314,3.4221032953102397,3.773628794696723
4.0999999999997705,0.8254188537191479,-2.60576004640668,1.0,0.35196261239345766,3.416456264214211,3.7684188766076687
4.10199999999977,0.82020579860426,-2.6072782926399256,1.0,0.3523728740011944,3.4108329475761727,3.763205821577367
4.10399999999977,0.8149898078598599,-2.608695572366276,1.0,0.35275606802992215,3.4052337628856804,3.7579898309156023
4.10599999999977,0.8097710840383692,-2.610011267139356,1.0,0.3531119826334025,3.399659124541376,3.7527711071747785
4.10799999999977,0.8045498309232878,-2.611224764350058,1.0,0.3534404104046872,3.3941094437336905,3.7475498541383776
4.109999999999769,0.7993262535173841,-2.6123354573613713,1.0,0.35374114848132426,3.388585128327826,3.7423262768091505
4.111999999999769,0.7941005580306162,-2.613342745642659,1.0,0.3540139986499531,3.3830865827470884,3.7371005813970415
4.113999999999769,0.7888729518677859,-2.614246034903327,1.0,0.35425876745024004,3.3776142078565936,3.7318729753068336
4.115999999999769,0.7836436436159253,-2.615044737225849,1.0,0.35447526627808496,3.3721684008474613,3.726643667125546
4.1179999999997685,0.778412843031418,-2.6157382711980945,1.0,0.3546633114880582,3.36674955512149,3.7214128666095485
4.119999999999768,0.7731807610268567,-2.6163260620449167,1.0,0.3548227244949969,3.3613580601764204,3.716180784671417
4.121999999999768,0.7679476096576385,-2.6168075417589525,1.0,0.3549533318747123,3.355994301491827,3.710947633366539
4.123999999999768,0.7627136021082991,-2.617182149230587,1.0,0.3550549654637484,3.3506586604156876,3.705713625879436
4.125999999999768,0.7574789526785877,-2.617449330377043,1.0,0.35512746245813465,3.345351514051711,3.700478976509846
4.127999999999767,0.7522438767692856,-2.61760853827054,1.0,0.35517066551107657,3.3400732351474614,3.695243900658538
4.129999999999767,0.7470085908677687,-2.6176592332654818,1.0,0.3551844228295269,3.3348241919833512,3.690008614812878
4.131999999999767,0.7417733125333165,-2.617600883124633,1.0,0.35516858826958175,3.3296047482625544,3.6847733365321362
4.133999999999767,0.7365382603821702,-2.617432963144225,1.0,0.355123021430643,3.324415263001901,3.6795382844325437
4.1359999999997665,0.7313036540723418,-2.6171549562779597,1.0,0.3550475877482929,3.319256090423812,3.6743036781721052
4.137999999999766,0.7260697142881758,-2.61676635325986,1.0,0.35494215858582423,3.3141275798493313,3.6690697384351556
4.139999999999766,0.720836662724667,-2.616266652725922,1.0,0.3548066113243677,3.309030075592316,3.6638366869166834
4.141999999999766,0.7156047220715356,-2.6156553613345253,1.0,0.35464082945156655,3.303963916854837,3.6586047463064033
4.143999999999766,0.7103741159970636,-2.6149319938855604,1.0,0.35444470264873673,3.2989294376238534,3.6533741402725903
4.145999999999765,0.7051450691316931,-2.6140960734382275,1.0,0.3542181268764624,3.2939269665692192,3.648145093445682
4.147999999999765,0.6999178070513914,-2.6131471314274624,1.0,0.35396100445857404,3.288956826943065,3.642917831401639
4.149999999999765,0.6946925562607844,-2.612084707778949,1.0,0.35367324416444723,3.284019336480639,3.637692580645086
4.151999999999765,0.6894695441760611,-2.6109083510226747,1.0,0.3533547612895816,3.279114807302626,3.6324695685922075
4.1539999999997645,0.6842489991076526,-2.6096176184049904,1.0,0.353005477734393,3.2742435458190395,3.6272490235534325
4.155999999999764,0.6790311502426887,-2.608212075999128,1.0,0.3526253220811818,3.2694058526347067,3.6220311747158886
4.157999999999764,0.673816227627235,-2.6066912988141424,1.0,0.3522142296692128,3.2646020224564283,3.6168162521256413
4.159999999999764,0.6686044621483137,-2.6050548709022316,1.0,0.3517721426678667,3.259832344001843,3.6116044866697097
4.161999999999764,0.6633960855157109,-2.6033023854643997,1.0,0.3512990101478066,3.2550970999100755,3.606396110057882
4.1639999999997634,0.6581913302435757,-2.6014334449544205,1.0,0.35079478815011317,3.2503965666541945,3.6011913548043077
4.165999999999763,0.6529904296318109,-2.5994476611810695,1.0,0.3502594397533421,3.245731014455549,3.595990454208891
4.167999999999763,0.6477936177472633,-2.597344655408581,1.0,0.3496929351384539,3.2411007072000264,3.5907936423384803
4.169999999999763,0.6426011294047134,-2.5951240584552955,1.0,0.3490952516515708,3.2365059023562877,3.5856011540078585
4.171999999999763,0.6374132001476698,-2.5927855107904656,1.0,0.348466373864516,3.2319468508960223,3.5804132247605382
4.173999999999762,0.6322300662289727,-2.5903286626291786,1.0,0.34780629363309146,3.227423797216271,3.5752300908493626
4.175999999999762,0.6270519645912085,-2.5877531740253676,1.0,0.34711501015304974,3.2229369790638733,3.570051989216923
4.177999999999762,0.6218791328469409,-2.5850587149628734,1.0,0.3463925300137184,3.2184866274620703,3.5648791574757888
4.179999999999762,0.6167118092587615,-2.582244965444528,1.0,0.3456388672492372,3.214072966639318,3.5597118338885556
4.1819999999997615,0.6115502327191646,-2.579311615579225,1.0,0.34485404338736636,3.2096962139603584,3.554550257347725
4.183999999999761,0.6063946427302498,-2.5762583656669484,1.0,0.34403808749582876,3.2053565798595742,3.549394667355403
4.185999999999761,0.6012452793832559,-2.573084926281729,1.0,0.34319103622614794,3.201054267776689,3.5442453040028368
4.187999999999761,0.5961023833379324,-2.5697910183524986,1.0,0.3423129338549473,3.1967894740948344,3.5391024079497817
4.189999999999761,0.5909661958017501,-2.5663763732418174,1.0,0.3414038323226727,3.1925623880810465,3.533966220403719
4.19199999999976,0.5858369585089571,-2.5628407328224414,1.0,0.34046379126970994,3.1883731918291947,3.5288369830989046
4.19399999999976,0.5807149136994836,-2.5591838495517103,1.0,0.33949287806985806,3.1842220602054208,3.523714938275279
4.19599999999976,0.5756003040977002,-2.5554054865437266,1.0,0.33849116786113664,3.1801091607960847,3.5186003286572216
4.19799999999976,0.5704933728910342,-2.5515054176393046,1.0,0.3374587435738887,3.176034653858282,3.513493397432171
4.1999999999997595,0.5653943637084476,-2.5474834274736637,1.0,0.33639569595615826,3.1719986922729424,3.5083943882291004
4.201999999999759,0.5603035205987834,-2.5433393115418466,1.0,0.33530212359631384,3.16800142150055,3.5033035450968635
4.203999999999759,0.5552210880089813,-2.539072876261839,1.0,0.3341781329428911,3.1640429795395213,3.4982211124824123
4.205999999999759,0.5501473107621716,-2.5346839390353755,1.0,0.33302383832163474,3.160123496887255,3.4931473352088895
4.207999999999759,0.5450824340356484,-2.530172328306407,1.0,0.33183936194971636,3.1562430965038857,3.488082458453602
4.209999999999758,0.5400267033387286,-2.525537883617216,1.0,0.33062483394710646,3.1524018937787734,3.4830267277258797
4.211999999999758,0.5349803644905013,-2.520780455662166,1.0,0.3293803923450849,3.148599996499741,3.4779803888448257
4.213999999999758,0.529943663597472,-2.51589990633906,1.0,0.328106183091871,3.144837504825088,3.472943687916959
4.215999999999758,0.5249168470311057,-2.510896108798107,1.0,0.3268023600553567,3.1411145112584027,3.4679168713137596
4.2179999999997575,0.519900161405276,-2.505768947488475,1.0,0.32546908502293365,3.137431100626181,3.4629001856491146
4.219999999999757,0.5148938535536218,-2.5005183182024178,1.0,0.32410652769839476,3.1337873500582845,3.4578938777566792
4.221999999999757,0.50989817050682,-2.495144128116973,1.0,0.32271486569590774,3.1301833289712375,3.4528981946671453
4.223999999999757,0.5049133594697752,-2.489646295833212,1.0,0.32129428453104386,3.1266190990543894,3.4479133835854334
4.225999999999757,0.49993966779873533,-2.484024751413046,1.0,0.31984497760886177,3.123094714258946,3.4429396918678075
4.227999999999756,0.4949773429783346,-2.478279436413562,1.0,0.3183671462090368,3.1196102207898813,3.437977366998918
4.229999999999756,0.49002663259857127,-2.4724103039189083,1.0,0.3168609994680312,3.116165657100748,3.4330266565687793
4.231999999999756,0.48508778433172334,-2.4664173185697016,1.0,0.31532675435830776,3.11276105389138,3.4280878082496877
4.233999999999756,0.4801610459092086,-2.4603004565899647,1.0,0.3137646356645806,3.109396434108496,3.4231610697730765
4.2359999999997555,0.4752466650983928,-2.454059705811591,1.0,0.31217487595710863,3.1060718129492217,3.4182466889063305
4.237999999999755,0.4703448896793514,-2.447695065696333,1.0,0.31055771556203265,3.102787197867509,3.4133449134295413
4.239999999999755,0.4654559674215901,-2.441206547355316,1.0,0.30891340252876176,3.099542588583471,3.4084559911122327
4.241999999999755,0.46058014606072856,-2.434594173566076,1.0,0.3072421925944135,3.09633797709563,3.403580169690043
4.243999999999755,0.4557176732751526,-2.427857978787129,1.0,0.3055443491453178,3.093173347696058,3.3987176968413757
4.245999999999754,0.45086879666263974,-2.4209980091700727,1.0,0.3038201431755929,3.090048676988433,3.393868820164026
4.247999999999754,0.446033763716963,-2.414014322569223,1.0,0.3020698532428055,3.0869639339089807,3.3890337871517864
4.249999999999754,0.44121282180447785,-2.406906988548798,1.0,0.3002937654207282,3.0839190797503027,3.3842128451710307
4.251999999999754,0.43640621814069724,-2.399676088387649,1.0,0.298492173249206,3.0809140681880844,3.3794062414372905
4.2539999999997535,0.4316141997668598,-2.3923217150815552,1.0,0.2966653776811528,3.07794884531067,3.374614222991823
4.255999999999753,0.4268370135264954,-2.384843973343084,1.0,0.2948136870266922,3.075023349651485,3.3698370366781774
4.257999999999753,0.42207490604199405,-2.3772429795990333,1.0,0.2929374168944626,3.072137512224298,3.365074929118761
4.259999999999753,0.41732812369118183,-2.3695188619854646,1.0,0.29103689013010836,3.069291256561312,3.3603281466914203
4.261999999999753,0.41259691258390935,-2.3616717603403408,1.0,0.2891124367519791,3.0664844987540465,3.355596935506026
4.263999999999752,0.40788151853865734,-2.353701826193784,1.0,0.28716439388406206,3.0637171474970137,3.3508815413810757
4.265999999999752,0.40318218705916403,-2.345609222755967,1.0,0.2851931056861705,3.060989104134158,3.3461822098203284
4.267999999999752,0.3984991633110791,-2.3373941249026546,1.0,0.2831989232814197,3.058300262708031,3.3414991859894507
4.269999999999752,0.3938326920986489,-2.329056719158414,1.0,0.28118220468101357,3.0556505100116964,3.33683271469271
4.2719999999997516,0.38918301784143755,-2.3205972036775115,1.0,0.2791433147063772,3.0530397256433117,3.332183040349689
4.273999999999751,0.38455038455108864,-2.3120157882225145,1.0,0.2770826249086634,3.0504677820633868,3.3275504069720503
4.275999999999751,0.3799350358081318,-2.303312694140621,1.0,0.2750005134856676,3.0479345446546744,3.322935058140342
4.277999999999751,0.3753372147388391,-2.294488154337736,1.0,0.272897365196184,3.0454398717846716,3.3183372369808555
4.279999999999751,0.37075716399213526,-2.2855424132503175,1.0,0.2707735712718395,3.0429836148706952,3.3137571861425346
4.2819999999997505,0.3661951257165668,-2.2764757268150215,1.0,0.26862952932644246,3.0405656184475007,3.309195147773943
4.28399999999975,0.36165134153733364,-2.267288362436158,1.0,0.26646564326288386,3.038185720237417,3.304651363500301
4.28599999999975,0.357126052533388,-2.2579805989509962,1.0,0.2642823231776296,3.035843751222949,3.3001260744005787
4.28799999999975,0.35261949921460534,-2.248552726592938,1.0,0.26207998526284637,3.033539535721823,3.2956195209846695
4.28999999999975,0.3481319214990303,-2.2390050469525873,1.0,0.25985905170619966,3.031272891464437,3.2911319431706367
4.291999999999749,0.3436635586902031,-2.229337872936747,1.0,0.2576199505883703,3.029043629673669,3.286663580262039
4.293999999999749,0.33921464945456997,-2.2195515287253675,1.0,0.25536311577833215,3.0268515551470077,3.28221467092534
4.295999999999749,0.33478543179898146,-2.20964634972648,1.0,0.25308898682643305,3.024696466340975,3.277785453167408
4.297999999999749,0.33037614304828294,-2.1996226825291427,1.0,0.2507980088553315,3.0225781554577753,3.273376164313107
4.2999999999997485,0.3259870198230014,-2.189480884854433,1.0,0.24849063244882783,3.020496408534152,3.2689870409829798
4.301999999999748,0.3216182980171318,-2.179221325504516,1.0,0.24616731353864554,3.018451005532395,3.2646183190710407
4.303999999999748,0.31727021277602785,-2.168844384309822,1.0,0.24382851328920735,3.016441720433451,3.2602702337226583
4.305999999999748,0.31294299847439916,-2.15835045207437,1.0,0.24147469798045543,3.0144683213321053,3.2559430193125607
4.307999999999748,0.30863688869442096,-2.1477399305192613,1.0,0.23910633888876892,3.012530570534171,3.25163690942294
4.309999999999747,0.3043521162039574,-2.1370132322243913,1.0,0.23672391216602826,3.0106282246556475,3.2473521368216756
4.311999999999747,0.30008891293490414,-2.1261707805684047,1.0,0.23432789871687815,3.008761034723802,3.24308893344068
4.313999999999747,0.295847509961652,-2.115213009666931,1.0,0.2319187840742438,3.0069287462801166,3.2388475303543602
4.315999999999747,0.29162813747967625,-2.104140364309143,1.0,0.22949705827315084,3.0051310994850575,3.2346281577582086
4.3179999999997465,0.28743102478425453,-2.0929532998926645,1.0,0.227063215722907,3.0033678292246084,3.2304310449475153
4.319999999999746,0.2832564002493161,-2.081652282356877,1.0,0.2246177550776953,3.0016386652185316,3.226256420296227
4.321999999999746,0.27910449130642645,-2.0702377881146505,1.0,0.22216117910563835,2.9999433321302864,3.2221045112359246
4.323999999999746,0.27497552442391004,-2.0587103039825467,1.0,0.2196939945563868,2.9982815496785595,3.2179755442349465
4.325999999999746,0.2708697250861136,-2.0470703271095267,1.0,0.21721671202728876,2.9966530327503658,3.2138697447776545
4.327999999999745,0.2667873177728142,-2.0353183649042053,1.0,0.21472984582819557,2.9950574915156443,3.20978733734384
4.329999999999745,0.26272852593877366,-2.0234549349606903,1.0,0.21223391384496357,2.993494631543315,3.2057285453882787
4.331999999999745,0.2586935719934429,-2.0114805649830454,1.0,0.20972943740170605,2.991964153918729,3.2016935913204354
4.333999999999745,0.2546826772808187,-1.9993957927084176,1.0,0.20721694112185285,2.990465755362468,3.197682696484321
4.3359999999997445,0.25069606205945555,-1.98720116582887,1.0,0.20469695278807942,2.988999128350423,3.1936960811385022
4.337999999999744,0.24673394548263494,-1.9748972419119566,1.0,0.20217000320115616,2.9875639612351192,3.189733964436275
4.339999999999744,0.24279654557869487,-1.962484588320085,1.0,0.1996366260377829,2.9861599383682074,3.1857965644059902
4.341999999999744,0.23888407923152177,-1.9499637821287024,1.0,0.19709735770746203,2.984786740224084,3.181884097931546
4.343999999999744,0.23499676216120716,-1.9373354100433486,1.0,0.19455273720847108,2.9834440435245746,3.1779967807330456
4.345999999999743,0.2311348089048713,-1.924600068315617,1.0,0.19200330598299065,2.9821315213646327,3.1741348273476233
4.347999999999743,0.22729843279765605,-1.911758362658062,1.0,0.1894496077714481,2.980848843338983,3.170298451110431
4.349999999999743,0.22348784595388893,-1.8988109081580966,1.0,0.18689218846613403,2.9795956756696746,3.1664878641358087
4.351999999999743,0.21970325924842019,-1.8857583291909186,1.0,0.18433159596414928,2.9783716813344685,3.162703277298618
4.3539999999997425,0.21594488229813516,-1.872601259331509,1.0,0.18176838001974088,2.9771765201960143,3.1589449002157552
4.355999999999742,0.21221292344364345,-1.8593403412657405,1.0,0.17920309209608476,2.9760098491317555,3.1552129412278402
4.357999999999742,0.20850758973114675,-1.84597622670064,1.0,0.1766362852165725,2.9748713221645136,3.151507607381086
4.359999999999742,0.20482908689448692,-1.8325095762738421,1.0,0.17406851381565927,2.973760590593685,3.1478291044093445
4.361999999999742,0.20117761933737602,-1.8189410594622775,1.0,0.17150033358933078,2.9726773031270066,3.1441776367163374
4.363999999999741,0.1975533901158095,-1.8052713544901344,1.0,0.168932301345245,2.971621106012826,3.140553407358071
4.365999999999741,0.19395660092066447,-1.7915011482361356,1.0,0.1663649748526053,2.9705916431728254,3.136956618025431
4.367999999999741,0.1903874520604838,-1.777631136140167,1.0,0.16379891269182167,2.969588556335148,3.1333874690269696
4.369999999999741,0.18684614244444767,-1.7636620221093025,1.0,0.16123467410401504,2.968611485167862,3.129846159271877
4.3719999999997405,0.18333286956553368,-1.7495945184232589,1.0,0.15867281884041975,2.96766006741272,3.1263328862531394
4.37399999999974,0.17984782948386654,-1.7354293456393262,1.0,0.1561139070117394,2.966733939019151,3.1228478460308904
4.37599999999974,0.1763912168102584,-1.7211672324968064,1.0,0.15355849893750997,2.96583273427844,3.11939123321595
4.37799999999974,0.17296322468994074,-1.7068089158210034,1.0,0.15100715499552358,2.9649560859580357,3.115963240953559
4.37999999999974,0.1695640447864888,-1.692355140426799,1.0,0.14846043547136775,2.9641036254359325,3.1125640609073004
4.381999999999739,0.16619386726593907,-1.6778066590218554,1.0,0.1459189004081295,2.963274982835089,3.1091938832432184
4.383999999999739,0.1628528807811009,-1.663164232109479,1.0,0.1433831094563199,2.96246978715781,3.10585289661413
4.385999999999739,0.15954127245606253,-1.6484286278911844,1.0,0.14085362172406807,2.961687666420063,3.102541288144131
4.387999999999739,0.15625922787089236,-1.633600622168993,1.0,0.13833099562763587,2.9609282477856618,3.0992592434132975
4.3899999999997386,0.15300693104653582,-1.6186809982475034,1.0,0.13581578874230357,2.9601911577002786,3.096006946442582
4.391999999999738,0.14978456442990834,-1.60367054683577,1.0,0.13330855765367616,2.9594760220252314,3.0927845796789075
4.393999999999738,0.14659230887918467,-1.5885700659490196,1.0,0.13080985780945847,2.9587824661709967,3.089592323980455
4.395999999999738,0.14343034364928495,-1.573380360810248,1.0,0.12832024337174602,2.958110115230406,3.086430358602152
4.397999999999738,0.1402988463775576,-1.558102243751723,1.0,0.1258402670698816,2.9574585941114715,3.083298861181353
4.3999999999997375,0.13719799306965938,-1.5427365341164314,1.0,0.12337048005392125,2.9568275276698,3.080198007723721
4.401999999999737,0.1341279580856325,-1.527284058159501,1.0,0.12091143174875602,2.95621654084055,3.077127972589306
4.403999999999737,0.13108891412617887,-1.5117456489496293,1.0,0.11846366970893552,2.955625258769879,3.0740889284788144
4.405999999999737,0.12808103221913167,-1.4961221462705494,1.0,0.11602773947423543,2.9550533069458513,3.071081046420087
4.407999999999737,0.1251044817061235,-1.480414396522567,1.0,0.11360418442601466,2.954500311328747,3.0681044957547616
4.409999999999736,0.12215943022945187,-1.4646232526241934,1.0,0.11119354564440109,2.95396589848074,3.0651594441251415
4.411999999999736,0.11924604371914088,-1.4487495739139078,1.0,0.10879636176635109,2.9534496956949057,3.0622460574612567
4.413999999999736,0.11636448638019946,-1.4327942260520756,1.0,0.10641316884462107,2.952951331123502,3.0593644999681233
4.415999999999736,0.11351492068007553,-1.41675808092305,1.0,0.10404450020769232,2.952470433905501,3.056514934113193
4.4179999999997355,0.11069750733630575,-1.4006420165374855,1.0,0.10169088632068728,2.952006634293321,3.053697520614008
4.419999999999735,0.10791240530436037,-1.3844469169348885,1.0,0.099352854647315,2.951559563778732,3.050912418426047
4.421999999999735,0.10515977176568282,-1.36817367208643,1.0,0.09703092951288561,2.95112885521787,3.0481597847307556
4.423999999999735,0.10243976211592327,-1.3518231777980472,1.0,0.09472563196842614,2.9507141429553645,3.0454397749237905
4.425999999999735,0.0997525299533658,-1.3353963356138558,1.0,0.09243747965593693,2.9503150629475052,3.0427525426034423
4.427999999999734,0.09709822706754827,-1.3188940527198973,1.0,0.09016698667482134,2.9499312528844315,3.040098239559253
4.429999999999734,0.09447700342807452,-1.3023172418482438,1.0,0.08791466344952233,2.9495623523113106,3.037477015760833
4.431999999999734,0.09188900717361784,-1.285666821181481,1.0,0.08568101659840043,2.9492080027484584,3.034889019346859
4.433999999999734,0.0893343846011151,-1.2689437142575914,1.0,0.08346654880388304,2.948867847810391,3.0323343966142744
4.4359999999997335,0.08681328015515082,-1.2521488498752567,1.0,0.08127175868391778,2.9485415333237515,3.0298132920076695
4.437999999999733,0.08432583641752997,-1.2352831619995985,1.0,0.07909714066475933,2.948228707444094,3.027325848108853
4.439999999999733,0.08187219409703911,-1.2183475896683775,1.0,0.07694318485511945,2.9479290207715,3.0248722056266195
4.441999999999733,0.0794524920193944,-1.2013430768986653,1.0,0.07481037692170849,2.9476421264649786,3.022452503386687
4.443999999999733,0.077066867117376,-1.1842705725940081,1.0,0.07269919796619621,2.9473676803556477,3.020066878321844
4.445999999999732,0.07471545442114744,-1.167131030452098,1.0,0.07061012440361854,2.94710534105864,3.0177154654622584
4.447999999999732,0.0723983870487593,-1.1499254088729653,1.0,0.06854362784225676,2.9468547700837284,3.0153983979259853
4.449999999999732,0.07011579619683586,-1.132654670867706,1.0,0.06650017496501287,2.9466156319446433,3.013115806909656
4.451999999999732,0.06786781113144379,-1.1153197839677609,1.0,0.06448022741230779,2.946387594267034,3.0108678216793416
4.4539999999997315,0.06565455917914172,-1.0979217201347533,1.0,0.06248424166652289,2.946170327895083,3.008654569561606
4.455999999999731,0.06347616571820955,-1.0804614556709022,1.0,0.06051266893801008,2.945963506996726,3.006476175934736
4.457999999999731,0.06133275417005636,-1.0629399711300183,1.0,0.05856595505269086,2.945766809167454,3.0043327642201447
4.459999999999731,0.05922444599080576,-1.045358251229093,1.0,0.05664454034126602,2.9455799155326967,3.0022244558739626
4.461999999999731,0.0571513606630574,-1.0277172847604918,1.0,0.05474885953005566,2.94540251084874,3.0001513703787954
4.46399999999973,0.05511361568782355,-1.0100180645047567,1.0,0.05287934163348994,2.9452342836021708,2.9981136252356606
4.46599999999973,0.05311132657663943,-0.9922615871440273,1.0,0.05103640984826844,2.9450749261078304,2.996111335956099
4.46799999999973,0.05114460684384605,-0.9744488531760873,1.0,0.04922048144920669,2.9449241346052517,2.9941446160544585
4.46999999999973,0.04921356799904437,-0.9565808668290399,1.0,0.047431967686787056,2.9447816093535577,2.992213577040345
4.4719999999997295,0.04731831953971945,-0.9386586359766187,1.0,0.04567127368643045,2.94464705472482,2.9903183284112504
4.473999999999729,0.04545896894403335,-0.9206831720541381,1.0,0.04393879834950492,2.944520179295839,2.988458977645344
4.475999999999729,0.04363562166378547,-0.9026554899750846,1.0,0.04223493425608607,2.9444006959383433,2.9866356301944292
4.477999999999729,0.04184838111753911,-0.8845766080483539,1.0,0.040560067569484305,2.9442883219075937,2.984848389477078
4.479999999999729,0.040097348683912834,-0.8664475478961327,1.0,0.038914577942552195,2.944182778929362,2.983097356871914
4.481999999999728,0.038382623695035506,-0.8482693343724281,1.0,0.03729883842578566,2.944083793285288,2.9813826317110736
4.483999999999728,0.036704303430163544,-0.8300429954822436,1.0,0.035713215377231655,2.943991095896589,2.9797043112738204
4.485999999999728,0.035062483109459246,-0.8117695623014002,1.0,0.03415806837421375,2.943904422406109,2.9780624907803226
4.487999999999728,0.03345725588792878,-0.7934500688970026,1.0,0.032633750126888,2.9438235132587054,2.9764572633855932
4.4899999999997275,0.03188871284951861,-0.7750855522485467,1.0,0.031140606393639064,2.943748113779948,2.974888720173587
4.491999999999727,0.030356943001369086,-0.7566770521696655,1.0,0.029678975898327485,2.9436779742531223,2.97335695015145
4.493999999999727,0.028862033268223897,-0.7382256112305109,1.0,0.028249190249397784,2.943612849994536,2.9718620402439337
4.495999999999727,0.02740406848699411,-0.7197322746807646,1.0,0.026851573860856442,2.9435525014271007,2.970404075287957
4.497999999999727,0.02598313140147559,-0.7011980903732745,1.0,0.025486443875128745,2.9434966941521945,2.968983138027323
4.499999999999726,0.024599302657218512,-0.6826241086883098,1.0,0.02415411008780263,2.943445199019788,2.9675993091075905
4.501999999999726,0.023252660796547756,-0.664011382458428,1.0,0.02285487487426745,2.943397792196823,2.9662526670710903
4.503999999999726,0.02194328225373295,-0.6453609668939471,1.0,0.02158903311825499,2.9433542552338463,2.964943288352101
4.505999999999726,0.020671241350306985,-0.6266739195090139,1.0,0.020356872142289515,2.9433143751298734,2.963671247272163
4.507999999999726,0.019436610290531803,-0.6079513000482606,1.0,0.019158671640053516,2.9432779443954935,2.962436616035547
4.509999999999725,0.018239459157010276,-0.5891941704140397,1.0,0.017994703610675306,2.9432447611141876,2.961239464724863
4.511999999999725,0.017079855906443064,-0.570403594594227,1.0,0.016865232294943907,2.943214629001878,2.9600798612968218
4.513999999999725,0.015957866365529295,-0.5515806385905833,1.0,0.01577051411345697,2.9431873574646716,2.9589578715781286
4.515999999999725,0.014873554227009983,-0.5327263703476618,1.0,0.014710797606706273,2.9431627616548277,2.957873559261534
4.5179999999997245,0.013826981045853079,-0.513841859682251,1.0,0.013686323377105916,2.9431406625249097,2.9568269859020155
4.519999999999724,0.012818206235579131,-0.49492817821333973,1.0,0.012697324032967274,2.9431208868801333,2.9558182109131006
4.521999999999724,0.01184728706472649,-0.47598639929259123,1.0,0.01174402413442472,2.943103267428913,2.954847291563338
4.523999999999724,0.010914278653455067,-0.45701759793531416,1.0,0.010826640141316164,2.9430876428315793,2.9539142829728955
4.525999999999724,0.010019233970287679,-0.4380228507519147,1.0,0.009945380363021492,2.9430738577472844,2.953019238110306
4.527999999999723,0.009162203828987997,-0.41900323587981697,1.0,0.009100444910262408,2.9430617628790787,2.9521622077893412
4.529999999999723,0.008343236885574224,-0.39995983291583526,1.0,0.008292025648866533,2.9430512150171633,2.95134324066603
4.531999999999723,0.0075623796354675685,-0.38089372284898393,1.0,0.007520306155498516,2.9430420770803027,2.9505623832358014
4.533999999999723,0.006819676410774688,-0.36180598799370833,1.0,0.006785461675360634,2.943034218155411,2.9498196798307714
4.5359999999997225,0.006115169377703254,-0.34269771192352044,1.0,0.006087659081865255,2.9430275135352932,2.9491151726171583
4.537999999999722,0.005448898534109859,-0.3235699794050229,1.0,0.005427056838281242,2.9430218447545466,2.948448901592828
4.539999999999722,0.0048209017071795006,-0.304423876332304,1.0,0.0048038049613562,2.943017099623618,2.947820904584974
4.541999999999722,0.004231214551235918,-0.28526048966168605,1.0,0.004218044986916421,2.943013172261015,2.947231217247931
4.543999999999722,0.003679870545682095,-0.26608090734680934,1.0,0.003669909937445997,2.9430099631236666,2.946679873061113
4.545999999999721,0.0031669009930702765,-0.24688621827403393,1.0,0.0031595242916466833,2.9430073790354325,2.946166903327079
4.547999999999721,0.0026923350173008735,-0.22767751219813978,1.0,0.0026870039559797336,2.943005333213761,2.9456923371697408
4.549999999999721,0.0022561995619496886,-0.20845587967830734,1.0,0.002252456238190914,2.9430037452944937,2.9452562015326844
4.551999999999721,0.0018585193887229162,-0.18922241201435896,1.0,0.0018559798228197915,2.9430025413548067,2.9448585211776264
4.5539999999997205,0.001499317076039414,-0.16997820118324197,1.0,0.0014976647486941957,2.943001653934301,2.9444993186829955
4.55599999999972,0.0011786130177397834,-0.1507243397757336,1.0,0.0011775923884107214,2.94300102205423,2.9441786144426407
4.55799999999972,0.0008964254219218344,-0.13146192093334827,1.0,0.0008958354298020146,2.94300059123487,2.943896426664672
4.55999999999972,0.000652770309902051,-0.11219203828542684,1.0,0.0006524578593914956,2.943000313511025,2.9436527713704166
4.56199999999972,0.00044766151530271155,-0.09291578588638791,1.0,0.00044751494783608266,2.9430001474456695,2.9434476623935057
4.563999999999719,0.0002811106832643633,-0.07363425815312054,1.0,0.00028105323735740263,2.9430000581417324,2.9432811113790898
4.565999999999719,0.00015312726978338555,-0.05434854980249814,1.0,0.000153110531161905,2.943000017252015,2.943153127783177
4.567999999999719,6.371854117442178e-05,-0.03505975578899268,1.0,6.371588485021297e-05,2.9430000029872407,2.943063718872091
4.569999999999719,1.2889573657500332e-05,-0.015768971242368608,1.0,1.2889599815986989e-05,2.9430000001222467,2.9430128897220627
4.5719999999997185,6.432530697046105e-07,0.0035227085945643555,1.0,6.432186345038098e-07,2.9430000000003043,2.9430006432189386
4.573999999999718,2.698027470129637e-05,0.022814188428160444,1.0,2.6979522441093625e-05,2.9430000005355805,2.9430269800580215
4.575999999999718,9.189914325623684e-05,0.04210437297612992,1.0,9.189253029951642e-05,2.9430000062137247,2.9430918987440244
4.577999999999718,0.00019539617293709235,0.061392167029735045,1.0,0.00019536750056029623,2.9430000280905997,2.94319539559116
4.579999999999718,0.0003374654876543531,0.08067647551601068,1.0,0.0003373809342089716,2.94300008378914,2.9433374647233492
4.581999999999717,0.0005180990213602353,0.09995620356003067,1.0,0.0005179005802041603,2.943000197494351,2.9435180980745552
4.583999999999717,0.000737286518507079,0.11923025654724054,1.0,0.0007368854428052729,2.9430003999464343,2.9437372853892394
4.585999999999717,0.0009950155346304958,0.13849754018587757,1.0,0.0009942857908896423,2.9430007284320605,2.94399501422295
4.587999999999717,0.0012912714370574595,0.15775696056949876,1.0,0.0012900431692587867,2.943001226773763,2.944291269943022
4.5899999999997165,0.00162603740573958,0.1770074242396374,1.0,0.0016240904119334144,2.943001945317485,2.9446260357294185
4.591999999999716,0.0019992944342118344,0.19624783824860853,1.0,0.0019963516574367708,2.9430029409182468,2.9449992925756834
4.593999999999716,0.0024110213306770757,0.21547711022248395,1.0,0.0024067423660657644,2.943004276923966,2.945411019290032
4.595999999999716,0.0028611947192166776,0.2346941484242564,1.0,0.0028551693391493287,2.943006023157403,2.9458611924965523
4.597999999999716,0.003349789041127712,0.25389786181721347,1.0,0.0033415307402932773,2.943008255896262,2.946349786636555
4.599999999999715,0.0038767765563871045,0.2730871601285403,1.0,0.0038657161186109157,2.943011057851415,2.946876773970026
4.601999999999715,0.004442127345243236,0.2922609539131715,1.0,0.0044276064339385185,2.943014518143284,2.9474421245772224
4.603999999999715,0.005045809309935515,0.31141815461791056,1.0,0.005027074084034663,2.943018732276359,2.9480458063603936
4.605999999999715,0.005687788176542474,0.33055767464583663,1.0,0.005663982933762337,2.9430238021118678,2.94868778504563
4.6079999999997145,0.006368027496958981,0.34967842742101657,1.0,0.006338188346252597,2.943029835838582,2.949368024184835
4.609999999999714,0.007086488651003192,0.36877932745354153,1.0,0.007049537216048393,2.943036947941788,2.9500864851578363
4.611999999999714,0.007843130848653923,0.3878592904049056,1.0,0.00779786800422705,2.9430452591703955,2.9508431271746227
4.613999999999714,0.008637911132419135,0.4069172331537441,1.0,0.008583010775499809,2.9430548965022116,2.9516379072777115
4.615999999999714,0.009470784379836259,0.4259520738619498,1.0,0.009404787237286506,2.943065993107363,2.9524707803446493
4.6179999999997134,0.010341703306105168,0.4449627320411827,1.0,0.01026301078076347,2.9430786883098823,2.953341699090646
4.619999999999713,0.01125061846685455,0.4639481286197914,1.0,0.011157486523882447,2.9430931275474568,2.954250614071339
4.621999999999713,0.012197478261042565,0.482907186010161,1.0,0.012088011356358102,2.9431094623293377,2.9551974736856956
4.623999999999713,0.01318222893399264,0.5018388281765042,1.0,0.013054373986621624,2.9431278501924285,2.95618222417905
4.625999999999713,0.014204814580565281,0.52074198070311,1.0,0.014056354990737497,2.9431484546555313,2.9572048096462686
4.627999999999712,0.015265177148466888,0.539615570863066,1.0,0.015093726863280406,2.94317144517179,2.9582651720350706
4.629999999999712,0.016363256441696457,0.5584585276874671,1.0,0.01616625407016911,2.9431969970792924,2.9593632511494614
4.631999999999712,0.017498990124131236,0.5772697820351256,1.0,0.01727369310345346,2.943225291549874,2.9604989846533276
4.633999999999712,0.01867231372325229,0.5960482666627956,1.0,0.018415792538050965,2.943256515536106,2.961672308074157
4.6359999999997115,0.019883160634011056,0.6147929162959244,1.0,0.019592293090428446,2.9432908617164846,2.962883154806913
4.637999999999711,0.021131462122837907,0.6335026676999425,1.0,0.020802927679224828,2.9433285284388075,2.9641314561180323
4.639999999999711,0.022417147331793893,0.6521764597521054,1.0,0.022047421487809644,2.9433697196617747,2.9654171411495844
4.641999999999711,0.023740143282866687,0.6708132335138963,1.0,0.023325492028772623,2.943414644894793,2.9667401369235655
4.643999999999711,0.025100374882411916,0.6894119323040017,1.0,0.0246368492103387,2.943463519136001,2.9681003683463394
4.64599999999971,0.02649776492574104,0.7079715017718681,1.0,0.02598119540470252,2.9435165628085223,2.9694977582132247
4.64799999999971,0.0279322341018569,0.7264908899718507,1.0,0.02735822551827629,2.9435740016949574,2.970932227213234
4.64999999999971,0.029403700998338216,0.7449690474379617,1.0,0.028767627063844413,2.9436360668701074,2.972403693933952
4.65199999999971,0.03091208210637411,0.763404927259225,1.0,0.030209080234617464,2.943702994631958,2.9739120748665755
4.6539999999997095,0.032457291825950044,0.7817974851556474,1.0,0.03168225798017853,2.94377502643092,2.9754572844110987
4.655999999999709,0.034039242471186226,0.800145679554809,1.0,0.03318682608431331,2.943852408797335,2.977039234881648
4.657999999999709,0.035657844275829916,0.818448471669082,1.0,0.03472244324471618,2.943935393267264,2.97865783651198
4.659999999999709,0.03731300539890272,0.8367048255734806,1.0,0.036288761154562796,2.9440242363065585,2.9803129974611213
4.661999999999709,0.039004631930504276,0.8549137082841479,1.0,0.03788542458593991,2.9441191992332394,2.9820046238191793
4.663999999999708,0.04073262789777351,0.8730740898374821,1.0,0.03951207147512246,2.944220548138178,2.9837326196133005
4.665999999999708,0.04249689527100883,0.8911849433699056,1.0,0.04116833300968765,2.9443285538041013,2.985496886813789
4.667999999999708,0.04429733396994847,0.9092452451982795,1.0,0.04285383371745423,2.944443491622937,2.9872973253403914
4.669999999999708,0.04613384187021232,0.9272539749009636,1.0,0.04456819155723632,2.944565641511498,2.9891338330687343
4.6719999999997075,0.04800631480990652,0.9452101153995237,1.0,0.04631101801139863,2.944695287825531,2.9910063058369296
4.673999999999707,0.04991464659639212,0.9631126530410853,1.0,0.048081918180200786,2.944832719272144,2.9929146374523445
4.675999999999707,0.05185872901321911,0.9809605776813324,1.0,0.04988049087791698,2.94497822882062,2.994858719698537
4.677999999999707,0.05383845182722704,0.9987528827681506,1.0,0.05170632873071698,2.9451321136116344,2.9968384423423515
4.679999999999707,0.055853702795813615,1.0164885654259108,1.0,0.053559018276293655,2.9452946748648987,2.9988536931411924
4.681999999999706,0.05790436767437249,1.0341666265403913,1.0,0.05543814006522157,2.9454662177852384,3.00090435785046
4.683999999999706,0.059990330223901524,1.0517860708443314,1.0,0.057343268764030564,2.945647051467127,3.0029903202311576
4.685999999999706,0.062111472218782784,1.0693459070036158,1.0,0.059273973259977304,2.9458374887976975,3.0051114620576747
4.687999999999706,0.06426767345473554,1.0868451477040784,1.0,0.061229816767497516,2.946037846358237,3.0072676631257345
4.6899999999997055,0.06645881175694347,1.1042828097389243,1.0,0.06321035693632014,2.9462484443242074,3.0094588012605277
4.691999999999705,0.06868476298835735,1.1216579140967584,1.0,0.06521514596122499,2.9464696063637867,3.011684752325012
4.693999999999705,0.07094540105817437,1.1389694860502126,1.0,0.06724373069342404,2.946701659534964,3.013945390228388
4.695999999999705,0.07324059793049531,1.1562165552451655,1.0,0.06929565275354457,2.94694493418122,3.0162405869347646
4.697999999999705,0.07557022363316074,1.1733981557905397,1.0,0.07137044864619493,2.947199763825791,3.0185702124719858
4.699999999999704,0.07793414626676737,1.1905133263486696,1.0,0.07346764987608898,2.9474664850645675,3.0209341349406564
4.701999999999704,0.08033223201386573,1.2075611102262254,1.0,0.07558678306570703,2.9477454374576237,3.0233322205233306
4.703999999999704,0.08276434514834019,1.2245405554656827,1.0,0.07772737007446945,2.9480369634194306,3.0257643334939
4.705999999999704,0.08523034804497252,1.241450714937322,1.0,0.07988892811939859,2.9483414081077517,3.0282303362271503
4.7079999999997035,0.0877301011891899,1.258290646431744,1.0,0.08207096989724266,2.948659119311273,3.030730089208516
4.709999999999703,0.0902634631869985,1.275059412752889,1.0,0.08427300370803671,2.9489904473359707,3.0332634510440073
4.711999999999703,0.09283029077510359,1.2917560818115374,1.0,0.08649453358007245,2.949335744890263,3.0358302784703355
4.713999999999703,0.09543043883121712,1.3083797267192825,1.0,0.08873505939624918,2.9496953669689696,3.0384304263652187
4.715999999999703,0.09806376038455367,1.32492942588295,1.0,0.09099407702177796,2.9500696707360983,3.0410637477578764
4.717999999999702,0.10073010662651574,1.3414042630994525,1.0,0.09327107843320748,2.9504590154065093,3.043730093839717
4.719999999999702,0.10342932692156909,1.3578033276510533,1.0,0.09556555184874276,2.9508637621264695,3.0464293139752123
4.721999999999702,0.10616126881830902,1.374125714401025,1.0,0.09787698185982482,2.9512842738531373,3.049161255712962
4.723999999999702,0.1089257780607184,1.3903705238896777,1.0,0.10020484956393802,2.951720915233018,3.051925764796956
4.7259999999997016,0.11172269859961803,1.4065368624307364,1.0,0.10254863269861307,2.9521740524794073,3.0547226851780205
4.727999999999701,0.11455187260431016,1.4226238422080448,1.0,0.1049078057765916,2.9526440532488714,3.057551859025463
4.729999999999701,0.11741314047441562,1.4386305813725728,1.0,0.10728184022211598,2.953131286516794,3.0604131267389096
4.731999999999701,0.12030634085190539,1.4545562041397015,1.0,0.10967020450831018,2.9536361224520293,3.0633063269603396
4.733999999999701,0.12323131063332689,1.470399840886763,1.0,0.11207236429561425,2.95415893229069,3.066231296586304
4.7359999999997004,0.12618788498222558,1.4861606282508062,1.0,0.11448778257123444,2.9547000882091212,3.0691878707803557
4.7379999999997,0.12917589734176238,1.501837709226567,1.0,0.11691591978957135,2.9552599631960885,3.07217588298566
4.7399999999997,0.13219517944752712,1.5174302332646084,1.0,0.11935623401358592,2.9558389309242297,3.0751951649378158
4.7419999999997,0.13524556134054852,1.5329373563696103,1.0,0.12180818105706431,2.95643736562079,3.078245546677854
4.7439999999997,0.13832687138050076,1.5483582411987737,1.0,0.12427121462773838,2.957055641937722,3.0813268565654606
4.745999999999699,0.14143893625910697,1.5636920571603148,1.0,0.12674478647122345,2.957694134821137,3.08443892129236
4.747999999999699,0.1445815810137399,1.5789379805120143,1.0,0.1292283465157263,2.9583532193802093,3.0875815658959356
4.749999999999699,0.14775462904121958,1.5940951944597963,1.0,0.1317213430174838,2.9590332707555294,3.0907546137730133
4.751999999999699,0.15095790211180812,1.6091628892563001,1.0,0.1342232227068856,2.959734663986975,3.0939578866938606
4.7539999999996985,0.1541912203834018,1.624140262299417,1.0,0.13673343093523588,2.9604577738811457,3.0971912048163817
4.755999999999698,0.15745440241592,1.6390265182307564,1.0,0.13925141182210926,2.9612029748783946,3.1004543867005037
4.757999999999698,0.16074726518589094,1.6538208690340102,1.0,0.14177660840325346,2.961970640919508,3.103747249322762
4.759999999999698,0.16406962410123427,1.6685225341331802,1.0,0.14430846277899087,2.9627611453120926,3.1070696080910833
4.761999999999698,0.16742129301623962,1.683130740490634,1.0,0.14684641626307193,2.9635748605966934,3.1104212768597654
4.763999999999697,0.17080208424674131,1.6976447227049551,1.0,0.14938990953193068,2.96441215841272,3.113802067944651
4.765999999999697,0.17421180858548843,1.712063723108552,1.0,0.15193838277429267,2.9652734093642032,3.117211792138496
4.767999999999697,0.17765027531770977,1.7263869918649886,1.0,0.15449127584108535,2.9661589828854535,3.120650258726539
4.769999999999697,0.18111729223687337,1.7406137870660003,1.0,0.1570480283956009,2.967069247106654,3.1241172755022553
4.7719999999996965,0.1846126656606394,1.7547433748281613,1.0,0.15960808006385652,2.9680045687194574,3.127612648783314
4.773999999999696,0.1881362004470064,1.76877502938916,1.0,0.1621708705851056,2.968965312842618,3.1311361834277234
4.775999999999696,0.19168770001064922,1.7827080332036505,1.0,0.16473583996244112,2.969951842887725,3.134687682850166
4.777999999999696,0.19526696633944854,1.7965416770386382,1.0,0.1673024286134415,2.9709645204250914,3.138266949038533
4.779999999999696,0.19887380001121052,1.8102752600683636,1.0,0.16987007752080405,2.972003705049836,3.1418737825706398
4.781999999999695,0.20250800021057572,1.8239080899686424,1.0,0.17243822838291253,2.9730697542482245,3.145507982631137
4.783999999999695,0.20616936474611605,1.8374394830106255,1.0,0.17500632376428074,2.9741630232643237,3.1491693470286046
4.785999999999695,0.20985769006761876,1.850868764153938,1.0,0.17757380724582114,2.9752838649670217,3.1528576722128427
4.787999999999695,0.21357277128355592,1.8641952671391568,1.0,0.18014012357487993,2.976432629717452,3.156572753292332
4.7899999999996945,0.2173144021787383,1.877418334579589,1.0,0.18270471881498293,2.977609665236913,3.1603143840518957
4.791999999999694,0.22108237523215185,1.890537318052308,1.0,0.18526704049523693,2.9788153164752917,3.1640823569705288
4.793999999999694,0.2248764816349758,1.9035515781884091,1.0,0.1878265377593272,2.980049925480095,3.167876463239422
4.795999999999694,0.2286965113087802,1.9164604847624438,1.0,0.19038266151405633,2.981313831266102,3.1716964927801583
4.797999999999694,0.2325422529239014,1.9292634167809897,1.0,0.1929348645773671,2.982607369685717,3.175542234263084
4.799999999999693,0.23641349391799427,1.9419597625703193,1.0,0.19548260182578872,2.98393087330008,3.1794134751258687
4.801999999999693,0.2403100205147581,1.954548919863123,1.0,0.19802533034125364,2.985284671250967,3.1833100015922207
4.803999999999693,0.24423161774283564,1.9670302958842476,1.0,0.2005625095572207,2.986669089133575,3.1872315986907958
4.805999999999693,0.24817806945488205,1.9794033074354087,1.0,0.20309360140405283,2.9880844488702105,3.1911780502742633
4.8079999999996925,0.2521491583468027,1.9916673809788363,1.0,0.2056180704535874,2.9895310685849537,3.195149139038541
4.809999999999692,0.2561446659771567,2.0038219527198122,1.0,0.20813538406284093,2.991009262479359,3.1991446465422
4.811999999999692,0.2601643727867248,2.015866468688059,1.0,0.21064501251679152,2.992519340709246,3.2031643532260374
4.813999999999692,0.2642080581182385,2.027800384817939,1.0,0.21314642917018187,2.9940616092626136,3.2072080384327952
4.815999999999692,0.2682755002362686,2.039623167027426,1.0,0.21563911058828075,2.99563636983878,3.2112754804270605
4.817999999999691,0.2723664763472704,2.051334291295803,1.0,0.21812253668654846,2.9972439197287537,3.2153664564153024
4.819999999999691,0.2764807626197827,2.0629332437400527,1.0,0.22059619086914836,2.9988845516969254,3.219480742566074
4.821999999999691,0.2806181342047787,2.0744195206898954,1.0,0.22305956016624573,3.0005585538641166,3.223618114030362
4.823999999999691,0.28477836525616523,2.085792628761439,1.0,0.22551213537003542,3.002266209592056,3.227778344962091
4.8259999999996905,0.288961228951428,2.0970520849293965,1.0,0.2279534111694455,3.004007797369315,3.2319612085387606
4.82799999999969,0.29316649751241997,2.1081974165978385,1.0,0.23038288628345532,3.005783590698784,3.2361664769822394
4.82999999999969,0.2973939422262893,2.119228161669436,1.0,0.23280006359297545,3.007593857986715,3.2403939215796904
4.83199999999969,0.30164333346654465,2.130143868613158,1.0,0.23520445027123138,3.0094388624334085,3.24464331270464
4.83399999999969,0.30591444071425417,2.1409440965303848,1.0,0.23759555791259557,3.0113188619255764,3.248914419838172
4.835999999999689,0.3102070325793751,2.1516284152194007,1.0,0.2399729026598152,3.0132341089304444,3.2532070115902596
4.837999999999689,0.31452087682221064,2.1621964052382303,1.0,0.24233600532957808,3.0151848503916443,3.2575208557212223
4.839999999999689,0.3188557403749908,2.172647657965775,1.0,0.24468439153636476,3.017171327626944,3.2618557191633086
4.841999999999689,0.323211389363574,2.1829817756612235,1.0,0.24701759181453448,3.019193776227859,3.266211368042393
4.8439999999996886,0.3275875891292655,2.1931983715216927,1.0,0.24933514173858906,3.02125242596121,3.270587567699799
4.845999999999688,0.33198410425074937,2.2032970697380683,1.0,0.25163658204156764,3.0233475006726596,3.2749840827142274
4.847999999999688,0.33640069856613036,2.2132775055490095,1.0,0.25392145873151684,3.025479218192283,3.2794006769238
4.849999999999688,0.340837135195082,2.223139325293085,1.0,0.2561893232059886,3.0276477902422214,3.28383711344821
4.851999999999688,0.34529317656109687,2.2328821864590047,1.0,0.2584397323645165,3.029853422346451,3.2882931547109675
4.8539999999996875,0.34976858441383546,2.242505757733918,1.0,0.2606722487190204,3.0320963137427293,3.2927685624617498
4.855999999999687,0.35426311985156983,2.2520097190497452,1.0,0.26288644050209176,3.034376657296757,3.2972630977988486
4.857999999999687,0.3587765433437177,2.2613937616275126,1.0,0.265081881773117,3.0366946394185845,3.3017765211917016
4.859999999999687,0.36330861475346354,2.2706575880196582,1.0,0.2672581525221862,3.039050439981323,3.306308592503509
4.861999999999687,0.3678590933604616,2.279800912150282,1.0,0.2694148387717494,3.0414442322421973,3.3108590710139465
4.863999999999686,0.37242773788361805,2.2888234593533094,1.0,0.27155153267597243,3.0438761827659655,3.315427715441938
4.865999999999686,0.377014306503947,2.2977249664085466,1.0,0.27366783261775196,3.0463464513507654,3.3200142839685176
4.867999999999686,0.3816185568874966,2.3065051815755893,1.0,0.2757633433033488,3.048855190956402,3.3246185342597507
4.869999999999686,0.3862402462083403,2.3151638646255694,1.0,0.2778376758545962,3.051402547635136,3.329240223489732
4.8719999999996855,0.3908791311716305,2.323700786870713,1.0,0.2798904478986491,3.0539886604649826,3.333879108363632
4.873999999999685,0.39553496803670785,2.3321157311916796,1.0,0.2819212836552322,3.0566136614855792,3.3385349451408115
4.875999999999685,0.4002075126402641,2.3404084920626653,1.0,0.28392981402135464,3.0592776756366264,3.3432074896579813
4.877999999999685,0.404896520419552,2.348578875574247,1.0,0.28591567665345097,3.0619808206989627,3.347896497352414
4.879999999999685,0.4096017464356391,2.3566266994539444,1.0,0.2878785160469205,3.0647232072382753,3.3526017232851957
4.881999999999684,0.4143229453967006,2.36455179308448,1.0,0.28981798361302924,3.0675049385514934,3.3573229221645224
4.883999999999684,0.41905987168134556,2.3723539975197205,1.0,0.29173373775314393,3.070326110615878,3.3620598483690216
4.885999999999684,0.4238122793619736,2.3800331654982787,1.0,0.2936254439302687,3.0731868120408445,3.366812255971113
4.887999999999684,0.4285799222281558,2.387589161454758,1.0,0.29549277473785796,3.07608712402253,3.3715798987603876
4.8899999999996835,0.433362553810036,2.395021861528631,1.0,0.29733540996587626,3.079027120301132,3.3763625302670084
4.891999999999683,0.4381599274017477,2.4023311535707244,1.0,0.29915303666408266,3.082006867121045,3.381159903785128
4.893999999999683,0.4429717960848407,2.4095169371473095,1.0,0.3009453492025135,3.085026423193802,3.3859717723963154
4.895999999999683,0.4477979127517146,2.4165791235417786,1.0,0.3027120493291452,3.088085839663844,3.3907978889929895
4.897999999999683,0.45263803012905235,2.4235176357538957,1.0,0.30445284622471136,3.0911851600771407,3.3956380063018523
4.899999999999682,0.45749190080125046,2.430332408496614,1.0,0.3061674565546619,3.094324420352658,3.40049187690732
4.901999999999682,0.46235927723384,2.4370233881904486,1.0,0.307855604518241,3.0975036487567,3.4053592532749413
4.903999999999682,0.4672399117968941,2.4435905329554006,1.0,0.3095170218946722,3.1007228658801376,3.41023988777481
4.905999999999682,0.47213355678841684,2.4500338126004166,1.0,0.31115144808643375,3.1039820846185138,3.4151335327049477
4.9079999999996815,0.4770399644577084,2.45635320861039,1.0,0.3127586301596167,3.1072813101550545,3.420039940314671
4.909999999999681,0.48195888702870215,2.4625487141306888,1.0,0.31433832288134705,3.1106205399465887,3.424958862827936
4.911999999999681,0.4868900767232679,2.4686203339492145,1.0,0.3158902887542726,3.113999763712353,3.4298900524666256
4.913999999999681,0.4918332857844769,2.474568084475984,1.0,0.31741429804809823,3.117418963425734,3.434833261473832
4.915999999999681,0.4967882664998237,2.480391993720237,1.0,0.31891012882817016,3.1208781133088968,3.439788242137067
4.91799999999968,0.5017547712243997,2.48609210126507,1.0,0.3203775669811033,3.124377179830336,3.444754746811439
4.91999999999968,0.5067325524040133,2.4916684582395923,1.0,0.32181640623744767,3.127916121705325,3.4497325279427726
4.92199999999968,0.5117213625982521,2.497121127288617,1.0,0.32322644819139495,3.131494889899278,3.454721338090673
4.92399999999968,0.5167209545034818,2.502450182539879,1.0,0.3246075023175275,3.135113427633995,3.4597209299515224
4.9259999999996795,0.5217310809757775,2.5076557095687946,1.0,0.3259593859846095,3.1387716703968023,3.464731056381412
4.927999999999679,0.5267514950537815,2.512737805360765,1.0,0.3272819244664271,3.1424695459525727,3.469751470419
4.929999999999679,0.5317819499814838,2.517696578271029,1.0,0.32857495094968303,3.146206974358608,3.474781925308291
4.931999999999679,0.5368221992309191,2.5225321479820777,1.0,0.32983830653895313,3.149983867982382,3.479822174521335
4.933999999999679,0.5418719965247774,2.5272446454586395,1.0,0.3310718402587137,3.1538001315221247,3.4848719717808385
4.935999999999678,0.5469310958589206,2.5318342129002454,1.0,0.332275409052454,3.1576556620302223,3.489931071082676
4.937999999999678,0.5519992515248038,2.5363010036913876,1.0,0.3334488777788811,3.161550348939436,3.494999226718317
4.939999999999678,0.5570762181317921,2.540645182349284,1.0,0.3345921192052375,3.1654840740919035,3.500076193297141
4.941999999999678,0.5621617506293727,2.5448669244692663,1.0,0.33570501399774305,3.1694567117709047,3.5051617257686476
4.9439999999996775,0.5672556043292543,2.5489664166678003,1.0,0.3367874507091812,3.1734681287353768,3.510255579444558
4.945999999999677,0.5723575349273503,2.5529438565231644,1.0,0.33783932576364833,3.1775181842571496,3.515357510020798
4.947999999999677,0.5774672985256416,2.5567994525137956,1.0,0.33886054343848465,3.1816067301608766,3.5204672735993614
4.949999999999677,0.5825846516539126,2.5605334239543294,1.0,0.33985101584341487,3.1857336108666274,3.5255846267100424
4.951999999999677,0.5877093512913585,2.5641460009293464,1.0,0.34081066289691536,3.1898986634351316,3.530709326332047
4.953999999999676,0.5928411548880564,2.567637424224854,1.0,0.34173941229983845,3.194101717615626,3.535841129915464
4.955999999999676,0.5979798203862984,2.571007945257519,1.0,0.3426371995063179,3.1983425958962766,3.5409797954025946
4.957999999999676,0.6031251062417795,2.5742578260016815,1.0,0.34350396769198543,3.202621113557157,3.5461250812491425
4.959999999999676,0.608276771444639,2.577387338914165,1.0,0.3443396677195269,3.2069370787257294,3.5512767464452564
4.961999999999676,0.6134345755403477,2.5803967668569188,1.0,0.345144258101611,3.211290292434805,3.556434550536416
4.963999999999675,0.6185982786504398,2.58328640301751,1.0,0.34591770496122126,3.21568054868294,3.5615982536441613
4.965999999999675,0.623767641493082,2.5860565508274984,1.0,0.346659981989425,3.2201076344972424,3.5667676164866675
4.967999999999675,0.6289424254034786,2.5887075238787216,1.0,0.3473710704006168,3.2245713299985277,3.5719424003991445
4.969999999999675,0.6341223923541066,2.5912396458375144,1.0,0.3480509588852726,3.2290714084688035,3.577122367354076
4.9719999999996745,0.6393073049747772,2.5936532503569008,1.0,0.348699643560248,3.23360763642103,3.5823072799812783
4.973999999999674,0.6444969265725196,2.5959486809867838,1.0,0.3493171279166654,3.2381797736711193,3.5874969015877847
4.975999999999674,0.6496910211512833,2.598126291082169,1.0,0.3499034227654275,3.2427875734121225,3.59269099617755
4.977999999999674,0.6548893534314552,2.6001864437094513,1.0,0.35045854618039846,3.2474307822905653,3.5978893284709637
4.979999999999674,0.6600916888691866,2.602129511550798,1.0,0.35098252343929554,3.252109140484884,3.6030916639241797
4.981999999999673,0.6652977936755279,2.60395587680667,1.0,0.35147538696233316,3.2568223817859177,3.6082977687482507
4.983999999999673,0.6705074348353662,2.6056659310965067,1.0,0.35193717624866944,3.2615702336793975,3.613507409928067
4.985999999999673,0.6757203801261624,2.607260075357617,1.0,0.3523679378106927,3.266352417430395,3.618720355241088
4.987999999999673,0.6809363981364841,2.608738719742312,1.0,0.35276772510619886,3.2711686481696836,3.6239363732758823
4.9899999999996725,0.6861552582843317,2.6101022835133145,1.0,0.35313659846851136,3.27601863498194,3.6291552334504513
4.991999999999672,0.6913767308352528,2.611351194937486,1.0,0.3534746250345816,3.2809020809957583,3.63437670603034
4.993999999999672,0.6966005869202432,2.6124858911779123,1.0,0.3537818786711282,3.285818683475415,3.6396005621465433
4.995999999999672,0.70182659855343,2.613506818184378,1.0,0.3540584398988621,3.2907681339143235,3.6448265738131855
4.997999999999672,0.7070545386495342,2.6144144305822845,1.0,0.3543043958148457,3.295750118130139,3.6500545139449847
4.999999999999671,0.7122841810411092,2.6152091915600364,1.0,0.35451984001304204,3.300764316361448,3.6552841563744902
5.001999999999671,0.7175153004955537,2.6158915727549505,1.0,0.3547048725031017,3.3058104033659954,3.660515275869097
5.003999999999671,0.7227476727318933,2.6164620541377213,1.0,0.3548595996274445,3.3108880485203804,3.665747648147825
5.005999999999671,0.7279810744373314,2.616921123895489,1.0,0.354984133976685,3.3159969159211875,3.6709810498978723
5.0079999999996705,0.7332152832835634,2.617269278313551,1.0,0.3550785943034586,3.32113666448747,3.6762152587909287
5.00999999999967,0.7384500779428542,2.617507021655762,1.0,0.35514310543470223,3.3263069480645484,3.6814500534992507
5.01199999999967,0.7436852381038741,2.617634866043662,1.0,0.355177798182443,3.331507415529058,3.686685213711501
5.01399999999967,0.7489205444872925,2.617653331334383,1.0,0.35518280925315104,3.33673771089519,3.691920520148341
5.01599999999967,0.7541557788611262,2.6175629449973727,1.0,0.3551582811557134,3.341997473422064,3.697155754577777
5.017999999999669,0.7593907240558395,2.617364241989983,1.0,0.3551043621080809,3.347286337722185,3.7023906998302656
5.019999999999669,0.7646251639791949,2.6170577646319657,1.0,0.3550212059426501,3.352603933870909,3.707625139813559
5.021999999999669,0.7698588836308513,2.6166440624789247,1.0,0.35490897201043137,3.3579498875168707,3.712858859527302
5.023999999999669,0.7750916691167086,2.6161236921947664,1.0,0.35476782508406074,3.363323819993325,3.718091645077386
5.0259999999996685,0.7803233076629957,2.6154972174231954,1.0,0.3545979352597167,3.3687253484303086,3.7233232836900254
5.027999999999668,0.785553587630101,2.614765208658301,1.0,0.3543994778579923,3.3741540858676036,3.7285535637255958
5.029999999999668,0.7907822985261429,2.6139282431142816,1.0,0.3541726333237845,3.379609641368419,3.733782274692204
5.031999999999668,0.7960092310202792,2.6129869045943517,1.0,0.35391758712525395,3.3850916201337355,3.7390092072589893
5.033999999999668,0.8012341769557533,2.6119417833588785,1.0,0.3536345296519168,3.3905996236172675,3.7442341532691845
5.035999999999667,0.8064569293626759,2.6107934759927947,1.0,0.3533236561119192,3.3961332496409624,3.7494569057528815
5.037999999999667,0.8116772824705414,2.6095425852723313,1.0,0.3529851664285582,3.401692092511001,3.754677258939559
5.039999999999667,0.8168950317204763,2.6081897200311226,1.0,0.3526192651360985,3.4072757431342295,3.759895008270328
5.041999999999667,0.8221099737772197,2.606735495025721,1.0,0.35222616127494755,3.4128837891349617,3.7651099504099093
5.0439999999996665,0.8273219065408344,2.6051805308005775,1.0,0.3518060682862424,3.4185158149721055,3.770321883258348
5.045999999999666,0.8325306291581468,2.603525453552527,1.0,0.3513592039059039,3.424171402056547,3.7755306059624507
5.047999999999666,0.8377359420339164,2.6017708949948255,1.0,0.35088579005821463,3.429850128868744,3.780735918926959
5.049999999999666,0.842937646841732,2.599917492220791,1.0,0.35038605274897633,3.4355515710764646,3.7859376238254407
5.051999999999666,0.848135546534635,2.5979658875670832,1.0,0.3498602219583003,3.4412753016526176,3.791135523610918
5.053999999999665,0.8533294453554694,2.595916728476682,1.0,0.3493085315330882,3.4470208909931235,3.796329422526212
5.055999999999665,0.8585191488469572,2.593770667361594,1.0,0.34873121907925236,3.452787907034774,3.801519126114026
5.057999999999665,0.8637044638614988,2.591528361465346,1.0,0.34812852585373605,3.458575915373,3.806704441226736
5.059999999999665,0.8688851985706983,2.589190472725303,1.0,0.34750069665637856,3.4643844793795453,3.811885176035924
5.0619999999996645,0.8740611624746137,2.5867576676348567,1.0,0.3468479797216866,3.47021316031994,3.817061140041627
5.063999999999664,0.879232166410731,2.584230617105533,1.0,0.3461706266105561,3.4760615174707477,3.822232144081304
5.065999999999664,0.8843980225626621,2.5816099963290533,1.0,0.34546889210200155,3.481929108236544,3.8273980003385453
5.067999999999664,0.8895585444685677,2.5788964846394045,1.0,0.34474303408493856,3.487815488266548,3.8325585223514866
5.069999999999664,0.8947135470293042,2.576090765374953,1.0,0.3439933134500757,3.4937202115708836,3.8377135250209595
5.0719999999996634,0.8998628465162938,2.57319352574065,1.0,0.34321999398196007,3.4996428306364,3.84286282461836
5.073999999999663,0.9050062605791207,2.5702054566703683,1.0,0.34242334225122645,3.505582896542021,3.8480062387932477
5.075999999999663,0.9101436082528511,2.5671272526894127,1.0,0.3416036275070999,3.511539959073561,3.8531435865806607
5.077999999999663,0.9152747099650789,2.5639596117772494,1.0,0.34076112157019695,3.51751356683797,3.858274688408167
5.079999999999663,0.9203993875426968,2.5607032352304904,1.0,0.33989609872567217,3.523503267376961,3.863399366102633
5.081999999999662,0.9255174642183939,2.557358827526176,1.0,0.3390088356167576,3.5295086072799617,3.8685174428967195
5.083999999999662,0.9306287646368803,2.553927096185398,1.0,0.33809961113873477,3.535529132296374,3.873628743435109
5.085999999999662,0.9357331148608388,2.550408751637301,1.0,0.3371687063333914,3.5415643874470653,3.8787330937804567
5.087999999999662,0.9408303423766055,2.546804507083496,1.0,0.33621640428399757,3.5476139171350707,3.8838303214190684
5.0899999999996615,0.9459202760995796,2.5431150783629386,1.0,0.33524299001084706,3.553677265255469,3.8889202552663162
5.091999999999661,0.9510027463793634,2.539341183817294,1.0,0.33424875036740714,3.5597539753043654,3.8940027256717724
5.093999999999661,0.9560775850046335,2.535483544156838,1.0,0.33323397393711346,3.5658435904869705,3.899077564424084
5.095999999999661,0.9611446252077439,2.531542882326923,1.0,0.33219895093085083,3.571945653824725,3.904144604755576
5.097999999999661,0.9662037016690641,2.5275199233750523,1.0,0.3311439730851593,3.5780597082614283,3.909203681346588
5.09999999999966,0.9712546505210502,2.523415394318593,1.0,0.33006933356120177,3.584185296768342,3.914254630329544
5.10199999999966,0.9762973093520532,2.519230024013163,1.0,0.3289753268445295,3.590321962448237,3.9192972892927664
5.10399999999966,0.9813315172098643,2.5149645430217316,1.0,0.3278622486456819,3.5964692486383325,3.9243314972840144
5.10599999999966,0.9863571146049998,2.510619683484459,1.0,0.3267303958016542,3.60262669901212,3.929357094813774
5.1079999999996595,0.9913739435137252,2.5061961789893155,1.0,0.3255800661782681,3.608793857680011,3.934373923858279
5.109999999999659,0.9963818473808229,2.5016947644435077,1.0,0.32441155857347453,3.6149702692888077,3.9393818278622823
5.111999999999659,1.0013806711221023,2.4971161759457465,1.0,0.32322517262162437,3.6211554791199347,3.944380651741559
5.113999999999659,1.0063702611266558,2.4924611506593846,1.0,0.32202120869873396,3.6273490331864378,3.9493702418851715
5.115999999999659,1.0113504652588623,2.4877304266864573,1.0,0.320799967828776,3.633550478328692,3.9543504461574677
5.117999999999658,1.0163211328601391,2.4829247429426533,1.0,0.31956175159102485,3.6397593623088067,3.9593211138998314
5.119999999999658,1.0212821147504452,2.4780448390332457,1.0,0.3183068620284828,3.6459752339037075,3.96428209593219
5.121999999999658,1.0262332632295368,2.473091455130011,1.0,0.3170356015574134,3.6521976429968546,3.969233244554268
5.123999999999658,1.0311744320779785,2.4680653318491625,1.0,0.3157482728780078,3.658426140668589,3.974174413546597
5.1259999999996575,1.036105476557911,2.4629672101303264,1.0,0.3144451788862072,3.6646602792850786,3.979105458171286
5.127999999999657,1.041026253413577,2.4577978311165842,1.0,0.31312662258670604,3.67089961258584,3.9840262351725464
5.129999999999657,1.0459366208716105,2.4525579360356087,1.0,0.3117929070071565,3.6771436957698214,3.988936602776978
5.131999999999657,1.0508364386410867,2.447248266081917,1.0,0.3104443351135958,3.683392085580029,3.9938364206936248
5.133999999999657,1.0557255679133395,2.441869562300263,1.0,0.30908120972711817,3.6896443403866694,3.9987255501137877
5.135999999999656,1.0606038713615462,2.436422565470193,1.0,0.30770383344180496,3.695900020268808,4.003603853710613
5.137999999999656,1.065471213140083,2.4309080159917897,1.0,0.3063125085439413,3.702158687094502,4.008471195638443
5.139999999999656,1.070327458883652,2.4253266537726157,1.0,0.30490753693252204,3.7084199045994257,4.013327441531947
5.141999999999656,1.075172475706185,2.4196792181158924,1.0,0.3034892200410762,3.714683238463952,4.0181724585050285
5.1439999999996555,1.0800061321995233,2.4139664476099196,1.0,0.30205785876081565,3.720948256388677,4.023006115149492
5.145999999999655,1.0848282984318791,2.4081890800187633,1.0,0.30061375336512874,3.7272145281683917,4.0278282815335205
5.147999999999655,1.089638845946078,2.402347852174227,1.0,0.2991572034354249,3.7334816257644814,4.0326388291999065
5.149999999999655,1.094437647757588,2.3964434998691244,1.0,0.29768850778834843,3.739749123375737,4.037437631164085
5.151999999999655,1.0992245783523358,2.390476757751869,1.0,0.29620796440436886,3.7460165975075848,4.0422245619119535
5.153999999999654,1.103999513684314,2.3844483592223997,1.0,0.29471587035775787,3.752283627039713,4.04699949739747
5.155999999999654,1.1087623311729802,2.3783590363294542,1.0,0.29321252174796475,3.7585497932920986,4.0517623150400635
5.157999999999654,1.1135129097004544,2.3722095196692066,1.0,0.29169821363239445,3.7648146800894255,4.05651289372182
5.159999999999654,1.1182511296085125,2.3660005382852813,1.0,0.2901732399605994,3.771077873823886,4.061251113784485
5.1619999999996535,1.1229768726953828,2.359732819570158,1.0,0.2886378935098878,3.77733896351637,4.065976857026258
5.163999999999653,1.1276900222123467,2.3534070891679795,1.0,0.2870924658223562,3.7835975408760296,4.070690006698386
5.165999999999653,1.132390462860145,2.347024070878771,1.0,0.28553724714335105,3.789853200358231,4.075390447501582
5.167999999999653,1.1370780807851966,2.340584486564088,1.0,0.28397252636135945,3.7961055392208727,4.080078065582232
5.169999999999653,1.1417527635756266,2.334089056054094,1.0,0.28239859094933606,3.8023541575790962,4.084752748528432
5.171999999999652,1.146414400257113,2.3275384970560875,1.0,0.28081572690746726,3.808598658458363,4.0894143853658305
5.173999999999652,1.1510628812885506,2.3209335250644774,1.0,0.27922421870736985,3.8148386478459217,4.094062866553291
5.175999999999652,1.1556980985575358,2.314274853272219,1.0,0.2776243492377305,3.8210737347406516,4.098698083978382
5.177999999999652,1.160319945375677,2.307563192483721,1.0,0.2760163997513788,3.827303531201303,4.103319930952682
5.1799999999996515,1.1649283164737314,2.3007992510292237,1.0,0.27440064981380136,3.8335276523931174,4.107928302206918
5.181999999999651,1.1695231079965724,2.2939837346806575,1.0,0.27277737725308376,3.839745716632853,4.112523093885937
5.183999999999651,1.1741042174979897,2.287117346568988,1.0,0.2711468581112883,3.8459573454322094,4.117104203543498
5.185999999999651,1.1786715439353261,2.28020078710305,1.0,0.2695093665972564,3.85216216353966,4.121671530136917
5.187999999999651,1.1832249876639538,2.273234753889874,1.0,0.26786517504083635,3.8583597989806995,4.126224974021536
5.1899999999996504,1.1877644504315918,2.266219941656512,1.0,0.2662145538485264,3.8645498830965224,4.130764436945049
5.19199999999965,1.1922898353724691,2.2591570421733596,1.0,0.26455777146053405,3.8707320505811227,4.135289822041656
5.19399999999965,1.1968010470013364,2.252046744178982,1.0,0.2628950943092389,3.876905939516843,4.139801033826082
5.19599999999965,1.2012979912073276,2.2448897333064424,1.0,0.26122678677905675,3.8830711914083778,4.144297978187435
5.19799999999965,1.2057805752476776,2.237686692011131,1.0,0.2595531111676947,3.8892274512152256,4.14878056238292
5.199999999999649,1.210248707741295,2.230438299500102,1.0,0.25787432764879054,3.895374367382632,4.153248695031423
5.201999999999649,1.2147022986621963,2.2231452316629094,1.0,0.2561906942359264,3.901511591871006,4.157702286106932
5.203999999999649,1.2191412593328037,2.215808161003948,1.0,0.2545024667480101,3.9076387801838366,4.162141246931847
5.205999999999649,1.223565502417107,2.208427756576293,1.0,0.25280989877600946,3.9137555913941213,4.166565490170131
5.2079999999996485,1.2279749419136976,2.2010046839170396,1.0,0.2511132416510346,3.919861688169316,4.170974929820351
5.209999999999648,1.2323694931486717,2.193539604984137,1.0,0.2494127444137547,3.9259567367948236,4.175369481208579
5.211999999999648,1.236749072768411,2.1860331780947155,1.0,0.2477086537851359,3.932040407196036,4.179749060981172
5.213999999999648,1.2411135987322404,2.1784860578649026,1.0,0.246001214138494,3.9381123729589387,4.184113587097433
5.215999999999648,1.2454629903049668,2.1708988951511228,1.0,0.24429066747284228,3.944172311349302,4.188462978822145
5.217999999999647,1.2497971680493027,2.1632723369928786,1.0,0.24257725338752917,3.9502199033304675,4.1927971567179965
5.219999999999647,1.2541160538181761,2.1556070265570053,1.0,0.24086120905814712,3.956254833579748,4.197116042637895
5.221999999999647,1.2584195707469306,2.147903603083395,1.0,0.23914276921370148,3.96227679050346,4.201419559717162
5.223999999999647,1.2627076432454183,2.1401627018321827,1.0,0.2374221661150246,3.968285466250602,4.205707632365627
5.2259999999996465,1.2669801969899892,2.1323849540323905,1.0,0.23569962953442194,3.9742805567251964,4.209980186259618
5.227999999999646,1.2712371589153784,2.1245709868320195,1.0,0.23397538673653417,3.980261761597318,4.2142371483338525
5.229999999999646,1.2754784572064954,2.116721423249584,1.0,0.23224966246040105,3.9862287843128157,4.218478446773217
5.231999999999646,1.279704021290118,2.1088368821270786,1.0,0.23052267890271047,3.992181332101759,4.22270401100447
5.233999999999646,1.2839137818264934,2.100917978084374,1.0,0.2287946557022197,3.998119115985619,4.226913771687839
5.235999999999645,1.2881076707008492,2.0929653214750252,1.0,0.22706580992533001,4.004041850783201,4.231107660708531
5.237999999999645,1.2922856210148184,2.084979518343493,1.0,0.22533635605280036,4.0099492551153615,4.235285611168162
5.239999999999645,1.2964475670777789,2.076961170383759,1.0,0.22360650596758247,4.0158410514085086,4.239447557376091
5.241999999999645,1.3005934443981129,2.068910874899332,1.0,0.22187646894376123,4.021716965896922,4.243593434840683
5.2439999999996445,1.3047231896743867,2.0608292247646336,1.0,0.22014645163658447,4.027576728623901,4.247723180260485
5.245999999999644,1.3088367407864554,2.0527168083877516,1.0,0.21841665807356292,4.033420073441773,4.251836731515336
5.247999999999644,1.3129340367864937,2.0445742096745487,1.0,0.21668728964662484,4.039246738010768,4.255934027657394
5.249999999999644,1.3170150178899571,2.036402007994122,1.0,0.21495854510530676,4.04505646379679,4.260015008902097
5.251999999999644,1.3210796254664745,2.0282007781455933,1.0,0.21323062055096434,4.050848996068094,4.264079616619059
5.253999999999643,1.3251278020306765,2.0199710903262247,1.0,0.21150370943198304,4.0566240838909104,4.268127793322893
5.255999999999643,1.3291594912329607,2.011713510100847,1.0,0.2097780025399728,4.062381480124013,4.2721594826639855
5.257999999999643,1.3331746378501979,2.003428598372586,1.0,0.20805368800692914,4.06812094141226,4.276174629419189
5.259999999999643,1.3371731877763793,1.9951169113548741,1.0,0.20633095130333998,4.073842228179141,4.280173179482481
5.2619999999996425,1.3411550880132113,1.9867790005447399,1.0,0.20460997523722257,4.079545104618333,4.284155079855555
5.263999999999642,1.3451202866606566,1.978415412697356,1.0,0.20289093995407168,4.085229338684288,4.28812027863836
5.265999999999642,1.3490687329074262,1.9700266898018375,1.0,0.20117402293769937,4.0908947020818935,4.292068725019593
5.267999999999642,1.3530003770214238,1.961613369058272,1.0,0.19945939901195076,4.0965409702551945,4.296000369267145
5.269999999999642,1.3569151703401463,1.953175982855975,1.0,0.19774724034327434,4.1021679223752265,4.299915162718501
5.271999999999641,1.3608130652610408,1.9447150587529494,1.0,0.1960377164441308,4.107775341326965,4.303813057771096
5.273999999999641,1.3646940152318234,1.9362311194565411,1.0,0.1943309941772203,4.113363013695413,4.307694007872634
5.275999999999641,1.3685579747407588,1.927724682805273,1.0,0.19262723776051227,4.118930729750857,4.311557967511369
5.277999999999641,1.3724048993069056,1.919196261751845,1.0,0.1909266087730549,4.124478283433294,4.315404892206349
5.2799999999996405,1.3762347454703285,1.9106463643472849,1.0,0.18922926616155225,4.130005472336075,4.319234738497627
5.28199999999964,1.3800474707822807,1.9020754937262354,1.0,0.18753536624768433,4.135512097688764,4.323047463936448
5.28399999999964,1.3838430337953567,1.8934841480933642,1.0,0.185845062736156,4.140997964339239,4.3268430270753955
5.28599999999964,1.3876213940536195,1.88487282071088,1.0,0.18415850672345568,4.1464628807350685,4.330621387458525
5.28799999999964,1.391382512082705,1.876241999887142,1.0,0.1824758467073043,4.151906658904155,4.334382505611459
5.289999999999639,1.3951263493799029,1.867592168966346,1.0,0.18079722859677802,4.157329114434706,4.338126343031484
5.291999999999639,1.3988528684042194,1.8589238063192728,1.0,0.17912279572308626,4.162730066454509,4.341852862177595
5.293999999999639,1.4025620325664223,1.8502373853350844,1.0,0.17745268885098706,4.1681093376095655,4.345562026460552
5.295999999999639,1.4062538062190695,1.841533374414152,1.0,0.17578704619082133,4.173466754042086,4.3492538002329075
5.2979999999996386,1.4099281546465259,1.8328122369619002,1.0,0.1741260034111502,4.178802145367867,4.352928148779017
5.299999999999638,1.413585044054968,1.8240744313836537,1.0,0.1724696936519756,4.184115344653076,4.3565850383050515
5.301999999999638,1.4172244415623791,1.8153204110804688,1.0,0.17081824753852823,4.18940618839046,4.360224435928988
5.303999999999638,1.4208463151885378,1.8065506244459368,1.0,0.16917179319560546,4.194674516474993,4.363846309670598
5.305999999999638,1.4244506338450003,1.7977655148639422,1.0,0.1675304562624412,4.199920172178991,4.367450628441432
5.3079999999996375,1.4280373673250797,1.7889655207073596,1.0,0.16589435990809126,4.205143002126707,4.371037362034799
5.309999999999637,1.4316064862938236,1.780151075337677,1.0,0.1642636248473181,4.210342856268421,4.374606481115739
5.311999999999637,1.4351579622779915,1.7713226071055261,1.0,0.16263836935695627,4.215519587854054,4.37815795721101
5.313999999999637,1.4386917676560345,1.7624805393521072,1.0,0.1610187092927444,4.220673053406311,4.381691762699055
5.315999999999637,1.442207875648078,1.7536252904114908,1.0,0.15940475810660534,4.225803112693395,4.3852078708
5.317999999999636,1.4457062603059119,1.7447572736137824,1.0,0.15779662686435997,4.230909628701267,4.388706255565626
5.319999999999636,1.4491868965029848,1.7358768972891345,1.0,0.15619442426385705,4.235992467605525,4.3921868918693825
5.321999999999636,1.4526497599244101,1.7269845647725894,1.0,0.15459825665350493,4.2410514987428725,4.395649755396377
5.323999999999636,1.4560948270569807,1.718080674409738,1.0,0.15300822805118797,4.246086594582213,4.399094822633401
5.3259999999996355,1.4595220751791962,1.7091656195631812,1.0,0.15142444016355294,4.251097630695397,4.40252207085895
5.327999999999635,1.4629314823513049,1.700239788619774,1.0,0.14984699240565139,4.256084485727619,4.405931478133271
5.329999999999635,1.4663230274053594,1.691303564998642,1.0,0.14827598192091956,4.261047041367495,4.409323023288414
5.331999999999635,1.4696966899352901,1.6823573271599528,1.0,0.14671150360148538,4.265985182316823,4.412696685918308
5.333999999999635,1.4730524502869968,1.6734014486144257,1.0,0.1451536501087838,4.270898796260069,4.4160524463688535
5.335999999999634,1.4763902895484597,1.6644362979335687,1.0,0.14360251189446982,4.275787773833555,4.419390285728024
5.337999999999634,1.4797101895398717,1.6554622387606228,1.0,0.1420581772216113,4.280652008594407,4.422710185816018
5.339999999999634,1.4830121328037935,1.6464796298222035,1.0,0.14052073218615085,4.285491396989241,4.426012129175392
5.341999999999634,1.486296102595333,1.6374888249406205,1.0,0.13899026073862097,4.290305838322632,4.429296099061252
5.3439999999996335,1.4895620828723488,1.6284901730468644,1.0,0.1374668447060993,4.295095234725362,4.432562079431461
5.345999999999633,1.4928100582856818,1.619484018194243,1.0,0.13595056381439183,4.299859491122465,4.435810054936857
5.347999999999633,1.4960400141694135,1.6104706995726537,1.0,0.13444149571042874,4.304598515201093,4.439040010911522
5.349999999999633,1.499251936531154,1.6014505515234787,1.0,0.13293971598486248,4.309312217378205,4.4422519333630675
5.351999999999633,1.502445812042361,1.5924239035550862,1.0,0.13144529819485337,4.314000510768098,4.445445808962951
5.353999999999632,1.5056216280286885,1.5833910803589257,1.0,0.12995831388703175,4.318663311149797,4.44862162503683
5.355999999999632,1.508779372460371,1.574352401826201,1.0,0.1284788326206237,4.323300536934312,4.451779369554935
5.357999999999632,1.5119190339426396,1.565308183065109,1.0,0.12700692199072836,4.327912109131777,4.454919031122505
5.359999999999632,1.5150406017061728,1.55625873441863,1.0,0.12554264765173573,4.332497951318482,4.458040598970218
5.3619999999996315,1.5181440655975855,1.547204361482854,1.0,0.12408607334087285,4.3370579896038155,4.461144062944689
5.363999999999631,1.5212294160699538,1.53814536512583,1.0,0.12263726090186727,4.34159215259713,4.464229413498997
5.365999999999631,1.5242966441733774,1.5290820415069284,1.0,0.12119627030871682,4.346100371374529,4.467296641683246
5.367999999999631,1.5273457415455831,1.520014682096696,1.0,0.11976315968955478,4.350582579445608,4.470345739135163
5.369999999999631,1.5303767004025668,1.510943573697197,1.0,0.1183379853506002,4.355038712720147,4.473376698070748
5.37199999999963,1.533389513529277,1.5018689984628235,1.0,0.11692080180018197,4.359468709474768,4.4763895112749506
5.37399999999963,1.5363841742703412,1.492791233921563,1.0,0.11551166177282833,4.363872510319576,4.479384172092404
5.37599999999963,1.5393606765208347,1.48371055299671,1.0,0.11411061625340982,4.368250058164776,4.482360674418186
5.37799999999963,1.5423190147170929,1.4746272240290101,1.0,0.11271771450132789,4.372601298187307,4.4853190126886355
5.3799999999996295,1.5452591838275687,1.4655415107992218,1.0,0.1113330040747382,4.376926177797469,4.488259181872207
5.381999999999629,1.5481811793437361,1.4564536725510862,1.0,0.10995653085480037,4.381224646605582,4.4911811774603825
5.383999999999629,1.5510849972710388,1.4473639640146907,1.0,0.10858833906994464,4.385496656388661,4.494084995458605
5.385999999999629,1.5539706341198867,1.4382726354302149,1.0,0.10722847132014737,4.3897421610571445,4.496970632377292
5.387999999999629,1.5568380868967004,1.4291799325720458,1.0,0.10587696860120563,4.393961116621662,4.499838085222867
5.389999999999628,1.5596873530950037,1.4200860967732534,1.0,0.10453387032900374,4.398153481159854,4.5026873514888575
5.391999999999628,1.562518430686566,1.4109913649504109,1.0,0.10319921436376282,4.402319214783277,4.50551842914704
5.393999999999628,1.565331318112594,1.4018959696287523,1.0,0.10187303703426605,4.406458279604356,4.508331316638622
5.395999999999628,1.5681260142749753,1.392800138967652,1.0,0.10055537316205124,4.410570639703449,4.511126012865501
5.3979999999996275,1.5709025185275711,1.3837040967864187,1.0,0.09924625608556421,4.414656261095974,4.513902517181538
5.399999999999627,1.5736608306675635,1.3746080625903896,1.0,0.09794571768426447,4.41871511169966,4.516660829383924
5.401999999999627,1.5764009509268528,1.3655122515973164,1.0,0.0966537884026775,4.422747161301887,4.519400949704564
5.403999999999627,1.57912287996351,1.356416874764031,1.0,0.09537049727438533,4.426752381527147,4.522122878801532
5.405999999999627,1.5818266188532808,1.3473221388133814,1.0,0.09409587194595019,4.430730745804632,4.524826617750582
5.407999999999626,1.5845121690811454,1.338228246261425,1.0,0.0928299387007636,4.434682229335935,4.527512168036698
5.409999999999626,1.587179532532932,1.329135395444873,1.0,0.09157272248281559,4.4386068090629,4.530179531545716
5.411999999999626,1.5898287114869865,1.3200437805487724,1.0,0.090324246920377,4.442504463635608,4.532828710555985
5.413999999999626,1.5924597086058956,1.3109535916344166,1.0,0.08908453434958999,4.446375173380509,4.535459707730099
5.415999999999626,1.5950725269282688,1.301865014667477,1.0,0.08785360583796056,4.450218920268713,4.538072526106673
5.417999999999625,1.5976671698605749,1.2927782315463423,1.0,0.08663148120774754,4.454035687884437,4.540667169092184
5.419999999999625,1.6002436411690357,1.283693420130658,1.0,0.08541817905924286,4.4578254613936155,4.543243640452858
5.421999999999625,1.602801944971578,1.2746107542700593,1.0,0.08421371679393819,4.4615882275126895,4.5458019443066275
5.423999999999625,1.6053420857298415,1.2655304038330826,1.0,0.08301811063757279,4.465323974477568,4.548342085115141
5.4259999999996245,1.607864068241246,1.256452534736252,1.0,0.08183137566305783,4.469032692012765,4.550864067675823
5.427999999999624,1.610367897631117,1.2473773089733302,1.0,0.08065352581327254,4.472714371300732,4.553367897114005
5.429999999999624,1.6128535793448693,1.2383048846447227,1.0,0.07948457392372824,4.476369004951382,4.5558535788751096
5.431999999999624,1.6153211191402495,1.2292354159870316,1.0,0.07832453174509514,4.479996586971795,4.55832111871689
5.433999999999624,1.6177705230796384,1.2201690534027472,1.0,0.07717340996558882,4.4835971127361445,4.560770522701733
5.435999999999623,1.6202017975224128,1.2111059434900702,1.0,0.07603121823321195,4.487170578955812,4.563201797189024
5.437999999999623,1.622614949117366,1.2020462290728564,1.0,0.07489796517784736,4.490716983649714,4.565614948827561
5.439999999999623,1.6250099847951904,1.192990049230677,1.0,0.07377365843319926,4.494236326114846,4.568009984548046
5.441999999999623,1.6273869117610178,1.1839375393289864,1.0,0.07265830465857921,4.497728606897035,4.570386911555614
5.4439999999996225,1.6297457374870223,1.1748888310493883,1.0,0.07155190956053308,4.501193827761917,4.57274573732245
5.445999999999622,1.6320864697050825,1.1658440524199962,1.0,0.07045447791430637,4.50463199166613,4.5750864695804365
5.447999999999622,1.6344091163995051,1.1568033278458776,1.0,0.0693660135851449,4.508043102728745,4.57740911631389
5.449999999999622,1.6367136857998097,1.1477667781395775,1.0,0.06828651954942737,4.5114271662029095,4.579713685752337
5.451999999999622,1.6390001863735735,1.138734520551713,1.0,0.06721599791562817,4.514784188447731,4.582000186363359
5.453999999999621,1.6412686268193386,1.1297066688016324,1.0,0.06615444994510714,4.518114176900402,4.584268626845509
5.455999999999621,1.6435190160595803,1.120683333108133,1.0,0.0651018760727238,4.521417140048545,4.586519016121269
5.457999999999621,1.6457513632337366,1.1116646202202294,1.0,0.0640582759272745,4.524693087402808,4.588751363330082
5.459999999999621,1.6479656776912992,1.1026506334479693,1.0,0.06302364835174949,4.527942029469699,4.5909656778214485
5.4619999999996205,1.6501619689849667,1.0936414726932868,1.0,0.061997991423408366,4.531163977724668,4.593161969148076
5.46399999999962,1.6523402468638595,1.0846372344808897,1.0,0.06098130247367219,4.534358944585418,4.59534024705909
5.46599999999962,1.6545005212667956,1.0756380119891749,1.0,0.05997357810782953,4.537526943385489,4.597500521493318
5.46799999999962,1.6566428023156292,1.066643895081165,1.0,0.05897481422455639,4.540667988348063,4.599642802572619
5.46999999999962,1.6587671003086515,1.0576549703354619,1.0,0.05798500603524657,4.543782094560049,4.601767100595295
5.471999999999619,1.6608734257140516,1.0486713210772112,1.0,0.05700414808315281,4.546869277946388,4.603873426029541
5.473999999999619,1.6629617891634416,1.0396930274090719,1.0,0.056032234262336104,4.54992955524464,4.605961789506976
5.475999999999619,1.6650322014454424,1.0307201662421874,1.0,0.05506925783642269,4.552962943979807,4.60803220181623
5.477999999999619,1.667084673499331,1.0217528113271526,1.0,0.054115211457167266,4.555969462439419,4.610084673896587
5.4799999999996185,1.6691192164087514,1.01279103328497,1.0,0.053170087182821645,4.558949129648876,4.612119216831697
5.481999999999618,1.6711358413954853,1.003834899637995,1.0,0.05223387649630794,4.561901965347044,4.614135841843352
5.483999999999618,1.6731345598132867,0.9948844748408598,1.0,0.05130657032319499,4.564827989962117,4.616134560285312
5.485999999999618,1.6751153831417764,0.9859398203113765,1.0,0.05038815904947846,4.567727224587727,4.618115383637205
5.487999999999618,1.6770783229804003,0.9770009944614125,1.0,0.04947863253916235,4.570599690959325,4.620078323498487
5.489999999999617,1.6790233910424472,0.9680680527277349,1.0,0.048577980151642976,4.573445411430809,4.622023391582452
5.491999999999617,1.6809505991491305,0.9591410476028193,1.0,0.04768619075889409,4.5762644089514275,4.623950599710321
5.493999999999617,1.6828599592237294,0.9502200286656196,1.0,0.0468032527624529,4.57905670704293,4.625859959805384
5.495999999999617,1.6847514832857937,0.9413050426122955,1.0,0.04592915411020675,4.581822329776988,4.627751483887194
5.4979999999996165,1.6866251834454078,0.9323961332868925,1.0,0.045063882312980544,4.584561301752865,4.629625184065846
5.499999999999616,1.6884810718975178,0.9234933417119723,1.0,0.044207424460924453,4.587273648075369,4.631481072536293
5.501999999999616,1.6903191609163193,0.9145967061191896,1.0,0.04335976723970177,4.589959394333036,4.633319161572738
5.503999999999616,1.6921394628497048,0.9057062619798126,1.0,0.042520896946477454,4.592618566576603,4.635139463523081
5.505999999999616,1.6939419901137753,0.8968220420351826,1.0,0.041690799505706956,4.595251191297724,4.636941990803431
5.507999999999615,1.6957267551874096,0.8879440763271113,1.0,0.04086946048472556,4.597857295407949,4.638726755892675
5.509999999999615,1.6974937706068953,0.8790723922282124,1.0,0.040056865109138896,4.600436906217967,4.6404937713271055
5.511999999999615,1.699243048960622,0.870207014472164,1.0,0.039252998278014324,4.602990051417109,4.642243049695123
5.513999999999615,1.7009746028838328,0.861347965183899,1.0,0.03845784457887383,4.605516759053104,4.643974603631977
5.5159999999996145,1.7026884450534365,0.8524952639097231,1.0,0.03767138830248896,4.608017057512095,4.645688445814584
5.517999999999614,1.7043845881828814,0.8436489276473543,1.0,0.03689361345747809,4.610490975498919,4.647384588956397
5.519999999999614,1.7060630450170875,0.8348089708758853,1.0,0.0361245037847064,4.612938542017643,4.649063045802349
5.521999999999614,1.7077238283274394,0.8259754055856634,1.0,0.03536404277148949,4.615359786352339,4.650723829123828
5.523999999999614,1.709366950906838,0.8171482413080875,1.0,0.03461221366560106,4.617754738048142,4.652366951713743
5.525999999999613,1.7109924255648135,0.8083274851453197,1.0,0.03386899948908526,4.620123426892548,4.653992426381634
5.527999999999613,1.7126002651226953,0.7995131417999097,1.0,0.03313438305187436,4.622465882896959,4.655600265948833
5.529999999999613,1.7141904824088432,0.7907052136043297,1.0,0.03240834696521311,4.624782136278499,4.6571904832437125
5.531999999999613,1.7157630902539365,0.7819037005504178,1.0,0.031690873654889484,4.627072217442067,4.658763091096956
5.533999999999613,1.7173181014863217,0.7731086003187301,1.0,0.030981945374273748,4.629336156962645,4.660318102336919
5.535999999999612,1.7188555289274197,0.7643199083077968,1.0,0.030281544217166053,4.631573985567864,4.66185552978503
5.537999999999612,1.7203753853871908,0.7555376176632841,1.0,0.02958965213045369,4.6337857341208,4.6633753862512535
5.539999999999612,1.7218776836596579,0.7467617193070578,1.0,0.028906250926578985,4.635971433603044,4.664877684529623
5.541999999999612,1.7233624365184879,0.7379922019661492,1.0,0.028231322295818727,4.638131115097993,4.666362437393811
5.5439999999996115,1.724829656712631,0.729229052201621,1.0,0.027564847818376172,4.6402648097744015,4.667829657592778
5.545999999999611,1.726279356962018,0.7204722544373328,1.0,0.026906808976286736,4.642372548870171,4.669279357846458
5.547999999999611,1.7277115499533136,0.7117217909886039,1.0,0.026257187165138297,4.6444543636763855,4.670711550841524
5.549999999999611,1.7291262483357284,0.7029776420907748,1.0,0.025615963705607318,4.646510285521588,4.672126249227195
5.551999999999611,1.7305234647168877,0.6942397859276641,1.0,0.024983119854811907,4.648540345756292,4.673523465611104
5.55399999999961,1.7319032116587565,0.6855081986599209,1.0,0.02435863681748293,4.6505445757377375,4.67490321255522
5.55599999999961,1.7332655016736211,0.6767828544532726,1.0,0.02374249575695427,4.652523006814885,4.676265502571839
5.55799999999961,1.7346103472201284,0.6680637255066673,1.0,0.02313467780597354,4.654475670313641,4.6776103481196145
5.55999999999961,1.7359377606993793,0.6593507820803088,1.0,0.02253516407733444,4.65640259752232,4.678937761599655
5.5619999999996095,1.73724775445108,0.6506439925235861,1.0,0.021943935674331793,4.65830381967734,4.680247755351672
5.563999999999609,1.7385403407497477,0.6419433233028947,1.0,0.021360973701040717,4.660179367949151,4.681540341650192
5.565999999999609,1.7398155318009723,0.6332487390293515,1.0,0.020786259272421177,4.662029273428389,4.68281553270081
5.567999999999609,1.7410733397377338,0.6245602024864014,1.0,0.020219773524248898,4.663853567112264,4.684073340636513
5.569999999999609,1.7423137766167747,0.6158776746573159,1.0,0.01966149762287432,4.665652279891178,4.685313777514053
5.571999999999608,1.7435368544150263,0.6072011147525843,1.0,0.019111412774810457,4.667425442535553,4.686536855310363
5.573999999999608,1.7447425850260907,0.5985304802371965,1.0,0.01856950023615137,4.669173085682906,4.687742585919057
5.575999999999608,1.7459309802567777,0.5898657268578177,1.0,0.01803574132182218,4.6708952398251276,4.6889309811469495
5.577999999999608,1.7471020518236942,0.581206808669856,1.0,0.017510117414662164,4.672591935295992,4.690102052710655
5.5799999999996075,1.7482558113498894,0.572553678064421,1.0,0.016992609974342102,4.674263202258885,4.691255812233227
5.581999999999607,1.7493922703615525,0.5639062857951762,1.0,0.016483200546117398,4.675909070694748,4.692392271240865
5.583999999999607,1.7505114402847652,0.5552645810050831,1.0,0.015981870769417914,4.677529570390237,4.693511441159655
5.585999999999607,1.7516133324423064,0.5466285112530394,1.0,0.015488602386276293,4.679124730926107,4.694613333312383
5.587999999999607,1.752697958050511,0.5379980225404095,1.0,0.015003377249595752,4.680694581665797,4.695697958915393
5.589999999999606,1.7537653282161814,0.5293730593374507,1.0,0.014526177331258761,4.6822391517442306,4.69676532907549
5.591999999999606,1.7548154539335505,0.5207535646096323,1.0,0.014056984730078034,4.683758470056836,4.697815454786914
5.593999999999606,1.7558483460813001,0.5121394798438504,1.0,0.013595781679590942,4.685252565248765,4.698848346928356
5.595999999999606,1.7568640154196284,0.5035307450745388,1.0,0.013142550555698879,4.686721465704321,4.69986401626002
5.5979999999996055,1.757862472587372,0.4949272989096754,1.0,0.01269727388415267,4.688165199536595,4.700862473420748
5.599999999999605,1.7588437280991782,0.48632907855668683,1.0,0.012259934347885557,4.689583794577309,4.701843728925194
5.601999999999605,1.7598077923427309,0.47773601984825,1.0,0.011830514794194833,4.690977278366853,4.702807793161048
5.603999999999605,1.7607546755760253,0.4691480572679928,1.0,0.011408998241773596,4.69234567814454,4.703754676386314
5.605999999999605,1.7616843879246964,0.4605651239760946,1.0,0.010995367887593758,4.693689020839036,4.70468438872663
5.607999999999604,1.7625969393793972,0.451987151834787,1.0,0.010589607113641703,4.695007333059016,4.705596940172658
5.609999999999604,1.7634923397932287,0.4434140714337562,1.0,0.010191699493507777,4.696300641083996,4.706492340577503
5.611999999999604,1.7643705988792198,0.4348458121154482,1.0,0.00980162879883092,4.697568970855372,4.707370599654203
5.613999999999604,1.7652317262078576,0.42628230200027706,1.0,0.00941937900559962,4.698812347967649,4.708231726973248
5.6159999999996035,1.7660757312046695,0.41772346801173843,1.0,0.009044934300310455,4.700030797659864,4.709075731960175
5.617999999999603,1.7669026231478537,0.4091692359014287,1.0,0.00867827908598549,4.7012243448072,4.709902623893186
5.619999999999603,1.7677124111659603,0.40061953027397124,1.0,0.008319397988049608,4.702393013912789,4.710712411900839
5.621999999999603,1.7685051042356223,0.3920742746118511,1.0,0.0079682758600691,4.7035368290997015,4.7115051049597705
5.623999999999603,1.7692807111793365,0.3835333913001592,1.0,0.007624897789352605,4.704655814103134,4.712280711892487
5.625999999999602,1.7700392406632925,0.37499680165124716,1.0,0.007289249102415616,4.705749992262766,4.713039241365181
5.627999999999602,1.7707807011952532,0.366464425929295,1.0,0.006961315370309642,4.706819386515314,4.713780701885624
5.629999999999602,1.7715051011224812,0.3579361833747919,1.0,0.006641082413817178,4.707864019387266,4.714505101801083
5.631999999999602,1.7722124486297173,0.34941199222893204,1.0,0.006328536308513659,4.708883912987792,4.715212449296306
5.6339999999996015,1.7729027517372054,0.3408917697579275,1.0,0.006023663389697382,4.709879089001845,4.715902752391543
5.635999999999601,1.773576018298767,0.3323754322772384,1.0,0.0057264502571885475,4.710849568683431,4.71657601894062
5.637999999999601,1.7742322559999242,0.3238628951757232,1.0,0.00543688377999847,4.711795372849067,4.717232256629065
5.639999999999601,1.7748714723560701,0.3153540729397094,1.0,0.00515495110086998,4.712716521871409,4.717871472972279
5.641999999999601,1.7754936747106878,0.3068488791769876,1.0,0.004880639640690043,4.713613035673059,4.7184936753137485
5.6439999999996004,1.7760988702336176,0.29834722664072927,1.0,0.004613937102775604,4.714484933720547,4.719098870823323
5.6459999999996,1.7766870659193712,0.28984902725333067,1.0,0.004354831477033627,4.715332235018483,4.719687066495516
5.6479999999996,1.7772582685854943,0.28135419213018426,1.0,0.00410331104399632,4.716154958103886,4.720258269147883
5.6499999999996,1.7778124848709762,0.2728626316033793,1.0,0.003859364378732398,4.716953121040684,4.720812485419417
5.6519999999996,1.7783497212347064,0.2643742552453336,1.0,0.0036229803546354274,4.717726741414379,4.721349721769014
5.653999999999599,1.7788699839539797,0.2558889718923577,1.0,0.003394148147090024,4.718475836326884,4.721869984473974
5.655999999999599,1.7793732791230465,0.24740668966815405,1.0,0.0031728572370168513,4.719200422391537,4.722373279628553
5.657999999999599,1.779859612651712,0.2389273160072518,1.0,0.0029590974142972514,4.719900515728265,4.722859613142563
5.659999999999599,1.7803289902639805,0.23045075767838033,1.0,0.0027528587810783023,4.720576131958935,4.723328990740013
5.6619999999995985,1.7807814174967473,0.2219769208077822,1.0,0.002554131754959138,4.721227286202846,4.723781417957805
5.663999999999598,1.7812168996985374,0.2135057109024683,1.0,0.0023629070720593065,4.7218539930724095,4.7242169001444685
5.665999999999598,1.7816354420282896,0.2050370328734165,1.0,0.002179175789969895,4.7224562666689796,4.72463544245895
5.667999999999598,1.7820370494541884,0.19657079105871592,1.0,0.0020029292905881673,4.723034120578848,4.725037049869437
5.669999999999598,1.7824217267525402,0.1881068892466586,1.0,0.0018341592828364226,4.723587567869406,4.725421727152242
5.671999999999597,1.7827894785066978,0.17964523069878086,1.0,0.0016728578052657354,4.72411662108546,4.725789478890726
5.673999999999597,1.7831403091060292,0.17118571817285572,1.0,0.0015190172285452482,4.724621292245716,4.7261403094742604
5.675999999999597,1.7834742227449336,0.16272825394583904,1.0,0.001372630257837632,4.7251015928394136,4.726474223097251
5.677999999999597,1.7837912234219024,0.1542727398367707,1.0,0.0012336899350613199,4.725557533823133,4.726791223758194
5.6799999999995965,1.7840913149386262,0.14581907722963333,1.0,0.0011021896410400949,4.725989125617746,4.727091315258786
5.681999999999596,1.784374500899147,0.1373671670961703,1.0,0.0009781230975405663,4.726396378105535,4.727374501203076
5.683999999999596,1.7846407847090577,0.1289169100186652,1.0,0.0008614843691980741,4.726779300627459,4.727640784996657
5.685999999999596,1.784890169574745,0.12046820621268468,1.0,0.0007522678653315054,4.727137901980597,4.727890169845928
5.687999999999596,1.785122658502679,0.11202095554978682,1.0,0.0006504683416474987,4.727472190415714,4.7281226587573615
5.689999999999595,1.7853382542987475,0.10357505758019704,1.0,0.0005560809018344705,4.727782173635017,4.728338254536851
5.691999999999595,1.7855369595676367,0.09513041155545368,1.0,0.000469100999046885,4.728067858790042,4.728536959789089
5.693999999999595,1.785718776712256,0.08668691645102523,1.0,0.000389524437280152,4.7283292524797105,4.728718776916991
5.695999999999595,1.7858837079332084,0.0782444709889015,1.0,0.00031734737263651057,4.728566360748525,4.728883708121161
5.6979999999995945,1.786031755228306,0.06980297366016056,1.0,0.0002525663144822338,4.728779189084941,4.729031755399423
5.699999999999594,1.7861629203921312,0.06136232274751378,1.0,0.00019517812649645492,4.728967742419864,4.729162920546361
5.701999999999594,1.7862772050156421,0.052922416347831056,1.0,0.00014518002761189353,4.7291320251253275,4.72927720515294
5.703999999999594,1.7863746104858238,0.04448315239464826,1.0,0.0001025695928477297,4.7292720410133,4.729374610606148
5.705999999999594,1.7864551379853832,0.03604442868065905,1.0,6.734475403484492e-05,4.7293877933346655,4.7294551380887
5.707999999999593,1.7865187884924911,0.027606142880193356,1.0,3.9503800433622884e-05,4.729479284778339,4.729518788578773
5.709999999999593,1.7865655627805672,0.019168192571684374,1.0,1.9045379244473317e-05,4.729546517470545,4.729565562849789
5.711999999999593,1.7865954614181105,0.01073047526012652,1.0,5.968496011214612e-06,4.729589492974245,4.7295954614702564
5.713999999999593,1.7866084847685757,0.002292888399526268,1.0,2.725149174218092e-07,4.729608212288715,4.729608484803633
5.7159999999995925,1.786604632990293,-0.006144670584651879,1.0,1.9571589758191626e-06,4.729602675849279,4.729604633008255
5.717999999999592,1.7865839060364337,-0.014582304273042117,1.0,1.1022510110767436e-05,4.729572883527187,4.7295839060372975
5.719999999999592,1.7865463036550207,-0.02302011522993471,1.0,2.7469009133867884e-05,4.729518834629657,4.729546303638791
5.721999999999592,1.786491825388983,-0.03145820598083175,1.0,5.1297455612676215e-05,4.7294405279000555,4.729491825355669
5.723999999999592,1.7864204705762563,-0.039896678989999226,1.0,8.250900763249225e-05,4.72933796151824,4.729420470525873
5.725999999999591,1.7863322383499276,-0.048335636638013185,1.0,0.00012110518145116104,4.729211133101044,4.729332238282495
5.727999999999591,1.7862271276384254,-0.05677518119929797,1.0,0.00016708785104679476,4.729060039702923,4.72922712755397
5.729999999999591,1.7861051371657537,-0.06521541481965416,1.0,0.00022045924755829434,4.728884677816749,4.729105137064307
5.731999999999591,1.785966265451773,-0.07365643949377439,1.0,0.000281221958618524,4.728685043374753,4.728966265333372
5.7339999999995905,1.7858105108125235,-0.08209835704274453,1.0,0.00034937892757995963,4.728461131749631,4.728810510677211
5.73599999999959,1.7856378713605963,-0.09054126909152847,1.0,0.00042493345263261,4.728212937755787,4.728637871208419
5.73799999999959,1.785448345005547,-0.09898527704643412,1.0,0.000507889185813972,4.727940455650745,4.728448344836559
5.73999999999959,1.785241929454356,-0.10743048207255855,1.0,0.0005982501319107672,4.727643679136704,4.728241929268615
5.74199999999959,1.785018622211934,-0.11587698507121034,1.0,0.0006960206472521633,4.727322601362253,4.728018622009506
5.743999999999589,1.7847784205816712,-0.12432488665730675,1.0,0.0008012054383941664,4.72697721492423,4.7277784203626245
5.745999999999589,1.7845213216660336,-0.13277428713674377,1.0,0.0009138095606948416,4.72660751186975,4.727521321430444
5.747999999999589,1.784247322367203,-0.141225286483737,1.0,0.0010338384167799884,4.7262134836983725,4.7272473221151525
5.749999999999589,1.7839564193877637,-0.14967798431813112,1.0,0.0011612977548988662,4.725795121364438,4.726956419119337
5.7519999999995886,1.7836486092314332,-0.15813247988267615,1.0,0.0012961936671695585,4.725352415279554,4.726648608946723
5.753999999999588,1.7833238882038398,-0.16658887202026798,1.0,0.0014385325877134976,4.724885355315231,4.726323887902945
5.755999999999588,1.7829822524133447,-0.1750472591511517,1.0,0.001588321290678693,4.724393930805689,4.725982252096367
5.757999999999588,1.7826236977719108,-0.18350773925008526,1.0,0.0017455668881511412,4.7238781305508075,4.725623697438959
5.759999999999588,1.7822482199960152,-0.19197040982346145,1.0,0.0019102768279538828,4.723337942819249,4.725248219647203
5.7619999999995875,1.7818558146076104,-0.2004353678863866,1.0,0.0020824588913331533,4.722773355351726,4.7248558142430594
5.763999999999587,1.7814464769351286,-0.20890270993971355,1.0,0.0022621211905310356,4.7221843553644325,4.724446476554964
5.765999999999587,1.781020202114534,-0.21737253194702705,1.0,0.0024492721662439966,4.721570929552642,4.7240202017188855
5.767999999999587,1.7805769850904203,-0.22584492931157976,1.0,0.002643920584966684,4.720933064094459,4.7235769846794255
5.769999999999587,1.7801168206171538,-0.23431999685317675,1.0,0.0028460755362202947,4.720270744654735,4.723116820190956
5.771999999999586,1.7796397032600642,-0.24279782878500666,1.0,0.003055746429664847,4.719583956389146,4.72263970281881
5.773999999999586,1.7791456273966808,-0.25127851869041745,1.0,0.0032729429920946317,4.718872683948431,4.722145626940526
5.775999999999586,1.7786345872180154,-0.2597621594996352,1.0,0.003497675264316102,4.718136911482803,4.721634586747119
5.777999999999586,1.778106576729892,-0.2682488434664237,1.0,0.003729953597907444,4.717376622646511,4.721106576244418
5.7799999999995855,1.7775615897543229,-0.27673866214468307,1.0,0.003969788651859025,4.716591800602585,4.720561589254444
5.781999999999585,1.7769996199309321,-0.2852317063649859,1.0,0.004217191389093943,4.715782428027731,4.719999619416825
5.783999999999585,1.7764206607184254,-0.29372806621104863,1.0,0.0044721730728677755,4.714948487117405,4.719420660190273
5.785999999999585,1.7758247053961076,-0.3022278309961367,1.0,0.004734745263046748,4.714089959591051,4.718824704854097
5.787999999999585,1.7752117470654472,-0.3107310892394016,1.0,0.005004919812263396,4.71320682669751,4.718211746509773
5.789999999999584,1.7745817786516882,-0.3192379286421482,1.0,0.0052827088619488045,4.712299069220602,4.717581778082551
5.791999999999584,1.7739347929055096,-0.32774843606403037,1.0,0.005568124838240538,4.711366667484875,4.716934792323116
5.793999999999584,1.773270782404733,-0.3362626974991735,1.0,0.005861180447765292,4.710409601361528,4.7162707818092935
5.795999999999584,1.7725897395560768,-0.3447807980522222,1.0,0.006161888673295288,4.7094278502745155,4.715589738947811
5.7979999999995835,1.7718916565969598,-0.3533028219143117,1.0,0.006470262769277452,4.708421393206812,4.71489165597609
5.799999999999583,1.7711765255973522,-0.36182885233896056,1.0,0.0067863162572343394,4.707390208706874,4.714176524964109
5.801999999999583,1.7704443384616748,-0.37035897161788417,1.0,0.0071100629210357836,4.706334274895256,4.713444337816291
5.803999999999583,1.769695086930747,-0.3788932610567273,1.0,0.007441516802040236,4.705253569471428,4.7126950862734684
5.805999999999583,1.7689287625837835,-0.3874318009507135,1.0,0.007780692194104711,4.704148069720751,4.711928761914856
5.807999999999582,1.768145356840439,-0.39597467056021024,1.0,0.008127603638462249,4.703017752521655,4.711145356160117
5.809999999999582,1.767344860962903,-0.40452194808620917,1.0,0.008482265918465817,4.7018625943529795,4.710344860271445
5.811999999999582,1.7665272660580424,-0.41307371064571846,1.0,0.008844694054197506,4.700682571301519,4.709527265355716
5.813999999999582,1.7656925630795954,-0.4216300342470675,1.0,0.009214903296941888,4.69947765906973,4.708692562366672
5.8159999999995815,1.7648407428304123,-0.4301909937651216,1.0,0.009592909123522371,4.698247832983647,4.7078407421071695
5.817999999999581,1.763971795964748,-0.4387566629164054,1.0,0.009978727230499461,4.69699306800097,4.706971795231469
5.819999999999581,1.7630857129906037,-0.4473271142341346,1.0,0.010372373528229563,4.695713338719353,4.7060857122475825
5.821999999999581,1.7621824842721179,-0.455902419043154,1.0,0.010773864134783389,4.694408619384866,4.70518248351965
5.823999999999581,1.7612621000320092,-0.46448264743478035,1.0,0.011183215369722478,4.693078883900674,4.704262099270397
5.82599999999958,1.7603245503540679,-0.47306786824155056,1.0,0.011600443747732855,4.691724105835888,4.703324549583622
5.82799999999958,1.759369825185699,-0.4816581490118719,1.0,0.012025565972114412,4.69034425843462,4.702369824406734
5.82999999999958,1.7583979143405166,-0.4902535559845749,1.0,0.01245859892812483,4.6889393146252285,4.701397913553353
5.83199999999958,1.7574088075009873,-0.4988541540633673,1.0,0.012899559676176862,4.687509247029779,4.700408806705956
5.8339999999995795,1.756402494221127,-0.507460006791188,1.0,0.013348465444887521,4.686054027973675,4.699402493418563
5.835999999999579,1.7553789639292479,-0.51607117632446,1.0,0.013805333623978087,4.684573629495513,4.698378963119491
5.837999999999579,1.7543382059307577,-0.5246877234072422,1.0,0.014270181757023536,4.683068023357133,4.697338205114156
5.839999999999579,1.7532802094110096,-0.5333097073452787,1.0,0.014743027534050164,4.681537181053868,4.696280208587918
5.841999999999579,1.7522049634382055,-0.5419371859799442,1.0,0.015223888783980018,4.679981073825004,4.695204962608984
5.843999999999578,1.7511124569663508,-0.5505702156620861,1.0,0.015712783466920937,4.678399672664447,4.694112456131368
5.845999999999578,1.7500026788382614,-0.559208851225762,1.0,0.016209729666300805,4.676792948331589,4.69300267799789
5.847999999999578,1.748875617788624,-0.5678531459618719,1.0,0.016714745580844754,4.675160871362399,4.691875616943244
5.849999999999578,1.7477312624471086,-0.5765031515916844,1.0,0.017227849516394007,4.673503412080714,4.690731261597108
5.8519999999995775,1.7465696013415346,-0.5851589182402571,1.0,0.017749059877564966,4.671820540609741,4.689569600487307
5.853999999999577,1.7453906229010894,-0.5938204944097502,1.0,0.018278395159247333,4.670112226883787,4.688390622043034
5.855999999999577,1.7441943154596016,-0.6024879269526326,1.0,0.01881587393793986,4.668378440660187,4.687194314598127
5.857999999999577,1.7429806672588668,-0.6111612610447819,1.0,0.019361514862922466,4.666619151531464,4.685980666394386
5.859999999999577,1.7417496664520282,-0.6198405401584747,1.0,0.019915336647263377,4.664834328937698,4.684749665584961
5.861999999999576,1.7405013011070103,-0.6285258060352716,1.0,0.020477358058659977,4.663023942179127,4.683501300237786
5.863999999999576,1.739235559210008,-0.6372170986587923,1.0,0.02104759791011205,4.661187960428948,4.68223555833906
5.865999999999576,1.7379524286690295,-0.6459144562273833,1.0,0.02162607505042617,4.6593263527463735,4.680952427796799
5.867999999999576,1.736651897317495,-0.6546179151266781,1.0,0.022212808354549883,4.657439088089881,4.679651896444431
5.869999999999576,1.7353339529178884,-0.663327509902049,1.0,0.02280781671373441,4.65552613533071,4.6783339520444445
5.871999999999575,1.7339985831654665,-0.6720432732309511,1.0,0.023411119025524597,4.6535874632665815,4.676998582292106
5.873999999999575,1.7326457756920224,-0.6807652358951588,1.0,0.024022734183574885,4.651623040635639,4.6756457748192135
5.875999999999575,1.7312755180697041,-0.6894934267528949,1.0,0.024642681067289923,4.649632836130634,4.674275517197923
5.877999999999575,1.7298877978148905,-0.6982278727108532,1.0,0.02527097853128875,4.647616818413331,4.67288779694462
5.8799999999995745,1.7284826023921216,-0.706968598696114,1.0,0.025907645394691193,4.645574956129161,4.671482601523852
5.881999999999574,1.7270599192180867,-0.7157156276279539,1.0,0.02655270043022535,4.643507217922089,4.670059918352314
5.883999999999574,1.7256197356656675,-0.7244689803895502,1.0,0.027206162353154897,4.641413572449743,4.668619734802897
5.885999999999574,1.7241620390680394,-0.7332286757995802,1.0,0.027868049810025046,4.639293988398758,4.667162038208783
5.887999999999574,1.7226868167228289,-0.7419947305837167,1.0,0.02853838136722606,4.637148434500379,4.665686815867605
5.889999999999573,1.7211940558963275,-0.7507671593460206,1.0,0.029217175499373235,4.634976879546288,4.6641940550456615
5.891999999999573,1.7196837438277643,-0.7595459745402304,1.0,0.029904450577502014,4.632779292404687,4.662683742982189
5.893999999999573,1.7181558677336355,-0.7683311864409512,1.0,0.030600224857077498,4.630555642036614,4.661155866893692
5.895999999999573,1.716610414812091,-0.7771228031147428,1.0,0.031304516465816855,4.628305897512508,4.659610413978325
5.8979999999995725,1.71504737224738,-0.785920830391109,1.0,0.0320173433913241,4.626030028029024,4.658047371420348
5.899999999999572,1.7134667272143538,-0.7947252718333891,1.0,0.03273872346853585,4.623728002926081,4.656466726394617
5.901999999999572,1.7118684668830275,-0.8035361287095529,1.0,0.03346867436697724,4.621399791704179,4.654868466071156
5.903999999999572,1.7102525784232,-0.8123533999629001,1.0,0.03420721357782711,4.619045364041943,4.65325257761977
5.905999999999572,1.7086190490091333,-0.821177082182667,1.0,0.03495435840079152,4.6166646898139385,4.65161904821473
5.907999999999571,1.706967865824289,-0.8300071695745408,1.0,0.03571012593078463,4.614257739108719,4.649967865039504
5.909999999999571,1.7052990160661257,-0.8388436539310833,1.0,0.03647453304441637,4.61182448224714,4.648299015291557
5.911999999999571,1.7036124869509544,-0.847686524602067,1.0,0.03724759638628584,4.609364889800924,4.64661248618721
5.913999999999571,1.7019082657188547,-0.8565357684647239,1.0,0.038029332355079874,4.606878932611467,4.644908264966547
5.9159999999995705,1.7001863396386487,-0.8653913698939107,1.0,0.03881975708947616,4.604366581808923,4.643186338898399
5.91799999999957,1.6984466960129363,-0.8742533107321908,1.0,0.03961888645384988,4.601827808831526,4.641446695285376
5.91999999999957,1.6966893221831896,-0.8831215702598361,1.0,0.0404267360237838,4.599262585445169,4.639689321468953
5.92199999999957,1.6949142055349071,-0.8919961251647518,1.0,0.04124332107138082,4.5966708837632595,4.63791420483464
5.92399999999957,1.6931213335028297,-0.9008769495123251,1.0,0.04206865655037882,4.594052676266804,4.636121332817183
5.925999999999569,1.6913106935762143,-0.9097640147152012,1.0,0.042902757081066986,4.591407935824779,4.634310692905846
5.927999999999569,1.6894822733041714,-0.9186572895029891,1.0,0.04374563693500377,4.588736635714745,4.6324822726497485
5.929999999999569,1.68763606030106,-0.9275567398918998,1.0,0.04459731001953561,4.586038749643722,4.630636059663257
5.931999999999569,1.6857720422519455,-0.9364623291543203,1.0,0.045457789862116404,4.583314251769329,4.628772041631445
5.9339999999995685,1.683890206918118,-0.9453740177883252,1.0,0.046327089594427724,4.580563116721182,4.626890206315609
5.935999999999568,1.6819905421426713,-0.9542917634871309,1.0,0.04720522193629916,4.577785319622551,4.624990541558851
5.937999999999568,1.6800730358561426,-0.9632155211084933,1.0,0.04809219917942923,4.574980836112285,4.623073035291714
5.939999999999568,1.678137676082215,-0.9721452426440548,1.0,0.048988033170906595,4.572149642366985,4.6211376755378915
5.941999999999568,1.67618445094348,-0.9810808771886416,1.0,0.04989273529653157,4.569291715123451,4.619184450419983
5.943999999999567,1.6742133486672617,-0.9900223709095171,1.0,0.05080631646393849,4.566407031701377,4.617213348165316
5.945999999999567,1.672224357591503,-0.9989696670155932,1.0,0.051728787085518584,4.563495570026325,4.615224357111844
5.947999999999567,1.670217466170713,-1.0079227057266051,1.0,0.052660157061144276,4.56055730865294,4.613217465714084
5.949999999999567,1.6681926629819763,-1.0168814242422524,1.0,0.053600435760694794,4.557592226788433,4.6111926625491275
5.9519999999995665,1.6661499367310237,-1.0258457567113102,1.0,0.05454963200638403,4.554600304316329,4.609149936322713
5.953999999999566,1.6640892762583652,-1.034815634200716,1.0,0.05550775405489064,4.551581521820467,4.607089275875358
5.955999999999566,1.6620106705454847,-1.0437909846646356,1.0,0.05647480957929176,4.548535860609262,4.6050106701885545
5.957999999999566,1.659914108721096,-1.0527717329135122,1.0,0.05745080565080054,4.545463302740222,4.6029141083910226
5.959999999999566,1.6577995800674619,-1.0617578005831048,1.0,0.058435748720308406,4.542363831044725,4.600799579765034
5.961999999999565,1.6556670740267738,-1.0707491061035184,1.0,0.05942964459973342,4.539237429153053,4.598667073752786
5.963999999999565,1.6535165802075948,-1.0797455646682337,1.0,0.060432498443175206,4.536084081519676,4.596516579962851
5.965999999999565,1.6513480883913632,-1.0887470882031385,1.0,0.06144431472787809,4.532903773448796,4.594348088176674
5.967999999999565,1.6491615885389588,-1.0977535853355678,1.0,0.062465097235003174,4.52969649112014,4.592161588355143
5.9699999999995645,1.6469570707973313,-1.1067649613633568,1.0,0.06349484903021145,4.5264622216150014,4.589957070645213
5.971999999999564,1.64473452550619,-1.1157811182239143,1.0,0.06453357244405866,4.5232009529425445,4.587734525386603
5.973999999999564,1.6424939432047554,-1.124801954463319,1.0,0.06558126905220397,4.519912674066337,4.585493943118541
5.975999999999564,1.6402353146385729,-1.1338273652054462,1.0,0.06663793965543416,4.516597374931144,4.583235314586578
5.977999999999564,1.6379586307663883,-1.1428572421211318,1.0,0.06770358425950489,4.513255046489962,4.580958630749467
5.979999999999563,1.6356638827670842,-1.1518914733973775,1.0,0.06877820205480102,4.5098856807312995,4.578663882786101
5.981999999999563,1.6333510620466787,-1.1609299437066039,1.0,0.06986179139581883,4.506489270706684,4.5763510621025025
5.983999999999563,1.6310201602453853,-1.169972534175959,1.0,0.07095434978047076,4.5030658105584225,4.574020160338893
5.985999999999563,1.628671169244734,-1.1790191223566888,1.0,0.07205587382921676,4.499615295547593,4.57167116937681
5.987999999999563,1.6263040811747538,-1.1880695821935725,1.0,0.07316635926402355,4.496137722082266,4.5693040813462895
5.989999999999562,1.6239188884212157,-1.197123783994436,1.0,0.07428580088715495,4.492633087745954,4.566918888633109
5.991999999999562,1.6215155836329374,-1.2061815943997438,1.0,0.07541419255979563,4.489101391326299,4.564515583886095
5.993999999999562,1.6190941597291486,-1.2152428763522816,1.0,0.07655152718051185,4.48554263284397,4.562094160024482
5.995999999999562,1.6166546099069161,-1.2243074890669334,1.0,0.07769779666355106,4.481956813581794,4.559654610245345
5.9979999999995615,1.6141969276486299,-1.2333752880005624,1.0,0.07885299191698528,4.478343936114095,4.557196928031081
5.999999999999561,1.6117211067295494,-1.2424461248220022,1.0,0.0800171028206995,4.474704004336256,4.554721107156955
6.001999999999561,1.6092271412254093,-1.2515198473821671,1.0,0.08119011820423076,4.471037023494478,4.552227141698709
6.003999999999561,1.6067150255200853,-1.2605962996842888,1.0,0.0823720258244595,4.4673430002157675,4.549715026040227
6.005999999999561,1.6041847543133185,-1.269675321854286,1.0,0.08356281234315892,4.463621942538095,4.547184754881254
6.00799999999956,1.6016363226285009,-1.2787567501112789,1.0,0.08476246330440476,4.459873859940786,4.544636323245191
6.00999999999956,1.5990697258205167,-1.287840416738253,1.0,0.08597096311185048,4.456098763375078,4.542069726486928
6.01199999999956,1.5964849595836452,-1.2969261500528824,1.0,0.08718829500587202,4.4522966652948766,4.539484960300749
6.01399999999956,1.5938820199595196,-1.3060137743785225,1.0,0.08841444104058657,4.448467579687709,4.536882020728296
6.0159999999995595,1.5912609033451446,-1.3151031100153783,1.0,0.0896493820607499,4.444611522105828,4.534260904166578
6.017999999999559,1.5886216065009717,-1.3241939732118593,1.0,0.09089309767853719,4.440728509697517,4.531621607376055
6.019999999999559,1.5859641265590312,-1.3332861761361297,1.0,0.0921455662502124,4.436818561238547,4.528964127488759
6.021999999999559,1.5832884610311206,-1.3423795268478629,1.0,0.09340676485269157,4.432881697163807,4.526288462016498
6.023999999999559,1.5805946078170503,-1.3514738292702098,1.0,0.09467666926000463,4.428917939599081,4.523594608859086
6.025999999999558,1.5778825652129438,-1.3605688831619906,1.0,0.09595525391966245,4.424927312392991,4.520882566312653
6.027999999999558,1.5751523319195944,-1.3696644840901215,1.0,0.09724249192893408,4.420909841149063,4.518152333077998
6.029999999999558,1.5724039070508762,-1.3787604234022823,1.0,0.09853835501104027,4.416865553257959,4.515403908269
6.031999999999558,1.5696372901422098,-1.3878564881998396,1.0,0.09984281349126965,4.412794477929815,4.512637291421084
6.0339999999995575,1.5668524811590816,-1.3969524613110333,1.0,0.10115583627302362,4.408696646226721,4.509852482499745
6.035999999999557,1.5640494805056173,-1.4060481212644373,1.0,0.10247739081379659,4.404572091095313,4.507049481909109
6.037999999999557,1.5612282890332065,-1.4151432422627048,1.0,0.10380744310109902,4.400420847399477,4.504228290500576
6.039999999999557,1.5583889080491813,-1.4242375941566106,1.0,0.10514595762832846,4.396242951953151,4.501388909581479
6.041999999999557,1.5555313393255452,-1.4333309424193983,1.0,0.10649289737059774,4.392038443553232,4.4985313409238294
6.043999999999556,1.5526555851077546,-1.4424230481214475,1.0,0.10784822376052638,4.387807363012559,4.495655586773085
6.045999999999556,1.549761648123548,-1.451513667905268,1.0,0.10921189666400341,4.3835497531929875,4.492761649856991
6.047999999999556,1.546849531591828,-1.4606025539608354,1.0,0.110583874355929,4.379265659038524,4.4898495333944535
6.049999999999556,1.54391923923159,-1.4696894540012795,1.0,0.11196411349594303,4.374955127608529,4.486919241104472
6.0519999999995555,1.5409707752708992,-1.4787741112389348,1.0,0.11335256910414937,4.370618208110968,4.483970777215117
6.053999999999555,1.5380041444559178,-1.4878562643617685,1.0,0.11474919453684318,4.3662549519357094,4.481004146472553
6.055999999999555,1.535019352059975,-1.4969356475101956,1.0,0.11615394146225093,4.3618654126878615,4.4780193541501125
6.057999999999555,1.532016403892686,-1.5060119902542923,1.0,0.11756675983629156,4.3574496462211245,4.475016406057416
6.059999999999555,1.5289953063091146,-1.5150850175714252,1.0,0.11898759787836767,4.3530077106711635,4.471995308549531
6.061999999999554,1.5259560662189813,-1.5241544498243018,1.0,0.12041640204719697,4.348539666488982,4.468956068536179
6.063999999999554,1.5228986910959135,-1.5332200027394602,1.0,0.12185311701669219,4.344045576474299,4.465898693490991
6.065999999999554,1.5198231889867395,-1.5422813873862091,1.0,0.12329768565190037,4.3395255058089,4.4628231914608
6.067999999999554,1.5167295685208233,-1.5513383101560294,1.0,0.12475004898501116,4.33497952208996,4.459729571074972
6.0699999999995535,1.5136178389194404,-1.5603904727424542,1.0,0.12621014619144377,4.330407695363338,4.456617841554781
6.071999999999553,1.5104880100051938,-1.5694375721214362,1.0,0.12767791456602487,4.325810098156814,4.453488012722839
6.073999999999553,1.5073400922114684,-1.5784793005322186,1.0,0.12915328949926477,4.321186805513263,4.450340095012528
6.075999999999553,1.5041740965919224,-1.5875153454587225,1.0,0.13063620445374732,4.316537895023761,4.447174099477508
6.077999999999553,1.500990034830017,-1.596545389611463,1.0,0.13212659094064003,4.311863446860606,4.443990037801246
6.079999999999552,1.49778791924858,-1.60556911091001,1.0,0.13362437849633943,4.307163543810227,4.4407879223065665
6.081999999999552,1.4945677628194054,-1.6145861824660057,1.0,0.13512949465926136,4.3024382713060065,4.437567765965268
6.083999999999552,1.4913295791728858,-1.623596272566753,1.0,0.13664186494678843,4.297687717460954,4.4343295824077416
6.085999999999552,1.4880733826076764,-1.63259904465939,1.0,0.13816141283238692,4.292911973100258,4.431073385932645
6.0879999999995515,1.4847991881003915,-1.641594157335664,1.0,0.1396880597229052,4.288111131793686,4.427799191516591
6.089999999999551,1.481507011315329,-1.650581264317318,1.0,0.1412217249360667,4.283285289887814,4.424507014823881
6.091999999999551,1.4781968686142253,-1.659560014442108,1.0,0.14276232567816882,4.27843454653808,4.42119687221625
6.093999999999551,1.4748687770660365,-1.6685300516504604,1.0,0.1443097770220032,4.2735590037406475,4.41786878076265
6.095999999999551,1.4715227544567455,-1.6774910149727884,1.0,0.1458639918850073,4.268658766364061,4.414522758249069
6.0979999999995504,1.4681588192991948,-1.6864425385174802,1.0,0.14742488100766393,4.263733942180681,4.411158823188345
6.09999999999955,1.4647769908429416,-1.6953842514595738,1.0,0.14899235293216026,4.258784641897876,4.407776994830036
6.10199999999955,1.461377289084135,-1.7043157780301335,1.0,0.1505663139813208,4.2538109791889696,4.40437729317029
6.10399999999955,1.4579597347754145,-1.7132367375063433,1.0,0.15214666823782896,4.248813070723915,4.400959738961744
6.10599999999955,1.4545243494358269,-1.7221467442023326,1.0,0.1537333175237501,4.243791036199693,4.397524353723443
6.107999999999549,1.4510711553607607,-1.7310454074607469,1.0,0.15532616138037256,4.238744998370401,4.394071159750774
6.109999999999549,1.447600175631897,-1.7399323316450825,1.0,0.15692509704837954,4.233675083077035,4.390600180125414
6.111999999999549,1.444111434127175,-1.7488071161327978,1.0,0.15853001944836767,4.228581419276934,4.387111438725302
6.113999999999549,1.4406049555307703,-1.7576693553092162,1.0,0.1601408211617274,4.223464139072881,4.383604960234608
6.1159999999995485,1.4370807653430842,-1.7665186385622378,1.0,0.16175739241190062,4.218323377741831,4.380080770153732
6.117999999999548,1.4335388898907433,-1.7753545502778743,1.0,0.16337962104602985,4.213159273763266,4.376538894809296
6.119999999999548,1.4299793563366077,-1.7841766698366215,1.0,0.16500739251701688,4.20797196884714,4.372979361364157
6.121999999999548,1.4264021926897839,-1.7929845716106871,1.0,0.16664058986600475,4.202761607961411,4.369402197827416
6.123999999999548,1.4228074278156442,-1.801777824962087,1.0,0.1682790937053003,4.19752833935914,4.3658074330644405
6.125999999999547,1.4191950914458478,-1.8105559942416267,1.0,0.16992278220175286,4.192272314605133,4.362195096806886
6.127999999999547,1.4155652141883637,-1.8193186387887834,1.0,0.1715715310606062,4.1869936886021115,4.358565219662718
6.129999999999547,1.4119178275374928,-1.8280653129325042,1.0,0.1732252135098402,4.181692619616387,4.354917833126227
6.131999999999547,1.4082529638838874,-1.8367955659929345,1.0,0.17488370028501785,4.176369269303045,4.351252969588063
6.1339999999995465,1.404570656524566,-1.8455089422840951,1.0,0.17654685961465696,4.171023802730581,4.3475706623452375
6.135999999999546,1.400870939672922,-1.8542049811175199,1.0,0.17821455720614057,4.165656388404997,4.343870945611138
6.137999999999546,1.3971538484687247,-1.8628832168068719,1.0,0.17988665623218636,4.160267198293339,4.340153854525526
6.139999999999546,1.3934194189881095,-1.8715431786735528,1.0,0.1815630173178895,4.15485640784664,4.33641942516453
6.141999999999546,1.3896676882535555,-1.8801843910533205,1.0,0.18324349852835908,4.14942419602226,4.3326676945506195
6.143999999999545,1.3858986942438498,-1.8888063733039298,1.0,0.18492795535696385,4.143970745305612,4.3288987006625765
6.145999999999545,1.3821124759040349,-1.8974086398138135,1.0,0.1866162407142053,4.138496241731229,4.325112482445434
6.147999999999545,1.3783090731553376,-1.9059907000118164,1.0,0.18830820491723743,4.133000874903173,4.32130907982041
6.149999999999545,1.374488526905078,-1.9145520583779994,1.0,0.19000369568004852,4.127484838014768,4.317488533694816
6.1519999999995445,1.3706508790565546,-1.9230922144555262,1.0,0.19170255810432538,4.1219483278676154,4.313650885971941
6.153999999999544,1.366796172518906,-1.931610662863652,1.0,0.19340463467101665,4.116391544889897,4.309796179560913
6.155999999999544,1.3629244512169445,-1.940106893311823,1.0,0.19510976523261386,4.1108146931539205,4.305924458386534
6.157999999999544,1.3590357601009606,-1.9485803906149066,1.0,0.19681778700616853,4.105217980392918,4.3020357673990866
6.159999999999544,1.3551301451564963,-1.9570306347095643,1.0,0.1985285345670632,4.099601618017035,4.298130152584098
6.161999999999543,1.351207653414084,-1.9654571006717814,1.0,0.20024183984355565,4.093965821128536,4.294207660972091
6.163999999999543,1.3472683329589492,-1.9738592587355706,1.0,0.20195753211211284,4.088310808536167,4.2902683406482796
6.165999999999543,1.3433122329406748,-1.9822365743128592,1.0,0.20367543799355567,4.08263680276868,4.286312240762236
6.167999999999543,1.3393394035828246,-1.9905885080145787,1.0,0.20539538145002986,4.076944030087478,4.282339411537508
6.1699999999995425,1.3353498961925228,-1.9989145156729666,1.0,0.20711718378282398,4.071232720498386,4.278349904281209
6.171999999999542,1.3313437631699885,-2.007214048365097,1.0,0.208840663631051,4.065503107762495,4.2743437713935455
6.173999999999542,1.3273210580180215,-2.0154865524376513,1.0,0.2105656369712135,4.059755429406089,4.270321066377303
6.175999999999542,1.3232818353514366,-2.023731469532943,1.0,0.2122919171176694,4.053989926729612,4.266281843847281
6.177999999999542,1.319226150906446,-2.0319482366162105,1.0,0.2140193147240166,4.048206844815661,4.262226159539678
6.179999999999541,1.3151540615499848,-2.0401362860041905,1.0,0.21574763778541647,4.042406432535999,4.258154070321416
6.181999999999541,1.3110656252889783,-2.048295045394982,1.0,0.2174766916418712,4.03658894255753,4.254065634199401
6.183999999999541,1.3069609012795482,-2.056423937899217,1.0,0.21920627898247624,4.030754631347266,4.249960910329742
6.185999999999541,1.3028399498361556,-2.064522382072547,1.0,0.2209361998506641,4.02490375917622,4.245839959026884
6.1879999999995405,1.2987028324406773,-2.07258979194946,1.0,0.22266625165045628,4.01903659012223,4.241702841772686
6.18999999999954,1.2945496117514128,-2.080625577078435,1.0,0.224396229153744,4.013153392071689,4.237549621225432
6.19199999999954,1.2903803516120207,-2.0886291425584522,1.0,0.226125924508613,4.00725443672015,4.233380361228764
6.19399999999954,1.2861951170603796,-2.0965998890768605,1.0,0.22785512724872903,4.00133999957181,4.229195126820539
6.19599999999954,1.2819939743373723,-2.104537212948623,1.0,0.22958362430380422,3.995410359937822,4.224993984241626
6.197999999999539,1.2777769908955903,-2.1124405061569425,1.0,0.2313112000111593,3.989465800933436,4.2207770009445955
6.199999999999539,1.2735442354079556,-2.1203091563952823,1.0,0.2330376361283972,3.983506609473954,4.216544245602352
6.201999999999539,1.2692957777762572,-2.1281425471107887,1.0,0.23476271184720832,3.9775330762694554,4.212295788116664
6.203999999999539,1.2650316891395987,-2.1359400575491256,1.0,0.23648620380832025,3.9715454958182947,4.208031699626615
6.2059999999995386,1.2607520418827551,-2.1437010628007314,1.0,0.23820788611760982,3.9655441663993534,4.203752052516963
6.207999999999538,1.2564569096444367,-2.1514249338485034,1.0,0.2399275303633928,3.9595293900630013,4.199456920426394
6.209999999999538,1.2521463673254545,-2.1591110376169222,1.0,0.24164490563490668,3.953501472620794,4.195146378255701
6.211999999999538,1.2478204910967867,-2.166758737022619,1.0,0.2433597785420023,3.947460723633837,4.190820502175839
6.213999999999538,1.2434793584075432,-2.174367391026397,1.0,0.24507191323605798,3.941407456399839,4.186479369635897
6.2159999999995375,1.2391230479928235,-2.1819363546867123,1.0,0.24678107143213243,3.935341987938821,4.182123059370953
6.217999999999537,1.2347516398814669,-2.1894649792146175,1.0,0.24848701243236881,3.929264638977455,4.177751651409824
6.219999999999537,1.230365215403691,-2.1969526120301817,1.0,0.25018949315066497,3.923175733932038,4.173365227082703
6.221999999999537,1.2259638571986164,-2.2043985968203836,1.0,0.25188826813862353,3.917075600890066,4.16896386902869
6.223999999999537,1.2215476492216732,-2.2118022735984892,1.0,0.253583089612792,3.9109645715903967,4.164547661203189
6.225999999999536,1.2171166767518882,-2.2191629787649143,1.0,0.25527370748321065,3.9048429814019943,4.160116688885205
6.227999999999536,1.2126710263990483,-2.2264800451695788,1.0,0.25695986938327486,3.8987111693012246,4.155671038684499
6.229999999999536,1.2082107861107383,-2.2337528021757547,1.0,0.25864132070092727,3.892569477847706,4.151210798548633
6.231999999999536,1.2037360451792483,-2.240980575725411,1.0,0.2603178046111887,3.886418253158682,4.14673605776987
6.2339999999995355,1.1992468942483505,-2.2481626884060577,1.0,0.26198906211004075,3.8802578448819185,4.142246906991959
6.235999999999535,1.1947434253199396,-2.2552984595190924,1.0,0.2636548320496673,3.874088606167101,4.137743438216768
6.237999999999535,1.1902257317605356,-2.2623872051496474,1.0,0.2653148511750672,3.8679108936357243,4.133225744810791
6.239999999999535,1.1856939083076452,-2.2694282382379423,1.0,0.2669688541620458,3.861725067349463,4.128693921511509
6.241999999999535,1.1811480510759786,-2.2764208686521394,1.0,0.2686165736565934,3.855531490777012,4.124148064433605
6.243999999999534,1.1765882575635205,-2.283364403262701,1.0,0.27025774031566097,3.849330530759376,4.119588271075037
6.245999999999534,1.172014626657449,-2.290258146018252,1.0,0.2718920828493358,3.84312255747362,4.115014640322956
6.247999999999534,1.1674272586399022,-2.2971013980229382,1.0,0.27351932806442986,3.8369079443950413,4.1104272724594715
6.249999999999534,1.162826255193589,-2.303893457615288,1.0,0.27513920090947996,3.8306870682577863,4.105826269167267
6.2519999999995335,1.1582117194072405,-2.310633620448566,1.0,0.2767514245211715,3.824460309013871,4.101211733535043
6.253999999999533,1.1535837557808977,-2.3173211795726196,1.0,0.2783557202721859,3.8182280497906262,4.0965837700628125
6.255999999999533,1.1489424702310362,-2.323955425517214,1.0,0.2799518078204771,3.8119906768465466,4.091942484667023
6.257999999999533,1.1442879700955217,-2.3305356463768487,1.0,0.2815394051599818,3.805748579525531,4.087287984685513
6.259999999999533,1.1396203641383946,-2.337061127897053,1.0,0.2831182286727631,3.799502150209526,4.0826203788822895
6.261999999999532,1.13493976255448,-2.3435311535621497,1.0,0.2846879931825913,3.7932517842695614,4.077939777452153
6.263999999999532,1.1302462769738209,-2.349945004684489,1.0,0.2862484120099621,3.7869978800151514,4.073246292025114
6.265999999999532,1.1255400204659327,-2.3563019604951343,1.0,0.2877991970285529,3.7807408386421044,4.068540035670657
6.267999999999532,1.1208211075438732,-2.3626012982359965,1.0,0.28934005872311575,3.7744810641786968,4.063821122901812
6.2699999999995315,1.1160896541681276,-2.3688422932534126,1.0,0.29087070624880534,3.7682189634302286,4.059089669679034
6.271999999999531,1.1113457777503049,-2.3750242190931496,1.0,0.2923908474919412,3.7619549459219583,4.0543457934139
6.273999999999531,1.1065895971566428,-2.3811463475968324,1.0,0.2939001891321994,3.755689423840418,4.049589612972618
6.275999999999531,1.1018212327113188,-2.387207948999776,1.0,0.2953984367062304,3.749422811973104,4.044821248679335
6.277999999999531,1.0970408061995633,-2.393208292030219,1.0,0.2968852946726981,3.7431555276465502,4.0400408223192485
6.27999999999953,1.0922484408705735,-2.3991466440099374,1.0,0.2983604664787349,3.736887990662791,4.035248457141526
6.28199999999953,1.0874442614402247,-2.4050222709562337,1.0,0.2998236546278033,3.730620623234209,4.030444277862013
6.28399999999953,1.0826283940935761,-2.410834437685279,1.0,0.3012745607489624,3.7243538499167714,4.025628410665734
6.28599999999953,1.0778009664871686,-2.4165824079168012,1.0,0.30271288566752275,3.7180880975416786,4.0208009832092015
6.2879999999995295,1.0729621077511118,-2.422265444380096,1.0,0.3041383294770865,3.7118237951454036,4.01596212462249
6.289999999999529,1.0681119484909576,-2.427882808921353,1.0,0.30555059161296083,3.7055613738981625,4.011111965511123
6.291999999999529,1.0632506207893586,-2.4334337626122693,1.0,0.30694937092693036,3.6993012670307897,4.00625063795772
6.293999999999529,1.0583782582075068,-2.438917565859947,1.0,0.30833436576337975,3.6930439097600622,4.001378275523442
6.295999999999529,1.053494995786352,-2.444333478518039,1.0,0.3097052740367522,3.686789739212453,3.996495013249205
6.297999999999528,1.048600970047597,-2.4496807599991386,1.0,0.3110617933103268,3.6805391943463546,3.9916009876566814
6.299999999999528,1.0436963189944652,-2.4549586693883847,1.0,0.3124036208763051,3.6742927158727574,3.9866963367490627
6.301999999999528,1.0387811821122426,-2.4601664655582645,1.0,0.3137304538371822,3.668050746174419,3.9817812000116013
6.303999999999528,1.0338557003685853,-2.46530340728459,1.0,0.3150419891883954,3.6618137292235273,3.976855718411923
6.3059999999995275,1.0289200162135974,-2.4703687533636303,1.0,0.31633792390222004,3.655582110497879,3.971920034400099
6.307999999999527,1.0239742735796717,-2.4753617627303695,1.0,0.31761795501290596,3.6493563368955857,3.9669742919084916
6.309999999999527,1.0190186178810927,-2.4802816945778745,1.0,0.3188817797030216,3.64313685664833,3.9620186363513517
6.311999999999527,1.0140531960134003,-2.485127808477743,1.0,0.3201290953909944,3.636924119233195,3.9570532146241892
6.313999999999527,1.0090781563525117,-2.4898993645016043,1.0,0.32135959981981754,3.6307185752830695,3.952078175102887
6.315999999999526,1.004093648753599,-2.494595623343655,1.0,0.3225729911469047,3.6245206764956834,3.947093667642588
6.317999999999526,0.99909982454972,-2.499215846444192,1.0,0.3237689680350657,3.618330875541251,3.9420998435763166
6.319999999999526,0.9940968365502024,-2.5037592961141257,1.0,0.3249472297445759,3.6121496259687946,3.9370968557133708
6.321999999999526,0.9890848390387771,-2.5082252356604355,1.0,0.3261074762263164,3.6059773821111327,3.9320848583374493
6.323999999999526,0.9840639877714594,-2.5126129295125463,1.0,0.32724940821595483,3.599814598988581,3.9270640072045357
6.325999999999525,0.9790344399741776,-2.516921643349591,1.0,0.32837272732913697,3.5936617322113915,3.9220344595405283
6.327999999999525,0.9739963543401452,-2.5211506442285305,1.0,0.3294771361576629,3.5875192378809464,3.916996374038609
6.329999999999525,0.9689498910269766,-2.525299200713101,1.0,0.3305623383666126,3.5813875724897497,3.9119499108563622
6.331999999999525,0.9638952116535439,-2.529366583003554,1.0,0.331628038792392,3.5752671928202373,3.906895231612629
6.3339999999995245,0.9588324792965733,-2.533352063067157,1.0,0.3326739435416657,3.569158555842441,3.9018324993841063
6.335999999999524,0.9537618584869807,-2.537254914769426,1.0,0.33369976009114305,3.563062118610536,3.896761878701679
6.337999999999524,0.9486835152059422,-2.541074414006047,1.0,0.3347051973881794,3.556978338158314,3.891683535546494
6.339999999999524,0.9435976168807023,-2.5448098388354614,1.0,0.3356899659521626,3.550907671393604,3.8865976373457665
6.341999999999524,0.9385043323801149,-2.548460469612074,1.0,0.33665377797664264,3.544850574991677,3.88150435296832
6.343999999999523,0.9334038320099174,-2.552025589120048,1.0,0.33759634743216715,3.5388075052876977,3.8764038527198648
6.345999999999523,0.9282962875077375,-2.555504482707653,1.0,0.3385173901697877,3.5327789181682103,3.871296308337998
6.347999999999523,0.9231818720378298,-2.5588964384221287,1.0,0.3394166240251918,3.5267652689617566,3.8661818929869485
6.349999999999523,0.9180607601855426,-2.562200747145023,1.0,0.3402937689234253,3.5207670123286094,3.861060781252035
6.3519999999995225,0.9129331279515139,-2.5654167027279704,1.0,0.34114854698415786,3.51478460214971,3.8559331491338678
6.353999999999522,0.9077991527455948,-2.568543602128869,1.0,0.3419806826274538,3.5088184914148166,3.8507991740422702
6.355999999999522,0.9026590133805004,-2.571580745548418,1.0,0.34278990268000237,3.5028691321099306,3.845659034789933
6.357999999999522,0.8975128900651879,-2.5745274365669757,1.0,0.3435759364817639,3.4969369751040205,3.840512911585784
6.359999999999522,0.8923609643979595,-2.577382982281697,1.0,0.3443385159929853,3.4910224700351167,3.835360986028102
6.361999999999521,0.8872034193592923,-2.5801466934439095,1.0,0.3450773759015428,3.485126065195794,3.8302034410973365
6.363999999999521,0.8820404393043915,-2.5828178845966865,1.0,0.3457922537305596,3.479248207418109,3.8250404611486686
6.365999999999521,0.8768722099554699,-2.585395874212576,1.0,0.346482889946256,3.4733893419580295,3.8198722319042853
6.367999999999521,0.8716989183937508,-2.5878799848314427,1.0,0.34714902806597997,3.4675499123794067,3.814698940445387
6.3699999999995205,0.8665207530511955,-2.590269543198379,1.0,0.34779041476637185,3.4617303604375373,3.809520775203909
6.37199999999952,0.8613379037019548,-2.592563880401645,1.0,0.34840679999161167,3.4559311259623695,3.8043379259539813
6.37399999999952,0.8561505614535453,-2.5947623320105913,1.0,0.34899793706169985,3.4501526467413957,3.7991505838030957
6.37599999999952,0.8509589187377484,-2.5968642382135187,1.0,0.34956358278071925,3.4443953584022933,3.7939589411830124
6.37799999999952,0.8457631693012356,-2.5988689439554378,1.0,0.35010349754502756,3.4386596942953527,3.7887631918403804
6.379999999999519,0.8405635081959166,-2.6007757990756764,1.0,0.3506174454513274,3.4329460853757614,3.783563530827089
6.381999999999519,0.8353601317690139,-2.602584158445294,1.0,0.351105194404562,3.4272549600857762,3.778360154490338
6.383999999999519,0.8301532376528616,-2.604293382104255,1.0,0.35156651622558227,3.4215867442368606,3.773153260462443
6.385999999999519,0.8249430247544309,-2.605902835398322,1.0,0.35200118675853126,3.4159418608918233,3.7679430476503546
6.3879999999995185,0.819729693244582,-2.6074118891156135,1.0,0.35240898597789333,3.410320730247021,3.7627297162249143
6.389999999999518,0.8145134445470428,-2.6088199196227895,1.0,0.35278969809515204,3.4047237695146793,3.757513467609831
6.391999999999518,0.8092944813271162,-2.6101263090008153,1.0,0.35314311166499984,3.3991513928053907,3.7522945044703904
6.393999999999518,0.8040730074801162,-2.6113304451802555,1.0,0.35346901969104977,3.3936040110108383,3.747073030701888
6.395999999999518,0.7988492281195336,-2.6124317220760553,1.0,0.35376721973098574,3.3880820316868134,3.7418492514177992
6.397999999999517,0.7936233495649331,-2.6134295397217624,1.0,0.35403751400110217,3.3825858589365696,3.7366233729376717
6.399999999999517,0.788395579329582,-2.614323304403141,1.0,0.354279709480172,3.3771158932945853,3.7313956027747572
6.401999999999517,0.7831661261078136,-2.615112428791134,1.0,0.35449361801258983,3.371672531610784,3.726166149623374
6.403999999999517,0.7779351997621232,-2.6157963320741264,1.0,0.35467905641073016,3.366256166935273,3.7209352233460034
6.4059999999995165,0.7727030113100027,-2.6163744400894613,1.0,0.35483584655646777,3.3608671884036556,3.715703034960123
6.407999999999516,0.7674697729105112,-2.616846185454167,1.0,0.3549638155017996,3.355505981122981,3.7104697966247806
6.409999999999516,0.7622356978505858,-2.6172110076948436,1.0,0.35506279556851394,3.3501729260583843,3.7052357216268983
6.411999999999516,0.7570010005310929,-2.6174683533766685,1.0,0.3551326244468487,3.3448683999204842,3.700001024367333
6.413999999999516,0.7517658964526236,-2.6176176762314687,1.0,0.3551731452930822,3.339592775053581,3.694765920346663
6.415999999999515,0.7465306022010326,-2.61765843728482,1.0,0.35518420682599966,3.334346419324734,3.689530626150734
6.417999999999515,0.7412953354327244,-2.617590104982124,1.0,0.3551656634221778,3.3291296960137617,3.6842953594359393
6.419999999999515,0.7360603148596887,-2.6174121553136196,1.0,0.35511737521003467,3.3239429637042255,3.67906033891426
6.421999999999515,0.7308257602342865,-2.6171240719382793,1.0,0.35503920816258033,3.31878657617547,3.67382578433805
6.4239999999995145,0.7255918923337897,-2.6167253463065543,1.0,0.3549310341888239,3.313660882295747,3.668591916484571
6.425999999999514,0.7203589329446767,-2.616215477781914,1.0,0.3547927312237696,3.308566225916526,3.6633589571402956
6.427999999999514,0.7151271048466852,-2.615593973761143,1.0,0.35462418331695517,3.3035029457679994,3.6581271290849546
6.429999999999514,0.7098966317966269,-2.6148603497933474,1.0,0.3544252807194721,3.2984713753558834,3.6528966560753555
6.431999999999514,0.7046677385119648,-2.6140141296976305,1.0,0.35419591996941613,3.2934718428595375,3.6476677628289536
6.433999999999513,0.6994406506541568,-2.61305484567939,1.0,0.3539360039757117,3.2885046710314927,3.6424406750072045
6.435999999999513,0.6942155948117678,-2.611982038445202,1.0,0.35364544210025967,3.2835701770984076,3.6372156191986673
6.437999999999513,0.6889927984833534,-2.6107952573162385,1.0,0.3533241502383511,3.278668672663545,3.6319928229018963
6.439999999999513,0.6837724900601192,-2.609494060340191,1.0,0.3529720508972999,3.2738004636107934,3.6267725145080933
6.441999999999513,0.6785548988083567,-2.6080780144016438,1.0,0.35258907327323596,3.2689658500103125,3.6215549232835484
6.443999999999512,0.6733402548516606,-2.6065466953308714,1.0,0.3521751533260145,3.264165126025841,3.6163402793518555
6.445999999999512,0.6681287891529298,-2.6048996880110065,1.0,0.35173023385218655,3.2593985798237273,3.6111288136759137
6.447999999999512,0.6629207334961562,-2.6031365864835516,1.0,0.3512542645559836,3.2546664934837293,3.605920758039713
6.449999999999512,0.6577163204680034,-2.6012569940521857,1.0,0.3507472021182626,3.2499691429116564,3.600716345029919
6.4519999999995115,0.6525157834391805,-2.599260523384835,1.0,0.35020901026337414,3.2453067977538677,3.595515808017242
6.453999999999511,0.6473193565456126,-2.5971467966139663,1.0,0.34963965982389345,3.2406797213137155,3.590319381137609
6.455999999999511,0.6421272746694132,-2.5949154454350687,1.0,0.3490391288031771,3.236088170469959,3.585127299273136
6.457999999999511,0.6369397734196611,-2.592566111203288,1.0,0.3484074024356984,3.231532395597208,3.5799397980329064
6.459999999999511,0.6317570891129861,-2.5900984450281777,1.0,0.3477444732451162,3.227012640488436,3.574757113733552
6.46199999999951,0.6265794587539668,-2.58751210786653,1.0,0.3470503411000334,3.222529142279624,3.5695794833796572
6.46399999999951,0.6214071200153453,-2.584806770613264,1.0,0.34632501326740556,3.2180821313765633,3.564407144643969
6.46599999999951,0.6162403112180611,-2.5819821141903203,1.0,0.3455685044635586,3.213671831383873,3.5592403358474316
6.46799999999951,0.6110792713111107,-2.5790378296335517,1.0,0.34478083690277206,3.209298459036277,3.554079295939049
6.4699999999995095,0.6059242398512339,-2.575973618177561,1.0,0.34396204034339534,3.2049622241321716,3.5489242644755667
6.471999999999509,0.6007754569824333,-2.5727891913384675,1.0,0.34311215213145557,3.2006633294695406,3.543775481600996
6.473999999999509,0.5956331634153303,-2.569484270994568,1.0,0.34223121724172156,3.1964019707842435,3.538633188025965
6.475999999999509,0.5904976004063623,-2.566058589464869,1.0,0.3413192883161914,3.1921783366907297,3.533497625006921
6.477999999999509,0.5853690097368238,-2.5625118895854535,1.0,0.3403764256999688,3.1879926086251973,3.528369034325166
6.479999999999508,0.5802476336917581,-2.5588439247836723,1.0,0.3394026974744953,3.1838449607912587,3.523247658265754
6.481999999999508,0.5751337150387025,-2.555054459150117,1.0,0.3383981794881107,3.179735560108121,3.518133739596232
6.483999999999508,0.5700274970062913,-2.5511432675083667,1.0,0.3373629553839088,3.175664566161335,3.5130275215452436
6.485999999999508,0.5649292232627225,-2.547110135482471,1.0,0.33629711662486533,3.171632131156134,3.5079292477809996
6.4879999999995075,0.559839137894091,-2.5429548595621627,1.0,0.3352007625162066,3.167638399873399,3.5028391623896056
6.489999999999507,0.5547574853825937,-2.538677247165766,1.0,0.3340740002249999,3.1636835096282705,3.4977575098532703
6.491999999999507,0.5496845105846119,-2.5342771167007876,1.0,0.3329169447969362,3.1597675902314513,3.4926845350283875
6.493999999999507,0.5446204587086735,-2.5297542976221727,1.0,0.3317297191702903,3.1558907639532077,3.487620483123498
6.495999999999507,0.5395655752933027,-2.5251086304882047,1.0,0.3305124541870316,3.1520531454901075,3.482565599677139
6.497999999999506,0.534520106184759,-2.5203399670140345,1.0,0.3292652886010728,3.148254841934512,3.4775201305355847
6.499999999999506,0.5294842975146715,-2.5154481701228244,1.0,0.32798836908363604,3.144495952746841,3.472484321830477
6.501999999999506,0.5244583956775746,-2.5104331139944933,1.0,0.32668185022572155,3.1407765697306433,3.467458419956365
6.503999999999506,0.519442647308347,-2.505294684112047,1.0,0.32534589453766677,3.137096777010475,3.462442671548142
6.5059999999995055,0.5144372992595616,-2.5000327773054867,1.0,0.323980672445783,3.133456651012614,3.4574373234583966
6.507999999999505,0.5094425985787496,-2.4946473017932815,1.0,0.3225863622860582,3.1298562604486175,3.452442622734676
6.509999999999505,0.5044587924855841,-2.489138177221398,1.0,0.32116315029491954,3.1262956663017474,3.447458816596667
6.511999999999505,0.49948612834898787,-2.483505334699877,1.0,0.3197112305970458,3.1227749218162644,3.44248615241331
6.513999999999505,0.49452485366417104,-2.477748716836952,1.0,0.3182308051902273,3.119294072489604,3.4375248776798313
6.515999999999504,0.48957521602960247,-2.471868277770702,1.0,0.31672208392726636,3.1158531560674505,3.432575239994717
6.517999999999504,0.4846374631239205,-2.465863983198238,1.0,0.3151852844949203,3.112452202541701,3.427637487036621
6.519999999999504,0.47971184268278766,-2.4597358104024134,1.0,0.313620632389882,3.1090912341513417,3.4227118665412237
6.521999999999504,0.47479860247569483,-2.453483748276062,1.0,0.3120283608918038,3.1057702653862305,3.417798626278034
6.5239999999995035,0.4698979902827187,-2.447107797343761,1.0,0.31040871103336476,3.1024893029937806,3.4128980140271454
6.525999999999503,0.4650102538712389,-2.440607969781119,1.0,0.30876193156738657,3.0992483459885682,3.4080102775559546
6.527999999999503,0.4601356409726185,-2.4339842894315873,1.0,0.3070882789310078,3.096047385664836,3.403135664595844
6.529999999999503,0.45527439925885377,-2.4272367918208055,1.0,0.30538801720691716,3.0928864056119107,3.3982744228188277
6.531999999999503,0.4504267763191973,-2.420365524168475,1.0,0.30366141808166586,3.089765381732511,3.3934267998141765
6.533999999999502,0.4455930196367603,-2.4133705453977754,1.0,0.30190876080105905,3.086684282263961,3.38859304306502
6.535999999999502,0.440773376565098,-2.406251926142319,1.0,0.3001303321226508,3.0836430678022815,3.3837733999249324
6.537999999999502,0.43596809430478417,-2.399009748750665,1.0,0.2983264262653471,3.0806416913291583,3.378968117594505
6.539999999999502,0.4311774198799784,-2.391644107288386,1.0,0.29649734485614143,3.077680098241776,3.3741774430979175
6.5419999999995015,0.4264016001149923,-2.3841551075377114,1.0,0.29464339687399455,3.074758226385505,3.3694016232595
6.543999999999501,0.42164088161085855,-2.376542866994746,1.0,0.2927648985908831,3.0718760060894206,3.3646409046803036
6.545999999999501,0.41689551072190784,-2.3688075148642853,1.0,0.2908621735100345,3.069033360204644,3.3598955337146785
6.547999999999501,0.4121657335323586,-2.360949192052236,1.0,0.2889355523013727,3.0662302041454894,3.355165756446862
6.549999999999501,0.40745179583292446,-2.352968051155656,1.0,0.2869853727341984,3.0634664459333885,3.3504518186675867
6.5519999999995004,0.402753943097444,-2.3448642564504305,1.0,0.285011979607129,3.060741986243582,3.345753965850711
6.5539999999995,0.3980724204595371,-2.3366379838766007,1.0,0.28301572467532765,3.0580567184545453,3.341072443129873
6.5559999999995,0.3934074726892934,-2.328289421021362,1.0,0.28099696657504736,3.055410528700134,3.336407495275181
6.5579999999995,0.38875934416999686,-2.31981876709975,1.0,0.27895607074552115,3.052803295924418,3.3317593666699388
6.5599999999995,0.3841282788748914,-2.3112262329330346,1.0,0.2768934093482309,3.0502348919391786,3.3271283012874093
6.561999999999499,0.37951452034399197,-2.302512040924841,1.0,0.2748093611835877,3.047705181484038,3.322514542667626
6.563999999999499,0.3749183116609453,-2.2936764250350246,1.0,0.27270431160505476,3.0452140222892,3.3179183338942546
6.565999999999499,0.3703398954299458,-2.284719630751314,1.0,0.2705786524307557,3.042761265140753,3.3133399175715086
6.567999999999499,0.3657795137527096,-2.2756419150587517,1.0,0.26843278185259556,3.0403467539485267,3.308779535801122
6.5699999999994985,0.36123740820551287,-2.266443546406959,1.0,0.2662671043429414,3.0379703258164494,3.304237430159391
6.571999999999498,0.3567138198162966,-2.2571248046752403,1.0,0.26408203055889695,3.0356318111153775,3.2997138416742744
6.573999999999498,0.35220898904184417,-2.2476859811355654,1.0,0.2618779772442139,3.0333310335583588,3.295209010802573
6.575999999999498,0.34772315574503493,-2.238127378413448,1.0,0.25965536712888015,3.031067810278305,3.2907231774071852
6.577999999999498,0.34325655917217773,-2.2284493104467553,1.0,0.25741462882643024,3.0288419519080083,3.2862565807344386
6.579999999999497,0.33880943793042917,-2.2186521024424697,1.0,0.2551561967290195,3.026653262662487,3.2818094593915066
6.581999999999497,0.33438202996530036,-2.2087360908314406,1.0,0.252880510900309,3.0245015404236093,3.2773820513239182
6.583999999999497,0.329974572538256,-2.198701623221151,1.0,0.2505880169662058,3.022386576826951,3.272974593793157
6.585999999999497,0.32558730220441007,-2.1885490583465312,1.0,0.24827916600350775,3.0203081573508457,3.268587323354353
6.5879999999994965,0.3212204547903216,-2.178278766018856,1.0,0.24595441442649743,3.0182660614075862,3.2642204758340836
6.589999999999496,0.3168742653718948,-2.167891127072749,1.0,0.2436142238715385,3.0162600624367313,3.25987428630827
6.591999999999496,0.31254896825238676,-2.157386533311337,1.0,0.24125906107972,3.014289928000465,3.255548989080185
6.593999999999496,0.308244796940527,-2.1467653874495847,1.0,0.2388893977776024,3.0123554198809734,3.2512448176585758
6.595999999999496,0.3039619841287517,-2.1360281030558377,1.0,0.23650571055611538,3.0104562941797806,3.246962004735896
6.597999999999495,0.2997007616715571,-2.1251751044916234,1.0,0.23410848074765944,3.008592301418996,3.2427007821666556
6.599999999999495,0.29546136056397465,-2.114206826849732,1.0,0.23169819430146416,3.0067631866444393,3.2384613809459033
6.601999999999495,0.2912440109201717,-2.10312371589062,1.0,0.22927534165725755,3.0049686895305654,3.234244031187823
6.603999999999495,0.28704894195218145,-2.0919262279771735,1.0,0.2268404176172993,3.0032085444871632,3.2300489621044624
6.6059999999994945,0.2828763819487643,-2.0806148300078666,1.0,0.22439392121683235,3.001482480767766,3.225876401984598
6.607999999999494,0.27872655825440507,-2.069189999348353,1.0,0.2219363555930109,2.9997902225797186,3.2217265781727296
6.609999999999494,0.2745996972484482,-2.0576522237615302,1.0,0.2194682278523558,2.99813148919586,3.217599717048216
6.611999999999494,0.27049602432437453,-2.046002001336113,1.0,0.21699004893679782,2.9965059950677553,3.213496044004553
6.613999999999494,0.2664157638692223,-2.0342398404137576,1.0,0.21450233348836215,2.9949134499404306,3.209415783428793
6.615999999999493,0.2623591392431551,-2.0223662595147722,1.0,0.21200559971255326,2.9933535589685607,3.205359158681114
6.617999999999493,0.2583263727591805,-2.010381787262458,1.0,0.2095003692404955,2.9918260228340414,3.2013263920745367
6.619999999999493,0.2543176856630203,-1.9982869623061157,1.0,0.206987166989888,2.99033053786491,3.197317704854798
6.621999999999493,0.25033329811313687,-1.9860823332427613,1.0,0.2044665210248314,2.98886679615554,3.1933333171803713
6.6239999999994925,0.246373429160917,-1.9737684585375903,1.0,0.201938962414583,2.987434485688076,3.1893734481026588
6.625999999999492,0.2424382967310162,-1.9613459064432295,1.0,0.1994050250913007,2.9860332904550275,3.185438315546328
6.627999999999492,0.23852811760186535,-1.9488152549178186,1.0,0.19686524570683245,2.9846628905829897,3.1815281362898222
6.629999999999492,0.2346431073863427,-1.9361770915419625,1.0,0.19432016348860762,2.9833229624574233,3.177643125946031
6.631999999999492,0.23078348051261285,-1.923432013434593,1.0,0.191770320094692,2.9820131788484407,3.173783498943133
6.633999999999491,0.22694945020513513,-1.9105806271677832,1.0,0.18921625946806295,2.9807332090375347,3.169949468505598
6.635999999999491,0.2231412284658433,-1.8976235486805544,1.0,0.1866585276901616,2.9794827189452096,3.1661412466353713
6.637999999999491,0.2193590260554987,-1.8845614031917164,1.0,0.18409767283378176,2.978261371259444,3.1623590440932254
6.639999999999491,0.21560305247521858,-1.8713948251117822,1.0,0.1815342448153534,2.977068825564937,3.1586030703802903
6.6419999999994905,0.21187351594818155,-1.8581244579539984,1.0,0.17896879524667725,2.975904738473077,3.154873533719754
6.64399999999949,0.20817062340151174,-1.8447509542445308,1.0,0.17640187728616974,2.974768763752581,3.1511706410387506
6.64599999999949,0.2044945804483435,-1.831274975431848,1.0,0.17383404548967304,2.973660552460753,3.147494597950426
6.64799999999949,0.20084559137006805,-1.8176971917953408,1.0,0.17126585566089036,2.9725797530752898,3.1438456087361804
6.64999999999949,0.19722385909876353,-1.8040182823532203,1.0,0.1686978647015005,2.9715260116266022,3.1402238763281027
6.651999999999489,0.1936295851998102,-1.7902389347697323,1.0,0.16613063046101006,2.9704989718305725,3.1366296022915825
6.653999999999489,0.19006296985469148,-1.7763598452617313,1.0,0.16356471158639746,2.9694982752217145,3.133062986808112
6.655999999999489,0.1865242118439829,-1.7623817185046498,1.0,0.16100066737160537,2.968523561286672,3.1295242286582776
6.657999999999489,0.18301350853052928,-1.7483052675379054,1.0,0.15843905760693755,2.9675744675979923,3.1260135252049297
6.6599999999994886,0.17953105584281184,-1.7341312136697833,1.0,0.15588044242841217,2.9666506299481497,3.122531072376562
6.661999999999488,0.17607704825850598,-1.7198602863818333,1.0,0.1533253821671292,2.9657516824837264,3.1190770646508557
6.663999999999488,0.17265167878823076,-1.7054932232328197,1.0,0.15077443719870176,2.964877257839738,3.11565169503844
6.665999999999488,0.16925513895949088,-1.6910307697622624,1.0,0.14822816779280842,2.9640269872740177,3.1122551550668263
6.667999999999488,0.16588761880081182,-1.6764736793936064,1.0,0.14568713396291563,2.963200500801633,3.1088876347645487
6.6699999999994874,0.16254930682606927,-1.6618227133370564,1.0,0.14315189531622435,2.962397427329267,3.105549322645491
6.671999999999487,0.15924039001901294,-1.647078640492116,1.0,0.1406230109038914,2.9616173947895184,3.1022404056934096
6.673999999999487,0.15596105381798558,-1.6322422373498635,1.0,0.13810103907157603,2.960860030275079,3.098961069346655
6.675999999999487,0.1527114821008379,-1.6173142878950033,1.0,0.13558653731036194,2.9601249601727235,3.0957114974830855
6.677999999999487,0.14949185717003932,-1.6022955835077277,1.0,0.13308006210810414,2.9594118102970737,3.0924918724051778
6.679999999999486,0.14630235973798528,-1.5871869228654227,1.0,0.13058216880124945,2.958720206024083,3.0893023748253325
6.681999999999486,0.14314316891250123,-1.571989111844253,1.0,0.12809341142717695,2.9580497724242067,3.0861431838513838
6.683999999999486,0.14001446218254363,-1.5567029634206595,1.0,0.1256143425771083,2.9574001343951863,3.0830144769722945
6.685999999999486,0.13691641540409788,-1.5413292975728026,1.0,0.12314551324963176,2.956770916794423,3.079916430044055
6.6879999999994855,0.13384920278627355,-1.5258689411819828,1.0,0.12068747270488606,2.9561617445708963,3.0768492172757824
6.689999999999485,0.13081299687759654,-1.510322727934072,1.0,0.11824076831945013,2.9555722428965585,3.0738130112160085
6.691999999999485,0.12780796855249857,-1.4946914982209853,1.0,0.1158059454419812,2.9550020372971906,3.0708079827391717
6.693999999999485,0.12483428699800357,-1.4789760990422245,1.0,0.11338354724964492,2.954450753782657,3.067834301032302
6.695999999999485,0.12189211970061083,-1.4631773839065219,1.0,0.11097411460538063,2.953918018976523,3.0648921335819033
6.697999999999484,0.1189816324333748,-1.447296212733616,1.0,0.10857818591604117,2.9534034602449957,3.061981646161037
6.699999999999484,0.1161029892431812,-1.4313334517561853,1.0,0.10619629699145042,2.952906705825144,3.0591030028165944
6.701999999999484,0.11325635243821904,-1.415289973421968,1.0,0.10382898090441706,2.9524273849523537,3.056256365856771
6.703999999999484,0.11044188257564819,-1.3991666562960963,1.0,0.101476767851743,2.951965127986987,3.05344189583873
6.7059999999994835,0.10765973844946207,-1.3829643849636695,1.0,0.0991401850162653,2.951519566540207,3.050659751556472
6.707999999999483,0.10491007707854495,-1.3666840499325925,1.0,0.09681975642996907,2.9510903335989185,3.0479100900288874
6.709999999999483,0.10219305369492321,-1.3503265475367048,1.0,0.09451600283820669,2.9506770636498003,3.045193066488007
6.711999999999483,0.09950882173221011,-1.3338927798392217,1.0,0.09222944156505941,2.9502793928023903,3.0425088343674496
6.713999999999483,0.09685753281424334,-1.3173836545365145,1.0,0.089960586379876,2.9498969589111823,3.039857545291058
6.715999999999482,0.09423933674391458,-1.3008000848622474,1.0,0.08770994736502156,2.9495294016967093,3.0372393490617307
6.717999999999482,0.0916543814921905,-1.2841429894918979,1.0,0.08547803078486978,2.9491763628655674,3.0346543936504373
6.719999999999482,0.0891028131873243,-1.2674132924476762,1.0,0.08326533895607026,2.9488374862293685,3.0321028251854387
6.721999999999482,0.08658477610425688,-1.2506119230038673,1.0,0.08107237011912262,2.9485124178225566,3.0295847879416793
6.7239999999994815,0.0841004126542071,-1.233739815592613,1.0,0.0788996183112862,2.9482008060190985,3.0271004243303845
6.725999999999481,0.08164986337444984,-1.216797909710153,1.0,0.07674757324085604,2.947902301647978,3.0246498748888344
6.727999999999481,0.07923326691828116,-1.1997871498235413,1.0,0.0746167201628331,2.9476165581074962,3.0222332782703294
6.729999999999481,0.0768507600451696,-1.1827084852778562,1.0,0.07250753975601569,2.9473432314783286,3.0198507712343443
6.731999999999481,0.07450247761109242,-1.1655628702039174,1.0,0.07042050800153973,2.947081980635321,3.0175024886368607
6.73399999999948,0.07218855255905607,-1.1483512634265267,1.0,0.06835609606289351,2.946832467357998,3.015188563420892
6.73599999999948,0.06990911590979941,-1.1310746283732465,1.0,0.06631477016743113,2.9465943564397508,3.0129091266071817
6.73799999999948,0.06766429675267907,-1.113733932983728,1.0,0.06429699148941045,2.9463673157956816,3.010664307285092
6.73999999999948,0.0654542222367354,-1.096330149619602,1.0,0.06230321603457715,2.9461510165690914,3.0084542326036687
6.7419999999994795,0.06327901756193818,-1.078864254974945,1.0,0.060333894526318876,2.945945133236569,3.0062790277628877
6.743999999999479,0.061138805970610784,-1.061337229987327,1.0,0.058389472293410655,2.945749343711666,3.0041388160050766
6.745999999999479,0.059033708739031604,-1.043750059749458,1.0,0.056470389159372116,2.9455633294471504,3.0020337186065227
6.747999999999479,0.05696384516921166,-1.0261037334214351,1.0,0.05457707933345815,2.945386775535781,2.999963854869239
6.749999999999479,0.054929332580847055,-1.0083992441436012,1.0,0.05270997130330067,2.945219370809629,2.9979293421129296
6.751999999999478,0.05293028630344512,-0.9906375889500234,1.0,0.05086948772922149,2.945060807937885,2.9959302956671063
6.753999999999478,0.05096681966862297,-0.9728197686825965,1.0,0.049056045340233674,2.9449107835231607,2.9939668288633943
6.755999999999478,0.04903904400257719,-0.954946787905776,1.0,0.047270054831749064,2.944768998196246,2.992039053027995
6.757999999999478,0.04714706861872349,-0.9370196548219478,1.0,0.045511920765007666,2.9446351567093227,2.9901470774743304
6.7599999999994775,0.04529100081050491,-0.9190393811874363,1.0,0.04378204146824571,2.9445089680276046,2.98829100949585
6.761999999999477,0.04347094584436743,-0.9010069822291551,1.0,0.04208080893961675,2.944390145419389,2.986470954359006
6.763999999999477,0.04168700695290157,-0.8829234765619025,1.0,0.04040860875188078,2.9442784065445147,2.9846870152963954
6.765999999999477,0.03993928532814882,-0.864789886106303,1.0,0.038765819958875014,2.9441734735411913,2.9829392935000665
6.767999999999477,0.038227880115071486,-0.8466072360073953,1.0,0.037152815003779496,2.944075073111208,2.9812278881149874
6.769999999999476,0.03655288840518474,-0.8283765545538669,1.0,0.03556995962918995,2.9439829366034904,2.9795528962326805
6.771999999999476,0.03491440523034955,-0.8100988730979353,1.0,0.03401761278901036,2.9438968000960046,2.977914412885015
6.773999999999476,0.033312523556725204,-0.7917752259758716,1.0,0.03249612656217626,2.9438164044759794,2.9763125310381557
6.775999999999476,0.03174733427888014,-0.7734066504291671,1.0,0.03100584606821941,2.9437414955184584,2.974747341586678
6.7779999999994756,0.03021892621405982,-0.7549941865263378,1.0,0.02954710938468479,2.94367182396315,2.9732189333478347
6.779999999999475,0.028727386096610314,-0.7365388770853627,1.0,0.02812024746640869,2.943607145589571,2.9717273930559798
6.781999999999475,0.027272798572556455,-0.7180417675967531,1.0,0.026725584066668123,2.9435472212904776,2.970272805357146
6.783999999999475,0.02585524619433315,-0.6995039061472453,1.0,0.025363435660209606,2.943491817143564,2.9688552528037735
6.785999999999475,0.024474809415668736,-0.6809263433441118,1.0,0.02403411136816563,2.9434407044814344,2.9674748158496
6.7879999999994745,0.023131566586619086,-0.6623101322400842,1.0,0.022737912884866786,2.9433936599598227,2.9661315728446893
6.789999999999474,0.021825593948751262,-0.6436563282588796,1.0,0.02147513440655685,2.9433504656240594,2.964825600030616
6.791999999999474,0.020556965630475516,-0.624965989121324,1.0,0.020246062562017463,2.9433109089737806,2.963556971535798
6.793999999999474,0.019325753642524465,-0.6062401747720605,1.0,0.019050976345109133,2.9432747830258674,2.9623257593709766
6.795999999999474,0.018132027873578267,-0.5874799473068381,1.0,0.017890147049234455,2.9432418863756045,2.961132033424839
6.797999999999473,0.01697585608603464,-0.5686863709003653,1.0,0.016763838203729346,2.9432120232560637,2.959975861459793
6.799999999999473,0.015857303911922627,-0.5498605117347225,1.0,0.015672305512187668,2.943185003595686,2.9588573091078736
6.801999999999473,0.014776434848958991,-0.5310034379283183,1.0,0.014615796792723885,2.943160643074085,2.9577764398668087
6.803999999999473,0.013733310256746149,-0.5121162194653809,1.0,0.013594551920178837,2.9431387631760293,2.956733315096208
6.8059999999994725,0.012727989353110607,-0.4931999281259701,1.0,0.012608802770272614,2.943119191243634,2.9557279940139067
6.807999999999472,0.01176052921058086,-0.4742556374164975,1.0,0.011658773165708623,2.943101760526735,2.9547605336924434
6.809999999999472,0.01083098475300376,-0.4552844225007418,1.0,0.010744678824232762,2.9430863102314393,2.953830989055672
6.811999999999472,0.009939408752298358,-0.4362873601313444,1.0,0.009866727308650751,2.943072685566871,2.952939412875522
6.813999999999472,0.009085851825346295,-0.41726552858177135,1.0,0.009025117978807258,2.9430607377900753,2.9520858557688827
6.815999999999471,0.008270362431017817,-0.3982200075787268,1.0,0.008220041945529423,2.9430503242491066,2.951270366194636
6.817999999999471,0.007492986867332516,-0.37915187823500146,1.0,0.007451682026537738,2.94304130842427,2.9504929904508077
6.819999999999471,0.006753769268753961,-0.3600622229827415,1.0,0.006720212704326526,2.943033559967548,2.9497537726718748
6.821999999999471,0.006052751603617379,-0.3409521255071201,1.0,0.006025800086016597,2.943026954740161,2.9490527548261776
6.8239999999994705,0.005389973671689606,-0.3218226706803963,1.0,0.005368601865181928,2.9430213748483127,2.9483899767134947
6.82599999999947,0.004765473101860549,-0.30267494449634275,1.0,0.004748767285652437,2.943016708677074,2.9477654759627265
6.82799999999947,0.004179285349965431,-0.2835100340050256,1.0,0.004166437107294536,2.9430128509224223,2.9471792880297167
6.82999999999947,0.003631443696737152,-0.26432902724791835,1.0,0.0036217435737710656,2.943009702621437,2.946631446195208
6.83199999999947,0.003121979245888089,-0.2451330131933313,1.0,0.0031148103822820137,2.9430071711806414,2.9461219815629236
6.833999999999469,0.002650920922320747,-0.2259230816721385,1.0,0.002645752655287408,2.9430051704024875,2.9456509230577748
6.835999999999469,0.0022182954704666707,-0.20670032331378269,1.0,0.0022146769142134463,2.94300362050999,2.9452182974242036
6.837999999999469,0.0018241274527530846,-0.18746582948253956,1.0,0.0018216810551429793,2.9430024481695045,2.9448241292246475
6.839999999999469,0.0014684392481967602,-0.16822069221402206,1.0,0.0014668543264912794,2.943001586511642,2.944468440838133
6.8419999999994685,0.0011512510511246534,-0.1489660041519045,1.0,0.0011502773086679054,2.9430009751503294,2.9441512524589974
6.843999999999468,0.0008725808700208886,-0.12970285848484736,1.0,0.0008720218957254211,2.9430005602000096,2.943872582095735
6.845999999999468,0.0006324445264997095,-0.11043234888360212,1.0,0.0006321512789955938,2.943000294290975,2.9436324455699707
6.847999999999468,0.00043085565440405716,-0.09115556943827635,1.0,0.0004307199327136574,2.9430001365828433,2.943430856515557
6.849999999999468,0.0002678256990294748,-0.07187361459573832,1.0,0.0002677736016310902,2.943000052776168,2.943267826377799
6.851999999999467,0.00014336391647308053,-0.052587579097140964,1.0,0.00014334929061733778,2.943000015122189,2.943143364412806
6.853999999999467,5.747737310739064e-05,-0.033298557915544154,1.0,5.747525625079744e-05,2.9430000024307095,2.9430574776869602
6.855999999999467,1.01709451788165e-05,-0.014007646193614904,1.0,1.0171000399335943e-05,2.9430000000761183,2.9430101710765175
6.857999999999467,1.447318530701039e-06,0.005284060818615516,1.0,1.4472657905396651e-06,2.943000000001542,2.9430014472673323
6.8599999999994665,3.1306988450801266e-05,0.024575467825958347,1.0,3.1306033571832476e-05,2.9430000007211303,2.943031306754702
6.861999999999466,9.97482596431657e-05,0.04386547955025896,1.0,9.974052286053672e-05,2.9430000073204825,2.943099747843343
6.863999999999466,0.00020676724632439717,0.06315300079259416,1.0,0.00020673519228389127,2.9430000314551963,2.94320676664748
6.865999999999466,0.00035235787244433355,0.0824369364954961,1.0,0.0003522657435089789,2.943000091347565,2.943352357091074
6.867999999999466,0.0005365118720312203,0.10171619180522389,1.0,0.000536299126762455,2.9430002117814014,2.9435365109081637
6.869999999999465,0.0007592187896614909,0.12098967213410336,1.0,0.0007587935483399058,2.9430004240949965,2.9437592176433363
6.871999999999465,0.0010204659810543132,0.1402562832229562,1.0,0.001019698480104605,2.943000766172216,2.9440204646523207
6.873999999999465,0.0013202386137910996,0.15951493120363874,1.0,0.0013189546709753584,2.9430012824317333,2.944320237102709
6.875999999999465,0.0016585196681602223,0.1787645226617113,1.0,0.0016564941604030768,2.9430020238143957,2.9446585179747986
6.8779999999994645,0.0020352899381272144,0.19800396469925835,1.0,0.0020322402938356197,2.9430030477687303,2.945035288062566
6.879999999999464,0.00245052803243078,0.2172321649978798,1.0,0.0024461077401703906,2.9430044182345907,2.945450525974761
6.881999999999464,0.002904210375804973,0.2364480318818737,1.0,0.002898002511194097,2.943006205624932,2.945904208136126
6.883999999999464,0.0033963112103279516,0.25565047438162997,1.0,0.003387821983008935,2.943008486805742,2.9463963087887506
6.885999999999464,0.003926802596897747,0.27483840229725537,1.0,0.00391545491944447,2.943011345074099,2.9469267999935433
6.887999999999463,0.004495654416835525,0.29401072626244884,1.0,0.004480781497454262,2.94301487013438,2.9474956516318342
6.889999999999463,0.005102834373616877,0.3131663578086464,1.0,0.005083673334496313,2.943019158072612,2.948102831407108
6.891999999999463,0.005748307994731669,0.3323042094294548,1.0,0.005723993517896106,2.9430243113289705,2.9487483048468666
6.893999999999463,0.006432038633673078,0.3514231946453931,1.0,0.00640159663619113,2.94303043866842,2.949432035304611
6.895999999999463,0.007153987472056424,0.370522228068959,1.0,0.007116328812455435,2.9430376551495123,2.9501539839619677
6.897999999999462,0.007914113521868483,0.3896002254700399,1.0,0.00786802773960266,2.943046082091329,2.950914109830932
6.899999999999462,0.008712373627847972,0.4086561038416852,1.0,0.008656522717666015,2.943055847038586,2.951712369756252
6.901999999999462,0.009548722469997965,0.42768878146625733,1.0,0.009481634693053175,2.943067083724889,2.952548718417942
6.903999999999462,0.010423112566230993,0.4466971779819787,1.0,0.01034317629977427,2.943079932034147,2.9534231083339213
6.9059999999994615,0.011335494275147656,0.4656802144498913,1.0,0.011240951902640586,2.9430945379601616,2.9543354898628023
6.907999999999461,0.012285815798949582,0.48463681342124443,1.0,0.012174757642431725,2.9431110535643628,2.9552858112067946
6.909999999999461,0.013274023186487589,0.5035658990053268,1.0,0.013144381483028572,2.943129636931729,2.956274018414758
6.911999999999461,0.014300060336445984,0.5224663969377581,1.0,0.014149603260509106,2.943150452124877,2.957300055385386
6.913999999999461,0.01536386900066391,0.5413372346492549,1.0,0.015190194734204219,2.943173669136323,2.9583638638705274
6.91599999999946,0.01646538878759471,0.5601773413348847,1.0,0.016265919639709955,2.9431994638389334,2.9594653834786433
6.91799999999946,0.017604557165904297,0.5789856480238227,1.0,0.017376533743852746,2.943228017934556,2.9606045516784087
6.91999999999946,0.018781309468209568,0.597761087649623,1.0,0.018521784901603725,2.9432595189008457,2.9617813038024496
6.92199999999946,0.01999557889495785,0.6165025951210195,1.0,0.019701413114937862,2.943294159936283,2.962995573051221
6.9239999999994595,0.021247296518448533,0.6352091073932655,1.0,0.020915150593633542,2.9433321399033976,2.964247290497031
6.925999999999459,0.02253639128699789,0.6538795635400263,1.0,0.022162721818007783,2.9433736632701972,2.965536385088205
6.927999999999459,0.023862790029248272,0.6725129048258335,1.0,0.023443843603581697,2.9434189400498108,2.9668627836533923
6.929999999999459,0.025226417458622766,0.6911080747791136,1.0,0.024758225167671052,2.9434681857383547,2.9682264109060257
6.931999999999459,0.026627196177926495,0.7096640192657985,1.0,0.026105568197895813,2.9435216212510205,2.969627189448916
6.933999999999458,0.02806504668409575,0.728179686563528,1.0,0.02748556692260222,2.9435794728564075,2.9710650397790097
6.935999999999458,0.029539887373096083,0.7466540274364538,1.0,0.028897908183191223,2.9436419721090865,2.9725398802922776
6.937999999999458,0.03105163454497066,0.76508599521065,1.0,0.03034227150834555,2.943709355780427,2.9740516272887727
6.939999999999458,0.03260020240904002,0.7834745458501402,1.0,0.03181832919014829,2.9437818657876744,2.975600194977823
6.9419999999994575,0.03418550308925451,0.8018186380335456,1.0,0.03332574636208484,2.9438597491213003,2.977185495483385
6.943999999999457,0.03580744662970069,0.8201172332313609,1.0,0.03486418107891953,2.9439432577706333,2.978807438849553
6.945999999999457,0.03746594100026281,0.8383692957838623,1.0,0.03643328439843826,2.9440326486477804,2.9804659330462187
6.947999999999457,0.039160892102440906,0.8565737929796525,1.0,0.03803270046504739,2.9441281835098416,2.982160883974889
6.949999999999457,0.04089220377532643,0.8747296951348456,1.0,0.039662066595219175,2.944230128879444,2.983892195474663
6.951999999999456,0.042659777801737075,0.892835975672895,1.0,0.04132101336477264,2.9443387559635914,2.985659769328364
6.953999999999456,0.044463513914511775,0.9108916112050669,1.0,0.04300916469797925,2.9444543405708608,2.98746350526884
6.955999999999456,0.04630330980296736,0.9288955816115594,1.0,0.0447261379584817,2.9445771630269304,2.989303300985412
6.957999999999456,0.04817906111951807,0.9468468701232685,1.0,0.04647154404201286,2.94470750808849,2.991179052130503
6.9599999999994555,0.05009066148645926,0.9647444634042012,1.0,0.04824498747090294,2.9448456648555106,2.9930906523264134
6.961999999999455,0.052038002502916576,0.9825873516345328,1.0,0.05004606649036055,2.9449919266819147,2.995037993172275
6.963999999999455,0.05402097375196187,1.0003745285943093,1.0,0.05187437316651357,2.9451465910846544,2.997020964251168
6.965999999999455,0.05603946280789719,1.0181049917477887,1.0,0.053729493486195684,2.945309959651204,2.9990394531373994
6.967999999999455,0.05809335524370809,1.035777742328421,1.0,0.055611007458462015,2.945482337945499,3.001093345403961
6.969999999999454,0.06018253463868749,1.0533917854244603,1.0,0.057518489217818505,2.945664035412332,3.0031825246301507
6.971999999999454,0.062306882586231446,1.0709461300652057,1.0,0.059451507129147575,2.945855365280226,3.0053068724093737
6.973999999999454,0.06446627870180799,1.088439789307862,1.0,0.061409623894313106,2.946056644462787,3.0074662683571
6.975999999999454,0.06666060063110031,1.1058717803250164,1.0,0.06339239666042519,2.946268193458597,3.0096605901190223
6.9779999999994535,0.06888972405832551,1.1232411244927236,1.0,0.06539937712974703,2.9464903362496146,3.011889713379362
6.979999999999453,0.07115352271473012,1.1405468474791867,1.0,0.06743011167122309,2.9467234001981475,3.0141535118693707
6.981999999999453,0.07345186838726357,1.1577879793340298,1.0,0.06948414143360795,2.9469677159423973,3.0164518573760053
6.983999999999453,0.0757846309274308,1.1749635545781485,1.0,0.07156100246017526,2.9472236172905992,3.0187846197507744
6.985999999999453,0.0781516782603251,1.1920726122941288,1.0,0.07366022580498303,2.947491441113796,3.021151666918779
6.987999999999452,0.08055287639384238,1.2091141962172212,1.0,0.07578133765067432,2.947771527237245,3.023552864887919
6.989999999999452,0.08298808942807796,1.2260873548268592,1.0,0.07792385942778726,2.9480642183305097,3.025988077758297
6.991999999999452,0.08545717956490687,1.242991141438707,1.0,0.08008730793555156,2.948369859796241,3.0284571677317924
6.993999999999452,0.08796000711774876,1.2598246142972214,1.0,0.08227119546414516,2.9486887996576856,3.030959995121831
6.9959999999994515,0.09049643052151854,1.276586836668715,1.0,0.08447502991838436,2.949021388444948,3.0334964183633324
6.997999999999451,0.0930663063427635,1.293276876934902,1.0,0.0866983149428212,2.94936797908003,3.0360662940228513
6.999999999999451,0.09566948928998806,1.3098938086869105,1.0,0.08894055004821948,2.9497289267606757,3.038669476808895
7.001999999999451,0.09830583222416699,1.3264367108197448,1.0,0.09120123073937998,2.950104588843066,3.041305819582446
7.003999999999451,0.100975186169448,1.342904667627176,1.0,0.0934798486442865,2.9504953247233705,3.043975173367657
7.0059999999994504,0.1036774003240445,1.3592967688970445,1.0,0.09577589164454074,2.950901495718206,3.0466773873627466
7.00799999999945,0.10641232207131933,1.3756121100069518,1.0,0.09808884400705517,2.9513234649440285,3.0494123089510836
7.00999999999945,0.10917979699106034,1.3918497920203223,1.0,0.10041818651697107,2.951761597195491,3.0521797837124622
7.01199999999945,0.11197966887094836,1.4080089217828113,1.0,0.10276339661176931,2.9522162588227987,3.054979655434568
7.01399999999945,0.11481177971821835,1.4240886120190375,1.0,0.10512394851653863,2.9526878176081026,3.057811766124641
7.015999999999449,0.1176759697715143,1.4400879814296166,1.0,0.10749931338036689,2.953176642640967,3.060675956021334
7.017999999999449,0.12057207751293851,1.4560061547884708,1.0,0.10988895941381975,2.9536831041929323,3.063572063606752
7.019999999999449,0.1234999396802957,1.4718422630403905,1.0,0.11229235202746887,2.954207573591239,3.066499925618708
7.021999999999449,0.1264593912795325,1.4875954433988199,1.0,0.11470895397143377,2.9547504230917196,3.0694593770631533
7.0239999999994485,0.12945026559737277,1.503264839443843,1.0,0.11713822547589649,2.955312025750922,3.0724502512268184
7.025999999999448,0.13247239421414891,1.51884960122034,1.0,0.11957962439255207,2.95589275529749,3.075472379690042
7.027999999999448,0.1355256070168298,1.5343488853362877,1.0,0.12203260633695232,2.956492986002847,3.078525592339799
7.029999999999448,0.1386097322122454,1.5497618550611731,1.0,0.12449662483170378,2.9571130925512215,3.0816097173829253
7.031999999999448,0.14172459634050819,1.5650876804244942,1.0,0.12697113145047642,2.9577534499090654,3.084724581359542
7.033999999999447,0.1448700242886318,1.5803255383143135,1.0,0.12945557596278123,2.958414433193886,3.087870009156667
7.035999999999447,0.1480458393043467,1.595474612575837,1.0,0.13194940647947262,2.959096417542567,3.0910458240220393
7.037999999999447,0.1512518630101131,1.6105340941099844,1.0,0.13445206959893097,2.9597997779791947,3.0942518475781258
7.039999999999447,0.15448791541733078,1.625503180971921,1.0,0.13696301055388171,2.9605248892824507,3.0974878998363327
7.0419999999994465,0.15775381494074625,1.6403810784695154,1.0,0.13948167335880163,2.9612721258526125,3.100753799211414
7.043999999999446,0.1610493784130564,1.6551669992616935,1.0,0.14200750095787026,2.9620418615782036,3.104049362536074
7.045999999999446,0.16437442109970882,1.6698601634566512,1.0,0.14453993537341428,2.9628344697023534,3.1073744050757677
7.047999999999446,0.16772875671389859,1.6844597987098928,1.0,0.14707841785479914,2.9636503226889,3.110728740543699
7.049999999999446,0.1711121974317606,1.6989651403220611,1.0,0.14962238902772002,2.9644897920882896,3.1141121811160097
7.051999999999445,0.17452455390775748,1.7133754313365221,1.0,0.15217128904383814,2.9653532484033316,3.11752453744717
7.053999999999445,0.1779656352902625,1.7276899226366687,1.0,0.15472455773071744,2.9662410609548453,3.1209656186855628
7.055999999999445,0.18143524923733648,1.7419078730429063,1.0,0.1572816347420065,2.96715359774725,3.1244352324892564
7.057999999999445,0.18493320193269874,1.7560285494092853,1.0,0.1598419597078163,2.9680912253341636,3.12793318504198
7.0599999999994445,0.18845929810189052,1.7700512267197404,1.0,0.16240497238524018,2.9690543086840426,3.131459281069283
7.061999999999444,0.19201334102863069,1.7839751881839,1.0,0.16497011280896468,2.9700432110459283,3.135013323854893
7.063999999999444,0.19559513257136257,1.7977997253324294,1.0,0.16753682144191592,2.971058293815347,3.138595115257263
7.065999999999444,0.19920447317999093,1.811524138111864,1.0,0.17010453932588976,2.9720999164004174,3.142204455726307
7.067999999999444,0.20284116191280813,1.8251477349789005,1.0,0.17267270823210945,2.9731684360882182,3.1458411443203276
7.069999999999443,0.20650499645360815,1.8386698329941003,1.0,0.17524077081165643,2.9742642079114727,3.149504978723129
7.071999999999443,0.21019577312898763,1.8520897579149702,1.0,0.17780817074571997,2.9753875845155977,3.1531957552613177
7.073999999999443,0.21391328692583225,1.8654068442883784,1.0,0.18037435289560705,2.9765389160261835,3.1569132689217905
7.075999999999443,0.21765733150898725,1.878620435542266,1.0,0.1829387634524608,2.9777185499169416,3.1606573133694025
7.0779999999994425,0.22142769923911068,1.891729884076614,1.0,0.18550085008662573,2.9789268308781964,3.164427680964822
7.079999999999442,0.22522418119070786,1.904734551353625,1.0,0.18806006209660653,2.9801641006859607,3.1682241627825674
7.081999999999442,0.22904656717034524,1.917633807987081,1.0,0.1906158505575627,2.9814306980716534,3.172046548629216
7.083999999999442,0.23289464573504223,1.9304270338308327,1.0,0.19316766846927996,2.9827269585925182,3.175894627061798
7.085999999999442,0.23676820421083908,1.9431136180663828,1.0,0.19571497090356269,2.9840532145028047,3.1797681854063673
7.087999999999441,0.24066702871153897,1.9556929592895218,1.0,0.1982572151509885,2.9854097946257494,3.183667009776738
7.089999999999441,0.2445909041576224,1.968164465595974,1.0,0.20079386086696685,2.986797024226436,3.187590885093403
7.091999999999441,0.2485396142953319,1.9805275546660142,1.0,0.2033243702170449,2.9882152248855736,3.1915395951026184
7.093999999999441,0.2525129417159247,1.9927816538480136,1.0,0.20584820802140133,2.9896647143742525,3.195512922395654
7.0959999999994405,0.2565106678750918,2.0049262002408748,1.0,0.20836484189846882,2.9911458065297456,3.1995106484282143
7.09799999999944,0.2605325731125403,2.0169606407753133,1.0,0.2108737424076312,2.9926588111323884,3.2035325535400196
7.09999999999944,0.2645784366717374,2.0288844322939465,1.0,0.21337438319093133,2.9942040337836207,3.207578416974552
7.10199999999944,0.26864803671981324,2.0406970416301493,1.0,0.21586624111373612,2.9957817757852174,3.2116480168989536
7.10399999999944,0.27274115036762026,2.0523979456856365,1.0,0.2183487964042997,2.9973923340197937,3.2157411304240933
7.105999999999439,0.27685755368994625,2.0639866315067295,1.0,0.2208215327921657,2.999036000832606,3.2198575336247717
7.107999999999439,0.28099702174587887,2.0754625963592703,1.0,0.22328393764535195,3.000713063914741,3.2239970015600927
7.109999999999439,0.2851593285993184,2.086825347802141,1.0,0.22573550210626137,3.0024238061877098,3.228159308293971
7.111999999999439,0.28934424733963604,2.0980744037593517,1.0,0.2281757212262593,3.0041685056895333,3.2323442269157927
7.1139999999994386,0.29355155010247513,2.109209292590654,1.0,0.23060409409886476,3.0059474354623537,3.2365515295612184
7.115999999999438,0.297781008090692,2.120229553160645,1.0,0.23302012399149408,3.0077608634416237,3.240780987433118
7.117999999999438,0.30203239159543344,2.131134734906323,1.0,0.23542331847570655,3.0096090523469488,3.2450323708226554
7.119999999999438,0.3063054700173477,2.1419243979030544,1.0,0.23781318955589184,3.011492259574604,3.249305449130496
7.121999999999438,0.31060001188792596,2.152598112928915,1.0,0.24018925379634817,3.0134107370917977,3.253599990888146
7.1239999999994374,0.31491578489097055,2.163155461527373,1.0,0.2425510324466944,3.0153647313327308,3.257915763779425
7.125999999999437,0.31925255588418716,2.173596036068271,1.0,0.24489805156556269,3.017354483096494,3.2622525346620566
7.127999999999437,0.32361009092089704,2.1839194398070747,1.0,0.24722984214252,3.0193802274468573,3.2666100695893774
7.129999999999437,0.32798815527186603,2.194125286942352,1.0,0.24954594021816429,3.0214421936140075,3.2709881338321716
7.131999999999437,0.3323865134472468,2.2042132026714474,1.0,0.2518458870023449,3.023540604898265,3.2753864919006097
7.133999999999436,0.3368049292186304,2.214182823244316,1.0,0.254129228990455,3.025675678575846,3.2798049075663007
7.135999999999436,0.341243165641204,2.224033796015488,1.0,0.2563955180777471,3.027847625806702,3.2842431438844493
7.137999999999436,0.34570098507601016,2.233765779494126,1.0,0.25864431167162166,3.0300566515444936,3.2887009632161153
7.139999999999436,0.3501781492123047,2.243378443392144,1.0,0.26087517280184086,3.032302954448733,3.293178127250574
7.1419999999994355,0.35467441909000874,2.2528714686703584,1.0,0.26308767022861806,3.0345867267991466,3.2976743970277647
7.143999999999435,0.35918955512225076,2.2622445475826374,1.0,0.26528137854854106,3.0369081544122927,3.302189532960834
7.145999999999435,0.3637233171179953,2.271497383718022,1.0,0.26745587829827616,3.03926741656049,3.306723294858766
7.147999999999435,0.3682754643047539,2.280629692040787,1.0,0.2696107560560175,3.041664685893073,3.3112754419490904
7.149999999999435,0.37284575535137343,2.289641198928414,1.0,0.27174560454063074,3.044100128360042,3.3158457329006725
7.151999999999434,0.37743394839089917,2.2985316422074464,1.0,0.2738600227084508,3.0465739031381283,3.320433925846579
7.153999999999434,0.38203980104350677,2.3073007711872098,1.0,0.2759536158476971,3.0490861625593055,3.3250397784070027
7.155999999999434,0.3866630704394998,2.315948346691354,1.0,0.2780259956704591,3.0516370520418077,3.3296630477122666
7.157999999999434,0.3913035132423681,2.3244741410872116,1.0,0.28007678040221656,3.0542267100236633,3.3343034904258797
7.1599999999994335,0.3959608856719027,2.3328779383129334,1.0,0.28210559486886033,3.0568552678987935,3.338960862767654
7.161999999999433,0.4006349435273625,2.3411595339023874,1.0,0.28411207058117166,3.059522849955695,3.3436349205368665
7.163999999999433,0.40532544221068917,2.3493187350077944,1.0,0.2860958458167283,3.0622295733187497,3.348325419135478
7.165999999999433,0.4100321367497642,2.3573553604200805,1.0,0.2880565656992041,3.0649755478921863,3.3530321135913903
7.167999999999433,0.4147547818217048,2.365269240586927,1.0,0.2899938822750273,3.0677608763067137,3.357754758581741
7.169999999999432,0.4194931317761937,2.373060217628498,1.0,0.29190745458737116,3.0705856538688594,3.3624931084562304
7.171999999999432,0.4242469406588378,2.3807281453508287,1.0,0.2937969487474427,3.073449968513043,3.367246917260486
7.173999999999432,0.42901596223455124,2.3882728892568545,1.0,0.2956620380030444,3.076353900756397,3.3720159387594415
7.175999999999432,0.43379995001095845,2.3956943265550703,1.0,0.2975024028043831,3.0792975236563573,3.3767999264607402
7.1779999999994315,0.4385986572618118,2.4029923461657994,1.0,0.29931773086709823,3.0822809027710565,3.3815986336381547
7.179999999999431,0.4434118370504195,2.4101668487250625,1.0,0.30110771723248897,3.0853040961225227,3.3864118133550116
7.181999999999431,0.44823924225307893,2.4172177465860334,1.0,0.30287206432491676,3.0883671541627113,3.391239218487628
7.183999999999431,0.45308062558251044,2.424144963818068,1.0,0.3046104820063644,3.0914701197423793,3.3960806017487437
7.185999999999431,0.4579357396112866,2.4309484362033,1.0,0.3063226876281303,3.094613028082819,3.400935715710949
7.18799999999943,0.4628043367952523,2.437628111230789,1.0,0.30800840607964547,3.0977959067504632,3.4058043128301088
7.18999999999943,0.46768616949693087,2.44418394808822,1.0,0.3096673698343901,3.1010187756343757,3.4106861454687656
7.19199999999943,0.47258099000891074,2.45061591765114,1.0,0.31129931899290786,3.104281646926617,3.415580965919525
7.19399999999943,0.47748855057720857,2.4569240024697314,1.0,0.3129040013228915,3.107584525105531,3.420488526428423
7.1959999999994295,0.4824086034246032,2.463108196753117,1.0,0.31448117229634026,3.1109274069219155,3.4254085792182556
7.197999999999429,0.48734090077393555,2.4691685063511906,1.0,0.3160305951237769,3.1143102813881063,3.4303408765118832
7.199999999999429,0.49228519487137024,2.475104948733974,1.0,0.3175520407855133,3.117733129769974,3.4352851705554874
7.201999999999429,0.49724123800961295,2.4809175529684997,1.0,0.31904528805996524,3.1211959255818265,3.4402412136417917
7.203999999999429,0.5022087825510793,2.4866063596932153,1.0,0.3205101235490099,3.124698634584219,3.4452087581332287
7.205999999999428,0.50718758095101,2.492171421089919,1.0,0.3219463417003805,3.128241214784676,3.4501875564850564
7.207999999999428,0.5121773857805277,2.4976128008532195,1.0,0.32335374482710516,3.131823616441309,3.4551773612684142
7.209999999999428,0.5171779497496296,2.5029305741575336,1.0,0.32473214312398324,3.1354457820693313,3.4601779251933147
7.211999999999428,0.522189025730112,2.5081248276216197,1.0,0.3260813546811089,3.1391076464504626,3.4651890011315714
7.2139999999994275,0.527210366778422,2.5131956592706555,1.0,0.3274012054944407,3.142809136645207,3.4702103421396475
7.215999999999427,0.5322417261584299,2.5181431784958708,1.0,0.3286915294734278,3.1465501720080007,3.4752417014814285
7.217999999999427,0.5372828573641191,2.5229675060117374,1.0,0.3299521684456997,3.150330664205212,3.4802828326509117
7.219999999999427,0.5423335141421874,2.527668773810735,1.0,0.3311829721588253,3.1541505172359865,3.4853334893948116
7.221999999999427,0.5473934505145565,2.5322471251156933,1.0,0.33238379827916076,3.1580096274559026,3.4903934257350633
7.223999999999426,0.5524624208007822,2.536702714329734,1.0,0.3335545123877894,3.161907883603447,3.4954623959912365
7.225999999999426,0.5575401796403637,2.5410357069838176,1.0,0.33469498797357616,3.1658451668292673,3.5005401548028434
7.227999999999426,0.5626264820149441,2.5452462796819124,1.0,0.33580510642334865,3.1698213507281925,3.505626457151541
7.229999999999426,0.5677210832704003,2.549334620043803,1.0,0.3368847570092226,3.173836301373996,3.5107210583832185
7.2319999999994256,0.5728237391388148,2.553300926645553,1.0,0.3379338368730933,3.177889877356878,3.5158237142299713
7.233999999999425,0.5779342057603275,2.5571454089576413,1.0,0.3389522510083111,3.181981929823639,3.52093418083195
7.235999999999425,0.5830522397048602,2.5608682872807904,1.0,0.3399399122385689,3.18611230252052,3.5260522147590887
7.237999999999425,0.5881775979937112,2.5644697926795064,1.0,0.3408967411940146,3.190280831838681,3.5311775730326955
7.239999999999425,0.5933100381210146,2.567950166913353,1.0,0.34182266628462915,3.1944873468622865,3.536310013146916
7.2419999999994245,0.5984493180750596,2.5713096623659832,1.0,0.34271762367088415,3.1987316694191636,3.541449293090048
7.243999999999424,0.6035951963594662,2.574548541971947,1.0,0.34358155723171374,3.203013614134007,3.5465951713657207
7.245999999999424,0.6087474320142116,2.577667079141306,1.0,0.3444144185298313,3.207332988484089,3.55174740701392
7.247999999999424,0.613905784636504,2.5806655576820763,1.0,0.3452161667744171,3.211689592857447,3.556905759631864
7.249999999999424,0.6190700144014999,2.5835442717205286,1.0,0.34598676878121687,3.216083220613498,3.5620699893947148
7.251999999999423,0.624239882082858,2.586303525619368,1.0,0.3467261989300782,3.2205136581460607,3.5672398570761388
7.253999999999423,0.6294151490731293,2.5889436338938303,1.0,0.3474344391199658,3.224980684948728,3.572415124068694
7.255999999999423,0.6345955774039765,2.591464921125716,1.0,0.34811147872148746,3.2294840736825607,3.5775955524040484
7.257999999999423,0.6397809297662191,2.593867721875397,1.0,0.34875731452697345,3.234023590246052,3.5827809047730255
7.2599999999994225,0.6449709695297012,2.5961523805918283,1.0,0.3493719506981434,3.2385989938473325,3.587970944545476
7.261999999999422,0.650165460762977,2.598319251520588,1.0,0.34995539871140624,3.243210037078551,3.593165435789957
7.263999999999422,0.6553641682528101,2.600368698609993,1.0,0.35050767730082977,3.2478564659924074,3.598364143293237
7.265999999999422,0.660566857523484,2.602301095415311,1.0,0.3510288123988252,3.252538020180775,3.6035668325796006
7.267999999999422,0.6657732948559185,2.60411682500111,1.0,0.3515188370745903,3.25725443285538,3.60877326992997
7.269999999999421,0.6709832473065891,2.605816279841779,1.0,0.35197779147035424,3.262005430930469,3.6139832224008233
7.271999999999421,0.6761964827262456,2.607399861720258,1.0,0.35240572273547066,3.266790735107439,3.6191964578429094
7.273999999999421,0.6814127697784264,2.6088679816250093,1.0,0.35280268495840755,3.271610059961362,3.6244127449197694
7.275999999999421,0.6866318779577654,2.610221059645275,1.0,0.3531687390966766,3.2764631140293576,3.629631853126034
7.2779999999994205,0.6918535776080871,2.61145952486465,1.0,0.35350395290475617,3.2813495999007727,3.634853552805529
7.27999999999942,0.6970776399402877,2.612583815253019,1.0,0.3538084008600508,3.2862692143090966,3.6400776151691474
7.28199999999942,0.7023038370499981,2.6135943775568906,1.0,0.3540821640869463,3.2912216482255716,3.645303812312518
7.28399999999942,0.7075319419350264,2.6144916671881675,1.0,0.354325330279,3.296206586954445,3.6505319172334447
7.28599999999942,0.712761728512576,2.615276148111402,1.0,0.35453799361932725,3.3012237102298023,3.6557617038491297
7.287999999999419,0.717992971636237,2.615948292729569,1.0,0.35472025469923063,3.3062726923139256,3.660992947013156
7.289999999999419,0.7232254471127475,2.6165085817684024,1.0,0.3548722204351279,3.311353202097131,3.666225422532259
7.291999999999419,0.7284589317185225,2.6169575041593376,1.0,0.35499400398382946,3.3164649031990163,3.6714589071828456
7.293999999999419,0.7336932032159471,2.6172955569211016,1.0,0.3550857246562213,3.3216074540710743,3.6766931787272954
7.2959999999994185,0.7389280403694313,2.617523245039994,1.0,0.3551475078294062,3.3267805081006054,3.6819280159300116
7.297999999999418,0.7441632229612246,2.617641081348904,1.0,0.3551794848573596,3.3319837137158768,3.6871631985732365
7.299999999999418,0.7493985318069872,2.6176495864051055,1.0,0.3551817929801558,3.3372167144924636,3.6923985074726193
7.301999999999418,0.7546337487711156,2.6175492883668756,1.0,0.3551545752318149,3.342479149260735,3.6976337244925497
7.303999999999418,0.7598686567818198,2.6173407228689807,1.0,0.3550979803468358,3.3477706522143915,3.7028686325612274
7.305999999999417,0.7651030398459517,2.617024432897077,1.0,0.3550121626654618,3.3530908530200305,3.7081030156854924
7.307999999999417,0.7703366830635798,2.6166009686610683,1.0,0.35489728203774135,3.358439376927663,3.7133366589654044
7.309999999999417,0.7755693726423102,2.6160708874674663,1.0,0.35475350372644,3.3638158448821156,3.718569348608556
7.311999999999417,0.7808008959113517,2.6154347535908027,1.0,0.35458099830885675,3.369219873635286,3.723800871944143
7.3139999999994165,0.7860310413353223,2.6146931381441356,1.0,0.35437994157760444,3.3746510758591666,3.729031017436771
7.315999999999416,0.7912595985277961,2.6138466189486955,1.0,0.3541505144404129,3.380109060259588,3.734259574700001
7.317999999999416,0.7964863582645888,2.6128957804027215,1.0,0.3538929028190072,3.3855934316906264,3.7394863345096336
7.319999999999416,0.8017111124967793,2.611841213349529,1.0,0.35360729754712067,3.391103791269612,3.7447110888167323
7.321999999999416,0.806933654363468,2.6106835149448586,1.0,0.35329389426770047,3.3966397364926815,3.749933630760382
7.323999999999415,0.812153778204268,2.6094232885235518,1.0,0.35295289332936,3.4022008613508206,3.7551537546801805
7.325999999999415,0.8173712795715298,2.608061143465596,1.0,0.35258449968213634,3.407786756446324,3.7603712561284603
7.327999999999415,0.8225859552422967,2.6065976950615934,1.0,0.35218892277260866,3.4133970091096377,3.765585931882246
7.329999999999415,0.8277976032299916,2.60503356437769,1.0,0.3517663764384332,3.419031203516513,3.7707975799549462
7.3319999999994145,0.8330060227958321,2.6033693781200204,1.0,0.35131707880235336,3.424688920805402,3.7760059996077553
7.333999999999414,0.8382110144599748,2.6016057684987075,1.0,0.35084125216573514,3.4303697391950783,3.7812109913608136
7.335999999999414,0.8434123800123869,2.599743373091466,1.0,0.3503391229016906,3.4360732341023756,3.786412357004066
7.337999999999414,0.8486099225234448,2.597782834706856,1.0,0.34981092134783637,3.4417989782600356,3.791609899607872
7.339999999999414,0.8538034463542584,2.595724801247232,1.0,0.34925688169874897,3.4475465418345683,3.7968034235333175
7.341999999999413,0.8589927571667221,2.593569925571429,1.0,0.3486772418981655,3.453315492544109,3.8019927344422744
7.343999999999413,0.8641776619332895,2.5913188653572385,1.0,0.34807224353098504,3.4591053957761932,3.807177639307178
7.345999999999413,0.8693579689464742,2.5889722829637134,1.0,0.34744213171512606,3.464915814705391,3.812357946420517
7.347999999999413,0.8745334878280743,2.5865308452933458,1.0,0.3467871549932889,3.4707463104107776,3.8175334654040665
7.349999999999413,0.8797040295381213,2.583995223654168,1.0,0.34610756522467756,3.476596441993158,3.8227040072178355
7.351999999999412,0.8848694063835535,2.5813660936218152,1.0,0.3454036174767299,3.482465766692006,3.8278693841687357
7.353999999999412,0.8900294320266131,2.5786441349015963,1.0,0.344675569916911,3.4883538400020764,3.8330294099189874
7.355999999999412,0.8951839214929677,2.575830031190615,1.0,0.34392368370461446,3.4942602157896174,3.838183899494232
7.357999999999412,0.9003326911795558,2.5729244700399834,1.0,0.34314822288322605,3.5001844464081566,3.8433326692913825
7.3599999999994115,0.9054755588621579,2.5699281427171754,1.0,0.34234945427239233,3.5061260828138017,3.848475537086194
7.361999999999411,0.9106123437026908,2.5668417440685545,1.0,0.3415276473605508,3.5120846746800063,3.853612322040557
7.363999999999411,0.9157428662562288,2.5636659723821245,1.0,0.34068307419775906,3.5180597705117598,3.8587428447095187
7.365999999999411,0.9208669484777494,2.560401529250539,1.0,0.33981600928887645,3.524050917759152,3.8638669270480284
7.367999999999411,0.9259844137286064,2.5570491194344154,1.0,0.33892672948713953,3.530057662930276,3.868984392417415
7.36999999999941,0.931095086782729,2.553609450725988,1.0,0.33801551388817924,3.536079551703398,3.874095065591577
7.37199999999941,0.9361987938325492,2.550083233813147,1.0,0.33708264372451996,3.5421161290384005,3.8791987727629205
7.37399999999941,0.9412953624946575,2.546471182143894,1.0,0.33612840226060775,3.548166939287398,3.8842953415480057
7.37599999999941,0.9463846218151877,2.5427740117912614,1.0,0.33515307468840544,3.5542315263045334,3.8893846009929387
7.3779999999994095,0.9514664022749326,2.5389924413187246,1.0,0.33415694802359885,3.5603094335548833,3.894466381578482
7.379999999999409,0.9565405357941908,2.5351271916461533,1.0,0.333140311002453,3.5664002042224525,3.8995405152249054
7.381999999999409,0.9616068557373456,2.531178985916333,1.0,0.3321034539793578,3.5725033813172047,3.9046068352965624
7.383999999999409,0.966665196917178,2.5271485493620958,1.0,0.33104666882510186,3.5786185077811026,3.9096651766062043
7.385999999999409,0.9717153955989144,2.52303660917409,1.0,0.3299702488259116,3.584745126593115,3.9147153754190267
7.387999999999408,0.9767572895040109,2.518843894369237,1.0,0.32887448858329044,3.590882780873164,3.9197572694564546
7.389999999999408,0.9817907178136742,2.5145711356598914,1.0,0.3277596839146986,3.5970310139849664,3.924790697899665
7.391999999999408,0.9868155211721231,2.510219065323755,1.0,0.32662613175510014,3.6031893696377444,3.9298155013928446
7.393999999999408,0.9918315416895892,2.505788417074567,1.0,0.32547413005941744,3.6093573919867774,3.9348315220461947
7.3959999999994075,0.9968386229450603,2.5012799259336043,1.0,0.32430397770592195,3.61553462573275,3.939838603438672
7.397999999999407,1.001836609988768,2.4966943281020297,1.0,0.32311597440059386,3.621720616219881,3.944836590620475
7.399999999999407,1.0068253493444201,2.49203236083411,1.0,0.32191042058247954,3.627914909532803,3.9498253301152824
7.401999999999407,1.0118046890111818,2.4872947623113397,1.0,0.32068761733007906,3.6341170525921465,3.9548046699222255
7.403999999999407,1.0167744784654034,2.4824822715174992,1.0,0.31944786626878746,3.640326593248836,3.9597744595176234
7.405999999999406,1.0217345686621022,2.477595628114675,1.0,0.3181914694794219,3.646543080377039,3.964734549856461
7.407999999999406,1.0266848120361953,2.472635572320268,1.0,0.31691872940785765,3.6527660639657658,3.9696847933736232
7.409999999999406,1.0316250625034882,2.4676028447850245,1.0,0.31562994877579753,3.6589950952090877,3.974625043984885
7.411999999999406,1.0365551754614202,2.462498186472106,1.0,0.3143254304927034,3.6652297265949483,3.9795551570876517
7.4139999999994055,1.0414750077895694,2.4573223385372307,1.0,0.3130054775689063,3.671469511992563,3.9844749895614693
7.415999999999405,1.046384417849919,2.452076042209913,1.0,0.3116703930299224,3.677714006738367,3.9893843997682894
7.417999999999405,1.051283265486887,2.4467600386758153,1.0,0.3103204798319934,3.6839627677205034,3.994283247552497
7.419999999999405,1.0561714120271217,2.4413750689602494,1.0,0.308956040778872,3.6902153534618356,3.9991713942407077
7.421999999999405,1.0610487202790648,2.435921873812838,1.0,0.3075773784398705,3.6964713242014615,4.004048702641332
7.423999999999404,1.065915054532287,2.430401193593367,1.0,0.30618479506919055,3.702730241974717,4.0089150370439075
7.425999999999404,1.0707702805565944,2.4248137681588426,1.0,0.3047785925265531,3.7089916706916553,4.013770263218208
7.427999999999404,1.075614265600911,2.4191603367517818,1.0,0.30335907219914054,3.715255176213986,4.018614248413127
7.429999999999404,1.080446878391939,2.413441637889746,1.0,0.3019265349248697,3.7215203264304617,4.023446861355332
7.4319999999994035,1.0852679891326003,2.4076584092561473,1.0,0.3004812809170058,3.7277866913307074,4.028267972247713
7.433999999999403,1.0900774695002589,2.4018113875923355,1.0,0.29902360969013336,3.734053843077471,4.033077452767604
7.435999999999403,1.0948751926447307,2.395901308590992,1.0,0.29755381998749475,3.7403213560772928,4.037875176064787
7.437999999999403,1.0996610331860803,2.3899289067908414,1.0,0.296072209709706,3.7465888070495907,4.042661016759297
7.439999999999403,1.104434867212209,2.3838949154726974,1.0,0.29457907584486315,3.7528557750941385,4.047434850939002
7.441999999999402,1.1091965722762367,2.377800066556862,1.0,0.2930747144000425,3.7591218417569467,4.052196556156989
7.443999999999402,1.1139460273936783,2.3716450905018864,1.0,0.29155942033421056,3.765386591094534,4.056946011428745
7.445999999999402,1.118683113039421,2.3654307162047137,1.0,0.2900334874925421,3.771649609736581,4.061683097229123
7.447999999999402,1.123407711144502,2.359157670902209,1.0,0.28849720854216,3.7779104869469715,4.066407695489131
7.4499999999994015,1.1281197050926912,2.352826680074098,1.0,0.2869508749092982,3.784168814683209,4.071119689592507
7.451999999999401,1.1328189797168813,2.3464384673473138,1.0,0.2853947767178921,3.790424187654222,4.0758189643721146
7.453999999999401,1.1375054212952869,2.3399937544017773,1.0,0.283829202729602,3.7966762033765336,4.080505406106136
7.455999999999401,1.1421789175474582,2.3334932608776064,1.0,0.2822544402852703,3.80292446222882,4.08517890251409
7.457999999999401,1.1468393576301097,2.3269377042837727,1.0,0.2806707752478169,3.809168567504849,4.089839342752666
7.4599999999994,1.1514866321327677,2.320327799908212,1.0,0.279078491946569,3.815408125464787,4.094486617411356
7.4619999999994,1.1561206330732392,2.3136642607293947,1.0,0.2774778731230318,3.8216427453849073,4.099120618507939
7.4639999999994,1.1607412538929065,2.3069477973293653,1.0,0.27586919987809405,3.8278720396056745,4.103741239483768
7.4659999999994,1.1653483894518477,2.300179117808256,1.0,0.27425275162067037,3.8340956235782224,4.108348375198893
7.4679999999994,1.1699419360237897,2.2933589277002815,1.0,0.27262880601777706,3.8403131159092325,4.11294192192701
7.469999999999399,1.1745217912908927,2.2864879298912193,1.0,0.2709976389460378,3.846524138404214,4.117521777350252
7.471999999999399,1.1790878543383723,2.2795668245373797,1.0,0.2693595244446181,3.8527283161091894,4.1220878405538075
7.473999999999399,1.183640025648961,2.272596308986069,1.0,0.2677147346695811,3.8589252773507967,4.126640012020378
7.475999999999399,1.1881782070972118,2.265577077697552,1.0,0.2660635398496615,3.8651146537748295,4.131178193624491
7.4779999999993985,1.1927023019436471,2.258509822168512,1.0,0.2644062082434521,3.87129608038319,4.135702288626642
7.479999999999398,1.1972122148287565,2.251395230857013,1.0,0.2627430060979962,3.8774691955692977,4.1402122016672935
7.481999999999398,1.2017078517668458,2.244233989108965,1.0,0.2610741976087773,3.8836336411519463,4.1447078387607235
7.483999999999398,1.2061891201397401,2.237026779086091,1.0,0.25940004488110247,3.88978906240763,4.149189107288732
7.485999999999398,1.210655928690345,2.229774279695401,1.0,0.25772080789286655,3.895935108101332,4.153655915994198
7.487999999999397,1.215108187516068,2.2224771665201657,1.0,0.25603674445869223,3.9020714305158113,4.158108174974504
7.489999999999397,1.2195458080621027,2.2151361117523933,1.0,0.25434811019543363,3.9081976854793825,4.162545795674816
7.491999999999397,1.22396870311458,2.2077517841268075,1.0,0.25265515848903575,3.914313532392207,4.166968690881243
7.493999999999397,1.22837678679359,2.200324848856322,1.0,0.2509581404627387,3.92041863425111,4.171376774713849
7.4959999999993965,1.2327699745460732,2.192855967569012,1.0,0.24925730494661438,3.9265126576729354,4.17576996261955
7.497999999999396,1.2371481831385907,2.1853457982465776,1.0,0.2475528984484265,3.9325952729164575,4.180148171364884
7.499999999999396,1.2415113306499699,2.177794995164295,1.0,0.2458451651258011,3.938666153902854,4.184511319028655
7.501999999999396,1.245859336463834,2.1702042088324522,1.0,0.24413434675969284,3.944724978234769,4.188859324994462
7.503999999999396,1.2501921212610134,2.1625740859392644,1.0,0.24242068272913989,3.950771427213975,4.193192109943115
7.505999999999395,1.254509607011847,2.154905269295263,1.0,0.24070440998728737,3.9568051858576405,4.197509595844928
7.507999999999395,1.2588117169683717,2.1471983977791536,1.0,0.23898576303867108,3.9628259429132453,4.201811705951917
7.509999999999395,1.2630983756564056,2.139454106285137,1.0,0.237264973917745,3.968833390872133,4.206098364789878
7.511999999999395,1.2673695088675285,2.1316730256716823,1.0,0.23554227216863854,3.9748272259817314,4.21036949815037
7.5139999999993945,1.2716250436509593,2.1238557827117543,1.0,0.23381788482612895,3.9808071482564626,4.214625033082592
7.515999999999394,1.275864908305337,2.116003000044477,1.0,0.23209203639781384,3.9867728614873474,4.218864897885162
7.517999999999394,1.280089032370406,2.108115296128233,1.0,0.23036494884746941,3.992724073250333,4.223089022097803
7.519999999999394,1.2842973466186085,2.1001932851951852,1.0,0.22863684157957553,3.9986604949133637,4.227297336492939
7.521999999999394,1.2884897830465882,2.09223757720722,1.0,0.22690793142499663,4.0045818416421985,4.231489773067195
7.523999999999393,1.2926662748666065,2.0842487778132908,1.0,0.2251784326277973,4.0104878324050155,4.235666265032813
7.525999999999393,1.2968267564978753,2.0762274883081635,1.0,0.2234485568331801,4.016378189975806,4.239826746808986
7.527999999999393,1.3009711635578083,2.068174305592549,1.0,0.22171851307652532,4.0222526409365855,4.243971154013111
7.529999999999393,1.3050994328531949,2.0600898221346142,1.0,0.21998850777351928,4.028110915678439,4.248099423451958
7.5319999999993925,1.3092115023712967,2.051974625932858,1.0,0.21825874471135182,4.033952748401421,4.252211493112773
7.533999999999392,1.313307311270873,2.043829300480346,1.0,0.21652942504096567,4.039777877113332,4.256307302154298
7.535999999999392,1.317386799873135,2.03565442473029,1.0,0.21480074727034135,4.045586043627387,4.260386790897728
7.537999999999392,1.3214499096526326,2.027450573062961,1.0,0.21307290725879985,4.051376993558797,4.264449900817597
7.539999999999392,1.325496583228077,2.0192183152539256,1.0,0.21134609821230393,4.057150476320296,4.2684965745326
7.541999999999391,1.3295267643531,2.0109582164435915,1.0,0.20962051067974222,4.062906245116612,4.272526755796354
7.543999999999391,1.3335403979069547,2.0026708371080533,1.0,0.20789633255017653,4.068644056937922,4.2765403894880984
7.545999999999391,1.337537429885159,1.9943567330312213,1.0,0.20617374905103553,4.074363672552299,4.280537421603334
7.547999999999391,1.3415178073900842,1.9860164552782258,1.0,0.2044529427472345,4.080064856497187,4.284517799244422
7.5499999999993905,1.3454814786214917,1.9776505501700798,1.0,0.20273409354120614,4.085747377069901,4.288481470611107
7.55199999999939,1.3494283928670205,1.9692595592595905,1.0,0.20101737867382136,4.091411006317196,4.292428384991017
7.55399999999939,1.353358500492628,1.9608440193085022,1.0,0.19930297272618339,4.097055520023912,4.2963584927500955
7.55599999999939,1.357271752932986,1.9524044622658612,1.0,0.1975910476222758,4.102680697700727,4.300271745323003
7.55799999999939,1.3611681026818345,1.9439414152475865,1.0,0.19588177263244613,4.1082863225710184,4.304168095203464
7.559999999999389,1.365047503282296,1.9354554005172324,1.0,0.19417531437770832,4.113872181556887,4.308047495934595
7.561999999999389,1.3689099093171526,1.92694693546793,1.0,0.19247183683484317,4.11943806526432,4.311909902099163
7.563999999999389,1.3727552763990882,1.918416532605493,1.0,0.19077150134227994,4.124983767967564,4.315755269309843
7.565999999999389,1.3765835611608976,1.9098646995326722,1.0,0.18907446660674077,4.130509087592677,4.319583554199418
7.5679999999993885,1.380394721245666,1.901291938934547,1.0,0.18738088871062922,4.136013825700336,4.3233947144109655
7.569999999999388,1.3841887152969194,1.892698748565036,1.0,0.18569092112014418,4.141497787467855,4.3271887085879985
7.571999999999388,1.3879655029487505,1.8840856212345134,1.0,0.18400471469410204,4.146960781670501,4.330965496364603
7.573999999999388,1.3917250448159195,1.8754530447985183,1.0,0.18232241769344848,4.15240262066208,4.334725038355529
7.575999999999388,1.3954673024839341,1.8668015021475375,1.0,0.18064417579144176,4.157823120354834,4.338467296146276
7.5779999999993874,1.3991922384991105,1.8581314711978507,1.0,0.17897013208448911,4.163222100198663,4.342192232283152
7.579999999999387,1.4028998163586162,1.8494434248834213,1.0,0.17730042710361976,4.168599383159698,4.345899810263318
7.581999999999387,1.4065900005004983,1.840737831148818,1.0,0.17563519882657516,4.173954795698236,4.349589994524812
7.583999999999387,1.4102627562936987,1.8320151529431514,1.0,0.1739745826904995,4.179288167746069,4.353262750436569
7.585999999999387,1.4139180500280575,1.8232758482150104,1.0,0.1723187116052141,4.1845993326832085,4.356918044288423
7.587999999999386,1.417555848904308,1.814520369908384,1.0,0.170667715967055,4.189888127314046,4.360555843281102
7.589999999999386,1.4211761210240648,1.8057491659595521,1.0,0.16902172367326088,4.195154391842949,4.3641761155162095
7.591999999999386,1.4247788353798045,1.7969626792949298,1.0,0.16738086013689069,4.200397969849332,4.367778829986223
7.593999999999386,1.4283639618448465,1.7881613478298501,1.0,0.165745248302255,4.205618708262197,4.371363956564451
7.5959999999993855,1.4319314711633289,1.7793456044682703,1.0,0.1641150086608454,4.210816457334186,4.374931465995031
7.597999999999385,1.4354813349401867,1.7705158771033844,1.0,0.16249025926774344,4.215991070615148,4.3784813298828915
7.599999999999385,1.4390135256311323,1.7616725886191291,1.0,0.16087111575849375,4.221142404925246,4.382013520683739
7.601999999999385,1.442528016532638,1.7528161568925649,1.0,0.15925769136642529,4.22627032032762,4.385528011694046
7.603999999999385,1.4460247817719263,1.7439469947971187,1.0,0.15765009694040275,4.231374680100622,4.3890247770410244
7.605999999999384,1.4495037962969661,1.7350655102066719,1.0,0.15604844096299453,4.236455350709653,4.392503791672647
7.607999999999384,1.4529650358664787,1.726172106000479,1.0,0.15445282956903988,4.241512201778586,4.395965031347626
7.609999999999384,1.456408477039954,1.7172671800689003,1.0,0.1528633665645998,4.246545106060853,4.399408472625453
7.611999999999384,1.4598340971676789,1.7083511253199344,1.0,0.15128015344627663,4.251553939410132,4.402834092856409
7.6139999999993835,1.4632418743807802,1.699424329686535,1.0,0.1497032894208877,4.256538580750732,4.40624187017162
7.615999999999383,1.4666317875812822,1.6904871761346958,1.0,0.14813287142547607,4.2614989120476325,4.409631783473109
7.617999999999383,1.4700038164321811,1.68154004267229,1.0,0.14656899414764551,4.266434818276223,4.413003812423868
7.619999999999383,1.4733579413475395,1.6725833023586478,1.0,0.14501175004620487,4.271346187391756,4.416357937437961
7.621999999999383,1.4766941434825978,1.663617323314858,1.0,0.14346122937210581,4.2762329102985195,4.419694139670625
7.623999999999382,1.4800124047239098,1.654642468734776,1.0,0.14191752018966192,4.281094880818754,4.423012401008417
7.625999999999382,1.4833127076794999,1.6456590968967295,1.0,0.14038070839803346,4.285931995661321,4.426312704059354
7.627999999999382,1.486595035669043,1.6366675611758983,1.0,0.1388508777529657,4.2907441543901506,4.429595032143117
7.629999999999382,1.4898593727140728,1.6276682100573612,1.0,0.13732810988876495,4.29553125939247,4.432859369281235
7.6319999999993815,1.4931057035282138,1.618661387149791,1.0,0.13581248434050192,4.3002932158468345,4.436105700187336
7.633999999999381,1.4963340135074439,1.609647431199785,1.0,0.13430407856642673,4.30502993169097,4.439334010257396
7.635999999999381,1.4995442887203843,1.6006266761068153,1.0,0.13280296797058444,4.309741317589454,4.4425442855600386
7.637999999999381,1.5027365158986208,1.5915994509387852,1.0,0.1313092259256173,4.314427286901231,4.445736512826849
7.639999999999381,1.505910682427057,1.5825660799481773,1.0,0.12982292379574248,4.31908775564699,4.448910679442733
7.64199999999938,1.5090667763342998,1.5735268825887796,1.0,0.12834413095989167,4.3237226424764055,4.4520667734362975
7.64399999999938,1.5122047862830794,1.5644821735329753,1.0,0.1268729148350025,4.328331868635273,4.4552047834702755
7.64599999999938,1.5153247015607045,1.5554322626895811,1.0,0.12540934089944772,4.332915357932529,4.4583246988319765
7.64799999999938,1.5184265120695526,1.5463774552222234,1.0,0.12395347271659317,4.3374730367071885,4.461426509423782
7.6499999999993795,1.5215102083175993,1.5373180515682348,1.0,0.12250537195847098,4.342004833795195,4.464510205753665
7.651999999999379,1.5245757814089846,1.5282543474580608,1.0,0.12106509842955877,4.346510680496216,4.467575778925775
7.653999999999379,1.5276232230346192,1.5191866339351612,1.0,0.11963271009065302,4.350990510540366,4.470623220631019
7.655999999999379,1.5306525254628303,1.510115197376394,1.0,0.11820826308282603,4.355444260054904,4.47365252313773
7.657999999999379,1.5336636815300497,1.5010403195128679,1.0,0.11679181175145734,4.3598718675308845,4.476663679282342
7.659999999999378,1.536656684631544,1.4919622774512507,1.0,0.11538340867032772,4.364273273789797,4.479656682460124
7.661999999999378,1.5396315287121858,1.4828813436955217,1.0,0.11398310466576715,4.368648421950187,4.482631526615954
7.663999999999378,1.5425882082572722,1.4737977861691538,1.0,0.11259094884084653,4.372997257394285,4.485588206235132
7.665999999999378,1.545526718283385,1.4647118682377136,1.0,0.11120698859960422,4.377319727734637,4.488526716334241
7.6679999999993775,1.5484470543292987,1.455623848731867,1.0,0.10983126967129754,4.381615782780765,4.491447052452062
7.669999999999377,1.5513492124469337,1.4465339819707783,1.0,0.1084638361346706,4.385885374505849,4.494349210640519
7.671999999999377,1.5542331891923566,1.437442517785891,1.0,0.1071047304422299,4.390128457013452,4.497233187455682
7.673999999999377,1.55709898161683,1.4283497015450757,1.0,0.10575399344451888,4.3943449865043,4.5000989799488185
7.675999999999377,1.5599465872579081,1.4192557741771379,1.0,0.10441166441438283,4.398534921243104,4.502946585657487
7.677999999999376,1.5627760041305854,1.4101609721966697,1.0,0.10307778107121705,4.402698221525469,4.505776002596686
7.679999999999376,1.5655872307184915,1.4010655277292368,1.0,0.10175237960518888,4.406834849644862,4.50858722925005
7.681999999999376,1.5683802659651396,1.3919696685368874,1.0,0.10043549470142735,4.410944769859672,4.511380264561099
7.683999999999376,1.5711551092652252,1.3828736180439745,1.0,0.09912715956417255,4.415027948360358,4.51415510792453
7.6859999999993756,1.573911760455976,1.3737775953632763,1.0,0.09782740594087655,4.419084353236703,4.516911759177579
7.687999999999375,1.5766502198085564,1.3646818153224087,1.0,0.09653626414625029,4.4231139544451645,4.519650218591415
7.689999999999375,1.5793704880195225,1.3555864884905167,1.0,0.09525376308624839,4.42711672377635,4.522370486862598
7.691999999999375,1.582072566202333,1.3464918212052324,1.0,0.09397993028198642,4.431092634822607,4.525072565104594
7.693999999999375,1.5847564558789127,1.337398015599894,1.0,0.09271479189358277,4.435041662945749,4.527756454839332
7.6959999999993745,1.587422158971272,1.3283052696310103,1.0,0.09145837274392014,4.4389637852449075,4.530422157988828
7.697999999999374,1.5900696777931804,1.319213777105965,1.0,0.09021069634231992,4.442858980524539,4.533069676866859
7.699999999999374,1.5926990150418963,1.3101237277109485,1.0,0.08897178490812375,4.446727229262565,4.535699014170689
7.701999999999374,1.5953101737899524,1.301035307039107,1.0,0.08774165939417693,4.450568513578678,4.538310172972855
7.703999999999374,1.597903157476999,1.2919486966189015,1.0,0.0865203395102077,4.454382817202807,4.540903156713014
7.705999999999373,1.600477969901702,1.2828640739426662,1.0,0.08530784374609733,4.4581701254437425,4.54347796918984
7.707999999999373,1.6030346152136994,1.2737816124953565,1.0,0.08410418939503615,4.46193042515794,4.546034614552976
7.709999999999373,1.6055730979056164,1.2647014817834779,1.0,0.08290939257656019,4.4656637047184935,4.548573097295054
7.711999999999373,1.608093422805137,1.2556238473641876,1.0,0.0817234682594641,4.469369953984297,4.551093422243762
7.7139999999993725,1.610595595067134,1.2465488708745596,1.0,0.08054643028458555,4.473049164269397,4.5535955945539826
7.715999999999372,1.6130796201658595,1.237476710061003,1.0,0.07937829138745651,4.476701328312517,4.5560796196999735
7.717999999999372,1.6155455038871918,1.2284075188088286,1.0,0.0782190632208178,4.4803264402468015,4.558545503467619
7.719999999999372,1.6179932523209437,1.2193414471719533,1.0,0.07706875637699234,4.483924495569747,4.56099325194674
7.721999999999372,1.6204228718532292,1.2102786414027327,1.0,0.07592738041011339,4.487495491113343,4.563422871523456
7.723999999999371,1.6228343691588905,1.2012192439819183,1.0,0.07479494385820398,4.491039425014413,4.565834368872617
7.725999999999371,1.6252277511939848,1.1921633936487264,1.0,0.07367145426510426,4.4945562966851815,4.568227750950286
7.727999999999371,1.627603025188331,1.1831112254310157,1.0,0.07255691820224272,4.498046106784049,4.5706030249862915
7.729999999999371,1.629960198638118,1.1740628706755627,1.0,0.07145134129024884,4.501508857186577,4.572960198476826
7.7319999999993705,1.6322992792985722,1.1650184570784297,1.0,0.07035472822040335,4.504944550956722,4.575299279177125
7.73399999999937,1.634620275176687,1.1559781087154168,1.0,0.06926708277592364,4.508353192318265,4.577620275094189
7.73599999999937,1.6369231945240124,1.146941946072592,1.0,0.0681884078530811,4.511734786626493,4.579923194479575
7.73799999999937,1.6392080458295062,1.1379100860768923,1.0,0.0671187054821481,4.515089340340101,4.582208045822249
7.73999999999937,1.6414748378124469,1.1288826421267875,1.0,0.0660579768481719,4.518416860993321,4.584474837841493
7.741999999999369,1.6437235794154066,1.119859724123004,1.0,0.06500622231157274,4.52171735716832,4.586723579479893
7.743999999999369,1.645954279797287,1.110841438499297,1.0,0.06396344142856465,4.5249908384677875,4.5889542798963525
7.745999999999369,1.648166948326416,1.1018278882532706,1.0,0.06292963297139599,4.528237315487812,4.5911669484592075
7.747999999999369,1.6503615945737065,1.0928191729772332,1.0,0.061904794948408406,4.531456799790972,4.59336159473938
7.7499999999993685,1.6525382283058758,1.0838153888890893,1.0,0.060888924623911746,4.534649303879683,4.595538228503595
7.751999999999368,1.654696859478729,1.074816628863256,1.0,0.05988201853787352,4.537814841169791,4.597696859707664
7.753999999999368,1.656837498230502,1.065822982461601,1.0,0.0588840725254212,4.540953425964409,4.59983749848983
7.755999999999368,1.658960154875268,1.056834535964399,1.0,0.057895081736155665,4.54406507342802,4.601960155164176
7.757999999999368,1.6610648398964043,1.0478513724012946,1.0,0.056915040653274754,4.54714979956081,4.604064840214084
7.759999999999367,1.6631515639401235,1.0388735715822746,1.0,0.055943943112505126,4.550207621173271,4.606151564285777
7.761999999999367,1.665220337809064,1.0299012101286376,1.0,0.05498178232084151,4.553238555861055,4.608220338181897
7.763999999999367,1.6672711724559435,1.0209343615039597,1.0,0.05402855087509232,4.556242621980082,4.610271172855174
7.765999999999367,1.6693040789772755,1.0119730960450515,1.0,0.053084240780230385,4.559219838621895,4.612304079402126
7.7679999999993665,1.6713190686071457,1.0030174809929,1.0,0.05214884346754825,4.562170225589299,4.614319069056847
7.769999999999366,1.6733161527110523,0.9940675805235919,1.0,0.05122234981261685,4.565093803372226,4.616316153184843
7.771999999999366,1.6752953427798059,0.9851234557792138,1.0,0.050304750153047084,4.567990593123884,4.618295343276931
7.773999999999366,1.6772566504234934,0.9761851648987251,1.0,0.0493960343060538,4.570860616637155,4.620256650943209
7.775999999999366,1.679200087365502,0.9672527630487993,1.0,0.048496191585821434,4.5737038963212475,4.622200087907069
7.777999999999365,1.6811256654366056,0.9583263024546292,1.0,0.047605210820670825,4.576520455178621,4.624125665999292
7.779999999999365,1.6830333965691129,0.9494058324306938,1.0,0.0467230803700272,4.57931031678217,4.626033397152197
7.781999999999365,1.6849232927910762,0.9404913994114802,1.0,0.045849788141188765,4.5820735052526524,4.627923293393841
7.783999999999365,1.6867953662205626,0.9315830469821603,1.0,0.04498532160589572,4.584810045236406,4.629795366842301
7.7859999999993645,1.6886496290599855,0.9226808159092164,1.0,0.04412966781669965,4.587519961883298,4.631649629699997
7.787999999999364,1.6904860935904982,0.9137847441710124,1.0,0.04328281342313348,4.590203280824957,4.633486094248091
7.789999999999364,1.692304772166448,0.9048948669883093,1.0,0.04244474468768156,4.592860028153254,4.635304772840936
7.791999999999364,1.6941056772098912,0.8960112168547194,1.0,0.041615447501550246,4.595490230399046,4.637105677900597
7.793999999999364,1.6958888212051704,0.8871338235670975,1.0,0.040794907400239264,4.598093914511185,4.638888821911425
7.795999999999363,1.6976542166935493,0.8782627142558658,1.0,0.03998310957891385,4.600671107835775,4.640654217414689
7.797999999999363,1.699401876267912,0.8693979134152705,1.0,0.03918003890757805,4.603221838095705,4.642401877003284
7.799999999999363,1.7011318125675199,0.8605394429335659,1.0,0.038385679946049564,4.605746133370425,4.644131813316474
7.801999999999363,1.7028440382728298,0.8516873221231244,1.0,0.03760001695873662,4.6082440220759935,4.64584403903473
7.803999999999363,1.7045385661003727,0.84284156775047,1.0,0.03682303392921705,4.610715532945368,4.6475385668745846
7.805999999999362,1.7062154087976915,0.8340021940662328,1.0,0.036054714574620596,4.613160695008971,4.649215409583592
7.807999999999362,1.7078745791383396,0.8251692128350211,1.0,0.03529504235981435,4.615579537575496,4.65087457993531
7.809999999999362,1.7095160899169384,0.8163426333652115,1.0,0.03454400051139269,4.617972090212979,4.652516090724372
7.811999999999362,1.7111399539442944,0.8075224625386521,1.0,0.03380157203147178,4.620338382730115,4.654139954761587
7.8139999999993615,1.7127461840425762,0.7987087048402788,1.0,0.0330677397112897,4.6226784451578435,4.655746184869133
7.815999999999361,1.7143347930405495,0.7899013623876417,1.0,0.03234248614461281,4.624992307731172,4.657334793875784
7.817999999999361,1.7159057937688729,0.7811004349603414,1.0,0.03162579374094926,4.627280000871257,4.658905794612206
7.819999999999361,1.7174591990554502,0.7723059200293707,1.0,0.03091764473857038,4.629541555167739,4.66045919990631
7.821999999999361,1.7189950217208434,0.7635178127863634,1.0,0.03021802121734084,4.631777001361321,4.661995022578662
7.82399999999936,1.7205132745737421,0.7547361061727468,1.0,0.02952690511135867,4.633986370326606,4.663513275437965
7.82599999999936,1.7220139704064934,0.7459607909087964,1.0,0.028844278221405825,4.636169693055162,4.665013971276569
7.82799999999936,1.7234971219906876,0.7371918555225929,1.0,0.02817012222721052,4.638327000638861,4.666497122866072
7.82999999999936,1.724962742072803,0.7284292863788792,1.0,0.027504418699522127,4.640458324253438,4.66796274295296
7.8319999999993595,1.7264108433699084,0.7196730677078156,1.0,0.026847149111999927,4.642563695142311,4.669410844254311
7.833999999999359,1.7278414385654217,0.7109231816336348,1.0,0.026198294852916578,4.644643144600631,4.670841439453548
7.835999999999359,1.7292545403049275,0.7021796082031927,1.0,0.025557837236677376,4.646696703959586,4.6722545411962635
7.837999999999359,1.7306501611920502,0.6934423254144163,1.0,0.024925757515156795,4.648724404570933,4.67365016208609
7.839999999999359,1.7320283137843848,0.6847113092446467,1.0,0.02430203688885293,4.650726277791773,4.675028314680627
7.841999999999358,1.7333890105894842,0.6759865336788772,1.0,0.023686656517861365,4.652702354969574,4.676389011487435
7.843999999999358,1.7347322640609022,0.6672679707378852,1.0,0.02307959753266953,4.654652667427408,4.677732264960078
7.845999999999358,1.7360580865942934,0.658555590506259,1.0,0.02248084104477283,4.656577246449442,4.679058087494215
7.847999999999358,1.7373664905235684,0.649849361160316,1.0,0.021890368157113555,4.6584761232666505,4.680366491423764
7.8499999999993575,1.7386574881171055,0.6411492489959154,1.0,0.021308159974344106,4.660349329042766,4.681657489017111
7.851999999999357,1.7399310915740176,0.6324552184561627,1.0,0.020734197612915582,4.662196894860458,4.682931092473374
7.853999999999357,1.7411873130204736,0.6237672321590062,1.0,0.020168462210992964,4.6640188517077386,4.6841873139187316
7.855999999999357,1.7424261645060763,0.6150852509247265,1.0,0.019610934938198384,4.665815230464593,4.685426165402791
7.857999999999357,1.7436476580002944,0.6064092338033175,1.0,0.019061597005183548,4.667586061889847,4.686647658895031
7.859999999999356,1.7448518053889488,0.5977391381017587,1.0,0.01852042967303261,4.669331376608242,4.687851806281275
7.861999999999356,1.746038618470754,0.5890749194111814,1.0,0.017987414262497062,4.67105120509775,4.689038619360247
7.863999999999356,1.7472081089539135,0.5804165316339248,1.0,0.017462532163063496,4.672745577677094,4.690208109840158
7.865999999999356,1.7483602884527694,0.5717639270104864,1.0,0.016945764841856045,4.674414524493498,4.691360289335354
7.8679999999993555,1.7494951684845048,0.5631170561463633,1.0,0.01643709385237439,4.676058075510653,4.692495169363028
7.869999999999355,1.7506127604659016,0.5544758680387876,1.0,0.01593650084306895,4.677676260496897,4.693612761339966
7.871999999999355,1.7517130757101498,0.5458403101033535,1.0,0.015443967565754375,4.679269109013611,4.694713076579365
7.873999999999355,1.752796125423711,0.5372103282005402,1.0,0.014959475883862783,4.680836650403833,4.695796126287696
7.875999999999355,1.7538619207032349,0.5285858666621259,1.0,0.01448300778053804,4.682378913781075,4.696861921561613
7.877999999999354,1.754910472532528,0.5199668683174994,1.0,0.014014545366572356,4.683895928018357,4.69791047338493
7.879999999999354,1.7559417917795748,0.5113532745198642,1.0,0.013554070888186455,4.685387721737449,4.698941792625635
7.881999999999354,1.7569558891936121,0.5027450251723403,1.0,0.013101566734654912,4.686854323298321,4.699955890032975
7.883999999999354,1.7579527754022541,0.49414205875396117,1.0,0.012657015445777544,4.688295760788792,4.70095277623457
7.8859999999993535,1.7589324609086712,0.48554431234556883,1.0,0.01222039971919851,4.689712062014397,4.701932461733596
7.887999999999353,1.759894956088818,0.4769517216556063,1.0,0.011791702417574235,4.691103254488439,4.702894956906014
7.889999999999353,1.7608402711887154,0.4683642210458092,1.0,0.011370906575591524,4.69246936542226,4.703840271997851
7.891999999999353,1.7617684163217828,0.4597817435567969,1.0,0.010957995406837062,4.693810421715698,4.704768417122535
7.893999999999353,1.7626794014662204,0.45120422093356427,1.0,0.010552952310519663,4.69512644994775,4.70567940225827
7.895999999999352,1.763573236462444,0.4426315836508753,1.0,0.010155760878046517,4.696417476367433,4.70657323724548
7.897999999999352,1.76444993101057,0.43406376093855914,1.0,0.009766404899454616,4.697683526884831,4.707449931784286
7.899999999999352,1.7653094946679502,0.42550068080671,1.0,0.009384868369698665,4.6989246270623495,4.708309495432048
7.901999999999352,1.7661519368467584,0.41694227007079165,1.0,0.00901113549479671,4.700140802106147,4.709151937600944
7.9039999999993515,1.766977266811625,0.40838845437664845,1.0,0.008645190697834641,4.701332076857777,4.709977267555612
7.905999999999351,1.7677854936773234,0.39983915822542276,1.0,0.008287018624830887,4.702498475785999,4.71078549441083
7.907999999999351,1.7685766264065053,0.3912943049983816,1.0,0.007936604150462321,4.703640022978796,4.711576627129258
7.909999999999351,1.7693506738074856,0.38275381698165245,1.0,0.007593932383652727,4.7047567421355625,4.712350674519215
7.911999999999351,1.770107644532077,0.3742176153908704,1.0,0.0072589886730249,4.705848656559497,4.713107645232522
7.91399999999935,1.7708475470734732,0.3656856203957373,1.0,0.0069317586122174925,4.70691578915016,4.713847547762377
7.91599999999935,1.7715703897641821,0.3571577511444952,1.0,0.006612228045067823,4.707958162396228,4.7145703904412954
7.91799999999935,1.7722761807740068,0.3486339257883144,1.0,0.006300383070661699,4.708975798368423,4.7152761814390844
7.91999999999935,1.772964928108076,0.3401140615055986,1.0,0.005996210048251374,4.709968718712629,4.71596492876088
7.92199999999935,1.7736366396049223,0.3315980745262079,1.0,0.005699695602042673,4.710936944643177,4.71663664024522
7.923999999999349,1.7742913229346102,0.32308588015560147,1.0,0.0054108266258524,4.711880496936324,4.7172913235621765
7.925999999999349,1.7749289855969104,0.3145773927989017,1.0,0.0051295902876370356,4.712799395923887,4.717928986211524
7.927999999999349,1.7755496349195234,0.30607252598488066,1.0,0.004855974033893747,4.713693661487077,4.71854963552097
7.929999999999349,1.7761532780563511,0.29757119238987145,1.0,0.0045899655939347,4.714563313050489,4.7191532786444235
7.9319999999993485,1.7767399219858153,0.2890733038616052,1.0,0.004331552984035661,4.7154083695762745,4.7197399225603105
7.933999999999348,1.7773095735092246,0.280578771442976,1.0,0.004080724511459861,4.716228849558485,4.720309574069945
7.935999999999348,1.777862239249188,0.27208750539573534,1.0,0.003837468778358013,4.717024771017585,4.720862239795943
7.937999999999348,1.7783979256480773,0.26359941522411723,1.0,0.003601774685545458,4.717796151495137,4.721397926180683
7.939999999999348,1.7789166389665338,0.2551144096983969,1.0,0.003373631436157261,4.718543008048653,4.72191663948481
7.941999999999347,1.779418385282026,0.24663239687838331,1.0,0.0031530285391821924,4.719265357246616,4.722418385785798
7.943999999999347,1.7799031704874504,0.23815328413684905,1.0,0.002939955812876396,4.719963215163676,4.7229031709765525
7.945999999999347,1.780371000289782,0.22967697818289765,1.0,0.0027344033880575803,4.720636597375993,4.72337100076405
7.947999999999347,1.7808218802087692,0.22120338508527157,1.0,0.0025363617112805397,4.721285518956768,4.723821880668049
7.9499999999993465,1.7812558155756772,0.21273241029560191,1.0,0.0023458215478947713,4.721909994471923,4.724255816019817
7.951999999999346,1.781672811532077,0.20426395867160205,1.0,0.0021627739849849354,4.7225100379759475,4.724672811960932
7.953999999999346,1.78207287302868,0.19579793450020708,1.0,0.0019872104341948993,4.723085663007916,4.7250728734421115
7.955999999999346,1.7824560048242195,0.18733424152066078,1.0,0.0018191226344360532,4.723636882587657,4.725456005222093
7.957999999999346,1.78282221148438,0.17887278294755238,1.0,0.0016585026544805742,4.724163709212087,4.725822211866568
7.959999999999345,1.7831714973807684,0.17041346149380476,1.0,0.0015053428954403018,4.724666154851709,4.726171497747149
7.961999999999345,1.783503866689936,0.16195617939361637,1.0,0.0013596360931318351,4.72514423094726,4.726503867040392
7.963999999999345,1.7838193233924422,0.1535008384253584,1.0,0.001221375320328463,4.725597948406534,4.726819323726863
7.965999999999345,1.7841178712719665,0.1450473399344297,1.0,0.0010905539888994833,4.726027317601345,4.727117871590245
7.9679999999993445,1.7843995139144653,0.13659558485607134,1.0,0.0009671658518374812,4.726432348364666,4.727399514216503
7.969999999999344,1.784664254707374,0.12814547373814245,1.0,0.0008512050051740678,4.726813049987902,4.727664254993075
7.971999999999344,1.7849120968388559,0.11969690676385993,1.0,0.000742665889784578,4.727169431218349,4.727912097108134
7.973999999999344,1.7851430432970945,0.11124978377450374,1.0,0.0006415432930821971,4.727501500256782,4.728143043549864
7.975999999999344,1.785357096869633,0.10280400429209001,1.0,0.0005478323506019505,4.727809264755215,4.728357097105817
7.977999999999343,1.7855542601427583,0.09435946754201385,1.0,0.0004615285474749731,4.72809273181481,4.7285542603622845
7.979999999999343,1.7857345355009302,0.08591607247566421,1.0,0.00038262771979343636,4.728351907983939,4.728734535703732
7.981999999999343,1.7858979251262561,0.07747371779301267,1.0,0.00031112605586650056,4.728586799256405,4.728897925312271
7.983999999999343,1.7860444309980108,0.06903230196517833,1.0,0.0002470200973676085,4.728797411069817,4.729044431167185
7.9859999999993425,1.7861740548922014,0.06059172325697101,1.0,0.00019030674037343325,4.72898374830411,4.729174055044483
7.987999999999342,1.7862867983811768,0.05215187974941464,1.0,0.0001409832362947466,4.729145815280228,4.729286798516523
7.989999999999342,1.786382662833283,0.043712669362253286,1.0,9.904719269945747e-05,4.729283615758953,4.729382662951652
7.991999999999342,1.7864616494125631,0.03527398987644165,1.0,6.449657402803627e-05,4.729397152939895,4.729461649513923
7.993999999999342,1.786523759078502,0.02683573895662235,1.0,3.7329702201514784e-05,4.729486429460623,4.7295237591628245
7.995999999999341,1.786568992585816,0.018397814173592097,1.0,1.754525712222256e-05,4.729551447395956,4.7295689926530775
7.997999999999341,1.7865973504842882,0.009960113026758831,1.0,5.1422770673932365e-06,4.7295922082574045,4.729597350534472
7.999999999999341,1.786608833118648,0.0015225329665920651,1.0,1.2015897574468829e-07,4.729608712992765,4.729608833151741
8.001999999999342,1.7866034406284952,-0.006915028582931488,1.0,2.4786586271092817e-06,4.729600961985865,4.729603440644492
8.003999999999342,1.7865811729482697,-0.0153526742018848,1.0,1.2217890715162207e-05,4.729568955056454,4.729581172947169
8.005999999999343,1.7865420298072658,-0.023790506451947822,1.0,2.933832881326697e-05,4.72951269146026,4.729542029789074
8.007999999999344,1.7864860107296923,-0.03222862785396301,1.0,5.3840805233429055e-05,4.729432169889182,4.729486010694416
8.009999999999344,1.7864131150347748,-0.040667140865486937,1.0,8.572651077832031e-05,4.729327388471653,4.729413114982431
8.011999999999345,1.7863233418369067,-0.049106147858335836,1.0,0.00012499699438630818,4.72919834477313,4.7293233417675165
8.013999999999346,1.7862166900458414,-0.05754575109612295,1.0,0.0001716541626693952,4.729045035796762,4.729216689959432
8.015999999999346,1.7860931583669328,-0.06598605271178551,1.0,0.00022570027934394664,4.728867457984191,4.729093158263535
8.017999999999347,1.785952745301418,-0.07442715468509922,1.0,0.00028713796455405547,4.728665607216516,4.728952745181069
8.019999999999348,1.785795449146746,-0.08286915882017813,1.0,0.0003559701940873636,4.728439478815401,4.728795449009489
8.021999999999348,1.785621267996953,-0.09131216672295774,1.0,0.0004322002984831361,4.728189067544353,4.728621267842836
8.023999999999349,1.7854301997430793,-0.09975627977865914,1.0,0.0005158319620323487,4.727914367610124,4.7284301995721565
8.02599999999935,1.7852222420736348,-0.1082015991292323,1.0,0.0006068692216695267,4.727615372664296,4.728222241885965
8.02799999999935,1.7849973924751075,-0.11664822565077604,1.0,0.0007053164657560448,4.727292075805,4.727997392270756
8.029999999999351,1.7847556482325178,-0.12509625993093287,1.0,0.0008111784327545683,4.7269444695788,4.727755648011555
8.031999999999352,1.784497006430018,-0.13354580224625656,1.0,0.0009244602097942842,4.726572545982726,4.72749700619252
8.033999999999352,1.784221463951538,-0.14199695253955008,1.0,0.0010451672311265591,4.726176296466459,4.727221463697585
8.035999999999353,1.7839290174814737,-0.15044981039717226,1.0,0.0011733052764706059,4.725755711934684,4.726929017211154
8.037999999999354,1.7836196635054244,-0.15890447502631072,1.0,0.001308880469248743,4.725310782749582,4.72661966321883
8.039999999999354,1.7832933983109729,-0.1673610452322193,1.0,0.0014518992747107856,4.7248414987334915,4.7262933980082025
8.041999999999355,1.7829502179885124,-0.1758196193954177,1.0,0.0016023684979470797,4.724347849171722,4.725950217669669
8.043999999999356,1.7825901184321187,-0.18428029544885138,1.0,0.0017602952817896808,4.723829822815522,4.725590118097312
8.045999999999356,1.7822130953404687,-0.19274317085500983,1.0,0.001925687104601123,4.723287407885212,4.725213094989813
8.047999999999357,1.7818191442178037,-0.20120834258300108,1.0,0.0020985517779502374,4.722720592073469,4.72481914385142
8.049999999999358,1.7814082603749395,-0.20967590708558034,1.0,0.002278897444174402,4.722129362548778,4.724408259992953
8.051999999999358,1.7809804389303214,-0.21814596027613117,1.0,0.0024667325738276426,4.721513705959036,4.723980438532863
8.053999999999359,1.780535674811127,-0.22661859750559665,1.0,0.002662065963013906,4.720873608435323,4.723535674398336
8.05599999999936,1.7800739627544135,-0.2350939135393592,1.0,0.0028649067306048635,4.720209055595828,4.723073962326433
8.05799999999936,1.7795952973083122,-0.24357200253406677,1.0,0.0030752643153415505,4.719520032549949,4.72259529686529
8.059999999999361,1.7790996728332695,-0.2520529580144034,1.0,0.0032931484728191086,4.718806523902541,4.72209967237536
8.061999999999362,1.7785870835033333,-0.2605368728498028,1.0,0.0035185692723539107,4.718068513758343,4.721587083030697
8.063999999999362,1.7780575233074878,-0.2690238392311023,1.0,0.0037515370937322846,4.717305985726558,4.72105752282029
8.065999999999363,1.7775109860510332,-0.2775139486471359,1.0,0.003992062623840052,4.716518922925607,4.7205109855494465
8.067999999999364,1.776947465357014,-0.2860072918612647,1.0,0.004240156853172071,4.715707307988042,4.719947464841215
8.069999999999364,1.7763669546676928,-0.29450395888784214,1.0,0.004495831072220951,4.7148711230656435,4.719366954137865
8.071999999999365,1.775769447246072,-0.30300403896861305,1.0,0.004759096867744037,4.71401034983466,4.718769446702404
8.073999999999366,1.7751549361774634,-0.31150762054904446,1.0,0.005029966118907863,4.7131249695012425,4.71815493562015
8.075999999999366,1.7745234143711035,-0.3200147912545863,1.0,0.0053084509933090706,4.712214962807036,4.717523413800345
8.077999999999367,1.7738748745618176,-0.3285256378668607,1.0,0.005594563942870953,4.711280310034951,4.716874873977822
8.079999999999368,1.7732093093117318,-0.33704024629977747,1.0,0.005888317699614605,4.710320991015096,4.716209308714711
8.081999999999368,1.7725267110120322,-0.3455587015755751,1.0,0.006189725271303753,4.7093369851309,4.715526710402203
8.083999999999369,1.7718270718847717,-0.3540810878007848,1.0,0.006498799936962269,4.7083282713253976,4.71482707126236
8.08599999999937,1.7711103839847262,-0.3626074881421162,1.0,0.006815555242263319,4.707294828107699,4.714110383349962
8.08799999999937,1.7703766392012978,-0.37113798480226373,1.0,0.007140004994789172,4.706236633559628,4.713376638554418
8.089999999999371,1.769625829260468,-0.37967265899563124,1.0,0.0074721632591606,4.705153665342553,4.7126258286017135
8.091999999999372,1.7688579457267979,-0.3882115909239739,1.0,0.00781204435203474,4.704045900704383,4.711857945056417
8.093999999999372,1.7680729800054777,-0.3967548597519559,1.0,0.008159662836970437,4.702913316486756,4.711072979323726
8.095999999999373,1.7672709233444261,-0.40530254358262235,1.0,0.008515033519159882,4.701755889132404,4.7102709226515636
8.097999999999374,1.7664517668364381,-0.413854719432784,1.0,0.00887817144002545,4.700573594692705,4.70945176613273
8.099999999999374,1.7656155014213812,-0.42241146320831363,1.0,0.009249091871680602,4.699366408835421,4.7086155007071016
8.101999999999375,1.7647621178884436,-0.4309728496793523,1.0,0.0096278103112537,4.698134306852617,4.70776211716387
8.103999999999376,1.763891606878429,-0.43953895245542485,1.0,0.010014342475073523,4.696877263668775,4.706891606143848
8.105999999999376,1.7630039588861037,-0.44810984396046283,1.0,0.010408704292715395,4.69559525384909,4.706003958141806
8.107999999999377,1.7620991642625927,-0.45668559540773385,1.0,0.010810911900906587,4.6942882516079685,4.7050991635088755
8.109999999999378,1.761177213217826,-0.46526627677467625,1.0,0.011220981637289941,4.692956230817702,4.704177212454993
8.111999999999378,1.7602380958230357,-0.4738519567776377,1.0,0.011638930034044337,4.691599165017351,4.703238095051395
8.113999999999379,1.7592818020133032,-0.4824427028465173,1.0,0.012064773811360856,4.690217027421813,4.702281801233174
8.11599999999938,1.758308321590158,-0.491038581099309,1.0,0.012498529870773422,4.688809790931088,4.701308320801862
8.11799999999938,1.7573176442242266,-0.4996396563165466,1.0,0.01294021528834252,4.68737742813975,4.700317643428092
8.119999999999381,1.7563097594579336,-0.5082459919156486,1.0,0.013389847307690906,4.6859199113466055,4.699309758654296
8.121999999999382,1.7552846567082527,-0.5168576499251618,1.0,0.013847443332889883,4.684437212564565,4.698284655897455
8.123999999999382,1.7542423252695116,-0.5254746909589041,1.0,0.014313020921194925,4.682929303530706,4.697242324451901
8.125999999999383,1.7531827543162464,-0.5340971741900036,1.0,0.01478659777562936,4.681396155716549,4.696182753492178
8.127999999999384,1.7521059329061093,-0.5427251573248353,1.0,0.015268191737414763,4.679837740338531,4.695105932075946
8.129999999999384,1.7510118499828282,-0.5513586965768537,1.0,0.015757820778246844,4.678254028368689,4.694011849146936
8.131999999999385,1.7499004943792194,-0.5599978466403203,1.0,0.016255502992415415,4.676644990545557,4.692900493537973
8.133999999999386,1.7487718548202513,-0.5686426606639261,1.0,0.016761256588767162,4.675010597385264,4.691771853974031
8.135999999999386,1.747625919926163,-0.5772931902243088,1.0,0.017275099882509977,4.673350819192848,4.690625919075358
8.137999999999387,1.746462678215634,-0.5859494852994627,1.0,0.017797051286857404,4.67166562607378,4.689462677360638
8.139999999999388,1.7452821181090092,-0.5946115942420429,1.0,0.018327129304511993,4.669954987945711,4.688282117250223
8.141999999999388,1.7440842279315756,-0.6032795637525619,1.0,0.01886535251898616,4.668218874550421,4.687084227069407
8.143999999999389,1.7428689959168937,-0.6119534388524789,1.0,0.019411739585759293,4.666457255465998,4.685868995051758
8.14599999999939,1.7416364102101827,-0.6206332628571815,1.0,0.01996630922326977,4.66467010011923,4.6846364093425
8.14799999999939,1.7403864588717597,-0.6293190773488597,1.0,0.020529080203740533,4.662857377798217,4.683386458001958
8.149999999999391,1.7391191298805333,-0.6380109221492718,1.0,0.021100071343837047,4.661019057665212,4.682119129009049
8.151999999999392,1.7378344111375519,-0.6467088352924022,1.0,0.021679301495156084,4.65915510876967,4.680834410264826
8.153999999999392,1.7365322904696063,-0.6554128529970114,1.0,0.02226678953454444,4.657265500061543,4.679532289596088
8.155999999999393,1.7352127556328885,-0.6641230096390782,1.0,0.022862554354245782,4.655350200404786,4.678212754759032
8.157999999999394,1.7338757943167036,-0.6728393377241338,1.0,0.02346661485187487,4.653409178591097,4.6768757934429726
8.159999999999394,1.7325213941472397,-0.6815618678594888,1.0,0.024078989920217474,4.651442403353886,4.675521393274103
8.161999999999395,1.7311495426913919,-0.6902906287263519,1.0,0.02469969843685508,4.649449843382472,4.674149541819327
8.163999999999396,1.7297602274606418,-0.6990256470518433,1.0,0.025328759253612693,4.647431467336519,4.672760226590132
8.165999999999396,1.7283534359149946,-0.7077669475809002,1.0,0.025966191185829133,4.645387243860702,4.671353435046531
8.167999999999397,1.726929155466971,-0.7165145530480771,1.0,0.02661201300144799,4.643317141599603,4.669929154601051
8.169999999999398,1.725487373485657,-0.7252684841492404,1.0,0.027266243409928448,4.641221129212856,4.668487372622785
8.171999999999398,1.724028077300809,-0.7340287595131585,1.0,0.027928901050974717,4.639099175390522,4.667028076441497
8.173999999999399,1.7225512542070165,-0.7427953956729877,1.0,0.02860000448308275,4.636951248868702,4.665551253351785
8.1759999999994,1.7210568914679223,-0.7515684070376552,1.0,0.029279572171903363,4.634777318445393,4.664056890617297
8.1779999999994,1.7195449763204995,-0.7603478058631395,1.0,0.029967622478420615,4.632577352996593,4.662544975475014
8.179999999999401,1.7180154959793863,-0.7691336022236503,1.0,0.030664173646944036,4.630351321492638,4.661015495139582
8.181999999999402,1.7164684376412784,-0.7779258039827074,1.0,0.03136924379291416,4.628099193014788,4.659468436807702
8.183999999999402,1.714903788489379,-0.7867244167641209,1.0,0.03208285089052,4.625820936772068,4.657903787662588
8.185999999999403,1.713321535697908,-0.795529443922874,1.0,0.03280501276012749,4.6235165221183365,4.656321534878464
8.187999999999404,1.7117216664366681,-0.8043408865159091,1.0,0.03353574705551804,4.621185918569624,4.654721665625142
8.189999999999404,1.710104167875671,-0.8131587432728188,1.0,0.034275071250936345,4.618829095821703,4.65310416707264
8.191999999999405,1.7084690271898209,-0.8219830105664441,1.0,0.035023002627946165,4.616446023767923,4.651469026395869
8.193999999999406,1.7068162315636572,-0.8308136823833799,1.0,0.035779558262093815,4.614036672517285,4.649816230779379
8.195999999999406,1.705145768196158,-0.8396507502943915,1.0,0.03654475500937792,4.611601012412772,4.64814576742215
8.197999999999407,1.7034576243055994,-0.8484942034247418,1.0,0.037318609492525245,4.609139014049947,4.646457623542472
8.199999999999408,1.7017517871344778,-0.857344028424433,1.0,0.03810113808707131,4.606650648295773,4.6447517863828445
8.201999999999408,1.7000282439544898,-0.8662002094383636,1.0,0.03889235690724562,4.604135886307726,4.643028243214972
8.203999999999409,1.6982869820715718,-0.8750627280764033,1.0,0.039692281791660455,4.601594699553139,4.6412869813448
8.20599999999941,1.6965279888310008,-0.8839315633833876,1.0,0.04050092828880288,4.599027059828809,4.639527988117612
8.20799999999941,1.694751251622554,-0.8928066918090357,1.0,0.0413183116423293,4.596432939280863,4.637751250923192
8.209999999999411,1.6929567578857299,-0.9016880871777921,1.0,0.04214444677616214,4.5938123104248865,4.635956757201049
8.211999999999412,1.691144495115028,-0.9105757206585966,1.0,0.042979348279388145,4.591165146166299,4.634144494445687
8.213999999999412,1.689314450865291,-0.919469560734583,1.0,0.04382303039095813,4.588491419820999,4.632314450211957
8.215999999999413,1.6874666127571065,-0.9283695731727122,1.0,0.04467550698418749,4.585791105136266,4.630466612120454
8.217999999999414,1.6856009684822693,-0.9372757209933399,1.0,0.04553679155105761,4.5830641763119235,4.628600967862981
8.219999999999414,1.6837175058093057,-0.946187964439723,1.0,0.046406897186317596,4.580310608021755,4.626717505208072
8.221999999999415,1.6818162125890583,-0.9551062609474682,1.0,0.047285836571386686,4.57753037543519,4.624816212006577
8.223999999999416,1.6798970767603314,-0.9640305651139255,1.0,0.048173621958056766,4.574723454239251,4.622897076197308
8.225999999999416,1.6779600863555983,-0.9729608286675299,1.0,0.049070265151995356,4.57188982066075,4.620960085812745
8.227999999999417,1.6760052295067702,-0.9818970004370948,1.0,0.049975777496049006,4.569029451488758,4.619005228984807
8.229999999999418,1.6740324944510256,-0.9908390263210617,1.0,0.05089016985334733,4.566142324097335,4.617032493950682
8.231999999999418,1.6720418695367025,-0.9997868492567075,1.0,0.05181345259020787,4.563228416468506,4.6150418690587145
8.23399999999942,1.6700333432292511,-1.0087404091893164,1.0,0.052745635558842055,4.560287707215519,4.613033342774361
8.23599999999942,1.6680069041172485,-1.0176996430413177,1.0,0.05368672807986297,4.557320175606344,4.611006903686207
8.23799999999942,1.6659625409184757,-1.026664484681395,1.0,0.05463673892459491,4.554325801587447,4.608962540512041
8.239999999999421,1.6639002424860558,-1.0356348648935711,1.0,0.05559567629718565,4.55130456580781,4.606900242104996
8.241999999999422,1.6618199978146544,-1.0446107113462713,1.0,0.056563547816522224,4.54825644964322,4.604819997459742
8.243999999999422,1.6597217960467416,-1.053591948561372,1.0,0.05754036049795047,4.545181435220807,4.602721795718757
8.245999999999423,1.657605626478916,-1.0625784978832384,1.0,0.05852612073479971,4.54207950544385,4.600605626178649
8.247999999999424,1.655471478568291,-1.071570277447754,1.0,0.05952083427971328,4.538950644016825,4.5984714782965375
8.249999999999424,1.653319341938942,-1.0805672021513502,1.0,0.06052450622578605,4.535794835470721,4.596319341696507
8.251999999999425,1.6511492063884177,-1.0895691836200383,1.0,0.06153714098750979,4.532612065188602,4.594149206176112
8.253999999999426,1.64896106189431,-1.0985761301784507,1.0,0.06255874228152826,4.529402319431423,4.591961061712951
8.255999999999426,1.6467548986208895,-1.1075879468188958,1.0,0.06358931310720278,4.526165585364102,4.589754898471305
8.257999999999427,1.6445307069258,-1.116604535170433,1.0,0.0646288557269902,4.522901851081833,4.587530706808823
8.259999999999428,1.6422884773668158,-1.1256257934679708,1.0,0.06567737164663477,4.5196111056366535,4.585288477283288
8.261999999999428,1.640028200708662,-1.1346516165213982,1.0,0.06673486159517518,4.516293339064257,4.583028200659432
8.26399999999943,1.6377498679298939,-1.143681895684751,1.0,0.06780132550476951,4.512948542411047,4.5807498679158165
8.26599999999943,1.6354534702298407,-1.1527165188254214,1.0,0.06887676249033929,4.509576707761441,4.57845347025178
8.26799999999943,1.633138999035609,-1.161755370293416,1.0,0.06996117082903501,4.5061778282654,4.576138999094435
8.269999999999431,1.6308064460091485,-1.1707983308906704,1.0,0.07105454793952529,4.502751898166214,4.573806446105739
8.271999999999432,1.628455803054378,-1.1798452778404234,1.0,0.07215689036111242,4.499298912828506,4.571455803189618
8.273999999999432,1.626087062324375,-1.1888960847566612,1.0,0.07326819373267586,4.49581886876648,4.569087062499156
8.275999999999433,1.6237002162286227,-1.1979506216136369,1.0,0.07438845277144729,4.492311763672397,4.566700216443844
8.277999999999434,1.6212952574403214,-1.2070087547154702,1.0,0.07551766125161968,4.48877759644527,4.564295257696889
8.279999999999434,1.6188721789037586,-1.2160703466658385,1.0,0.07665581198279256,4.4852163672197936,4.561872179202586
8.281999999999435,1.6164309738417395,-1.2251352563377633,1.0,0.07780289678825794,4.48162807739549,4.559430974183748
8.283999999999436,1.6139716357630798,-1.234203338843501,1.0,0.07895890648312885,4.478012729666065,4.556971636149194
8.285999999999436,1.611494158470156,-1.2432744455045441,1.0,0.08012383085231432,4.474370328048996,4.554494158901311
8.287999999999437,1.6089985360665175,-1.2523484238217433,1.0,0.08129765862834444,4.470700877915308,4.551998536543652
8.289999999999438,1.6064847629645571,-1.261425117445555,1.0,0.08248037746904907,4.467004386019572,4.549484763488621
8.291999999999438,1.603952833893242,-1.270504366146426,1.0,0.08367197393509386,4.463280860530094,4.546952834465189
8.29399999999944,1.6014027439059033,-1.279586005785318,1.0,0.08487243346737776,4.459530311059313,4.544402744526691
8.29599999999944,1.5988344883880838,-1.2886698682843885,1.0,0.08608174036429601,4.455752748694385,4.541834489058681
8.29799999999944,1.5962480630654452,-1.297755781597828,1.0,0.08729987775887353,4.451948186027951,4.539248063786824
8.299999999999441,1.593643464011733,-1.3068435696828682,1.0,0.08852682759577193,4.448116637189102,4.536643464784874
8.301999999999442,1.5910206876567992,-1.3159330524709674,1.0,0.0897625706081763,4.4442581178745115,4.534020688482688
8.303999999999442,1.5883797307946823,-1.3250240458391827,1.0,0.09100708629456553,4.440372645379745,4.531379731674311
8.305999999999443,1.5857205905917453,-1.3341163615817382,1.0,0.09226035289537204,4.436460238630739,4.528720591526111
8.307999999999444,1.5830432645948687,-1.343209807381799,1.0,0.09352234736953499,4.43252091821544,4.526043265584975
8.309999999999444,1.5803477507397012,-1.3523041867834595,1.0,0.09479304537095401,4.428554706415605,4.5233477517865595
8.311999999999445,1.5776340473589658,-1.3613992991639563,1.0,0.09607242122484716,4.4245616272387425,4.52063404846359
8.313999999999446,1.5749021531908205,-1.3704949397061155,1.0,0.09736044790402054,4.420541706450211,4.517902154354232
8.315999999999447,1.5721520673872749,-1.3795908993710446,1.0,0.09865709700505447,4.416494971605445,4.5151520686105
8.317999999999447,1.5693837895226608,-1.3886869648710787,1.0,0.09996233872441286,4.412421452082318,4.512383790806731
8.319999999999448,1.5665973196021565,-1.3977829186429913,1.0,0.101276141834482,4.408321179113628,4.50959732094811
8.321999999999449,1.5637926580703643,-1.406878538821481,1.0,0.10259847365954525,4.404194185819699,4.506792659479244
8.32399999999945,1.560969805819941,-1.4159735992129436,1.0,0.10392930005170091,4.400040507241092,4.503969807292793
8.32599999999945,1.5581287642002808,-1.425067869269541,1.0,0.10526858536672931,4.395860180371429,4.501128765738158
8.32799999999945,1.5552695350262489,-1.4341611140635782,1.0,0.10661629243991717,4.391653244190291,4.498269536630208
8.329999999999451,1.552392120586967,-1.4432530942621986,1.0,0.10797238256184599,4.387419739696224,4.49539212225807
8.331999999999452,1.5494965236546487,-1.45234356610241,1.0,0.1093368154541528,4.383159709939809,4.492496525393962
8.333999999999453,1.546582747493484,-1.4614322813664518,1.0,0.11070954924527028,4.378873200056807,4.489582749302078
8.335999999999453,1.5436507958685732,-1.470518987357515,1.0,0.11209054044615434,4.3745602573013675,4.486650797747522
8.337999999999454,1.54070067305491,-1.4796034268758287,1.0,0.1134797439260086,4.370220931079283,4.4837006750052915
8.339999999999455,1.5377323838464096,-1.4886853381951202,1.0,0.11487711288801228,4.365855272981296,4.480732385869309
8.341999999999455,1.534745933564986,-1.497764455039468,1.0,0.11628259884506191,4.361463336816425,4.477745935661487
8.343999999999456,1.5317413280696732,-1.5068405065605524,1.0,0.11769615159553481,4.357045178645333,4.474741330240867
8.345999999999457,1.5287185737657933,-1.5159132173153214,1.0,0.11911771919908361,4.352600856813688,4.471718576012772
8.347999999999457,1.5256776776141674,-1.5249823072440825,1.0,0.12054724795247163,4.348130431985557,4.468677679938029
8.349999999999458,1.5226186471403704,-1.5340474916490319,1.0,0.12198468236545777,4.343633967176754,4.465618649542212
8.351999999999459,1.5195414904440288,-1.5431084811732358,1.0,0.12342996513674206,4.339111527788212,4.462541492924954
8.35399999999946,1.516446216208159,-1.5521649817800767,1.0,0.12488303712997997,4.334563181639291,4.459446218769271
8.35599999999946,1.513332833708547,-1.5612166947331754,1.0,0.12634383734987814,4.329988999001077,4.4563328363509545
8.35799999999946,1.5102013528231681,-1.5702633165768052,1.0,0.12781230291837992,4.325389052629601,4.45320135554798
8.359999999999461,1.507051784041644,-1.5793045391168088,1.0,0.12928836905095223,4.32076341779902,4.450051786849972
8.361999999999462,1.5038841384747386,-1.5883400494020337,1.0,0.13077196903298546,4.3161121723347105,4.446884141367696
8.363999999999463,1.5006984278638906,-1.597369529706297,1.0,0.1322630341963157,4.311435396646276,4.443698430842592
8.365999999999463,1.4974946645907803,-1.6063926575108973,1.0,0.13376149389588274,4.30673317376046,4.440494667656343
8.367999999999464,1.4942728616869323,-1.6154091054876825,1.0,0.1352672754865343,4.302005589353937,4.437272864840471
8.369999999999465,1.4910330328433505,-1.6244185414826922,1.0,0.13678030429998841,4.2972527317859965,4.434033036085985
8.371999999999465,1.4877751924201859,-1.633420628500386,1.0,0.13830050362196636,4.292474692131069,4.430775195753036
8.373999999999466,1.4844993554564345,-1.6424150246884726,1.0,0.13982779466950845,4.28767156421111,4.427499358880619
8.375999999999467,1.4812055376796662,-1.6514013833233538,1.0,0.14136209656848497,4.282843444627819,4.4242055411963035
8.377999999999467,1.477893755515781,-1.660379352796199,1.0,0.14290332633131525,4.2779904327946765,4.420893759125992
8.379999999999468,1.4745640260987927,-1.6693485765996627,1.0,0.1444513988349078,4.273112630968789,4.417564029803696
8.381999999999469,1.4712163672806389,-1.6783086933152613,1.0,0.14600622679883482,4.26821014428252,4.414216371081355
8.38399999999947,1.4678507976410156,-1.6872593366014237,1.0,0.1475677207637543,4.263283080774906,4.41085080153866
8.38599999999947,1.4644673364972343,-1.696200135182229,1.0,0.14913578907009328,4.258331551422833,4.407467340492926
8.38799999999947,1.4610660039141015,-1.7051307128368483,1.0,0.15071033783700732,4.253355670171947,4.404066008008955
8.389999999999471,1.4576468207138187,-1.7140506883897044,1.0,0.15229127094162817,4.248355553967319,4.400646824908947
8.391999999999472,1.4542098084859008,-1.7229596757013643,1.0,0.15387848999861597,4.243331322783802,4.3972098127824175
8.393999999999473,1.4507549895971124,-1.7318572836601798,1.0,0.15547189434002925,4.2382830996560985,4.393754993996128
8.395999999999473,1.44728238720142,-1.7407431161746918,1.0,0.15707138099552828,4.233211010708512,4.390282391704041
8.397999999999474,1.4437920252499588,-1.7496167721668134,1.0,0.15867684467292584,4.228115185184364,4.38679202985729
8.399999999999475,1.4402839285010118,-1.7584778455658068,1.0,0.16028817773910164,4.222995755475052,4.3832839332141535
8.401999999999475,1.4367581225300006,-1.7673259253030682,1.0,0.16190527020129447,4.217852857148758,4.379758127350052
8.403999999999476,1.433214633739485,-1.7761605953077393,1.0,0.16352800968878897,4.212686628978753,4.376214638667542
8.405999999999477,1.429653489369173,-1.7849814345031576,1.0,0.16515628143501154,4.2074972129713135,4.372653494406325
8.407999999999477,1.4260747175059327,-1.7937880168041618,1.0,0.16678996826005224,4.202284754393215,4.369074722653267
8.409999999999478,1.4224783470938136,-1.802579911115269,1.0,0.16842895055362794,4.197049401798784,4.3654783523524125
8.411999999999479,1.418864407944067,-1.8113566813297375,1.0,0.17007310625850428,4.1917913070565005,4.361864413315005
8.41399999999948,1.415232930745169,-1.8201178863295324,1.0,0.17172231085439082,4.186510625375129,4.35823293622952
8.41599999999948,1.4115839470728424,-1.8288630799862071,1.0,0.1733764373423286,4.181207515329342,4.354583952671671
8.41799999999948,1.407917489400076,-1.8375918111627187,1.0,0.1750353562295842,4.175882138884858,4.350917495114442
8.419999999999481,1.404233591107139,-1.8463036237161914,1.0,0.17669893551507,4.170534661423027,4.347233596938097
8.421999999999482,1.400532286491589,-1.8549980565016428,1.0,0.17836704067530487,4.165165251764882,4.3435322924401865
8.423999999999483,1.396813610778272,-1.8636746433766913,1.0,0.18003953465093506,4.159774082194614,4.339813616845549
8.425999999999483,1.3930776001293117,-1.872332913207255,1.0,0.181716277833831,4.154361328482471,4.3360776063163025
8.427999999999484,1.3893242916540858,-1.8809723898742636,1.0,0.183397128054778,4.148927169907036,4.332324297961813
8.429999999999485,1.3855537234191888,-1.8895925922813932,1.0,0.18508194057177882,4.1434717892768935,4.3285537298486725
8.431999999999485,1.3817659344583781,-1.8981930343638425,1.0,0.1867705680589853,4.13799537295164,4.324765941010625
8.433999999999486,1.3779609647825009,-1.906773225098164,1.0,0.18846286059627737,4.132498110862236,4.320960971458513
8.435999999999487,1.374138855389401,-1.915332668513166,1.0,0.1901586656595068,4.1269801965306625,4.317138862190169
8.437999999999487,1.3702996482738024,-1.9238708637019006,1.0,0.19185782811142402,4.1214418270888835,4.313299655200307
8.439999999999488,1.366443386437168,-1.9323873048347513,1.0,0.19356019019330686,4.1158832032970745,4.3094433934903815
8.441999999999489,1.3625701138975306,-1.9408814811736363,1.0,0.19526559151730738,4.110304529561108,4.305570121078415
8.44399999999949,1.3586798756992955,-1.9493528770873427,1.0,0.19697386905953748,4.104706013949264,4.301679883008801
8.44599999999949,1.3547727179230094,-1.9578009720680034,1.0,0.19868485715390977,4.0990878682081675,4.297772725362077
8.44799999999949,1.350848687695097,-1.9662252407487344,1.0,0.20039838748675265,4.0934503077779025,4.293848695264655
8.449999999999491,1.3469078331975601,-1.9746251529224448,1.0,0.2021142890922184,4.087793551806307,4.289907840898525
8.451999999999492,1.3429502036776386,-1.9830001735618346,1.0,0.2038323883485015,4.082117823162414,4.285950211510915
8.453999999999493,1.3389758494574295,-1.9913497628405927,1.0,0.2055525089748871,4.076423348449023,4.28197585742391
8.455999999999493,1.3349848219434628,-1.9996733761558123,1.0,0.20727447202964627,4.07071035801438,4.277984830044026
8.457999999999494,1.330977173636231,-2.007970464151632,1.0,0.20899809590879845,4.064979085962944,4.273977181871743
8.459999999999495,1.3269529581396713,-2.016240472744122,1.0,0.21072319634575712,4.059229770165227,4.269952966510984
8.461999999999495,1.3229122301705947,-2.0244828431474238,1.0,0.21244958641187908,4.053462652266668,4.265912238678547
8.463999999999496,1.3188550455680632,-2.03269701190116,1.0,0.2141770765179345,4.047677977695543,4.261855054213478
8.465999999999497,1.3147814613027105,-2.0408824108991226,1.0,0.21590547441651572,4.041875995669881,4.257781470086397
8.467999999999497,1.3106915354860031,-2.0490384674192588,1.0,0.2176345852054041,4.036056959203349,4.2536915444087535
8.469999999999498,1.306585327379442,-2.057164604154959,1.0,0.21936421133191134,4.030221125110122,4.249585336442034
8.471999999999499,1.302462897403699,-2.0652602392476673,1.0,0.22109415259821444,4.02436875400868,4.245462906606895
8.4739999999995,1.2983243071476862,-2.0733247863208155,1.0,0.22282420616770232,4.018500110324528,4.24132431649223
8.4759999999995,1.2941696193775583,-2.081357654515106,1.0,0.22455416657234922,4.012615462291829,4.237169628864178
8.4779999999995,1.28999889804564,-2.0893582485251407,1.0,0.22628382572113642,4.00671508195391,4.2329989076750465
8.479999999999501,1.2858122082992824,-2.0973259686374184,1.0,0.2280129729095364,4.000799245162633,4.22881221807217
8.481999999999502,1.2816096164896382,-2.105260210769703,1.0,0.2297413948300777,3.9948682315766018,4.2246096264066795
8.483999999999503,1.2773911901803598,-2.113160366511776,1.0,0.2314688755840077,3.988922324658204,4.2203912002422115
8.485999999999503,1.2731569981562132,-2.121025823167587,1.0,0.2331951966940701,3.9829618116694423,4.2161570083635125
8.487999999999504,1.2689071104316056,-2.128855963798801,1.0,0.23492013711841248,3.976986983666559,4.211907120784971
8.489999999999505,1.2646415982590264,-2.136650167269767,1.0,0.23664347326564258,3.9709981354934145,4.207641608759057
8.491999999999505,1.2603605341373947,-2.144407808293901,1.0,0.23836497901104695,3.964995565773621,4.203360544784668
8.493999999999506,1.2560639918203138,-2.152128257481505,1.0,0.24008442571398844,3.9589795769013985,4.199064002615387
8.495999999999507,1.2517520463242293,-2.1598108813890198,1.0,0.2418015822364995,3.952950475031139,4.194752057267638
8.497999999999507,1.247424773936485,-2.167455042569727,1.0,0.2435162149630842,3.946908570065663,4.190424785028747
8.499999999999508,1.243082252223278,-2.175060099625902,1.0,0.24522808782174543,3.9408541756431408,4.186082263464886
8.501999999999509,1.2387245600375079,-2.182625407262427,1.0,0.24693696230625076,3.9347876091226826,4.1817245714289335
8.50399999999951,1.2343517775265154,-2.1901503163418736,1.0,0.24864259749965226,3.9287091915685552,4.177351789068208
8.50599999999951,1.2299639861397118,-2.1976341739410525,1.0,0.2503447500990724,3.9226192477330253,4.172963997832098
8.50799999999951,1.2255612686360922,-2.205076323409044,1.0,0.25204317444177166,3.9165181060378025,4.168561280479574
8.509999999999511,1.2211437090916317,-2.2124761044267105,1.0,0.2537376225325078,3.9104060985540827,4.164143721086591
8.511999999999512,1.2167113929065614,-2.219832853067696,1.0,0.2554278440722027,3.90428356098115,4.159711405053352
8.513999999999513,1.2122644068125201,-2.2271459018609154,1.0,0.25711358648792615,3.8981508326235486,4.155264419111475
8.515999999999513,1.2078028388795805,-2.2344145798545396,1.0,0.2587945949642095,3.8920082563667964,4.150802851331006
8.517999999999514,1.2033267785231452,-2.241638212681478,1.0,0.26047061247569964,3.885856178651623,4.146326791127322
8.519999999999515,1.1988363165107108,-2.248816122626357,1.0,0.2621413798211653,3.879694949446732,4.141836329267897
8.521999999999515,1.1943315449684955,-2.2559476286940074,1.0,0.263806635658863,3.8735249222200587,4.137331557878921
8.523999999999516,1.1898125573879297,-2.263032046679445,1.0,0.2654661165432757,3.867346453908525,4.132812570451801
8.525999999999517,1.1852794486320042,-2.2700686892393644,1.0,0.2671195569632303,3.8611599048862693,4.1282794618495
8.527999999999517,1.180732314941474,-2.277056865965127,1.0,0.2687666893814042,3.85496563893134,4.123732328312744
8.529999999999518,1.1761712539409146,-2.2839958834572607,1.0,0.2704072442752268,3.848764023190858,4.1191712674660845
8.531999999999519,1.1715963646446284,-2.2908850454014544,1.0,0.2720409501791859,3.8425554281446113,4.114596378323797
8.53399999999952,1.1670077474623963,-2.2977236526460576,1.0,0.27366753372854313,3.83634022756709,4.110007761295633
8.53599999999952,1.1624055042050745,-2.304511003281076,1.0,0.2752867197044645,3.830118798487957,4.105405518192422
8.53799999999952,1.1577897380900306,-2.3112463927186626,1.0,0.27689823108057426,3.8238915211509283,4.100789752231503
8.539999999999521,1.1531605537464173,-2.3179291137751,1.0,0.27850178907093187,3.817658778971068,4.0961605680419995
8.541999999999522,1.1485180572202816,-2.3245584567542705,1.0,0.2800971131794403,3.8114209584904906,4.091518071669931
8.543999999999523,1.143862355979504,-2.331133709532609,1.0,0.281683921250686,3.8051784493324634,4.086862370583149
8.545999999999523,1.139193558918568,-2.3376541576455314,1.0,0.28326192952221413,3.7989316441538934,4.082193573676108
8.547999999999524,1.1345117763631538,-2.3441190843753357,1.0,0.2848308526782412,3.7926809385962166,4.077511791274458
8.549999999999525,1.1298171200745561,-2.350527770840564,1.0,0.28639040390480347,3.78642673123466,4.072817135139464
8.551999999999525,1.1251097032539208,-2.3568794960868242,1.0,0.2879402949463455,3.780169423525896,4.0681097184722415
8.553999999999526,1.1203896405462983,-2.3631735371790574,1.0,0.28948023616374247,3.77390941975407,4.063389655917812
8.555999999999527,1.1156570480445123,-2.369409169295244,1.0,0.29100993659376195,3.7676471269752074,4.058657063568969
8.557999999999527,1.1109120432928379,-2.375585665821541,1.0,0.29252910400995447,3.7613829549600024,4.053912058969956
8.559999999999528,1.1061547452904896,-2.381702298448835,1.0,0.29403744498497625,3.7551173161349825,4.049154761119959
8.561999999999529,1.101385274494914,-2.387758337270707,1.0,0.29553466495433733,3.7488506255220537,4.0443852904763915
8.56399999999953,1.0966037528248849,-2.3937530508827902,1.0,0.29702046828157014,3.742583300676426,4.039603768957996
8.56599999999953,1.091810303663399,-2.3996857064835093,1.0,0.2984945583248128,3.7363157616229277,4.0348103199477405
8.56799999999953,1.0870050518603687,-2.4055555699761957,1.0,0.29995663750480017,3.730048430790703,4.0300050682955035
8.569999999999531,1.0821881237351083,-2.4113619060725515,1.0,0.3014064073742558,3.7237817329463136,4.025188140320569
8.571999999999532,1.077359647078613,-2.4171039783974595,1.0,0.30284356868867596,3.7175160951252257,4.020359663813902
8.573999999999533,1.0725197511556275,-2.4227810495951156,1.0,0.30426782147849374,3.7112519465617186,4.015519768040212
8.575999999999533,1.0676685667064985,-2.4283923814364723,1.0,0.3056788651226185,3.7049897186172,4.010668583739818
8.577999999999534,1.0628062259488138,-2.4339372349279715,1.0,0.30707639842333034,3.6987298447069437,4.005806243130274
8.579999999999535,1.0579328625788216,-2.439414870421555,1.0,0.30846011968252696,3.69247276022527,4.000932879907797
8.581999999999535,1.0530486117726277,-2.444824547725926,1.0,0.30982972677930226,3.686218902469157,3.996048629248459
8.583999999999536,1.0481536101871702,-2.4501655262190503,1.0,0.3111849172488441,3.6799687105603245,3.991153627809169
8.585999999999537,1.0432479959609675,-2.455437064961871,1.0,0.31252538836263843,3.6737226253657727,3.986248013728411
8.587999999999537,1.0383319087146372,-2.46063842281322,1.0,0.3138508372099591,3.6674810894168135,3.9813319266267726
8.589999999999538,1.0334054895511848,-2.4657688585459017,1.0,0.3151609607806285,3.6612445468265977,3.976405507607226
8.591999999999539,1.0284688810560587,-2.4708276309639263,1.0,0.3164554560490319,3.6550134432061565,3.9714688992551883
8.59399999999954,1.0235222272969695,-2.475813999020874,1.0,0.31773402005935925,3.648788225578979,3.9665222456383384
8.59599999999954,1.0185656738234716,-2.4807272219393592,1.0,0.3189963500120649,3.6425693422941334,3.9615656923061984
8.59799999999954,1.0135993676663049,-2.485566559331576,1.0,0.32024214335151163,3.6363572429379643,3.9565993862894757
8.599999999999541,1.0086234573364938,-2.4903312713208976,1.0,0.3214710978547851,3.6301523782443788,3.9516234760991638
8.601999999999542,1.0036380928242028,-2.4950206186645,1.0,0.32268291172165187,3.6239552000037447,3.9466381117253966
8.603999999999543,0.9986434255973454,-2.4996338628769883,1.0,0.32387728366563473,3.6177661609704193,3.941643444636054
8.605999999999543,0.9936396085999447,-2.504170266354996,1.0,0.32505391300618275,3.6115857147689456,3.9366396277751283
8.607999999999544,0.9886267962502439,-2.5086290925027273,1.0,0.32621249976190614,3.6054143157989254,3.9316268155608314
8.609999999999545,0.9836051444385647,-2.513009605858414,1.0,0.3273527447448509,3.5992524191386046,3.9266051638834556
8.611999999999545,0.9785748105249128,-2.517311072221658,1.0,0.3284743496557832,3.5931004804471898,3.921574830102973
8.613999999999546,0.973535953336326,-2.521532758781629,1.0,0.3295770171804505,3.586958955865941,3.9165359730463916
8.615999999999547,0.9684887331639671,-2.525673934246085,1.0,0.3306604510867953,3.580828301918049,3.9114887530048446
8.617999999999547,0.9634333117599566,-2.5297338689711824,1.0,0.331724356323082,3.5747089754073382,3.9064333317304203
8.619999999999548,0.9583698523339454,-2.5337118350920456,1.0,0.3327684391169098,3.5686014333158314,3.901369872432741
8.621999999999549,0.953298519549426,-2.537607106654064,1.0,0.33379240707507324,3.5625061327001952,3.8962985397752683
8.62399999999955,0.9482194795197799,-2.541418959744876,1.0,0.33479596928423877,3.5564235305871157,3.8912194998713545
8.62599999999955,0.9431328998040605,-2.545146672627011,1.0,0.33577883641239903,3.550354083867624,3.8861329202800228
8.62799999999955,0.9380389494025103,-2.5487895258711535,1.0,0.3367407208110686,3.5442982491904185,3.881038970001487
8.629999999999551,0.9329377987518108,-2.5523468024899905,1.0,0.3376813366181834,3.538256482854218,3.8759378194724015
8.631999999999552,0.9278296197200642,-2.5558177880726083,1.0,0.3386003998616649,3.532229240699172,3.870829640560837
8.633999999999553,0.9227145856015057,-2.5592017709193997,1.0,0.33949762856360843,3.5262169779973935,3.865714606561002
8.635999999999553,0.9175928711109455,-2.5624980421774453,1.0,0.34037274284505575,3.520220149342622,3.8605928921876775
8.637999999999554,0.91246465237794,-2.565705895976329,1.0,0.34122546503130946,3.514239208539085,3.8554646735703946
8.639999999999555,0.9073301069406905,-2.5688246295643506,1.0,0.3420555197577475,3.5082746084895775,3.8503301282473252
8.641999999999555,0.902189413739669,-2.571853543445093,1.0,0.3428626340760932,3.502326801082823,3.845189435158916
8.643999999999556,0.897042753110971,-2.574791941514308,1.0,0.3436465375610958,3.4963962370801402,3.840042774641236
8.645999999999557,0.8918903067793943,-2.5776391311970777,1.0,0.34440696241758034,3.4904833660014756,3.834890328419056
8.647999999999557,0.8867322578512425,-2.580394423585209,1.0,0.3451436435878152,3.484588636010839,3.8297322795986544
8.649999999999558,0.8815687908068544,-2.5830571335748247,1.0,0.34585631885915336,3.478712493801192,3.8245688126603454
8.651999999999559,0.876400091492857,-2.585626580004102,1.0,0.34654472897190186,3.472855384478829,3.8194001134507305
8.65399999999956,0.8712263471141447,-2.588102085791125,1.0,0.3472086177273659,3.467017751447315,3.8142263691746807
8.65599999999956,0.8660477462255805,-2.5904829780717984,1.0,0.34784773209602365,3.461200036291011,3.8090477683870345
8.65799999999956,0.8608644787234229,-2.592768588337789,1.0,0.3484618223257787,3.4554026786582477,3.8038645009840266
8.659999999999561,0.8556767358364763,-2.5949582525744432,1.0,0.3490506420502403,3.4496261161442003,3.7986767581944405
8.661999999999562,0.8504847101169659,-2.5970513113986406,1.0,0.3496139483969826,3.443870784173494,3.7934847325704766
8.663999999999563,0.8452885954311369,-2.5990471101965418,1.0,0.35015150209572665,3.438137115882633,3.7882886179783597
8.665999999999563,0.840088586949578,-2.600944999261178,1.0,0.3506630675863972,3.4324255420022607,3.783088609588658
8.667999999999564,0.8348848811372706,-2.6027443339298473,1.0,0.3511484131270018,3.4267364907393287,3.7778849038663305
8.669999999999565,0.8296776757433629,-2.6044444747212645,1.0,0.35160731090126995,3.4210703876592357,3.7726776985605057
8.671999999999565,0.8244671697906703,-2.6060447874724235,1.0,0.3520395371260138,3.415427655567966,3.76746719269398
8.673999999999566,0.8192535635649019,-2.607544643475125,1.0,0.35244487215814096,3.4098087143943014,3.7622535865524425
8.675999999999567,0.814037058603615,-2.6089434196121246,1.0,0.3528231006012743,3.4042139810721586,3.757037081673433
8.677999999999567,0.8088178576848972,-2.6102404984928556,1.0,0.3531740114119195,3.3986438694231005,3.75181788083502
8.679999999999568,0.8035961648157781,-2.611435268588678,1.0,0.3534973980051262,3.3930987900390908,3.746596188044217
8.681999999999569,0.7983721852203701,-2.6125271243676123,1.0,0.35379305835958713,3.387579150165531,3.7413722085251178
8.68399999999957,0.7931461253277411,-2.6135154664285043,1.0,0.3540607951221159,3.3820853535846607,3.7361461487067764
8.68599999999957,0.787918192759519,-2.6143997016345852,1.0,0.3543004157114541,3.3766178004993503,3.7309182162108043
8.68799999999957,0.7826885963172302,-2.61517924324637,1.0,0.3545117324213422,3.371176887417371,3.725688619838713
8.689999999999571,0.7774575459693726,-2.6158535110538543,1.0,0.3546945625228065,3.3657630070361795,3.720457569558986
8.691999999999572,0.7722252528382247,-2.6164219315079618,1.0,0.35484872836559767,3.3603765481282912,3.715225276493889
8.693999999999573,0.7669919291863938,-2.616883937851195,1.0,0.3549740574787293,3.3550178954272845,3.7099919529060137
8.695999999999573,0.761757788403102,-2.617238970247444,1.0,0.3550703826700562,3.349687429514517,3.7047578121845732
8.697999999999574,0.7565230449902148,-2.6174864759109084,1.0,0.35513754212483867,3.3443855267065805,3.6995230688314193
8.699999999999575,0.7512879145480122,-2.617625909234083,1.0,0.355175379503232,3.3391125589435893,3.6942879384468212
8.701999999999575,0.7460526137607052,-2.6176567319147654,1.0,0.35518374403664765,3.3338688936783325,3.68905263771498
8.703999999999576,0.7408173603816985,-2.617578413082038,1.0,0.35516249062292826,3.3286548937663625,3.6838173843892905
8.705999999999577,0.7355823732186035,-2.6173904294211776,1.0,0.3551114799202793,3.3234709173570756,3.678582397277355
8.707999999999577,0.7303478721180015,-2.617092265297452,1.0,0.355030578439902,3.3183173177858447,3.6733478962257466
8.709999999999578,0.7251140779499607,-2.6166834128787535,1.0,0.3549196586372719,3.313194443467254,3.668114102104526
8.711999999999579,0.7198812125923101,-2.6161633722570286,1.0,0.3547785990020046,3.308102637789508,3.6628812367915127
8.71399999999958,0.7146494989146699,-2.615531651568458,1.0,0.35460728414625836,3.3030422390100656,3.6576495231563237
8.71599999999958,0.7094191607622451,-2.614787767112345,1.0,0.354405604891612,3.298013580152545,3.652419185044157
8.71799999999958,0.7041904229393805,-2.613931243468664,1.0,0.3541734583543711,3.2930169889049807,3.647190447259352
8.719999999999581,0.6989635111928836,-2.612961613614234,1.0,0.3539107480292396,3.2880527875194727,3.6419635355487125
8.721999999999582,0.6937386521951154,-2.611878419037467,1.0,0.3536173838713133,3.2831212927132816,3.636738676584595
8.723999999999583,0.6885160735268543,-2.610681209851654,1.0,0.35329328237633173,3.2782228155714432,3.6315160979477747
8.725999999999583,0.6832960036599336,-2.6093695449067464,1.0,0.352938366659145,3.273357661450938,3.626296028110083
8.727999999999584,0.6780786719396583,-2.607942991899589,1.0,0.3525525665303383,3.2685261298864856,3.621078696416824
8.729999999999585,0.6728643085670021,-2.606401127482568,1.0,0.3521358185709651,3.263728514498004,3.615864333068969
8.731999999999585,0.667653144580589,-2.604743537370631,1.0,0.35168806620533943,3.258965102899802,3.6106531691051416
8.733999999999586,0.6624454118384626,-2.602969816446645,1.0,0.351209259771834,3.254236176611552,3.6054454363833863
8.735999999999587,0.6572413429996464,-2.6010795688650434,1.0,0.3506993565916421,3.249542010971085,3.600241367562727
8.737999999999587,0.6520411715054983,-2.59907240815374,1.0,0.3501583210354467,3.244882875049076,3.5950411960845226
8.739999999999588,0.6468451315608634,-2.5969479573142555,1.0,0.34958612458795957,3.2402590315656616,3.589845156153621
8.741999999999589,0.641653458115028,-2.5947058489200328,1.0,0.34898274591027556,3.2356707368090354,3.584653482719311
8.74399999999959,0.6364663868424791,-2.5923457252129007,1.0,0.34834817090000186,3.2311182405560808,3.5794664114560826
8.74599999999959,0.6312841541234727,-2.5898672381976513,1.0,0.3476823927491179,3.226601785995079,3.574284178744197
8.74799999999959,0.6261069970244147,-2.5872700497346965,1.0,0.3469854119995234,3.222121609650539,3.5691070216500624
8.749999999999591,0.620935153278059,-2.5845538316307715,1.0,0.3462572365962271,3.2176779413102135,3.5639351779064405
8.751999999999592,0.6157688612635256,-2.5817182657276523,1.0,0.34549788193814523,3.2132710039543095,3.5587688858924547
8.753999999999593,0.6106083599861434,-2.578763043988857,1.0,0.344707370926462,3.2089010136869796,3.5536083846134416
8.755999999999593,0.6054538890571218,-2.575687868584297,1.0,0.34388573401051686,3.2045681796700998,3.548453913680617
8.757999999999594,0.6003056886730551,-2.572492451972854,1.0,0.3430330092311819,3.2002727040594006,3.5433057132905823
8.759999999999595,0.5951639995952636,-2.5691765169828433,1.0,0.3421492422616929,3.196014781942974,3.538164024204667
8.761999999999595,0.5900290631289759,-2.5657397968903535,1.0,0.3412344864458993,3.1917946012822074,3.5330290877281065
8.763999999999596,0.5849011211023571,-2.562182035495415,1.0,0.3402888028339002,3.187612342855177,3.5279011456890768
8.765999999999597,0.5797804158453868,-2.5585029871959883,1.0,0.3393122602150334,3.1834681802025324,3.522780440417566
8.767999999999597,0.5746671901685901,-2.5547024170597368,1.0,0.3383049351481917,3.1793622795759178,3.5176672147241095
8.769999999999598,0.5695616873416295,-2.5507801008935647,1.0,0.33726691198942943,3.175294799888951,3.5125617118783805
8.771999999999599,0.5644641510717578,-2.5467358253108974,1.0,0.33619828291683995,3.1712658926708026,3.507464175587643
8.7739999999996,0.5593748254821405,-2.5425693877966817,1.0,0.33509914795267126,3.167275702022401,3.502374849975072
8.7759999999996,0.5542939550900488,-2.5382805967700843,1.0,0.33396961498266153,3.163324364575292,3.4972939795579534
8.7779999999996,0.549221784784931,-2.533869271644871,1.0,0.3328097997725645,3.1594120094531832,3.4922218092257475
8.779999999999601,0.5441585598063648,-2.5293352428874476,1.0,0.33161982598185086,3.155538758236193,3.4871585842180437
8.781999999999602,0.5391045257218958,-2.5246783520725433,1.0,0.3303998251745581,3.151704724927843,3.4821045501024015
8.783999999999603,0.5340599284047671,-2.5198984519365237,1.0,0.32914993682727645,3.147910015924801,3.4770599527520774
8.785999999999603,0.5290250140115449,-2.5149954064283166,1.0,0.32787030833425135,3.144154729989401,3.472025038323652
8.787999999999604,0.5240000289596443,-2.5099690907579357,1.0,0.32656109500958697,3.1404389582249688,3.467000053234556
8.789999999999605,0.5189852199047607,-2.504819391442592,1.0,0.32522246008653954,3.136762784053957,3.4619852441404966
8.791999999999605,0.5139808337182111,-2.4995462063503795,1.0,0.3238545747138853,3.1331262831989233,3.4569808579128085
8.793999999999606,0.5089871174641912,-2.4941494447415247,1.0,0.3224576179493567,3.129529523666345,3.4519871416157017
8.795999999999607,0.5040043183769514,-2.488629027307193,1.0,0.3210317767501342,3.125972565733309,3.447004342483443
8.797999999999607,0.499032683837898,-2.4829848862058412,1.0,0.3195772459603905,3.1224554619370646,3.442032707897455
8.799999999999608,0.49407246135262517,-2.477216965097111,1.0,0.31809422829588047,3.1189782570674676,3.437072485363348
8.801999999999609,0.4891238985278799,-2.471325219173257,1.0,0.3165829343255711,3.1155409881623144,3.4321239224878854
8.80399999999961,0.48418724304846783,-2.465309615188106,1.0,0.31504358245031394,3.112143684505576,3.42718726695589
8.80599999999961,0.47926274265410307,-2.459170131483545,1.0,0.3134763988785554,3.108786367628537,3.4222627665070924
8.80799999999961,0.47435064511620767,-2.452906758013529,1.0,0.31188161759909216,3.105469051313841,3.417350668912933
8.809999999999611,0.4694511982146656,-2.446519496365621,1.0,0.3102594803508665,3.102191741602448,3.4124512219533143
8.811999999999612,0.46456464971453587,-2.4400083597800526,1.0,0.30861023658981546,3.098954436803495,3.4075646733933107
8.813999999999613,0.45969124734273054,-2.4333733731663107,1.0,0.3069341434527741,3.09575712750708,3.402691270959854
8.815999999999613,0.4548312387646613,-2.4266145731172566,1.0,0.305231465718444,3.0925997965999286,3.3978312623183724
8.817999999999614,0.44998487156086087,-2.4197320079207754,1.0,0.3035024757654357,3.089482419283984,3.3929848950494197
8.819999999999615,0.44515239320358335,-2.4127257375689655,1.0,0.3017474535273983,3.086404963097867,3.3881524166252657
8.821999999999615,0.4403340510333886,-2.4055958337648744,1.0,0.29996668644524627,3.083367387941244,3.3833340743864904
8.823999999999616,0.43553009223571554,-2.3983423799267842,1.0,0.29816046941650315,3.0803696461020476,3.3785301155185508
8.825999999999617,0.4307407638174498,-2.3909654711900594,1.0,0.2963291047417736,3.0774116822865785,3.373740787028352
8.827999999999617,0.42596631258348927,-2.383465214406567,1.0,0.2944729020683645,3.0744934336524454,3.3689663357208097
8.829999999999618,0.421206985113314,-2.3758417281416753,1.0,0.2925921783310764,3.071614829844348,3.3642070081754247
8.831999999999619,0.41646302773756405,-2.368095142668852,1.0,0.2906872576901807,3.0687757930326733,3.3594630507228542
8.83399999999962,0.4117346865146308,-2.3602255999618635,1.0,0.28875847146661476,3.0659762379548945,3.354734709421509
8.83599999999962,0.407022207207266,-2.352233253684601,1.0,0.2868061580744087,3.0632160719597517,3.35002223003416
8.83799999999962,0.40232583525921384,-2.34411826917854,1.0,0.2848306629503776,3.060495195054194,3.3453258580045717
8.839999999999621,0.39764581577187014,-2.3358808234478565,1.0,0.282832338481104,3.057813499953053,3.340645838434157
8.841999999999622,0.3929823934809738,-2.327521105142213,1.0,0.2808115439272381,3.0551708721314372,3.3359824160586755
8.843999999999623,0.38833581273333506,-2.319039314537234,1.0,0.2787686453451479,3.0525671898798077,3.3313358352249556
8.845999999999623,0.38370631746360484,-2.310435663512692,1.0,0.2767040155059499,3.050002324361717,3.326706339867667
8.847999999999624,0.37909415117109035,-2.3017103755284234,1.0,0.27461803381195454,3.0474761396741816,3.322094173486136
8.849999999999625,0.37449955689662073,-2.2928636855979967,1.0,0.27251108621055886,3.0449884929106523,3.317499579121211
8.851999999999626,0.36992277719946787,-2.283895840260155,1.0,0.2703835651056237,3.0425392342265596,3.3129227993321835
8.853999999999626,0.36536405413432654,-2.2748070975480577,1.0,0.2682358692663737,3.040128206907391,3.3083640761737647
8.855999999999627,0.3608236292283579,-2.2655977269563436,1.0,0.266068403733854,3.0377552474392817,3.303823651173136
8.857999999999628,0.3563017434583016,-2.2562680094060448,1.0,0.2638815797249883,3.035420185582066,3.2993017653070544
8.859999999999628,0.3517986372276595,-2.2468182372073726,1.0,0.26167581453427646,3.0331228444447658,3.294798658979042
8.861999999999629,0.3473145503439566,-2.2372487140204083,1.0,0.2594515314331729,3.0308630405634673,3.2903145719966402
8.86399999999963,0.34284972199608194,-2.227559754813721,1.0,0.2572091595671905,3.028640583981567,3.2858497435487575
8.86599999999963,0.3384043907317152,-2.2177516858209496,1.0,0.2549491338507739,3.0264552783323153,3.281404412183089
8.86799999999963,0.33397879443484124,-2.2078248444953674,1.0,0.2526718948599859,3.0243069209236553,3.2769788157836413
8.869999999999632,0.3295731703033582,-2.1977795794624715,1.0,0.2503778887230551,3.022195302825272,3.272573191548327
8.871999999999632,0.3251877548267819,-2.1876162504706205,1.0,0.24806756700883023,3.0201202089578505,3.268187775966681
8.873999999999633,0.3208227837640512,-2.1773352283397553,1.0,0.2457413866131915,3.018081418184467,3.2638228047976585
8.875999999999634,0.31647849212143764,-2.166936894908236,1.0,0.2433998096434647,3.0160787034040837,3.2594785130475485
8.877999999999634,0.3121551141305633,-2.1564216429778273,1.0,0.24104330330089221,3.014111831647097,3.2551551349479895
8.879999999999635,0.3078528832265305,-2.145789876256866,1.0,0.23867233976120616,3.012180564172895,3.250852903934101
8.881999999999636,0.30357203202616706,-2.1350420093016487,1.0,0.23628739605336088,3.010284656569367,3.2465720526227275
8.883999999999636,0.2993127923063904,-2.124178467456069,1.0,0.23388895393647366,3.0084238588543286,3.2423128127908023
8.885999999999637,0.2950753949826942,-2.1131996867895473,1.0,0.23147749977502552,3.006597915578809,3.2380754153538343
8.887999999999638,0.2908600700877606,-2.10210611403328,1.0,0.22905352441237986,3.004806565932143,3.2338600903445225
8.889999999999638,0.28666704675020205,-2.0908982065148587,1.0,0.2266175230426681,3.003049543848827,3.229667066891495
8.891999999999639,0.2824965531734351,-2.079576432091279,1.0,0.2241699950811012,3.0013265781170824,3.2254965731981837
8.89399999999964,0.27834881661468985,-2.068141269080396,1.0,0.22171144403275952,2.999637392489073,3.2213488365218326
8.89599999999964,0.27422406336415817,-2.0565932061908474,1.0,0.21924237735991756,2.997981705792732,3.2172240831526495
8.89799999999964,0.2701225187242833,-2.0449327424504946,1.0,0.21676330634796115,2.99635923204513,3.2131225383930913
8.899999999999642,0.2660444069891943,-2.0331603871334147,1.0,0.21427474596994997,2.994769680567353,3.209044426537303
8.901999999999642,0.26198995142428777,-2.021276659685487,1.0,0.21177721474988773,2.9932127561008053,3.204989970850693
8.903999999999643,0.2579593742459598,-2.0092820896486074,1.0,0.20927123462475042,2.9916881589249225,3.200959393549673
8.905999999999644,0.25395289660149084,-1.997177216583578,1.0,0.206757330805338,2.9901955849761985,3.1969529157815364
8.907999999999644,0.24997073854908594,-1.984962589991705,1.0,0.20423603163599896,2.9887347259685026,3.1929707576045017
8.909999999999645,0.2460131190380734,-1.972638769235152,1.0,0.20170786845329164,2.9873052695146187,3.1890131379679105
8.911999999999646,0.24208025588926363,-1.960206323456082,1.0,0.1991733754436387,2.985906899248947,3.1850802746925857
8.913999999999646,0.23817236577547093,-1.9476658314946356,1.0,0.19663308950003147,2.9845392949513223,3.181172384451354
8.915999999999647,0.23428966420220057,-1.9350178818057804,1.0,0.1940875500778432,2.9832021326718894,3.177289682749733
8.917999999999648,0.23043236548850313,-1.9222630723750769,1.0,0.19153729904981054,2.981895084856975,3.1734323839067855
8.919999999999648,0.2266006827479985,-1.9094020106333984,1.0,0.1889828805602396,2.9806178204759024,3.169600701036142
8.921999999999649,0.22279482787007127,-1.8964353133706482,1.0,0.18642484087849553,2.9793700051487053,3.1657948460272007
8.92399999999965,0.2190150115012399,-1.8833636066485135,1.0,0.1838637282518341,2.9781513012746563,3.1620150295264904
8.92599999999965,0.21526144302670105,-1.8701875257122977,1.0,0.18130009275763218,2.9769613681615863,3.1582614609192183
8.92799999999965,0.2115343305520513,-1.8569077149018722,1.0,0.17873448615507556,2.9757998621559167,3.1545343483109924
8.929999999999652,0.20783388088518773,-1.8435248275617873,1.0,0.17616746173636127,2.974666436773359,3.15083389850972
8.931999999999652,0.20416029951838918,-1.8300395259505833,1.0,0.1735995741774719,2.973560742830218,3.1471603170076903
8.933999999999653,0.20051379061057958,-1.8164524811493434,1.0,0.17103137938857865,2.9724824285752587,3.143513807963837
8.935999999999654,0.19689455696977487,-1.8027643729695275,1.0,0.16846343436413003,2.9714311398220556,3.1398945741861857
8.937999999999654,0.19330280003571498,-1.7889758898601265,1.0,0.16589629703268197,2.9704065200818053,3.1363028171144873
8.939999999999655,0.18973871986268226,-1.7750877288141789,1.0,0.16333052610652643,2.9694082106965056,3.132738736803032
8.941999999999656,0.18620251510250724,-1.7611005952746879,1.0,0.16076668093117305,2.968435850972487,3.12920253190366
8.943999999999656,0.1826943829877633,-1.7470152030399786,1.0,0.15820532133473866,2.9674890783142147,3.1256943996489532
8.945999999999657,0.17921451931515112,-1.7328322741685347,1.0,0.15564700747730084,2.9665675283583206,3.1222145358356213
8.947999999999658,0.1757631184290739,-1.718552538883353,1.0,0.15309229970026794,2.965670835107808,3.118763134808076
8.949999999999658,0.17234037320540446,-1.7041767354758541,1.0,0.15054175837582,2.9647986310663788,3.1153403894421987
8.951999999999659,0.1689464750354446,-1.6897056102093888,1.0,0.1479959437564741,2.9639505473728245,3.1119464911292987
8.95399999999966,0.1655816138100783,-1.6751399172223744,1.0,0.14545541582482513,2.963126213935443,3.108581629760268
8.95599999999966,0.16224597790411852,-1.6604804184311024,1.0,0.14292073414351547,2.9623252595664127,3.105245993709928
8.957999999999661,0.15893975416084902,-1.6457278834322504,1.0,0.14039245770548375,2.961547312116086,3.1019397698215694
8.959999999999662,0.15566312787676123,-1.630883089405137,1.0,0.13787114478454396,2.960791998607147,3.098663143391691
8.961999999999662,0.15241628278648697,-1.615946821013754,1.0,0.13535735278634375,2.9600589453685884,3.095416298154932
8.963999999999663,0.14919940104792717,-1.6009198703086132,1.0,0.13285163809975334,2.959347778169446,3.0921994162691995
8.965999999999664,0.1460126632275771,-1.5858030366284384,1.0,0.13035455594873024,2.958658122352267,3.0890126783009975
8.967999999999664,0.14285624828604843,-1.5705971265017427,1.0,0.12786666024471124,2.9579896029662307,3.085856263210942
8.969999999999665,0.139730333563788,-1.5553029535483183,1.0,0.1253885034395758,2.957341844899913,3.082730348339489
8.971999999999666,0.13663509476699404,-1.5399213383806771,1.0,0.12292063637922863,2.9567144730136135,3.079635109392842
8.973999999999666,0.1335707059537291,-1.524453108505471,1.0,0.12046360815784682,2.9561071122712224,3.076570720429069
8.975999999999667,0.13053733952023053,-1.5088990982249253,1.0,0.1180179659728351,2.95551938787158,3.073537353844415
8.977999999999668,0.12753516618741761,-1.493260148538316,1.0,0.11558425498053507,2.9549509253792694,3.0705351803598044
8.979999999999668,0.12456435498759622,-1.4775371070435204,1.0,0.1131630181527301,2.9544013508548197,3.06756436900755
8.981999999999669,0.12162507325135972,-1.4617308278386738,1.0,0.11075479613398755,2.9538702909842636,3.064625087118251
8.98399999999967,0.11871748659468691,-1.4458421714239567,1.0,0.10836012709988224,2.953357373208009,3.0617175003078914
8.98599999999967,0.11584175890623581,-1.4298720046035442,1.0,0.10597954661613873,2.952862225848996,3.0588417724651347
8.987999999999671,0.11299805233483373,-1.413821200387746,1.0,0.10361358749873428,2.9523844782400808,3.055998065738815
8.989999999999672,0.1101865272771626,-1.3976906378953593,1.0,0.10126277967500028,2.9519237608506184,3.0531865405256187
8.991999999999672,0.10740734236563945,-1.3814812022562668,1.0,0.09892765004576053,2.95147970541221,3.0504073554579705
8.993999999999673,0.10466065445649143,-1.3651937845142998,1.0,0.09660872234854355,2.951051945043557,3.0476606673921003
8.995999999999674,0.10194661861802481,-1.3488292815303946,1.0,0.09430651702190469,2.950640114374416,3.044946631396321
8.997999999999674,0.09926538811908736,-1.3323885958860646,1.0,0.09202155107089337,2.9502438496685923,3.0422654007394856
8.999999999999675,0.09661711441772342,-1.315872635787211,1.0,0.08975433793370154,2.9498627889459432,3.039617126879645
9.001999999999676,0.09400194715002101,-1.2992823149682953,1.0,0.0875053873495241,2.949496572103367,3.037001959452891
9.003999999999676,0.0914200341191503,-1.2826185525968932,1.0,0.08527520522766649,2.949144841034733,3.0344200462623996
9.005999999999677,0.08887152128459236,-1.2658822731786539,1.0,0.0830642935179302,2.9488072397497276,3.031871533267658
9.007999999999678,0.08635655275155782,-1.2490744064626804,1.0,0.08087315008230717,2.9484834144915735,3.0293565645738805
9.009999999999678,0.08387527076059414,-1.2321958873473533,1.0,0.0787022685680134,2.9481730138536077,3.026875282421621
9.011999999999679,0.08142781567738092,-1.2152476557866136,1.0,0.0765521382818911,2.9478756888946736,3.0244278271765648
9.01399999999968,0.07901432598271199,-1.1982306566967247,1.0,0.07442324406620693,2.9475910932533034,3.0220143373195105
9.01599999999968,0.07663493826266372,-1.1811458398635266,1.0,0.07231606617587528,2.947318883260665,3.0196349494365404
9.017999999999681,0.07428978719894812,-1.163994159850202,1.0,0.0702310801571321,2.947058718052238,3.01728979820937
9.019999999999682,0.07197900555944993,-1.1467765759055641,1.0,0.06816875672768473,2.946810259678207,3.0149790164058916
9.021999999999682,0.06970272418894669,-1.129494051872886,1.0,0.06612956165836445,2.9465731732125233,3.0127027348708877
9.023999999999683,0.06746107200001046,-1.112147556099278,1.0,0.064113955656304,2.946347126860631,3.0104610825169353
9.025999999999684,0.06525417596409039,-1.0947380613456323,1.0,0.062122394249664384,2.946131792065825,3.0082541863154897
9.027999999999684,0.06308216110277463,-1.0772665446971403,1.0,0.060155327673933244,2.945926843614211,3.0060821712881443
9.029999999999685,0.060945150479230825,-1.0597339874743963,1.0,0.058213200759816654,2.945731959738255,3.0039451604980716
9.031999999999686,0.05884326518982362,-1.0421413751450965,1.0,0.056296452822744585,2.9455468222189,3.0018432750416446
9.033999999999686,0.056776624355908314,-1.0244896972363433,1.0,0.05440551755401167,2.9453711164862093,2.999776634040221
9.035999999999687,0.05474534511579922,-1.0067799472475594,1.0,0.05254082291357054,2.945204531718553,2.9977453546321238
9.037999999999688,0.05274954261691159,-0.9890131225640234,1.0,0.05070279102449832,2.945046760940274,2.995749551964772
9.039999999999688,0.050789330008075846,-0.9711902243710303,1.0,0.048891838069153044,2.9448975011178504,2.9937893391870034
9.041999999999689,0.04886481843202287,-0.9533122575686828,1.0,0.04710837418703752,2.9447564532545174,2.991864827441555
9.04399999999969,0.046976117018039054,-0.9353802306873185,1.0,0.04535280337438709,2.9446233224833316,2.989976125857719
9.04599999999969,0.04512333287478988,-0.9173951558035771,1.0,0.04362552338549682,2.9444978181586703,2.988123341544167
9.047999999999691,0.043306571083310715,-0.89935804845711,1.0,0.041926925635803726,2.9443796539461373,2.986306579581941
9.049999999999692,0.041525934690163524,-0.8812699275679342,1.0,0.04025739510673787,2.944268547910871,2.984525943017609
9.051999999999692,0.039781524700758276,-0.8631318153544332,1.0,0.03861731025235636,2.9441642226042317,2.982781532856588
9.053999999999693,0.038073440072837646,-0.8449447372520038,1.0,0.03700704290777354,2.9440664051488548,2.981073448056628
9.055999999999694,0.03640177771012381,-0.8267097218323503,1.0,0.03542695819939962,2.943974827322057,2.9794017855214565
9.057999999999694,0.034766632456126004,-0.8084278007234235,1.0,0.03387741445699983,2.9438892256375913,2.977766640094591
9.059999999999695,0.03316809708810754,-0.7901000085300041,1.0,0.032358763127585254,2.943809341425715,2.9761681045533006
9.061999999999696,0.03160626231121106,-0.7717273827549271,1.0,0.030871348691146456,2.9437349209115893,2.9746062696027358
9.063999999999696,0.030081216752740624,-0.7533109637209446,1.0,0.029415508578239758,2.9436657152919676,2.9730812238702073
9.065999999999697,0.028593046956599522,-0.7348517944932219,1.0,0.02799157308943609,2.94360148081019,2.971593053899626
9.067999999999698,0.027141837377882415,-0.7163509208024637,1.0,0.02659986531664134,2.9435419788294537,2.970141844146095
9.069999999999698,0.025727670377620603,-0.6978093909686635,1.0,0.02524070106629733,2.943486975904354,2.968727676970651
9.071999999999699,0.024350626217679194,-0.6792282558254714,1.0,0.023914388784471018,2.943436243850697,2.967350632635168
9.0739999999997,0.023010783055804906,-0.6606085686451724,1.0,0.022621229483839992,2.9433895598135615,2.9660107892974015
9.0759999999997,0.021708216940823317,-0.641951385064267,1.0,0.021361516672581782,2.943346706333601,2.9647082230061828
9.077999999999701,0.02044300180798436,-0.6232577630096486,1.0,0.020135536285173044,2.9433074714115985,2.9634430076967715
9.079999999999702,0.019215209474454858,-0.6045287626253663,1.0,0.018943566615105937,2.943271648571235,2.9622152151863412
9.081999999999702,0.018024909634956992,-0.5857654461999636,1.0,0.017785878249527123,2.943239036920097,2.961024915169624
9.083999999999703,0.016872169857551477,-0.5669688780943852,1.0,0.016662734005805334,2.943209441208882,2.959872175214687
9.085999999999704,0.015757055579564402,-0.5481401246704385,1.0,0.015574388870032627,2.9431826718888336,2.9587570607588662
9.087999999999704,0.014679630103656586,-0.5292802542197999,1.0,0.014521089937464426,2.943158545167366,2.9576796351048302
9.089999999999705,0.013639954594034383,-0.510390336893554,1.0,0.01350307635490272,2.9431368830618925,2.9566399594167954
9.091999999999706,0.012638088072800901,-0.4914714446322525,1.0,0.01252057926502708,2.943117513451844,2.955638092716871
9.093999999999706,0.011674087416446577,-0.47252465109648034,1.0,0.011573821752676986,2.9431002701288818,2.9546740918815586
9.095999999999707,0.010748007352478136,-0.4535510315979151,1.0,0.010663018793089623,2.9430849928452836,2.9537480116383734
9.097999999999708,0.009859900456184949,-0.4345516630308662,1.0,0.009788377202096283,2.9430715273605155,2.9528599045626116
9.099999999999708,0.009009817147541833,-0.41552762380427843,1.0,0.00895009558828066,2.94305972548598,2.952009821074261
9.101999999999709,0.00819780568824741,-0.3964799937741859,1.0,0.008148364307101903,2.943049445127925,2.951197809435027
9.10399999999971,0.0074239121788971015,-0.37740985417659956,1.0,0.0073833654169852105,2.9430405503285293,2.9504239157455143
9.10599999999971,0.006688180556289947,-0.35831828756081335,1.0,0.006655272637382312,2.94303291130515,2.9496881839425324
9.107999999999711,0.00599065259086839,-0.3392063777231121,1.0,0.005964251308804238,2.943026404487728,2.948990655796532
9.109999999999712,0.005331367884290265,-0.3200752096408645,1.0,0.005310458354828333,2.943020912554355,2.9483313709091834
9.111999999999712,0.0047103638671322345,-0.300925869406984,1.0,0.004694042246081594,2.943016324464988,2.9477103667110693
9.113999999999713,0.0041276757967239385,-0.28175944416473986,1.0,0.0041151429662018004,2.9430125354933283,2.94712767845953
9.115999999999714,0.003583336755112198,-0.2625770220429003,1.0,0.0035738919797782785,2.9430094472568458,2.946583339236624
9.117999999999714,0.0030773776471546095,-0.24337969209119037,1.0,0.0030704122022735553,2.9430069677449433,2.946077379947217
9.119999999999715,0.0026098271987419247,-0.22416854421604462,1.0,0.0026048179719272402,2.9430050113452833,2.9456098293172106
9.121999999999716,0.0021807119551486478,-0.20494466911663678,1.0,0.002177215023643313,2.943003498868244,2.9451807138918875
9.123999999999716,0.0017900562795113112,-0.1857091582211667,1.0,0.0017877004648618163,2.9430023575695348,2.9447900580343966
9.125999999999717,0.0014378823514339357,-0.16646310362338546,1.0,0.0014363627534159278,2.9430015211709355,2.9444378839243512
9.127999999999718,0.0011242101657202197,-0.1472075980193387,1.0,0.0011232816773751935,2.94300092987919,2.9441242115565656
9.129999999999718,0.0008490575312320399,-0.12794373464430864,1.0,0.0008485283368756831,2.9430005304030344,2.94384905873991
9.131999999999719,0.000612440069873885,-0.10867260720993448,1.0,0.0006121651279376762,2.9430002759683633,2.943612441096301
9.13399999999972,0.0004143712157028887,-0.08939530984149098,1.0,0.00041424572827145826,2.9430001263315346,2.9434143720598063
9.13599999999972,0.0002548622141641627,-0.07011293701530488,1.0,0.0002548150850716796,2.943000047790807,2.943254862875879
9.137999999999721,0.00013392212145117732,-0.05082658349628864,1.0,0.00013390940480068116,2.943000013195924,2.9431339226007247
9.139999999999722,5.1557803990973794e-05,-0.03153734427557073,1.0,5.155614496111908e-05,2.9430000019558196,2.943051558100781
9.141999999999722,7.773938054037159e-06,-0.012246314508201909,1.0,7.774007858137564e-06,2.943000000044469,2.9430077740523273
9.143999999999723,2.5730094886977115e-06,0.007045410549083524,1.0,2.5729363512908455e-06,2.9430000000048717,2.943002572941223
9.145999999999724,3.5955313579972465e-05,0.026336735600072256,1.0,3.595411159634254e-05,2.9430000009511676,2.943035955062764
9.147999999999724,0.00010791895503279878,0.045626565371263195,1.0,0.00010790995277701162,2.943000008568888,2.943107918521665
9.149999999999725,0.00021845984807965476,0.06491380467406635,1.0,0.0002184241188266734,2.9430000351133425,2.943218459232169
9.151999999999726,0.0003675717167126023,0.08419735846703026,1.0,0.00036747151213996327,2.9430000994061376,2.9433675709182774
9.153999999999726,0.0005552460950398312,0.10347613191811891,1.0,0.0005550182842741667,2.9430002268298376,2.9435552451141116
9.155999999999727,0.0007814723277668234,0.12274903046705887,1.0,0.0007810218436402252,2.943000449320745,2.9437814711643853
9.157999999999728,0.0010462375708023,0.14201495988777751,1.0,0.0010454308651831085,2.943000805359834,2.944046236225017
9.159999999999728,0.001349526791989152,0.16127282635095289,1.0,0.0013481853020512482,2.94300133996181,2.944349525263861
9.161999999999729,0.0016913227719606004,0.180521536486696,1.0,0.0016892163992546644,2.9430021046623054,2.94469132106156
9.16399999999973,0.0020716061051218697,0.19975999744738576,1.0,0.0020684467093113096,2.9430031575032185,2.94507160421253
9.16599999999973,0.0024903552007577013,0.21898711697067694,1.0,0.00248579010988113,2.943004563016184,2.945490353126065
9.167999999999731,0.002947546284266072,0.2382018034427012,1.0,0.0029411518233872043,2.943006392204188,2.945947544027575
9.169999999999732,0.0034431533985185264,0.2574029659614813,1.0,0.00343442843862327,2.9430087225213164,2.9464431509599396
9.171999999999732,0.003977148405347563,0.27658951440057805,1.0,0.003965507934346848,2.943011637850656,2.946977145785003
9.173999999999733,0.0045495009871615675,0.2957603594729893,1.0,0.004534269704857033,2.9430152284803253,2.9475494981851824
9.175999999999734,0.0051601786486878114,0.3149144127953206,1.0,0.005140584587555997,2.9430195910776584,2.9481601756652145
9.177999999999734,0.005809146718844076,0.3340505869522464,1.0,0.005784314892493,2.9430248286615353,2.9488091435540285
9.179999999999735,0.006496368352739508,0.3531677955612798,1.0,0.006465314433889767,2.9430310505728525,2.9494963650067425
9.181999999999736,0.007221804533805342,0.3722649533378706,1.0,0.007183428563645702,2.943038372443151,2.950221801006797
9.183999999999736,0.00798541407605615,0.3913409761608478,1.0,0.007938494206821535,2.943046916161395,2.9509854103682165
9.185999999999737,0.008787153626482355,0.41039478113822614,1.0,0.00873033989909966,2.943056809838902,2.951787149738002
9.187999999999738,0.009626977667574711,0.42942528667339247,1.0,0.009558785826219279,2.9430681877724316,2.952626973598651
9.189999999999738,0.010504838519981576,0.4484314125316898,1.0,0.010423643865384372,2.9430811904054406,2.953504834270825
9.191999999999739,0.011420686345299743,0.4674120799074152,1.0,0.011324717628642294,2.943095964287485,2.9544206819161274
9.19399999999974,0.01237446914899971,0.4863662114912475,1.0,0.012261802508230502,2.9431126620318078,2.9553744645400384
9.19599999999974,0.013366132783486232,0.5052927315381207,1.0,0.01323468572388878,2.943131442271084,2.956366127994973
9.197999999999741,0.0143956209512951,0.5241905659355586,1.0,0.014243146372134252,2.9431524696113396,2.957395615983474
9.199999999999742,0.015462875208427039,0.5430586422724839,1.0,0.015286955477495852,2.943175914584057,2.958462870061553
9.201999999999742,0.016567834967819727,0.5618958899085184,1.0,0.016365876045705142,2.9432019535964495,2.959567829642155
9.203999999999743,0.017710437502958913,0.5807012400437853,1.0,0.01747966311883952,2.943230768879936,2.9607104319987756
9.205999999999744,0.018890617951629645,0.5994736257892296,1.0,0.018628063832414457,2.943262548436793,2.9618906122692077
9.207999999999744,0.020108309319808684,0.6182119822374661,1.0,0.019810817474419786,2.943297485985017,2.9631083034594368
9.209999999999745,0.021363442485699137,0.6369152465341703,1.0,0.021027655546296396,2.943335780901378,2.9643634364476745
9.211999999999746,0.022655946203908425,0.655582357950021,1.0,0.022278301825847772,2.943377638162688,2.965655939988536
9.213999999999746,0.023985747109770708,0.6742122579532072,1.0,0.02356247243208151,2.943423268285283,2.9669857407173645
9.215999999999747,0.02535276972381488,0.692803890282509,1.0,0.02487987589197535,2.9434728872627214,2.9683527631546966
9.217999999999748,0.026756936456379336,0.7113562010209621,1.0,0.026230213209161506,2.9435267165017174,2.969756929710879
9.219999999999748,0.028198167612374616,0.7298681386701147,1.0,0.027613177934523232,2.9435849827563056,2.971198160690829
9.221999999999749,0.02967638139619521,0.7483386542248864,1.0,0.02902845623869675,2.9436479180602526,2.9726763742989495
9.22399999999975,0.03119149391678165,0.7667667012490353,1.0,0.030475726986471493,2.9437157596577173,2.9741914866441888
9.22599999999975,0.03274341919283418,0.7851512359512408,1.0,0.03195466181308079,2.943788749932174,2.975743411745255
9.227999999999751,0.03433206915817919,0.8034912172618093,1.0,0.033464925202375526,2.943867136333606,2.9773320615359817
9.229999999999752,0.03595735366728971,0.8217856069100072,1.0,0.03500617456687131,2.943951171303977,2.9789573458708483
9.231999999999752,0.03761918050096116,0.8400333695020278,1.0,0.036578060329661224,2.9440411122009977,2.980619172530659
9.233999999999753,0.03931745537214374,0.8582334725995932,1.0,0.03818022600818362,2.944137221220186,2.98231744722837
9.235999999999754,0.041052081931932605,0.8763848867991988,1.0,0.039812308299835474,2.944239765315248,2.9840520736150835
9.237999999999754,0.04282296177571719,0.8944865858120001,1.0,0.041473937169420466,2.944349016116775,2.9858229532861955
9.239999999999755,0.044629994449490965,0.9125375465443445,1.0,0.04316473593842067,2.944465249849287,2.987629985787708
9.241999999999756,0.04647307745632286,0.9305367491789498,1.0,0.044884321376080165,2.944588747246615,2.989473068622695
9.243999999999756,0.04835210626299177,0.9484831772567294,1.0,0.04663230379228792,2.9447197934656546,2.9913520972579426
9.245999999999757,0.05026697430678528,0.966375817759264,1.0,0.04840828713224728,2.9448586779984978,2.993266965130745
9.247999999999758,0.05221757300246399,0.9842136611919182,1.0,0.05021186907291842,2.945005694582951,2.9952175636558693
9.249999999999758,0.05420379174939279,1.001995701667601,1.0,0.05204264112121931,2.9451611411114667,2.997203782232686
9.251999999999759,0.0562255179388402,1.019720936991166,1.0,0.0539001887139706,2.9453253195384996,2.9992255082524704
9.25399999999976,0.058282636961447205,1.0373883687444487,1.0,0.05578409131956844,2.945498535786301,3.0012826271058692
9.25599999999976,0.06037503221486678,1.0549970023719375,1.0,0.057693922541369555,2.945681099649173,3.0033750221905424
9.257999999999761,0.0625025851115754,1.0725458472670693,1.0,0.05962925022277096,2.9458733246962003,3.0055025749189714
9.259999999999762,0.06466517508685773,1.0900339168591486,1.0,0.06158963655396687,2.9460755281724818,3.0076651647264487
9.261999999999762,0.06686267960696582,1.10746022870088,1.0,0.06357463818036488,2.9462880308988657,3.0098626690792307
9.263999999999763,0.0690949741774539,1.1248238045565062,1.0,0.06558380631264123,2.946511157170235,3.0120949634828764
9.265999999999764,0.07136193235169017,1.1421236704905462,1.0,0.06761668683841589,2.946745234652347,3.014361921490763
9.267999999999764,0.07366342573954648,1.1593588569571187,1.0,0.06967282043552704,2.9469905942772385,3.016663414712766
9.269999999999765,0.07599932401626744,1.1765283988898458,1.0,0.07175174268688264,2.9472475701372525,3.018999312824135
9.271999999999766,0.07836949493151969,1.1936313357923234,1.0,0.07385298419686709,2.9475164993776772,3.0213694835745444
9.273999999999766,0.08077380431862291,1.2106667118291452,1.0,0.0759760707092805,2.9477977220880374,3.023773792797318
9.275999999999767,0.08321211610396319,1.2276335759174701,1.0,0.07812052322678585,2.948091581192062,3.0262121044188475
9.277999999999768,0.08568429231659021,1.2445309818191177,1.0,0.08028585813183942,2.94839842233635,3.0286842804681893
9.279999999999768,0.08819019309799908,1.2613579882331762,1.0,0.08247158730907979,2.9487185937777634,3.0311901810868433
9.281999999999769,0.09072967671209793,1.2781136588891109,1.0,0.08467721826914734,2.9490524462695755,3.033729664538723
9.28399999999977,0.09330259955536212,1.2947970626403527,1.0,0.08690225427390894,2.9494003329464014,3.03630258722031
9.28599999999977,0.09590881616717617,1.3114072735583528,1.0,0.08914619446305809,2.9497626092079363,3.0389088036709944
9.287999999999771,0.09854817924036427,1.3279433710270845,1.0,0.0914085339820622,2.9501396326015423,3.0415481665836044
9.289999999999772,0.10122053963191013,1.3444044398379722,1.0,0.09368876411142726,2.950531762703705,3.044220526815132
9.291999999999772,0.1039257463738672,1.3607895702852308,1.0,0.09598637239724951,2.9509393610003847,3.046925733397634
9.293999999999773,0.10666364668445986,1.3770978582615918,1.0,0.09830084278302077,2.9513627907663205,3.0496636335493412
9.295999999999774,0.10943408597937655,1.3933284053543975,1.0,0.10063165574265757,2.95180241694329,3.0524340726859474
9.297999999999774,0.11223690788325531,1.4094803189420395,1.0,0.10297828841471812,2.952258606017379,3.055236894432097
9.299999999999775,0.11507195424136264,1.4255527122907206,1.0,0.10534021473777536,2.952731725895287,3.0580719406330625
9.301999999999776,0.11793906513146613,1.4415447046515133,1.0,0.10771690558690872,2.953222145779708,3.060939051366617
9.303999999999776,0.12083807887590144,1.4574554213576945,1.0,0.1101078289112801,2.953730236043821,3.0638380649551014
9.305999999999777,0.12376883205383431,1.473283993922328,1.0,0.11251244987275634,2.954256368104932,3.0667688179776884
9.307999999999778,0.12673115951371788,1.4890295601360697,1.0,0.11493023098554127,2.954800914297295,3.069731145282836
9.309999999999778,0.12972489438594587,1.5046912641651706,1.0,0.11736063225677784,2.9553642477441677,3.0727248800009455
9.31199999999978,0.13274986809570183,1.520268256649647,1.0,0.11980311132808136,2.9559467422291243,3.075749853557206
9.31399999999978,0.13580591037600512,1.535759694801593,1.0,0.12225712361796322,2.9565487720666797,3.078805895684643
9.31599999999978,0.13889284928095327,1.551164742503603,1.0,0.12472212246510499,2.957170711972256,3.081892834437361
9.317999999999781,0.14201051119916167,1.5664825704072785,1.0,0.12719755927243842,2.957812936931543,3.0850104962039815
9.319999999999782,0.1451587208674,1.5817123560317852,1.0,0.12968288365199154,2.9584758220692895,3.088158705721281
9.321999999999782,0.14833730138442602,1.5968532838624327,1.0,0.1321775435704545,2.9591597425175697,3.091337286088024
9.323999999999783,0.15154607422501637,1.6119045454492427,1.0,0.1346809854954229,2.9598650732835727,3.0945460587789957
9.325999999999784,0.15478485925419452,1.6268653395054749,1.0,0.13719265454227156,2.960592189116953,3.0977848436592246
9.327999999999784,0.15805347474165585,1.6417348720060774,1.0,0.13971199462161335,2.9613414643768006,3.101053458998414
9.329999999999785,0.1613517373763892,1.6565123562860287,1.0,0.14223844858729684,2.9621132728982627,3.1043517214855596
9.331999999999786,0.16467946228149524,1.6711970131385356,1.0,0.1447714583848938,2.9629079878588773,3.107679446243771
9.333999999999786,0.16803646302920106,1.685788070913055,1.0,0.14731046520063007,2.963725981644652,3.111036446845282
9.335999999999787,0.17142255165607037,1.7002847656131026,1.0,0.1498549096107083,2.9645676257159566,3.114422535326665
9.337999999999788,0.17483753867840934,1.7146863409938131,1.0,0.15240423173097603,2.9654332904732574,3.1178375222042334
9.339999999999788,0.1782812331078671,1.7289920486592167,1.0,0.15495787136688513,2.9663233451227606,3.121281216489646
9.34199999999979,0.18175344246723052,1.7432011481591942,1.0,0.15751526816369482,2.9672381575420017,3.1247534257056966
9.34399999999979,0.18525397280641268,1.7573129070860747,1.0,0.16007586175686384,2.9681780941454434,3.1282539559023075
9.34599999999979,0.1887826287186339,1.7713266011708375,1.0,0.16263909192258133,2.969143519750127,3.1317826116727083
9.347999999999791,0.19233921335679505,1.7852415143788811,1.0,0.16520439872838302,2.970134797441426,3.135339196169809
9.349999999999792,0.19592352845004157,1.7990569390053197,1.0,0.1677712226837988,2.9711522884389656,3.1389235111227642
9.351999999999792,0.19953537432051793,1.812772175769771,1.0,0.17033900489097759,2.972196351962751,3.1425353568537284
9.353999999999793,0.20317454990031092,1.826386533910593,1.0,0.17290718719523662,2.973267345099561,3.1461745322947974
9.355999999999794,0.20684085274858088,1.8398993312785337,1.0,0.17547521233547753,2.9743656226696644,3.149840835005142
9.357999999999794,0.21053407906887958,1.8533098944297524,1.0,0.17804252409441604,2.975491537093909,3.1535340611883247
9.359999999999795,0.21425402372665356,1.8666175587181728,1.0,0.18060856744856904,2.9766454382612326,3.1572540057098015
9.361999999999796,0.21800048026693142,1.8798216683871283,1.0,0.1831727887179414,2.977827673396671,3.1610004621146124
9.363999999999796,0.2217732409321936,1.8929215766602587,1.0,0.18573463571535706,2.979038586929892,3.1647732226452487
9.365999999999797,0.22557209668042336,1.90591664583162,1.0,0.1882935578953786,2.9802785203643265,3.168572078259705
9.367999999999798,0.22939683720333687,1.9188062473549616,1.0,0.1908490065027556,2.9815478121469527,3.1723968186497085
9.369999999999798,0.2332472509447913,1.9315897619321376,1.0,0.19340043472034546,2.9828467975387833,3.176247232259129
9.3719999999998,0.23712312511936862,1.9442665796006031,1.0,0.19594729781645084,2.984175808486109,3.18012310630256
9.3739999999998,0.24102424573113349,1.9568360998199625,1.0,0.19848905329151212,2.9855351734925657,3.1840242267840777
9.3759999999998,0.24495039759256335,1.969297731557523,1.0,0.20102516102410076,2.9869252174920726,3.1879503785161734
9.377999999999801,0.24890136434364843,1.9816508933728154,1.0,0.20355508341615286,2.9883462617226964,3.191901345138849
9.379999999999802,0.2528769284711599,1.9938950135010394,1.0,0.20607828553738525,2.9897986236015046,3.1958769091388897
9.381999999999802,0.25687687132808373,2.006029529935396,1.0,0.20859423526883714,2.9912826166004574,3.1998768518692944
9.383999999999803,0.260900973153218,2.0180538905082606,1.0,0.21110240344547845,2.9927985501233962,3.2039009535688745
9.385999999999804,0.26494901309093144,2.0299675529711627,1.0,0.2136022639978249,2.9943467293841874,3.2079489933820122
9.387999999999805,0.2690207692110808,2.0417699850735267,1.0,0.21609329409250574,2.9959274552860737,3.2120207493785795
9.389999999999805,0.2731160185290842,2.0534606646401334,1.0,0.2185749742717221,2.9975410243022855,3.2161159985740078
9.391999999999806,0.27723453702614814,2.065039079647268,1.0,0.22104678859154112,2.999187728357977,3.2202345169495183
9.393999999999807,0.28137609966964583,2.076504728297507,1.0,0.22350822475896703,3.000867854713532,3.224376079472499
9.395999999999807,0.28554048043364305,2.087857119093109,1.0,0.2259587742677318,3.0025816858492997,3.2285404601170313
9.397999999999808,0.2897274523195699,2.0990957709079674,1.0,0.2283979325327491,3.004329499351812,3.232727431884561
9.399999999999809,0.2939367873770348,2.110220213058092,1.0,0.2308251990231751,3.0061115678015367,3.2369367668247118
9.40199999999981,0.29816825672477787,2.12122998537057,1.0,0.23324007739401822,3.0079281586622204,3.2411682360562386
9.40399999999981,0.3024216305717608,2.1321246382509784,1.0,0.23564207561624403,3.009779534171876,3.24542160978812
9.40599999999981,0.30669667823838986,2.142903732749205,1.0,0.23803070610531882,3.011665951235461,3.2496966573407797
9.407999999999811,0.3109931681778691,2.1535668406236397,1.0,0.24040548584813745,3.0135876613192987,3.253993147167436
9.409999999999812,0.3153108679976801,2.164113544403704,1.0,0.2427659365282808,3.015544910347308,3.2583108468755886
9.411999999999813,0.3196495444811851,2.174543437450675,1.0,0.24511158464954877,3.0175379385990677,3.2626495232486166
9.413999999999813,0.32400896360935016,2.1848561240167754,1.0,0.24744196165771765,3.019566980609785,3.267008942267503
9.415999999999814,0.3283888905825847,2.1950512193024876,1.0,0.24975660406046665,3.0216322650722085,3.271388869132675
9.417999999999815,0.3327890898426937,2.2051283495120626,1.0,0.25205505354542507,3.02373401474053,3.2757890682859547
9.419999999999815,0.3372093250949392,2.2150871519071855,1.0,0.2543368570962854,3.025872446336337,3.2802093034326223
9.421999999999816,0.3416493593302076,2.2249272748587656,1.0,0.2566015671069367,3.0280477704566455,3.2846493375635823
9.423999999999817,0.34610895484727794,2.234648377896819,1.0,0.2588487414935654,3.0302601914840652,3.289108932977631
9.425999999999817,0.3505878732751884,2.244250131758409,1.0,0.2610779438046766,3.032509907499149,3.2935878513038253
9.427999999999818,0.35508587559569704,2.253732218433615,1.0,0.2632887433289889,3.034797110194954,3.2980858535239426
9.429999999999819,0.3596027221658317,2.2630943312095,1.0,0.2654807152011551,3.0371219847938726,3.3026026999950275
9.43199999999982,0.3641381727405266,2.272336174712042,1.0,0.26765344050526463,3.039484709966771,3.307138150472036
9.43399999999982,0.3686919864953402,2.281457464946007,1.0,0.26980650637608233,3.041885457754459,3.3116919641305413
9.43599999999982,0.37326392204925074,2.2904579293327294,1.0,0.2719395060979789,3.044324393491565,3.316263899589544
9.437999999999821,0.3778537374875259,2.2993373067457745,1.0,0.27405203920151644,3.0468016757328127,3.320853714934329
9.439999999999822,0.3824611903846606,2.3080953475444583,1.0,0.2761437115576392,3.049317456181773,3.3254611677394124
9.441999999999823,0.38708603782738055,2.316731813605194,1.0,0.2782141354694382,3.051871879622099,3.330086015091537
9.443999999999823,0.3917280364377059,2.325246478350647,1.0,0.28026292976144435,3.0544650838512992,3.3347280136127435
9.445999999999824,0.39638694239607086,2.333639126776667,1.0,0.28228971986641893,3.0570971996170657,3.3393869194834847
9.447999999999825,0.4010625114644955,2.341909555476983,1.0,0.28429413790959784,3.059768350556203,3.3440624884658012
9.449999999999825,0.405754499009804,2.350057572665628,1.0,0.28627582279036334,3.0624786531361727,3.348754475926536
9.451999999999826,0.4104626600268858,2.358082998197086,1.0,0.28823442026130175,3.065228216599296,3.353462636860598
9.453999999999827,0.41518674916199494,2.3659856635841274,1.0,0.2901695830046219,3.0680171429096386,3.3581867259142606
9.455999999999827,0.4199265207360824,2.3737654120133267,1.0,0.29208097070589695,3.0708455267025982,3.362926497408495
9.457999999999828,0.42468172876815724,2.3814220983582324,1.0,0.29396825012510835,3.0737134552372214,3.3676817053623296
9.459999999999829,0.4294521269986718,2.3889555891901844,1.0,0.29583109516495576,3.0766210083512804,3.372452103516236
9.46199999999983,0.4342374689129262,2.3963657627867523,1.0,0.2976691869364133,3.0795682584191204,3.377237445355534
9.46399999999983,0.4390375077644871,2.4036525091377876,1.0,0.2994822138215028,3.082555270312306,3.382037484133809
9.46599999999983,0.44385199659861635,2.410815729949073,1.0,0.30126987153326457,3.0855821013630775,3.386851972896342
9.467999999999831,0.4486806882757046,2.417855338643556,1.0,0.30303186317290065,3.0886488013306437,3.391680664503544
9.469999999999832,0.4535233354947048,2.4247712603601568,1.0,0.3047678992840734,3.0917554123703135,3.396523311654387
9.471999999999833,0.4583796908165608,2.4315634319501394,1.0,0.3064776979043372,3.094901969005496,3.401379666909833
9.473999999999833,0.46324950668762654,2.4382318019710394,1.0,0.30816098461369135,3.098088498102564,3.4062494827162553
9.475999999999834,0.4681325354630703,2.444776330678136,1.0,0.30981749258023344,3.101315018848607,3.4111325114288404
9.477999999999835,0.47302852943025986,2.4511969900134654,1.0,0.3114469626029047,3.1045815427320704,3.416028505334975
9.479999999999835,0.4779372408321227,2.4574937635923693,1.0,0.31304914315131016,3.1078880735262944,3.4209372166776046
9.481999999999836,0.4828584218904773,2.463666646687573,1.0,0.3146237904026078,3.111234607275959,3.425858397678567
9.483999999999837,0.48779182482932976,2.4697156462107914,1.0,0.3161706682754551,3.11462113228643,3.430791800561885
9.485999999999837,0.4927372018981315,2.4756407806918586,1.0,0.31768954846100783,3.11804762911602,3.435737177577028
9.487999999999838,0.49769430539499254,2.4814420802553845,1.0,0.31918021045096256,3.1215140705711617,3.4406942810221244
9.489999999999839,0.5026628876898455,2.4871195865949365,1.0,0.3206424415626445,3.1250204217044786,3.445662863267123
9.49199999999984,0.5076427012475556,2.492673352944745,1.0,0.3220760369611335,3.1285666398157734,3.4506426767769067
9.49399999999984,0.512633498650972,2.498103444048941,1.0,0.32348079967843046,3.1321526744559107,3.4556334741343413
9.49599999999984,0.5176350326239143,2.5034099361283273,1.0,0.3248565406296652,3.1357784674335965,3.4606350080632615
9.497999999999841,0.522647056054091,2.508592916844687,1.0,0.3262030786263491,3.1394439528250455,3.4656470314513945
9.499999999999842,0.5276693220159436,2.513652485262639,1.0,0.3275202403866775,3.143149056986518,3.4706692973731954
9.501999999999843,0.5327015837934119,2.5185887518090464,1.0,0.32880786054288497,3.146893698569736,3.475701559112621
9.503999999999843,0.5377435949026161,2.5234018382299856,1.0,0.33006578164566863,3.1506777885401362,3.4807435701858047
9.505999999999844,0.5427951091144501,2.5280918775452887,1.0,0.33129385416568125,3.154501230197976,3.4857950843636574
9.507999999999845,0.5478558804770813,2.5326590140006684,1.0,0.3324919364921115,3.158363919202247,3.4908558556943583
9.509999999999845,0.5529256633383531,2.5371034030174386,1.0,0.33365989492836107,3.162265743597406,3.495925638525767
9.511999999999846,0.5580042123680833,2.5414252111398445,1.0,0.3347976036848362,3.1662065838428766,3.501004187527713
9.513999999999847,0.5630912825802552,2.5456246159800147,1.0,0.33590494486886546,3.1701863128453285,3.506091257714194
9.515999999999847,0.5681866293550968,2.549701806160556,1.0,0.33698180847176806,3.1742047959936825,3.5111866044654505
9.517999999999848,0.5732900084610423,2.553656981254802,1.0,0.3380280923530857,3.178261891196841,3.516289983549927
9.519999999999849,0.5784011760765715,2.5574903517247383,1.0,0.33904370222200336,3.1823574489241144,3.521401151146118
9.52199999999985,0.5835198888119235,2.5612021388566206,1.0,0.3400285516159811,3.18649131224829,3.526519863864271
9.52399999999985,0.5886459037306789,2.564792574694307,1.0,0.3409825618766184,3.190663316891361,3.5316458787679794
9.52599999999985,0.5937789783712062,2.568261901970327,1.0,0.3419056621227792,3.1948732912728413,3.53677895339562
9.527999999999851,0.5989188707679686,2.5716103740347074,1.0,0.3427977892210059,3.199121056560663,3.541918845781669
9.529999999999852,0.6040653394726858,2.5748382547815813,1.0,0.3436588877532469,3.2034064267246047,3.5470653144778517
9.531999999999853,0.6092181435753472,2.5779458185736024,1.0,0.3444889099819304,3.2077292085922378,3.552218118574168
9.533999999999853,0.6143770427250713,2.5809333501641896,1.0,0.3452878158124171,3.2120892019073275,3.5573770177197446
9.535999999999854,0.6195417971508078,2.583801144617633,1.0,0.3460555727528604,3.216486199390677,3.5625417721435375
9.537999999999855,0.6247121676818778,2.586549507227085,1.0,0.3467921558715137,3.2209199868033616,3.5677121426748752
9.539999999999855,0.6298879157683474,2.5891787534304624,1.0,0.3474975477515146,3.225390343012317,3.5728878907638317
9.541999999999856,0.6350688035012318,2.5916892087242984,1.0,0.348171738443188,3.2298970400582374,3.5780687785014256
9.543999999999857,0.6402545936325249,2.5940812085755636,1.0,0.3488147254139018,3.2344398432257555,3.5832545686396573
9.545999999999857,0.6454450495950496,2.5963550983314954,1.0,0.3494265134955171,3.239018511115838,3.588445024611355
9.547999999999858,0.650639935522127,2.5985112331274642,1.0,0.3500071148294741,3.2436327957203686,3.5936399105498427
9.549999999999859,0.6558390162670588,2.6005499777929106,1.0,0.35055654880954923,3.2482824424988763,3.5988389913084253
9.55199999999986,0.6610420574224201,2.6024717067553875,1.0,0.35107484202233513,3.2529671904573454,3.6040420324796805
9.55399999999986,0.6662488253391575,2.604276803942741,1.0,0.35156202818547994,3.257686772229079,3.609248800414559
9.55599999999986,0.6714590871454911,2.605965662683466,1.0,0.3520181480837356,3.2624409141575446,3.61445906224128
9.557999999999861,0.6766726107656139,2.6075386856052742,1.0,0.35244324950285505,3.2672293363811833,3.619672585884038
9.559999999999862,0.6818891649381879,2.608996284531907,1.0,0.35283738716139235,3.272051752920104,3.624889140081496
9.561999999999863,0.6871085192346311,2.610338880378237,1.0,0.3532006226404478,3.2769078717646223,3.63010849440507
9.563999999999863,0.6923304440771941,2.611566903043693,1.0,0.3535330243114083,3.2817973949656034,3.635330419277012
9.565999999999864,0.6975547107568206,2.6126807913040446,1.0,0.3538346672617328,3.2867200187265273,3.6405546859882603
9.567999999999865,0.7027810914507908,2.6136809927015947,1.0,0.35410563321883215,3.2916754334972627,3.645781066716095
9.569999999999865,0.7080093592401434,2.61456796343381,1.0,0.3543460104720953,3.2966633240694563,3.6510093345415515
9.571999999999866,0.7132392881268733,2.615342168240438,1.0,0.3545558937931119,3.301683369673508,3.65623926346662
9.573999999999867,0.718470653050902,2.6160040802891467,1.0,0.3547353843541438,3.306735244077074,3.6614706284312177
9.575999999999867,0.7237032299068177,2.616554181059734,1.0,0.3548845896449,3.3118186156850284,3.666703205329928
9.577999999999868,0.7289367955603829,2.6169929602269435,1.0,0.35500362338766794,3.31693314764084,3.6719367710285082
9.579999999999869,0.7341711278648061,2.6173209155419332,1.0,0.35509260545085064,3.322078497929308,3.6771711033801586
9.58199999999987,0.7394060056767744,2.6175385527124404,1.0,0.3551516617609729,3.327254319480587,3.6824059812415597
9.58399999999987,0.7446412088722463,2.617646385281684,1.0,0.3551809242132023,3.332460260275461,3.687641184488663
9.58599999999987,0.7498765183620004,2.617644934506051,1.0,0.35518053058044763,3.33769596345179,3.6928764940322374
9.587999999999871,0.7551117161069385,2.61753472923161,1.0,0.35515062442108414,3.342961067412092,3.6981116918331765
9.589999999999872,0.7603465851331404,2.6173163057694953,1.0,0.35509135498536837,3.34825520593218,3.7033465609175487
9.591999999999873,0.7655809095466685,2.616990207770212,1.0,0.35500287712059014,3.3535780082708166,3.708580885391407
9.593999999999873,0.77081447454812,2.616556986096899,1.0,0.3548853511750284,3.358929099280309,3.7138144504553376
9.595999999999874,0.776047066446925,2.6160171986976017,1.0,0.3547389429007584,3.3643080995179995,3.719047042418758
9.597999999999875,0.7812784726753871,2.6153714104766004,1.0,0.35456382335537207,3.369714625358587,3.724278448713959
9.599999999999875,0.7865084818024669,2.614620193164834,1.0,0.3543601688026678,3.375148289107221,3.7295084579098887
9.601999999999876,0.791736883547305,2.613764125189472,1.0,0.3541281606123654,3.3806086991133086,3.734736859725674
9.603999999999877,0.796963468792483,2.612803791542678,1.0,0.35386798515890294,3.3860954598849786,3.7399634450438817
9.605999999999877,0.8021880295970223,2.6117397836496106,1.0,0.35357983371937535,3.391608172204142,3.745188005923517
9.607999999999878,0.8074103592091167,2.610572699235708,1.0,0.3532639023706666,3.3971464332420926,3.7504103356127594
9.609999999999879,0.8126302520786003,2.609303142193303,1.0,0.3529203918858387,3.4027098366755872,3.755630228561426
9.61199999999988,0.817847503869147,2.6079317224476166,1.0,0.35254950762982584,3.4082979728033487,3.7608474804331746
9.61399999999988,0.8230619114702018,2.606459055822173,1.0,0.3521514594544995,3.413910428662932,3.7660618881174313
9.61599999999988,0.8282732730086428,2.6048857639036846,1.0,0.3517264615931522,3.4195467881479042,3.7712732497410566
9.617999999999881,0.8334813878601717,2.6032124739064515,1.0,0.351274732554462,3.425206632125271,3.776481364679733
9.619999999999882,0.8386860566604327,2.6014398185363263,1.0,0.35079649501598764,3.430889538553098,3.781686033569086
9.621999999999883,0.8438870813158601,2.5995684358542817,1.0,0.35029197571725706,3.4365950825982723,3.7868870583155294
9.623999999999883,0.8490842650142509,2.5975989691396344,1.0,0.34976140535249667,3.4423228367543435,3.7920842421068404
9.625999999999884,0.8542774122350651,2.595532066752969,1.0,0.34920501846305885,3.448072370959398,3.797277389422457
9.627999999999885,0.8594663287594507,2.593368381998803,1.0,0.3486230533296042,3.453843252713902,3.802466306043506
9.629999999999885,0.864650821679994,2.5911085729880456,1.0,0.3480157518640875,3.4596350471984643,3.807650799062552
9.631999999999886,0.8698306994101948,2.5887533025002867,1.0,0.34738335950160315,3.4654473173914684,3.8128306768930713
9.633999999999887,0.8750057716936658,2.5863032378459696,1.0,0.346726125092143,3.4712796241865123,3.8180057492786554
9.635999999999887,0.8801758496130566,2.5837590507284847,1.0,0.34604430079231585,3.477131526509612,3.823175827301928
9.637999999999888,0.8853407455987017,2.5811214171062304,1.0,0.34533814195708196,3.4830025814361183,3.8283407233932003
9.639999999999889,0.8905002734369922,2.578391017054688,1.0,0.3446079070315543,3.488892344307284,3.833500251338838
9.64199999999989,0.8956542482784727,2.5755685346285495,1.0,0.3438538574429115,3.4948003688464513,3.838654226289363
9.64399999999989,0.9008024866456612,2.572654657723941,1.0,0.34307625749247933,3.500726207274786,3.8438024647672653
9.64599999999989,0.9059448064405949,2.569650077940792,1.0,0.3422753742480218,3.506669410426536,3.8489447846745577
9.647999999999891,0.9110810269521001,2.56655549044538,1.0,0.3414514774362946,3.5126295278637447,3.8540810053000394
9.649999999999892,0.9162109688627875,2.563371593833104,1.0,0.3406048393359063,3.518606107990388,3.8592109473262943
9.651999999999893,0.9213344542557736,2.560099089991521,1.0,0.33973573467053303,3.524598698165879,3.864334432836412
9.653999999999893,0.9264513066211284,2.5567386839636876,1.0,0.3388444405025336,3.530606844817901,3.8694512853204346
9.655999999999894,0.9315613508620497,2.5532910838118483,1.0,0.3379312361270074,3.5366300935545247,3.874561329681532
9.657999999999895,0.9366644133007658,2.549757000481509,1.0,0.3369964029663417,3.542667989275563,3.8796643922419047
9.659999999999895,0.9417603216841662,2.546137147665936,1.0,0.33604022446528786,3.5487200762831255,3.8847603007484133
9.661999999999896,0.9468489051891623,2.5424322416711145,1.0,0.3350629859866122,3.5547858983913287,3.889848884377941
9.663999999999897,0.9519299944277778,2.5386430012812142,1.0,0.3340649747073595,3.560864999035122,3.8949299737424816
9.665999999999897,0.9570034214519715,2.5347701476245867,1.0,0.3330464795157702,3.566956921378194,3.900003400893964
9.667999999999898,0.9620690197581915,2.530814404040343,1.0,0.33200779090889143,3.5730612084199156,3.9050689993288072
9.669999999999899,0.9671266242916644,2.5267764959455397,1.0,0.3309492008909181,3.579177403101289,3.910126603992207
9.6719999999999,0.9721760714504186,2.5226571507030124,1.0,0.32987100287230536,3.585305048409856,3.9151760512821614
9.6739999999999,0.9772171990890443,2.5184570974898928,1.0,0.32877349156968155,3.5914436874835496,3.920217179053231
9.6759999999999,0.9822498465221912,2.5141770671668384,1.0,0.3276569629066064,3.5975928637134285,3.9252498266200346
9.677999999999901,0.9872738545278055,2.509817792148014,1.0,0.3265217139151998,3.6037521208452863,3.930273834760486
9.679999999999902,0.9922890653501074,2.505380006271855,1.0,0.3253680426386794,3.6099210030800966,3.935289045718776
9.681999999999903,0.9972953227023114,2.500864444672647,1.0,0.3241962480348401,3.616099055173247,3.940295303208087
9.683999999999903,1.0022924717690895,2.496271843652947,1.0,0.3230066298805018,3.6222858225325574,3.9452924524130593
9.685999999999904,1.007280359208782,2.4916029405568865,1.0,0.3217994886769617,3.628480851315039,3.9502803399920006
9.687999999999905,1.0122588331553537,2.4868584736443773,1.0,0.3205751255564749,3.6346836885223714,3.9552588140788463
9.689999999999905,1.0172277432201013,2.4820391819662584,1.0,0.3193338421897944,3.640893882095065,3.9602277242848594
9.691999999999906,1.0221869404931105,2.4771458052404034,1.0,0.3180759406947996,3.6471109810052944,3.965186921700094
9.693999999999907,1.0271362775444672,2.4721790837288227,1.0,0.3168017235462329,3.653334535348371,3.970136258894604
9.695999999999907,1.032075608425224,2.467139758115786,1.0,0.3155114934865758,3.6595640964328333,3.9750755899194092
9.697999999999908,1.0370047886681235,2.4620285693869914,1.0,0.3142055534380854,3.665799216869135,3.9800047703072203
9.699999999999909,1.041923675288081,2.456846258709805,1.0,0.31288420641601533,3.672039450656906,3.984923657072921
9.70199999999991,1.0468321267824294,2.4515935673146,1.0,0.31154775544304186,3.67828435327077,3.989832108713812
9.70399999999991,1.0517300031309276,2.4462712363772146,1.0,0.3101965034649179,3.6845334817447,3.9947299852096183
9.70599999999991,1.056617165795534,2.440880006902556,1.0,0.30883075326737125,3.6907863947548956,3.9996171480222666
9.707999999999911,1.0614934777199503,2.435420619609372,1.0,0.3074508073942712,3.697042652701156,4.004493460095427
9.709999999999912,1.066358803328934,2.429893814816211,1.0,0.30605696806707616,3.703301817786747,4.0093587858538235
9.711999999999913,1.0712130085273854,2.424300332328591,1.0,0.30464953710558185,3.7095634540967435,4.014212991202325
9.713999999999913,1.07605596069921,2.418640911327403,1.0,0.3032288158499851,3.71582712767482,4.019055943524805
9.715999999999914,1.0808875287059578,2.4129162902585617,1.0,0.30179510508427837,3.722092406598503,4.023887511682781
9.717999999999915,1.0857075828852456,2.4071272067239233,1.0,0.3003487049609867,3.728358861052851,4.028707566013837
9.719999999999915,1.090515995048959,2.401274397373497,1.0,0.29888991492726424,3.7346260634025636,4.033515978329828
9.721999999999916,1.0953126384812433,2.3953585977989547,1.0,0.2974190336523571,3.740893588262509,4.038312621914867
9.723999999999917,1.100097387936281,2.389380542428464,1.0,0.295936358956446,3.7471610125666563,4.0430973715231024
9.725999999999917,1.104870119635861,2.3833409644228594,1.0,0.29444218774087916,3.753427915635416,4.047870103376295
9.727999999999918,1.1096307112667407,2.377240595573162,1.0,0.29293681591980175,3.7596938792413668,4.052630695161168
9.729999999999919,1.1143790419778057,2.3710801661994685,1.0,0.2914205383531931,3.765958487673385,4.057379026026578
9.73199999999992,1.1191149923770274,2.3648604050512194,1.0,0.28989364878131535,3.772221327799148,4.062114976580463
9.73399999999992,1.1238384445282232,2.358582039208857,1.0,0.2883564397605826,3.7784819891260284,4.066838428886611
9.73599999999992,1.128549281947622,2.3522457939868904,1.0,0.2868092026008532,3.784740063860366,4.071549266461219
9.737999999999921,1.1332473896002355,2.345852392838378,1.0,0.2852522273041523,3.790995146965116,4.076247374269268
9.739999999999922,1.137932653896042,2.339402557260832,1.0,0.2836858025048251,3.797246836215882,4.080932638720707
9.741999999999923,1.1426049626859816,2.3328970067035613,1.0,0.28211021541112635,3.803494732255319,4.085604947666446
9.743999999999923,1.1472642052577688,2.3263364584764625,1.0,0.2805257517482445,3.809738438645922,4.0902641903941666
9.745999999999924,1.1519102723315238,2.3197216276602615,1.0,0.2789326957027657,3.815977561921197,4.094910257623963
9.747999999999925,1.156543056055225,2.3130532270182185,1.0,0.2773313298685738,3.8222117116352075,4.0995430415037815
9.749999999999925,1.1611624499999877,2.306331966909301,1.0,0.2757219351941878,3.8284405004105215,4.104162435604709
9.751999999999926,1.1657683491551694,2.2995585552028337,1.0,0.27410479093153517,3.834663543984539,4.108768334916074
9.753999999999927,1.1703606499233064,2.2927336971946275,1.0,0.2724801745861573,3.840880461254227,4.113360635840384
9.755999999999927,1.1749392501148848,2.285858095524596,1.0,0.27084836186884836,3.8470908743192487,4.117939236188097
9.757999999999928,1.1795040489429467,2.2789324500958617,1.0,0.2692096266487165,3.85329440852351,4.122504035172227
9.759999999999929,1.1840549470175377,2.2719574579953568,1.0,0.2675642409076718,3.859490692495119,4.127054933402791
9.76199999999993,1.1885918463399958,2.264933813415921,1.0,0.265912474696328,3.8656793581847713,4.131591832881099
9.76399999999993,1.1931146502970869,2.257862207579899,1.0,0.2642545960913187,3.8718600409025727,4.1361146369938915
9.76599999999993,1.1976232636549882,2.2507433286642407,1.0,0.2625908711540161,3.878032379353302,4.140623250507318
9.767999999999931,1.2021175925531247,2.2435778617271027,1.0,0.26092156389065063,3.884196015670124,4.145117579560774
9.769999999999932,1.2065975444978585,2.2363664886359533,1.0,0.2592469362138185,3.8903505954467823,4.149597531660601
9.771999999999933,1.2110630283560373,2.229109887997183,1.0,0.257567247905373,3.8964957677682435,4.154063015673616
9.773999999999933,1.2155139543484028,2.2218087350872158,1.0,0.2558827565806893,3.902631185239848,4.158513941820537
9.775999999999934,1.2199502340428636,2.214463701785123,1.0,0.25419371765429205,3.9087565040149554,4.162950221669248
9.777999999999935,1.2243717803476337,2.2070754565067388,1.0,0.2525003843068386,3.9148713838210973,4.167371768127936
9.779999999999935,1.2287785075042421,2.1996446641402696,1.0,0.2508030074534439,3.9209754879846628,4.171778495438106
9.781999999999936,1.2331703310804139,2.192171985983405,1.0,0.249101835713341,3.9270684834541196,4.17617031916746
9.783999999999937,1.2375471679628276,2.1846580796819133,1.0,0.24739711538085862,3.933150040821795,4.180547156202654
9.785999999999937,1.2419089363497515,2.1771035991697314,1.0,0.24568909039771183,3.939219834344217,4.184908924741928
9.787999999999938,1.246255555743561,2.1695091946105354,1.0,0.2439780023265868,3.9452775419610533,4.18925554428764
9.789999999999939,1.2505869469431412,2.1618755123407887,1.0,0.24226409032601082,3.951322845312638,4.193586935638649
9.79199999999994,1.2549030320361765,2.1542031948142686,1.0,0.24054759112649274,3.957355429756124,4.197903020882617
9.79399999999994,1.2592037343913307,2.146492880548055,1.0,0.23882873900791998,3.963374984380267,4.202203723388187
9.79599999999994,1.2634889786503216,2.138745204069986,1.0,0.23710776577819911,3.969381202018857,4.206488967797056
9.797999999999941,1.2677586907198906,2.1309607958675643,1.0,0.23538490075312454,3.9753737792628177,4.2107586800159424
9.799999999999942,1.272012797763672,2.123140282338315,1.0,0.23366037073746201,3.9813524164709984,4.21501278720846
9.801999999999943,1.2762512281939653,2.1152842857415814,1.0,0.23193440000722879,3.987316817779661,4.21925121778689
9.803999999999943,1.2804739116634112,2.1073934241517533,1.0,0.23020721029315938,3.9932666911106915,4.223473901403851
9.805999999999944,1.2846807790565762,2.099468311412921,1.0,0.22847902076533738,3.999201748178554,4.227680768943891
9.807999999999945,1.2888717624814483,2.0915095570949447,1.0,0.22675004801898027,4.0051217044959975,4.231871752514977
9.809999999999945,1.293046795260845,2.0835177664509272,1.0,0.22502050606135815,4.011026279378554,4.236046785439912
9.811999999999946,1.2972058119237395,2.075493540376087,1.0,0.22329060629983263,4.0169151959478135,4.2402058022476465
9.813999999999947,1.3013487481965036,2.067437475368016,1.0,0.22156055753099735,4.022788181133539,4.244348738664536
9.815999999999947,1.305475540994075,2.059350163488316,1.0,0.21983056593090408,4.028644965674597,4.248475531605501
9.817999999999948,1.3095861284110475,2.0512321923256,1.0,0.21810083504635638,4.0344852841187615,4.252586119165118
9.819999999999949,1.3136804497126893,2.0430841449598485,1.0,0.21637156578725616,4.040308874821381,4.256680440608637
9.82199999999995,1.3177584453258915,2.034906599928113,1.0,0.21464295641998,4.046115479942955,4.260758436362935
9.82399999999995,1.3218200568300484,2.0267001311915487,1.0,0.21291520256177504,4.051904845445614,4.2648200480073895
9.82599999999995,1.3258652269478746,2.0184653081037727,1.0,0.21118849717615082,4.057676721088549,4.2688652182647
9.827999999999951,1.3298938995361589,2.0102026953805274,1.0,0.20946303056925147,4.063430860422387,4.2728938909916385
9.829999999999952,1.3339060195764592,2.0019128530706434,1.0,0.2077389903871905,4.06916702078256,4.276906011169751
9.831999999999953,1.3379015331657411,1.993596336528287,1.0,0.20601656161432919,4.074884963281657,4.280901524895986
9.833999999999953,1.3418803875069618,1.9852536963864789,1.0,0.20429592657248136,4.080584452800807,4.284880379373288
9.835999999999954,1.345842530899602,1.976885478531872,1.0,0.20257726492102573,4.086265257980099,4.288842522901124
9.837999999999955,1.3497879127301493,1.9684922240807745,1.0,0.2008607536579068,4.091927151208064,4.292787904865971
9.839999999999955,1.3537164834625348,1.9600744693564076,1.0,0.19914656712150794,4.097569908610235,4.296716475731743
9.841999999999956,1.3576281946285247,1.9516327458673783,1.0,0.19743487699337667,4.10319331003682,4.300628187030197
9.843999999999957,1.3615229988180706,1.9431675802873611,1.0,0.1957258523017838,4.1087971390494875,4.304522991351272
9.845999999999957,1.3654008496696208,1.934679494435968,1.0,0.194019659426099,4.114381182907305,4.308400842333404
9.847999999999958,1.3692617018603939,1.9261690052607978,1.0,0.19231646210196376,4.119945232551836,4.3122616946538
9.849999999999959,1.3731055110966168,1.9176366248206462,1.0,0.1906164214272438,4.125489082591435,4.316105504018679
9.85199999999996,1.3769322341037327,1.9090828602698662,1.0,0.18891969586874102,4.13101253128473,4.319932227153471
9.85399999999996,1.3807418286165767,1.9005082138438607,1.0,0.18722644126965016,4.136515380523352,4.323741821793002
9.85599999999996,1.3845342533695246,1.8919131828456959,1.0,0.1855368108577372,4.141997435813901,4.327534246671639
9.857999999999961,1.3883094680866155,1.883298259633818,1.0,0.18385095525422648,4.147458506259183,4.33130946151341
9.859999999999962,1.3920674334716514,1.87466393161086,1.0,0.18216902248337302,4.152898404538737,4.335067427022111
9.861999999999963,1.3958081111982754,1.866010681213524,1.0,0.18049115798270732,4.158316946888665,4.338808104871372
9.863999999999963,1.3995314639000302,1.8573389859035208,1.0,0.17881750461393048,4.163713953080803,4.342531457694734
9.865999999999964,1.4032374551604005,1.8486493181595565,1.0,0.1771482026744436,4.1690892464012235,4.346237449075667
9.867999999999965,1.406926049502839,1.8399421454703468,1.0,0.17548338990949403,4.174442653628128,4.3499260435376215
9.869999999999965,1.4105972123807813,1.8312179303286455,1.0,0.17382320152492065,4.1797740050091035,4.353597206534024
9.871999999999966,1.414250910167648,1.8224771302262723,1.0,0.17216777020047846,4.18508313423781,4.357250904438288
9.873999999999967,1.4178871101468389,1.813720197650123,1.0,0.17051722610372944,4.1903698784300785,4.360887104533808
9.875999999999967,1.4215057805017206,1.8049475800791475,1.0,0.1688716969044779,4.1956340780994665,4.364505775003945
9.877999999999968,1.4251068903056072,1.7961597199822819,1.0,0.1672313077897362,4.200875577132269,4.368106884922005
9.879999999999969,1.42869040951174,1.787357054817315,1.0,0.16559618147920263,4.206094222762023,4.371690404241226
9.88199999999997,1.4322563089432647,1.7785400170306782,1.0,0.16396643824123458,4.211289865543513,4.375256303784748
9.88399999999997,1.4358045602832084,1.769709034058141,1.0,0.16234219590930127,4.216462359326293,4.378804555235594
9.88599999999997,1.4393351360644606,1.7608645283263962,1.0,0.1607235698988981,4.22161156122775,4.382335131126648
9.887999999999971,1.4428480096597573,1.7520069172555213,1.0,0.1591106732249076,4.226737331605736,4.385848004830644
9.889999999999972,1.4463431552716708,1.7431366132622983,1.0,0.15750361651939004,4.231839534030757,4.389343150550148
9.891999999999973,1.4498205479226065,1.734254023764379,1.0,0.15590250804978825,4.2369180352577755,4.392820543307564
9.893999999999973,1.4532801634448105,1.725359551185278,1.0,0.15430745373753016,4.241972705197603,4.3962801589351335
9.895999999999974,1.4567219784703864,1.7164535929601787,1.0,0.15271855717701463,4.247003416887943,4.399721974064958
9.897999999999975,1.4601459704213255,1.7075365415425392,1.0,0.15113591965496356,4.252010046464062,4.403145966119026
9.899999999999975,1.4635521174995503,1.6986087844114788,1.0,0.14955964017012688,4.256992473129131,4.406552113299258
9.901999999999976,1.4669403986769738,1.689670704079933,1.0,0.1479898154533237,4.261950579124242,4.409940394577565
9.903999999999977,1.470310793685576,1.680722678103561,1.0,0.14642653998780628,4.266884249698119,4.413310789685926
9.905999999999977,1.4736632830074992,1.671765079090389,1.0,0.14486990602993136,4.271793373076549,4.41666327910648
9.907999999999978,1.4769978478651624,1.6627982747111787,1.0,0.14332000363012457,4.276677840431522,4.419997844061647
9.909999999999979,1.4803144702113982,1.6538226277104981,1.0,0.14177692065412406,4.281537545850134,4.423314466504258
9.91199999999998,1.4836131327196118,1.6448384959184896,1.0,0.14024074280448923,4.286372386303227,4.426613129107716
9.91399999999998,1.4868938187739646,1.6358462322633118,1.0,0.13871155364236096,4.291182261613825,4.429893815256186
9.91599999999998,1.4901565124595835,1.6268461847842461,1.0,0.1371894346094595,4.295967074425331,4.433156509034791
9.917999999999981,1.493401198552796,1.61783869664545,1.0,0.13567446505030725,4.3007267301695515,4.436401195219859
9.919999999999982,1.496627862511395,1.6088241061503452,1.0,0.1341667222346627,4.305461137034523,4.439627859269185
9.921999999999983,1.4998364904649317,1.599802746756623,1.0,0.13266628138015352,4.310170205932167,4.44283648731232
9.923999999999984,1.5030270692050405,1.5907749470918562,1.0,0.13117321567509554,4.314853850465805,4.4460270661409
9.925999999999984,1.5061995861757935,1.5817410309697006,1.0,0.12968759630148544,4.319511986897513,4.4491995831989986
9.927999999999985,1.5093540294640908,1.5727013174066728,1.0,0.12820949245815505,4.3241445341153595,4.452354026573515
9.929999999999986,1.5124903877900824,1.5636561206394899,1.0,0.1267389713840755,4.328751413600527,4.455490384984603
9.931999999999986,1.515608650497627,1.554605750142959,1.0,0.12527609838179887,4.3333325493943216,4.458608647776121
9.933999999999987,1.5187088075447863,1.5455505106484004,1.0,0.12382093684102698,4.337887868065107,4.461708804906134
9.935999999999988,1.5217908494943568,1.5364907021625915,1.0,0.12237354826229493,4.342417298675146,4.464790846937441
9.937999999999988,1.5248547675044402,1.5274266199872197,1.0,0.12093399228075895,4.346920772747387,4.467854765028146
9.939999999999989,1.527900553319053,1.5183585547388274,1.0,0.11950232669007844,4.351398224232188,4.470900550922266
9.94199999999999,1.5309281992587769,1.50928679236924,1.0,0.11807860746637953,4.35584958947401,4.473928196940389
9.94399999999999,1.5339376982114494,1.50021161418646,1.0,0.11666288879229315,4.360274807178061,4.476937695970354
9.94599999999999,1.5369290436228986,1.491133296876018,1.0,0.1152552230810539,4.364673818376937,4.47992904145799
9.947999999999992,1.5399022294877187,1.4820521125227624,1.0,0.11385566100065266,4.3690465663972455,4.482902227397898
9.949999999999992,1.5428572503400917,1.4729683286330817,1.0,0.11246425149803195,4.37339299682623,4.485857248324263
9.951999999999993,1.5457941012446528,1.4638822081575422,1.0,0.11108104182331495,4.377713057478405,4.48879409930172
9.953999999999994,1.5487127777874017,1.45479400951393,1.0,0.10970607755405891,4.382006698362218,4.491712775916278
9.955999999999994,1.55161327606666,1.4457039866106847,1.0,0.10833940261952417,4.386273871646734,4.494613274266259
9.957999999999995,1.5544955926840773,1.4366123888707145,1.0,0.10698105932494986,4.390514531628368,4.497495590953317
9.959999999999996,1.5573597247356827,1.4275194612555782,1.0,0.10563108837582791,4.39472863469766,4.500359723073489
9.961999999999996,1.5602056698029885,1.418425444290024,1.0,0.10428952890216685,4.398916139306119,4.503205668208286
9.963999999999997,1.5630334259441396,1.4093305740868725,1.0,0.10295641848273794,4.403077005933124,4.506033424415862
9.965999999999998,1.5658429916851162,1.400235082372234,1.0,0.10163179316929431,4.407211197052906,4.5088429902222
9.967999999999998,1.5686343660109847,1.391139196511046,1.0,0.10031568751075785,4.411318677101614,4.511634364612372
9.969999999999999,1.571407548357202,1.382043139532923,1.0,0.09900813457736347,4.415399412444477,4.5144075470218405
9.972,1.574162538600971,1.3729471301583045,1.0,0.09770916598475624,4.419453371343055,4.5171625373278115
9.974,1.5768993370526476,1.363851382824894,1.0,0.09641881191803263,4.423480523922616,4.519899335840648
9.976,1.5796179444472032,1.3547561077143728,1.0,0.09513710115571926,4.427480842139607,4.522617943295327
9.978000000000002,1.5823183619357388,1.3456615107793855,1.0,0.09386406109368377,4.431454299749269,4.525318360842953
9.980000000000002,1.5850005910770544,1.336567793770779,1.0,0.09259971776896944,4.435400872273363,4.528000590042333
9.982000000000003,1.5876646338292724,1.327475154265091,1.0,0.0913440958835491,4.439320536968047,4.530664632851597
9.984000000000004,1.5903104925415177,1.3183837856922755,1.0,0.09009721882799113,4.44321327279188,4.533310491619871
9.986000000000004,1.5929381699456513,1.309293877363653,1.0,0.08885910870503236,4.447079060373993,4.535938169079026
9.988000000000005,1.595547669148062,1.3002056145000815,1.0,0.0876297863530525,4.450917881982403,4.538547668335456
9.990000000000006,1.598138993621513,1.291119178260333,1.0,0.08640927136944296,4.454729721492487,4.54113899286193
9.992000000000006,1.6007121471970471,1.2820347457696695,1.0,0.08519758213386755,4.458514564355628,4.543712146489495
9.994000000000007,1.6032671340559483,1.2729524901486078,1.0,0.08399473583140711,4.4622723975680385,4.5462671333994455
9.996000000000008,1.6058039587217607,1.2638725805418654,1.0,0.0828007484755856,4.4660032096397435,4.548803958115329
9.998000000000008,1.6083226260523662,1.254795182147476,1.0,0.08161563493127118,4.469706990563764,4.551322625495035
10.000000000000009,1.6108231412321206,1.2457204562460704,1.0,0.08043940893744841,4.473383731785477,4.553823140722925
