time,q,dq,u
0.002,4.948135910339562e-06,0.004951368163421484,2.0
0.004,1.981251595010687e-05,0.009912960626212572,2.0
0.006,4.459970498812342e-05,0.014874142949346778,2.0
0.008,7.930867747725921e-05,0.0198347098684847,2.0
0.01,0.00012393799736563462,0.02479445614469098,2.0
0.012,0.0001784858181560406,0.029753176572987056,2.0
0.014,0.00024294988298234545,0.03471066599084443,2.0
0.016,0.00031732752470288813,0.039666719286677726,2.0
0.018000000000000002,0.00040161566601085733,0.04462113140833746,2.0
0.020000000000000004,0.0004958108195616557,0.04957369737160245,2.0
0.022000000000000006,0.0005999090881172484,0.054524212268671796,2.0
0.024000000000000007,0.0007139061647074956,0.05947247127665647,2.0
0.02600000000000001,0.0008377973328084671,0.06441826966607032,2.0
0.02800000000000001,0.0009715774665377389,0.0693614028093206,2.0
0.030000000000000013,0.0011152410308666696,0.07430166618919776,2.0
0.032000000000000015,0.0012687820818496562,0.07923885540736464,2.0
0.034000000000000016,0.0014321942668703677,0.08417276619284483,2.0
0.03600000000000002,0.0016054708249049541,0.08910319441051032,2.0
0.03800000000000002,0.0017886045868022301,0.09402993606956812,2.0
0.04000000000000002,0.001981587975580831,0.09895278733204604,2.0
0.04200000000000002,0.0021844130067433386,0.10387154452127738,2.0
0.044000000000000025,0.0023970712886073773,0.10878600413038449,2.0
0.04600000000000003,0.0026195540226536737,0.11369596283076118,2.0
0.04800000000000003,0.0028518520038910812,0.11860121748055384,2.0
0.05000000000000003,0.0030939556212385656,0.12350156513314117,2.0
0.05200000000000003,0.0033458548579241468,0.1283968030456125,2.0
0.054000000000000034,0.003607539291900799,0.13328672868724445,2.0
0.056000000000000036,0.003878998096279299,0.13817113974797618,2.0
0.05800000000000004,0.004160220039778026,0.14304983414688255,2.0
0.06000000000000004,0.004451193487189705,0.1479226100406457,2.0
0.06200000000000004,0.0047519063998584035,0.1527892658286815,2.0
0.06400000000000004,0.005062346336193294,0.1576496001715203,2.0
0.06600000000000004,0.0053825004521797564,0.1625034119894748,2.0
0.06800000000000005,0.005712355501913856,0.16735050047432992,2.0
0.07000000000000005,0.006051897838153751,0.17219066509780323,2.0
0.07200000000000005,0.006401113412888016,0.1770237056200027,2.0
0.07400000000000005,0.00675998777792088,0.1818494220978817,2.0
0.07600000000000005,0.007128506085474364,0.18666761489369138,2.0
0.07800000000000006,0.007506653088807334,0.19147808468342944,2.0
0.08000000000000006,0.007894413142851435,0.1962806324652863,2.0
0.08200000000000006,0.00829177020486392,0.20107505956808747,2.0
0.08400000000000006,0.008698707835097361,0.20586116765973267,2.0
0.08600000000000006,0.009115209197486237,0.21063875875563107,2.0
0.08800000000000006,0.009541257060350377,0.21540763522713263,2.0
0.09000000000000007,0.009976833797115277,0.22016759980995557,2.0
0.09200000000000007,0.010421921387049256,0.2249184556126092,2.0
0.09400000000000007,0.010876501416017457,0.2296600061248127,2.0
0.09600000000000007,0.011340555077252686,0.23439205522590878,2.0
0.09800000000000007,0.011814063172143062,0.23911440719327287,2.0
0.10000000000000007,0.012297006111036495,0.24382686671071688,2.0
0.10200000000000008,0.012789363914061954,0.24852923887688771,2.0
0.10400000000000008,0.013291116211967532,0.25322132921366025,2.0
0.10600000000000008,0.013802242246975287,0.2579029436745245,2.0
0.10800000000000008,0.014322720873652856,0.26257388865296655,2.0
0.11000000000000008,0.014852530559801827,0.2672339709908434,2.0
0.11200000000000009,0.015391649387362847,0.27188299798675114,2.0
0.11400000000000009,0.01594005505333746,0.2765207774043861,2.0
0.11600000000000009,0.01649772487072667,0.2811471174808991,2.0
0.11800000000000009,0.017064635769486185,0.28576182693524227,2.0
0.12000000000000009,0.017640764297498376,0.290364714976508,2.0
0.1220000000000001,0.01822608662156088,0.2949555913122599,2.0
0.1240000000000001,0.01882057852839187,0.2995342661568557,2.0
0.12600000000000008,0.019424215425651953,0.3041005502397611,2.0
0.12800000000000009,0.0200369723429827,0.3086542548138552,2.0
0.1300000000000001,0.02065882393306177,0.31319519166372606,2.0
0.1320000000000001,0.02128974447267461,0.3177231731139571,2.0
0.1340000000000001,0.02192970786380273,0.32223801203740327,2.0
0.1360000000000001,0.022578687634728506,0.32673952186345706,2.0
0.1380000000000001,0.023236656941156522,0.33122751658630384,2.0
0.1400000000000001,0.02390358856735139,0.33570181077316585,2.0
0.1420000000000001,0.024579454927292074,0.3401622195725353,2.0
0.1440000000000001,0.025264228065842637,0.344608558722395,2.0
0.1460000000000001,0.02595787965993944,0.3490406445584274,2.0
0.1480000000000001,0.026660381019794746,0.35345829402221085,2.0
0.1500000000000001,0.027371703090116686,0.3578613246694024,2.0
0.1520000000000001,0.02809181645134559,0.3622495546779079,2.0
0.1540000000000001,0.028820691320906658,0.3666228028560377,2.0
0.1560000000000001,0.029558297554478887,0.3709808886506482,2.0
0.1580000000000001,0.03030460464728032,0.375323632155269,2.0
0.16000000000000011,0.031059581735369476,0.3796508541182143,2.0
0.16200000000000012,0.03182319759696305,0.3839623759506793,2.0
0.16400000000000012,0.03259542065376975,0.3882580197348199,2.0
0.16600000000000012,0.03337621897234025,0.3925376082318163,2.0
0.16800000000000012,0.03416556026543334,0.39680096488991945,2.0
0.17000000000000012,0.034963411893398064,0.4010479138524798,2.0
0.17200000000000013,0.03576974086557194,0.4052782799659582,2.0
0.17400000000000013,0.0365845138416952,0.40949188878791837,2.0
0.17600000000000013,0.037407697133340925,0.41368856659500003,2.0
0.17800000000000013,0.0382392567053612,0.41786814039087283,2.0
0.18000000000000013,0.03907915817734909,0.42203043791417,2.0
0.18200000000000013,0.039927366825116474,0.4261752876464014,2.0
0.18400000000000014,0.04078384758218773,0.4303025188198457,2.0
0.18600000000000014,0.04164856504130909,0.4344119614254205,2.0
0.18800000000000014,0.04252148345597383,0.43850344622053045,2.0
0.19000000000000014,0.04340256674196303,0.44257680473689254,2.0
0.19200000000000014,0.04429177847890203,0.44663186928833815,2.0
0.19400000000000014,0.04518908191183243,0.4506684729785908,2.0
0.19600000000000015,0.04609443995279962,0.45468644970901995,2.0
0.19800000000000015,0.04700781518245582,0.45868563418636915,2.0
0.20000000000000015,0.04792916985167855,0.46266586193045883,2.0
0.20200000000000015,0.04885846588320442,0.46662696928186287,2.0
0.20400000000000015,0.049795664873278356,0.470568793409558,2.0
0.20600000000000016,0.05074072809331795,0.4744911723185459,2.0
0.20800000000000016,0.05169361649159318,0.4783939448574471,2.0
0.21000000000000016,0.05265429069492119,0.48227695072606624,2.0
0.21200000000000016,0.05362271101037619,0.4861400304829279,2.0
0.21400000000000016,0.05459883742701442,0.4899830255527824,2.0
0.21600000000000016,0.055582629617614086,0.49380577823408095,2.0
0.21800000000000017,0.056574046940430195,0.4976081317064196,2.0
0.22000000000000017,0.05757304844096427,0.5013899300379513,2.0
0.22200000000000017,0.05857959285374885,0.5051510181927651,2.0
0.22400000000000017,0.05959363860414671,0.5088912420382323,2.0
0.22600000000000017,0.06061514381016476,0.512610448352319,2.0
0.22800000000000017,0.061644066284282484,0.516308484830863,2.0
0.23000000000000018,0.06268036353529496,0.5199852000948171,2.0
0.23200000000000018,0.06372399277017032,0.5236404436974547,2.0
0.23400000000000018,0.0647749108959215,0.5272740661315402,2.0
0.23600000000000018,0.06583307452149241,0.5308859188364612,2.0
0.23800000000000018,0.06689843995965832,0.5344758542053233,2.0
0.24000000000000019,0.06797096322894024,0.5380437255920054,2.0
0.2420000000000002,0.06905060005553362,0.5415893873181769,2.0
0.2440000000000002,0.07013730587525083,0.5451126946802731,2.0
0.2460000000000002,0.07123103583547766,0.548613503956432,2.0
0.2480000000000002,0.07233174479714365,0.5520916724133874,2.0
0.25000000000000017,0.07343938733670607,0.5555470583133211,2.0
0.25200000000000017,0.07455391774814774,0.558979520920672,2.0
0.25400000000000017,0.0756752900449882,0.5623889205089015,2.0
0.25600000000000017,0.07680345796230857,0.5657751183672142,2.0
0.2580000000000002,0.07793837495878969,0.5691379768072341,2.0
0.2600000000000002,0.07907999421876359,0.572477359169635,2.0
0.2620000000000002,0.08022826865427818,0.5757931298307238,2.0
0.2640000000000002,0.08138315090717509,0.5790851542089773,2.0
0.2660000000000002,0.08254459335118045,0.5823532987715307,2.0
0.2680000000000002,0.08371254809400873,0.5855974310406173,2.0
0.2700000000000002,0.08488696697947927,0.5888174195999596,2.0
0.2720000000000002,0.08606780158964562,0.5920131341011089,2.0
0.2740000000000002,0.08725500324693755,0.5951844452697357,2.0
0.2760000000000002,0.08844852301631545,0.5983312249118673,2.0
0.2780000000000002,0.0896483117074373,0.6014533459200739,2.0
0.2800000000000002,0.09085431987683788,0.6045506822796013,2.0
0.2820000000000002,0.0920664978301202,0.6076231090744497,2.0
0.2840000000000002,0.09328479562415906,0.6106705024933988,2.0
0.2860000000000002,0.09450916306931656,0.613692739835977,2.0
0.2880000000000002,0.09573954973166955,0.6166896995183755,2.0
0.2900000000000002,0.09697590493524882,0.6196612610793045,2.0
0.2920000000000002,0.09821817776428993,0.622607305185794,2.0
0.2940000000000002,0.0994663170654956,0.6255277136389347,2.0
0.2960000000000002,0.10072027145030953,0.6284223693795614,2.0
0.2980000000000002,0.10197998929720155,0.6312911564938768,2.0
0.3000000000000002,0.10324541875396388,0.6341339602190145,2.0
0.3020000000000002,0.10451650774001855,0.636950666948542,2.0
0.3040000000000002,0.10579320394873569,0.6397411642379016,2.0
0.3060000000000002,0.10707545484976266,0.6425053408097895,2.0
0.3080000000000002,0.10836320769136393,0.6452430865594717,2.0
0.3100000000000002,0.10965640950277142,0.6479542925600363,2.0
0.3120000000000002,0.1109550070965454,0.6506388510675819,2.0
0.3140000000000002,0.11225894707094564,0.6532966555263402,2.0
0.3160000000000002,0.11356817581231268,0.6559276005737342,2.0
0.3180000000000002,0.11488263949745932,0.6585315820453692,2.0
0.32000000000000023,0.1162022840960718,0.6611084969799568,2.0
0.32200000000000023,0.117527055373121,0.663658243624172,2.0
0.32400000000000023,0.11885689889128305,0.6661807214374417,2.0
0.32600000000000023,0.12019176001336968,0.6686758310966636,2.0
0.32800000000000024,0.12153158390476773,0.671143474500857,2.0
0.33000000000000024,0.12287631553588804,0.6735835547757418,2.0
0.33200000000000024,0.12422589968462336,0.6759959762782485,2.0
0.33400000000000024,0.12558028093881518,0.6783806446009548,2.0
0.33600000000000024,0.1269394036987295,0.6807374665764521,2.0
0.33800000000000024,0.12830321217954102,0.6830663502816375,2.0
0.34000000000000025,0.12967165041382614,0.6853672050419347,2.0
0.34200000000000025,0.13104466225406405,0.6876399414354387,2.0
0.34400000000000025,0.13242219137514621,0.6898844712969883,2.0
0.34600000000000025,0.13380418127689384,0.6921007077221621,2.0
0.34800000000000025,0.13519057528658332,0.6942885650712001,2.0
0.35000000000000026,0.1365813165614794,0.6964479589728478,2.0
0.35200000000000026,0.13797634809137596,0.6985788063281255,2.0
0.35400000000000026,0.1393756127011443,0.700681025314019,2.0
0.35600000000000026,0.1407790530532886,0.702754535387093,2.0
0.35800000000000026,0.14218661165050883,0.7047992572870267,2.0
0.36000000000000026,0.14359823083827022,0.7068151130400704,2.0
0.36200000000000027,0.1450138528073799,0.7088020259624223,2.0
0.36400000000000027,0.14643341959657016,0.7107599206635269,2.0
0.36600000000000027,0.14785687309508805,0.7126887230492921,2.0
0.36800000000000027,0.14928415504529152,0.7145883603252263,2.0
0.3700000000000003,0.15071520704525176,0.7164587609994939,2.0
0.3720000000000003,0.15214997055136137,0.7182998548858897,2.0
0.3740000000000003,0.15358838688094859,0.7201115731067309,2.0
0.3760000000000003,0.15503039721489717,0.7218938480956675,2.0
0.3780000000000003,0.15647594260027178,0.7236466136004088,2.0
0.3800000000000003,0.1579249639529488,0.7253698046853675,2.0
0.3820000000000003,0.15937740206025225,0.7270633577342199,2.0
0.3840000000000003,0.16083319758359482,0.7287272104523822,2.0
0.3860000000000003,0.1622922910611238,0.7303613018694023,2.0
0.3880000000000003,0.16375462291037166,0.7319655723412672,2.0
0.3900000000000003,0.1652201334309111,0.7335399635526255,2.0
0.3920000000000003,0.16668876280701458,0.7350844185189237,2.0
0.3940000000000003,0.16816045111031797,0.736598881588458,2.0
0.3960000000000003,0.16963513830248822,0.7380832984443392,2.0
0.3980000000000003,0.1711127642378949,0.7395376161063719,2.0
0.4000000000000003,0.17259326866628538,0.7409617829328472,2.0
0.4020000000000003,0.1740765912354635,0.7423557486222482,2.0
0.4040000000000003,0.1755626714939717,0.7437194642148686,2.0
0.4060000000000003,0.177051448893776,0.7450528820943445,2.0
0.4080000000000003,0.17854286279295428,0.7463559559890982,2.0
0.4100000000000003,0.18003685245838721,0.7476286409736946,2.0
0.4120000000000003,0.1815333570684518,0.7488708934701096,2.0
0.4140000000000003,0.18303231571571738,0.7500826712489103,2.0
0.4160000000000003,0.18453366740964391,0.7512639334303474,2.0
0.4180000000000003,0.18603735107928246,0.752414640485359,2.0
0.4200000000000003,0.18754330557597737,0.753534754236486,2.0
0.4220000000000003,0.18905146967607037,0.7546242378586984,2.0
0.4240000000000003,0.19056178208360616,0.7556830558801336,2.0
0.4260000000000003,0.19207418143303948,0.7567111741827458,2.0
0.4280000000000003,0.19358860629194322,0.7577085600028658,2.0
0.4300000000000003,0.19510499516371776,0.7586751819316726,2.0
0.43200000000000033,0.19662328649030097,0.759611009915576,2.0
0.43400000000000033,0.19814341865487906,0.7605160152565091,2.0
0.43600000000000033,0.19966532998459777,0.7613901706121339,2.0
0.43800000000000033,0.201188958753274,0.7622334499959552,2.0
0.44000000000000034,0.20271424318410755,0.763045828777348,2.0
0.44200000000000034,0.2042411214523928,0.7638272836814936,2.0
0.44400000000000034,0.20576953168823015,0.7645777927892289,2.0
0.44600000000000034,0.20729941197923715,0.7652973355368052,2.0
0.44800000000000034,0.20883070037325904,0.7659858927155592,2.0
0.45000000000000034,0.21036333488107842,0.766643446471494,2.0
0.45200000000000035,0.21189725347912416,0.7672699803047733,2.0
0.45400000000000035,0.21343239411217915,0.7678654790691258,2.0
0.45600000000000035,0.21496869469608673,0.7684299289711612,2.0
0.45800000000000035,0.21650609312045568,0.7689633175695987,2.0
0.46000000000000035,0.21804452725136367,0.7694656337744069,2.0
0.46200000000000035,0.21958393493405873,0.7699368678458564,2.0
0.46400000000000036,0.2211242539956589,0.7703770113934837,2.0
0.46600000000000036,0.22266542224784963,0.7707860573749689,2.0
0.46800000000000036,0.22420737748957886,0.7711640000949251,2.0
0.47000000000000036,0.22575005750974964,0.7715108352036019,2.0
0.47200000000000036,0.22729340008990995,0.7718265596955005,2.0
0.47400000000000037,0.2288373430069399,0.7721111719079045,2.0
0.47600000000000037,0.23038182403573557,0.7723646715193224,2.0
0.47800000000000037,0.23192678095188995,0.7725870595478463,2.0
0.48000000000000037,0.23347215153437043,0.7727783383494231,2.0
0.4820000000000004,0.23501787356819254,0.7729385116160415,2.0
0.4840000000000004,0.2365638848470903,0.7730675843738345,2.0
0.4860000000000004,0.2381101231761825,0.7731655629810962,2.0
0.4880000000000004,0.23965652637463497,0.7732324551262155,2.0
0.4900000000000004,0.24120303227831863,0.773268269825526,2.0
0.4920000000000004,0.24274957874246314,0.7732730174210714,2.0
0.4940000000000004,0.24429610364430604,0.7732467095782894,2.0
0.4960000000000004,0.24584254488573715,0.7731893592836129,2.0
0.4980000000000004,0.24738884039593806,0.7731009808419878,2.0
0.5000000000000003,0.2489349281340167,0.7729815898743109,2.0
0.5020000000000003,0.25048074609163645,0.772831203314786,2.0
0.5040000000000003,0.2520262322956403,0.7726498394081994,2.0
0.5060000000000003,0.2535713248106689,0.772437517707115,2.0
0.5080000000000003,0.2551159617417735,0.7721942590689902,2.0
0.5100000000000003,0.2566600812370226,0.7719200856532129,2.0
0.5120000000000003,0.25820362149010306,0.7716150209180596,2.0
0.5140000000000003,0.25974652074291443,0.7712790896175753,2.0
0.5160000000000003,0.2612887172881575,0.7709123177983771,2.0
0.5180000000000003,0.26283014947191613,0.7705147327963796,2.0
0.5200000000000004,0.2643707556962326,0.7700863632334451,2.0
0.5220000000000004,0.26591047442167587,0.7696272390139577,2.0
0.5240000000000004,0.26744924416990346,0.7691373913213225,2.0
0.5260000000000004,0.2689870035262156,0.7686168526143907,2.0
0.5280000000000004,0.2705236911421027,0.7680656566238107,2.0
0.5300000000000004,0.2720592457377851,0.7674838383483059,2.0
0.5320000000000004,0.2735936061047457,0.7668714340508813,2.0
0.5340000000000004,0.27512671110825426,0.7662284812549567,2.0
0.5360000000000004,0.2766584996898846,0.76555501874043,2.0
0.5380000000000004,0.27818891087002345,0.76485108653967,2.0
0.5400000000000004,0.27971788375037143,0.7641167259334397,2.0
0.5420000000000004,0.28124535751643553,0.7633519794467502,2.0
0.5440000000000004,0.2827712714400136,0.7625568908446468,2.0
0.5460000000000004,0.28429556488167007,0.7617315051279283,2.0
0.5480000000000004,0.2858181772932029,0.7608758685287983,2.0
0.5500000000000004,0.2873390482201025,0.7599900285064517,2.0
0.5520000000000004,0.28885811730400063,0.759074033742596,2.0
0.5540000000000004,0.2903753242851114,0.7581279341369076,2.0
0.5560000000000004,0.29189060900466235,0.7571517808024257,2.0
0.5580000000000004,0.29340391140731653,0.7561456260608823,2.0
0.5600000000000004,0.2949151715435853,0.7551095234379708,2.0
0.5620000000000004,0.29642432957223136,0.7540435276585539,2.0
0.5640000000000004,0.2979313257626621,0.7529476946418104,2.0
0.5660000000000004,0.2994361004973138,0.7518220814963237,2.0
0.5680000000000004,0.30093859427402486,0.7506667465151101,2.0
0.5700000000000004,0.3024387477084002,0.7494817491705911,2.0
0.5720000000000004,0.3039365015361645,0.7482671501095076,2.0
0.5740000000000004,0.30543179661550635,0.7470230111477789,2.0
0.5760000000000004,0.30692457392941064,0.7457493952653057,2.0
0.5780000000000004,0.30841477458798183,0.7444463666007198,2.0
0.5800000000000004,0.30990233983075605,0.74311399044608,2.0
0.5820000000000004,0.31138721102900235,0.7417523332415148,2.0
0.5840000000000004,0.31286932968801373,0.7403614625698152,2.0
0.5860000000000004,0.31434863744938685,0.7389414471509753,2.0
0.5880000000000004,0.3158250760932909,0.7374923568366838,2.0
0.5900000000000004,0.31729858754072565,0.7360142626047667,2.0
0.5920000000000004,0.31876911385576784,0.7345072365535816,2.0
0.5940000000000004,0.3202365972478069,0.7329713518963659,2.0
0.5960000000000004,0.3217009800737688,0.7314066829555377,2.0
0.5980000000000004,0.3231622048403287,0.7298133051569529,2.0
0.6000000000000004,0.3246202142061122,0.7281912950241168,2.0
0.6020000000000004,0.32607495098388456,0.7265407301723538,2.0
0.6040000000000004,0.32752635814272874,0.7248616893029333,2.0
0.6060000000000004,0.32897437881021124,0.7231542521971555,2.0
0.6080000000000004,0.33041895627453616,0.7214184997103961,2.0
0.6100000000000004,0.3318600339866875,0.7196545137661119,2.0
0.6120000000000004,0.33329755556255924,0.7178623773498076,2.0
0.6140000000000004,0.3347314647850733,0.7160421745029651,2.0
0.6160000000000004,0.33616170560628555,0.7141939903169364,2.0
0.6180000000000004,0.3375882221494792,0.7123179109268007,2.0
0.6200000000000004,0.33901095871124626,0.710414023505187,2.0
0.6220000000000004,0.34042985976355633,0.7084824162560628,2.0
0.6240000000000004,0.3418448699558132,0.70652317840849,2.0
0.6260000000000004,0.34325593411689853,0.7045364002103496,2.0
0.6280000000000004,0.3446629972572034,0.7025221729220347,2.0
0.6300000000000004,0.34606600457064685,0.7004805888101144,2.0
0.6320000000000005,0.3474649014366819,0.6984117411409688,2.0
0.6340000000000005,0.34885963342228893,0.6963157241743952,2.0
0.6360000000000005,0.35025014628395584,0.6941926331571886,2.0
0.6380000000000005,0.35163638596964586,0.6920425643166952,2.0
0.6400000000000005,0.35301829862075207,0.6898656148543416,2.0
0.6420000000000005,0.354395830574039,0.6876618829391394,2.0
0.6440000000000005,0.35576892836357144,0.6854314677011669,2.0
0.6460000000000005,0.3571375387226299,0.6831744692250288,2.0
0.6480000000000005,0.3585016085856131,0.6808909885432944,2.0
0.6500000000000005,0.3598610850899275,0.678581127629916,2.0
0.6520000000000005,0.3612159155778633,0.6762449893936272,2.0
0.6540000000000005,0.3625660475984575,0.6738826776713239,2.0
0.6560000000000005,0.36391142890934336,0.671494297221427,2.0
0.6580000000000005,0.3652520074785871,0.6690799537172288,2.0
0.6600000000000005,0.3665877314865108,0.6666397537402249,2.0
0.6620000000000005,0.36791854932750223,0.6641738047734294,2.0
0.6640000000000005,0.369244409611811,0.6616822151946785,2.0
0.6660000000000005,0.3705652611673317,0.6591650942699202,2.0
0.6680000000000005,0.37188105304137326,0.6566225521464925,2.0
0.6700000000000005,0.3731917345024152,0.6540546998463903,2.0
0.6720000000000005,0.37449725504185,0.6514616492595231,2.0
0.6740000000000005,0.37579756437571216,0.6488435131369626,2.0
0.6760000000000005,0.37709261244639397,0.6462004050841829,2.0
0.6780000000000005,0.37838234942434745,0.6435324395542923,2.0
0.6800000000000005,0.3796667257097727,0.6408397318412604,2.0
0.6820000000000005,0.38094569193429306,0.6381223980731376,2.0
0.6840000000000005,0.38221919896261636,0.6353805552052714,2.0
0.6860000000000005,0.38348719789418284,0.6326143210135179,2.0
0.6880000000000005,0.38474964006479917,0.6298238140874514,2.0
0.6900000000000005,0.38600647704825936,0.6270091538235704,2.0
0.6920000000000005,0.3872576606579516,0.6241704604185038,2.0
0.6940000000000005,0.3885031429484518,0.6213078548622154,2.0
0.6960000000000005,0.3897428762171035,0.61842145893121,2.0
0.6980000000000005,0.39097681300558423,0.6155113951817394,2.0
0.7000000000000005,0.3922049061014579,0.6125777869430113,2.0
0.7020000000000005,0.3934271085397143,0.6096207583104011,2.0
0.7040000000000005,0.39464337360429436,0.6066404341386662,2.0
0.7060000000000005,0.3958536548296024,0.6036369400351663,2.0
0.7080000000000005,0.39705790600200425,0.6006104023530876,2.0
0.7100000000000005,0.39825608116131245,0.5975609481846733,2.0
0.7120000000000005,0.39944813460225737,0.5944887053544612,2.0
0.7140000000000005,0.4006340208759451,0.5913938024125281,2.0
0.7160000000000005,0.4018136947913018,0.5882763686277432,2.0
0.7180000000000005,0.4029871114165047,0.5851365339810294,2.0
0.7200000000000005,0.4041542260803991,0.5819744291586351,2.0
0.7220000000000005,0.4053149943739026,0.578790185545416,2.0
0.7240000000000005,0.4064693721513956,0.575583935218128,2.0
0.7260000000000005,0.4076173155320983,0.5723558109387321,2.0
0.7280000000000005,0.40875878090143436,0.569105946147711,2.0
0.7300000000000005,0.4098937249123815,0.5658344749573998,2.0
0.7320000000000005,0.41102210448680837,0.5625415321453294,2.0
0.7340000000000005,0.4121438768167983,0.5592272531475855,2.0
0.7360000000000005,0.4132589993659599,0.5558917740521814,2.0
0.7380000000000005,0.4143674298707241,0.5525352315924476,2.0
0.7400000000000005,0.41546912634162847,0.5491577631404366,2.0
0.7420000000000005,0.4165640470645878,0.5457595067003459,2.0
0.7440000000000005,0.41765215060215194,0.5423406009019569,2.0
0.7460000000000006,0.4187333957947506,0.5389011849940935,2.0
0.7480000000000006,0.41980774176192454,0.5354413988380977,2.0
0.7500000000000006,0.4208751479035444,0.5319613829013261,2.0
0.7520000000000006,0.4219355739010162,0.5284612782506646,2.0
0.7540000000000006,0.42298897971847377,0.5249412265460643,2.0
0.7560000000000006,0.42403532560395857,0.5214013700340983,2.0
0.7580000000000006,0.42507457209058647,0.5178418515415385,2.0
0.7600000000000006,0.42610667999770174,0.5142628144689562,2.0
0.7620000000000006,0.4271316104320183,0.5106644027843433,2.0
0.7640000000000006,0.4281493247887482,0.5070467610167572,2.0
0.7660000000000006,0.42915978475271727,0.5034100342499882,2.0
0.7680000000000006,0.4301629522994685,0.4997543681162515,2.0
0.7700000000000006,0.4311587896963525,0.49607990878990255,2.0
0.7720000000000006,0.43214725950360555,0.49238680298117715,2.0
0.7740000000000006,0.43312832457541495,0.4886751979299566,2.0
0.7760000000000006,0.4341019480609723,0.48494524139955814,2.0
0.7780000000000006,0.4350680934055141,0.48119708167055086,2.0
0.7800000000000006,0.4360267243513502,0.4774308675345981,2.0
0.7820000000000006,0.43697780493887967,0.4736467482883263,2.0
0.7840000000000006,0.4379212995075947,0.46984487372722006,2.0
0.7860000000000006,0.4388571726970722,0.4660253941395451,2.0
0.7880000000000006,0.4397853894479535,0.46218846030029814,2.0
0.7900000000000006,0.44070591500291145,0.45833422346518493,2.0
0.7920000000000006,0.44161871490760624,0.45446283536462595,2.0
0.7940000000000006,0.44252375501162844,0.4505744481977908,2.0
0.7960000000000006,0.44342100146943086,0.4466692146266609,2.0
0.7980000000000006,0.44431042074124816,0.44274728777012146,2.0
0.8000000000000006,0.4451919795940047,0.43880882119808196,2.0
0.8020000000000006,0.44606564510221086,0.43485396892562656,2.0
0.8040000000000006,0.4469313846488475,0.4308828854071938,2.0
0.8060000000000006,0.44778916592623896,0.4268957255307861,2.0
0.8080000000000006,0.4486389569369142,0.42289264461220893,2.0
0.8100000000000006,0.4494807259944569,0.4188737983893408,2.0
0.8120000000000006,0.4503144417243438,0.4148393430164328,2.0
0.8140000000000006,0.45114007306477183,0.41078943505843907,2.0
0.8160000000000006,0.45195758926747376,0.4067242314853775,2.0
0.8180000000000006,0.45276695989852284,0.4026438896667216,2.0
0.8200000000000006,0.45356815483912605,0.3985485673658227,2.0
0.8220000000000006,0.45436114428640634,0.3944384227343635,2.0
0.8240000000000006,0.4551458987541737,0.39031361430684225,2.0
0.8260000000000006,0.45592238907368543,0.38617430099508826,2.0
0.8280000000000006,0.45669058639439525,0.38202064208280856,2.0
0.8300000000000006,0.4574504621846916,0.3778527972201657,2.0
0.8320000000000006,0.4582019882326253,0.37367092641838673,2.0
0.8340000000000006,0.4589451366466262,0.36947519004440366,2.0
0.8360000000000006,0.4596798798562091,0.3652657488155248,2.0
0.8380000000000006,0.4604061906126697,0.3610427637941378,2.0
0.8400000000000006,0.46112404198976886,0.3568063963824437,2.0
0.8420000000000006,0.4618334073844075,0.35255680831722236,2.0
0.8440000000000006,0.4625342605172902,0.3482941616646288,2.0
0.8460000000000006,0.46322657543357904,0.3440186188150211,2.0
0.8480000000000006,0.4639103265035366,0.3397303424778192,2.0
0.8500000000000006,0.46458548842315917,0.33542949567639446,2.0
0.8520000000000006,0.4652520362147995,0.33111624174299065,2.0
0.8540000000000006,0.46590994522777945,0.32679074431367533,2.0
0.8560000000000006,0.46655919113899275,0.32245316732332224,2.0
0.8580000000000007,0.46719974995349745,0.3181036750006241,2.0
0.8600000000000007,0.4678315980050986,0.3137424318631359,2.0
0.8620000000000007,0.4684547119569213,0.30936960271234865,2.0
0.8640000000000007,0.4690690688019733,0.3049853526287932,2.0
0.8660000000000007,0.46967464586369856,0.3005898469671742,2.0
0.8680000000000007,0.47027142079652046,0.29618325135153345,2.0
0.8700000000000007,0.4708593715863758,0.2917657316704434,2.0
0.8720000000000007,0.4714384765512392,0.2873374540722298,2.0
0.8740000000000007,0.4720087143416376,0.28289858496022385,2.0
0.8760000000000007,0.4725700639411557,0.2784492909880428,2.0
0.8780000000000007,0.4731225046669318,0.2739897390548999,2.0
0.8800000000000007,0.47366601617014437,0.26952009630094265,2.0
0.8820000000000007,0.4742005784364892,0.26504053010261935,2.0
0.8840000000000007,0.47472617178664755,0.26055120806807347,2.0
0.8860000000000007,0.4752427768767447,0.256052298032566,2.0
0.8880000000000007,0.4757503746987999,0.25154396805392537,2.0
0.8900000000000007,0.4762489465811667,0.247026386408024,2.0
0.8920000000000007,0.4767384741889648,0.2424997215842823,2.0
0.8940000000000007,0.4772189395245026,0.23796414228119894,2.0
0.8960000000000007,0.4776903249276908,0.2334198174019073,2.0
0.8980000000000007,0.4781526130764473,0.2288669160497579,2.0
0.9000000000000007,0.47860578698709333,0.22430560752392645,2.0
0.9020000000000007,0.47904983001474055,0.21973606131504692,2.0
0.9040000000000007,0.47948472585366986,0.2151584471008696,2.0
0.9060000000000007,0.47991045853770103,0.21057293474194363,2.0
0.9080000000000007,0.48032701244055426,0.20597969427732354,2.0
0.9100000000000007,0.4807343722762028,0.20137889592029964,2.0
0.9120000000000007,0.4811325230992171,0.19677071005415156,2.0
0.9140000000000007,0.4815214503051007,0.1921553072279249,2.0
0.9160000000000007,0.4819011396306174,0.18753285815223034,2.0
0.9180000000000007,0.4822715771541105,0.1829035336950647,2.0
0.9200000000000007,0.482632749295813,0.17826750487765394,2.0
0.9220000000000007,0.4829846428181503,0.1736249428703172,2.0
0.9240000000000007,0.48332724482603395,0.1689760189883517,2.0
0.9260000000000007,0.48366054276715437,0.16432090469121824,2.0
0.9280000000000007,0.48398452443224493,0.15965977156853792,2.0
0.9300000000000007,0.48429917795535854,0.15499279134605293,2.0
0.9320000000000007,0.4846044918141289,0.15032013587822232,2.0
0.9340000000000007,0.4849004548300241,0.14564197714420402,2.0
0.9360000000000007,0.48518705616859176,0.14095848724385504,2.0
0.9380000000000007,0.4854642853396967,0.13626983839374918,2.0
0.9400000000000007,0.4857321321977503,0.1315762029232117,2.0
0.9420000000000007,0.4859905869419319,0.12687775327037068,2.0
0.9440000000000007,0.4862396401164029,0.12217466197822432,2.0
0.9460000000000007,0.48647928261051204,0.11746710169072391,2.0
0.9480000000000007,0.4867095056589938,0.11275524514887167,2.0
0.9500000000000007,0.4869303008421584,0.10803926518683322,2.0
0.9520000000000007,0.4871416600860744,0.10331933472806405,2.0
0.9540000000000007,0.4873435756627433,0.09859562678144931,2.0
0.9560000000000007,0.4875360401902666,0.09386831443745672,2.0
0.9580000000000007,0.4877190466330051,0.08913757086430169,2.0
0.9600000000000007,0.4878925883017306,0.08440356930412443,2.0
0.9620000000000007,0.48805665885377003,0.0796664830691783,2.0
0.9640000000000007,0.4882112522931416,0.07492648553802887,2.0
0.9660000000000007,0.4883563629706839,0.07018375015176331,2.0
0.9680000000000007,0.48849198558417706,0.06543845041020928,2.0
0.9700000000000008,0.48861811517845644,0.060690759868163024,2.0
0.9720000000000008,0.48873474714551884,0.05594085213162594,2.0
0.9740000000000008,0.4888418772246212,0.05118890085404908,2.0
0.9760000000000008,0.48893950150237153,0.0464350797325851,2.0
0.9780000000000008,0.48902761641281284,0.04167956250434702,2.0
0.9800000000000008,0.4891062187374992,0.036922522942673175,2.0
0.9820000000000008,0.4891753056055645,0.032164134853397926,2.0
0.9840000000000008,0.4892348744937836,0.027404572071127415,2.0
0.9860000000000008,0.48928492322662637,0.022644008455519848,2.0
0.9880000000000008,0.4893254499763038,0.01788261788756973,2.0
0.9900000000000008,0.48935645326280724,0.013120574265895456,2.0
0.9920000000000008,0.4893779319539398,0.008358051503029672,2.0
0.9940000000000008,0.4893898852653404,0.0035952235217118324,2.0
0.9960000000000008,0.4893923127605006,-0.001167735748817623,2.0
0.9980000000000008,0.48938521435077387,-0.005930652376522078,2.0
1.0000000000000007,0.48936859029537744,-0.0106933524302731,2.0
1.0020000000000007,0.4893424412013868,-0.015455661983554945,2.0
1.0040000000000007,0.4893067680237228,-0.020217407118169793,2.0
1.0060000000000007,0.48926157206513127,-0.0249784139279443,2.0
1.0080000000000007,0.48920685497615524,-0.029738508522438027,2.0
1.0100000000000007,0.48914261875509985,-0.03449751703065438,2.0
1.0120000000000007,0.48906886574798963,-0.039255265604754584,2.0
1.0140000000000007,0.48898559864851854,-0.044011580423775315,2.0
1.0160000000000007,0.48889282049799254,-0.048766287697350565,2.0
1.0180000000000007,0.4887905346852646,-0.053519213669438286,2.0
1.0200000000000007,0.4886787449466624,-0.05827018462205245,2.0
1.0220000000000007,0.4885574553659083,-0.06301902687900102,2.0
1.0240000000000007,0.48842667037403215,-0.0677655668096305,2.0
1.0260000000000007,0.4882863947492765,-0.07250963083257755,2.0
1.0280000000000007,0.4881366336169942,-0.07725104541952832,2.0
1.0300000000000007,0.4879773924495385,-0.0819896370989859,2.0
1.0320000000000007,0.4878086770661458,-0.08672523246004678,2.0
1.0340000000000007,0.4876304936328103,-0.09145765815618642,2.0
1.0360000000000007,0.487442848662152,-0.09618674090905499,2.0
1.0380000000000007,0.48724574901327605,-0.10091230751228339,2.0
1.0400000000000007,0.4870392018916253,-0.10563418483530038,2.0
1.0420000000000007,0.48682321484882474,-0.1103521998271613,2.0
1.0440000000000007,0.4865977957825183,-0.11506617952038882,2.0
1.0460000000000007,0.4863629529361984,-0.11977595103482645,2.0
1.0480000000000007,0.486118694899027,-0.12448134158150519,2.0
1.0500000000000007,0.48586503060564973,-0.12918217846652383,2.0
1.0520000000000007,0.48560196933600164,-0.13387828909494368,2.0
1.0540000000000007,0.4853295207151055,-0.13856950097469783,2.0
1.0560000000000007,0.485047694712862,-0.14325564172051589,2.0
1.0580000000000007,0.4847565016438324,-0.14793653905786444,2.0
1.0600000000000007,0.48445595216701287,-0.15261202082690375,2.0
1.0620000000000007,0.48414605728560134,-0.15728191498646138,2.0
1.0640000000000007,0.48382682834675605,-0.161946049618023,2.0
1.0660000000000007,0.4834982770413463,-0.16660425292974104,2.0
1.0680000000000007,0.483160415403695,-0.1712563532604616,2.0
1.0700000000000007,0.48281325581131335,-0.17590217908377004,2.0
1.0720000000000007,0.48245681098462734,-0.1805415590120559,2.0
1.0740000000000007,0.48209109398669586,-0.18517432180059734,2.0
1.0760000000000007,0.48171611822292093,-0.18980029635166587,2.0
1.0780000000000007,0.4813318974407565,-0.1944193117152377,2.0
1.0800000000000007,0.4809384457293885,-0.1990311971032939,2.0
1.0820000000000007,0.4805357775194267,-0.20363578188392195,2.0
1.0840000000000007,0.480123907582582,-0.2082328955888315,2.0
1.0860000000000007,0.47970285103133453,-0.21282236791756626,2.0
1.0880000000000007,0.4792726233185941,-0.21740402874173848,2.0
1.0900000000000007,0.47883324023735163,-0.2219777081092869,2.0
1.0920000000000007,0.4783847179203223,-0.22654323624875788,2.0
1.0940000000000007,0.4779270728395799,-0.2311004435736106,2.0
1.0960000000000008,0.477460321806183,-0.2356491606865465,2.0
1.0980000000000008,0.47698448196979165,-0.2401892183838635,2.0
1.1000000000000008,0.4764995708182762,-0.24472044765983497,2.0
1.1020000000000008,0.47600560617731685,-0.24924267971111444,2.0
1.1040000000000008,0.4755026062099943,-0.2537557459411657,2.0
1.1060000000000008,0.47499058941637184,-0.25825947796471904,2.0
1.1080000000000008,0.4744695746330684,-0.26275370761225414,2.0
1.1100000000000008,0.4739395810328223,-0.26723826693450936,2.0
1.1120000000000008,0.47340062812404643,-0.271712988207018,2.0
1.1140000000000008,0.472852735750374,-0.2761777039346721,2.0
1.1160000000000008,0.4722959240901953,-0.2806322468563138,2.0
1.1180000000000008,0.471730213656185,-0.28507644994935444,2.0
1.1200000000000008,0.4711556252948207,-0.2895101464344218,2.0
1.1220000000000008,0.4705721801858914,-0.29393316978003586,2.0
1.1240000000000008,0.4699798998419975,-0.2983453537073132,2.0
1.1260000000000008,0.46937880610804045,-0.3027465321947002,2.0
1.1280000000000008,0.4687689211607036,-0.3071365394827354,2.0
1.1300000000000008,0.46815026750792316,-0.31151521007884114,2.0
1.1320000000000008,0.46752286798834947,-0.31588237876214487,2.0
1.1340000000000008,0.46688674577079897,-0.32023788058833,2.0
1.1360000000000008,0.4662419243536961,-0.3245815508945169,2.0
1.1380000000000008,0.4655884275645055,-0.3289132253041735,2.0
1.1400000000000008,0.4649262795591545,-0.33323273973205697,2.0
1.1420000000000008,0.46425550482144534,-0.3375399303891849,2.0
1.1440000000000008,0.4635761281624579,-0.34183463378783757,2.0
1.1460000000000008,0.4628881747199421,-0.34611668674659074,2.0
1.1480000000000008,0.4621916699577,-0.3503859263953792,2.0
1.1500000000000008,0.4614866396649584,-0.3546421901805911,2.0
1.1520000000000008,0.46077310995573045,-0.3588853158701936,2.0
1.1540000000000008,0.4600511072681676,-0.36311514155888897,2.0
1.1560000000000008,0.4593206583639008,-0.36733150567330236,2.0
1.1580000000000008,0.45858179032737145,-0.37153424697720056,2.0
1.1600000000000008,0.45783453056515194,-0.37572320457674196,2.0
1.1620000000000008,0.45707890680525554,-0.3798982179257577,2.0
1.1640000000000008,0.4563149470964357,-0.38405912683106413,2.0
1.1660000000000008,0.455542679807475,-0.3882057714578067,2.0
1.1680000000000008,0.4547621336264626,-0.39233799233483485,2.0
1.1700000000000008,0.4539733375600621,-0.3964556303601083,2.0
1.1720000000000008,0.4531763209327673,-0.4005585268061346,2.0
1.1740000000000008,0.45237111338614794,-0.40464652332543777,2.0
1.1760000000000008,0.4515577448780842,-0.4087194619560582,2.0
1.1780000000000008,0.45073624568199,-0.4127771851270833,2.0
1.1800000000000008,0.4499066463860254,-0.4168195356642095,2.0
1.1820000000000008,0.44906897789229777,-0.4208463567953349,2.0
1.1840000000000008,0.44822327141605184,-0.4248574921561826,2.0
1.1860000000000008,0.44736955848484833,-0.42885278579595515,2.0
1.1880000000000008,0.44650787093773137,-0.4328320821830188,2.0
1.1900000000000008,0.4456382409243844,-0.4367952262106188,2.0
1.1920000000000008,0.44476070090427483,-0.4407420632026245,2.0
1.1940000000000008,0.4438752836457867,-0.44467243891930475,2.0
1.1960000000000008,0.4429820222253424,-0.44858619956313284,2.0
1.1980000000000008,0.44208095002651226,-0.4524831917846215,2.0
1.2000000000000008,0.4411721007391127,-0.4563632626881869,2.0
1.2020000000000008,0.4402555083582925,-0.46022625983804244,2.0
1.2040000000000008,0.43933120718360724,-0.464072031264121,2.0
1.2060000000000008,0.438399231818082,-0.4679004254680261,2.0
1.2080000000000009,0.43745961716726195,-0.4717112914290119,2.0
1.2100000000000009,0.4365123984382511,-0.47550447860999073,2.0
1.2120000000000009,0.4355576111387391,-0.47927983696356913,2.0
1.2140000000000009,0.4345952910760154,-0.4830372169381112,2.0
1.2160000000000009,0.4336254743559721,-0.48677646948382935,2.0
1.2180000000000009,0.43264819738209376,-0.490497446058902,2.0
1.2200000000000009,0.4316634968544356,-0.4941999986356179,2.0
1.2220000000000009,0.43067140976858903,-0.4978839797065468,2.0
1.2240000000000009,0.4296719734146348,-0.5015492422907358,2.0
1.2260000000000009,0.428665225376084,-0.5051956399399318,2.0
1.2280000000000009,0.42765120352880615,-0.5088230267448282,2.0
1.2300000000000009,0.4266299460399455,-0.5124312573413373,2.0
1.2320000000000009,0.4256014913668237,-0.5160201869168864,2.0
1.2340000000000009,0.424565878255831,-0.519589671216738,2.0
1.2360000000000009,0.42352314574130384,-0.5231395665503332,2.0
1.2380000000000009,0.4224733331443904,-0.5266697297976588,2.0
1.2400000000000009,0.42141648007190297,-0.5301800184156359,2.0
1.2420000000000009,0.4203526264151578,-0.5336702904445315,2.0
1.2440000000000009,0.4192818123488018,-0.5371404045143912,2.0
1.2460000000000009,0.41820407832962664,-0.5405902198514928,2.0
1.2480000000000009,0.4171194650953699,-0.5440195962848211,2.0
1.2500000000000009,0.416028013663503,-0.5474283942525617,2.0
1.252000000000001,0.41492976533000636,-0.5508164748086154,2.0
1.254000000000001,0.4138247616681315,-0.5541836996291305,2.0
1.256000000000001,0.41271304452714985,-0.5575299310190542,2.0
1.258000000000001,0.41159465603108875,-0.5608550319187017,2.0
1.260000000000001,0.410469638577454,-0.5641588659103416,2.0
1.262000000000001,0.40933803483593945,-0.5674412972247993,2.0
1.264000000000001,0.40819988774712324,-0.5707021907480756,2.0
1.266000000000001,0.4070552405211507,-0.5739414120279802,2.0
1.268000000000001,0.40590413663640434,-0.5771588272807813,2.0
1.270000000000001,0.40474661983816,-0.5803543033978676,2.0
1.272000000000001,0.40358273413723017,-0.5835277079524256,2.0
1.274000000000001,0.4024125238085935,-0.5866789092061276,2.0
1.276000000000001,0.4012360333900113,-0.5898077761158339,2.0
1.278000000000001,0.4000533076806303,-0.5929141783403047,2.0
1.280000000000001,0.3988643917395723,-0.5959979862469237,2.0
1.282000000000001,0.39766933088451,-0.5990590709184314,2.0
1.284000000000001,0.39646817069022977,-0.6020973041596676,2.0
1.286000000000001,0.39526095698718045,-0.6051125585043227,2.0
1.288000000000001,0.394047735860009,-0.6081047072216967,2.0
1.290000000000001,0.3928285536460827,-0.6110736243234655,2.0
1.292000000000001,0.39160345693399734,-0.6140191845704527,2.0
1.294000000000001,0.3903724925620723,-0.6169412634794083,2.0
1.296000000000001,0.3891357076168318,-0.6198397373297909,2.0
1.298000000000001,0.3878931494314729,-0.622714483170555,2.0
1.300000000000001,0.38664486558431954,-0.6255653788269407,2.0
1.302000000000001,0.3853909038972632,-0.6283923029072664,2.0
1.304000000000001,0.3841313124341901,-0.6311951348097223,2.0
1.306000000000001,0.38286613949939435,-0.633973754729166,2.0
1.308000000000001,0.3815954336359782,-0.6367280436639166,2.0
1.310000000000001,0.3803192436242381,-0.6394578834225491,2.0
1.312000000000001,0.3790376184800373,-0.6421631566306867,2.0
1.314000000000001,0.3777506074531653,-0.6448437467377901,2.0
1.316000000000001,0.37645826002568306,-0.6474995380239441,2.0
1.318000000000001,0.3751606259102551,-0.6501304156066398,2.0
1.320000000000001,0.37385775504846797,-0.6527362654475509,2.0
1.322000000000001,0.372549697609135,-0.6553169743593055,2.0
1.324000000000001,0.3712365039865876,-0.6578724300122492,2.0
1.326000000000001,0.36991822479895325,-0.660402520941202,2.0
1.328000000000001,0.36859491088641966,-0.6629071365522057,2.0
1.330000000000001,0.3672666133094856,-0.6653861671292619,2.0
1.332000000000001,0.3659333833471983,-0.6678395038410596,2.0
1.334000000000001,0.3645952724953774,-0.6702670387476912,2.0
1.336000000000001,0.3632523324648251,-0.6726686648073567,2.0
1.338000000000001,0.36190461517952377,-0.6750442758830538,2.0
1.340000000000001,0.3605521727748194,-0.6773937667492554,2.0
1.342000000000001,0.35919505759559184,-0.6797170330985702,2.0
1.344000000000001,0.3578333221944122,-0.6820139715483885,2.0
1.346000000000001,0.3564670193296865,-0.6842844796475105,2.0
1.348000000000001,0.35509620196378616,-0.6865284558827576,2.0
1.350000000000001,0.3537209232611655,-0.6887457996855634,2.0
1.352000000000001,0.3523412365864658,-0.6909364114385464,2.0
1.354000000000001,0.3509571955026066,-0.6931001924820613,2.0
1.356000000000001,0.34956885376886343,-0.6952370451207284,2.0
1.358000000000001,0.3481762653389329,-0.6973468726299408,2.0
1.360000000000001,0.34677948435898476,-0.6994295792623481,2.0
1.362000000000001,0.34537856516570065,-0.7014850702543151,2.0
1.364000000000001,0.34397356228430054,-0.7035132518323555,2.0
1.366000000000001,0.3425645304265559,-0.7055140312195387,2.0
1.368000000000001,0.34115152448879,-0.7074873166418697,2.0
1.370000000000001,0.33973459954986607,-0.7094330173346399,2.0
1.372000000000001,0.3383138108691621,-0.7113510435487492,2.0
1.374000000000001,0.3368892138845335,-0.7132413065569976,2.0
1.376000000000001,0.33546086421026294,-0.7151037186603451,2.0
1.378000000000001,0.3340288176349977,-0.7169381931941402,2.0
1.380000000000001,0.3325931301196749,-0.7187446445343144,2.0
1.382000000000001,0.3311538577954341,-0.7205229881035429,2.0
1.384000000000001,0.32971105696151765,-0.72227314037737,2.0
1.386000000000001,0.3282647840831588,-0.7239950188902987,2.0
1.388000000000001,0.3268150957894579,-0.7256885422418429,2.0
1.390000000000001,0.32536204887124615,-0.7273536301025416,2.0
1.392000000000001,0.32390570027893767,-0.7289902032199345,2.0
1.394000000000001,0.32244610712036964,-0.7305981834244972,2.0
1.396000000000001,0.32098332665863033,-0.732177493635536,2.0
1.398000000000001,0.31951741630987573,-0.7337280578670401,2.0
1.400000000000001,0.31804843364113433,-0.7352498012334922,2.0
1.402000000000001,0.31657643636810034,-0.7367426499556341,2.0
1.404000000000001,0.31510148235291546,-0.7382065313661886,2.0
1.406000000000001,0.31362362960193924,-0.7396413739155355,2.0
1.408000000000001,0.31214293626350814,-0.7410471071773407,2.0
1.410000000000001,0.3106594606256833,-0.7424236618541383,2.0
1.412000000000001,0.30917326111398724,-0.7437709697828645,2.0
1.414000000000001,0.3076843962891298,-0.7450889639403415,2.0
1.416000000000001,0.30619292484472266,-0.746377578448712,2.0
1.418000000000001,0.3046989056049834,-0.7476367485808217,2.0
1.420000000000001,0.30320239752242883,-0.7488664107655508,2.0
1.422000000000001,0.30170345967555745,-0.7500665025930916,2.0
1.424000000000001,0.3002021512665218,-0.7512369628201729,2.0
1.426000000000001,0.29869853161879,-0.75237773137523,2.0
1.428000000000001,0.2971926601747975,-0.7534887493635181,2.0
1.430000000000001,0.295684596493588,-0.7545699590721701,2.0
1.432000000000001,0.2941744002484451,-0.755621303975197,2.0
1.434000000000001,0.2926621312245132,-0.75664272873843,2.0
1.436000000000001,0.2911478493164092,-0.7576341792244036,2.0
1.438000000000001,0.2896316145258242,-0.7585956024971788,2.0
1.440000000000001,0.28811348695911576,-0.7595269468271061,2.0
1.442000000000001,0.2865935268248904,-0.760428161695526,2.0
1.444000000000001,0.28507179443157715,-0.7612991977994084,2.0
1.446000000000001,0.2835483501849917,-0.762140007055928,2.0
1.448000000000001,0.2820232545858913,-0.7629505426069764,2.0
1.450000000000001,0.28049656822752106,-0.7637307588236087,2.0
1.452000000000001,0.27896835179315127,-0.7644806113104257,2.0
1.454000000000001,0.2774386660536057,-0.7652000569098885,2.0
1.456000000000001,0.2759075718647818,-0.7658890537065676,2.0
1.458000000000001,0.27437513016516246,-0.7665475610313229,2.0
1.460000000000001,0.2728414019733189,-0.7671755394654164,2.0
1.462000000000001,0.2713064483854062,-0.7677729508445541,2.0
1.464000000000001,0.26977033057265015,-0.7683397582628597,2.0
1.466000000000001,0.26823310977882675,-0.7688759260767767,2.0
1.468000000000001,0.26669484731773346,-0.7693814199088989,2.0
1.470000000000001,0.2651556045706534,-0.7698562066517295,2.0
1.472000000000001,0.26361544298381157,-0.7703002544713673,2.0
1.474000000000001,0.2620744240658242,-0.7707135328111194,2.0
1.476000000000001,0.26053260938514083,-0.7710960123950398,2.0
1.478000000000001,0.2589900605674791,-0.7714476652313934,2.0
1.480000000000001,0.2574468392932532,-0.7717684646160452,2.0
1.482000000000001,0.2559030072949951,-0.7720583851357725,2.0
1.484000000000001,0.2543586263547698,-0.7723174026715018,2.0
1.486000000000001,0.2528137583015835,-0.7725454944014678,2.0
1.488000000000001,0.251268465008786,-0.7727426388042951,2.0
1.490000000000001,0.24972280839146715,-0.7729088156620013,2.0
1.492000000000001,0.24817685040384674,-0.773044006062922,2.0
1.494000000000001,0.2466306530366593,-0.7731481924045556,2.0
1.496000000000001,0.24508427831453283,-0.7732213583963288,2.0
1.498000000000001,0.24353778829336237,-0.7732634890622818,2.0
1.500000000000001,0.24199124505767802,-0.7732745707436723,2.0
1.5020000000000011,0.2404447107180081,-0.7732545911014986,2.0
1.5040000000000011,0.2388982474082371,-0.7732035391189401,2.0
1.5060000000000011,0.237351917282959,-0.7731214051037167,2.0
1.5080000000000011,0.23580578251482598,-0.7730081806903644,2.0
1.5100000000000011,0.23425990529189236,-0.7728638588424284,2.0
1.5120000000000011,0.2327143478149547,-0.7726884338545725,2.0
1.5140000000000011,0.23116917229488737,-0.7724819013546048,2.0
1.5160000000000011,0.2296244409499744,-0.7722442583054183,2.0
1.5180000000000011,0.2280802160032373,-0.7719755030068478,2.0
1.5200000000000011,0.22653655967975964,-0.771675635097441,2.0
1.5220000000000011,0.2249935342040076,-0.7713446555561447,2.0
1.5240000000000011,0.22345120179714786,-0.7709825667039053,2.0
1.5260000000000011,0.22190962467436187,-0.7705893722051825,2.0
1.5280000000000011,0.22036886504215747,-0.7701650770693779,2.0
1.5300000000000011,0.2188289850956776,-0.7697096876521756,2.0
1.5320000000000011,0.21729004701600657,-0.7692232116567976,2.0
1.5340000000000011,0.21575211296747365,-0.7687056581351707,2.0
1.5360000000000011,0.21421524509495468,-0.7681570374890064,2.0
1.5380000000000011,0.21267950552117146,-0.7675773614707939,2.0
1.5400000000000011,0.21114495634398925,-0.7669666431847044,2.0
1.5420000000000011,0.20961165963371262,-0.7663248970874079,2.0
1.5440000000000011,0.20807967743037967,-0.765652138988802,2.0
1.5460000000000012,0.20654907174105494,-0.7649483860526523,2.0
1.5480000000000012,0.20501990453712113,-0.7642136567971438,2.0
1.5500000000000012,0.20349223775156974,-0.763447971095345,2.0
1.5520000000000012,0.20196613327629093,-0.7626513501755818,2.0
1.5540000000000012,0.20044165295936267,-0.761823816621724,2.0
1.5560000000000012,0.19891885860233952,-0.760965394373382,2.0
1.5580000000000012,0.19739781195754097,-0.7600761087260147,2.0
1.5600000000000012,0.1958785747253397,-0.7591559863309495,2.0
1.5620000000000012,0.19436120855144998,-0.7582050551953113,2.0
1.5640000000000012,0.19284577502421607,-0.7572233446818645,2.0
1.5660000000000012,0.19133233567190133,-0.7562108855087643,2.0
1.5680000000000012,0.18982095195997764,-0.7551677097492203,2.0
1.5700000000000012,0.1883116852884158,-0.7540938508310704,2.0
1.5720000000000012,0.1868045969889767,-0.7529893435362653,2.0
1.5740000000000012,0.18529974832250373,-0.7518542240002656,2.0
1.5760000000000012,0.1837972004762164,-0.7506885297113479,2.0
1.5780000000000012,0.1822970145610055,-0.7494922995098244,2.0
1.5800000000000012,0.1807992516087299,-0.7482655735871719,2.0
1.5820000000000012,0.17930397256951508,-0.7470083934850735,2.0
1.5840000000000012,0.1778112383090539,-0.7457208020943713,2.0
1.5860000000000012,0.17632110960590924,-0.744402843653931,2.0
1.5880000000000012,0.1748336471488193,-0.7430545637494183,2.0
1.5900000000000012,0.17334891153400517,-0.7416760093119873,2.0
1.5920000000000012,0.17186696326248135,-0.7402672286168813,2.0
1.5940000000000012,0.170387862737369,-0.738828271281946,2.0
1.5960000000000012,0.16891167026121226,-0.7373591882660546,2.0
1.5980000000000012,0.16743844603329788,-0.7358600318674474,2.0
1.6000000000000012,0.16596825014697825,-0.7343308557219824,2.0
1.6020000000000012,0.16450114258699786,-0.7327717148013011,2.0
1.6040000000000012,0.1630371832268238,-0.7311826654109068,2.0
1.6060000000000012,0.16157643182598,-0.7295637651881571,2.0
1.6080000000000012,0.16011894802738544,-0.7279150731001709,2.0
1.6100000000000012,0.15866479135469697,-0.7262366494416493,2.0
1.6120000000000012,0.15721402120965636,-0.7245285558326118,2.0
1.6140000000000012,0.15576669686944192,-0.7227908552160472,2.0
1.6160000000000012,0.15432287748402507,-0.7210236118554809,2.0
1.6180000000000012,0.15288262207353173,-0.7192268913324565,2.0
1.6200000000000012,0.15144598952560887,-0.7174007605439354,2.0
1.6220000000000012,0.15001303859279633,-0.7155452876996115,2.0
1.6240000000000012,0.14858382788990418,-0.7136605423191436,2.0
1.6260000000000012,0.14715841589139553,-0.7117465952293053,2.0
1.6280000000000012,0.14573686092877527,-0.7098035185610525,2.0
1.6300000000000012,0.1443192211879847,-0.707831385746509,2.0
1.6320000000000012,0.14290555470680233,-0.7058302715158706,2.0
1.6340000000000012,0.14149591937225076,-0.7038002518942295,2.0
1.6360000000000012,0.14009037291801027,-0.7017414041983164,2.0
1.6380000000000012,0.13868897292183882,-0.6996538070331646,2.0
1.6400000000000012,0.1372917768029988,-0.6975375402886931,2.0
1.6420000000000012,0.13589884181969086,-0.6953926851362117,2.0
1.6440000000000012,0.13451022506649452,-0.6932193240248469,2.0
1.6460000000000012,0.1331259834718163,-0.6910175406778908,2.0
1.6480000000000012,0.13174617379534512,-0.6887874200890717,2.0
1.6500000000000012,0.13037085262551507,-0.686529048518748,2.0
1.6520000000000012,0.12900007637697622,-0.684242513490026,2.0
1.6540000000000012,0.12763390128807292,-0.6819279037848017,2.0
1.6560000000000012,0.12627238341833033,-0.6795853094397277,2.0
1.6580000000000013,0.12491557864594892,-0.6772148217421046,2.0
1.6600000000000013,0.12356354266530742,-0.6748165332256989,2.0
1.6620000000000013,0.1222163309844741,-0.6723905376664877,2.0
1.6640000000000013,0.12087399892272664,-0.6699369300783298,2.0
1.6660000000000013,0.11953660160808083,-0.6674558067085645,2.0
1.6680000000000013,0.11820419397482798,-0.6649472650335393,2.0
1.6700000000000013,0.11687683076108149,-0.6624114037540657,2.0
1.6720000000000013,0.11555456650633252,-0.6598483227908052,2.0
1.6740000000000013,0.11423745554901495,-0.6572581232795849,2.0
1.6760000000000013,0.11292555202407978,-0.6546409075666443,2.0
1.6780000000000013,0.11161890986057917,-0.6519967792038132,2.0
1.6800000000000013,0.11031758277926006,-0.6493258429436216,2.0
1.6820000000000013,0.10902162429016778,-0.646628204734343,2.0
1.6840000000000013,0.10773108769025953,-0.64390397171497,2.0
1.6860000000000013,0.10644602606102807,-0.6411532522101249,2.0
1.6880000000000013,0.10516649226613554,-0.6383761557249041,2.0
1.6900000000000013,0.1038925389490578,-0.6355727929396593,2.0
1.6920000000000013,0.1026242185307391,-0.6327432757047127,2.0
1.6940000000000013,0.10136158320725755,-0.6298877170350109,2.0
1.6960000000000013,0.10010468494750127,-0.6270062311047151,2.0
1.6980000000000013,0.09885357549085537,-0.6240989332417298,2.0
1.7000000000000013,0.0976083063449,-0.6211659399221702,2.0
1.7020000000000013,0.09636892878311956,-0.618207368764769,2.0
1.7040000000000013,0.09513549384262304,-0.615223338525224,2.0
1.7060000000000013,0.09390805232187585,-0.6122139690904858,2.0
1.7080000000000013,0.09268665477844304,-0.6091793814729876,2.0
1.7100000000000013,0.09147135152674415,-0.6061196978048172,2.0
1.7120000000000013,0.09026219263581982,-0.6030350413318326,2.0
1.7140000000000013,0.0890592279271101,-0.5999255364077201,2.0
1.7160000000000013,0.08786250697224489,-0.5967913084879981,2.0
1.7180000000000013,0.08667207909084622,-0.5936324841239657,2.0
1.7200000000000013,0.08548799334834284,-0.5904491909565971,2.0
1.7220000000000013,0.084310298553797,-0.5872415577103824,2.0
1.7240000000000013,0.08313904325774363,-0.5840097141871168,2.0
1.7260000000000013,0.08197427575004197,-0.5807537912596363,2.0
1.7280000000000013,0.08081604405773983,-0.577473920865504,2.0
1.7300000000000013,0.07966439594295044,-0.574170236000644,2.0
1.7320000000000013,0.07851937890074216,-0.5708428707129274,2.0
1.7340000000000013,0.07738104015704106,-0.5674919600957079,2.0
1.7360000000000013,0.07624942666654644,-0.5641176402813101,2.0
1.7380000000000013,0.07512458511065943,-0.5607200484344693,2.0
1.7400000000000013,0.07400656189542482,-0.5572993227457252,2.0
1.7420000000000013,0.07289540314948599,-0.5538556024247691,2.0
1.7440000000000013,0.07179115472205341,-0.5503890276937454,2.0
1.7460000000000013,0.07069386218088643,-0.5468997397805095,2.0
1.7480000000000013,0.06960357081028859,-0.5433878809118403,2.0
1.7500000000000013,0.06852032560911668,-0.5398535943066102,2.0
1.7520000000000013,0.06744417128880335,-0.5362970241689127,2.0
1.7540000000000013,0.06637515227139361,-0.5327183156811476,2.0
1.7560000000000013,0.06531331268759515,-0.5291176149970656,2.0
1.7580000000000013,0.06425869637484263,-0.5254950692347717,2.0
1.7600000000000013,0.06321134687537604,-0.52185082646969,2.0
1.7620000000000013,0.062171307434333044,-0.5181850357274884,2.0
1.7640000000000013,0.061138620997855685,-0.5144978469769652,2.0
1.7660000000000013,0.06011333021121123,-0.5107894111228988,2.0
1.7680000000000013,0.05909547741692738,-0.5070598799988593,2.0
1.7700000000000014,0.05808510465294195,-0.5033094063599846,2.0
1.7720000000000014,0.057082253650766926,-0.49953814387572054,2.0
1.7740000000000014,0.0560869658336672,-0.49574624712252646,2.0
1.7760000000000014,0.055099282314853816,-0.49193387157654606,2.0
1.7780000000000014,0.05411924389569198,-0.48810117360624483,2.0
1.7800000000000014,0.05314689106392382,-0.4842483104650148,2.0
1.7820000000000014,0.052182263991905925,-0.48037544028374685,2.0
1.7840000000000014,0.051225402534861825,-0.47648272206337106,2.0
1.7860000000000014,0.05027634622914939,-0.4725703156673668,2.0
1.7880000000000014,0.04933513429054325,-0.46863838181424194,2.0
1.7900000000000014,0.04840180561253227,-0.4646870820699825,2.0
1.7920000000000014,0.04747639876463217,-0.46071657884047335,2.0
1.7940000000000014,0.046558951990713374,-0.45672703536389037,2.0
1.7960000000000014,0.04564950320734399,-0.4527186157030649,2.0
1.7980000000000014,0.04474809000214821,-0.44869148473782083,2.0
1.8000000000000014,0.04385474963217998,-0.4446458081572854,2.0
1.8020000000000014,0.04296951902231213,-0.4405817524521735,2.0
1.8040000000000014,0.042092434763640905,-0.43649948490704715,2.0
1.8060000000000014,0.041223533111906054,-0.4323991735925498,2.0
1.8080000000000014,0.04036284998592645,-0.4282809873576166,2.0
1.8100000000000014,0.03951042096605131,-0.4241450958216608,2.0
1.8120000000000014,0.038666281292627086,-0.41999166936673743,2.0
1.8140000000000014,0.03783046586448,-0.415820879129684,2.0
1.8160000000000014,0.03700300923741441,-0.4116328969942397,2.0
1.8180000000000014,0.036183945622726865,-0.40742789558314296,2.0
1.8200000000000014,0.03537330888573603,-0.403206048250208,2.0
1.8220000000000014,0.03457113254432851,-0.3989675290723815,2.0
1.8240000000000014,0.033777449767520486,-0.39471251284177883,2.0
1.8260000000000014,0.03299229337403541,-0.3904411750577017,2.0
1.8280000000000014,0.03221569583089762,-0.3861536919186364,2.0
1.8300000000000014,0.03144768925204195,-0.3818502403142341,2.0
1.8320000000000014,0.030688305396939484,-0.3775309978172734,2.0
1.8340000000000014,0.029937575669239328,-0.37319614267560536,2.0
1.8360000000000014,0.029195531115426537,-0.36884585380408214,2.0
1.8380000000000014,0.028462202423496202,-0.3644803107764687,2.0
1.8400000000000014,0.027737619921643718,-0.3600996938173393,2.0
1.8420000000000014,0.02702181357697129,-0.35570418379395813,2.0
1.8440000000000014,0.026314812994210682,-0.35129396220814524,2.0
1.8460000000000014,0.025616647414462256,-0.34686921118812775,2.0
1.8480000000000014,0.0249273457139503,-0.3424301134803772,2.0
1.8500000000000014,0.024246936402794746,-0.3379768524414333,2.0
1.8520000000000014,0.023575447623799185,-0.333509612029714,2.0
1.8540000000000014,0.022912907151255338,-0.3290285767973135,2.0
1.8560000000000014,0.0222593423897639,-0.32453393188178703,2.0
1.8580000000000014,0.021614780373071855,-0.3200258629979243,2.0
1.8600000000000014,0.020979247762926236,-0.3155045564295109,2.0
1.8620000000000014,0.02035277084794438,-0.31097019902107886,2.0
1.8640000000000014,0.0197353755425007,-0.30642297816964575,2.0
1.8660000000000014,0.019127087385629977,-0.30186308181644383,2.0
1.8680000000000014,0.018527931539947216,-0.297290698438639,2.0
1.8700000000000014,0.01793793279058406,-0.2927060170410394,2.0
1.8720000000000014,0.017357115544141814,-0.2881092271477953,2.0
1.8740000000000014,0.016785503827661065,-0.28350051879408955,2.0
1.8760000000000014,0.016223121287607927,-0.27888008251781904,2.0
1.8780000000000014,0.015669991188876953,-0.2742481093512679,2.0
1.8800000000000014,0.01512613641381068,-0.26960479081277267,2.0
1.8820000000000014,0.014591579461235871,-0.2649503188983792,2.0
1.8840000000000015,0.014066342445516447,-0.2602848860734925,2.0
1.8860000000000015,0.013550447095623128,-0.25560868526451874,2.0
1.8880000000000015,0.013043914754219784,-0.25092190985050095,2.0
1.8900000000000015,0.012546766376766542,-0.24622475365474716,2.0
1.8920000000000015,0.012059022530639627,-0.24151741093645293,2.0
1.8940000000000015,0.011580703394267974,-0.23680007638231704,2.0
1.8960000000000015,0.011111828756286603,-0.23207294509815157,2.0
1.8980000000000015,0.0106524180147068,-0.2273362126004862,2.0
1.9000000000000015,0.01020249017610307,-0.22259007480816695,2.0
1.9020000000000015,0.009762063854816915,-0.2178347280339499,2.0
1.9040000000000015,0.009331157272177424,-0.21307036897608972,2.0
1.9060000000000015,0.008909788255738692,-0.20829719470992342,2.0
1.9080000000000015,0.008497974238534073,-0.20351540267944965,2.0
1.9100000000000015,0.008095732258347284,-0.19872519068890346,2.0
1.9120000000000015,0.00770307895700036,-0.19392675689432703,2.0
1.9140000000000015,0.007320030579658471,-0.1891202997951363,2.0
1.9160000000000015,0.006946602974151613,-0.18430601822568385,2.0
1.9180000000000015,0.0065828115903131725,-0.17948411134681813,2.0
1.9200000000000015,0.00622867147933538,-0.1746547786374393,2.0
1.9220000000000015,0.005884197293141654,-0.16981821988605167,2.0
1.9240000000000015,0.005549403283775843,-0.1649746351823131,2.0
1.9260000000000015,0.005224303302808368,-0.16012422490858144,2.0
1.9280000000000015,0.004908910800759283,-0.15526718973145812,2.0
1.9300000000000015,0.004603238826538246,-0.15040373059332904,2.0
1.9320000000000015,0.004307300026901406,-0.14553404870390294,2.0
1.9340000000000015,0.004021106645925227,-0.1406583455317474,2.0
1.9360000000000015,0.003744670524497236,-0.13577682279582254,2.0
1.9380000000000015,0.0034780030998237004,-0.1308896824570126,2.0
1.9400000000000015,0.003221115404947684,-0.12599712671294147,2.0
1.9420000000000015,0.002974018068303985,-0.12109935797952577,2.0
1.9440000000000015,0.002736721313270845,-0.11619657889259122,2.0
1.9460000000000015,0.0025092349577454107,-0.11128899229599465,2.0
1.9480000000000015,0.0022915684137361477,-0.1063768012331465,2.0
1.9500000000000015,0.0020837306869722133,-0.10146020893853172,2.0
1.9520000000000015,0.0018857303765297876,-0.09653941882922944,2.0
1.9540000000000015,0.0016975756744753655,-0.09161463449643113,2.0
1.9560000000000015,0.0015192743655260165,-0.0866860596969577,2.0
1.9580000000000015,0.0013508338267266082,-0.08175389834477527,2.0
1.9600000000000015,0.0011922610271440023,-0.07681835450251003,2.0
1.9620000000000015,0.0010435625275782192,-0.071879632372962,2.0
1.9640000000000015,0.0009047444802905783,-0.06693793629061787,2.0
1.9660000000000015,0.0007758126287488122,-0.06199347071316305,2.0
1.9680000000000015,0.0006567723073891578,-0.05704644021299286,2.0
1.9700000000000015,0.0005476284413954259,-0.05209704946872304,2.0
1.9720000000000015,0.00044838554649505086,-0.04714550325669957,2.0
1.9740000000000015,0.00035904772877211994,-0.042192006442507944,2.0
1.9760000000000015,0.00027961868449738627,-0.03723676397248184,2.0
1.9780000000000015,0.00021010169997526376,-0.03227998086521133,2.0
1.9800000000000015,0.0001504996514078066,-0.02732186220305071,2.0
1.9820000000000015,0.00010081500477567338,-0.02236261312362587,2.0
1.9840000000000015,6.104981573607656e-05,-0.01740243881134141,2.0
1.9860000000000015,3.120572953771844e-05,-0.01244154448888745,2.0
1.9880000000000015,1.1283980952713326e-05,-0.007480135408746245,2.0
1.9900000000000015,1.2853942254968586e-06,-0.0025184168446986,2.0
1.9920000000000015,1.2103830387225792e-06,0.0024434059166698044,2.0
1.9940000000000015,1.1058950496145924e-05,0.007405127584462183,2.0
1.9960000000000016,3.083068912249582e-05,0.012366542871964432,2.0
1.9980000000000016,6.052478088033379e-05,0.017327446505138892,2.0
2.0000000000000013,0.00010013999720390057,0.02228763323111804,2.0
2.002000000000001,0.00014967469904995,0.02724689782669805,2.0
2.004000000000001,0.0002091268369655698,0.03220503510683222,2.0
2.0060000000000007,0.0002784939511729891,0.037161839933124115,2.0
2.0080000000000005,0.0003577731716713718,0.042117107222320524,2.0
2.0100000000000002,0.0004469612183555959,0.04707063195480401,2.0
2.012,0.0005460544011520171,0.05202220918308516,2.0
2.014,0.000655048620171217,0.056971634040294344,2.0
2.0159999999999996,0.0007739393658777336,0.06191870174867307,2.0
2.0179999999999993,0.0009027217192767747,0.06686320762806469,2.0
2.019999999999999,0.0010413903521179124,0.07180494710440463,2.0
2.021999999999999,0.0011899395271157557,0.07674371571820988,2.0
2.0239999999999987,0.0013483630981876034,0.08167930913306777,2.0
2.0259999999999985,0.0015166545107080731,0.08661152314412399,2.0
2.0279999999999982,0.0016948068017807044,0.09154015368656974,2.0
2.029999999999998,0.001882812600526537,0.09646499684412799,2.0
2.031999999999998,0.002080664128389659,0.10138584885753862,2.0
2.0339999999999976,0.002288353199459726,0.10630250613304268,2.0
2.0359999999999974,0.0025058712208114453,0.11121476525086534,2.0
2.037999999999997,0.002733209192861028,0.11612242297369764,2.0
2.039999999999997,0.0029703577097395994,0.12102527625517699,2.0
2.0419999999999967,0.0032173069596835727,0.12592312224836621,2.0
2.0439999999999965,0.0034740467254419766,0.130815758314231,2.0
2.0459999999999963,0.0037405663847007373,0.13570298203011594,2.0
2.047999999999996,0.004016854910523911,0.1405845911982187,2.0
2.049999999999996,0.004302900871811862,0.14546038385406249,2.0
2.0519999999999956,0.004598692433776389,0.15033015827496654,2.0
2.0539999999999954,0.004904217358425977,0.15519371298511428,2.0
2.055999999999995,0.005219463005088171,0.160050846774105,2.0
2.057999999999995,0.005544416330928929,0.16490135869544853,2.0
2.0599999999999947,0.005879063891495476,0.16974504807831123,2.0
2.0619999999999945,0.006223391841276074,0.1745817145359752,2.0
2.0639999999999943,0.006577385934276714,0.17941115797429472,2.0
2.065999999999994,0.006941031524614712,0.1842331786001498,2.0
2.067999999999994,0.007314313567129213,0.1890475769298969,2.0
2.0699999999999936,0.007697216618008589,0.1938541537978165,2.0
2.0719999999999934,0.008089724835434738,0.19865271036455734,2.0
2.073999999999993,0.008491821980244254,0.20344304812557717,2.0
2.075999999999993,0.008903491416606488,0.20822496891958006,2.0
2.0779999999999927,0.009324716112718475,0.21299827493694964,2.0
2.0799999999999925,0.009755478641516721,0.21776276872817862,2.0
2.0819999999999923,0.010195761181405848,0.222518253212294,2.0
2.083999999999992,0.010645545517004085,0.2272645316852778,2.0
2.085999999999992,0.011104813039905589,0.23200140782848355,2.0
2.0879999999999916,0.011573544749459612,0.23672868571704758,2.0
2.0899999999999914,0.012051721253566466,0.2414461698282956,2.0
2.091999999999991,0.012539322769490302,0.24615366505014388,2.0
2.093999999999991,0.013036329124688693,0.2508509766894952,2.0
2.0959999999999908,0.013542719757658996,0.25553791048062874,2.0
2.0979999999999905,0.014058473718801492,0.26021427259358443,2.0
2.0999999999999903,0.014583569671299283,0.26487986964254073,2.0
2.10199999999999,0.015117985892014942,0.2695345086941863,2.0
2.10399999999999,0.015661700272403902,0.2741779972760847,2.0
2.1059999999999897,0.016214690319444565,0.27881014338503224,2.0
2.1079999999999894,0.016776933156585117,0.2834307554954084,2.0
2.109999999999989,0.01734840552470704,0.288039642567519,2.0
2.111999999999989,0.017929083783105294,0.2926366140559312,2.0
2.1139999999999888,0.018518943910485183,0.2972214799178004,2.0
2.1159999999999886,0.01911796150597584,0.3017940506211888,2.0
2.1179999999999883,0.019726111790160355,0.3063541371533751,2.0
2.119999999999988,0.020343369606122506,0.31090155102915507,2.0
2.121999999999988,0.0209697094205101,0.31543610429913266,2.0
2.1239999999999877,0.021605105324614845,0.3199576095580014,2.0
2.1259999999999875,0.022249531035468836,0.32446587995281556,2.0
2.1279999999999872,0.022902959896957512,0.3289607291912509,2.0
2.129999999999987,0.023565364880949166,0.33344197154985444,2.0
2.131999999999987,0.024236718588440922,0.33790942188228323,2.0
2.1339999999999866,0.02491699325072118,0.34236289562753114,2.0
2.1359999999999864,0.025606160730548517,0.34680220881814405,2.0
2.137999999999986,0.026304192523346988,0.35122717808842235,2.0
2.139999999999986,0.02701105975841783,0.3556376206826108,2.0
2.1419999999999857,0.02772673320016753,0.360033354463075,2.0
2.1439999999999855,0.028451183249352224,0.3644141979184644,2.0
2.1459999999999853,0.029184379944338434,0.3687799701718613,2.0
2.147999999999985,0.02992629296238005,0.373130490988915,2.0
2.149999999999985,0.0306768916209116,0.3774655807859613,2.0
2.1519999999999846,0.03143614487885772,0.3817850606381268,2.0
2.1539999999999844,0.03220402133795884,0.3860887522874166,2.0
2.155999999999984,0.032980489244113,0.3903764781507868,2.0
2.157999999999984,0.03376551648873382,0.3946480613281989,2.0
2.1599999999999837,0.03455907061012454,0.3989033256106581,2.0
2.1619999999999835,0.03536111879486815,0.40314209548823315,2.0
2.1639999999999833,0.036171627879233496,0.4073641961580581,2.0
2.165999999999983,0.03699056435059744,0.4115694535323153,2.0
2.167999999999983,0.03781789434888286,0.41575769424619924,2.0
2.1699999999999826,0.038653583668012685,0.41992874566586036,2.0
2.1719999999999824,0.03949759775737969,0.42408243589632866,2.0
2.173999999999982,0.04034990172333218,0.4282185937894164,2.0
2.175999999999982,0.041210460330675436,0.4323370489515996,2.0
2.1779999999999817,0.04207923800418891,0.4364376317518771,2.0
2.1799999999999815,0.04295619883015911,0.44052017332960786,2.0
2.1819999999999813,0.043841306557928124,0.4445845056023243,2.0
2.183999999999981,0.04473452460145778,0.44863046127352296,2.0
2.185999999999981,0.04563581604090933,0.45265787384043005,2.0
2.1879999999999806,0.046545143624238665,0.45666657760174273,2.0
2.1899999999999804,0.047462469768806984,0.46065640766534505,2.0
2.19199999999998,0.04838775656300684,0.46462719995599755,2.0
2.19399999999998,0.04932096576790357,0.46857879122300056,2.0
2.1959999999999797,0.05026205881889202,0.4725110190478302,2.0
2.1979999999999795,0.051210996827368516,0.4764237218517467,2.0
2.1999999999999793,0.05216774058241799,0.480316738903374,2.0
2.201999999999979,0.053132250552516296,0.4841899103262507,2.0
2.203999999999979,0.05410448688724754,0.48804307710635103,2.0
2.2059999999999786,0.05508440941903646,0.4918760810995757,2.0
2.2079999999999784,0.05607197766489574,0.49568876503921155,2.0
2.209999999999978,0.057067150828188216,0.4994809725433599,2.0
2.211999999999978,0.05806988780040391,0.5032525481223322,2.0
2.2139999999999778,0.05908014716295182,0.5070033371860136,2.0
2.2159999999999775,0.06009788718896639,0.510733186051192,2.0
2.2179999999999773,0.061123065845128624,0.514441941948853,2.0
2.219999999999977,0.062155640793501755,0.5181294530314405,2.0
2.221999999999977,0.06319556939338139,0.5217955683800818,2.0
2.2239999999999767,0.06424280870316006,0.5254401380117751,2.0
2.2259999999999764,0.0652973154822061,0.5290630128865417,2.0
2.227999999999976,0.0663590461927569,0.5326640449145392,2.0
2.229999999999976,0.06742795700182616,0.5362430869631377,2.0
2.231999999999976,0.0685040037831254,0.5397999928639556,2.0
2.2339999999999756,0.06958714211899948,0.5433346174198568,2.0
2.2359999999999753,0.07067732730237603,0.5468468164119064,2.0
2.237999999999975,0.07177451433872874,0.5503364466062863,2.0
2.239999999999975,0.07287865794805455,0.5538033657611688,2.0
2.2419999999999747,0.07398971256686444,0.5572474326335466,2.0
2.2439999999999745,0.07510763235018783,0.5606685069860207,2.0
2.2459999999999742,0.07623237117359058,0.5640664495935439,2.0
2.247999999999974,0.07736388263520638,0.5674411222501198,2.0
2.249999999999974,0.07850212005778157,0.5707923877754559,2.0
2.2519999999999736,0.07964703649073306,0.5741201100215714,2.0
2.2539999999999734,0.08079858471221962,0.5774241538793569,2.0
2.255999999999973,0.0819567172312261,0.5807043852850879,2.0
2.257999999999973,0.08312138628966069,0.5839606712268893,2.0
2.2599999999999727,0.08429254386446498,0.5871928797511509,2.0
2.2619999999999725,0.08547014166973696,0.590400879968893,2.0
2.2639999999999723,0.08665413115886654,0.5935845420620823,2.0
2.265999999999972,0.08784446352668375,0.5967437372898959,2.0
2.267999999999972,0.08904108971161934,0.5998783379949334,2.0
2.2699999999999716,0.09024396039787783,0.6029882176093768,2.0
2.2719999999999714,0.0914530260176228,0.606073250661097,2.0
2.273999999999971,0.09266823675317427,0.6091333127797054,2.0
2.275999999999971,0.09388954253921827,0.6121682807025524,2.0
2.2779999999999707,0.09511689306502819,0.6151780322806683,2.0
2.2799999999999705,0.09635023777669807,0.6181624464846499,2.0
2.2819999999999703,0.09758952587938761,0.6211214034104888,2.0
2.28399999999997,0.09883470633957868,0.6240547842853429,2.0
2.28599999999997,0.10008572788734338,0.6269624714732488,2.0
2.2879999999999696,0.10134253901862349,0.6298443484807759,2.0
2.2899999999999694,0.10260508799752113,0.63270029996262,2.0
2.291999999999969,0.10387332285860058,0.6355302117271373,2.0
2.293999999999969,0.10514719140920102,0.6383339707418161,2.0
2.2959999999999687,0.10642664123176027,0.6411114651386877,2.0
2.2979999999999685,0.1077116196861492,0.6438625842196739,2.0
2.2999999999999683,0.10900207391201686,0.6465872184618721,2.0
2.301999999999968,0.11029795083114598,0.6492852595227755,2.0
2.303999999999968,0.11159919714981902,0.6519566002454293,2.0
2.3059999999999676,0.11290575936119429,0.654601134663522,2.0
2.3079999999999674,0.11421758374769235,0.6572187580064093,2.0
2.309999999999967,0.11553461638339224,0.6598093667040732,2.0
2.311999999999967,0.1168568031364377,0.6623728583920124,2.0
2.3139999999999668,0.118184089671453,0.6649091319160658,2.0
2.3159999999999665,0.11951642145196839,0.6674180873371663,2.0
2.3179999999999663,0.120853743742855,0.6698996259360266,2.0
2.319999999999966,0.122196001612769,0.6723536502177542,2.0
2.321999999999966,0.12354313993660498,0.6747800639163964,2.0
2.3239999999999656,0.1248951033979583,0.6771787719994145,2.0
2.3259999999999654,0.12625183649159633,0.679549680672085,2.0
2.327999999999965,0.1276132835259384,0.6818926973818301,2.0
2.329999999999965,0.1289793886255444,0.6842077308224742,2.0
2.3319999999999648,0.13035009573361175,0.6864946909384273,2.0
2.3339999999999645,0.13172534861448076,0.6887534889287942,2.0
2.3359999999999643,0.13310509085614794,0.6909840372514088,2.0
2.337999999999964,0.13448926587278756,0.6931862496267939,2.0
2.339999999999964,0.13587781690728082,0.6953600410420442,2.0
2.3419999999999637,0.1372706870337529,0.6975053277546338,2.0
2.3439999999999634,0.13866781916011736,0.6996220272961463,2.0
2.3459999999999632,0.1400691560306282,0.7017100584759275,2.0
2.347999999999963,0.14147464022843875,0.7037693413846605,2.0
2.349999999999963,0.14288421417816802,0.7057997973978621,2.0
2.3519999999999626,0.1442978201484737,0.7078013491793003,2.0
2.3539999999999623,0.14571540025463212,0.709773920684332,2.0
2.355999999999962,0.14713689646112457,0.7117174371631616,2.0
2.357999999999962,0.14856225058423028,0.7136318251640185,2.0
2.3599999999999617,0.14999140429462557,0.7155170125362533,2.0
2.3619999999999615,0.15142429911998906,0.7173729284333545,2.0
2.3639999999999612,0.15286087644761298,0.7191995033158811,2.0
2.365999999999961,0.15430107752702008,0.7209966689543149,2.0
2.367999999999961,0.15574484347258635,0.722764358431829,2.0
2.3699999999999606,0.15719211526616908,0.7245025061469739,2.0
2.3719999999999604,0.15864283375974017,0.7262110478162801,2.0
2.37399999999996,0.16009693967802466,0.727889920476777,2.0
2.37599999999996,0.16155437362114425,0.7295390624884273,2.0
2.3779999999999597,0.1630150760672654,0.731158413536477,2.0
2.3799999999999595,0.16447898737525224,0.732747914633721,2.0
2.3819999999999593,0.1659460477873239,0.734307508122683,2.0
2.383999999999959,0.16741619743171607,0.73583713767771,2.0
2.385999999999959,0.16888937632534654,0.7373367483069811,2.0
2.3879999999999586,0.17036552437648494,0.7388062863544305,2.0
2.3899999999999584,0.17184458138742612,0.7402456995015831,2.0
2.391999999999958,0.17332648705716697,0.7416549367693049,2.0
2.393999999999958,0.17481118098408685,0.7430339485194652,2.0
2.3959999999999577,0.1762986026686312,0.7443826864565125,2.0
2.3979999999999575,0.17778869151599822,0.7457011036289625,2.0
2.3999999999999573,0.1792813868388283,0.7469891544307988,2.0
2.401999999999957,0.18077662785989643,0.7482467946027861,2.0
2.403999999999957,0.18227435371480688,0.7494739812336946,2.0
2.4059999999999566,0.1837745034546905,0.750670672761437,2.0
2.4079999999999564,0.18527701604890395,0.7518368289741171,2.0
2.409999999999956,0.18678183038773108,0.7529724110109899,2.0
2.411999999999956,0.18828888528508614,0.7540773813633328,2.0
2.4139999999999557,0.18979811948121864,0.7551517038752288,2.0
2.4159999999999555,0.19130947164541962,0.7561953437442602,2.0
2.4179999999999553,0.19282288037872933,0.7572082675221143,2.0
2.419999999999955,0.1943382842166459,0.7581904431150994,2.0
2.421999999999955,0.19585562163183506,0.7591418397845721,2.0
2.4239999999999546,0.19737483103684064,0.7600624281472756,2.0
2.4259999999999544,0.19889585078679553,0.7609521801755895,2.0
2.427999999999954,0.20041861918213313,0.7618110691976895,2.0
2.429999999999954,0.20194307447129908,0.7626390698976186,2.0
2.4319999999999538,0.20346915485346298,0.7634361583152701,2.0
2.4339999999999535,0.20499679848122995,0.7642023118462797,2.0
2.4359999999999533,0.206525943463352,0.7649375092418308,2.0
2.437999999999953,0.20805652786743883,0.7656417306083692,2.0
2.439999999999953,0.20958848972266794,0.7663149574072303,2.0
2.4419999999999527,0.21112176702249405,0.7669571724541769,2.0
2.4439999999999524,0.21265629772735736,0.7675683599188488,2.0
2.445999999999952,0.21419201976739075,0.7681485053241232,2.0
2.447999999999952,0.21572887104512545,0.7686975955453883,2.0
2.4499999999999518,0.2172667894381953,0.7692156188097273,2.0
2.4519999999999516,0.2188057128020393,0.7697025646950152,2.0
2.4539999999999513,0.22034557897260215,0.7701584241289274,2.0
2.455999999999951,0.22188632576903278,0.7705831893878614,2.0
2.457999999999951,0.2234278909963807,0.7709768540957702,2.0
2.4599999999999507,0.22497021244828982,0.7713394132229096,2.0
2.4619999999999505,0.2265132279096898,0.7716708630844977,2.0
2.4639999999999502,0.2280568751594845,0.7719712013392888,2.0
2.46599999999995,0.22960109197323755,0.7722404269880596,2.0
2.46799999999995,0.23114581612585486,0.7724785403720112,2.0
2.4699999999999496,0.23269098539426375,0.7726855431710836,2.0
2.4719999999999493,0.2342365375600887,0.7728614384021858,2.0
2.473999999999949,0.2357824104123234,0.7730062304173408,2.0
2.475999999999949,0.23732854174999915,0.7731199249017456,2.0
2.4779999999999487,0.23887486938484911,0.7732025288717471,2.0
2.4799999999999485,0.24042133114396855,0.7732540506727339,2.0
2.4819999999999482,0.2419678648724707,0.7732744999769445,2.0
2.483999999999948,0.2435144084361383,0.7732638877811929,2.0
2.485999999999948,0.24506089972407025,0.7732222264045105,2.0
2.4879999999999476,0.24660727665132373,0.7731495294857069,2.0
2.4899999999999474,0.24815347716155128,0.7730458119808479,2.0
2.491999999999947,0.24969943922963259,0.7729110901606525,2.0
2.493999999999947,0.25124510086430124,0.7727453816078095,2.0
2.4959999999999467,0.25279040011076587,0.7725487052142128,2.0
2.4979999999999465,0.25433527505332576,0.7723210811781179,2.0
2.4999999999999463,0.2558796638179806,0.7720625310012182,2.0
2.501999999999946,0.25742350457503443,0.7717730774856429,2.0
2.503999999999946,0.2589667355416934,0.7714527447308767,2.0
2.5059999999999456,0.2605092949846574,0.7711015581306013,2.0
2.5079999999999454,0.2620511212227052,0.7707195443694611,2.0
2.509999999999945,0.263592152629273,0.7703067314197505,2.0
2.511999999999945,0.2651323276350265,0.7698631485380267,2.0
2.5139999999999447,0.26667158473042574,0.7693888262616472,2.0
2.5159999999999445,0.2682098624682836,0.7688837964052314,2.0
2.5179999999999443,0.2697470994663162,0.7683480920570496,2.0
2.519999999999944,0.27128323440968694,0.7677817475753376,2.0
2.521999999999944,0.2728182060535425,0.7671847985845393,2.0
2.5239999999999436,0.27435195322554146,0.7665572819714763,2.0
2.5259999999999434,0.2758844148283751,0.7658992358814477,2.0
2.527999999999943,0.27741552984228063,0.7652106997142574,2.0
2.529999999999943,0.2789452373275459,0.7644917141201726,2.0
2.5319999999999427,0.2804734764270063,0.763742320995813,2.0
2.5339999999999425,0.2820001863685335,0.7629625634799708,2.0
2.5359999999999423,0.2835253064675153,0.762152485949364,2.0
2.537999999999942,0.2850487761293271,0.7613121340143215,2.0
2.539999999999942,0.28657053485179523,0.7604415545144028,2.0
2.5419999999999416,0.28809052222765047,0.7595407955139515,2.0
2.5439999999999414,0.2896086779469734,0.7586099062975851,2.0
2.545999999999941,0.2911249417996303,0.7576489373656199,2.0
2.547999999999941,0.29263925367769983,0.756657940429433,2.0
2.5499999999999408,0.29415155357789063,0.7556369684067625,2.0
2.5519999999999405,0.29566178160394924,0.7545860754169453,2.0
2.5539999999999403,0.2971698779690584,0.7535053167760952,2.0
2.55599999999994,0.29867578299822584,0.7523947489922203,2.0
2.55799999999994,0.30017943713066303,0.7512544297602818,2.0
2.5599999999999397,0.3016807809221542,0.7500844179571948,2.0
2.5619999999999394,0.3031797550474152,0.7488847736367715,2.0
2.563999999999939,0.3046763003024419,0.7476555580246078,2.0
2.565999999999939,0.30617035760684924,0.7463968335129147,2.0
2.5679999999999388,0.30766186800619855,0.7451086636552952,2.0
2.5699999999999386,0.30915077267431545,0.7437911131614663,2.0
2.5719999999999383,0.31063701291559664,0.7424442478919295,2.0
2.573999999999938,0.31212053016730623,0.7410681348525884,2.0
2.575999999999938,0.3136012660018609,0.7396628421893151,2.0
2.5779999999999377,0.31507916212910453,0.7382284391824671,2.0
2.5799999999999375,0.3165541603985716,0.7367649962413538,2.0
2.5819999999999372,0.3180262028017395,0.7352725848986561,2.0
2.583999999999937,0.3194952314742696,0.7337512778047969,2.0
2.585999999999937,0.3209611886982373,0.7322011487222662,2.0
2.5879999999999366,0.32242401690435013,0.7306222725199003,2.0
2.5899999999999364,0.3238836586741549,0.7290147251671162,2.0
2.591999999999936,0.325340056742233,0.7273785837281019,2.0
2.593999999999936,0.32679315399838404,0.7257139263559652,2.0
2.5959999999999357,0.3282428934897979,0.724020832286839,2.0
2.5979999999999355,0.32968921842321486,0.7222993818339469,2.0
2.5999999999999353,0.3311320721670737,0.7205496563816284,2.0
2.601999999999935,0.33257139825364795,0.7187717383793248,2.0
2.603999999999935,0.33400714038117013,0.7169657113355283,2.0
2.6059999999999346,0.33543924241594375,0.7151316598116922,2.0
2.6079999999999344,0.33686764839444305,0.7132696694161066,2.0
2.609999999999934,0.3382923025254006,0.7113798267977378,2.0
2.611999999999934,0.3397131491918824,0.7094622196400344,2.0
2.6139999999999337,0.34113013295335054,0.7075169366546997,2.0
2.6159999999999335,0.3425431985477137,0.7055440675754319,2.0
2.6179999999999333,0.34395229089336465,0.7035437031516328,2.0
2.619999999999933,0.34535735509120546,0.7015159351420868,2.0
2.621999999999933,0.34675833642665976,0.6994608563086097,2.0
2.6239999999999326,0.3481551803716726,0.69737856040967,2.0
2.6259999999999324,0.34954783258669725,0.6952691421939818,2.0
2.627999999999932,0.3509362389226693,0.6931326973940724,2.0
2.629999999999932,0.35232034542296786,0.6909693227198227,2.0
2.6319999999999317,0.3537000983253637,0.6887791158519851,2.0
2.6339999999999315,0.35507544406395464,0.6865621754356763,2.0
2.6359999999999313,0.35644632927108755,0.6843186010738477,2.0
2.637999999999931,0.35781270077926763,0.6820484933207346,2.0
2.639999999999931,0.35917450562305436,0.6797519536752846,2.0
2.6419999999999306,0.3605316910409443,0.6774290845745659,2.0
2.6439999999999304,0.36188420447724085,0.6750799893871566,2.0
2.64599999999993,0.36323199358391045,0.6727047724065172,2.0
2.64799999999993,0.3645750062224259,0.6703035388443442,2.0
2.6499999999999297,0.36591319046559595,0.6678763948239103,2.0
2.6519999999999295,0.3672464945993821,0.6654234473733867,2.0
2.6539999999999293,0.3685748671247013,0.6629448044191536,2.0
2.655999999999929,0.369898256759216,0.6604405747790961,2.0
2.657999999999929,0.3712166124391104,0.6579108681558884,2.0
2.6599999999999286,0.37252988332085313,0.655355795130266,2.0
2.6619999999999284,0.37383801878294676,0.6527754671542884,2.0
2.663999999999928,0.37514096842766365,0.6501699965445912,2.0
2.665999999999928,0.3764386820827684,0.6475394964756302,2.0
2.6679999999999278,0.3777311098032268,0.6448840809729176,2.0
2.6699999999999275,0.379018201872901,0.6422038649062507,2.0
2.6719999999999273,0.3802999088062312,0.6394989639829355,2.0
2.673999999999927,0.3815761813499044,0.6367694947410047,2.0
2.675999999999927,0.38284697048450855,0.6340155745424314,2.0
2.6779999999999267,0.3841122274261739,0.6312373215663392,2.0
2.6799999999999264,0.38537190362820034,0.6284348548022102,2.0
2.681999999999926,0.38662595078267153,0.6256082940430912,2.0
2.683999999999926,0.38787432082205503,0.6227577598787986,2.0
2.685999999999926,0.3891169659207892,0.6198833736891237,2.0
2.6879999999999256,0.39035383849685634,0.6169852576370388,2.0
2.6899999999999253,0.3915848912133421,0.6140635346619043,2.0
2.691999999999925,0.39281007697998166,0.6111183284726791,2.0
2.693999999999925,0.39402934895469205,0.6081497635411334,2.0
2.6959999999999247,0.39524266054509094,0.6051579650950659,2.0
2.6979999999999245,0.39644996541000205,0.6021430591115262,2.0
2.6999999999999242,0.3976512174609468,0.5991051723100417,2.0
2.701999999999924,0.39884637086362246,0.5960444321458516,2.0
2.703999999999924,0.4000353800393669,0.5929609668031477,2.0
2.7059999999999236,0.4012181996666097,0.5898549051883234,2.0
2.7079999999999234,0.40239478468230977,0.5867263769232307,2.0
2.709999999999923,0.4035650902833796,0.5835755123384466,2.0
2.711999999999923,0.40472907192809593,0.5804024424665499,2.0
2.7139999999999227,0.40588668533749706,0.5772072990354085,2.0
2.7159999999999225,0.4070378864967668,0.5739902144614776,2.0
2.7179999999999223,0.4081826316566048,0.5707513218431107,2.0
2.719999999999922,0.4093208773345838,0.5674907549538835,2.0
2.721999999999922,0.4104525803164933,0.5642086482359299,2.0
2.7239999999999216,0.41157769765767016,0.5609051367932937,2.0
2.7259999999999214,0.4126961866843157,0.5575803563852942,2.0
2.727999999999921,0.4138080049947995,0.5542344434199071,2.0
2.729999999999921,0.41491311046095053,0.5508675349471617,2.0
2.7319999999999207,0.4160114612293341,0.5474797686525543,2.0
2.7339999999999205,0.41710301572251657,0.5440712828504796,2.0
2.7359999999999203,0.41818773264031667,0.5406422164776784,2.0
2.73799999999992,0.41926557096104333,0.5371927090867056,2.0
2.73999999999992,0.4203364899427211,0.5337229008394151,2.0
2.7419999999999196,0.421400449124302,0.5302329325004658,2.0
2.7439999999999194,0.42245740832686496,0.5267229454308466,2.0
2.745999999999919,0.42350732765480165,0.5231930815814224,2.0
2.747999999999919,0.4245501674969901,0.519643483486501,2.0
2.7499999999999187,0.42558588852795504,0.5160742942574215,2.0
2.7519999999999185,0.4266144517090155,0.5124856575761646,2.0
2.7539999999999183,0.42763581828941993,0.5088777176889863,2.0
2.755999999999918,0.4286499498074682,0.5052506194000732,2.0
2.757999999999918,0.42965680809162116,0.5016045080652224,2.0
2.7599999999999176,0.43065635526159773,0.4979395295855447,2.0
2.7619999999999174,0.4316485537294591,0.4942558304011923,2.0
2.763999999999917,0.43263336620068055,0.4905535574851112,2.0
2.765999999999917,0.4336107556752109,0.4868328583368188,2.0
2.7679999999999167,0.43458068544851947,0.48309388097620687,2.0
2.7699999999999165,0.43554311911263044,0.47933677393737073,2.0
2.7719999999999163,0.4364980205571454,0.47556168626246437,2.0
2.773999999999916,0.4374453539702532,0.4717687674955823,2.0
2.775999999999916,0.4383850838397276,0.4679581676766684,2.0
2.7779999999999156,0.43931717495391315,0.46413003733545244,2.0
2.7799999999999154,0.44024159240269867,0.4602845274854133,2.0
2.781999999999915,0.4411583015784786,0.456421789617771,2.0
2.783999999999915,0.4420672681771025,0.4525419756955066,2.0
2.7859999999999148,0.44296845819881286,0.4486452381474102,2.0
2.7879999999999145,0.4438618379491705,0.4447317298621585,2.0
2.7899999999999143,0.4447473740399686,0.4408016041824206,2.0
2.791999999999914,0.4456250333901349,0.43685501489899337,2.0
2.793999999999914,0.44649478322662167,0.43289211624496626,2.0
2.7959999999999137,0.4473565910852852,0.4289130628899156,2.0
2.7979999999999134,0.44821042481175233,0.424918009934129,2.0
2.7999999999999132,0.4490562525622765,0.42090711290285954,2.0
2.801999999999913,0.4498940428045819,0.41688052774061046,2.0
2.803999999999913,0.4507237643186961,0.4128384108054499,2.0
2.8059999999999126,0.4515453861977718,0.4087809188633564,2.0
2.8079999999999123,0.45235887784889683,0.40470820908259486,2.0
2.809999999999912,0.45316420899389315,0.40062043902812355,2.0
2.811999999999912,0.45396134967010465,0.3965177666560317,2.0
2.8139999999999117,0.45475027023117404,0.39240035030800824,2.0
2.8159999999999115,0.4555309413478083,0.3882683487058413,2.0
2.8179999999999112,0.4563033340085336,0.38412192094594955,2.0
2.819999999999911,0.45706741952043906,0.3799612264939437,2.0
2.821999999999911,0.4578231695099096,0.3757864251792202,2.0
2.8239999999999106,0.45857055592334833,0.3715976771895853,2.0
2.8259999999999104,0.4593095510278879,0.3673951430659113,2.0
2.82799999999991,0.4600401274120913,0.3631789836968232,2.0
2.82999999999991,0.4607622579866423,0.35894936031341723,2.0
2.8319999999999097,0.46147591598502463,0.3547064344840103,2.0
2.8339999999999095,0.4621810749641918,0.35045036810892094,2.0
2.8359999999999093,0.4628777088052255,0.3461813234152811,2.0
2.837999999999909,0.46356579171398427,0.34189946295187923,2.0
2.839999999999909,0.46424529822174154,0.33760494958403464,2.0
2.8419999999999086,0.4649162031858137,0.3332979464885023,2.0
2.8439999999999084,0.46557848179017797,0.328978617148409,2.0
2.845999999999908,0.46623210954607974,0.32464712534822,2.0
2.847999999999908,0.4668770622926307,0.32030363516873656,2.0
2.8499999999999077,0.46751331619739633,0.31594831098212395,2.0
2.8519999999999075,0.46814084775697357,0.31158131744696954,2.0
2.8539999999999073,0.4687596337975589,0.3072028195033717,2.0
2.855999999999907,0.4693696514755066,0.30281298236805826,2.0
2.857999999999907,0.46997087827787665,0.29841197152953536,2.0
2.8599999999999066,0.47056329202297414,0.2939999527432655,2.0
2.8619999999999064,0.47114687086087786,0.28957709202687565,2.0
2.863999999999906,0.4717215932739601,0.2851435556553943,2.0
2.865999999999906,0.4722874380773967,0.28069951015651784,2.0
2.8679999999999057,0.47284438441966753,0.27624512230590587,2.0
2.8699999999999055,0.4733924117830479,0.2717805591225049,2.0
2.8719999999999053,0.4739314999840905,0.26730598786390064,2.0
2.873999999999905,0.47446162917409784,0.26282157602169853,2.0
2.875999999999905,0.4749827798395859,0.2583274913169319,2.0
2.8779999999999046,0.4754949328027384,0.2538239016954979,2.0
2.8799999999999044,0.4759980692218519,0.24931097532362073,2.0
2.881999999999904,0.4764921705917719,0.24478888058334183,2.0
2.883999999999904,0.47697721874432014,0.24025778606803683,2.0
2.8859999999999038,0.4774531958487127,0.2357178605779588,2.0
2.8879999999999035,0.4779200844119694,0.23116927311580768,2.0
2.8899999999999033,0.4783778672793142,0.22661219288232531,2.0
2.891999999999903,0.47882652763456685,0.222046789271916,2.0
2.893999999999903,0.47926604900052605,0.21747323186829198,2.0
2.8959999999999027,0.47969641523934364,0.21289169044014353,2.0
2.8979999999999024,0.48011761055289015,0.2083023349368335,2.0
2.899999999999902,0.48052961948311196,0.20370533548411573,2.0
2.901999999999902,0.4809324269123798,0.19910086237987684,2.0
2.9039999999999018,0.4813260180638288,0.19448908608990137,2.0
2.9059999999999016,0.48171037850169,0.18987017724365945,2.0
2.9079999999999013,0.48208549413161367,0.18524430663011693,2.0
2.909999999999901,0.48245135120098387,0.1806116451935673,2.0
2.911999999999901,0.48280793629922525,0.17597236402948507,2.0
2.9139999999999007,0.4831552363581011,0.1713266343804004,2.0
2.9159999999999004,0.48349323865201005,0.16667462763511845,2.0
2.9179999999999002,0.4838219307982545,0.16201651531457323,2.0
2.9199999999999,0.4841413007573208,0.15735246907791162,2.0
2.9219999999999,0.4844513368331453,0.15268266071503514,2.0
2.9239999999998996,0.4847520276733713,0.14800726214257287,2.0
2.9259999999998993,0.48504336226959893,0.14332644539987244,2.0
2.927999999999899,0.4853253299576263,0.138640382645009,2.0
2.929999999999899,0.4855979204176831,0.13394924615081136,2.0
2.9319999999998987,0.4858611236746562,0.12925320830090498,2.0
2.9339999999998985,0.4861149300983072,0.12455244158577128,2.0
2.9359999999998982,0.48635933040348217,0.11984711859882276,2.0
2.937999999999898,0.48659431565031375,0.11513741203249335,2.0
2.939999999999898,0.4868198772444152,0.11042349467434359,2.0
2.9419999999998976,0.48703600693706683,0.10570553940318009,2.0
2.9439999999998974,0.48724269682539456,0.10098371918518863,2.0
2.945999999999897,0.4874399393525408,0.0962582070700805,2.0
2.947999999999897,0.4876277273078278,0.09152917618725155,2.0
2.9499999999998967,0.48780605382691294,0.0867967997419533,2.0
2.9519999999998965,0.487974912391937,0.08206125101147564,2.0
2.9539999999998963,0.4881342968316641,0.07732270334134059,2.0
2.955999999999896,0.4882842013216144,0.0725813301415065,2.0
2.957999999999896,0.48842462038418927,0.06783730488258226,2.0
2.9599999999998956,0.48855554888878894,0.06309080109205076,2.0
2.9619999999998954,0.4886769820519222,0.058341992350501255,2.0
2.963999999999895,0.4887889154373091,0.05359105228786996,2.0
2.965999999999895,0.4888913449559757,0.048838154579688264,2.0
2.9679999999998947,0.48898426686634155,0.04408347294333815,2.0
2.9699999999998945,0.4890676777742998,0.03932718113431407,2.0
2.9719999999998943,0.4891415746332896,0.03456945294249083,2.0
2.973999999999894,0.489205954744361,0.029810462188396863,2.0
2.975999999999894,0.4892608157562328,0.025050382719492288,2.0
2.9779999999998936,0.4893061556653425,0.02028938840645123,2.0
2.9799999999998934,0.48934197281588904,0.015527653139447779,2.0
2.981999999999893,0.4893682658998681,0.010765350824445033,2.0
2.983999999999893,0.4893850339571001,0.006002655379486611,2.0
2.9859999999998927,0.4893922763752504,0.0012397407309900858,2.0
2.9879999999998925,0.48938999288984253,-0.0035232191899582637,2.0
2.9899999999998923,0.4893781835842638,-0.008286050451307966,2.0
2.991999999999892,0.48935684888976355,-0.013048579123748714,2.0
2.993999999999892,0.48932598958544377,-0.017810631284415165,2.0
2.9959999999998916,0.48928560679824273,-0.022572033020592748,2.0
2.9979999999998914,0.48923570200291094,-0.027332610433425067,2.0
2.999999999999891,0.4891762770219796,-0.03209218964162351,2.0
3.001999999999891,0.48910733402572176,-0.03685059678517961,2.0
3.0039999999998908,0.4890288755321063,-0.04160765802908075,2.0
3.0059999999998905,0.4889409044067438,-0.046363199567029834,2.0
3.0079999999998903,0.48884342386282587,-0.05111704762516942,2.0
3.00999999999989,0.48873643746105605,-0.055869028465810995,2.0
3.01199999999989,0.4886199491095741,-0.06061896839116986,2.0
3.0139999999998897,0.48849396306387244,-0.06536669374710631,2.0
3.0159999999998894,0.4883584839267047,-0.07011203092687358,2.0
3.017999999999889,0.4882135166479878,-0.07485480637487321,2.0
3.019999999999889,0.48805906652469533,-0.07959484659041836,2.0
3.0219999999998888,0.48789513920074434,-0.0843319781315056,2.0
3.0239999999998886,0.48772174066687396,-0.08906602761859582,2.0
3.0259999999998883,0.48753887726051687,-0.09379682173840478,2.0
3.027999999999888,0.4873465556656629,-0.09852418724770383,2.0
3.029999999999888,0.48714478291271496,-0.10324795097713137,2.0
3.0319999999998877,0.4869335663783378,-0.10796793983501565,2.0
3.0339999999998875,0.4867129137852985,-0.1126839808112094,2.0
3.0359999999998872,0.48648283320229985,-0.11739590098093675,2.0
3.037999999999887,0.48624333304380546,-0.12210352750865322,2.0
3.039999999999887,0.48599442206985766,-0.12680668765191905,2.0
3.0419999999998866,0.4857361093858873,-0.1315052087652866,2.0
3.0439999999998864,0.4854684044425159,-0.1361989183042021,2.0
3.045999999999886,0.4851913170353498,-0.14088764382892266,2.0
3.047999999999886,0.4849048573047669,-0.14557121300844855,2.0
3.0499999999998857,0.484609035735695,-0.15024945362447176,2.0
3.0519999999998855,0.4843038631573826,-0.1549221935753409,2.0
3.0539999999998853,0.4839893507431614,-0.15958926088004338,2.0
3.055999999999885,0.4836655100102012,-0.1642504836822049,2.0
3.057999999999885,0.48333235281925657,-0.16890569025410704,2.0
3.0599999999998846,0.48298989137440557,-0.17355470900072345,2.0
3.0619999999998844,0.4826381382227801,-0.17819736846377485,2.0
3.063999999999884,0.48227710625428866,-0.1828334973258036,2.0
3.065999999999884,0.48190680870133024,-0.1874629244142681,2.0
3.0679999999998837,0.4815272591385074,-0.19208547870228815,2.0
3.0699999999998835,0.48113847148231076,-0.19670098932280117,2.0
3.0719999999998833,0.4807404599908149,-0.2013092855627861,2.0
3.073999999999883,0.4803332392633596,-0.20591019687072365,2.0
3.075999999999883,0.4799168242402228,-0.21050355286079678,2.0
3.0779999999998826,0.4794912302022848,-0.2150891833171138,2.0
3.0799999999998824,0.4790564727706842,-0.21966691819795442,2.0
3.081999999999882,0.4786125679064653,-0.22423658764003898,2.0
3.083999999999882,0.478159531910217,-0.22879802196282162,2.0
3.0859999999998817,0.4776973814217029,-0.23335105167280734,2.0
3.0879999999998815,0.47722613341948306,-0.2378955074678936,2.0
3.0899999999998813,0.4767458052205265,-0.24243122024173677,2.0
3.091999999999881,0.4762564144798157,-0.24695802108814385,2.0
3.093999999999881,0.47575797918994156,-0.2514757413054896,2.0
3.0959999999998806,0.47525051768069004,-0.2559842124011596,2.0
3.0979999999998804,0.4747340486186196,-0.2604832660960196,2.0
3.09999999999988,0.47420859100662976,-0.2649727343289113,2.0
3.10199999999988,0.47367416418352054,-0.2694524492611751,2.0
3.1039999999998797,0.473130787823543,-0.2739222432812002,2.0
3.1059999999998795,0.4725784819359406,-0.27838194900900126,2.0
3.1079999999998793,0.4720172668644813,-0.2828313993008241,2.0
3.109999999999879,0.47144716328698055,-0.2872704272537785,2.0
3.111999999999879,0.4708681922148147,-0.2916988662104994,2.0
3.1139999999998786,0.4702803749924254,-0.2961165497638369,2.0
3.1159999999998784,0.4696837332968146,-0.3005233117615748,2.0
3.117999999999878,0.46907828913702976,-0.30491898631117836,2.0
3.119999999999878,0.46846406485363956,-0.3093034077845709,2.0
3.1219999999998778,0.4678410831182006,-0.3136764108229402,2.0
3.1239999999998775,0.46720936693271375,-0.3180378303415743,2.0
3.1259999999998773,0.4665689396290711,-0.32238750153472745,2.0
3.127999999999877,0.4659198248684932,-0.32672525988051554,2.0
3.129999999999877,0.46526204664095644,-0.3310509411458421,2.0
3.1319999999998767,0.46459562926461045,-0.3353643813913545,2.0
3.1339999999998764,0.4639205973851857,-0.33966541697643066,2.0
3.135999999999876,0.463236975975391,-0.3439538845641962,2.0
3.137999999999876,0.46254479033430085,-0.3482296211265725,2.0
3.139999999999876,0.46184406608673306,-0.3524924639493556,2.0
3.1419999999998756,0.4611348291826156,-0.3567422506373256,2.0
3.1439999999998753,0.46041710589634366,-0.36097881911938795,2.0
3.145999999999875,0.4596909228261261,-0.36520200765374466,2.0
3.147999999999875,0.4589563068933219,-0.3694116548330978,2.0
3.1499999999998747,0.45821328534176564,-0.37360759958988343,2.0
3.1519999999998745,0.45746188573708296,-0.377789681201537,2.0
3.1539999999998742,0.45670213596599524,-0.38195773929579013,2.0
3.155999999999874,0.45593406423561367,-0.38611161385599846,2.0
3.157999999999874,0.4551576990727226,-0.39025114522650095,2.0
3.1599999999998736,0.45437306932305216,-0.39437617411801035,2.0
3.1619999999998734,0.45358020415054034,-0.3984865416130348,2.0
3.163999999999873,0.4527791330365836,-0.40258208917133104,2.0
3.165999999999873,0.45196988577927727,-0.4066626586353881,2.0
3.1679999999998727,0.45115249249264416,-0.4107280922359427,2.0
3.1699999999998725,0.4503269836058529,-0.41477823259752544,2.0
3.1719999999998723,0.4494933898624245,-0.41881292274403786,2.0
3.173999999999872,0.4486517423194282,-0.42283200610436034,2.0
3.175999999999872,0.4478020723466659,-0.4268353265179907,2.0
3.1779999999998716,0.446944411625845,-0.43082272824071366,2.0
3.1799999999998714,0.4460787921497402,-0.4347940559503002,2.0
3.181999999999871,0.4452052462213443,-0.4387491547522378,2.0
3.183999999999871,0.4443238064530061,-0.44268787018549044,2.0
3.1859999999998707,0.44343450576555865,-0.4466100482282887,2.0
3.1879999999998705,0.4425373773874341,-0.4505155353039495,2.0
3.1899999999998703,0.4416324548537681,-0.45440417828672564,2.0
3.19199999999987,0.44071977200549206,-0.4582758245076844,2.0
3.19399999999987,0.43979936298841343,-0.4621303217606154,2.0
3.1959999999998696,0.4388712622522844,-0.46596751830796745,2.0
3.1979999999998694,0.43793550454985863,-0.4697872628868137,2.0
3.199999999999869,0.43699212493593603,-0.47358940471484545,2.0
3.201999999999869,0.4360411587663956,-0.47737379349639375,2.0
3.2039999999998687,0.43508264169721583,-0.4811402794284791,2.0
3.2059999999998685,0.43411660968348353,-0.48488871320688814,2.0
3.2079999999998683,0.43314309897839004,-0.4886189460322781,2.0
3.209999999999868,0.4321621461322154,-0.49233082961630753,2.0
3.211999999999868,0.4311737879913002,-0.4960242161877936,2.0
3.2139999999998676,0.4301780616970051,-0.49969895849889573,2.0
3.2159999999998674,0.4291750046846581,-0.5033549098313247,2.0
3.217999999999867,0.42816465468248865,-0.5069919240025773,2.0
3.219999999999867,0.42714704971055056,-0.5106098553721958,2.0
3.2219999999998667,0.42612222807963107,-0.5142085588480519,2.0
3.2239999999998665,0.4250902283901482,-0.5177878898926551,2.0
3.2259999999998663,0.424051089531035,-0.5213477045294841,2.0
3.227999999999866,0.42300485067861127,-0.5248878593493421,2.0
3.229999999999866,0.42195155129544265,-0.528408211516735,2.0
3.2319999999998656,0.42089123112918664,-0.5319086187762709,2.0
3.2339999999998654,0.4198239302114261,-0.5353889394590824,2.0
3.235999999999865,0.4187496888564898,-0.5388490324892695,2.0
3.237999999999865,0.41766854766025985,-0.5422887573903643,2.0
3.2399999999998648,0.4165805474989665,-0.5457079742918145,2.0
3.2419999999998645,0.41548572952796986,-0.5491065439354881,2.0
3.2439999999998643,0.4143841351805283,-0.5524843276821964,2.0
3.245999999999864,0.4132758061665543,-0.5558411875182359,2.0
3.247999999999864,0.4121607844713567,-0.5591769860619485,2.0
3.2499999999998637,0.4110391123543702,-0.5624915865702989,2.0
3.2519999999998634,0.4099108323478714,-0.5657848529454685,2.0
3.2539999999998632,0.40877598725568187,-0.5690566497414672,2.0
3.255999999999863,0.4076346201518578,-0.5723068421707584,2.0
3.257999999999863,0.4064867743793664,-0.5755352961109016,2.0
3.2599999999998626,0.40533249354874923,-0.5787418781112074,2.0
3.2619999999998623,0.4041718215367718,-0.5819264553994076,2.0
3.263999999999862,0.40300480248506027,-0.5850888958883378,2.0
3.265999999999862,0.4018314807987244,-0.5882290681826324,2.0
3.2679999999998617,0.40065190114496724,-0.5913468415854318,2.0
3.2699999999998615,0.39946610845168157,-0.5944420861051,2.0
3.2719999999998612,0.39827414790603255,-0.5975146724619532,2.0
3.273999999999861,0.3970760649530271,-0.600564472094998,2.0
3.275999999999861,0.39587190529406996,-0.6035913571686777,2.0
3.2779999999998606,0.3946617148855057,-0.6065952005796282,2.0
3.2799999999998604,0.39344553993714804,-0.6095758759634402,2.0
3.28199999999986,0.3922234269107947,-0.6125332577014285,2.0
3.28399999999986,0.39099542251872954,-0.6154672209274075,2.0
3.2859999999998597,0.38976157372221054,-0.6183776415344713,2.0
3.2879999999998595,0.38852192772994465,-0.6212643961817789,2.0
3.2899999999998593,0.38727653199654877,-0.6241273623013426,2.0
3.291999999999859,0.3860254342209972,-0.6269664181048193,2.0
3.293999999999859,0.3847686823450557,-0.629781442590304,2.0
3.2959999999998586,0.38350632455170164,-0.6325723155491237,2.0
3.2979999999998584,0.3822384092635309,-0.6353389175726332,2.0
3.299999999999858,0.380964985141151,-0.6380811300590089,2.0
3.301999999999858,0.3796861010815606,-0.6407988352200426,2.0
3.3039999999998577,0.3784018062165154,-0.643491916087932,2.0
3.3059999999998575,0.3771121499108808,-0.6461602565220693,2.0
3.3079999999998573,0.3758171817609705,-0.6488037412158255,2.0
3.309999999999857,0.3745169515928718,-0.6514222557033296,2.0
3.311999999999857,0.3732115094607574,-0.6540156863662429,2.0
3.3139999999998566,0.37190090564518336,-0.6565839204405268,2.0
3.3159999999998564,0.3705851906513741,-0.659126846023203,2.0
3.317999999999856,0.36926441520749315,-0.6616443520791053,2.0
3.319999999999856,0.367938630262901,-0.6641363284476228,2.0
3.3219999999998557,0.36660788698639923,-0.6666026658494331,2.0
3.3239999999998555,0.365272236764461,-0.6690432558932236,2.0
3.3259999999998553,0.36393173119944877,-0.6714579910824026,2.0
3.327999999999855,0.3625864221078176,-0.6738467648217962,2.0
3.329999999999855,0.3612363615183061,-0.6762094714243323,2.0
3.3319999999998546,0.35988160167011335,-0.6785460061177098,2.0
3.3339999999998544,0.3585221950110626,-0.6808562650510519,2.0
3.335999999999854,0.35715819419575195,-0.6831401453015441,2.0
3.337999999999854,0.3557896520836916,-0.6853975448810533,2.0
3.3399999999998538,0.35441662173742783,-0.6876283627427296,2.0
3.3419999999998535,0.35303915642065375,-0.6898324987875885,2.0
3.3439999999998533,0.3516573095963072,-0.6920098538710725,2.0
3.345999999999853,0.3502711349246552,-0.6941603298095924,2.0
3.347999999999853,0.34888068626136565,-0.6962838293870458,2.0
3.3499999999998527,0.3474860176555656,-0.6983802563613122,2.0
3.3519999999998524,0.346087183347887,-0.7004495154707251,2.0
3.353999999999852,0.34468423776849944,-0.702491512440518,2.0
3.355999999999852,0.3432772355351296,-0.7045061539892453,2.0
3.3579999999998518,0.3418662314510686,-0.7064933478351756,2.0
3.3599999999998515,0.34045128050316575,-0.7084530027026572,2.0
3.3619999999998513,0.3390324378598106,-0.7103850283284556,2.0
3.363999999999851,0.3376097588689012,-0.7122893354680598,2.0
3.365999999999851,0.3361832990558009,-0.7141658359019587,2.0
3.3679999999998507,0.3347531141212817,-0.7160144424418856,2.0
3.3699999999998504,0.3333192599394558,-0.71783506893703,2.0
3.3719999999998502,0.33188179255569444,-0.7196276302802151,2.0
3.37399999999985,0.3304407681845344,-0.7213920424140422,2.0
3.37599999999985,0.3289962432075723,-0.7231282223369971,2.0
3.3779999999998496,0.3275482741713471,-0.7248360881095226,2.0
3.3799999999998493,0.32609691778520955,-0.7265155588600513,2.0
3.381999999999849,0.3246422309191808,-0.728166554791001,2.0
3.383999999999849,0.3231842706017982,-0.7297889971847306,2.0
3.3859999999998487,0.3217230940179494,-0.731382808409455,2.0
3.3879999999998485,0.32025875850669483,-0.7329479119251197,2.0
3.3899999999998482,0.3187913215590786,-0.7344842322892315,2.0
3.391999999999848,0.31732084081592726,-0.7359916951626483,2.0
3.393999999999848,0.3158473740656376,-0.7374702273153219,2.0
3.3959999999998476,0.3143709792419527,-0.7389197566319979,2.0
3.3979999999998474,0.3128917144217265,-0.7403402121178689,2.0
3.399999999999847,0.3114096378226775,-0.7417315239041801,2.0
3.401999999999847,0.3099248078011311,-0.7430936232537876,2.0
3.4039999999998467,0.3084372828497506,-0.744426442566668,2.0
3.4059999999998465,0.30694712159525783,-0.7457299153853777,2.0
3.4079999999998463,0.3054543827961424,-0.747003976400462,2.0
3.409999999999846,0.3039591253403603,-0.7482485614558124,2.0
3.411999999999846,0.302461408243022,-0.7494636075539716,2.0
3.4139999999998456,0.3009612906440698,-0.7506490528613847,2.0
3.4159999999998454,0.299458831805945,-0.7518048367135973,2.0
3.417999999999845,0.2979540911112444,-0.752930899620397,2.0
3.419999999999845,0.29644712806036655,-0.7540271832708999,2.0
3.4219999999998447,0.29493800226914846,-0.7550936305385797,2.0
3.4239999999998445,0.2934267734664916,-0.7561301854862399,2.0
3.4259999999998443,0.29191350149197837,-0.7571367933709263,2.0
3.427999999999844,0.2903982462934789,-0.758113400648781,2.0
3.429999999999844,0.28888106792474777,-0.7590599549798354,2.0
3.4319999999998436,0.2873620265430118,-0.759976405232743,2.0
3.4339999999998434,0.28584118240654793,-0.7608627014894497,2.0
3.435999999999843,0.2843185958722521,-0.7617187950498011,2.0
3.437999999999843,0.2827943273931989,-0.7625446384360873,2.0
3.4399999999998427,0.28126843751619196,-0.7633401853975224,2.0
3.4419999999998425,0.2797409868793061,-0.7641053909146592,2.0
3.4439999999998423,0.27821203620942,-0.7648402112037387,2.0
3.445999999999842,0.2766816463197405,-0.7655446037209718,2.0
3.447999999999842,0.2751498781073187,-0.7662185271667544,2.0
3.4499999999998416,0.27361679255055715,-0.7668619414898143,2.0
3.4519999999998414,0.2720824507067092,-0.7674748078912893,2.0
3.453999999999841,0.27054691370937023,-0.7680570888287348,2.0
3.455999999999841,0.2690102427659607,-0.7686087480200627,2.0
3.4579999999998408,0.26747249915520177,-0.7691297504474081,2.0
3.4599999999998405,0.26593374422458294,-0.7696200623609243,2.0
3.4619999999998403,0.2643940393878222,-0.7700796512825062,2.0
3.46399999999984,0.262853446122319,-0.7705084860094402,2.0
3.46599999999984,0.2613120259665998,-0.77090653661798,2.0
3.4679999999998397,0.25976984051775676,-0.7712737744668491,2.0
3.4699999999998394,0.25822695142887914,-0.7716101722006671,2.0
3.471999999999839,0.2566834204064784,-0.7719157037533013,2.0
3.473999999999839,0.2551393092079061,-0.7721903443511421,2.0
3.4759999999998388,0.25359467963876603,-0.7724340705163004,2.0
3.4779999999998386,0.2520495935503193,-0.7726468600697295,2.0
3.4799999999998383,0.25050411283688373,-0.7728286921342674,2.0
3.481999999999838,0.24895829943322717,-0.7729795471376018,2.0
3.483999999999838,0.2474122153119548,-0.7730994068151547,2.0
3.4859999999998377,0.24586592248089081,-0.773188254212889,2.0
3.4879999999998375,0.24431948298045478,-0.7732460736900337,2.0
3.4899999999998372,0.24277295888103223,-0.7732728509217296,2.0
3.491999999999837,0.24122641228034042,-0.7732685729015925,2.0
3.493999999999837,0.2396799053007888,-0.773233227944196,2.0
3.4959999999998366,0.23813350008683473,-0.7731668056874724,2.0
3.4979999999998364,0.23658725880233436,-0.7730692970950299,2.0
3.499999999999836,0.2350412436278891,-0.7729406944583878,2.0
3.501999999999836,0.23349551675818767,-0.7727809913991283,2.0
3.5039999999998357,0.23195014039934372,-0.7725901828709646,2.0
3.5059999999998355,0.2304051767662298,-0.7723682651617243,2.0
3.5079999999998353,0.22886068807980697,-0.772115235895249,2.0
3.509999999999835,0.22731673656445123,-0.7718310940332085,2.0
3.511999999999835,0.2257733844452758,-0.7715158398768303,2.0
3.5139999999998346,0.22423069394545067,-0.7711694750685429,2.0
3.5159999999998344,0.22268872728351835,-0.7707920025935342,2.0
3.517999999999834,0.22114754667070702,-0.7703834267812222,2.0
3.519999999999834,0.21960721430824062,-0.769943753306641,2.0
3.5219999999998337,0.21806779238464635,-0.7694729891917389,2.0
3.5239999999998335,0.21652934307305954,-0.76897114280659,2.0
3.5259999999998333,0.21499192852852633,-0.7684382238705181,2.0
3.527999999999833,0.2134556108853041,-0.7678742434531338,2.0
3.529999999999833,0.2119204522541599,-0.7672792139752838,2.0
3.5319999999998326,0.21038651471966713,-0.7666531492099113,2.0
3.5339999999998324,0.20885386033750056,-0.7659960642828303,2.0
3.535999999999832,0.20732255113172987,-0.7653079756734097,2.0
3.537999999999832,0.20579264909211198,-0.7645889012151703,2.0
3.5399999999998317,0.20426421617138213,-0.7638388600962931,2.0
3.5419999999998315,0.20273731428254424,-0.7630578728600382,2.0
3.5439999999998313,0.2012120052961603,-0.7622459614050763,2.0
3.545999999999831,0.19968835103763935,-0.7614031489857299,2.0
3.547999999999831,0.19816641328452603,-0.7605294602121272,2.0
3.5499999999998306,0.1966462537637888,-0.7596249210502655,2.0
3.5519999999998304,0.19512793414910834,-0.7586895588219865,2.0
3.55399999999983,0.19361151605816584,-0.7577234022048628,2.0
3.55599999999983,0.1920970610499318,-0.7567264812319943,2.0
3.5579999999998297,0.19058463062195516,-0.7556988272917167,2.0
3.5599999999998295,0.18907428620765337,-0.7546404731272203,2.0
3.5619999999998293,0.18756608917360298,-0.75355145283608,2.0
3.563999999999829,0.18606010081683144,-0.7524318018696965,2.0
3.565999999999829,0.18455638236211014,-0.7512815570326481,2.0
3.5679999999998286,0.18305499495924873,-0.7501007564819545,2.0
3.5699999999998284,0.18155599968039107,-0.7488894397262512,2.0
3.571999999999828,0.18005945751731287,-0.7476476476248755,2.0
3.573999999999828,0.17856542937872127,-0.7463754223868639,2.0
3.5759999999998278,0.1770739760875566,-0.7450728075698618,2.0
3.5779999999998275,0.17558515837829622,-0.7437398480789438,2.0
3.5799999999998273,0.17409903689426098,-0.742376590165347,2.0
3.581999999999827,0.1726156721849242,-0.7409830814251157,2.0
3.583999999999827,0.17113512470322353,-0.7395593707976593,2.0
3.5859999999998267,0.16965745480287567,-0.7381055085642214,2.0
3.5879999999998264,0.16818272273569435,-0.7366215463462631,2.0
3.589999999999826,0.16671098864891157,-0.7351075371037579,2.0
3.591999999999826,0.16524231258250235,-0.7335635351334011,2.0
3.593999999999826,0.16377675446651319,-0.7319895960667319,2.0
3.5959999999998256,0.16231437411839428,-0.730385776868169,2.0
3.5979999999998253,0.16085523124033577,-0.7287521358329612,2.0
3.599999999999825,0.15939938541660825,-0.7270887325850515,2.0
3.601999999999825,0.15794689611090765,-0.7253956280748562,2.0
3.6039999999998247,0.1564978226637044,-0.7236728845769591,2.0
3.6059999999998245,0.15505222428959767,-0.7219205656877205,2.0
3.6079999999998242,0.15361016007467415,-0.7201387363228022,2.0
3.609999999999824,0.152171688973872,-0.7183274627146092,2.0
3.611999999999824,0.1507368698083501,-0.7164868124096462,2.0
3.6139999999998236,0.14930576126286244,-0.714616854265792,2.0
3.6159999999998234,0.14787842188313816,-0.7127176584494916,2.0
3.617999999999823,0.14645491007326744,-0.7107892964328645,2.0
3.619999999999823,0.14503528409309296,-0.7088318409907317,2.0
3.6219999999998227,0.14361960205560764,-0.7068453661975617,2.0
3.6239999999998225,0.14220792192435838,-0.7048299474243341,2.0
3.6259999999998223,0.1408003015108563,-0.7027856613353242,2.0
3.627999999999822,0.13939679847199338,-0.7007125858848057,2.0
3.629999999999822,0.1379974703074659,-0.698610800313675,2.0
3.6319999999998216,0.1366023743572046,-0.6964803851459958,2.0
3.6339999999998214,0.13521156779881185,-0.6943214221854649,2.0
3.635999999999821,0.13382510764500602,-0.6921339945117998,2.0
3.637999999999821,0.13244305074107304,-0.6899181864770487,2.0
3.6399999999998207,0.13106545376232562,-0.6876740837018236,2.0
3.6419999999998205,0.1296923732115698,-0.6854017730714559,2.0
3.6439999999998203,0.12832386541657953,-0.6831013427320772,2.0
3.64599999999982,0.12695998652757906,-0.6807728820866233,2.0
3.64799999999982,0.1256007925147333,-0.6784164817907642,2.0
3.6499999999998196,0.12424633916564654,-0.6760322337487588,2.0
3.6519999999998194,0.12289668208286948,-0.6736202311092367,2.0
3.653999999999819,0.12155187668141479,-0.6711805682609064,2.0
3.655999999999819,0.12021197818628122,-0.6687133408281903,2.0
3.6579999999998187,0.11887704162998669,-0.6662186456667887,2.0
3.6599999999998185,0.11754712185011018,-0.6636965808591715,2.0
3.6619999999998183,0.11622227348684278,-0.6611472457099997,2.0
3.663999999999818,0.11490255098054791,-0.6585707407414763,2.0
3.665999999999818,0.113588008569331,-0.6559671676886276,2.0
3.6679999999998176,0.11227870028661857,-0.6533366294945165,2.0
3.6699999999998174,0.11097467995874703,-0.6506792303053862,2.0
3.671999999999817,0.10967600120256121,-0.647995075465737,2.0
3.673999999999817,0.10838271742302283,-0.6452842715133361,2.0
3.6759999999998167,0.10709488181082903,-0.6425469261741614,2.0
3.6779999999998165,0.10581254734004104,-0.6397831483572789,2.0
3.6799999999998163,0.1045357667657232,-0.6369930481496556,2.0
3.681999999999816,0.10326459262159235,-0.6341767368109082,2.0
3.683999999999816,0.10199907721767792,-0.6313343267679883,2.0
3.6859999999998156,0.10073927263799255,-0.6284659316098038,2.0
3.6879999999998154,0.09948523073821364,-0.6255716660817793,2.0
3.689999999999815,0.09823700314337579,-0.6226516460803542,2.0
3.691999999999815,0.09699464124557436,-0.61970598864742,2.0
3.6939999999998148,0.09575819620168013,-0.6167348119646979,2.0
3.6959999999998145,0.09452771893106539,-0.6137382353480564,2.0
3.6979999999998143,0.09330326011334125,-0.6107163792417704,2.0
3.699999999999814,0.09208487018610675,-0.6076693652127226,2.0
3.701999999999814,0.09087259934270943,-0.6045973159445472,2.0
3.7039999999998137,0.0896664975300177,-0.6015003552317169,2.0
3.7059999999998134,0.08846661444620516,-0.5983786079735742,2.0
3.7079999999998132,0.08727299953854688,-0.5952322001683082,2.0
3.709999999999813,0.08608570200122778,-0.5920612589068756,2.0
3.711999999999813,0.08490477077316319,-0.5888659123668688,2.0
3.7139999999998126,0.08373025453583177,-0.5856462898063314,2.0
3.7159999999998123,0.08256220171112084,-0.5824025215575204,2.0
3.717999999999812,0.08140066045918423,-0.5791347390206174,2.0
3.719999999999812,0.08024567867631274,-0.5758430746573894,2.0
3.7219999999998117,0.0790973039928174,-0.5725276619847984,2.0
3.7239999999998115,0.07795558377092547,-0.5691886355685626,2.0
3.7259999999998112,0.07682056510268942,-0.5658261310166683,2.0
3.727999999999811,0.07569229480790891,-0.5624402849728346,2.0
3.729999999999811,0.07457081943206595,-0.5590312351099297,2.0
3.7319999999998106,0.07345618524427314,-0.555599120123342,2.0
3.7339999999998104,0.07234843823523536,-0.5521440797243045,2.0
3.73599999999981,0.07124762411522478,-0.5486662546331744,2.0
3.73799999999981,0.07015378831206937,-0.5451657865726688,2.0
3.7399999999998097,0.06906697596915494,-0.5416428182610559,2.0
3.7419999999998095,0.06798723194344097,-0.5380974934053039,2.0
3.7439999999998093,0.06691460080349002,-0.5345299566941877,2.0
3.745999999999809,0.06584912682751105,-0.5309403537913537,2.0
3.747999999999809,0.06479085400141671,-0.5273288313283444,2.0
3.7499999999998086,0.06373982601689447,-0.5236955368975821,2.0
3.7519999999998084,0.06269608626949198,-0.5200406190453138,2.0
3.753999999999808,0.06165967785671647,-0.5163642272645177,2.0
3.755999999999808,0.06063064357614842,-0.5126665119877705,2.0
3.7579999999998077,0.05960902592356952,-0.5089476245800786,2.0
3.7599999999998075,0.05859486709110504,-0.5052077173316724,2.0
3.7619999999998073,0.05758820896538058,-0.5014469434507638,2.0
3.763999999999807,0.056589093125693414,-0.4976654570562699,2.0
3.765999999999807,0.05559756084219834,-0.49386341317050075,2.0
3.7679999999998066,0.054613653074108294,-0.4900409677118138,2.0
3.7699999999998064,0.053637410467909576,-0.48619827748723526,2.0
3.771999999999806,0.052668873355591936,-0.48233550018504834,2.0
3.773999999999806,0.05170808175289351,-0.47845279436735005,2.0
3.7759999999998057,0.050755075357560644,-0.47455031946257636,2.0
3.7779999999998055,0.04980989354762274,-0.47062823575799684,2.0
3.7799999999998053,0.04887257537968209,-0.46668670439217924,2.0
3.781999999999805,0.04794315958721886,-0.4627258873474248,2.0
3.783999999999805,0.04702168457891121,-0.45874594744217484,2.0
3.7859999999998046,0.046108188436970614,-0.45474704832338886,2.0
3.7879999999998044,0.04520270891549248,-0.4507293544588956,2.0
3.789999999999804,0.044305283438822105,-0.446693031129717,2.0
3.791999999999804,0.043415949099935944,-0.4426382444223657,2.0
3.7939999999998038,0.04253474265883839,-0.4385651612211174,2.0
3.7959999999998035,0.041661700540973956,-0.43447394920025717,2.0
3.7979999999998033,0.040796858835655085,-0.43036477681630236,2.0
3.799999999999803,0.03994025329450543,-0.4262378133002008,2.0
3.801999999999803,0.03909191932991885,-0.42209322864950566,2.0
3.8039999999998027,0.038251892013534024,-0.4179311936205281,2.0
3.8059999999998024,0.03742020607472481,-0.41375187972046706,2.0
3.807999999999802,0.03659689589910634,-0.40955545919951764,2.0
3.809999999999802,0.035781995527056985,-0.4053421050429583,2.0
3.8119999999998018,0.034975538652256055,-0.4011119909632175,2.0
3.8139999999998015,0.03417755862023749,-0.39686529139192006,2.0
3.8159999999998013,0.03338808842695943,-0.39260218147191445,2.0
3.817999999999801,0.03260716071738975,-0.3883228370492804,2.0
3.819999999999801,0.0318348077841076,-0.38402743466531847,2.0
3.8219999999998007,0.03107106156592101,-0.37971615154852145,2.0
3.8239999999998004,0.030315953646500526,-0.3753891656065281,2.0
3.8259999999998002,0.029569515253029,-0.3710466554180601,2.0
3.8279999999998,0.02883177725486748,-0.3666888002248422,2.0
3.8299999999998,0.028102770162237306,-0.36231577992350644,2.0
3.8319999999997996,0.02738252412491841,-0.35792777505748063,2.0
3.8339999999997993,0.026671068930963843,-0.35352496680886175,2.0
3.835999999999799,0.02596843400543057,-0.3491075369902744,2.0
3.837999999999799,0.025274648409126587,-0.34467566803671534,2.0
3.8399999999997987,0.024589740837374318,-0.3402295429973838,2.0
3.8419999999997985,0.023913739618790408,-0.33576934552749854,2.0
3.8439999999997982,0.023246672714081876,-0.331295259880102,2.0
3.845999999999798,0.022588567714858676,-0.3268074708978515,2.0
3.847999999999798,0.02193945184246267,-0.3223061640047986,2.0
3.8499999999997976,0.021299351946813098,-0.31779152519815634,2.0
3.8519999999997974,0.020668294505268466,-0.31326374104005533,2.0
3.853999999999797,0.02004630562150499,-0.3087229986492886,2.0
3.855999999999797,0.019433411024411523,-0.3041694856930457,2.0
3.8579999999997967,0.018829636067001033,-0.2996033903786368,2.0
3.8599999999997965,0.01823500572533866,-0.29502490144520643,2.0
3.8619999999997963,0.01764954459748632,-0.29043420815543786,2.0
3.863999999999796,0.01707327690246396,-0.2858315002872481,2.0
3.865999999999796,0.016506226479227375,-0.2812169681254738,2.0
3.8679999999997956,0.015948416785662705,-0.276590802453549,2.0
3.8699999999997954,0.015399870897597569,-0.2719531945451739,2.0
3.871999999999795,0.014860611507828863,-0.26730433615597604,2.0
3.873999999999795,0.014330660925167259,-0.26264441951516376,2.0
3.8759999999997947,0.013810041073498393,-0.257973637317172,2.0
3.8779999999997945,0.013298773490860769,-0.25329218271330123,2.0
3.8799999999997943,0.012796879328540399,-0.2486002493033494,2.0
3.881999999999794,0.012304379350182179,-0.24389803112723718,2.0
3.883999999999794,0.011821293930918027,-0.23918572265662713,2.0
3.8859999999997936,0.01134764305651178,-0.2344635187865366,2.0
3.8879999999997934,0.010883446322520881,-0.22973161482694487,2.0
3.889999999999793,0.010428722933474847,-0.22499020649439475,2.0
3.891999999999793,0.009983491702070555,-0.22023948990358874,2.0
3.8939999999997927,0.009547771048384317,-0.21547966155898016,2.0
3.8959999999997925,0.009121578999100806,-0.21071091834635933,2.0
3.8979999999997923,0.008704933186758785,-0.20593345752443507,2.0
3.899999999999792,0.008297850849013707,-0.20114747671641173,2.0
3.901999999999792,0.007900348827917137,-0.19635317390156193,2.0
3.9039999999997916,0.007512443569213057,-0.19155074740679526,2.0
3.9059999999997914,0.007134151121651017,-0.18674039589822297,2.0
3.907999999999791,0.00676548713631618,-0.1819223183727191,2.0
3.909999999999791,0.00640646686597623,-0.177096714149478,2.0
3.9119999999997908,0.0060571051644451816,-0.1722637828615684,2.0
3.9139999999997905,0.005717416485964077,-0.16742372444748443,2.0
3.9159999999997903,0.005387414884598587,-0.16257673914269344,2.0
3.91799999999979,0.005067114013653524,-0.15772302747118105,2.0
3.91999999999979,0.004756527125104255,-0.15286279023699342,2.0
3.9219999999997897,0.004455667069045046,-0.14799622851577685,2.0
3.9239999999997894,0.004164546293154321,-0.14312354364631494,2.0
3.925999999999789,0.0038831768421768555,-0.1382449372220635,2.0
3.927999999999789,0.0036115703574228957,-0.13336061108268304,2.0
3.9299999999997888,0.003349738076284221,-0.1284707673055695,2.0
3.9319999999997886,0.003097690831760684,-0.12357560820061127,2.0
3.9339999999997883,0.002855439052023306,-0.11867533629191362,2.0
3.935999999999788,0.0026229927599744803,-0.11377015431924208,2.0
3.937999999999788,0.002400361572831817,-0.10886026522620097,2.0
3.9399999999997877,0.002187554701728943,-0.10394587215175517,2.0
3.9419999999997875,0.001984580951333263,-0.09902717842175034,2.0
3.9439999999997872,0.0017914487194806762,-0.09410438754043181,2.0
3.945999999999787,0.0016081659968272593,-0.08917770318196228,2.0
3.947999999999787,0.0014347403665179168,-0.0842473291819382,2.0
3.9499999999997866,0.0012711790038719968,-0.07931346952890508,2.0
3.9519999999997864,0.0011174886760858783,-0.07437632835587185,2.0
3.953999999999786,0.0009736757419525315,-0.06943610993182406,2.0
3.955999999999786,0.0008397461515980519,-0.06449301865323641,2.0
3.9579999999997857,0.0007157054462351695,-0.05954725903558431,2.0
3.9599999999997855,0.0006015587579337377,-0.054599035704854776,2.0
3.9619999999997852,0.0004973108094081984,-0.04964855338905654,2.0
3.963999999999785,0.0004029659138220301,-0.04469601690972964,2.0
3.965999999999785,0.0003185279746091756,-0.03974163117345432,2.0
3.9679999999997846,0.00024400048531245328,-0.03478560116335956,2.0
3.9699999999997844,0.00017938652943895144,-0.029828131930631017,2.0
3.971999999999784,0.00012468878033240736,-0.02486942858601864,2.0
3.973999999999784,7.99095010625714e-05,-0.019909696291343915,2.0
3.9759999999997837,4.505054433155691e-05,-0.01494914025100683,2.0
3.9779999999997835,2.011335239717654e-05,-0.00998796570349256,2.0
3.9799999999997833,5.098957013265236e-06,-0.0050263779128780035,2.0
3.981999999999783,7.97938699048914e-09,-6.458216033812265e-05,2.0
3.983999999999783,4.840630153149883e-06,0.004897216264347772,2.0
3.9859999999997826,1.9596709365456186e-05,0.009858812071289805,2.0
3.9879999999997824,4.427560650481e-05,0.01481999997898132,2.0
3.989999999999782,7.887630050455998e-05,0.019780574722792613,2.0
3.991999999999782,0.0001233973597927503,0.02474033106346457,2.0
3.9939999999997817,0.00017783694235135554,0.029699063795602165,2.0
3.9959999999997815,0.00024219279579250192,0.03465656775616774,2.0
3.9979999999997813,0.0003164622574516754,0.039612637832974085,2.0
3.999999999999781,0.00040064225449791535,0.044567068973177186,2.0
4.001999999999781,0.0004947293040609931,0.04951965619176863,2.0
4.003999999999781,0.0005987195133755758,0.05447019458006763,2.0
4.005999999999781,0.0007126085799423728,0.05941847931421259,2.0
4.007999999999781,0.0008363917917062652,0.06436430566365214,2.0
4.00999999999978,0.0009700640272514176,0.06930746899963562,2.0
4.01199999999978,0.0011136197560133682,0.07424776480370293,2.0
4.01399999999978,0.0012670530385081005,0.07918498867617371,2.0
4.01599999999978,0.0014303575265780905,0.08411893634463574,2.0
4.0179999999997795,0.001603526463655331,0.08904940367243253,2.0
4.019999999999779,0.00178655268504133,0.09397618666715,2.0
4.021999999999779,0.001979428618204081,0.0988990814891023,2.0
4.023999999999779,0.002182146283092005,0.10381788445981642,2.0
4.025999999999779,0.002394697292464859,0.10873239207051585,2.0
4.027999999999778,0.0026170728522416135,0.11364240099060298,2.0
4.029999999999778,0.002849263761865289,0.1185477080761402,2.0
4.031999999999778,0.0030912604146847585,0.1234481103783297,2.0
4.033999999999778,0.0033430527983535035,0.12834340515199172,2.0
4.0359999999997775,0.0036046304952453293,0.13323338986404137,2.0
4.037999999999777,0.0038759826828870278,0.13811786220196373,2.0
4.039999999999777,0.004157098134407993,0.14299662008228717,2.0
4.041999999999777,0.00444796521900678,0.14786946165905485,2.0
4.043999999999777,0.004748571902427915,0.15273618532895256,2.0
4.045999999999776,0.005058905747475479,0.15759658974968557,2.0
4.047999999999776,0.005378953914524012,0.16245047383865044,2.0
4.049999999999776,0.005708703162052819,0.16729763678462356,2.0
4.051999999999776,0.006048139847197189,0.17213787805622166,2.0
4.053999999999776,0.006397249926316534,0.1769709974103596,2.0
4.055999999999775,0.006756018955579437,0.1817967949007054,2.0
4.057999999999775,0.007124432091565615,0.18661507088613252,2.0
4.059999999999775,0.007502474091884781,0.19142562603916888,2.0
4.061999999999775,0.007890129315812395,0.1962282613544429,2.0
4.0639999999997745,0.008287381724942307,0.20102277815712608,2.0
4.065999999999774,0.008694214883856292,0.2058089781113719,2.0
4.067999999999774,0.009110611960810441,0.21058666322875128,2.0
4.069999999999774,0.00953655572843843,0.21535563587668405,2.0
4.071999999999774,0.009972028564471646,0.22011569878686618,2.0
4.073999999999773,0.010417012452476166,0.22486665506369297,2.0
4.075999999999773,0.010871488982606571,0.22960830819267758,2.0
4.077999999999773,0.0113354393523766,0.23434046204886508,2.0
4.079999999999773,0.011808844367446619,0.2390629209052414,2.0
4.0819999999997725,0.012291684442427914,0.24377548944113725,2.0
4.083999999999772,0.012783939601703776,0.24847797275062677,2.0
4.085999999999772,0.01328558948026738,0.2531701763509205,2.0
4.087999999999772,0.01379661332457645,0.25785190619075243,2.0
4.089999999999772,0.014316989993424687,0.2625229686587615,2.0
4.091999999999771,0.01484669795882995,0.267183170591866,2.0
4.093999999999771,0.015385715306939194,0.271832319283632,2.0
4.095999999999771,0.015934019738950117,0.27647022249263464,2.0
4.097999999999771,0.016491588572049545,0.28109668845081254,2.0
4.0999999999997705,0.017058398740368495,0.2857115258718143,2.0
4.10199999999977,0.017634426795953943,0.29031454395933803,2.0
4.10399999999977,0.018219648909757257,0.2949055524154621,2.0
4.10599999999977,0.018814040872639274,0.2994843614489683,2.0
4.10799999999977,0.01941757809639203,0.3040507817836556,2.0
4.109999999999769,0.020030235614777098,0.3086046246666457,2.0
4.111999999999769,0.020651988084580526,0.3131457018766789,2.0
4.113999999999769,0.021282809786684377,0.3176738257324005,2.0
4.115999999999769,0.0219226746271548,0.322188809100637,2.0
4.1179999999997685,0.022571556138346667,0.3266904654046624,2.0
4.119999999999768,0.023229427480024732,0.3311786086324533,2.0
4.121999999999768,0.02389626144050127,0.33565305334493345,2.0
4.123999999999768,0.024572030437790215,0.34011361468420664,2.0
4.125999999999768,0.025256706520777744,0.3445601083817778,2.0
4.127999999999767,0.02595026137040928,0.3489923507667619,2.0
4.129999999999767,0.02665266630089292,0.3534101587740802,2.0
4.131999999999767,0.02736389226091923,0.3578133499526438,2.0
4.133999999999767,0.028083909834897405,0.36220174247352316,2.0
4.1359999999997665,0.028812689244207726,0.3665751551381045,2.0
4.137999999999766,0.029550200348470352,0.3709334073862314,2.0
4.139999999999766,0.030296412646830365,0.37527631930433175,2.0
4.141999999999766,0.031051295279259046,0.3796037116335299,2.0
4.143999999999766,0.03181481702787137,0.38391540577774264,2.0
4.145999999999765,0.03258694631825966,0.3882112238117595,2.0
4.147999999999765,0.03336765122084344,0.3924909884893064,2.0
4.149999999999765,0.0341568994522353,0.39675452325109234,2.0
4.151999999999765,0.03495465837662295,0.4010016522328382,2.0
4.1539999999997645,0.0357608950071672,0.40523220027328793,2.0
4.155999999999764,0.03657557600741606,0.40944599292220124,2.0
4.157999999999764,0.037398667692734706,0.413642856448327,2.0
4.159999999999764,0.03823013603175145,0.4178226178473572,2.0
4.161999999999764,0.039069946647819515,0.42198510484986096,2.0
4.1639999999997634,0.03991806482049476,0.42613014592919785,2.0
4.165999999999763,0.04077445548702912,0.43025757030941014,2.0
4.167999999999763,0.04163908324387986,0.4343672079730933,2.0
4.169999999999763,0.04251191234823454,0.43845888966924434,2.0
4.171999999999763,0.04339290671955162,0.44253244692108734,2.0
4.173999999999762,0.04428202994111677,0.4465877120338756,2.0
4.175999999999762,0.04517924526161464,0.45062451810267,2.0
4.177999999999762,0.0460845155967163,0.45464269902009274,2.0
4.179999999999762,0.04699780353068207,0.458642089484056,2.0
4.1819999999997615,0.04791907131797979,0.46262252500546486,2.0
4.183999999999761,0.04884828088491851,0.46658384191589414,2.0
4.185999999999761,0.04978539383129747,0.4705258773752383,2.0
4.187999999999761,0.0507303714320704,0.47444846937933366,2.0
4.189999999999761,0.05168317463902493,0.4783514567675527,2.0
4.19199999999976,0.05264376408247732,0.48223467923036956,2.0
4.19399999999976,0.05361210007298214,0.4860979773168962,2.0
4.19599999999976,0.05458814260305708,0.48994119244238865,2.0
4.19799999999976,0.055571851348922736,0.49376416689572233,2.0
4.1999999999997595,0.05656318567225726,0.4975667438468366,2.0
4.201999999999759,0.057562104621965926,0.5013487673541467,2.0
4.203999999999759,0.05856856693596549,0.5051100823719238,2.0
4.205999999999759,0.0595825310429832,0.5088505347576414,2.0
4.207999999999759,0.06060395506437058,0.512569971279288,2.0
4.209999999999758,0.061632796815931694,0.5162682396226449,2.0
4.211999999999758,0.062669013809766,0.519945188398529,2.0
4.213999999999758,0.06371256325612565,0.5236006671499999,2.0
4.215999999999758,0.06476340206528712,0.5272345263595297,2.0
4.2179999999997575,0.0658214868494372,0.5308466174561365,2.0
4.219999999999757,0.06688677392457318,0.5344367928224786,2.0
4.221999999999757,0.06795921931241716,0.5380049058019114,2.0
4.223999999999757,0.06903877874234456,0.541550810705504,2.0
4.225999999999757,0.0701254076533264,0.545074362819016,2.0
4.227999999999756,0.07121906119588574,0.5485754184098335,2.0
4.229999999999756,0.07231969423406777,0.5520538347338639,2.0
4.231999999999756,0.07342726134742374,0.555509470042388,2.0
4.233999999999756,0.07454171683300849,0.5589421835888696,2.0
4.2359999999997555,0.07566301470739165,0.5623518356357211,2.0
4.237999999999755,0.0767911087086822,0.5657382874610254,2.0
4.239999999999755,0.07792595229856651,0.5691014013652121,2.0
4.241999999999755,0.07906749866435973,0.5724410406776883,2.0
4.243999999999755,0.08021570072107026,0.5757570697634228,2.0
4.245999999999754,0.08137051111347747,0.579049354029483,2.0
4.247999999999754,0.08253188221822234,0.5823177599315242,2.0
4.249999999999754,0.08369976614591118,0.5855621549802301,2.0
4.251999999999754,0.08487411474323196,0.5887824077477036,2.0
4.2539999999997535,0.08605487959508361,0.591978387873808,2.0
4.255999999999753,0.08724201202671776,0.5951499660724571,2.0
4.257999999999753,0.08843546310589315,0.5982970141378539,2.0
4.259999999999753,0.08963518364504236,0.6014194049506767,2.0
4.261999999999753,0.09084112420345092,0.6045170124842131,2.0
4.263999999999752,0.09205323508944861,0.607589711810439,2.0
4.265999999999752,0.0932714663626129,0.6106373791060443,2.0
4.267999999999752,0.09449576783598429,0.6136598916584028,2.0
4.269999999999752,0.09572608907829369,0.6166571278714867,2.0
4.2719999999997516,0.09696237941620142,0.6196289672717239,2.0
4.273999999999751,0.09820458793654793,0.6225752905137987,2.0
4.275999999999751,0.09945266348861612,0.625495979386394,2.0
4.277999999999751,0.10070655468640496,0.6283909168178752,2.0
4.279999999999751,0.10196620991091457,0.6312599868819142,2.0
4.2819999999997505,0.10323157731244233,0.6341030748030538,2.0
4.28399999999975,0.10450260481289016,0.6369200669622107,2.0
4.28599999999975,0.10577924010808275,0.6397108509021175,2.0
4.28799999999975,0.10706143067009656,0.6424753153327023,2.0
4.28999999999975,0.10834912374959953,0.6452133501364052,2.0
4.291999999999749,0.10964226637820135,0.6479248463734316,2.0
4.293999999999749,0.11094080537081426,0.6506096962869409,2.0
4.295999999999749,0.11224468732802402,0.6532677933081703,2.0
4.297999999999749,0.11355385863847117,0.6558990320614935,2.0
4.2999999999997485,0.11486826548124231,0.6585033083694118,2.0
4.301999999999748,0.11618785382827125,0.6610805192574803,2.0
4.303999999999748,0.11751256944675006,0.6636305629591643,2.0
4.305999999999748,0.11884235790154962,0.666153338920629,2.0
4.307999999999748,0.12017716455764978,0.6686487478054597,2.0
4.309999999999747,0.12151693458257885,0.6711166914993126,2.0
4.311999999999747,0.12286161294886239,0.6735570731144953,2.0
4.313999999999747,0.12421114443648094,0.6759697969944766,2.0
4.315999999999747,0.1255654736353369,0.6783547687183248,2.0
4.3179999999997465,0.12692454494772998,0.6807118951050745,2.0
4.319999999999746,0.12828830259084156,0.6830410842180199,2.0
4.321999999999746,0.1296566905992274,0.6853422453689356,2.0
4.323999999999746,0.1310296528273187,0.6876152891222231,2.0
4.325999999999746,0.13240713295193154,0.6898601272989835,2.0
4.327999999999745,0.13378907447478422,0.6920766729810144,2.0
4.329999999999745,0.1351754207250226,0.6942648405147324,2.0
4.331999999999745,0.13656611486175319,0.6964245455150183,2.0
4.333999999999745,0.13796109987658392,0.6985557048689869,2.0
4.3359999999997445,0.13936031859617223,0.7006582367396783,2.0
4.337999999999744,0.1407637136847806,0.7027320605696731,2.0
4.339999999999744,0.14217122764683918,0.7047770970846277,2.0
4.341999999999744,0.14358280282951533,0.7067932682967323,2.0
4.343999999999744,0.1449983814252902,0.708780497508089,2.0
4.345999999999743,0.1464179054745418,0.7107387093140105,2.0
4.347999999999743,0.1478413168681347,0.7126678296062381,2.0
4.349999999999743,0.14926855735001593,0.7145677855760796,2.0
4.351999999999743,0.1506995685198173,0.7164385057174663,2.0
4.3539999999997425,0.15213429183546362,0.7182799198299274,2.0
4.355999999999742,0.15357266861578672,0.7200919590214843,2.0
4.357999999999742,0.15501464004314533,0.7218745557114598,2.0
4.359999999999742,0.15646014716605042,0.7236276436332074,2.0
4.361999999999742,0.1579091309017959,0.7253511578367555,2.0
4.363999999999741,0.15936153203909456,0.7270450346913685,2.0
4.365999999999741,0.160817291240719,0.7287092118880241,2.0
4.367999999999741,0.16227634904614754,0.7303436284418062,2.0
4.369999999999741,0.16373864587421466,0.7319482246942132,2.0
4.3719999999997405,0.16520412202576612,0.7335229423153807,2.0
4.37399999999974,0.16667271768631842,0.73506772430622,2.0
4.37599999999974,0.16814437292872228,0.7365825150004699,2.0
4.37799999999974,0.16961902771583048,0.7380672600666628,2.0
4.37999999999974,0.17109662190316915,0.739521906510005,2.0
4.381999999999739,0.17257709524161308,0.7409464026741701,2.0
4.383999999999739,0.1740603873800642,0.7423406982430054,2.0
4.385999999999739,0.17554643786813381,0.7437047442421518,2.0
4.387999999999739,0.17703518615882743,0.7450384930405765,2.0
4.3899999999997386,0.17852657161123314,0.7463418983520173,2.0
4.391999999999738,0.18002053349321237,0.7476149152363404,2.0
4.393999999999738,0.18151701098409348,0.7488575001008096,2.0
4.395999999999738,0.18301594317736775,0.7500696107012678,2.0
4.397999999999738,0.18451726908338761,0.7512512061432295,2.0
4.3999999999997375,0.18602092763206712,0.7524022468828865,2.0
4.401999999999737,0.18752685767558408,0.7535226947280237,2.0
4.403999999999737,0.18903499799108422,0.7546125128388468,2.0
4.405999999999737,0.19054528728338668,0.7556716657287211,2.0
4.407999999999737,0.19205766418769105,0.7567001192648222,2.0
4.409999999999736,0.19357206727228557,0.7576978406686966,2.0
4.411999999999736,0.19508843504125634,0.7586647985167345,2.0
4.413999999999736,0.19660670593719737,0.7596009627405529,2.0
4.415999999999736,0.19812681834392146,0.7605063046272897,2.0
4.4179999999997355,0.19964871058917133,0.7613807968198097,2.0
4.419999999999735,0.20117232094733128,0.7622244133168201,2.0
4.421999999999735,0.2026975876421389,0.7630371294728978,2.0
4.423999999999735,0.20422444884939675,0.7638189219984279,2.0
4.425999999999735,0.20575284269968383,0.7645697689594529,2.0
4.427999999999734,0.20728270728106674,0.765289649777433,2.0
4.429999999999734,0.20881398064181012,0.7659785452289172,2.0
4.431999999999734,0.21034660079308645,0.7666364374451269,2.0
4.433999999999734,0.21188050571168493,0.7672633099114495,2.0
4.4359999999997335,0.2134156333427192,0.7678591474668446,2.0
4.437999999999733,0.21495192160233384,0.7684239363031605,2.0
4.439999999999733,0.2164893083804094,0.7689576639643643,2.0
4.441999999999733,0.21802773154326568,0.769460319345682,2.0
4.443999999999733,0.21956712893636354,0.7699318926926526,2.0
4.445999999999732,0.2211074383870043,0.7703723756000928,2.0
4.447999999999732,0.22264859770702727,0.7707817610109754,2.0
4.449999999999732,0.2241905446955049,0.7711600432152202,2.0
4.451999999999732,0.22573321714143527,0.7715072178483977,2.0
4.4539999999997315,0.2272765528264322,0.7718232818903461,2.0
4.455999999999731,0.22882048952741219,0.7721082336637021,2.0
4.457999999999731,0.2303649650192785,0.772362072832345,2.0
4.459999999999731,0.2319099170776021,0.7725848003997559,2.0
4.461999999999731,0.23345528348129904,0.77277641870729,2.0
4.46399999999973,0.23500100201530447,0.7729369314323647,2.0
4.46599999999973,0.23654701047324284,0.7730663435865629,2.0
4.46799999999973,0.2380932466600943,0.7731646615136506,2.0
4.46999999999973,0.23963964839485702,0.7732318928875117,2.0
4.4719999999997295,0.24118615351320524,0.7732680467099983,2.0
4.473999999999729,0.24273269987014306,0.773273133308698,2.0
4.475999999999729,0.24427922534265353,0.773247164334618,2.0
4.477999999999729,0.24582566783234314,0.773190152759787,2.0
4.479999999999729,0.24737196526808142,0.7731021128747745,2.0
4.481999999999728,0.24891805560863545,0.7729830602861294,2.0
4.483999999999728,0.2504638768452992,0.7728330119137367,2.0
4.485999999999728,0.2520093670045174,0.7726519859880938,2.0
4.487999999999728,0.25355446415050426,0.7724400020475073,2.0
4.4899999999997275,0.25509910638785577,0.772197080935209,2.0
4.491999999999727,0.25664323186415694,0.7719232447963938,2.0
4.493999999999727,0.2581867787725827,0.771618517075179,2.0
4.495999999999727,0.2597296853544925,0.771282922511485,2.0
4.497999999999727,0.2612718899020186,0.7709164871378391,2.0
4.499999999999726,0.2628133307606485,0.7705192382761028,2.0
4.501999999999726,0.2643539463317997,0.7700912045341218,2.0
4.503999999999726,0.26589367507538875,0.7696324158023018,2.0
4.505999999999726,0.2674324555123925,0.7691429032501079,2.0
4.507999999999726,0.26897022622740285,0.7686226993224908,2.0
4.509999999999725,0.27050692587117414,0.7680718377362384,2.0
4.511999999999725,0.2720424931631629,0.7674903534762552,2.0
4.513999999999725,0.2735768668940606,0.7668782827917682,2.0
4.515999999999725,0.27510998592831803,0.7662356631924624,2.0
4.5179999999997245,0.27664178920666277,0.7655625334445442,2.0
4.519999999999724,0.2781722157486079,0.764858933566735,2.0
4.521999999999724,0.279701204654953,0.764124904826195,2.0
4.523999999999724,0.2812286951102771,0.7633604897343784,2.0
4.525999999999724,0.2827546263854228,0.76256573204282,2.0
4.527999999999723,0.28427893783997243,0.7617406767388547,2.0
4.529999999999723,0.28580156892471503,0.7608853700412705,2.0
4.531999999999723,0.28732245918410504,0.7599998593958953,2.0
4.533999999999723,0.2888415482587119,0.7590841934711183,2.0
4.5359999999997225,0.29035877588766057,0.7581384221533483,2.0
4.537999999999722,0.2918740819110631,0.7571625965424066,2.0
4.539999999999722,0.29338740627244064,0.7561567689468591,2.0
4.541999999999722,0.29489868902113625,0.7551209928792854,2.0
4.543999999999722,0.2964078703147182,0.7540553230514863,2.0
4.545999999999721,0.2979148904213736,0.7529598153696325,2.0
4.547999999999721,0.2994196897222921,0.7518345269293529,2.0
4.549999999999721,0.30092220871404,0.7506795160107642,2.0
4.551999999999721,0.30242238801092414,0.7494948420734433,2.0
4.5539999999997205,0.30392016834734564,0.7482805657513424,2.0
4.55599999999972,0.30541549058014367,0.7470367488476483,2.0
4.55799999999972,0.30690829569092876,0.7457634543295865,2.0
4.55999999999972,0.30839852478840546,0.7444607463231709,2.0
4.56199999999972,0.30988611911068475,0.7431286901079007,2.0
4.563999999999719,0.3113710200275857,0.7417673521114038,2.0
4.565999999999719,0.3128531690429262,0.7403767999040295,2.0
4.567999999999719,0.314332507796803,0.7389571021933902,2.0
4.569999999999719,0.31580897806786074,0.7375083288188533,2.0
4.5719999999997185,0.31728252177555,0.7360305507459844,2.0
4.573999999999718,0.3187530809823739,0.7345238400609423,2.0
4.575999999999718,0.320220597896124,0.7329882699648271,2.0
4.577999999999718,0.321685014872104,0.7314239147679826,2.0
4.579999999999718,0.3231462744153428,0.729830849884253,2.0
4.581999999999717,0.32460431918279586,0.7282091518251952,2.0
4.583999999999717,0.32605909198553434,0.7265588981942492,2.0
4.585999999999717,0.3275105357909235,0.7248801676808645,2.0
4.587999999999717,0.3289585937247884,0.7231730400545859,2.0
4.5899999999997165,0.3304032090735685,0.7214375961590992,2.0
4.591999999999716,0.33184432528645963,0.7196739179062366,2.0
4.593999999999716,0.3332818859775445,0.7178820882699444,2.0
4.595999999999716,0.33471583492791074,0.7160621912802125,2.0
4.597999999999716,0.3361461160877569,0.714214312016968,2.0
4.599999999999715,0.33757267357848625,0.7123385366039321,2.0
4.601999999999715,0.3389954516947881,0.7104349522024436,2.0
4.603999999999715,0.34041439490670694,0.7085036470052475,2.0
4.605999999999715,0.3418294478616989,0.706544710230252,2.0
4.6079999999997145,0.3432405553866759,0.7045582321142527,2.0
4.609999999999714,0.3446476624900371,0.7025443039066265,2.0
4.611999999999714,0.3460507143636876,0.7005030178629954,2.0
4.613999999999714,0.3474496563850449,0.698434467238862,2.0
4.615999999999714,0.3488444341190318,0.6963387462832163,2.0
4.6179999999997134,0.35023499332005753,0.694215950232116,2.0
4.619999999999713,0.35162127993398484,0.6920661753022406,2.0
4.621999999999713,0.3530032401000852,0.6898895186844205,2.0
4.623999999999713,0.35438082015298056,0.6876860785371424,2.0
4.625999999999713,0.35575396662457187,0.6854559539800309,2.0
4.627999999999712,0.3571226262459552,0.6831992450873084,2.0
4.629999999999712,0.3584867459493241,0.6809160528812339,2.0
4.631999999999712,0.35984627286985926,0.6786064793255209,2.0
4.633999999999712,0.3612011543476047,0.6762706273187367,2.0
4.6359999999997115,0.36255133792933086,0.673908600687683,2.0
4.637999999999711,0.3638967713703846,0.6715205041807593,2.0
4.639999999999711,0.36523740263652565,0.6691064434613091,2.0
4.641999999999711,0.36657317990574967,0.6666665251009517,2.0
4.643999999999711,0.36790405157009837,0.6642008565728985,2.0
4.64599999999971,0.3692299662374559,0.6617095462452559,2.0
4.64799999999971,0.3705508727333319,0.6591927033743152,2.0
4.64999999999971,0.37186672010263117,0.6566504380978314,2.0
4.65199999999971,0.37317745761140986,0.65408286142829,2.0
4.6539999999997095,0.37448303474861827,0.6514900852461644,2.0
4.655999999999709,0.37578340122782994,0.6488722222931642,2.0
4.657999999999709,0.37707850698895745,0.6462293861654751,2.0
4.659999999999709,0.3783683021999546,0.6435616913069911,2.0
4.661999999999709,0.37965273725850507,0.6408692530025412,2.0
4.663999999999708,0.3809317627936974,0.6381521873711092,2.0
4.665999999999708,0.38220532966768667,0.6354106113590504,2.0
4.667999999999708,0.3834733889773424,0.6326446427333027,2.0
4.669999999999708,0.3847358920558828,0.6298544000745958,2.0
4.6719999999997075,0.38599279047449586,0.6270400027706586,2.0
4.673999999999707,0.3872440360439462,0.624201571009424,2.0
4.675999999999707,0.38848958081616886,0.621339225772234,2.0
4.677999999999707,0.38972937708584937,0.6184530888270459,2.0
4.679999999999707,0.3909633773919901,0.615543282721638,2.0
4.681999999999706,0.3921915345194632,0.6126099307768189,2.0
4.683999999999706,0.3934138015005497,0.6096531570796385,2.0
4.685999999999706,0.39463013161646543,0.6066730864766032,2.0
4.687999999999706,0.39584047839887293,0.6036698445668953,2.0
4.6899999999997055,0.3970447956313802,0.6006435576955977,2.0
4.691999999999705,0.3982430373510256,0.5975943529469242,2.0
4.693999999999705,0.3994351578497496,0.5945223581374568,2.0
4.695999999999705,0.4006211116758523,0.5914277018093903,2.0
4.697999999999705,0.4018008536354384,0.5883105132237855,2.0
4.699999999999704,0.4029743387938478,0.5851709223538302,2.0
4.701999999999704,0.40414152247707347,0.5820090598781114,2.0
4.703999999999704,0.4053023602731652,0.5788250571738963,2.0
4.705999999999704,0.40645680803362044,0.5756190463104259,2.0
4.7079999999997035,0.40760482187476166,0.5723911600422189,2.0
4.709999999999703,0.4087463581790999,0.5691415318023887,2.0
4.711999999999703,0.40988137359668547,0.5658702956959737,2.0
4.713999999999703,0.41100982504644523,0.562577586493281,2.0
4.715999999999703,0.4121316697175063,0.5592635396232446,2.0
4.717999999999702,0.4132468650705069,0.5559282911667984,2.0
4.719999999999702,0.4143553688388934,0.5525719778502657,2.0
4.721999999999702,0.4154571390302049,0.5491947370387636,2.0
4.723999999999702,0.416552133927344,0.5457967067296258,2.0
4.7259999999997016,0.41764031208983465,0.5423780255458415,2.0
4.727999999999701,0.418721632355067,0.5389388327295136,2.0
4.729999999999701,0.4197960538395291,0.5354792681353344,2.0
4.731999999999701,0.4208635359400256,0.5319994722240815,2.0
4.733999999999701,0.4219240383348833,0.5284995860561326,2.0
4.7359999999997004,0.422977520985144,0.524979751285001,2.0
4.7379999999997,0.42402394413574435,0.5214401101508919,2.0
4.7399999999997,0.4250632683166826,0.5178808054742798,2.0
4.7419999999997,0.42609545434417306,0.514301980649508,2.0
4.7439999999997,0.4271204633217871,0.5107037796384101,2.0
4.745999999999699,0.4281382566415821,0.507086346963954,2.0
4.747999999999699,0.4291487959852172,0.5034498277039102,2.0
4.749999999999699,0.4301520433250566,0.4997943674845422,2.0
4.751999999999699,0.43114796092526014,0.4961201124743224,2.0
4.7539999999996985,0.4321365113428619,0.4924272093776718,2.0
4.755999999999698,0.43311765742883535,0.48871580542872484,2.0
4.757999999999698,0.43409136232914675,0.4849860483851193,2.0
4.759999999999698,0.43505758948579604,0.4812380865218124,2.0
4.761999999999698,0.4360163026378453,0.47747206862492264,2.0
4.763999999999697,0.4369674658224348,0.4736881439855982,2.0
4.765999999999697,0.4379110433757871,0.46988646239391224,2.0
4.767999999999697,0.43884699993419884,0.46606717413278487,2.0
4.769999999999697,0.4397753004350201,0.46223042997193337,2.0
4.7719999999996965,0.4406959101176224,0.45837638116184937,2.0
4.773999999999696,0.44160879452435386,0.4545051794278047,2.0
4.775999999999696,0.44251391950148306,0.45061697696388514,2.0
4.777999999999696,0.4434112512001305,0.44671192642705304,2.0
4.779999999999696,0.4443007560771886,0.4427901809312387,2.0
4.781999999999695,0.4451824008962298,0.4388518940414608,2.0
4.783999999999695,0.44605615272840266,0.43489721976797646,2.0
4.785999999999695,0.44692197895331665,0.43092631256046043,2.0
4.787999999999695,0.44777984725991526,0.42693932730221434,2.0
4.7899999999996945,0.4486297256473374,0.4229364193044058,2.0
4.791999999999694,0.4494715824257673,0.4189177443003375,2.0
4.793999999999694,0.4503053862172733,0.4148834584397471,2.0
4.795999999999694,0.45113110595663486,0.41083371828313675,2.0
4.797999999999694,0.4519487108921585,0.406768680796134,2.0
4.799999999999693,0.45275817058648243,0.40268850334388273,2.0
4.801999999999693,0.4535594549173701,0.3985933436854657,2.0
4.803999999999693,0.45435253407849235,0.39448335996835704,2.0
4.805999999999693,0.4551373785801988,0.3903587107229068,2.0
4.8079999999996925,0.4559139592502781,0.38621955485685555,2.0
4.809999999999692,0.45668224723470713,0.3820660516498811,2.0
4.811999999999692,0.45744221399838964,0.3778983607481756,2.0
4.813999999999692,0.4581938313258837,0.3737166421590546,2.0
4.815999999999692,0.45893707132211875,0.36952105624559667,2.0
4.817999999999691,0.4596719064131017,0.36531176372131485,2.0
4.819999999999691,0.46039830934661236,0.36108892564485917,2.0
4.821999999999691,0.4611162531928888,0.3568527034147502,2.0
4.823999999999691,0.4618257113453015,0.35260325876414444,2.0
4.8259999999996905,0.4625266575210175,0.3483407537556301,2.0
4.82799999999969,0.46321906576165434,0.3440653507760549,2.0
4.82999999999969,0.463902910433923,0.339777212531384,2.0
4.83199999999969,0.46457816623026144,0.3354765020415899,2.0
4.83399999999969,0.4652448081694572,0.3311633826355727,2.0
4.835999999999689,0.4659028115972604,0.32683801794611117,2.0
4.837999999999689,0.46655215218698637,0.3225005719048449,2.0
4.839999999999689,0.4671928059401085,0.31815120873728664,2.0
4.841999999999689,0.4678247491868408,0.31379009295786553,2.0
4.8439999999996886,0.4684479585867112,0.3094173893650002,2.0
4.845999999999688,0.46906241112912406,0.30503326303620243,2.0
4.847999999999688,0.46966808413391403,0.3006378793232106,2.0
4.849999999999688,0.4702649552518893,0.29623140384715313,2.0
4.851999999999688,0.4708530024653658,0.2918140024937412,2.0
4.8539999999996875,0.47143220408869146,0.2873858414084913,2.0
4.855999999999687,0.47200253876876097,0.2829470869919771,2.0
4.857999999999687,0.4725639854855215,0.27849790589510964,2.0
4.859999999999687,0.4731165235524682,0.274038465014447,2.0
4.861999999999687,0.47366013261713136,0.2695689314875322,2.0
4.863999999999686,0.47419479266155334,0.26508947268825944,2.0
4.865999999999686,0.4747204840027568,0.2606002562222683,2.0
4.867999999999686,0.47523718729320363,0.25610144992236566,2.0
4.869999999999686,0.4757448835212447,0.25159322184397526,2.0
4.8719999999996855,0.47624355401156065,0.2470757402606142,2.0
4.873999999999685,0.4767331804255934,0.2425491736593965,2.0
4.875999999999685,0.47721374476196887,0.2380136907365629,2.0
4.877999999999685,0.47768522935691116,0.23346946039303734,2.0
4.879999999999685,0.478147616884647,0.228916651730009,2.0
4.881999999999684,0.4786008903578022,0.22435543404453995,2.0
4.883999999999684,0.4790450331277888,0.2197859768251981,2.0
4.885999999999684,0.47948002888518404,0.21520844974771494,2.0
4.887999999999684,0.4799058616601001,0.2106230226706678,2.0
4.8899999999996835,0.48032251582254554,0.20602986563118608,2.0
4.891999999999683,0.48072997608277823,0.20142914884068147,2.0
4.893999999999683,0.4811282274916496,0.19682104268060122,2.0
4.895999999999683,0.48151725544094043,0.1922057176982045,2.0
4.897999999999683,0.4818970456636884,0.18758334460236126,2.0
4.899999999999682,0.482267584234507,0.18295409425937315,2.0
4.901999999999682,0.4826288575698964,0.17831813768881616,2.0
4.903999999999682,0.48298085242854555,0.1736756460594045,2.0
4.905999999999682,0.4833235559116267,0.16902679068487525,2.0
4.9079999999996815,0.4836569554630877,0.16437174302317462,2.0
4.909999999999681,0.4839810388699165,0.15971067466245156,2.0
4.911999999999681,0.4842957942624176,0.15504375732702128,2.0
4.913999999999681,0.4846012101144735,0.15037116286995972,2.0
4.915999999999681,0.48489727524379833,0.1456930632690855,2.0
4.91799999999968,0.4851839788121832,0.14100963062295985,2.0
4.91999999999968,0.48546131032573386,0.1363210371469042,2.0
4.92199999999968,0.48572925963510005,0.1316274551690346,2.0
4.92399999999968,0.4859878169356973,0.12692905712631292,2.0
4.9259999999996795,0.48623697276792066,0.12222601556061401,2.0
4.927999999999679,0.4864767180173505,0.11751850311480845,2.0
4.929999999999679,0.4867070439149507,0.11280669252886029,2.0
4.931999999999679,0.4869279420372589,0.10809075663593933,2.0
4.933999999999679,0.4871394043065692,0.10337086835854738,2.0
4.935999999999678,0.48734142299110667,0.09864720070465806,2.0
4.937999999999678,0.4875339907051946,0.09391992676386941,2.0
4.939999999999678,0.4877171004094139,0.08918921970356901,2.0
4.941999999999678,0.48789074541075494,0.08445525276511083,2.0
4.9439999999996775,0.4880549193627615,0.07971819926000358,2.0
4.945999999999677,0.4882096162656675,0.0749782325661096,2.0
4.947999999999677,0.48835483046652556,0.07023552612385411,2.0
4.949999999999677,0.4884905566593287,0.06549025343244412,2.0
4.951999999999677,0.4886167898851241,0.06074258804609626,2.0
4.953999999999676,0.48873352553211896,0.05599270357027337,2.0
4.955999999999676,0.48884075933577975,0.0512407736579289,2.0
4.957999999999676,0.48893848737892315,0.046486972005758784,2.0
4.959999999999676,0.4890267060917998,0.04173147235046007,2.0
4.961999999999676,0.4891054122521708,0.0369744484649959,2.0
4.963999999999675,0.4891746029853761,0.0322160741548661,2.0
4.965999999999675,0.48923427576439615,0.02745652325438289,2.0
4.967999999999675,0.4892844284099059,0.022695969622951128,2.0
4.969999999999675,0.48932505909032087,0.01793458714135252,2.0
4.9719999999996745,0.4893561663218366,0.013172549708033145,2.0
4.973999999999674,0.48937774896846,0.008410031235393823,2.0
4.975999999999674,0.48938980624203365,0.0036472056460826255,2.0
4.977999999999674,0.4893923377022527,-0.0011157531307109496,2.0
4.979999999999674,0.48938534325667404,-0.005878671162960796,2.0
4.981999999999673,0.4893688231607183,-0.010641374519508567,2.0
4.983999999999673,0.48934277801766457,-0.015403689273768166,2.0
4.985999999999673,0.4893072087786374,-0.020165441507430982,2.0
4.987999999999673,0.4892621167425867,-0.024926457314172406,2.0
4.9899999999996725,0.48920750355625975,-0.02968656280336026,2.0
4.991999999999672,0.4891433712141665,-0.03444558410376569,2.0
4.993999999999672,0.4890697220585368,-0.03920334736727711,2.0
4.995999999999672,0.4889865587792705,-0.043959678772617784,2.0
4.997999999999672,0.48889388441388004,-0.048714404529067654,2.0
4.999999999999671,0.48879170234742564,-0.05346735088018992,2.0
5.001999999999671,0.48868001631244307,-0.05821834410756303,2.0
5.003999999999671,0.4885588303888637,-0.06296721053451862,2.0
5.005999999999671,0.48842814900392756,-0.06771377652988593,2.0
5.0079999999996705,0.48828797693208814,-0.07245786851174339,2.0
5.00999999999967,0.4881383192949106,-0.07719931295117781,2.0
5.01199999999967,0.48797918156096165,-0.08193793637605185,2.0
5.01399999999967,0.4878105695456924,-0.08667356537478023,2.0
5.01599999999967,0.4876324894113135,-0.09140602660011533,2.0
5.017999999999669,0.4874449476666624,-0.09613514677294273,2.0
5.019999999999669,0.4872479511670637,-0.10086075268608713,2.0
5.021999999999669,0.48704150711418115,-0.10558267120812939,2.0
5.023999999999669,0.4868256230558623,-0.1103007292872351,2.0
5.0259999999996685,0.48660030688597566,-0.11501475395499518,2.0
5.027999999999668,0.48636556684424,-0.11972457233027928,2.0
5.029999999999668,0.48612141151604565,-0.12443001162310223,2.0
5.031999999999668,0.48586784983226877,-0.12913089913850428,2.0
5.033999999999668,0.48560489106907695,-0.13382706228044558,2.0
5.035999999999667,0.48533254484772786,-0.13851832855571533,2.0
5.037999999999667,0.4850508211343594,-0.1432045255778563,2.0
5.039999999999667,0.48475973023977237,-0.14788548107110516,2.0
5.041999999999667,0.4844592828192051,-0.152561022874349,2.0
5.0439999999996665,0.48414948987210016,-0.15723097894509874,2.0
5.045999999999666,0.48383036274186325,-0.16189517736347978,2.0
5.047999999999666,0.48350191311561375,-0.16655344633624036,2.0
5.049999999999666,0.4831641530239276,-0.17120561420077843,2.0
5.051999999999666,0.48281709484057206,-0.17585150942918687,2.0
5.053999999999665,0.48246075128223187,-0.18049096063231831,2.0
5.055999999999665,0.48209513540822807,-0.18512379656386932,2.0
5.057999999999665,0.48172026062022805,-0.18974984612448487,2.0
5.059999999999665,0.48133614066195424,-0.19436893836247052,2.0
5.0619999999996645,0.48094278961886455,-0.1989809024880893,2.0
5.063999999999664,0.48054022191784435,-0.20358556786766616,2.0
5.065999999999664,0.4801284523268834,-0.20818276403110225,2.0
5.067999999999664,0.4797074959547446,-0.2127723206760867,2.0
5.069999999999664,0.4792773682506242,-0.2173540676723309,2.0
5.0719999999996634,0.4788380850038034,-0.22192783506582608,2.0
5.073999999999663,0.47838966234329167,-0.2264934530831243,2.0
5.075999999999663,0.47793211673746105,-0.23105075213564322,2.0
5.077999999999663,0.47746546499367243,-0.2355995628239955,2.0
5.079999999999663,0.4769897242578926,-0.2401397159423425,2.0
5.081999999999662,0.47650491201430284,-0.24467104248277327,2.0
5.083999999999662,0.47601104608489864,-0.2491933736397086,2.0
5.085999999999662,0.47550814462908064,-0.25370654081433114,2.0
5.087999999999662,0.4749962261432366,-0.25821037561904137,2.0
5.0899999999996615,0.47447530946031463,-0.26270470988194,2.0
5.091999999999661,0.47394541374938715,-0.267189375651337,2.0
5.093999999999661,0.47340655851520586,-0.27166420520028767,2.0
5.095999999999661,0.4728587635977479,-0.27612903103115616,2.0
5.097999999999661,0.4723020491717526,-0.2805836858802064,2.0
5.09999999999966,0.47173643574624896,-0.2850280027222209,2.0
5.10199999999966,0.4711619441640739,-0.2894618147751478,2.0
5.10399999999966,0.47057859560138166,-0.2938849555047764,2.0
5.10599999999966,0.4699864115671429,-0.2982972586294408,2.0
5.1079999999996595,0.46938541390263516,-0.30269855812475327,2.0
5.109999999999659,0.46877562478092366,-0.3070886882283661,2.0
5.111999999999659,0.46815706670633217,-0.31146748344476294,2.0
5.113999999999659,0.46752976251390466,-0.3158347785500797,2.0
5.115999999999659,0.4668937353688571,-0.3201904085969552,2.0
5.117999999999658,0.4662490087660197,-0.32453420891941165,2.0
5.119999999999658,0.4655956065292691,-0.32886601513776537,2.0
5.121999999999658,0.46493355281095095,-0.3331856631635675,2.0
5.123999999999658,0.46426287209129224,-0.3374929892045754,2.0
5.1259999999996575,0.46358358917780434,-0.3417878297697542,2.0
5.127999999999657,0.46289572920467514,-0.34607002167430956,2.0
5.129999999999657,0.46219931763215166,-0.3503394020447506,2.0
5.131999999999657,0.4614943802459124,-0.35459580832398424,2.0
5.133999999999657,0.4607809431564293,-0.35883907827643996,2.0
5.135999999999656,0.4600590327983198,-0.3630690499932262,2.0
5.137999999999656,0.4593286759296879,-0.3672855618973175,2.0
5.139999999999656,0.45858989963145563,-0.37148845274877274,2.0
5.141999999999656,0.45784273130668335,-0.37567756164998506,2.0
5.1439999999996555,0.4570871986798799,-0.37985272805096243,2.0
5.145999999999655,0.4563233297963021,-0.38401379175464,2.0
5.147999999999655,0.45555115302124344,-0.3881605929222235,2.0
5.149999999999655,0.45477069703931233,-0.39229297207856373,2.0
5.151999999999655,0.45398199085369934,-0.39641077011756276,2.0
5.153999999999654,0.45318506378543366,-0.40051382830761084,2.0
5.155999999999654,0.4523799454726286,-0.4046019882970549,2.0
5.157999999999654,0.4515666658697163,-0.408675092119698,2.0
5.159999999999654,0.4507452552466711,-0.4127329822003298,2.0
5.1619999999996535,0.44991574418822233,-0.4167755013602879,2.0
5.163999999999653,0.4490781635930553,-0.4208024928230506,2.0
5.165999999999653,0.44823254467300166,-0.42481380021985954,2.0
5.167999999999653,0.447378918952218,-0.4288092675953739,2.0
5.169999999999653,0.44651731826635344,-0.4327887394133545,2.0
5.171999999999652,0.44564777476170575,-0.4367520605623784,2.0
5.173999999999652,0.44477032089436597,-0.44069907636158423,2.0
5.175999999999652,0.4438849894293515,-0.4446296325664465,2.0
5.177999999999652,0.44299181343972754,-0.448543575374581,2.0
5.1799999999996515,0.4420908263057171,-0.4524407514315789,2.0
5.181999999999651,0.4411820617137992,-0.45632100783687085,2.0
5.183999999999651,0.44026555365579517,-0.4601841921496201,2.0
5.185999999999651,0.4393413364279434,-0.4640301523946445,2.0
5.187999999999651,0.43840944462996195,-0.4678587370683678,2.0
5.1899999999996504,0.4374699131640996,-0.4716697951447985,2.0
5.19199999999965,0.43652277723417443,-0.47546317608153793,2.0
5.19399999999965,0.43556807234460065,-0.4792387298258154,2.0
5.19599999999965,0.4346058342994034,-0.4829963068205515,2.0
5.19799999999965,0.4336360992012212,-0.4867357580104486,2.0
5.199999999999649,0.4326589034502963,-0.49045693484810804,2.0
5.201999999999649,0.4316742837434527,-0.4941596893001744,2.0
5.203999999999649,0.43068227707306195,-0.4978438738535056,2.0
5.205999999999649,0.4296829207259965,-0.5015093415213694,2.0
5.2079999999996485,0.4286762522825707,-0.5051559458496651,2.0
5.209999999999648,0.42766230961546925,-0.5087835409231702,2.0
5.211999999999648,0.4266411308886632,-0.5123919813718129,2.0
5.213999999999648,0.42561275455631326,-0.5159811223769668,2.0
5.215999999999648,0.42457721936166076,-0.5195508196777723,2.0
5.217999999999647,0.42353456433590575,-0.5231009295774787,2.0
5.219999999999647,0.42248482879707233,-0.5266313089498112,2.0
5.221999999999647,0.42142805234886127,-0.5301418152453602,2.0
5.223999999999647,0.4203642748794901,-0.5336323064979911,2.0
5.2259999999996465,0.41929353656051976,-0.5371026413312779,2.0
5.227999999999646,0.41821587784566927,-0.5405526789649565,2.0
5.229999999999646,0.41713133946961634,-0.5439822792213985,2.0
5.231999999999646,0.41603996244678604,-0.5473913025321058,2.0
5.233999999999646,0.4149417880701259,-0.5507796099442238,2.0
5.235999999999645,0.4138368579098679,-0.5541470631270746,2.0
5.237999999999645,0.412725213812278,-0.5574935243787074,2.0
5.239999999999645,0.4116068978983916,-0.560818856632467,2.0
5.241999999999645,0.41048195256273684,-0.5641229234635806,2.0
5.2439999999996445,0.4093504204720439,-0.5674055890957597,2.0
5.245999999999644,0.4082123445639415,-0.5706667184078184,2.0
5.247999999999644,0.40706776804564027,-0.5739061769403079,2.0
5.249999999999644,0.40591673439260234,-0.5771238309021647,2.0
5.251999999999644,0.404759287347198,-0.5803195471773736,2.0
5.253999999999643,0.4035954709173491,-0.5834931933316435,2.0
5.255999999999643,0.4024253293751586,-0.5866446376190969,2.0
5.257999999999643,0.4012489072555274,-0.5897737489889703,2.0
5.259999999999643,0.4000662493547571,-0.5928803970923273,2.0
5.2619999999996425,0.39887740072913974,-0.5959644522887814,2.0
5.263999999999642,0.397682406693534,-0.5990257856532293,2.0
5.265999999999642,0.3964813128199279,-0.6020642689825936,2.0
5.267999999999642,0.3952741649359879,-0.6050797748025735,2.0
5.269999999999642,0.3940610091235947,-0.6080721763744041,2.0
5.271999999999641,0.3928418917173654,-0.6110413477016226,2.0
5.273999999999641,0.3916168593031619,-0.6139871635368397,2.0
5.275999999999641,0.3903859587165864,-0.6169094993885188,2.0
5.277999999999641,0.3891492370414625,-0.6198082315277578,2.0
5.2799999999996405,0.38790674160830335,-0.6226832369950762,2.0
5.28199999999964,0.386658519992766,-0.6255343936072052,2.0
5.28399999999964,0.3854046200140922,-0.62836157996388,2.0
5.28599999999964,0.38414508973353545,-0.6311646754546336,2.0
5.28799999999964,0.38287997745277486,-0.6339435602655921,2.0
5.289999999999639,0.3816093317123149,-0.636698115386269,2.0
5.291999999999639,0.38033320128987214,-0.6394282226163596,2.0
5.293999999999639,0.37905163519874774,-0.6421337645725331,2.0
5.295999999999639,0.37776468268618696,-0.6448146246952224,2.0
5.2979999999996386,0.3764723932317248,-0.6474706872554105,2.0
5.299999999999638,0.3751748165455181,-0.650101837361412,2.0
5.301999999999638,0.373872002566664,-0.6527079609656512,2.0
5.303999999999638,0.3725640014615051,-0.6552889448714322,2.0
5.305999999999638,0.3712508636219209,-0.657844676739703,2.0
5.3079999999996375,0.3699326396636057,-0.6603750450958126,2.0
5.309999999999637,0.368609380424333,-0.6628799393362578,2.0
5.311999999999637,0.3672811369622067,-0.6653592497354218,2.0
5.313999999999637,0.3659479605538984,-0.6678128674523021,2.0
5.315999999999637,0.36460990269287136,-0.670240684537226,2.0
5.317999999999636,0.3632670150875914,-0.6726425939385555,2.0
5.319999999999636,0.361919349659724,-0.6750184895093777,2.0
5.321999999999636,0.3605669585423181,-0.6773682660141813,2.0
5.323999999999636,0.3592098940779767,-0.6796918191355188,2.0
5.3259999999996355,0.35784820881701424,-0.6819890454806516,2.0
5.327999999999635,0.35648195551560025,-0.6842598425881792,2.0
5.329999999999635,0.3551111871338903,-0.6865041089346494,2.0
5.331999999999635,0.35373595683414333,-0.6887217439411512,2.0
5.333999999999635,0.35235631797882616,-0.6909126479798864,2.0
5.335999999999634,0.35097232412870466,-0.6930767223807218,2.0
5.337999999999634,0.3495840290409218,-0.6952138694377186,2.0
5.339999999999634,0.34819148666706273,-0.6973239924156399,2.0
5.341999999999634,0.34679475115120717,-0.6994069955564347,2.0
5.3439999999996335,0.3453938768279682,-0.7014627840856968,2.0
5.345999999999633,0.34398891822051875,-0.703491264219099,2.0
5.347999999999633,0.34257993003860504,-0.7054923431687999,2.0
5.349999999999633,0.3411669671765471,-0.7074659291498241,2.0
5.351999999999633,0.33975008471122675,-0.7094119313864135,2.0
5.353999999999632,0.33832933790006287,-0.7113302601183497,2.0
5.355999999999632,0.33690478217897396,-0.7132208266072458,2.0
5.357999999999632,0.3354764731603283,-0.7150835431428073,2.0
5.359999999999632,0.33404446663088144,-0.7169183230490597,2.0
5.3619999999996315,0.33260881854970137,-0.7187250806905443,2.0
5.363999999999631,0.33116958504608135,-0.7205037314784791,2.0
5.365999999999631,0.32972682241744045,-0.7222541918768847,2.0
5.367999999999631,0.3282805871272118,-0.7239763794086738,2.0
5.369999999999631,0.32683093580271877,-0.7256702126617043,2.0
5.37199999999963,0.32537792523303904,-0.727335611294794,2.0
5.37399999999963,0.32392161236685674,-0.728972496043696,2.0
5.37599999999963,0.3224620543103026,-0.730580788727035,2.0
5.37799999999963,0.3209993083247823,-0.7321604122522022,2.0
5.3799999999996295,0.3195334318247931,-0.7337112906212081,2.0
5.381999999999629,0.31806448237572876,-0.7352333489364935,2.0
5.383999999999629,0.3165925176916729,-0.7367265134066956,2.0
5.385999999999629,0.3151175956331809,-0.7381907113523704,2.0
5.387999999999629,0.3136397742050505,-0.7396258712116691,2.0
5.389999999999628,0.3121591115540807,-0.7410319225459681,2.0
5.391999999999628,0.3106756659668199,-0.7424087960454511,2.0
5.393999999999628,0.3091894958673027,-0.7437564235346438,2.0
5.395999999999628,0.3077006598147758,-0.7450747379778985,2.0
5.3979999999996275,0.30620921650141275,-0.7463636734848286,2.0
5.399999999999627,0.30471522475001817,-0.7476231653156924,2.0
5.401999999999627,0.30321874351172107,-0.7488531498867246,2.0
5.403999999999627,0.3017198318636576,-0.7500535647754146,2.0
5.405999999999627,0.3002185490066433,-0.7512243487257321,2.0
5.407999999999626,0.29871495426283506,-0.7523654416532963,2.0
5.409999999999626,0.2972091070733825,-0.7534767846504916,2.0
5.411999999999626,0.2957010669960695,-0.7545583199915248,2.0
5.413999999999626,0.2941908937029457,-0.7556099911374267,2.0
5.415999999999626,0.2926786469779475,-0.7566317427409944,2.0
5.417999999999625,0.29116438671450995,-0.7576235206516758,2.0
5.419999999999625,0.2896481729131686,-0.7585852719203926,2.0
5.421999999999625,0.2881300656791516,-0.7595169448043043,2.0
5.423999999999625,0.28661012521996276,-0.7604184887715099,2.0
5.4259999999996245,0.28508841184295475,-0.761289854505687,2.0
5.427999999999624,0.2835649859528935,-0.7621309939106687,2.0
5.429999999999624,0.28203990804951334,-0.762941860114956,2.0
5.431999999999624,0.2805132387250634,-0.7637224074761654,2.0
5.433999999999624,0.27898503866184454,-0.764472591585411,2.0
5.435999999999623,0.27745536862973846,-0.7651923692716215,2.0
5.437999999999623,0.27592428948372766,-0.765881698605788,2.0
5.439999999999623,0.274391862161407,-0.7665405389051465,2.0
5.441999999999623,0.27285814768048716,-0.7671688507372899,2.0
5.4439999999996225,0.27132320713629005,-0.767766595924212,2.0
5.445999999999622,0.2697871016992358,-0.7683337375462811,2.0
5.447999999999622,0.2682498926123222,-0.7688702399461428,2.0
5.449999999999622,0.26671164118859614,-0.7693760687325519,2.0
5.451999999999622,0.2651724088086179,-0.769851190784132,2.0
5.453999999999621,0.2636322569179176,-0.7702955742530623,2.0
5.455999999999621,0.26209124702444425,-0.7707091885686913,2.0
5.457999999999621,0.26054944069600816,-0.7710920044410762,2.0
5.459999999999621,0.25900689955771594,-0.7714439938644477,2.0
5.4619999999996205,0.25746368528939867,-0.7717651301206,2.0
5.46399999999962,0.2559198596230335,-0.7720553877822038,2.0
5.46599999999962,0.2543754843401587,-0.7723147427160444,2.0
5.46799999999962,0.2528306212692823,-0.7725431720861808,2.0
5.46999999999962,0.25128533228328415,-0.772740654357029,2.0
5.471999999999619,0.2497396792968126,-0.7729071692963655,2.0
5.473999999999619,0.24819372426367453,-0.7730426979782533,2.0
5.475999999999619,0.24664752917422006,-0.7731472227858877,2.0
5.477999999999619,0.2451011560527215,-0.7732207274143624,2.0
5.4799999999996185,0.2435546669547468,-0.7732631968733561,2.0
5.481999999999618,0.24200812396452778,-0.7732746174897366,2.0
5.483999999999618,0.24046158919232327,-0.7732549769100852,2.0
5.485999999999618,0.23891512477177712,-0.7732042641031383,2.0
5.487999999999618,0.23736879285727164,-0.7731224693621473,2.0
5.489999999999617,0.2358226556212762,-0.7730095843071558,2.0
5.491999999999617,0.2342767752516914,-0.7728656018871926,2.0
5.493999999999617,0.23273121394918914,-0.7726905163823826,2.0
5.495999999999617,0.23118603392454817,-0.7724843234059735,2.0
5.4979999999996165,0.22964129739598607,-0.7722470199062772,2.0
5.499999999999616,0.22809706658648712,-0.7719786041685274,2.0
5.501999999999616,0.22655340372112678,-0.771679075816652,2.0
5.503999999999616,0.22501037102439253,-0.77134843581496,2.0
5.505999999999616,0.2234680307175015,-0.7709866864697431,2.0
5.507999999999615,0.22192644501571496,-0.77059383143079,2.0
5.509999999999615,0.22038567612564997,-0.7701698756928161,2.0
5.511999999999615,0.21884578624258805,-0.7697148255968059,2.0
5.513999999999615,0.21730683754778146,-0.7692286888312678,2.0
5.5159999999996145,0.21576889220575693,-0.7687114744334028,2.0
5.517999999999614,0.21423201236161718,-0.7681631927901856,2.0
5.519999999999614,0.2126962601383404,-0.767583855639358,2.0
5.521999999999614,0.2111616976340777,-0.7669734760703346,2.0
5.523999999999614,0.20962838691944907,-0.7663320685250201,2.0
5.525999999999613,0.20809639003483757,-0.7656596487985396,2.0
5.527999999999613,0.20656576898768222,-0.7649562340398794,2.0
5.529999999999613,0.20503658574976977,-0.7642218427524401,2.0
5.531999999999613,0.2035089022545253,-0.7634564947945006,2.0
5.533999999999613,0.20198278039430223,-0.7626602113795943,2.0
5.535999999999612,0.20045828201767135,-0.7618330150767951,2.0
5.537999999999612,0.1989354689267096,-0.7609749298109164,2.0
5.539999999999612,0.19741440287428844,-0.7600859808626195,2.0
5.541999999999612,0.19589514556136217,-0.7591661948684336,2.0
5.5439999999996115,0.1943777586342562,-0.7582155998206876,2.0
5.545999999999611,0.19286230368195556,-0.7572342250673517,2.0
5.547999999999611,0.19134884223339396,-0.7562221013117901,2.0
5.549999999999611,0.18983743575474327,-0.7551792606124258,2.0
5.551999999999611,0.18832814564670372,-0.7541057363823147,2.0
5.55399999999961,0.1868210332417953,-0.7530015633886322,2.0
5.55599999999961,0.18531615980164998,-0.7518667777520701,2.0
5.55799999999961,0.1838135865143054,-0.7507014169461448,2.0
5.55999999999961,0.18231337449150004,-0.7495055197964169,2.0
5.5619999999996095,0.18081558476596982,-0.7482791264796217,2.0
5.563999999999609,0.17932027828874691,-0.7470222785227117,2.0
5.565999999999609,0.1778275159264602,-0.7457350188018106,2.0
5.567999999999609,0.17633735845863807,-0.7444173915410781,2.0
5.569999999999609,0.17484986657501356,-0.7430694423114881,2.0
5.571999999999608,0.17336510087283205,-0.7416912180295175,2.0
5.573999999999608,0.1718831218541616,-0.7402827669557484,2.0
5.575999999999608,0.17040398992320627,-0.7388441386933814,2.0
5.577999999999608,0.16892776538362236,-0.737375384186663,2.0
5.5799999999996075,0.16745450843583806,-0.7358765557192248,2.0
5.581999999999607,0.1659842791743763,-0.7343477069123361,2.0
5.583999999999607,0.16451713758518138,-0.7327888927230698,2.0
5.585999999999607,0.16305314354294928,-0.7312001694423823,2.0
5.587999999999607,0.1615923568084618,-0.7295815946931067,2.0
5.589999999999606,0.16013483702592493,-0.7279332274278605,2.0
5.591999999999606,0.1586806437203115,-0.7262551279268677,2.0
5.593999999999606,0.15722983629470808,-0.724547357795696,2.0
5.595999999999606,0.15578247402766682,-0.7228099799629085,2.0
5.5979999999996055,0.15433861607056168,-0.7210430586776316,2.0
5.599999999999605,0.15289832144494994,-0.7192466595070384,2.0
5.601999999999605,0.1514616490399386,-0.7174208493337478,2.0
5.603999999999605,0.1500286576095563,-0.7155656963531418,2.0
5.605999999999605,0.14859940577013034,-0.7136812700705976,2.0
5.607999999999604,0.1471739519976697,-0.7117676412986386,2.0
5.609999999999604,0.14575235462525357,-0.7098248821540031,2.0
5.611999999999604,0.14433467184042603,-0.7078530660546305,2.0
5.613999999999604,0.14292096168259655,-0.7058522677165668,2.0
5.6159999999996035,0.1415112820404471,-0.7038225631507892,2.0
5.617999999999603,0.14010569064934547,-0.7017640296599494,2.0
5.619999999999603,0.13870424508876522,-0.6996767458350387,2.0
5.621999999999603,0.13730700277971242,-0.6975607915519715,2.0
5.623999999999603,0.13591402098215935,-0.6954162479680918,2.0
5.625999999999602,0.1345253567924851,-0.6932431975185998,2.0
5.627999999999602,0.13314106714092352,-0.6910417239129013,2.0
5.629999999999602,0.13176120878901862,-0.6888119121308797,2.0
5.631999999999602,0.13038583832708722,-0.6865538484190902,2.0
5.6339999999996015,0.1290150121716897,-0.6842676202868789,2.0
5.635999999999601,0.12764878656310816,-0.6819533165024253,2.0
5.637999999999601,0.12628721756283293,-0.6796110270887095,2.0
5.639999999999601,0.12493036105105693,-0.6772408433194049,2.0
5.641999999999601,0.12357827272417857,-0.6748428577146975,2.0
5.6439999999996004,0.12223100809231288,-0.67241716403703,2.0
5.6459999999996,0.12088862247681138,-0.6699638572867747,2.0
5.6479999999996,0.11955117100779056,-0.6674830336978328,2.0
5.6499999999996,0.11821870862166929,-0.6649747907331629,2.0
5.6519999999996,0.11689129005871526,-0.6624392270802377,2.0
5.653999999999599,0.11556896986060054,-0.6598764426464304,2.0
5.655999999999599,0.11425180236796645,-0.6572865385543316,2.0
5.657999999999599,0.11293984171799784,-0.6546696171369962,2.0
5.659999999999599,0.11163314184200704,-0.6520257819331226,2.0
5.6619999999995985,0.11033175646302737,-0.6493551376821631,2.0
5.663999999999598,0.10903573909341664,-0.646657790319368,2.0
5.665999999999598,0.10774514303247054,-0.6439338469707617,2.0
5.667999999999598,0.10646002136404617,-0.6411834159480545,2.0
5.669999999999598,0.10518042695419581,-0.6384066067434874,2.0
5.671999999999597,0.10390641244881108,-0.6356035300246136,2.0
5.673999999999597,0.10263803027127756,-0.6327742976290153,2.0
5.675999999999597,0.1013753326201401,-0.6299190225589575,2.0
5.677999999999597,0.10011837146677885,-0.6270378189759792,2.0
5.6799999999995965,0.09886719855309613,-0.6241308021954229,2.0
5.681999999999596,0.0976218653892144,-0.6211980886809024,2.0
5.683999999999596,0.09638242325118528,-0.6182397960387105,2.0
5.685999999999596,0.09514892317870981,-0.6152560430121667,2.0
5.687999999999596,0.09392141597287014,-0.6122469494759065,2.0
5.689999999999595,0.09269995219387264,-0.6092126364301109,2.0
5.691999999999595,0.09148458215880259,-0.6061532259946797,2.0
5.693999999999595,0.09027535593939069,-0.603068841403347,2.0
5.695999999999595,0.08907232335979126,-0.5999596069977409,2.0
5.6979999999995945,0.08787553399437245,-0.596825648221387,2.0
5.699999999999594,0.08668503716551854,-0.5936670916136579,2.0
5.701999999999594,0.08550088194144426,-0.5904840648036686,2.0
5.703999999999594,0.08432311713402152,-0.5872766965041171,2.0
5.705999999999594,0.08315179129661841,-0.5840451165050745,2.0
5.707999999999593,0.08198695272195074,-0.5807894556677219,2.0
5.709999999999593,0.08082864943994607,-0.577509845918036,2.0
5.711999999999593,0.07967692921562054,-0.5742064202404248,2.0
5.713999999999593,0.07853183954696838,-0.5708793126713133,2.0
5.7159999999995925,0.0773934276628643,-0.5675286582926801,2.0
5.717999999999592,0.07626174052097899,-0.5641545932255456,2.0
5.719999999999592,0.07513682480570745,-0.5607572546234133,2.0
5.721999999999592,0.07401872692611074,-0.5573367806656631,2.0
5.723999999999592,0.07290749301387078,-0.5538933105508992,2.0
5.725999999999591,0.0718031689212587,-0.550426984490253,2.0
5.727999999999591,0.07070580021911638,-0.5469379437006398,2.0
5.729999999999591,0.06961543219485178,-0.5434263303979733,2.0
5.731999999999591,0.06853210985044772,-0.5398922877903353,2.0
5.7339999999995905,0.0674558779004844,-0.536335960071104,2.0
5.73599999999959,0.06638678077017574,-0.5327574924120394,2.0
5.73799999999959,0.06532486259341952,-0.5291570309563287,2.0
5.73999999999959,0.0642701672108616,-0.5255347228115901,2.0
5.74199999999959,0.06322273816797397,-0.5218907160428374,2.0
5.743999999999589,0.06218261871314713,-0.5182251596654062,2.0
5.745999999999589,0.06114985179579649,-0.51453820363784,2.0
5.747999999999589,0.06012448006448314,-0.5108299988547408,2.0
5.749999999999589,0.05910654586504888,-0.5071006971395808,2.0
5.7519999999995886,0.05809609123876572,-0.5033504512374792,2.0
5.753999999999588,0.05709315792049982,-0.4995794148079425,2.0
5.755999999999588,0.056097787336890026,-0.4957877424175704,2.0
5.757999999999588,0.05511002060454099,-0.4919755895327272,2.0
5.759999999999588,0.054129898528231,-0.48814311251217957,2.0
5.7619999999995875,0.05315746159913459,-0.4842904685997016,2.0
5.763999999999587,0.0521927499930599,-0.48041781591664734,2.0
5.765999999999587,0.051235803568701,-0.47652531345449184,2.0
5.767999999999587,0.050286661865905136,-0.4726131210673412,2.0
5.769999999999587,0.049345364103954965,-0.4686813994644123,2.0
5.771999999999586,0.0484119491798659,-0.4647303102024827,2.0
5.773999999999586,0.047486455666698554,-0.46076001567831165,2.0
5.775999999999586,0.046568921811886356,-0.45677067912103275,2.0
5.777999999999586,0.045659385535578474,-0.4527624645845184,2.0
5.7799999999995855,0.04475788442899797,-0.44873553693971746,2.0
5.781999999999585,0.04386445575281533,-0.44469006186696597,2.0
5.783999999999585,0.04297913643553741,-0.4406262058482722,2.0
5.785999999999585,0.04210196307191185,-0.4365441361595761,2.0
5.787999999999585,0.04123297192134691,-0.43244402086298384,2.0
5.789999999999584,0.04037219890634698,-0.42832602879897846,2.0
5.791999999999584,0.03951967961096362,-0.42419032957860664,2.0
5.793999999999584,0.03867544927926225,-0.42003709357564234,2.0
5.795999999999584,0.037839542813804576,-0.415866491918728,2.0
5.7979999999995835,0.0370119947741467,-0.41167869648349376,2.0
5.799999999999583,0.036192839375353066,-0.4074738798846554,2.0
5.801999999999583,0.0353821104865262,-0.4032522154680912,2.0
5.803999999999583,0.03457984162935234,-0.3990138773028985,2.0
5.805999999999583,0.03378606597666293,-0.3947590401734305,2.0
5.807999999999582,0.0330008163510121,-0.39048787957131387,2.0
5.809999999999582,0.032224125223270124,-0.3862005716874473,2.0
5.811999999999582,0.0314560247112329,-0.3818972934039821,2.0
5.813999999999582,0.030696546578247448,-0.3775782222862846,2.0
5.8159999999995815,0.02994572223185357,-0.3732435365748819,2.0
5.817999999999581,0.029203582722441557,-0.36889341517739005,2.0
5.819999999999581,0.028470158741926134,-0.3645280376604265,2.0
5.821999999999581,0.027745480622436536,-0.36014758424150645,2.0
5.823999999999581,0.02702957833502283,-0.3557522357809237,2.0
5.82599999999958,0.026322481488378506,-0.3513421737736167,2.0
5.82799999999958,0.025624219327579308,-0.34691758034102016,2.0
5.82999999999958,0.02493482073283842,-0.34247863822290225,2.0
5.83199999999958,0.024254314218277968,-0.3380255307691886,2.0
5.8339999999995795,0.0235827279307169,-0.3335584419317727,2.0
5.835999999999579,0.022920089648475236,-0.3290775562563136,2.0
5.837999999999579,0.02226642678019476,-0.3245830588740213,2.0
5.839999999999579,0.02162176636367613,-0.3200751354934301,2.0
5.841999999999579,0.020986135064732497,-0.3155539723921602,2.0
5.843999999999578,0.020359559176059534,-0.3110197564086682,2.0
5.845999999999578,0.019742064616122067,-0.3064726749339865,2.0
5.847999999999578,0.01913367692805716,-0.30191291590345265,2.0
5.849999999999578,0.01853442127859381,-0.297340667788428,2.0
5.8519999999995775,0.01794432245698916,-0.29275611958800696,2.0
5.853999999999577,0.01736340487398136,-0.28815946082071664,2.0
5.855999999999577,0.01679169256075899,-0.2835508815162074,2.0
5.857999999999577,0.016229209167947137,-0.2789305722069344,2.0
5.859999999999577,0.015675977964610118,-0.2742987239198311,2.0
5.861999999999576,0.015132021837270845,-0.26965552816797433,2.0
5.863999999999576,0.014597363288946886,-0.2650011769422414,2.0
5.865999999999576,0.014072024438203207,-0.2603358627029598,2.0
5.867999999999576,0.01355602701822164,-0.2556597783715496,2.0
5.869999999999576,0.013049392375887049,-0.2509731173221588,2.0
5.871999999999575,0.012552141470890253,-0.24627607337329224,2.0
5.873999999999575,0.012064294874847685,-0.24156884077943336,2.0
5.875999999999575,0.011585872770437817,-0.2368516142226605,2.0
5.877999999999575,0.01111689495055436,-0.2321245888042569,2.0
5.8799999999995745,0.010657380817476253,-0.22738796003631503,2.0
5.881999999999574,0.01020734938205444,-0.2226419238333355,2.0
5.883999999999574,0.009766819262915456,-0.21788667650382068,2.0
5.885999999999574,0.009335808685681847,-0.21312241474186333,2.0
5.887999999999574,0.00891433548220939,-0.2083493356187305,2.0
5.889999999999573,0.008502417089841171,-0.2035676365744428,2.0
5.891999999999573,0.008100070550678504,-0.19877751540934918,2.0
5.893999999999573,0.007707312510868699,-0.19397917027569775,2.0
5.895999999999573,0.0073241592199097,-0.18917279966920245,2.0
5.8979999999995725,0.006950626529971585,-0.18435860242060595,2.0
5.899999999999572,0.006586729895234955,-0.17953677768723894,2.0
5.901999999999572,0.006232484371246195,-0.174707524944576,2.0
5.903999999999572,0.0058879046142896385,-0.16987104397778807,2.0
5.905999999999572,0.005553004880776622,-0.1650275348732919,2.0
5.907999999999571,0.005227799026651447,-0.16017719801029645,2.0
5.909999999999571,0.00491230050681425,-0.15532023405234666,2.0
5.911999999999571,0.004606522374560793,-0.15045684393886416,2.0
5.913999999999571,0.0043104772810391686,-0.1455872288766859,2.0
5.9159999999995705,0.004024177474723433,-0.1407115903316,2.0
5.91799999999957,0.00374763480090417,-0.1358301300198795,2.0
5.91999999999957,0.0034808607011959894,-0.13094304989981406,2.0
5.92199999999957,0.003223866213055389,-0.1260505521665267,2.0
5.92399999999957,0.0029766619693355166,-0.12115283923352306,2.0
5.925999999999569,0.0027392581978376894,-0.11625011373431171,2.0
5.927999999999569,0.002511664720886672,-0.11134257851052481,2.0
5.929999999999569,0.0022938909549229045,-0.10643043660344066,2.0
5.931999999999569,0.0020859459101116905,-0.10151389124550464,2.0
5.9339999999995685,0.0018878381899693432,-0.09659314585184883,2.0
5.935999999999568,0.0016995759910062923,-0.09166840401181028,2.0
5.937999999999568,0.0015211671023871573,-0.08673986948044803,2.0
5.939999999999568,0.001352618905607788,-0.08180774617005894,2.0
5.941999999999568,0.0011939383741892738,-0.07687223814169257,2.0
5.943999999999567,0.0010451320733889237,-0.0719335495966649,2.0
5.945999999999567,0.0009062061599282207,-0.06699188486807124,2.0
5.947999999999567,0.0007771663817377516,-0.062047448412298256,2.0
5.949999999999567,0.0006580180777191119,-0.05710044480053516,2.0
5.9519999999995665,0.0005487661775237908,-0.05215107871028425,2.0
5.953999999999566,0.00044941520134903526,-0.047199554916870744,2.0
5.955999999999566,0.00035996925975069407,-0.04224607828495201,2.0
5.957999999999566,0.00028043205347304533,-0.03729085376002631,2.0
5.959999999999566,0.0002108068732956061,-0.03233408635994097,2.0
5.961999999999565,0.00015109659989692657,-0.027375981166400214,2.0
5.963999999999565,0.00010130370373536873,-0.022416743316472563,2.0
5.965999999999565,6.143024494687057e-05,-0.01745657799409793,2.0
5.967999999999565,3.147787325969652e-05,-0.012495690421594454,2.0
5.9699999999995645,1.1447827926174318e-05,-0.007534285851165096,2.0
5.971999999999564,1.3409376714189231e-06,-0.002572569556404074,2.0
5.973999999999564,1.1576206590436618e-06,0.002389253176196823,2.0
5.975999999999564,1.0897884473858844e-05,0.007350977055742003,2.0
5.977999999999564,3.056132612155795e-05,0.01231239679542585,2.0
5.979999999999563,6.0147132045391337e-05,0.017273307121026493,2.0
5.981999999999563,9.965407815982748e-05,0.0222335027793995,2.0
5.983999999999563,0.00014908052990120137,0.02719277854697144,2.0
5.985999999999563,0.00020842444229535005,0.03215092923823331,2.0
5.987999999999563,0.0002776833600422346,0.03710774971423369,2.0
5.989999999999562,0.0003568544176175483,0.04206303489107167,2.0
5.991999999999562,0.0004459343393913104,0.04701657974838945,2.0
5.993999999999562,0.0005449194397634445,0.051968179337864566,2.0
5.995999999999562,0.000653805623316341,0.056917628791701674,2.0
5.9979999999995615,0.000772588384984403,0.06186472333112387,2.0
5.999999999999561,0.0009012628102405742,0.06680925827486345,2.0
6.001999999999561,0.0010398235752998467,0.07175102904765213,2.0
6.003999999999561,0.0011882649473397506,0.0766898311887105,2.0
6.005999999999561,0.0013465807847378199,0.08162546036023692,2.0
6.00799999999956,0.0015147645373260364,0.08655771235589542,2.0
6.00999999999956,0.0016928092466622485,0.09148638310930295,2.0
6.01199999999956,0.0018807075463185636,0.09641126870251557,2.0
6.01399999999956,0.002078451662186711,0.1013321653745137,2.0
6.0159999999995595,0.0022860334128003757,0.10624886952968632,2.0
6.017999999999559,0.0025034442096744988,0.11116117774631393,2.0
6.019999999999559,0.002730675057661541,0.11606888678505038,2.0
6.021999999999559,0.002967716555324713,0.12097179359740334,2.0
6.023999999999559,0.003214558895328159,0.1258696953342133,2.0
6.025999999999558,0.003471191864844103,0.1307623893541312,2.0
6.027999999999558,0.0037376048459769433,0.13564967323209431,2.0
6.029999999999558,0.004013786816204303,0.14053134476780052,2.0
6.031999999999558,0.004299726348835021,0.1454072019941808,2.0
6.0339999999995575,0.00459541161348409,0.15027704318586974,2.0
6.035999999999557,0.004900830376557735,0.15514066686427488,2.0
6.037999999999557,0.005215970001775588,0.15999787181612485,2.0
6.039999999999557,0.005540817450689865,0.1648484570919676,2.0
6.041999999999557,0.0058753592832280314,0.16969222201791537,2.0
6.043999999999556,0.006219581658252391,0.17452896620410374,2.0
6.045999999999556,0.00657347033413659,0.17935848955314823,2.0
6.047999999999556,0.006937010669359029,0.18418059226859787,2.0
6.049999999999556,0.0073101876231131836,0.1889950748633859,2.0
6.0519999999995555,0.007692985755934821,0.1938017381682774,2.0
6.053999999999555,0.008085389230346105,0.19860038334031355,2.0
6.055999999999555,0.008487381811516596,0.2033908118712525,2.0
6.057999999999555,0.008898946867941116,0.20817282559600656,2.0
6.059999999999555,0.009320067372134495,0.21294622670107569,2.0
6.061999999999554,0.009750725901343174,0.2177108177329769,2.0
6.063999999999554,0.010190904638273669,0.22246640160666956,2.0
6.065999999999554,0.010640585371837874,0.2272127816139762,2.0
6.067999999999554,0.011099749497915205,0.23194976143199897,2.0
6.0699999999995535,0.01156837802013157,0.2366771451315311,2.0
6.071999999999553,0.012046451550655165,0.24139473718546348,2.0
6.073999999999553,0.012533950311009063,0.24610234247718593,2.0
6.075999999999553,0.013030854132900612,0.25079976630898304,2.0
6.077999999999553,0.013537142459067621,0.2554868144104245,2.0
6.079999999999552,0.014052794344141306,0.26016329294674895,2.0
6.081999999999552,0.014577788455526016,0.2648290085272425,2.0
6.083999999999552,0.015112103074295691,0.2694837682136099,2.0
6.085999999999552,0.015655716096107074,0.2741273795283397,2.0
6.0879999999995515,0.016208605032129637,0.27875965046306184,2.0
6.089999999999551,0.016770747009992204,0.28338038948689853,2.0
6.091999999999551,0.0173421187747463,0.2879894055548072,2.0
6.093999999999551,0.017922696689846137,0.29258650811591563,2.0
6.095999999999551,0.0185124567381453,0.29717150712184914,2.0
6.0979999999995504,0.01911137452291005,0.30174421303504906,2.0
6.09999999999955,0.019719425268849275,0.3063044368370825,2.0
6.10199999999955,0.02033658382316104,0.3108519900369433,2.0
6.10399999999955,0.020962824656595738,0.31538668467934283,2.0
6.10599999999955,0.021598121864535795,0.31990833335299185,2.0
6.107999999999549,0.022242449168091965,0.32441674919887153,2.0
6.109999999999549,0.02289577991521611,0.3289117459184945,2.0
6.111999999999549,0.023558087081830523,0.3333931377821547,2.0
6.113999999999549,0.02422934327297374,0.3378607396371661,2.0
6.1159999999995485,0.0249095207239628,0.3423143669160901,2.0
6.117999999999548,0.025598591301571955,0.3467538356449501,2.0
6.119999999999548,0.026296526505227808,0.3511789624514348,2.0
6.121999999999548,0.02700329746822083,0.35558956457308794,2.0
6.123999999999548,0.027718874958933243,0.35998545986548486,2.0
6.125999999999547,0.02844322938208326,0.36436646681039586,2.0
6.127999999999547,0.02917633077998563,0.368732404523935,2.0
6.129999999999547,0.029918148833828432,0.3730830927646949,2.0
6.131999999999547,0.0306686528649662,0.37741835194186607,2.0
6.1339999999995465,0.03142781183622919,0.3817380031233413,2.0
6.135999999999546,0.03219559435324888,0.38604186804380397,2.0
6.137999999999546,0.032971968665799656,0.39032976911280015,2.0
6.139999999999546,0.03375690266915655,0.39460152942279375,2.0
6.141999999999546,0.03455036390546915,0.3988569727572046,2.0
6.143999999999545,0.03535231956515153,0.4030959235984287,2.0
6.145999999999545,0.03616273648828819,0.4073182071358401,2.0
6.147999999999545,0.036981581166056016,0.4115236492737742,2.0
6.149999999999545,0.037808819742162166,0.41571207663949167,2.0
6.1519999999995445,0.03864441801429786,0.41988331659112244,2.0
6.153999999999544,0.03948834143560807,0.4240371972255898,2.0
6.155999999999544,0.040340555116176964,0.4281735473865131,2.0
6.157999999999544,0.04120102382452925,0.4322921966720895,2.0
6.159999999999544,0.04206971198914713,0.43639297544295347,2.0
6.161999999999543,0.04294658370000306,0.440475714830014,2.0
6.163999999999543,0.0438316027101081,0.4445402467422686,2.0
6.165999999999543,0.04472473243707589,0.4485864038745938,2.0
6.167999999999543,0.04562593596470218,0.45261401971551124,2.0
6.1699999999995425,0.04653517604455984,0.4566229285549293,2.0
6.171999999999542,0.047452415097609404,0.460612965491859,2.0
6.173999999999542,0.04837761521582492,0.4645839664421041,2.0
6.175999999999542,0.04931073816383524,0.46853576814592474,2.0
6.177999999999542,0.05025174538058054,0.47246820817567364,2.0
6.179999999999541,0.05120059798098416,0.4763811249434047,2.0
6.181999999999541,0.052157256757639554,0.48027435770845295,2.0
6.183999999999541,0.05312168218251242,0.4841477465849859,2.0
6.185999999999541,0.0540938344086579,0.4880011325495247,2.0
6.1879999999995405,0.055073673271952776,0.49183435744843546,2.0
6.18999999999954,0.056061158292842625,0.4956472640053891,2.0
6.19199999999954,0.05705624867810387,0.49943969582879016,2.0
6.19399999999954,0.058058903322620634,0.5032114974191729,2.0
6.19599999999954,0.05906908081117638,0.5069625141765649,2.0
6.197999999999539,0.06008673942026023,0.5106925924078165,2.0
6.199999999999539,0.061111837119887914,0.5144015793338967,2.0
6.201999999999539,0.06214433157543728,0.5180893230971539,2.0
6.203999999999539,0.06318418014949825,0.5217556727685406,2.0
6.2059999999995386,0.06423133990373729,0.5254004783548025,2.0
6.207999999999538,0.06528576760077608,0.5290235908056302,2.0
6.209999999999538,0.06634741970608456,0.5326248620207735,2.0
6.211999999999538,0.06741625238988815,0.5362041448571174,2.0
6.213999999999538,0.06849222152908901,0.5397612931357187,2.0
6.2159999999995375,0.06957528270920146,0.5432961616488036,2.0
6.217999999999537,0.07066539122630122,0.5468086061667237,2.0
6.219999999999537,0.07176250208898859,0.5502984834448725,2.0
6.221999999999537,0.07286657002036545,0.5537656512305585,2.0
6.223999999999537,0.07397754946002592,0.5572099682698368,2.0
6.225999999999536,0.07509539456606061,0.5606312943142968,2.0
6.227999999999536,0.07622005921707449,0.5640294901278063,2.0
6.229999999999536,0.0773514970142181,0.5674044174932111,2.0
6.231999999999536,0.07848966128323225,0.5707559392189886,2.0
6.2339999999995355,0.07963450507650578,0.5740839191458557,2.0
6.235999999999535,0.08078598117514674,0.5773882221533296,2.0
6.237999999999535,0.0819440420910664,0.5806687141662418,2.0
6.239999999999535,0.08310864006907641,0.5839252621612024,2.0
6.241999999999535,0.08427972708899878,0.5871577341730171,2.0
6.243999999999534,0.08545725486778864,0.5903659993010527,2.0
6.245999999999534,0.08664117486166967,0.5935499277155538,2.0
6.247999999999534,0.08783143826828213,0.5967093906639072,2.0
6.249999999999534,0.08902799602884341,0.5998442604768548,2.0
6.2519999999995335,0.09023079883032087,0.6029544105746539,2.0
6.253999999999533,0.09143979710761696,0.6060397154731844,2.0
6.255999999999533,0.0926549410457666,0.609100050790001,2.0
6.257999999999533,0.09387618058214647,0.6121352932503319,2.0
6.259999999999533,0.09510346540869637,0.6151453206930212,2.0
6.261999999999532,0.09633674497415226,0.6181300120764152,2.0
6.263999999999532,0.09757596848629121,0.6210892474841916,2.0
6.265999999999532,0.09882108491418778,0.624022908131132,2.0
6.267999999999532,0.10007204299048195,0.6269308763688346,2.0
6.2699999999995315,0.10132879121365841,0.6298130356913689,2.0
6.271999999999531,0.10259127785033718,0.6326692707408703,2.0
6.273999999999531,0.1038594509375752,0.6354994673130743,2.0
6.275999999999531,0.10513325828517905,0.6383035123627891,2.0
6.277999999999531,0.10641264747802852,0.6410812940093075,2.0
6.27999999999953,0.10769756587841092,0.6438327015417545,2.0
6.28199999999953,0.10898796062836608,0.6465576254243734,2.0
6.28399999999953,0.11028377865204174,0.6492559573017467,2.0
6.28599999999953,0.1115849666580595,0.6519275900039531,2.0
6.2879999999995295,0.11289147114189085,0.6545724175516588,2.0
6.289999999999529,0.11420323838824338,0.6571903351611438,2.0
6.291999999999529,0.11552021447345698,0.6597812392492597,2.0
6.293999999999529,0.11684234526790993,0.6623450274383224,2.0
6.295999999999529,0.1181695764384346,0.664881598560935,2.0
6.297999999999528,0.11950185345074286,0.6673908526647438,2.0
6.299999999999528,0.12083912157186079,0.669872691017124,2.0
6.301999999999528,0.12218132587257281,0.6723270161097954,2.0
6.303999999999528,0.12352841122987493,0.6747537316633686,2.0
6.3059999999995275,0.12488032232943701,0.6771527426318193,2.0
6.307999999999527,0.12623700366807386,0.6795239552068914,2.0
6.309999999999527,0.12759839955622523,0.6818672768224271,2.0
6.311999999999527,0.12896445412044416,0.6841826161586251,2.0
6.313999999999527,0.13033511130589392,0.6864698831462241,2.0
6.315999999999526,0.1317103148788533,0.6887289889706135,2.0
6.317999999999526,0.1330900084292298,0.690959846075868,2.0
6.319999999999526,0.13447413537308114,0.6931623681687085,2.0
6.321999999999526,0.1358626389551443,0.6953364702223855,2.0
6.323999999999526,0.13725546225137256,0.6974820684804883,2.0
6.325999999999525,0.13865254817147973,0.6995990804606749,2.0
6.327999999999525,0.1400538394614921,0.7016874249583263,2.0
6.329999999999525,0.14145927870630748,0.7037470220501222,2.0
6.331999999999525,0.14286880833226118,0.7057777930975383,2.0
6.3339999999995245,0.14428237060969917,0.7077796607502645,2.0
6.335999999999524,0.14569990765555776,0.7097525489495439,2.0
6.337999999999524,0.1471213614359501,0.7116963829314314,2.0
6.339999999999524,0.14854667376875877,0.7136110892299731,2.0
6.341999999999524,0.14997578632623518,0.7154965956803029,2.0
6.343999999999523,0.1514086406376045,0.71735283142166,2.0
6.345999999999523,0.15284517809167705,0.7191797269003226,2.0
6.347999999999523,0.154285339939465,0.720977213872461,2.0
6.349999999999523,0.15572906729680516,0.7227452254069071,2.0
6.3519999999995225,0.15717630114698689,0.7244836958878413,2.0
6.353999999999522,0.1586269823433854,0.7261925610173962,2.0
6.355999999999522,0.1600810516121003,0.7278717578181757,2.0
6.357999999999522,0.1615384495545988,0.7295212246356915,2.0
6.359999999999522,0.16299911665036415,0.7311409011407131,2.0
6.361999999999521,0.16446299325954816,0.7327307283315347,2.0
6.363999999999521,0.16593001962562867,0.7342906485361561,2.0
6.365999999999521,0.16740013587807093,0.7358206054143778,2.0
6.367999999999521,0.16887328203499327,0.7373205439598111,2.0
6.3699999999995205,0.1703493980058367,0.7387904105018016,2.0
6.37199999999952,0.1718284235940382,0.7402301527072667,2.0
6.37399999999952,0.17331029849970755,0.7416397195824453,2.0
6.37599999999952,0.17479496232230782,0.7430190614745629,2.0
6.37799999999952,0.17628235456333877,0.7443681300734066,2.0
6.379999999999519,0.17777241462902355,0.7456868784128156,2.0
6.381999999999519,0.17926508183299825,0.7469752608720819,2.0
6.383999999999519,0.18076029539900407,0.7482332331772645,2.0
6.385999999999519,0.18225799446358212,0.7494607524024156,2.0
6.3879999999995185,0.1837581180787706,0.7506577769707176,2.0
6.389999999999518,0.18526060521480403,0.751824266655533,2.0
6.391999999999518,0.1867653947628147,0.7529601825813657,2.0
6.393999999999518,0.18827242553753576,0.7540654872247327,2.0
6.395999999999518,0.18978163628000605,0.7551401444149487,2.0
6.397999999999517,0.19129296566027645,0.7561841193348208,2.0
6.399999999999517,0.19280635228011747,0.7571973785212545,2.0
6.401999999999517,0.19432173467572791,0.7581798898657715,2.0
6.403999999999517,0.19583905132044466,0.7591316226149374,2.0
6.4059999999995165,0.19735824062745305,0.7600525473707016,2.0
6.407999999999516,0.1988792409524979,0.7609426360906473,2.0
6.409999999999516,0.20040199059659497,0.7618018620881524,2.0
6.411999999999516,0.20192642780874265,0.7626302000324623,2.0
6.413999999999516,0.20345249078863367,0.7634276259486729,2.0
6.415999999999515,0.20498011768936675,0.7641941172176243,2.0
6.417999999999515,0.20650924662015782,0.764929652575707,2.0
6.419999999999515,0.208039815649051,0.7656342121145775,2.0
6.421999999999515,0.2095717628056286,0.7663077772807864,2.0
6.4239999999995145,0.2111050260837206,0.766950330875317,2.0
6.425999999999514,0.2126395434441129,0.7675618570530364,2.0
6.427999999999514,0.21417525281725452,0.7681423413220565,2.0
6.429999999999514,0.21571209210596334,0.7686917705430086,2.0
6.431999999999514,0.21724999918813037,0.7692101329282283,2.0
6.433999999999513,0.2187889119194222,0.7696974180408531,2.0
6.435999999999513,0.2203287681359817,0.7701536167938329,2.0
6.437999999999513,0.2218695056571266,0.7705787214488511,2.0
6.439999999999513,0.22341106228804572,0.7709727256151604,2.0
6.441999999999513,0.22495337582249295,0.7713356242483301,2.0
6.443999999999512,0.2264963840454785,0.7716674136489073,2.0
6.445999999999512,0.2280400247359575,0.7719680914609909,2.0
6.447999999999512,0.22958423566951552,0.7722376566707194,2.0
6.449999999999512,0.2311289546210512,0.7724761096046735,2.0
6.4519999999995115,0.23267411936745533,0.7726834519281917,2.0
6.453999999999511,0.23421966769028668,0.7728596866436013,2.0
6.455999999999511,0.23576553737844416,0.7730048180883643,2.0
6.457999999999511,0.2373116662308351,0.7731188519331385,2.0
6.459999999999511,0.23885799205903965,0.7732017951797537,2.0
6.46199999999951,0.24040445268997104,0.7732536561591054,2.0
6.46399999999951,0.2419509859685316,0.7732744445289629,2.0
6.46599999999951,0.2434975297602641,0.7732641712716964,2.0
6.46799999999951,0.24504402195399874,0.7732228486919202,2.0
6.4699999999995095,0.24659040046449518,0.7731504904140528,2.0
6.471999999999509,0.2481366032350796,0.7730471113797979,2.0
6.473999999999509,0.2496825682402767,0.7729127278455407,2.0
6.475999999999509,0.2512282334884365,0.7727473573796659,2.0
6.477999999999509,0.2527735370243553,0.7725510188597945,2.0
6.479999999999508,0.25431841693189167,0.7723237324699398,2.0
6.481999999999508,0.2558628113365762,0.7720655196975856,2.0
6.483999999999508,0.25740665840821525,0.7717764033306849,2.0
6.485999999999508,0.2589498963634892,0.7714564074545799,2.0
6.4879999999995075,0.2604924634685437,0.7711055574488451,2.0
6.489999999999507,0.2620342980415752,0.770723879984053,2.0
6.491999999999507,0.2635753384554095,0.7703114030184628,2.0
6.493999999999507,0.2651155231400738,0.7698681557946342,2.0
6.495999999999507,0.2666547905853619,0.7693941688359649,2.0
6.497999999999506,0.26819307934339215,0.7688894739431538,2.0
6.499999999999506,0.2697303280311587,0.7683541041905904,2.0
6.501999999999506,0.27126647533307513,0.7677880939226703,2.0
6.503999999999506,0.27280146000351063,0.7671914787500388,2.0
6.5059999999995055,0.2743352208693187,0.766564295545761,2.0
6.507999999999505,0.2758676968323583,0.7659065824414222,2.0
6.509999999999505,0.2773988268720066,0.7652183788231565,2.0
6.511999999999505,0.2789285500476644,0.7644997253276058,2.0
6.513999999999505,0.28045680550125274,0.7637506638378095,2.0
6.515999999999504,0.2819835324597017,0.762971237479026,2.0
6.517999999999504,0.2835086702374306,0.7621614906144853,2.0
6.519999999999504,0.2850321582388195,0.7613214688410768,2.0
6.521999999999504,0.28655393596067236,0.7604512189849677,2.0
6.5239999999995035,0.28807394299467104,0.759550789097159,2.0
6.525999999999503,0.2895921190298204,0.7586202284489748,2.0
6.527999999999503,0.29110840385488457,0.7576595875274882,2.0
6.529999999999503,0.2926227373608137,0.7566689180308841,2.0
6.531999999999503,0.2941350595431614,0.7556482728637601,2.0
6.533999999999502,0.295645310504493,0.754597706132365,2.0
6.535999999999502,0.29715343045678405,0.7535172731397771,2.0
6.537999999999502,0.2986593597238089,0.752407030381023,2.0
6.539999999999502,0.30016303874351985,0.7512670355381365,2.0
6.5419999999995015,0.30166440807041606,0.7500973474751601,2.0
6.543999999999501,0.3031634083779026,0.7488980262330889,2.0
6.545999999999501,0.30465998046063936,0.7476691330247578,2.0
6.547999999999501,0.30615406523687916,0.7464107302296739,2.0
6.549999999999501,0.3076456037507964,0.7451228813887928,2.0
6.5519999999995004,0.3091345371748044,0.7438056511992427,2.0
6.5539999999995,0.3106208068118623,0.7424591055089945,2.0
6.5559999999995,0.3121043540977718,0.7410833113114802,2.0
6.5579999999995,0.3135851206034622,0.7396783367401598,2.0
6.5599999999995,0.3150630480372653,0.7382442510630389,2.0
6.561999999999499,0.31653807824717883,0.736781124677136,2.0
6.563999999999499,0.3180101532231189,0.7352890291029015,2.0
6.565999999999499,0.3194792150991612,0.7337680369785902,2.0
6.567999999999499,0.3209452061557712,0.7322182220545858,2.0
6.5699999999994985,0.32240806882202233,0.7306396591876809,2.0
6.571999999999498,0.32386774567780324,0.7290324243353123,2.0
6.573999999999498,0.32532417945601333,0.7273965945497515,2.0
6.575999999999498,0.32677731304474644,0.7257322479722532,2.0
6.577999999999498,0.328227089489463,0.7240394638271626,2.0
6.579999999999497,0.32967345199515036,0.7223183224159799,2.0
6.581999999999497,0.33111634392847095,0.720568905111387,2.0
6.583999999999497,0.33255570881989877,0.7187912943512338,2.0
6.585999999999497,0.33399149036584364,0.7169855736324864,2.0
6.5879999999994965,0.3354236324307634,0.7151518275051394,2.0
6.589999999999496,0.3368520790492638,0.7132901415660908,2.0
6.591999999999496,0.33827677442818604,0.7114006024529826,2.0
6.593999999999496,0.33969766294868237,0.7094832978380069,2.0
6.595999999999496,0.3411146891682787,0.7075383164216782,2.0
6.597999999999495,0.3425277978229251,0.7055657479265746,2.0
6.599999999999495,0.3439369338290335,0.7035656830910467,2.0
6.601999999999495,0.34534204228550325,0.7015382136628969,2.0
6.603999999999495,0.34674306847573333,0.6994834323930285,2.0
6.6059999999994945,0.3481399578696223,0.6974014330290669,2.0
6.607999999999494,0.34953265612555545,0.6952923103089537,2.0
6.609999999999494,0.35092110909237884,0.6931561599545134,2.0
6.611999999999494,0.35230526281136065,0.6909930786649955,2.0
6.613999999999494,0.3536850635181397,0.6888031641105913,2.0
6.615999999999493,0.35506045764466065,0.6865865149259275,2.0
6.617999999999493,0.3564313918210964,0.6843432307035373,2.0
6.619999999999493,0.35779781287775736,0.6820734119873094,2.0
6.621999999999493,0.3591596678469876,0.6797771602659163,2.0
6.6239999999994925,0.3605169039650479,0.6774545779662231,2.0
6.625999999999492,0.3618694686739853,0.6751057684466776,2.0
6.627999999999492,0.3632173096234899,0.6727308359906816,2.0
6.629999999999492,0.3645603746727381,0.6703298857999465,2.0
6.631999999999492,0.3658986118922224,0.6679030239878316,2.0
6.633999999999491,0.36723196956556803,0.6654503575726687,2.0
6.635999999999491,0.36856039619133635,0.6629719944710709,2.0
6.637999999999491,0.3698838404848147,0.6604680434912299,2.0
6.639999999999491,0.3712022513797927,0.6579386143261995,2.0
6.6419999999994905,0.37251557803032537,0.6553838175471686,2.0
6.64399999999949,0.3738237698124826,0.6528037645967235,2.0
6.64599999999949,0.3751267763260853,0.6501985677821004,2.0
6.64799999999949,0.37642454739642783,0.6475683402684295,2.0
6.64999999999949,0.37771703307598703,0.644913196071971,2.0
6.651999999999489,0.37900418364611776,0.6422332500533443,2.0
6.653999999999489,0.3802859496187349,0.6395286179107518,2.0
6.655999999999489,0.3815622817379816,0.6367994161731961,2.0
6.657999999999489,0.3828331309818842,0.6340457621936946,2.0
6.6599999999994886,0.3840984485639934,0.6312677741424891,2.0
6.661999999999488,0.3853581859350119,0.6284655710002546,2.0
6.663999999999488,0.38661229478440867,0.6256392725513041,2.0
6.665999999999488,0.3878607270420192,0.6227889993767952,2.0
6.667999999999488,0.3891034348796324,0.619914872847934,2.0
6.6699999999994874,0.39034037071256406,0.6170170151191817,2.0
6.671999999999487,0.39157148720121654,0.6140955491214622,2.0
6.673999999999487,0.39279673725262476,0.6111505985553716,2.0
6.675999999999487,0.39401607402198885,0.6081822878843914,2.0
6.677999999999487,0.3952294509141932,0.605190742328106,2.0
6.679999999999486,0.39643682158531174,0.602176087855424,2.0
6.681999999999486,0.39763813994409997,0.5991384511778061,2.0
6.683999999999486,0.3988333601534732,0.5960779597424984,2.0
6.685999999999486,0.4000224366319714,0.5929947417257737,2.0
6.6879999999994855,0.4012053240552105,0.5898889260261796,2.0
6.689999999999485,0.40238197735732,0.5867606422577959,2.0
6.691999999999485,0.4035523517323678,0.5836100207435011,2.0
6.693999999999485,0.40471640263577047,0.5804371925082488,2.0
6.695999999999485,0.4058740857856911,0.5772422892723544,2.0
6.697999999999484,0.40702535716442323,0.5740254434447943,2.0
6.699999999999484,0.4081701730197613,0.5707867881165161,2.0
6.701999999999484,0.4093084898663581,0.5675264570537617,2.0
6.703999999999484,0.4104402644870687,0.5642445846914047,2.0
6.7059999999994835,0.411565453934281,0.5609413061263007,2.0
6.707999999999483,0.412684015531233,0.557616757110653,2.0
6.709999999999483,0.413795906873317,0.5542710740453936,2.0
6.711999999999483,0.41490108582937035,0.55090439397358,2.0
6.713999999999483,0.41599951054295314,0.5475168545738089,2.0
6.715999999999482,0.41709113943361276,0.5441085941536463,2.0
6.717999999999482,0.41817593119813523,0.5406797516430764,2.0
6.719999999999482,0.4192538448117835,0.537230466587968,2.0
6.721999999999482,0.4203248395295227,0.5337608791435605,2.0
6.7239999999994815,0.4213888748872324,0.5302711300679688,2.0
6.725999999999481,0.42244591070290594,0.5267613607157083,2.0
6.727999999999481,0.4234959070778366,0.523231713031241,2.0
6.729999999999481,0.4245388243977912,0.5196823295425416,2.0
6.731999999999481,0.4255746233341708,0.5161133533546859,2.0
6.73399999999948,0.4266032648451582,0.5125249281434614,2.0
6.73599999999948,0.42762471017685333,0.5089171981489997,2.0
6.73799999999948,0.4286389208643953,0.5052903081694325,2.0
6.73999999999948,0.42964585873307237,0.5016444035545707,2.0
6.7419999999994795,0.4306454858994187,0.4979796301996075,2.0
6.743999999999479,0.4316377647722991,0.49429613453884574,2.0
6.745999999999479,0.4326226580539808,0.49059406353945023,2.0
6.747999999999479,0.4336001287411932,0.4868735646952249,2.0
6.749999999999479,0.4345701401261745,0.4831347860204157,2.0
6.751999999999478,0.43553265579770695,0.4793778760435391,2.0
6.753999999999478,0.4364876396421389,0.47560298380123717,2.0
6.755999999999478,0.4374350558443949,0.4718102588321593,2.0
6.757999999999478,0.43837486888897387,0.4679998511708707,2.0
6.7599999999994775,0.4393070435609347,0.4641719113417879,2.0
6.761999999999477,0.44023154494686983,0.460326590353143,2.0
6.763999999999477,0.4411483384358671,0.4564640396909742,2.0
6.765999999999477,0.4420573897204591,0.452584411313146,2.0
6.767999999999477,0.4429586647975612,0.44868785764339675,2.0
6.769999999999476,0.443852129969397,0.44477453156541585,2.0
6.771999999999476,0.44473775184441267,0.44084458641694935,2.0
6.773999999999476,0.4456154973381789,0.43689817598393477,2.0
6.775999999999476,0.44648533367428167,0.4329354544946658,2.0
6.7779999999994756,0.4473472283852011,0.42895657661398634,2.0
6.779999999999475,0.44820114931317856,0.4249616974375142,2.0
6.781999999999475,0.4490470646110728,0.42095097248589547,2.0
6.783999999999475,0.4498849427432041,0.41692455769908837,2.0
6.785999999999475,0.4507147524861872,0.41288260943067806,2.0
6.7879999999994745,0.4515364629297529,0.4088252844422216,2.0
6.789999999999474,0.4523500434775584,0.40475273989762367,2.0
6.791999999999474,0.4531554638479865,0.4006651333575431,2.0
6.793999999999474,0.45395269407493327,0.39656262277383025,2.0
6.795999999999474,0.45474170450858514,0.39244536648399536,2.0
6.797999999999473,0.45552246581618466,0.38831352320570794,2.0
6.799999999999473,0.4562949489827853,0.3841672520313273,2.0
6.801999999999473,0.45705912531199533,0.3800067124224641,2.0
6.803999999999473,0.4578149664267111,0.37583206420457343,2.0
6.8059999999994725,0.45856244426983916,0.37164346756157896,2.0
6.807999999999472,0.459301531105008,0.3674410830305283,2.0
6.809999999999472,0.46003219951726876,0.3632250714962797,2.0
6.811999999999472,0.46075442241378584,0.35899559418622007,2.0
6.813999999999472,0.4614681730245165,0.35475281266501424,2.0
6.815999999999471,0.4621734249028802,0.35049688882938534,2.0
6.817999999999471,0.46287015192641773,0.3462279849029264,2.0
6.819999999999471,0.4635583282974395,0.34194626343094314,2.0
6.821999999999471,0.46423792854366397,0.33765188727532774,2.0
6.8239999999994705,0.4649089275188458,0.3333450196094636,2.0
6.82599999999947,0.4655713004033937,0.32902582391316104,2.0
6.82799999999947,0.46622502270497806,0.32469446396762364,2.0
6.82999999999947,0.46687007025912913,0.32035110385044535,2.0
6.83199999999947,0.4675064192298245,0.31599590793063825,2.0
6.833999999999469,0.468134046110067,0.3116290408636903,2.0
6.835999999999469,0.46875292772245286,0.3072506675866539,2.0
6.837999999999469,0.46936304121973,0.3028609533132641,2.0
6.839999999999469,0.46996436408534636,0.2984600635290868,2.0
6.8419999999994685,0.47055687413398883,0.29404816398669703,2.0
6.843999999999468,0.4711405495121125,0.2896254207008862,2.0
6.845999999999468,0.47171536869846015,0.28519199994389927,2.0
6.847999999999468,0.4722813105045728,0.2807480682407004,2.0
6.849999999999468,0.47283835407528996,0.2762937923642683,2.0
6.851999999999467,0.47338647888924135,0.27182933933091935,2.0
6.853999999999467,0.4739256647593288,0.2673548763956598,2.0
6.855999999999467,0.47445589183319886,0.26287057104756584,2.0
6.857999999999467,0.47497714059370655,0.25837659100519156,2.0
6.8599999999994665,0.4754893918593697,0.25387310421200454,2.0
6.861999999999466,0.47599262678481424,0.24936027883184872,2.0
6.863999999999466,0.47648682686121024,0.24483828324443438,2.0
6.865999999999466,0.47697197391669943,0.2403072860408548,2.0
6.867999999999466,0.4774480501168134,0.23576745601912916,2.0
6.869999999999465,0.477915037964883,0.23121896217977175,2.0
6.871999999999465,0.4783729203024389,0.22666197372138672,2.0
6.873999999999465,0.4788216803096034,0.22209666003628828,2.0
6.875999999999465,0.4792613015054737,0.217523190706146,2.0
6.8779999999994645,0.47969176774849576,0.21294173549765466,2.0
6.879999999999464,0.4801130632368306,0.20835246435822843,2.0
6.881999999999464,0.4805251725087112,0.20375554741171903,2.0
6.883999999999464,0.480928080442791,0.19915115495415736,2.0
6.885999999999464,0.48132177225848427,0.19453945744951834,2.0
6.887999999999463,0.4817062335162976,0.1899206255255083,2.0
6.889999999999463,0.4820814501181533,0.18529482996937494,2.0
6.891999999999463,0.48244740830770416,0.18066224172373888,2.0
6.893999999999463,0.48280409467064017,0.17602303188244708,2.0
6.895999999999463,0.48315149613498676,0.17137737168644687,2.0
6.897999999999462,0.4834895999714017,0.1667254325230063,2.0
6.899999999999462,0.4838183937934432,0.16206738591156492,2.0
6.901999999999462,0.48413786555785093,0.1574034035098202,2.0
6.903999999999462,0.48444800356481127,0.15273365710626846,2.0
6.9059999999994615,0.48474879645821506,0.14805831861617735,2.0
6.907999999999461,0.48504023322590717,0.14337756007757677,2.0
6.909999999999461,0.48532230319992786,0.13869155364726754,2.0
6.911999999999461,0.48559499605674655,0.13400047159684747,2.0
6.913999999999461,0.4858583018174873,0.1293044863087541,2.0
6.91599999999946,0.4861122108481466,0.12460377027232387,2.0
6.91799999999946,0.4863567138598033,0.11989849607986704,2.0
6.91999999999946,0.48659180190882045,0.11518883642275786,2.0
6.92199999999946,0.4868174663970398,0.11047496408753968,2.0
6.9239999999994595,0.48703369907196814,0.10575705195204416,2.0
6.925999999999459,0.4872404920269558,0.10103527298152425,2.0
6.927999999999459,0.487437837701368,0.09630980022480043,2.0
6.929999999999459,0.4876257288807479,0.09158080681041958,2.0
6.931999999999459,0.4878041586969723,0.08684846594282596,2.0
6.933999999999458,0.48797312062839965,0.08211295089854381,2.0
6.935999999999458,0.4881326085000102,0.07737443502237101,2.0
6.937999999999458,0.48828261648353916,0.07263309172358312,2.0
6.939999999999458,0.4884231390976014,0.06788909447214748,2.0
6.9419999999994575,0.48855417120780925,0.06314261679494665,2.0
6.943999999999457,0.48867570802688276,0.05839383227201059,2.0
6.945999999999457,0.4887877451147519,0.05364291453275721,2.0
6.947999999999457,0.4888902783786519,0.04889003725224054,2.0
6.949999999999457,0.48898330407321045,0.04413537414740599,2.0
6.951999999999456,0.48906681880052794,0.039379098973352226,2.0
6.953999999999456,0.48914081951025,0.03462138551959897,2.0
6.955999999999456,0.4892053034996327,0.02986240760636021,2.0
6.957999999999456,0.48926026841360004,0.02510233908082221,2.0
6.9599999999994555,0.48930571224479436,0.020341353813425812,2.0
6.961999999999455,0.4893416333336189,0.015579625694152333,2.0
6.963999999999455,0.4893680303682734,0.010817328628812576,2.0
6.965999999999455,0.489384902384782,0.0060546365353383366,2.0
6.967999999999455,0.4893922487670136,0.0012917233400758076,2.0
6.969999999999454,0.48939006924669526,-0.003471237025919678,2.0
6.971999999999454,0.4893783639034177,-0.008234070630588168,2.0
6.973999999999454,0.4893571331646337,-0.012996603544569444,2.0
6.975999999999454,0.48932637780564897,-0.017758661844907812,2.0
6.9779999999994535,0.4892860989496056,-0.022520071618757895,2.0
6.979999999999453,0.4892362980674583,-0.027280658967092024,2.0
6.981999999999453,0.48917697697794266,-0.032040250008409814,2.0
6.983999999999453,0.489108137847537,-0.03679867088245048,2.0
6.985999999999453,0.4890297831904155,-0.04155574775390853,2.0
6.987999999999452,0.4889419158683952,-0.04631130681615336,2.0
6.989999999999452,0.48884453909087433,-0.05106517429495336,2.0
6.991999999999452,0.4887376564147643,-0.0558171764522051,2.0
6.993999999999452,0.4886212717444134,-0.0605671395896682,2.0
6.9959999999994515,0.48849538933152337,-0.06531489005270638,2.0
6.997999999999451,0.4883600137750586,-0.07006025423403536,2.0
6.999999999999451,0.4882151500211475,-0.07480305857747815,2.0
7.001999999999451,0.48806080336297664,-0.07954312958172827,2.0
7.003999999999451,0.48789697944067706,-0.08428029380412139,2.0
7.0059999999994504,0.4877236842412035,-0.08901437786441624,2.0
7.00799999999945,0.48754092409820554,-0.09374520844858497,2.0
7.00999999999945,0.4873487056918914,-0.09847261231261378,2.0
7.01199999999945,0.48714703604888426,-0.10319641628631429,2.0
7.01399999999945,0.4869359225420705,-0.10791644727714615,2.0
7.015999999999449,0.48671537289044087,-0.11263253227405157,2.0
7.017999999999449,0.4864853951589234,-0.11734449835130213,2.0
7.019999999999449,0.4862459977582092,-0.1220521726723586,2.0
7.021999999999449,0.48599718944456993,-0.12675538249374413,2.0
7.0239999999994485,0.485738979319668,-0.13145395516893144,2.0
7.025999999999448,0.4854713768303585,-0.13614771815224452,2.0
7.027999999999448,0.485194391768484,-0.14083649900277534,2.0
7.029999999999448,0.48490803427066065,-0.14552012538831607,2.0
7.031999999999448,0.4846123148180571,-0.15019842508930742,2.0
7.033999999999447,0.4843072442361652,-0.1548712260028034,2.0
7.035999999999447,0.48399283369456275,-0.15953835614645315,2.0
7.037999999999447,0.4836690947066682,-0.1641996436625004,2.0
7.039999999999447,0.48333603912948775,-0.16885491682180087,2.0
7.0419999999994465,0.4829936791633538,-0.17350400402785812,2.0
7.043999999999446,0.48264202735165573,-0.17814673382087848,2.0
7.045999999999446,0.4822810965805625,-0.18278293488184533,2.0
7.047999999999446,0.48191090007873677,-0.18741243603661326,2.0
7.049999999999446,0.48153145141704806,-0.19203506625665426,2.0
7.051999999999445,0.48114276450825716,-0.1966506546732107,2.0
7.053999999999445,0.4807448536067124,-0.201259030571522,2.0
7.055999999999445,0.48033773330803076,-0.20586002339828363,2.0
7.057999999999445,0.47992141854877096,-0.2104534627658473,2.0
7.0599999999994445,0.47949592460609786,-0.2150391784564439,2.0
7.061999999999444,0.4790612670974384,-0.2196170004264292,2.0
7.063999999999444,0.47861746198012917,-0.22418675881055294,2.0
7.065999999999444,0.4781645255510552,-0.22874828392625166,2.0
7.067999999999444,0.4777024744462805,-0.23330140627796547,2.0
7.069999999999443,0.4772313256406695,-0.23784595656147947,2.0
7.071999999999443,0.4767510964475,-0.2423817656682899,2.0
7.073999999999443,0.47626180451806766,-0.24690866468999548,2.0
7.075999999999443,0.47576346784128093,-0.25142648492271436,2.0
7.0779999999994425,0.4752561047432479,-0.2559350578715269,2.0
7.079999999999442,0.4747397338868539,-0.26043421525494487,2.0
7.081999999999442,0.47421437427132995,-0.2649237890094065,2.0
7.083999999999442,0.47368004523181245,-0.2694036112937994,2.0
7.085999999999442,0.47313676643889396,-0.27387351449401,2.0
7.087999999999441,0.4725845578981643,-0.2783333312275003,2.0
7.089999999999441,0.472023439949743,-0.282782894347913,2.0
7.091999999999441,0.47145343326780237,-0.28722203694970383,2.0
7.093999999999441,0.47087455886008095,-0.29165059237280294,2.0
7.0959999999994405,0.47028683806738814,-0.29606839420730413,2.0
7.09799999999944,0.469690292563099,-0.3004752762981833,2.0
7.09999999999944,0.4690849443526399,-0.3048710727500459,2.0
7.10199999999944,0.46847081577296434,-0.3092556179319029,2.0
7.10399999999944,0.4678479294920193,-0.31362874648197747,2.0
7.105999999999439,0.4672163085082022,-0.31799029331253986,2.0
7.107999999999439,0.46657597614980784,-0.3223400936147733,2.0
7.109999999999439,0.4659269560744655,-0.32667798286366906,2.0
7.111999999999439,0.4652692722685667,-0.3310037968229522,2.0
7.1139999999994386,0.46460294904668253,-0.33531737155003744,2.0
7.115999999999438,0.4639280110509716,-0.33961854340101516,2.0
7.117999999999438,0.4632444832505773,-0.34390714903566877,2.0
7.119999999999438,0.46255239094101575,-0.34818302542252216,2.0
7.121999999999438,0.4618517597435528,-0.35244600984391816,2.0
7.1239999999994374,0.46114261560457176,-0.3566959399011279,2.0
7.125999999999437,0.4604249847949301,-0.36093265351949133,2.0
7.127999999999437,0.45969889390930624,-0.36515598895358864,2.0
7.129999999999437,0.4589643698655358,-0.369365784792443,2.0
7.131999999999437,0.45822143990393766,-0.3735618799647541,2.0
7.133999999999436,0.4574701315866292,-0.3777441137441637,2.0
7.135999999999436,0.4567104727968312,-0.3819123257545516,2.0
7.137999999999436,0.45594249173816187,-0.38606635597536326,2.0
7.139999999999436,0.4551662169339207,-0.3902060447469689,2.0
7.1419999999994355,0.4543816772263608,-0.3943312327760534,2.0
7.143999999999435,0.4535889017759513,-0.3984417611410379,2.0
7.145999999999435,0.45278792006062807,-0.40253747129753215,2.0
7.147999999999435,0.45197876187503405,-0.40661820508381846,2.0
7.149999999999435,0.4511614573297484,-0.4106838047263664,2.0
7.151999999999434,0.4503360368505044,-0.4147341128453786,2.0
7.153999999999434,0.44950253117739664,-0.4187689724603677,2.0
7.155999999999434,0.44866097136407673,-0.42278822699576374,2.0
7.157999999999434,0.4478113887769377,-0.42679172028655266,2.0
7.1599999999994335,0.4469538150942875,-0.430779296583945,2.0
7.161999999999433,0.4460882823055105,-0.4347508005610754,2.0
7.163999999999433,0.4452148227102182,-0.43870607731873223,2.0
7.165999999999433,0.4443334689173881,-0.44264497239111733,2.0
7.167999999999433,0.44344425384449104,-0.44656733175163577,2.0
7.169999999999432,0.4425472107166069,-0.45047300181871536,2.0
7.171999999999432,0.44164237306552895,-0.4543618294616557,2.0
7.173999999999432,0.44072977472885605,-0.4582336620065066,2.0
7.175999999999432,0.4398094498490732,-0.4620883472419756,2.0
7.1779999999994315,0.43888143287262055,-0.4659257334253644,2.0
7.179999999999431,0.4379457585489499,-0.46974566928853384,2.0
7.181999999999431,0.43700246192956993,-0.4735480040438973,2.0
7.183999999999431,0.43605157836707886,-0.4773325873904421,2.0
7.185999999999431,0.4350931435141853,-0.48109926951977877,2.0
7.18799999999943,0.43412719332271704,-0.48484790112221765,2.0
7.18999999999943,0.43315376404261735,-0.4885783333928727,2.0
7.19199999999943,0.4321728922209294,-0.4922904180377923,2.0
7.19399999999943,0.4311846147007683,-0.495984007280116,2.0
7.1959999999994295,0.43018896862028044,-0.4996589538662581,2.0
7.197999999999429,0.42918599141159114,-0.5033151110721162,2.0
7.199999999999429,0.42817572079973915,-0.5069523327093061,2.0
7.201999999999429,0.427158194801599,-0.5105704731314199,2.0
7.203999999999429,0.42613345172479095,-0.5141693872403111,2.0
7.205999999999428,0.425101530166578,-0.5177489304924018,2.0
7.207999999999428,0.42406246901275035,-0.5213089589050139,2.0
7.209999999999428,0.42301630743649754,-0.5248493290627249,2.0
7.211999999999428,0.4219630848972673,-0.5283698981237444,2.0
7.2139999999994275,0.42090284113961196,-0.5318705238263147,2.0
7.215999999999427,0.419835616192022,-0.5353510644951325,2.0
7.217999999999427,0.41876145036574663,-0.5388113790477914,2.0
7.219999999999427,0.4176803842536017,-0.5422513270012462,2.0
7.221999999999427,0.4165924587287643,-0.5456707684782968,2.0
7.223999999999426,0.41549771494355475,-0.5490695642140919,2.0
7.225999999999426,0.4143961943282052,-0.5524475755626527,2.0
7.227999999999426,0.41328793858961543,-0.5558046645034136,2.0
7.229999999999426,0.4121729897100956,-0.5591406936477831,2.0
7.2319999999994256,0.4110513899460954,-0.5624555262457201,2.0
7.233999999999425,0.4099231818269207,-0.565749026192329,2.0
7.235999999999425,0.40878840815343653,-0.5690210580344696,2.0
7.237999999999425,0.4076471119967568,-0.5722714869773832,2.0
7.239999999999425,0.4064993366969211,-0.5755001788913345,2.0
7.2419999999994245,0.40534512586155796,-0.578707000318267,2.0
7.243999999999424,0.4041845233645347,-0.5818918184784722,2.0
7.245999999999424,0.40301757334459415,-0.5850545012772721,2.0
7.247999999999424,0.401844320203978,-0.5881949173117148,2.0
7.249999999999424,0.40066480860703635,-0.591312935877281,2.0
7.251999999999423,0.3994790834788245,-0.5944084269746016,2.0
7.253999999999423,0.39828719000368557,-0.5974812613161865,2.0
7.255999999999423,0.3970891736238203,-0.6005313103331619,2.0
7.257999999999423,0.39588508003784284,-0.6035584461820174,2.0
7.2599999999994225,0.3946749551993234,-0.6065625417513613,2.0
7.261999999999422,0.3934588453153172,-0.6095434706686828,2.0
7.263999999999422,0.39223679684488005,-0.6125011073071214,2.0
7.265999999999422,0.3910088564975701,-0.6154353267922421,2.0
7.267999999999422,0.38977507123193633,-0.6183460050088159,2.0
7.269999999999421,0.38853548825399326,-0.6212330186076043,2.0
7.271999999999421,0.38729015501568226,-0.624096245012148,2.0
7.273999999999421,0.38603911921331924,-0.6269355624255584,2.0
7.275999999999421,0.38478242878602864,-0.6297508498373103,2.0
7.2779999999994205,0.38352013191416384,-0.6325419870300373,2.0
7.27999999999942,0.38225227701771425,-0.6353088545863257,2.0
7.28199999999942,0.3809789127546984,-0.6380513338955097,2.0
7.28399999999942,0.37970008801954386,-0.6407693071604648,2.0
7.28599999999942,0.37841585194145305,-0.6434626574043981,2.0
7.287999999999419,0.37712625388275617,-0.6461312684776375,2.0
7.289999999999419,0.37583134343724994,-0.648775025064415,2.0
7.291999999999419,0.374531170428523,-0.6513938126896472,2.0
7.293999999999419,0.3732257849082679,-0.6539875177257092,2.0
7.2959999999994185,0.3719152371545793,-0.6565560273992019,2.0
7.297999999999418,0.3705995776702388,-0.6590992297977131,2.0
7.299999999999418,0.3692788571809863,-0.6616170138765688,2.0
7.301999999999418,0.3679531266337775,-0.664109269465577,2.0
7.303999999999418,0.36662243719502857,-0.6665758872757606,2.0
7.305999999999417,0.3652868402488467,-0.6690167589060791,2.0
7.307999999999417,0.36394638739524776,-0.67143177685014,2.0
7.309999999999417,0.36260113044836,-0.673820834502895,2.0
7.311999999999417,0.361251121434615,-0.676183826167325,2.0
7.3139999999994165,0.35989641259092475,-0.6785206470611093,2.0
7.315999999999416,0.3585370563628456,-0.6808311933232789,2.0
7.317999999999416,0.35717310540272895,-0.6831153620208548,2.0
7.319999999999416,0.3558046125678587,-0.685373051155467,2.0
7.321999999999416,0.3544316309185754,-0.687604159669957,2.0
7.323999999999415,0.35305421371638707,-0.68980858745496,2.0
7.325999999999415,0.35167241442206737,-0.6919862353554667,2.0
7.327999999999415,0.35028628669374007,-0.6941370051773645,2.0
7.329999999999415,0.3488958843849509,-0.6962607996939569,2.0
7.3319999999994145,0.34750126154272604,-0.6983575226524587,2.0
7.333999999999414,0.3461024724056181,-0.7004270787804675,2.0
7.335999999999414,0.34469957140173857,-0.7024693737924115,2.0
7.337999999999414,0.343292613146778,-0.7044843143959694,2.0
7.339999999999414,0.34188165244201296,-0.7064718082984645,2.0
7.341999999999413,0.34046674427230045,-0.7084317642132308,2.0
7.343999999999413,0.3390479438040595,-0.7103640918659502,2.0
7.345999999999413,0.3376253063832402,-0.7122687020009593,2.0
7.347999999999413,0.33619888753328,-0.7141455063875265,2.0
7.349999999999413,0.3347687429530477,-0.7159944178260967,2.0
7.351999999999412,0.333334928514775,-0.7178153501545033,2.0
7.353999999999412,0.3318975002619751,-0.7196082182541461,2.0
7.355999999999412,0.33045651440735,-0.7213729380561361,2.0
7.357999999999412,0.3290120273306845,-0.7231094265474026,2.0
7.3599999999994115,0.3275640955767287,-0.7248176017767655,2.0
7.361999999999411,0.3261127758530682,-0.726497382860969,2.0
7.363999999999411,0.3246581250279821,-0.7281486899906774,2.0
7.365999999999411,0.3232002001282893,-0.729771444436431,2.0
7.367999999999411,0.3217390583371829,-0.7313655685545623,2.0
7.36999999999941,0.32027475699205255,-0.7329309857930697,2.0
7.37199999999941,0.3188073535822954,-0.7344676206974505,2.0
7.37399999999941,0.31733690574711526,-0.7359753989164893,2.0
7.37599999999941,0.3158634712733103,-0.7374542472080026,2.0
7.3779999999994095,0.3143871080930493,-0.7389040934445387,2.0
7.379999999999409,0.3129078742816365,-0.7403248666190312,2.0
7.381999999999409,0.3114258280552652,-0.7417164968504056,2.0
7.383999999999409,0.30994102776876015,-0.7430789153891381,2.0
7.385999999999409,0.3084535319133091,-0.744412054622765,2.0
7.387999999999408,0.3069633991141831,-0.7457158480813436,2.0
7.389999999999408,0.30547068812844597,-0.7469902304428611,2.0
7.391999999999408,0.3039754578426533,-0.7482351375385925,2.0
7.393999999999408,0.3024777672705402,-0.7494505063584068,2.0
7.3959999999994075,0.3009776755506993,-0.7506362750560184,2.0
7.397999999999407,0.2994752419442475,-0.7517923829541853,2.0
7.399999999999407,0.2979705258324829,-0.752918770549852,2.0
7.401999999999407,0.2964635867145312,-0.7540153795192363,2.0
7.403999999999407,0.29495448420498227,-0.7550821527228591,2.0
7.405999999999406,0.29344327803151643,-0.7561190342105168,2.0
7.407999999999406,0.29193002803252105,-0.7571259692261952,2.0
7.409999999999406,0.29041479415469734,-0.7581029042129235,2.0
7.411999999999406,0.28889763645065736,-0.7590497868175683,2.0
7.4139999999994055,0.28737861507651163,-0.759966565895567,2.0
7.415999999999405,0.2858577902894474,-0.7608531915155986,2.0
7.417999999999405,0.2843352224452974,-0.7617096149641922,2.0
7.419999999999405,0.2828109719960997,-0.7625357887502718,2.0
7.421999999999405,0.2812850994876484,-0.763331666609637,2.0
7.423999999999404,0.2797576655570354,-0.7640972035093785,2.0
7.425999999999404,0.27822873093018347,-0.7648323556522276,2.0
7.427999999999404,0.2766983564193708,-0.7655370804808395,2.0
7.429999999999404,0.27516660292074674,-0.7662113366820086,2.0
7.4319999999994035,0.2736335314118395,-0.7668550841908165,2.0
7.433999999999403,0.27209920294905543,-0.7674682841947104,2.0
7.435999999999403,0.2705636786651702,-0.7680508991375119,2.0
7.437999999999403,0.26902701976681237,-0.7686028927233566,2.0
7.439999999999403,0.2674892875319384,-0.7691242299205611,2.0
7.441999999999402,0.265950543307301,-0.7696148769654196,2.0
7.443999999999402,0.2644108485059091,-0.7700748013659275,2.0
7.445999999999402,0.26287026460448093,-0.7705039719054322,2.0
7.447999999999402,0.26132885314088966,-0.7709023586462098,2.0
7.4499999999994015,0.259786675711602,-0.7712699329329684,2.0
7.451999999999401,0.2582437939691101,-0.7716066673962753,2.0
7.453999999999401,0.2567002696193562,-0.7719125359559093,2.0
7.455999999999401,0.25515616441915107,-0.7721875138241365,2.0
7.457999999999401,0.2536115401735857,-0.7724315775089099,2.0
7.4599999999994,0.2520664587334371,-0.7726447048169904,2.0
7.4619999999994,0.25052098199256717,-0.7728268748569915,2.0
7.4639999999994,0.24897517188531637,-0.7729780680423439,2.0
7.4659999999994,0.24742909038389105,-0.773098266094182,2.0
7.4679999999994,0.24588279949574524,-0.7731874520441506,2.0
7.469999999999399,0.2443363612609569,-0.7732456102371316,2.0
7.471999999999399,0.24278983774959875,-0.7732727263338897,2.0
7.473999999999399,0.241243291059104,-0.7732687873136376,2.0
7.475999999999399,0.23969678331162686,-0.7732337814765191,2.0
7.4779999999993985,0.23815037665139835,-0.7731676984460107,2.0
7.479999999999398,0.23660413324207727,-0.7730705291712401,2.0
7.481999999999398,0.2350581152640966,-0.772942265929222,2.0
7.483999999999398,0.23351238491200563,-0.7727829023270113,2.0
7.485999999999398,0.23196700439180776,-0.7725924333037714,2.0
7.487999999999397,0.2304220359182943,-0.772370855132759,2.0
7.489999999999397,0.22887754171237437,-0.7721181654232249,2.0
7.491999999999397,0.2273335839984011,-0.7718343631222283,2.0
7.493999999999397,0.22579022500149415,-0.7715194485163679,2.0
7.4959999999993965,0.22424752694485917,-0.7711734232334259,2.0
7.497999999999396,0.22270555204710368,-0.770796290243927,2.0
7.499999999999396,0.22116436251955024,-0.7703880538626112,2.0
7.501999999999396,0.21962402056354652,-0.7699487197498194,2.0
7.503999999999396,0.2180845883677728,-0.769478294912793,2.0
7.505999999999395,0.216546128105547,-0.7689767877068864,2.0
7.507999999999395,0.2150087019321272,-0.7684442078366922,2.0
7.509999999999395,0.21347237198201227,-0.7678805663570789,2.0
7.511999999999395,0.21193720036624022,-0.7672858756741409,2.0
7.5139999999993945,0.21040324916968495,-0.7666601495460605,2.0
7.515999999999394,0.20887058044835122,-0.7660034030838828,2.0
7.517999999999394,0.20733925622666827,-0.7653156527522007,2.0
7.519999999999394,0.2058093384947821,-0.764596916369753,2.0
7.521999999999394,0.2042808892058467,-0.7638472131099335,2.0
7.523999999999393,0.20275397027331415,-0.7630665635012114,2.0
7.525999999999393,0.20122864356822437,-0.7622549894274627,2.0
7.527999999999393,0.1997049709164938,-0.7614125141282139,2.0
7.529999999999393,0.19818301409620412,-0.7605391621987952,2.0
7.5319999999993925,0.19666283483489042,-0.7596349595904062,2.0
7.533999999999392,0.19514449480682955,-0.7586999336100915,2.0
7.535999999999392,0.19362805563032856,-0.7577341129206281,2.0
7.537999999999392,0.19211357886501332,-0.7567375275403234,2.0
7.539999999999392,0.1906011260091178,-0.755710208842724,2.0
7.541999999999391,0.18909075849677398,-0.7546521895562358,2.0
7.543999999999391,0.18758253769530253,-0.753563503763655,2.0
7.545999999999391,0.18607652490250456,-0.75244418690161,2.0
7.547999999999391,0.1845727813439547,-0.7512942757599145,2.0
7.5499999999993905,0.1830713681702953,-0.750113808480832,2.0
7.55199999999939,0.18157234645453244,-0.7489028245582514,2.0
7.55399999999939,0.18007577718933354,-0.7476613648367738,2.0
7.55599999999939,0.17858172128432698,-0.746389471510711,2.0
7.55799999999939,0.17709023956340367,-0.7450871881229959,2.0
7.559999999999389,0.17560139276202097,-0.743754559564004,2.0
7.561999999999389,0.17411524152450916,-0.7423916320702878,2.0
7.563999999999389,0.17263184640138035,-0.7409984532232222,2.0
7.565999999999389,0.17115126784664023,-0.7395750719475631,2.0
7.5679999999993885,0.16967356621510288,-0.7381215385099181,2.0
7.569999999999388,0.16819880175970867,-0.7366379045171303,2.0
7.571999999999388,0.16672703462884544,-0.7351242229145744,2.0
7.573999999999388,0.16525832486367328,-0.7335805479843667,2.0
7.575999999999388,0.1637927323954528,-0.7320069353434884,2.0
7.5779999999993874,0.16233031704287745,-0.7304034419418223,2.0
7.579999999999387,0.1608711385094097,-0.7287701260601039,2.0
7.581999999999387,0.15941525638062146,-0.727107047307787,2.0
7.583999999999387,0.15796273012153889,-0.7254142666208231,2.0
7.585999999999387,0.1565136190739916,-0.7236918462593568,2.0
7.587999999999386,0.1550679824539668,-0.7219398498053359,2.0
7.589999999999386,0.15362587934896796,-0.7201583421600373,2.0
7.591999999999386,0.15218736871537883,-0.7183473895415089,2.0
7.593999999999386,0.1507525093758325,-0.7165070594819282,2.0
7.5959999999993855,0.14932136001658583,-0.7146374208248769,2.0
7.597999999999385,0.14789397918489944,-0.7127385437225339,2.0
7.599999999999385,0.1464704252864234,-0.7108104996327842,2.0
7.601999999999385,0.14505075658258876,-0.708853361316248,2.0
7.603999999999385,0.14363503118800516,-0.706867202833226,2.0
7.605999999999384,0.14222330706786457,-0.7048520995405654,2.0
7.607999999999384,0.14081564203535132,-0.7028081280884438,2.0
7.609999999999384,0.13941209374905889,-0.7007353664170743,2.0
7.611999999999384,0.13801271971041304,-0.6986338937533298,2.0
7.6139999999993835,0.13661757726110202,-0.6965037906072885,2.0
7.615999999999383,0.13522672358051363,-0.6943451387687005,2.0
7.617999999999383,0.13384021568317955,-0.692158021303377,2.0
7.619999999999383,0.13245811041622682,-0.6899425225495002,2.0
7.621999999999383,0.13108046445683685,-0.6876987281138576,2.0
7.623999999999382,0.12970733430971212,-0.6854267248679987,2.0
7.625999999999382,0.12833877630455048,-0.6831266009443162,2.0
7.627999999999382,0.12697484659352745,-0.6807984457320512,2.0
7.629999999999382,0.12561560114878664,-0.6784423498732235,2.0
7.6319999999993815,0.12426109575993827,-0.6760584052584878,2.0
7.633999999999381,0.12291138603156612,-0.6736467050229159,2.0
7.635999999999381,0.12156652738074301,-0.6712073435417054,2.0
7.637999999999381,0.12022657503455485,-0.6687404164258162,2.0
7.639999999999381,0.11889158402763354,-0.6662460205175347,2.0
7.64199999999938,0.11756160919969887,-0.6637242538859665,2.0
7.64399999999938,0.11623670519310937,-0.6611752158224586,2.0
7.64599999999938,0.11491692645042254,-0.6585990068359514,2.0
7.64799999999938,0.11360232721196428,-0.6559957286482603,2.0
7.6499999999993795,0.11229296151340802,-0.6533654841892896,2.0
7.651999999999379,0.11098888318336331,-0.6507083775921777,2.0
7.653999999999379,0.10969014584097428,-0.6480245141883739,2.0
7.655999999999379,0.108396802893528,-0.6453140005026498,2.0
7.657999999999379,0.10710890753407291,-0.6425769442480423,2.0
7.659999999999378,0.10582651273904736,-0.6398134543207334,2.0
7.661999999999378,0.10454967126591849,-0.6370236407948628,2.0
7.663999999999378,0.10327843565083158,-0.6342076149172777,2.0
7.665999999999378,0.10201285820626994,-0.6313654891022182,2.0
7.6679999999993775,0.1007529910187255,-0.6284973769259401,2.0
7.669999999999377,0.09949888594638014,-0.6256033931212754,2.0
7.671999999999377,0.09825059461679812,-0.6226836535721315,2.0
7.673999999999377,0.09700816842462945,-0.6197382753079287,2.0
7.675999999999377,0.09577165852932441,-0.6167673764979786,2.0
7.677999999999376,0.09454111585285956,-0.6137710764458028,2.0
7.679999999999376,0.09331659107747493,-0.610749495583392,2.0
7.681999999999376,0.09209813464342298,-0.6077027554654084,2.0
7.683999999999376,0.09088579674672902,-0.6046309787633298,2.0
7.6859999999993756,0.0896796273369635,-0.6015342892595374,2.0
7.687999999999375,0.08847967611502618,-0.598412811841348,2.0
7.689999999999375,0.08728599253094228,-0.5952666724949903,2.0
7.691999999999375,0.08609862578167071,-0.5920959982995277,2.0
7.693999999999375,0.08491762480892451,-0.5889009174207267,2.0
7.6959999999993745,0.08374303829700364,-0.5856815591048723,2.0
7.697999999999374,0.08257491467064015,-0.5824380536725315,2.0
7.699999999999374,0.08141330209285595,-0.579170532512265,2.0
7.701999999999374,0.08025824846283307,-0.575879128074288,2.0
7.703999999999374,0.07910980141379678,-0.5725639738640808,2.0
7.705999999999373,0.07796800831091152,-0.5692252044359505,2.0
7.707999999999373,0.07683291624918967,-0.5658629553865436,2.0
7.709999999999373,0.0757045720514134,-0.5624773633483106,2.0
7.711999999999373,0.07458302226606969,-0.5590685659829233,2.0
7.7139999999993725,0.07346831316529846,-0.5556367019746464,2.0
7.715999999999372,0.07236049074285406,-0.5521819110236623,2.0
7.717999999999372,0.07125960071208015,-0.5487043338393512,2.0
7.719999999999372,0.07016568850389811,-0.5452041121335272,2.0
7.721999999999372,0.06907879926480887,-0.5416813886136298,2.0
7.723999999999371,0.06799897785490858,-0.538136306975874,2.0
7.725999999999371,0.06692626884591793,-0.5345690118983567,2.0
7.727999999999371,0.06586071651922532,-0.5309796490341223,2.0
7.729999999999371,0.0648023648639439,-0.5273683650041874,2.0
7.7319999999993705,0.06375125757498269,-0.5237353073905253,2.0
7.73399999999937,0.06270743805113164,-0.5200806247290116,2.0
7.73599999999937,0.061670949393161,-0.5164044665023301,2.0
7.73799999999937,0.06064183440193474,-0.5127069831328415,2.0
7.73999999999937,0.05962013557653843,-0.5089883259754145,2.0
7.741999999999369,0.05860589511242139,-0.5052486473102209,2.0
7.743999999999369,0.05759915489955332,-0.5014881003354931,2.0
7.745999999999369,0.05659995652059547,-0.497706839160248,2.0
7.747999999999369,0.05560834124908634,-0.4939050187969758,2.0
7.7499999999993685,0.054624350047642115,-0.4900827951542944,2.0
7.751999999999368,0.05364802356617175,-0.4862403250295711,2.0
7.753999999999368,0.0526794021401069,-0.48237776610151123,2.0
7.755999999999368,0.051718525788646656,-0.4784952769227154,2.0
7.757999999999368,0.05076543421301725,-0.47459301691220485,2.0
7.759999999999367,0.0498201667947467,-0.47067114634791657,2.0
7.761999999999367,0.04888276259395451,-0.46672982635916815,2.0
7.763999999999367,0.047953260347656464,-0.46276921891909334,2.0
7.765999999999367,0.0470316984680846,-0.4587894868370489,2.0
7.7679999999993665,0.04611811504102237,-0.45479079375099324,2.0
7.769999999999366,0.045212547824155055,-0.4507733041198376,2.0
7.771999999999366,0.044315034245435585,-0.4467371832157704,2.0
7.773999999999366,0.04342561140146563,-0.4426825971165549,2.0
7.775999999999366,0.042544316055892206,-0.43860971269780175,2.0
7.777999999999365,0.04167118463781972,-0.43451869762521605,2.0
7.779999999999365,0.04080625324023755,-0.43040972034681996,2.0
7.781999999999365,0.039949557618463215,-0.4262829500851514,2.0
7.783999999999365,0.03910113318860115,-0.42213855682943924,2.0
7.7859999999993645,0.038261015026017205,-0.4179767113277561,2.0
7.787999999999364,0.03742923786382876,-0.4137975850791483,2.0
7.789999999999364,0.03660583609141074,-0.4096013503257447,2.0
7.791999999999364,0.0357908437529173,-0.4053881800448438,2.0
7.793999999999364,0.03498429454581944,-0.4011582479409809,2.0
7.795999999999363,0.03418622181945848,-0.39691172843797484,2.0
7.797999999999363,0.03339665857361547,-0.3926487966709547,2.0
7.799999999999363,0.03261563745709654,-0.38836962847836853,2.0
7.801999999999363,0.031843190766334274,-0.3840744003939726,2.0
7.803999999999363,0.031079350444005144,-0.3797632896388032,2.0
7.805999999999362,0.030324148077662955,-0.37543647411313036,2.0
7.807999999999362,0.02957761489838846,-0.3710941323883953,2.0
7.809999999999362,0.028839781779455093,-0.3667364436991305,2.0
7.811999999999362,0.028110679235010875,-0.3623635879348641,2.0
7.8139999999993615,0.02739033741877653,-0.3579757456320088,2.0
7.815999999999361,0.026678786122759854,-0.35357309796573494,2.0
7.817999999999361,0.025976054775986315,-0.3491558267418297,2.0
7.819999999999361,0.02528217244324599,-0.34472411438854145,2.0
7.821999999999361,0.024597167823856805,-0.34027814394841016,2.0
7.82399999999936,0.023921069250444134,-0.33581809907008486,2.0
7.82599999999936,0.023253904687736773,-0.33134416400012756,2.0
7.82799999999936,0.022595701731379314,-0.32685652357480505,2.0
7.82999999999936,0.02194648760676097,-0.3223553632118679,2.0
7.8319999999993595,0.021306289167860815,-0.3178408689023184,2.0
7.833999999999359,0.02067513289610955,-0.3133132272021661,2.0
7.835999999999359,0.020053044899267722,-0.30877262522417326,2.0
7.837999999999359,0.019440050910320483,-0.30421925062958904,2.0
7.839999999999359,0.018836176286388905,-0.2996532916198735,2.0
7.841999999999358,0.018241446007657827,-0.2950749369284114,2.0
7.843999999999358,0.017655884676320305,-0.29048437581221714,2.0
7.845999999999358,0.017079516515538663,-0.2858817980436293,2.0
7.847999999999358,0.016512365368422145,-0.281267393901997,2.0
7.8499999999993575,0.015954454697021222,-0.2766413541653576,2.0
7.851999999999357,0.015405807581338547,-0.2720038701021056,2.0
7.853999999999357,0.014866446718356574,-0.2673551334626538,2.0
7.855999999999357,0.014336394421081866,-0.2626953364710871,2.0
7.857999999999357,0.013815672617606104,-0.2580246718168081,2.0
7.859999999999356,0.013304302850183818,-0.25334333264617626,2.0
7.861999999999356,0.012802306274326831,-0.2486515125541398,2.0
7.863999999999356,0.01230970365791546,-0.24394940557586126,2.0
7.865999999999356,0.011826515380326467,-0.2392372061783364,2.0
7.8679999999993555,0.011352761431577778,-0.23451510925200747,2.0
7.869999999999355,0.01088846141148998,-0.22978331010237021,2.0
7.871999999999355,0.010433634528864614,-0.2250420044415756,2.0
7.873999999999355,0.009988299600679268,-0.22029138838002604,2.0
7.875999999999355,0.009552475051299478,-0.21553165841796657,2.0
7.877999999999354,0.009126178911707462,-0.21076301143707107,2.0
7.879999999999354,0.00870942881874767,-0.20598564469202385,2.0
7.881999999999354,0.0083022420143892,-0.20119975580209665,2.0
7.883999999999354,0.007904635345005035,-0.1964055427427215,2.0
7.8859999999993535,0.007516625260668163,-0.19160320383705948,2.0
7.887999999999353,0.007138227814464548,-0.18679293774756536,2.0
7.889999999999353,0.0067694586618229835,-0.18197494346754886,2.0
7.891999999999353,0.006410333059861823,-0.17714942031273212,2.0
7.893999999999353,0.0060608658667526015,-0.17231656791280392,2.0
7.895999999999352,0.005721071541100552,-0.1674765862029706,2.0
7.897999999999352,0.005390964141342019,-0.16262967541550402,2.0
7.899999999999352,0.005070557325158782,-0.15777603607128662,2.0
7.901999999999352,0.0047598643489092955,-0.15291586897135367,2.0
7.9039999999993515,0.00445889806707684,-0.14804937518843292,2.0
7.905999999999351,0.004167670931734599,-0.14317675605848182,2.0
7.907999999999351,0.0038861949920276665,-0.1382982131722224,2.0
7.909999999999351,0.0036144818936719833,-0.13341394836667392,2.0
7.911999999999351,0.003352542878470213,-0.12852416371668332,2.0
7.91399999999935,0.0031003887838380955,-0.12362906152968392,2.0
7.91599999999935,0.0028580300423673628,-0.11872884432741576,2.0
7.91799999999935,0.0026254766813857532,-0.11382371484737296,2.0
7.91999999999935,0.0024027383225406723,-0.10891387603098092,2.0
7.92199999999935,0.002189824181399809,-0.10399953101511815,2.0
7.923999999999349,0.001986743067068709,-0.0990808831236365,2.0
7.925999999999349,0.0017935033818253076,-0.09415813585888007,2.0
7.927999999999349,0.001610113120771428,-0.0892314928932029,2.0
7.929999999999349,0.0014365798715012456,-0.08430115806048535,2.0
7.9319999999993485,0.001272910813786719,-0.07936733534764952,2.0
7.933999999999348,0.001119112719279992,-0.07443022888617344,2.0
7.935999999999348,0.0009751919512327688,-0.06949004294360449,2.0
7.937999999999348,0.0008411544642326623,-0.06454698191507177,2.0
7.939999999999348,0.0007170058039565191,-0.05960125031479778,2.0
7.941999999999347,0.0006027511069407216,-0.05465305276760925,2.0
7.943999999999347,0.0004983951003684692,-0.0497025940004473,2.0
7.945999999999347,0.00040394210187404004,-0.04475007883387701,2.0
7.947999999999347,0.00031939601936403414,-0.03979571217359636,2.0
7.9499999999993465,0.0002447603508555987,-0.03483969900194474,2.0
7.951999999999346,0.0001800381843316375,-0.02988224436941088,2.0
7.953999999999346,0.00012523219761300438,-0.024923553386140513,2.0
7.955999999999346,8.034465824768202e-05,-0.01996383121344359,2.0
7.957999999999346,4.5377423416946506e-05,-0.01500328305530126,2.0
7.959999999999345,2.033193985851815e-05,-0.010042114149872551,2.0
7.961999999999345,5.209243806699202e-06,-0.005080529761000914,2.0
7.963999999999345,9.960949498625869e-09,-0.00011873516972056575,2.0
7.965999999999345,4.734306402744273e-06,0.004843064334237228,2.0
7.9679999999993445,1.9382084701182573e-05,0.009804663460937939,2.0
7.969999999999344,4.3952689806565786e-05,0.014765856928737556,2.0
7.971999999999344,7.84451051327268e-05,0.019726439472776323,2.0
7.973999999999344,0.00012285790358764127,0.024686205853472372,2.0
7.975999999999344,0.00017718924763247693,0.029644950865015226,2.0
7.977999999999343,0.00024143688935762973,0.03460246934385909,2.0
7.979999999999343,0.0003155981705757463,0.03955855617721592,2.0
7.981999999999343,0.00039967002293173217,0.04451300631154817,2.0
7.983999999999343,0.0004936489680297455,0.04946561476106124,2.0
7.9859999999993425,0.0005975311175771748,0.05441617661619546,2.0
7.987999999999342,0.0007113121735456004,0.059364487052117665,2.0
7.989999999999342,0.000834987428348739,0.06431034133721227,2.0
7.991999999999342,0.000968551765037369,0.0692535348415717,2.0
7.993999999999342,0.0011119996575112364,0.07419386304548636,2.0
7.995999999999341,0.001265325170747941,0.0791311215479337,2.0
7.997999999999341,0.0014285219610487975,0.08406510607506665,2.0
7.999999999999341,0.0016015832763016755,0.08899561248870128,2.0
8.001999999999342,0.0017845019562608123,0.09392243679480346,2.0
8.003999999999342,0.001977270432843598,0.09884537515197464,2.0
8.005999999999343,0.0021798807304443317,0.10376422387993656,2.0
8.007999999999344,0.0023923244662649463,0.10867877946801484,2.0
8.009999999999344,0.002614592850662699,0.11358883858362144,2.0
8.011999999999345,0.0028466766875148244,0.11849419808073579,2.0
8.013999999999346,0.0030885663746001504,0.12339465500838454,2.0
8.015999999999346,0.0033402519039976704,0.1282900066191199,2.0
8.017999999999347,0.0036017228625020723,0.13318005037749645,2.0
8.019999999999348,0.003872968432056218,0.1380645839685462,2.0
8.021999999999348,0.004153977390200573,0.14294340530625205,2.0
8.023999999999349,0.004444738110539577,0.14781631254201918,2.0
8.02599999999935,0.004745238563218282,0.1526831040698043,2.0
8.02799999999935,0.00505546631543573,0.15754357854448858,2.0
8.029999999999351,0.005375408531955694,0.16239753488055347,2.0
8.031999999999352,0.005705051975640783,0.16724477226376785,2.0
8.033999999999352,0.006044383008003483,0.17208509015964865,2.0
8.035999999999353,0.006393387589774111,0.17691828832191858,2.0
8.037999999999354,0.006752051281485681,0.1817441668009613,2.0
8.039999999999354,0.00712035924407568,0.18656252595227366,2.0
8.041999999999355,0.007498296239504742,0.19137316644491476,2.0
8.043999999999356,0.00788584663139222,0.19617588926995208,2.0
8.045999999999356,0.008282994385668646,0.20097049574890397,2.0
8.047999999999357,0.008689723071245076,0.20575678754217877,2.0
8.049999999999358,0.009106015860699295,0.21053456665751022,2.0
8.051999999999358,0.009531855530978916,0.21530363545838888,2.0
8.053999999999359,0.009967224464121306,0.22006379667248957,2.0
8.05599999999936,0.010412104647990389,0.22481485340009452,2.0
8.05799999999936,0.010866477677030278,0.229556609122512,2.0
8.059999999999361,0.011330324753035739,0.23428886771049032,2.0
8.061999999999362,0.01180362668593948,0.23901143343262693,2.0
8.063999999999362,0.012286363894616261,0.2437241109637724,2.0
8.065999999999363,0.012778516407703795,0.248426705393429,2.0
8.067999999999364,0.013280063864440445,0.2531190222341439,2.0
8.069999999999364,0.013790985515519702,0.25780086742989633,2.0
8.071999999999365,0.014311260223961434,0.2624720473644788,2.0
8.073999999999366,0.014840866465999886,0.267132368869872,2.0
8.075999999999366,0.015379782331988428,0.27178163923461296,2.0
8.077999999999367,0.015927985527321026,0.2764196662121567,2.0
8.079999999999368,0.016485453373370443,0.2810462580292304,2.0
8.081999999999368,0.017052162808443117,0.28566122339418043,2.0
8.083999999999369,0.017628090388750753,0.2902643715053114,2.0
8.08599999999937,0.018213212289398564,0.2948555120592176,2.0
8.08799999999937,0.018807504305390178,0.2994344552591056,2.0
8.089999999999371,0.019410941852649178,0.3040010118231088,2.0
8.091999999999372,0.02002349996905727,0.30855499299259254,2.0
8.093999999999372,0.02064515331550902,0.3130962105404504,2.0
8.095999999999373,0.021275876176983233,0.31762447677939043,2.0
8.097999999999374,0.021915642463630834,0.3221396045702117,2.0
8.099999999999374,0.022564425711879325,0.32664140733007047,2.0
8.101999999999375,0.023222199085553764,0.33112969904073586,2.0
8.103999999999376,0.023888935377014225,0.33560429425683397,2.0
8.105999999999376,0.024564607008309758,0.34006500811408125,2.0
8.107999999999377,0.025249186032348787,0.34451165633750563,2.0
8.109999999999378,0.025942644134085945,0.3489440552496555,2.0
8.111999999999378,0.026644952631725314,0.3533620217787962,2.0
8.113999999999379,0.027356082477940042,0.3577653734670937,2.0
8.11599999999938,0.02807600426110832,0.36215392847878414,2.0
8.11799999999938,0.028804688206565683,0.3665275056083306,2.0
8.119999999999381,0.0295421041778736,0.3708859242885646,2.0
8.121999999999382,0.030288221678104355,0.3752290045988136,2.0
8.123999999999382,0.03104300985114213,0.37955656727301273,2.0
8.125999999999383,0.03180643748300034,0.38386843370780155,2.0
8.127999999999384,0.032578473003155126,0.3881644259706042,2.0
8.129999999999384,0.03335908448589497,0.39244436680769323,2.0
8.131999999999385,0.03414823965168646,0.39670807965223653,2.0
8.133999999999386,0.034945905868556115,0.40095538863232644,2.0
8.135999999999386,0.03575205015348823,0.405186118578991,2.0
8.137999999999387,0.036566639173838754,0.4094000950341869,2.0
8.139999999999388,0.037389639248765136,0.4135971442587729,2.0
8.141999999999388,0.038221016350672064,0.41777709324046447,2.0
8.143999999999389,0.039060736106673134,0.42193976970176755,2.0
8.14599999999939,0.03990876380006833,0.4260850021078923,2.0
8.14799999999939,0.040765064371837356,0.4302126196746455,2.0
8.149999999999391,0.04162960242214867,0.4343224523763015,2.0
8.151999999999392,0.0425023422118843,0.43841433095345056,2.0
8.153999999999392,0.04338324766418029,0.4424880869208247,2.0
8.155999999999393,0.04427228236598279,0.4465435525751002,2.0
8.157999999999394,0.04516940956961974,0.4505805610026762,2.0
8.159999999999394,0.04607459219438806,0.4545989460874285,2.0
8.161999999999395,0.046987792828156336,0.45859854251843885,2.0
8.163999999999396,0.04790897372898295,0.46257918579769786,2.0
8.165999999999396,0.04883809682674958,0.4665407122477823,2.0
8.167999999999397,0.049775123724810015,0.47048295901950526,2.0
8.169999999999398,0.050720015701654256,0.47440576409953855,2.0
8.171999999999398,0.05167273371258784,0.47830896631800746,2.0
8.173999999999399,0.05263323839142633,0.4821924053560565,2.0
8.1759999999994,0.05360149005220485,0.4860559217533861,2.0
8.1779999999994,0.05457744869090277,0.48989935691575864,2.0
8.179999999999401,0.05556107398718327,0.49372255312247487,2.0
8.181999999999402,0.05655232530614786,0.49752535353381805,2.0
8.183999999999402,0.057551161700105796,0.5013076021984669,2.0
8.185999999999403,0.05855754191035824,0.5050691440608756,2.0
8.187999999999404,0.05957142436899714,0.5088098249686205,2.0
8.189999999999404,0.06059276720071886,0.5125294916797134,2.0
8.191999999999405,0.06162152822465224,0.5162279918698799,2.0
8.193999999999406,0.06265766495620137,0.5199051741398021,2.0
8.195999999999406,0.06370113460890264,0.5235608880223263,2.0
8.197999999999407,0.0647518940962963,0.5271949839896335,2.0
8.199999999999408,0.0658099000338122,0.5308073134603728,2.0
8.201999999999408,0.0668751087406699,0.5343977288067564,2.0
8.203999999999409,0.06794747624179286,0.5379660833616168,2.0
8.20599999999941,0.06902695826973664,0.5415122314254238,2.0
8.20799999999941,0.0701135102666312,0.5450360282732618,2.0
8.209999999999411,0.07120708738613706,0.5485373301617662,2.0
8.211999999999412,0.07230764449541532,0.5520159943360187,2.0
8.213999999999412,0.07341513617711143,0.5554718790363998,2.0
8.215999999999413,0.07452951673135254,0.5589048435053989,2.0
8.217999999999414,0.07565074017775854,0.5623147479943806,2.0
8.219999999999414,0.07677876025746654,0.5657014537703067,2.0
8.221999999999415,0.07791353043516873,0.569064823122413,2.0
8.223999999999416,0.07905500390116357,0.5724047193688409,2.0
8.225999999999416,0.08020313357342022,0.5757210068632216,2.0
8.227999999999417,0.08135787209965603,0.5790135510012142,2.0
8.229999999999418,0.0825191718594271,0.582282218226995,2.0
8.231999999999418,0.0836869849662318,0.5855268760396984,2.0
8.23399999999942,0.08486126326962702,0.5887473929998089,2.0
8.23599999999942,0.08604195835735728,0.5919436387355022,2.0
8.23799999999942,0.0872290215574964,0.5951154839489361,2.0
8.239999999999421,0.08842240394060166,0.5982628004224901,2.0
8.241999999999422,0.08962205632188054,0.6013854610249517,2.0
8.243999999999422,0.09082792926336956,0.6044833397176508,2.0
8.245999999999423,0.09203997307612556,0.6075563115605396,2.0
8.247999999999424,0.09325813782242891,0.6106042527182189,2.0
8.249999999999424,0.0944823733179988,0.6136270404659088,2.0
8.251999999999425,0.09571262913422043,0.6166245531953629,2.0
8.253999999999426,0.09694885460038394,0.6195966704207276,2.0
8.255999999999426,0.09819099880593496,0.6225432727843423,2.0
8.257999999999427,0.09943901060273681,0.6254642420624829,2.0
8.259999999999428,0.10069283860734404,0.6283594611710457,2.0
8.261999999999428,0.1019524312032873,0.6312288141711728,2.0
8.26399999999943,0.1032177365433694,0.6340721862748167,2.0
8.26599999999943,0.10448870255197246,0.6368894638502438,2.0
8.26799999999943,0.105765276927376,0.6396805344274779,2.0
8.269999999999431,0.10704740714408584,0.6424452867036793,2.0
8.271999999999432,0.10833504045517366,0.6451836105484631,2.0
8.273999999999432,0.10962812389462724,0.6478953970091526,2.0
8.275999999999433,0.11092660427971104,0.6505805383159685,2.0
8.277999999999434,0.11223042821333713,0.6532389278871543,2.0
8.279999999999434,0.1135395420864463,0.6558704603340346,2.0
8.281999999999435,0.11485389208039926,0.6584750314660079,2.0
8.283999999999436,0.11617342416937766,0.6610525382954728,2.0
8.285999999999436,0.11749808412279507,0.6636028790426857,2.0
8.287999999999437,0.11882781750771736,0.6661259531405507,2.0
8.289999999999438,0.12016256969129283,0.6686216612393412,2.0
8.291999999999438,0.12150228584319157,0.6710899052113509,2.0
8.29399999999944,0.12284691093805412,0.6735305881554754,2.0
8.29599999999944,0.12419638975794915,0.6759436144017225,2.0
8.29799999999944,0.12555066689484018,0.6783288895156517,2.0
8.299999999999441,0.12690968675306102,0.6806863203027415,2.0
8.301999999999442,0.12827339355179998,0.6830158148126831,2.0
8.303999999999442,0.12964173132759246,0.685317282343603,2.0
8.305999999999443,0.13101464393682202,0.6875906334462094,2.0
8.307999999999444,0.1323920750582296,0.6898357799278662,2.0
8.309999999999444,0.13377396819543094,0.6920526348565906,2.0
8.311999999999445,0.13516026667944164,0.6942411125649763,2.0
8.313999999999446,0.13655091367121033,0.6964011286540399,2.0
8.315999999999447,0.13794585216415922,0.6985325999969908,2.0
8.317999999999447,0.13934502498673224,0.7006354447429243,2.0
8.319999999999448,0.14074837480495042,0.7027095823204367,2.0
8.321999999999449,0.1421558441249744,0.7047549334411624,2.0
8.32399999999945,0.14356737529567404,0.7067714201032321,2.0
8.32599999999945,0.1449829105112048,0.708758965594652,2.0
8.32799999999945,0.14640239181359074,0.7107174944966032,2.0
8.329999999999451,0.1478257610953142,0.7126469326866607,2.0
8.331999999999452,0.14925296010191164,0.7145472073419324,2.0
8.333999999999453,0.1506839304345758,0.7164182469421166,2.0
8.335999999999453,0.152118613552764,0.7182599812724779,2.0
8.337999999999454,0.15355695077681195,0.720072341426741,2.0
8.339999999999455,0.1549988832905537,0.7218552598099028,2.0
8.341999999999455,0.15644435214394684,0.7236086701409611,2.0
8.343999999999456,0.1578932982557031,0.7253325074555601,2.0
8.345999999999457,0.1593456624159244,0.7270267081085527,2.0
8.347999999999457,0.16080138528874355,0.7286912097764785,2.0
8.349999999999458,0.16226040741497016,0.7303259514599576,2.0
8.351999999999459,0.1637226692147411,0.7319308734859997,2.0
8.35399999999946,0.16518811099017552,0.7335059175102283,2.0
8.35599999999946,0.16665667292803418,0.7350510265190194,2.0
8.35799999999946,0.1681282951023831,0.7365661448315547,2.0
8.359999999999461,0.1696029174772611,0.7380512181017884,2.0
8.361999999999462,0.17108047990935127,0.7395061933203286,2.0
8.363999999999463,0.17256092215065602,0.7409310188162317,2.0
8.365999999999463,0.17404418385117584,0.7423256442587094,2.0
8.367999999999464,0.17553020456159107,0.7436900206587501,2.0
8.369999999999465,0.17701892373594716,0.745024100370652,2.0
8.371999999999465,0.17851028073434264,0.7463278370934688,2.0
8.373999999999466,0.18000421482562004,0.7476011858723681,2.0
8.375999999999467,0.1815006651900594,0.7488441030999018,2.0
8.377999999999467,0.18299957092207425,0.7500565465171882,2.0
8.379999999999468,0.18450087103290988,0.7512384752150064,2.0
8.381999999999469,0.1860045044533436,0.7523898496348017,2.0
8.38399999999947,0.18751041003638705,0.7535106315696032,2.0
8.38599999999947,0.1890185265599902,0.7546007841648522,2.0
8.38799999999947,0.190528792729747,0.7556602719191423,2.0
8.389999999999471,0.1920411471816022,0.7566890606848703,2.0
8.391999999999472,0.1935555284845597,0.7576871176687986,2.0
8.393999999999473,0.19507187514339164,0.7586544114325284,2.0
8.395999999999473,0.19659012560134856,0.7595909118928842,2.0
8.397999999999474,0.19811021824287012,0.7604965903222087,2.0
8.399999999999475,0.19963209139629637,0.7613714193485694,2.0
8.401999999999475,0.2011556833365793,0.7622153729558757,2.0
8.403999999999476,0.2026809322879946,0.7630284264839069,2.0
8.405999999999477,0.20420777642685337,0.7638105566282516,2.0
8.407999999999477,0.20573615388421354,0.7645617414401578,2.0
8.409999999999478,0.20726600274859103,0.7652819603262943,2.0
8.411999999999479,0.20879726106867025,0.7659711940484231,2.0
8.41399999999948,0.2103298668560139,0.7666294247229832,2.0
8.41599999999948,0.21186375808777178,0.767256635820586,2.0
8.41799999999948,0.21339887270938865,0.7678528121654217,2.0
8.419999999999481,0.2149351486373106,0.7684179399345773,2.0
8.421999999999482,0.21647252376169027,0.7689520066572675,2.0
8.423999999999483,0.21801093594909002,0.7694550012139758,2.0
8.425999999999483,0.21955032304518374,0.7699269138355093,2.0
8.427999999999484,0.22109062287745637,0.7703677361019646,2.0
8.429999999999485,0.22263177325790146,0.7707774609416075,2.0
8.431999999999485,0.2241737119857162,0.771156082629664,2.0
8.433999999999486,0.22571637684999415,0.7715035967870254,2.0
8.435999999999487,0.22725970563241515,0.7718200003788668,2.0
8.437999999999487,0.2288036361099325,0.7721052917131777,2.0
8.439999999999488,0.23034810605745698,0.772359470439208,2.0
8.441999999999489,0.23189305325053777,0.7725825375458276,2.0
8.44399999999949,0.23343841546803998,0.7727744953597999,2.0
8.44599999999949,0.23498413049481862,0.772935347543971,2.0
8.44799999999949,0.23653013612438892,0.7730650990953729,2.0
8.449999999999491,0.23807637016159272,0.7731637563432435,2.0
8.451999999999492,0.23962277042526084,0.7732313269469614,2.0
8.453999999999493,0.2411692747508712,0.7732678198938971,2.0
8.455999999999493,0.24271582099320257,0.7732732454971819,2.0
8.457999999999494,0.24426234702898386,0.7732476153933918,2.0
8.459999999999495,0.2458087907595386,0.7731909425401513,2.0
8.461999999999495,0.2473550901134245,0.7731032412136531,2.0
8.463999999999496,0.24890118304906814,0.7729845270060979,2.0
8.465999999999497,0.2504470075573943,0.7728348168230514,2.0
8.467999999999497,0.25199250166445,0.7726541288807224,2.0
8.469999999999498,0.253537603434023,0.7724424827031593,2.0
8.471999999999499,0.25508225097025455,0.7721998991193679,2.0
8.4739999999995,0.2566263824202465,0.7719264002603501,2.0
8.4759999999995,0.2581699359766621,0.7716220095560633,2.0
8.4779999999995,0.2597128498803209,0.7712867517323029,2.0
8.479999999999501,0.26125506242278723,0.7709206528075063,2.0
8.481999999999502,0.2627965119489522,0.7705237400894812,2.0
8.483999999999503,0.26433713685960913,0.7700960421720566,2.0
8.485999999999503,0.2658768756140221,0.7696375889316591,2.0
8.487999999999504,0.26741566673248796,0.7691484115238135,2.0
8.489999999999505,0.26895344879889044,0.7686285423795695,2.0
8.491999999999505,0.27049016046324803,0.7680780152018543,2.0
8.493999999999506,0.27202574044425387,0.7674968649617524,2.0
8.495999999999507,0.2735601275318082,0.7668851278947131,2.0
8.497999999999507,0.2750932605895433,0.7662428414966859,2.0
8.499999999999508,0.2766250785573407,0.7655700445201851,2.0
8.501999999999509,0.27815552045384007,0.764866776970284,2.0
8.50399999999951,0.2796845253789404,0.76413308010054,2.0
8.50599999999951,0.2812120325162929,0.7633689964088497,2.0
8.50799999999951,0.28273798113578535,0.7625745696332366,2.0
8.509999999999511,0.28426231059601814,0.7617498447475717,2.0
8.511999999999512,0.2857849603467717,0.7608948679572266,2.0
8.513999999999513,0.28730586993146495,0.7600096866946615,2.0
8.515999999999513,0.28882497898960513,0.7590943496149472,2.0
8.517999999999514,0.2903422272592285,0.7581489065912235,2.0
8.519999999999515,0.2918575545793317,0.7571734087100941,2.0
8.521999999999515,0.29337090089229434,0.7561679082669581,2.0
8.523999999999516,0.2948822062462915,0.7551324587612802,2.0
8.525999999999517,0.2963914107976975,0.7540671148917992,2.0
8.527999999999517,0.2978984548134791,0.7529719325516772,2.0
8.529999999999518,0.2994032786735799,0.7518469688235878,2.0
8.531999999999519,0.3009058228732942,0.7506922819747475,2.0
8.53399999999952,0.302406028025631,0.749507931451888,2.0
8.53599999999952,0.3039038348636682,0.748293977876172,2.0
8.53799999999952,0.30539918424289597,0.7470504830380535,2.0
8.539999999999521,0.3068920171435506,0.745777509892082,2.0
8.541999999999522,0.308382274672937,0.744475122551653,2.0
8.543999999999523,0.3098698980677414,0.7431433862837055,2.0
8.545999999999523,0.311354828696333,0.7417823675033657,2.0
8.547999999999524,0.3128370080610549,0.740392133768541,2.0
8.549999999999525,0.3143163778005043,0.7389727537744613,2.0
8.551999999999525,0.31579287969180153,0.7375242973481722,2.0
8.553999999999526,0.3172664556528482,0.736046835442978,2.0
8.555999999999527,0.31873704774457423,0.734540440132838,2.0
8.557999999999527,0.32020459817317326,0.7330051846067147,2.0
8.559999999999528,0.3216690492923272,0.7314411431628765,2.0
8.561999999999529,0.323130343605419,0.729848391203155,2.0
8.56399999999953,0.324588423767734,0.7282270052271587,2.0
8.56599999999953,0.32604323258864976,0.7265770628264421,2.0
8.56799999999953,0.32749471303381394,0.724898642678634,2.0
8.569999999999531,0.3289428082273106,0.7231918245415234,2.0
8.571999999999532,0.3303874614538146,0.7214566892471052,2.0
8.573999999999533,0.331828616160734,0.7196933186955863,2.0
8.575999999999533,0.33326621596034045,0.717901795849354,2.0
8.577999999999534,0.33470020463188754,0.7160822047269056,2.0
8.579999999999535,0.3361305261237168,0.7142346303967423,2.0
8.581999999999535,0.33755712455535175,0.7123591589712267,2.0
8.583999999999536,0.3389799442195793,0.7104558776004066,2.0
8.585999999999537,0.3403989295845189,0.7085248744658041,2.0
8.587999999999537,0.34181402529567945,0.7065662387741726,2.0
8.589999999999538,0.3432251761780033,0.7045800607512214,2.0
8.591999999999539,0.34463232723789794,0.7025664316353104,2.0
8.59399999999954,0.3460354236652549,0.7005254436711141,2.0
8.59599999999954,0.3474344108354561,0.6984571901032569,2.0
8.59799999999954,0.3488292343113674,0.6963617651699204,2.0
8.599999999999541,0.3502198398453191,0.6942392640964243,2.0
8.601999999999542,0.3516061733810741,0.6920897830887807,2.0
8.603999999999543,0.35298818105578234,0.689913419327223,2.0
8.605999999999543,0.35436580920192334,0.6877102709597125,2.0
8.607999999999544,0.35573900434923467,0.685480437095419,2.0
8.609999999999545,0.357107713226628,0.683224017798182,2.0
8.611999999999545,0.358471882764092,0.6809411140799491,2.0
8.613999999999546,0.35983146009458167,0.6786318278941944,2.0
8.615999999999547,0.3611863925558952,0.6762962621293183,2.0
8.617999999999547,0.3625366276925368,0.6739345206020273,2.0
8.619999999999548,0.36388211325756703,0.6715467080506986,2.0
8.621999999999549,0.3652227972144393,0.6691329301287262,2.0
8.62399999999955,0.36655862773882314,0.6666932933978525,2.0
8.62599999999955,0.36788955322041444,0.6642279053214852,2.0
8.62799999999955,0.36921552226473203,0.6617368742580001,2.0
8.629999999999551,0.37053648369490083,0.6592203094540312,2.0
8.631999999999552,0.3718523865534217,0.6566783210377495,2.0
8.633999999999553,0.3731631801039276,0.6541110200121302,2.0
8.635999999999553,0.37446881383292696,0.65151851824821,2.0
8.637999999999554,0.37576923745153246,0.6489009284783357,2.0
8.639999999999555,0.37706440089717724,0.6462583642894034,2.0
8.641999999999555,0.3783542543353171,0.6435909401160923,2.0
8.643999999999556,0.3796387481611194,0.6408987712340898,2.0
8.645999999999557,0.38091783300113824,0.6381819737533126,2.0
8.647999999999557,0.38219145971497603,0.6354406646111227,2.0
8.649999999999558,0.38345957939693176,0.6326749615655388,2.0
8.651999999999559,0.38472214337763544,0.6298849831884459,2.0
8.65399999999956,0.3859791032256691,0.6270708488588017,2.0
8.65599999999956,0.387230410749174,0.6242326787558427,2.0
8.65799999999956,0.38847601799744463,0.6213705938522883,2.0
8.659999999999561,0.3897158772625086,0.6184847159075474,2.0
8.661999999999562,0.3909499410806935,0.6155751674609241,2.0
8.663999999999563,0.39217816223417956,0.6126420718248269,2.0
8.665999999999563,0.3934004937525395,0.6096855530779796,2.0
8.667999999999564,0.39461688891426405,0.6067057360586364,2.0
8.669999999999565,0.3958273012482743,0.6037027463578019,2.0
8.671999999999565,0.3970316845354205,0.6006767103124546,2.0
8.673999999999566,0.3982299928099671,0.5976277549987781,2.0
8.675999999999567,0.3994221803610647,0.5945560082253979,2.0
8.677999999999567,0.4006082017342077,0.591461598526626,2.0
8.679999999999568,0.40178801173267936,0.5883446551557139,2.0
8.681999999999569,0.4029615654189827,0.5852053080781137,2.0
8.68399999999957,0.4041288181162582,0.5820436879647498,2.0
8.68599999999957,0.4052897254096882,0.5788599261853007,2.0
8.68799999999957,0.40644424314788746,0.5756541548014912,2.0
8.689999999999571,0.4075923274442806,0.5724265065603968,2.0
8.691999999999572,0.40873393467846625,0.5691771148877612,2.0
8.693999999999573,0.40986902149756765,0.5659061138813253,2.0
8.695999999999573,0.41099754481757,0.5626136383041713,2.0
8.697999999999574,0.4121194618246443,0.559299823578081,2.0
8.699999999999575,0.41323472997645855,0.555964805776908,2.0
8.701999999999575,0.41434330700347477,0.5526087216199674,2.0
8.703999999999576,0.41544515091023365,0.5492317084654404,2.0
8.705999999999577,0.4165402199766257,0.5458339043037961,2.0
8.707999999999577,0.41762847275914916,0.5424154477512306,2.0
8.709999999999578,0.4187098680921549,0.5389764780431251,2.0
8.711999999999579,0.4197843650890783,0.5355171350275214,2.0
8.71399999999958,0.4208519231436581,0.5320375591586173,2.0
8.71599999999958,0.42191250193114216,0.5285378914902814,2.0
8.71799999999958,0.42296606140948034,0.5250182736695886,2.0
8.719999999999581,0.4240125618205045,0.5214788479303757,2.0
8.721999999999582,0.4250519636910956,0.5179197570868187,2.0
8.723999999999583,0.42608422783433797,0.5143411445270322,2.0
8.725999999999583,0.4271093153506607,0.5107431542066905,2.0
8.727999999999584,0.4281271876289666,0.5071259306426719,2.0
8.729999999999585,0.4291378063477481,0.5034896189067255,2.0
8.731999999999585,0.43014113347619076,0.4998343646191629,2.0
8.733999999999586,0.4311371312752641,0.49616031394257265,2.0
8.735999999999587,0.4321257622987998,0.4924676135755601,2.0
8.737999999999587,0.43310698939455766,0.48875641074651205,2.0
8.739999999999588,0.4340807757052788,0.48502685320738625,2.0
8.741999999999589,0.43504708466972675,0.48127908922752727,2.0
8.74399999999959,0.4360058800237158,0.47751326758750795,2.0
8.74599999999959,0.4369571258011278,0.4737295375729977,2.0
8.74799999999959,0.4379007863349156,0.46992804896865714,2.0
8.749999999999591,0.43883682625809556,0.4661089520520604,2.0
8.751999999999592,0.43976521050472694,0.4622723975876443,2.0
8.753999999999593,0.4406859043108798,0.45841853682068595,2.0
8.755999999999593,0.44159887321559044,0.4545475214713076,2.0
8.757999999999594,0.4425040830618054,0.45065950372851055,2.0
8.759999999999595,0.44340149999731315,0.44675463624423734,2.0
8.761999999999595,0.444291090475664,0.4428330721274627,2.0
8.763999999999596,0.4451728212570784,0.4388949649383139,2.0
8.765999999999597,0.4460466594093433,0.43494046868222025,2.0
8.767999999999597,0.4469125723086969,0.430969737804092,2.0
8.769999999999598,0.447770527640702,0.42698292718252934,2.0
8.771999999999599,0.4486204934011074,0.42298019212406124,2.0
8.7739999999996,0.4494624378966981,0.4189616883574141,2.0
8.7759999999996,0.45029632974613404,0.4149275720278112,2.0
8.7779999999996,0.4511221378807773,0.4108779996913023,2.0
8.779999999999601,0.4519398315455084,0.40681312830912364,2.0
8.781999999999602,0.4527493802995305,0.40273311524208916,2.0
8.783999999999603,0.4535507540171636,0.39863811824501205,2.0
8.785999999999603,0.4543439228886266,0.39452829546115753,2.0
8.787999999999604,0.4551288574208087,0.39040380541672653,2.0
8.789999999999605,0.45590552843803006,0.3862648070153704,2.0
8.791999999999605,0.4566739070827909,0.38211145953273695,2.0
8.793999999999606,0.45743396481651016,0.3779439226110474,2.0
8.795999999999607,0.45818567342025346,0.3737623562537051,2.0
8.797999999999607,0.45892900499544986,0.36956692081993453,2.0
8.799999999999608,0.4596639319645982,0.36535777701945293,2.0
8.801999999999609,0.4603904270719629,0.3611350859071719,2.0
8.80399999999961,0.46110846338425904,0.35689900887793113,2.0
8.80599999999961,0.4618180142913268,0.352649707661263,2.0
8.80799999999961,0.4625190535067959,0.3483873443161884,2.0
8.809999999999611,0.46321155506873923,0.34411208122604375,2.0
8.811999999999612,0.4638954933403164,0.3398240810933392,2.0
8.813999999999613,0.4645708430104069,0.3355235069346478,2.0
8.815999999999613,0.4652375790942333,0.3312105220755251,2.0
8.817999999999614,0.465895676933974,0.32688529014546064,2.0
8.819999999999615,0.46654511219936606,0.32254797507285926,2.0
8.821999999999615,0.4671858608882982,0.31819874108005325,2.0
8.823999999999616,0.4678178993273936,0.31383775267834507,2.0
8.825999999999617,0.4684412041725828,0.30946517466308054,2.0
8.827999999999617,0.46905575240966707,0.30508117210875174,2.0
8.829999999999618,0.46966152135487177,0.30068591036413034,2.0
8.831999999999619,0.47025848865539,0.2962795550474306,2.0
8.83399999999962,0.47084663228991674,0.29186227204150195,2.0
8.83599999999962,0.47142593056917337,0.28743422748905123,2.0
8.83799999999962,0.4719963621364225,0.28299558778789374,2.0
8.839999999999621,0.4725579059679736,0.2785465195862339,2.0
8.841999999999622,0.47311054137367897,0.2740871897779739,2.0
8.843999999999623,0.4736542479974206,0.2696177654980519,2.0
8.845999999999623,0.47418900581758755,0.2651384141178074,2.0
8.847999999999624,0.47471479514754394,0.26064930324037555,2.0
8.849999999999625,0.4752315966360883,0.25615060069610857,2.0
8.851999999999626,0.4757393912679033,0.2516424745380251,2.0
8.853999999999626,0.47623816036399647,0.2471250930372862,2.0
8.855999999999627,0.47672788558213197,0.24259862467869892,2.0
8.857999999999628,0.47720854891725367,0.23806323815624572,2.0
8.859999999999628,0.47768013270189885,0.23351910236864054,2.0
8.861999999999629,0.47814261960660315,0.2289663864149106,2.0
8.86399999999963,0.47859599264029695,0.22440525959000387,2.0
8.86599999999963,0.4790402351506929,0.2198358913804217,2.0
8.86799999999963,0.4794753308246645,0.21525845145987624,2.0
8.869999999999632,0.4799012636886163,0.21067310968497246,2.0
8.871999999999632,0.4803180181088454,0.20608003609091421,2.0
8.873999999999633,0.48072557879189426,0.201479400887234,2.0
8.875999999999634,0.48112393078489535,0.19687137445354622,2.0
8.877999999999634,0.4815130594759068,0.19225612733532307,2.0
8.879999999999635,0.48189295059424,0.18763383023969335,2.0
8.881999999999636,0.4822635902107789,0.18300465403126295,2.0
8.883999999999636,0.48262496473829064,0.17836876972795745,2.0
8.885999999999637,0.48297706093172804,0.17372634849688562,2.0
8.887999999999638,0.4833198658885239,0.16907756165022392,2.0
8.889999999999638,0.48365336704888356,0.1644225806444035,2.0
8.891999999999639,0.4839775521960496,0.15976157706610067,2.0
8.89399999999964,0.48429240945657814,0.15509472263820312,2.0
8.89599999999964,0.48459792730060053,0.15042218921240327,2.0
8.89799999999964,0.48489409454207694,0.14574414876517994,2.0
8.899999999999642,0.48518090033904204,0.14106077339379813,2.0
8.901999999999642,0.48545833419384243,0.13637223531232637,2.0
8.903999999999643,0.48572638595336637,0.13167870684767105,2.0
8.905999999999644,0.48598504580926544,0.12698036043562735,2.0
8.907999999999644,0.48623430429816844,0.12227736861694634,2.0
8.909999999999645,0.4864741523018874,0.11756990403341741,2.0
8.911999999999646,0.4867045810476157,0.11285813942396597,2.0
8.913999999999646,0.4869255821081184,0.10814224762076552,2.0
8.915999999999647,0.48713714740191505,0.10342240154536379,2.0
8.917999999999648,0.4873392691934543,0.09869877420482237,2.0
8.919999999999648,0.4875319400932814,0.09397153868786919,2.0
8.921999999999649,0.4877151530581973,0.08924086816106347,2.0
8.92399999999965,0.48788890139141095,0.08450693586497257,2.0
8.92599999999965,0.4880531787426831,0.07976991511036005,2.0
8.92799999999965,0.4882079791084632,0.07502997927438458,2.0
8.929999999999652,0.4883532968320181,0.07028730179680903,2.0
8.931999999999652,0.4884891266035537,0.06554205617621921,2.0
8.933999999999653,0.48861546346032875,0.06079441596625175,2.0
8.935999999999654,0.4887323027867612,0.056044554771830485,2.0
8.937999999999654,0.48883964031452704,0.051292646245410814,2.0
8.939999999999655,0.48893747212265143,0.04653886408323147,2.0
8.941999999999656,0.48902579463759277,0.041783382021573126,2.0
8.943999999999656,0.489104604633319,0.03702637383302327,2.0
8.945999999999657,0.4891738992313764,0.032268013322746744,2.0
8.947999999999658,0.48923367590095096,0.027508474324761407,2.0
8.949999999999658,0.4892839324589226,0.02274793069821834,2.0
8.951999999999659,0.4893246670699115,0.017986556323685992,2.0
8.95399999999966,0.4893558782463173,0.013224525099437697,2.0
8.95599999999966,0.4893775648483508,0.00846201093774199,2.0
8.957999999999661,0.4893897260840583,0.0036991877611551316,2.0
8.959999999999662,0.4893923615093383,-0.0010637705011847702,2.0
8.961999999999662,0.4893854710279512,-0.00582668991726256,2.0
8.963999999999663,0.48936905489152116,-0.010589396555890413,2.0
8.965999999999664,0.48934311369953076,-0.015351716490412327,2.0
8.967999999999664,0.48930764839930835,-0.020113475802409332,2.0
8.969999999999665,0.48926266028600773,-0.02487450058540601,2.0
8.971999999999666,0.48920815100258064,-0.029634616948578878,2.0
8.973999999999666,0.4891441225397417,-0.034393651020467264,2.0
8.975999999999667,0.48907057723592606,-0.03915142895268721,2.0
8.977999999999668,0.4889875177772394,-0.04390777692364902,2.0
8.979999999999668,0.4888949471974008,-0.04866252114227903,2.0
8.981999999999669,0.48879286887767764,-0.05341548785174612,2.0
8.98399999999967,0.4886812865468138,-0.05816650333319369,2.0
8.98599999999967,0.4885602042809497,-0.06291539390947745,2.0
8.987999999999671,0.4884296265035353,-0.06766198594890985,2.0
8.989999999999672,0.4882895579852352,-0.07240610586901151,2.0
8.991999999999672,0.48814000384382683,-0.07714758014027043,2.0
8.993999999999673,0.48798096954409037,-0.0818862352899092,2.0
8.995999999999674,0.4878124608976917,-0.08662189790566126,2.0
8.997999999999674,0.48763448406305765,-0.09135439463955636,2.0
8.999999999999675,0.48744704554524343,-0.09608355221171591,2.0
9.001999999999676,0.4872501521957928,-0.1008091974141589,2.0
9.003999999999676,0.48704381121259044,-0.10553115711461876,2.0
9.005999999999677,0.4868280301397066,-0.11024925826037174,2.0
9.007999999999678,0.4866028168672342,-0.1149633278820775,2.0
9.009999999999678,0.4863681796311184,-0.11967319309763227,2.0
9.011999999999679,0.4861241270129779,-0.12437868111603523,2.0
9.01399999999968,0.48587066793991923,-0.1290796192412685,2.0
9.01599999999968,0.4856078116843427,-0.13377583487619155,2.0
9.017999999999681,0.4853355678637407,-0.13846715552645011,2.0
9.019999999999682,0.4850539464404883,-0.14315340880440064,2.0
9.021999999999682,0.484762957721626,-0.14783442243305037,2.0
9.023999999999683,0.484462612358634,-0.15251002425001367,2.0
9.025999999999684,0.4841529213471998,-0.1571800422114853,2.0
9.027999999999684,0.48383389602697624,-0.1618443043962308,2.0
9.029999999999685,0.4835055480813329,-0.1665026390095948,2.0
9.031999999999686,0.4831678895370987,-0.17115487438752752,2.0
9.033999999999686,0.4828209327642967,-0.1758008390006299,2.0
9.035999999999687,0.48246469047587065,-0.1804403614582181,2.0
9.037999999999688,0.48209917572740363,-0.18507327051240757,2.0
9.039999999999688,0.48172440191682825,-0.18969939506221728,2.0
9.041999999999689,0.4813403827841356,-0.19431856415428259,2.0
9.04399999999969,0.48094713241105547,-0.19893060699714907,2.0
9.04599999999969,0.48054466522074857,-0.20353535295537953,2.0
9.047999999999691,0.4801329959774837,-0.20813263155706715,2.0
9.049999999999692,0.4797121397863065,-0.21272227249804704,2.0
9.051999999999692,0.4792821120926995,-0.2173041056461302,2.0
9.053999999999693,0.4788429286822342,-0.2218779610453609,2.0
9.055999999999694,0.4783946056802142,-0.2264436689202973,2.0
9.057999999999694,0.47793715955130983,-0.2310010596803162,2.0
9.059999999999695,0.4774706070991844,-0.2355499639239419,2.0
9.061999999999696,0.47699496546611114,-0.2400902124431998,2.0
9.063999999999696,0.47651025213258236,-0.24462163622799502,2.0
9.065999999999697,0.4760164849169088,-0.24914406647051623,2.0
9.067999999999698,0.4755136819748109,-0.25365733456966555,2.0
9.069999999999698,0.475001861799001,-0.25816127213551404,2.0
9.071999999999699,0.4744810432187562,-0.262655710993784,2.0
9.0739999999997,0.47395124539948297,-0.26714048319035755,2.0
9.0759999999997,0.4734124878422718,-0.2716154209958126,2.0
9.077999999999701,0.47286479038344376,-0.27608035690998595,2.0
9.079999999999702,0.4723081731940871,-0.2805351236665638,2.0
9.081999999999702,0.47174265677958493,-0.28497955423770044,2.0
9.083999999999703,0.47116826197913386,-0.289413481838665,2.0
9.085999999999704,0.4705850099652528,-0.29383673993251636,2.0
9.087999999999704,0.46999292224328293,-0.298249162234807,2.0
9.089999999999705,0.4693920206508778,-0.3026505827183157,2.0
9.091999999999706,0.4687823273574844,-0.30704083561780887,2.0
9.093999999999706,0.4681638648638139,-0.3114197554348321,2.0
9.095999999999707,0.4675366560013039,-0.3157871769425303,2.0
9.097999999999708,0.4669007239315699,-0.3201429351904983,2.0
9.099999999999708,0.46625609214584773,-0.3244868655096609,2.0
9.101999999999709,0.46560278446442593,-0.3288188035171831,2.0
9.10399999999971,0.46494082503606843,-0.33313858512141087,2.0
9.10599999999971,0.46427023833742703,-0.3374460465268417,2.0
9.107999999999711,0.4635910491724443,-0.34174102423912633,2.0
9.109999999999712,0.4629032826717462,-0.34602335507010085,2.0
9.111999999999712,0.4622069642920245,-0.35029287614284943,2.0
9.113999999999713,0.46150211981540945,-0.35454942489679814,2.0
9.115999999999714,0.46078877534883167,-0.3587928390928397,2.0
9.117999999999714,0.4600669573233744,-0.36302295681848923,2.0
9.119999999999715,0.4593366924936148,-0.36723961649307113,2.0
9.121999999999716,0.4585980079369553,-0.37144265687293715,2.0
9.123999999999716,0.45785093105294417,-0.37563191705671567,2.0
9.125999999999717,0.4570954895625857,-0.3798072364905923,2.0
9.127999999999718,0.45633171150764,-0.38396845497362153,2.0
9.129999999999718,0.4555596252499116,-0.38811541266307,2.0
9.131999999999719,0.4547792594705279,-0.3922479500797906,2.0
9.13399999999972,0.45399064316920634,-0.3963659081136282,2.0
9.13599999999972,0.45319380566351136,-0.4004691280288566,2.0
9.137999999999721,0.4523887765880998,-0.4045574514696462,2.0
9.139999999999722,0.45157558589395563,-0.4086307204655635,2.0
9.141999999999722,0.45075426384761375,-0.4126887774371008,2.0
9.143999999999723,0.44992484103037245,-0.4167314652012379,2.0
9.145999999999724,0.4490873483374949,-0.42075862697703365,2.0
9.147999999999724,0.44824181697739957,-0.42477010639124907,2.0
9.149999999999725,0.4473882784708388,-0.42876574748400065,2.0
9.151999999999726,0.44652676465006663,-0.43274539471444434,2.0
9.153999999999726,0.4456573076579951,-0.43670889296648996,2.0
9.155999999999727,0.44477993994733883,-0.44065608755454566,2.0
9.157999999999728,0.4438946942797483,-0.44458682422929274,2.0
9.159999999999728,0.4430016037249316,-0.44850094918349,2.0
9.161999999999729,0.4421007016597642,-0.45239830905780776,2.0
9.16399999999973,0.44119202176738753,-0.4562787509466918,2.0
9.16599999999973,0.4402755980362955,-0.4601421224042559,2.0
9.167999999999731,0.4393514647594091,-0.4639882714502038,2.0
9.169999999999732,0.43841965653313947,-0.46781704657577994,2.0
9.171999999999732,0.4374802082564386,-0.4716282967497481,2.0
9.173999999999733,0.43653315512983853,-0.4754218714243992,2.0
9.175999999999734,0.43557853265447816,-0.47919762054158604,2.0
9.177999999999734,0.434616376631118,-0.48295539453878655,2.0
9.179999999999735,0.43364672315914304,-0.48669504435519356,2.0
9.181999999999736,0.4326696086355529,-0.49041642143783226,2.0
9.183999999999736,0.4316850697539404,-0.4941193777477036,2.0
9.185999999999737,0.43069314350345705,-0.49780376576595464,2.0
9.187999999999738,0.42969386716776686,-0.5014694385000744,2.0
9.189999999999738,0.42868727832398734,-0.5051162494901154,2.0
9.191999999999739,0.4276734148416181,-0.5087440528149401,2.0
9.19399999999974,0.42665231488145694,-0.5123527030984927,2.0
9.19599999999974,0.4256240168945036,-0.5159420555160947,2.0
9.197999999999741,0.42458855962085035,-0.5195119658007646,2.0
9.199999999999742,0.42354598208856065,-0.5230622902495609,2.0
9.201999999999742,0.4224963236125343,-0.5265928857299482,2.0
9.203999999999743,0.42143962379336053,-0.5301036096861863,2.0
9.205999999999744,0.4203759225161579,-0.5335943201457403,2.0
9.207999999999744,0.41930525994940154,-0.5370648757257133,2.0
9.209999999999745,0.4182276765437372,-0.5405151356392996,2.0
9.211999999999746,0.417143213030783,-0.543944959702259,2.0
9.213999999999746,0.4160519104219173,-0.5473542083394101,2.0
9.215999999999747,0.41495381000705456,-0.5507427425911441,2.0
9.217999999999748,0.41384895335340727,-0.5541104241199573,2.0
9.219999999999748,0.4127373823042355,-0.5574571152170014,2.0
9.221999999999749,0.41161913897758284,-0.5607826788086524,2.0
9.22399999999975,0.41049426576499937,-0.5640869784630964,2.0
9.22599999999975,0.4093628053302515,-0.5673698783969314,2.0
9.227999999999751,0.4082248006080186,-0.5706312434817863,2.0
9.229999999999752,0.4070802948025761,-0.5738709392509541,2.0
9.231999999999752,0.4059293313864658,-0.5770888319060409,2.0
9.233999999999753,0.4047719540991523,-0.5802847883236277,2.0
9.235999999999754,0.40360820694566646,-0.5834586760619473,2.0
9.237999999999754,0.4024381341952356,-0.5866103633675727,2.0
9.239999999999755,0.4012617803798999,-0.5897397191821176,2.0
9.241999999999756,0.4000791902931156,-0.5928466131489499,2.0
9.243999999999756,0.398890408988345,-0.5959309156199135,2.0
9.245999999999757,0.3976954817776325,-0.5989924976620623,2.0
9.247999999999758,0.3964944542301676,-0.6020312310644023,2.0
9.249999999999758,0.39528737217083426,-0.6050469883446423,2.0
9.251999999999759,0.39407428167874664,-0.6080396427559536,2.0
9.25399999999976,0.3928552290857715,-0.611009068293735,2.0
9.25599999999976,0.3916302609750368,-0.6139551397023857,2.0
9.257999999999761,0.39039942417942725,-0.6168777324820829,2.0
9.259999999999762,0.38916276578006564,-0.6197767228955646,2.0
9.261999999999762,0.3879203331047811,-0.6226519879749164,2.0
9.263999999999763,0.3866721737265636,-0.6255034055283611,2.0
9.265999999999764,0.3854183354620048,-0.6283308541470517,2.0
9.267999999999764,0.3841588663697256,-0.6311342132118647,2.0
9.269999999999765,0.3828938147487897,-0.6339133629001955,2.0
9.271999999999766,0.3816232291371037,-0.636668184192753,2.0
9.273999999999766,0.380347158309804,-0.6393985588803534,2.0
9.275999999999767,0.3790656512776294,-0.6421043695707129,2.0
9.277999999999768,0.377778757285281,-0.6447854996952374,2.0
9.279999999999768,0.37648652580976744,-0.6474418335158083,2.0
9.281999999999769,0.3751890065587376,-0.6500732561315656,2.0
9.28399999999977,0.3738862494687992,-0.6526796534856842,2.0
9.28599999999977,0.3725783047038239,-0.6552609123721451,2.0
9.287999999999771,0.37126522265323897,-0.6578169204424998,2.0
9.289999999999772,0.3699470539303053,-0.6603475662126268,2.0
9.291999999999772,0.36862384937038223,-0.6628527390694788,2.0
9.293999999999773,0.3672956600291783,-0.6653323292778216,2.0
9.295999999999774,0.36596253718098926,-0.6677862279869615,2.0
9.297999999999774,0.36462453231692205,-0.6702143272374621,2.0
9.299999999999775,0.36328169714310565,-0.672616519967848,2.0
9.301999999999776,0.36193408357888845,-0.674992700021296,2.0
9.303999999999776,0.3605817437550222,-0.677342762152312,2.0
9.305999999999777,0.3592247300118329,-0.6796666020333929,2.0
9.307999999999778,0.35786309489737794,-0.6819641162616721,2.0
9.309999999999778,0.35649689116559025,-0.6842352023655486,2.0
9.31199999999978,0.3551261717744092,-0.6864797588112982,2.0
9.31399999999978,0.3537509898838983,-0.6886976850096657,2.0
9.31599999999978,0.3523713988543496,-0.690888881322437,2.0
9.317999999999781,0.350987452244375,-0.6930532490689917,2.0
9.319999999999782,0.3495992038089847,-0.6951906905328328,2.0
9.321999999999782,0.34820670749765226,-0.6973011089680942,2.0
9.323999999999783,0.34681001745236706,-0.699384408606025,2.0
9.325999999999784,0.34540918800567333,-0.701440494661449,2.0
9.327999999999784,0.34400427367869685,-0.7034692733391983,2.0
9.329999999999785,0.34259532917915825,-0.7054706518405217,2.0
9.331999999999786,0.34118240939937405,-0.7074445383694642,2.0
9.333999999999786,0.3397655694142445,-0.7093908421392191,2.0
9.335999999999787,0.3383448644792291,-0.7113094733784504,2.0
9.337999999999788,0.33692035002830933,-0.7132003433375853,2.0
9.339999999999788,0.3354920816719387,-0.7150633642950748,2.0
9.34199999999979,0.3340601151949808,-0.7168984495636226,2.0
9.34399999999979,0.3326245065546342,-0.7187055134963806,2.0
9.34599999999979,0.3311853118783457,-0.7204844714931102,2.0
9.347999999999791,0.3297425874617108,-0.722235240006309,2.0
9.349999999999792,0.3282963897663622,-0.7239577365473002,2.0
9.351999999999792,0.3268467754178461,-0.7256518796922865,2.0
9.353999999999793,0.32539380120348643,-0.7273175890883649,2.0
9.355999999999794,0.323937524070237,-0.7289547854595028,2.0
9.357999999999794,0.3224780011225219,-0.7305633906124747,2.0
9.359999999999795,0.32101528962006387,-0.7321433274427573,2.0
9.361999999999796,0.3195494469757012,-0.7336945199403834,2.0
9.363999999999796,0.31808053075319265,-0.7352168931957521,2.0
9.365999999999797,0.31660859866501107,-0.736710373405397,2.0
9.367999999999798,0.31513370857012524,-0.738174887877708,2.0
9.369999999999798,0.3136559184717707,-0.7396103650386084,2.0
9.3719999999998,0.3121752865152088,-0.7410167344371855,2.0
9.3739999999998,0.31069187098547496,-0.7423939267512736,2.0
9.3759999999998,0.30920573030511556,-0.7437418737929883,2.0
9.377999999999801,0.30771692303191384,-0.7450605085142126,2.0
9.379999999999802,0.3062255078566051,-0.7463497650120314,2.0
9.381999999999802,0.3047315436005805,-0.7476095785341162,2.0
9.383999999999803,0.3032350892135812,-0.7488398854840568,2.0
9.385999999999804,0.30173620377138066,-0.7500406234266406,2.0
9.387999999999805,0.3002349464734571,-0.7512117310930781,2.0
9.389999999999805,0.2987313766406558,-0.752353148386174,2.0
9.391999999999806,0.29722555371284043,-0.7534648163854415,2.0
9.393999999999807,0.29571753724653477,-0.7545466773521625,2.0
9.395999999999807,0.29420738691255405,-0.7555986747343879,2.0
9.397999999999808,0.2926951624936265,-0.7566207531718817,2.0
9.399999999999809,0.29118092388200506,-0.7576128585010052,2.0
9.40199999999981,0.28966473107706936,-0.7585749377595417,2.0
9.40399999999981,0.288146644182918,-0.7595069391914603,2.0
9.40599999999981,0.28662672340595163,-0.7604088122516187,2.0
9.407999999999811,0.2851050290524463,-0.7612805076104032,2.0
9.409999999999812,0.28358162152611793,-0.7621219771583058,2.0
9.411999999999813,0.28205656132567775,-0.762933174010437,2.0
9.413999999999813,0.2805299090423783,-0.7637140525109753,2.0
9.415999999999814,0.279001725357551,-0.7644645682375493,2.0
9.417999999999815,0.27747207104013516,-0.7651846780055548,2.0
9.419999999999815,0.2759410069441978,-0.7658743398724048,2.0
9.421999999999816,0.2744085940064457,-0.7665335131417115,2.0
9.423999999999817,0.27287489324372866,-0.7671621583673994,2.0
9.425999999999817,0.2713399657505351,-0.7677602373577505,2.0
9.427999999999818,0.2698038726964791,-0.7683277131793778,2.0
9.429999999999819,0.26826667532377996,-0.7688645501611299,2.0
9.43199999999982,0.2667284349447338,-0.769370713897923,2.0
9.43399999999982,0.2651892129391778,-0.7698461712545014,2.0
9.43599999999982,0.26364907075194666,-0.7702908903691251,2.0
9.437999999999821,0.26210806989032204,-0.7707048406571846,2.0
9.439999999999822,0.26056627192147475,-0.7710879928147405,2.0
9.441999999999823,0.2590237384698999,-0.7714403188219898,2.0
9.443999999999823,0.25748053121484527,-0.7717617919466563,2.0
9.445999999999824,0.25593671188773287,-0.7720523867473047,2.0
9.447999999999825,0.254392342269574,-0.772312079076579,2.0
9.449999999999825,0.25284748418837805,-0.7725408460843631,2.0
9.451999999999826,0.2513021995165547,-0.7727386662208648,2.0
9.453999999999827,0.24975655016831047,-0.77290551923962,2.0
9.455999999999827,0.24821059809703905,-0.7730413862004193,2.0
9.457999999999828,0.24666440529270584,-0.7731462494721552,2.0
9.459999999999829,0.24511803377922706,-0.7732200927355888,2.0
9.46199999999983,0.24357154561184333,-0.7732629009860372,2.0
9.46399999999983,0.24202500287448786,-0.7732746605359789,2.0
9.46599999999983,0.24047846767714967,-0.7732553590175786,2.0
9.467999999999831,0.2389320021532317,-0.7732049853851299,2.0
9.469999999999832,0.23738566845690423,-0.7731235299174163,2.0
9.471999999999833,0.2358395287604535,-0.7730109842199885,2.0
9.473999999999833,0.23429364525162613,-0.7728673412273595,2.0
9.475999999999834,0.23274808013096895,-0.7726925952051158,2.0
9.477999999999835,0.23120289560916485,-0.7724867417519446,2.0
9.479999999999835,0.2296581539043646,-0.7722497778015771,2.0
9.481999999999836,0.22811391723951494,-0.7719817016246461,2.0
9.483999999999837,0.22657024783968294,-0.7716825128304599,2.0
9.485999999999837,0.22502720792937697,-0.7713522123686899,2.0
9.487999999999838,0.22348485972986434,-0.770990802530973,2.0
9.489999999999839,0.22194326545648588,-0.7705982869524274,2.0
9.49199999999984,0.22040248731596745,-0.7701746706130828,2.0
9.49399999999984,0.2188625875037289,-0.7697199598392233,2.0
9.49599999999984,0.21732362820119008,-0.7692341623046443,2.0
9.497999999999841,0.21578567157307488,-0.7687172870318212,2.0
9.499999999999842,0.21424877976471257,-0.768169344392992,2.0
9.501999999999843,0.2127130148993374,-0.7675903461111513,2.0
9.503999999999843,0.21117843907538603,-0.7669803052609568,2.0
9.505999999999844,0.20964511436379354,-0.7663392362695486,2.0
9.507999999999845,0.20811310280528758,-0.7656671549172789,2.0
9.509999999999845,0.20658246640768138,-0.764964078338355,2.0
9.511999999999846,0.20505326714316538,-0.7642300250213929,2.0
9.513999999999847,0.20352556694559804,-0.7634650148098824,2.0
9.515999999999847,0.20199942770779558,-0.7626690689025637,2.0
9.517999999999848,0.2004749112788213,-0.7618422098537156,2.0
9.519999999999849,0.19895207946127422,-0.7609844615733542,2.0
9.52199999999985,0.19743099400857747,-0.7600958493273428,2.0
9.52399999999985,0.19591171662226659,-0.7591763997374131,2.0
9.52599999999985,0.19439430894927784,-0.7582261407810976,2.0
9.527999999999851,0.19287883257923674,-0.7572451017915722,2.0
9.529999999999852,0.191365349041747,-0.7562333134574103,2.0
9.531999999999853,0.1898539198036801,-0.7551908078222478,2.0
9.533999999999853,0.18834460626646546,-0.754117618284359,2.0
9.535999999999854,0.18683746976338178,-0.7530137795961437,2.0
9.537999999999855,0.18533257155684935,-0.751879327863525,2.0
9.539999999999855,0.1838299728357236,-0.7507143005452588,2.0
9.541999999999856,0.1823297347125903,-0.749518736452154,2.0
9.543999999999857,0.18083191822106226,-0.7482926757462046,2.0
9.545999999999857,0.1793365843130779,-0.7470361599396323,2.0
9.547999999999858,0.17784379385620178,-0.7457492318938419,2.0
9.549999999999859,0.1763536076309275,-0.7444319358182874,2.0
9.55199999999986,0.17486608632798267,-0.7430843172692503,2.0
9.55399999999986,0.1733812905456366,-0.7417064231485304,2.0
9.55599999999986,0.17189928078701064,-0.7402983017020481,2.0
9.557999999999861,0.17042011745739138,-0.7388600025183593,2.0
9.559999999999862,0.168943860861547,-0.7373915765270831,2.0
9.561999999999863,0.16747057120104672,-0.7358930759972424,2.0
9.563999999999863,0.1660003085715838,-0.7343645545355174,2.0
9.565999999999864,0.16453313296030198,-0.7328060670844124,2.0
9.567999999999865,0.16306910424312576,-0.7312176699203367,2.0
9.569999999999865,0.1616082821820946,-0.7295994206515983,2.0
9.571999999999866,0.16015072642270115,-0.7279513782163134,2.0
9.573999999999867,0.15869649649123382,-0.7262736028802286,2.0
9.575999999999867,0.15724565179212385,-0.7245661562344593,2.0
9.577999999999868,0.15579825160529673,-0.7228291011931426,2.0
9.579999999999869,0.15435435508352874,-0.7210625019910059,2.0
9.58199999999987,0.15291402124980816,-0.7192664241808508,2.0
9.58399999999987,0.1514773089947018,-0.7174409346309545,2.0
9.58599999999987,0.1500442770737266,-0.7155861015223858,2.0
9.587999999999871,0.14861498410472695,-0.7137019943462402,2.0
9.589999999999872,0.14718948856525735,-0.7117886839007908,2.0
9.591999999999873,0.145767848789971,-0.7098462422885577,2.0
9.593999999999873,0.14435012296801433,-0.707874742913296,2.0
9.595999999999874,0.1429363691404276,-0.705874260476901,2.0
9.597999999999875,0.14152664519755176,-0.7038448709762345,2.0
9.599999999999875,0.1401210088764418,-0.7017866516998691,2.0
9.601999999999876,0.13871951775828661,-0.6996996812247532,2.0
9.603999999999877,0.13732222926583568,-0.6975840394127968,2.0
9.605999999999877,0.13592920066083256,-0.6954398074073773,2.0
9.607999999999878,0.13454048904145557,-0.6932670676297682,2.0
9.609999999999879,0.1331561513397657,-0.6910659037754888,2.0
9.61199999999988,0.13177624431916163,-0.6888364008105768,2.0
9.61399999999988,0.13040082457184268,-0.6865786449677842,2.0
9.61599999999988,0.1290299485162792,-0.684292723742696,2.0
9.617999999999881,0.12766367239469076,-0.6819787258897746,2.0
9.619999999999882,0.12630205227053254,-0.6796367414183274,2.0
9.621999999999883,0.12494514402598965,-0.6772668615884004,2.0
9.623999999999883,0.12359300335947984,-0.6748691789065979,2.0
9.625999999999884,0.12224568578316466,-0.6724437871218281,2.0
9.627999999999885,0.12090324662046913,-0.6699907812209761,2.0
9.629999999999885,0.11956574100361016,-0.6675102574245048,2.0
9.631999999999886,0.1182332238711339,-0.665002313181983,2.0
9.633999999999887,0.11690574996546203,-0.6624670471675441,2.0
9.635999999999887,0.11558337383044723,-0.6599045592752727,2.0
9.637999999999888,0.11426614980893797,-0.6573149506145218,2.0
9.639999999999889,0.11295413204035268,-0.6546983235051617,2.0
9.64199999999989,0.11164737445826356,-0.6520547814727584,2.0
9.64399999999989,0.11034593078799006,-0.6493844292436863,2.0
9.64599999999989,0.10904985454420216,-0.6466873727401716,2.0
9.647999999999891,0.10775919902853374,-0.6439637190752703,2.0
9.649999999999892,0.10647401732720599,-0.6412135765477796,2.0
9.651999999999893,0.10519436230866101,-0.6384370546370844,2.0
9.653999999999893,0.10392028662120593,-0.6356342639979393,2.0
9.655999999999894,0.10265184269066738,-0.6328053164551855,2.0
9.657999999999895,0.10138908271805665,-0.6299503249984058,2.0
9.659999999999895,0.10013205867724566,-0.6270694037765164,2.0
9.661999999999896,0.09888082231265369,-0.6241626680922971,2.0
9.663999999999897,0.09763542513694522,-0.6212302343968596,2.0
9.665999999999897,0.0963959184287388,-0.618272220284056,2.0
9.667999999999898,0.0951623532303273,-0.6152887444848273,2.0
9.669999999999899,0.09393478034540931,-0.6122799268614927,2.0
9.6719999999999,0.09271325033683223,-0.6092458884019806,2.0
9.6739999999999,0.09149781352434684,-0.6061867512140019,2.0
9.6759999999999,0.09028851998237362,-0.6031026385191665,2.0
9.677999999999901,0.0890854195377809,-0.599993674647043,2.0
9.679999999999902,0.08788856176767486,-0.5968599850291638,2.0
9.681999999999903,0.08669799599720171,-0.5937016961929745,2.0
9.683999999999903,0.08551377129736194,-0.5905189357557294,2.0
9.685999999999904,0.08433593648283685,-0.5873118324183343,2.0
9.687999999999905,0.08316454010982745,-0.5840805159591356,2.0
9.689999999999905,0.08199963047390581,-0.5808251172276582,2.0
9.691999999999906,0.08084125560787905,-0.5775457681382921,2.0
9.693999999999907,0.07968946327966596,-0.574242601663928,2.0
9.695999999999907,0.07854430099018635,-0.5709157518295445,2.0
9.697999999999908,0.07740581597126339,-0.5675653537057437,2.0
9.699999999999909,0.07627405518353884,-0.5641915434022416,2.0
9.70199999999991,0.07514906531440138,-0.5607944580613089,2.0
9.70399999999991,0.07403089277592807,-0.5573742358511647,2.0
9.70599999999991,0.07291958370283916,-0.553931015959326,2.0
9.707999999999911,0.07181518395046611,-0.5504649385859095,2.0
9.709999999999912,0.07071773909273321,-0.5469761449368903,2.0
9.711999999999913,0.06962729442015253,-0.5434647772173157,2.0
9.713999999999913,0.06854389493783271,-0.5399309786244761,2.0
9.715999999999914,0.06746758536350127,-0.5363748933410336,2.0
9.717999999999915,0.06639841012554078,-0.5327966665281078,2.0
9.719999999999915,0.06533641336103893,-0.5291964443183211,2.0
9.721999999999916,0.06428163891385247,-0.5255743738088043,2.0
9.723999999999917,0.06323413033268525,-0.5219306030541604,2.0
9.725999999999917,0.06219393086918034,-0.5182652810593913,2.0
9.727999999999918,0.06116108347602631,-0.5145785577727853,2.0
9.729999999999919,0.06013563080507783,-0.5108705840787667,2.0
9.73199999999992,0.05911761520549059,-0.5071415117907093,2.0
9.73399999999992,0.05810707872187057,-0.5033914936437125,2.0
9.73599999999992,0.05710406309243789,-0.49962068328734266,2.0
9.737999999999921,0.05610860974720514,-0.49582923527833905,2.0
9.739999999999922,0.05512075980617037,-0.49201730507328567,2.0
9.741999999999923,0.054140554077524744,-0.48818504902124954,2.0
9.743999999999923,0.05316803305587497,-0.4843326243563858,2.0
9.745999999999924,0.05220323692048053,-0.4804601891905109,2.0
9.747999999999925,0.051246205533505854,-0.4765679025056439,2.0
9.749999999999925,0.05029697843828734,-0.4726559241465167,2.0
9.751999999999926,0.049355594857615495,-0.4687244148130542,2.0
9.753999999999927,0.048422093692032056,-0.46477353605282473,2.0
9.755999999999927,0.04749651351814231,-0.46080345025346114,2.0
9.757999999999928,0.04657889258694254,-0.4568143206350536,2.0
9.759999999999929,0.04566926882216275,-0.4528063112425148,2.0
9.76199999999993,0.04476767981862468,-0.4487795869379175,2.0
9.76399999999993,0.043874162840615176,-0.4447343133928058,2.0
9.76599999999993,0.04298875482027495,-0.44067065708048025,2.0
9.767999999999931,0.0421114923560028,-0.43658878526825784,2.0
9.769999999999932,0.041242411710875344,-0.43248886600970665,2.0
9.771999999999933,0.0403815488110823,-0.4283710681368567,2.0
9.773999999999933,0.039528939244377385,-0.4242355612523871,2.0
9.775999999999934,0.038684618258544815,-0.42008251572178973,2.0
9.777999999999935,0.037848620759881574,-0.41591210266551104,2.0
9.779999999999935,0.03702098131169536,-0.4117244939510713,2.0
9.781999999999936,0.03620173413281833,-0.4075198621851627,2.0
9.783999999999937,0.035390913096136706,-0.4032983807057264,2.0
9.785999999999937,0.03458855172713617,-0.3990602235740096,2.0
9.787999999999938,0.03379468320246327,-0.3948055655666024,2.0
9.789999999999939,0.03300934034850264,-0.39053458216745546,2.0
9.79199999999994,0.03223255563997036,-0.38624744955987894,2.0
9.79399999999994,0.03146436119852318,-0.3819443446185232,2.0
9.79599999999994,0.030704788791383924,-0.3776254449013416,2.0
9.797999999999941,0.02995386982998291,-0.373290928641536,2.0
9.799999999999942,0.029211635368615527,-0.3689409747394856,2.0
9.801999999999943,0.02847811610311597,-0.3645757627546593,2.0
9.803999999999943,0.027753342369547157,-0.3601954728975122,2.0
9.805999999999944,0.027037344142906875,-0.3558002860213668,2.0
9.807999999999945,0.026330151035850173,-0.35139038361427916,2.0
9.809999999999945,0.025631792297428044,-0.34696594779089035,2.0
9.811999999999946,0.02494229681184242,-0.3425271612842643,2.0
9.813999999999947,0.024261693097217485,-0.3380742074377116,2.0
9.815999999999947,0.023590009304387385,-0.3336072701966002,2.0
9.817999999999948,0.02292727321570031,-0.32912653410015313,2.0
9.819999999999949,0.022273512243838983,-0.3246321842732342,2.0
9.82199999999995,0.02162875343065762,-0.3201244064181213,2.0
9.82399999999995,0.020993023446035333,-0.3156033868062681,2.0
9.82599999999995,0.020366348586746023,-0.31106931227005485,2.0
9.827999999999951,0.019748754775344782,-0.306522370194528,2.0
9.829999999999952,0.019140267559070837,-0.30196274850912913,2.0
9.831999999999953,0.01854091210876704,-0.29739063567941426,2.0
9.833999999999953,0.01795071321781592,-0.292806220698763,2.0
9.835999999999954,0.017369695301092346,-0.28820969308007827,2.0
9.837999999999955,0.016797882393932775,-0.28360124284747684,2.0
9.839999999999955,0.01623529815112115,-0.2789810605279714,2.0
9.841999999999956,0.015681965845891425,-0.27434933714314363,2.0
9.843999999999957,0.015137908368946781,-0.2697062642008097,2.0
9.845999999999957,0.014603148227495472,-0.2650520336866772,2.0
9.847999999999958,0.014077707544303404,-0.2603868380559953,2.0
9.849999999999959,0.013561608056763414,-0.2557108702251969,2.0
9.85199999999996,0.013054871115981252,-0.2510243235635342,2.0
9.85399999999996,0.012557517685878324,-0.24632739188470745,2.0
9.85599999999996,0.012069568342311167,-0.2416202694384872,2.0
9.857999999999961,0.011591043272207691,-0.2369031509023303,2.0
9.859999999999962,0.011121962272720201,-0.2321762313729902,2.0
9.861999999999963,0.010662344750395193,-0.22743970635812116,2.0
9.863999999999963,0.010212209720359952,-0.2226937717678773,2.0
9.865999999999964,0.009771575805525963,-0.21793862390650628,2.0
9.867999999999965,0.009340461235809127,-0.21317445946393804,2.0
9.869999999999965,0.00891888384736682,-0.20840147550736862,2.0
9.871999999999966,0.008506861081851773,-0.20361986947283953,2.0
9.873999999999967,0.008104409985682813,-0.19882983915681265,2.0
9.875999999999967,0.007711547209332444,-0.19403158270774107,2.0
9.877999999999968,0.0073282890066313005,-0.18922529861763565,2.0
9.879999999999969,0.006954651234089469,-0.1844111857136282,2.0
9.88199999999997,0.006590649350234685,-0.17958944314953063,2.0
9.88399999999997,0.006236298414967415,-0.17476027039739092,2.0
9.88599999999997,0.005891613088932835,-0.16992386723904562,2.0
9.887999999999971,0.0055566076329096985,-0.16508043375766937,2.0
9.889999999999972,0.005231295907216119,-0.16023017032932127,2.0
9.891999999999973,0.0049156913711322515,-0.1553732776144887,2.0
9.893999999999973,0.004609807082339899,-0.15050995654962807,2.0
9.895999999999974,0.004313655696379032,-0.14564040833870348,2.0
9.897999999999975,0.00402724946612124,-0.1407648344447226,2.0
9.899999999999975,0.0037506002412601063,-0.13588343658127044,2.0
9.901999999999976,0.003483719467818526,-0.130996416704041,2.0
9.903999999999977,0.003226618187666377,-0.1261039770056554,2.0
9.905999999999977,0.0029793070380751043,-0.12120631989720737,2.0
9.907999999999978,0.002741796251269052,-0.11630364800988727,2.0
9.909999999999979,0.0025140956540005534,-0.1113961641831016,2.0
9.91199999999998,0.002296214667141978,-0.10648407145599549,2.0
9.91399999999998,0.0020881623052947315,-0.10156757305897375,2.0
9.91599999999998,0.0018899471764152178,-0.09664687240522042,2.0
9.917999999999981,0.0017015774814577612,-0.0917221730822171,2.0
9.919999999999982,0.001523061014034494,-0.08679367884325993,2.0
9.921999999999983,0.0013544051600922124,-0.08186159359897555,2.0
9.923999999999984,0.001195616897606199,-0.07692612140883581,2.0
9.925999999999984,0.0010467027962910197,-0.0719874664726717,2.0
9.927999999999985,0.0009076690173282916,-0.06704583312218611,2.0
9.929999999999986,0.0007785213131114275,-0.06210142581246594,2.0
9.931999999999986,0.0006592650270073561,-0.0571544491134933,2.0
9.933999999999987,0.0005499050931352214,-0.052205107701656046,2.0
9.935999999999988,0.0004504460361620607,-0.047253606351257596,2.0
9.937999999999988,0.00036089197111546496,-0.04230014992602621,2.0
9.939999999999989,0.00028124660321321936,-0.03734494337062369,2.0
9.94199999999999,0.00021151322770992864,-0.032388191702153624,2.0
9.94399999999999,0.00015169472976062526,-0.027430100001669146,2.0
9.94599999999999,0.00010179358430136305,-0.022470873405680394,2.0
9.947999999999992,6.181185594679589e-05,-0.017510717097661593,2.0
9.949999999999992,3.17511989047428e-05,-0.012549836299557878,2.0
9.951999999999993,1.1612856907739424e-05,-0.007588436263291912,2.0
9.953999999999994,1.3976631615765023e-06,-0.0026267222622703094,2.0
9.955999999999994,1.106040310825655e-06,0.0023351004171100432,2.0
9.957999999999995,1.0738000421352599e-05,0.007296826483955755,2.0
9.959999999999996,3.029314497981792e-05,0.012258250651370713,2.0
9.961999999999996,5.9770664910165384e-05,0.017219167644949844,2.0
9.963999999999997,9.916934060709776e-05,0.02217937221127282,2.0
9.965999999999998,0.00014848754198653987,0.027138659126397627,2.0
9.967999999999998,0.0002077232285530887,0.032096823204353954,2.0
9.969999999999999,0.00027687394948445,0.03705365930563641,2.0
9.972,0.0003559368437328611,0.04200896234569741,2.0
9.974,0.0004449086401434991,0.046962527303439805,2.0
9.976,0.0005437856575898742,0.05191414922970908,2.0
9.978000000000002,0.0006525638051262068,0.05686362325578518,2.0
9.980000000000002,0.0007712385821567877,0.06181074460187381,2.0
9.982000000000003,0.0008998050786223205,0.06675530858559724,2.0
9.984000000000004,0.0010382579752032453,0.07169711063048445,2.0
9.986000000000004,0.0011865915435400416,0.0766359462744607,2.0
9.988000000000005,0.0013447996464705093,0.08157161117833632,2.0
9.990000000000006,0.001512875738284028,0.08650390113429472,2.0
9.992000000000006,0.0016908128649927895,0.0914326120743796,2.0
9.994000000000007,0.0018786036646200055,0.09635754007898113,2.0
9.996000000000008,0.0020762403675050854,0.10127848138532129,2.0
9.998000000000008,0.0022837147966257854,0.10619523239593798,2.0
10.000000000000009,0.0025010183679373215,0.11110758968716808,2.0
10.00200000000001,0.0027281420907284515,0.11601535001762925,2.0
10.00400000000001,0.002965076567994516,0.12091831033670038,2.0
10.00600000000001,0.0032118119968274415,0.1258162677930007,2.0
10.008000000000012,0.0034683381688226968,0.13070901974286736,2.0
10.010000000000012,0.0037346444705032076,0.13559636375883133,2.0
10.012000000000013,0.004010719883760216,0.14047809763809174,2.0
10.014000000000014,0.004296552986311093,0.14535401941098833,2.0
10.016000000000014,0.004592131952174087,0.15022392734947201,2.0
10.018000000000015,0.004897444552153222,0.15508761997217557,2.0
10.020000000000016,0.005212478154360282,0.15994489606295786,2.0
10.022000000000016,0.0055372197247338046,0.16479555466940604,2.0
10.024000000000017,0.005871655827581564,0.16963939511457915,2.0
10.026000000000018,0.006215772626139974,0.17447621700546734,2.0
10.028000000000018,0.006569555883150406,0.17930582024144834,2.0
10.030000000000019,0.00693299096145242,0.18412800502274115,2.0
10.03200000000002,0.0073060628245939,0.18894257185885688,2.0
10.03400000000002,0.0076887560374580815,0.19374932157704616,2.0
10.036000000000021,0.008081054766907477,0.19854805533074368,2.0
10.038000000000022,0.008482942782444693,0.20333857460800894,2.0
10.040000000000022,0.008894403456890103,0.20812068123996358,2.0
10.042000000000023,0.009315419767076418,0.2128941774092248,2.0
10.044000000000024,0.009745974294560106,0.21765886565833495,2.0
10.046000000000024,0.010186049226349664,0.2224145488981867,2.0
10.048000000000025,0.010635626355650742,0.22716103041644417,2.0
10.050000000000026,0.011094687082628105,0.23189811388595913,2.0
10.052000000000026,0.011563212415184418,0.2366256033731827,2.0
10.054000000000027,0.012041182969755855,0.24134330334657195,2.0
10.056000000000028,0.01252857897212451,0.24605101868499119,2.0
10.058000000000028,0.01302538025824761,0.25074855468610796,2.0
10.060000000000029,0.013531566275103516,0.25543571707478324,2.0
10.06200000000003,0.014047116081554489,0.2601123120114557,2.0
10.06400000000003,0.014572008349226225,0.2647781461005198,2.0
10.066000000000031,0.015106221363404147,0.26943302639869754,2.0
10.068000000000032,0.015649733023946417,0.2740767604234033,2.0
10.070000000000032,0.016202520846213684,0.27870915616110176,2.0
10.072000000000033,0.01676456196201554,0.2833300220756588,2.0
10.074000000000034,0.01733583312057366,0.2879391671166845,2.0
10.076000000000034,0.017916310689501627,0.2925364007278683,2.0
10.078000000000035,0.018505970655801427,0.29712153285530635,2.0
10.080000000000036,0.01910478862687658,0.3016943739558201,2.0
10.082000000000036,0.019712739831561892,0.30625473500526623,2.0
10.084000000000037,0.020329799121169844,0.3108024275068373,2.0
10.086000000000038,0.02095594097055354,0.3153372634993533,2.0
10.088000000000038,0.021591139479186262,0.3198590555655431,2.0
10.090000000000039,0.022235368372257546,0.3243676168403159,2.0
10.09200000000004,0.022888601001785816,0.3288627610190221,2.0
10.09400000000004,0.02355081034774751,0.33334430236570356,2.0
10.096000000000041,0.02422196901922271,0.33781205572133227,2.0
10.098000000000042,0.02490204925555723,0.34226583651203774,2.0
10.100000000000042,0.02559102292754115,0.3467054607573222,2.0
10.102000000000043,0.026288861538603756,0.3511307450782637,2.0
10.104000000000044,0.026995536226024897,0.35554150670570567,2.0
10.106000000000044,0.02771101776216269,0.35993756348843436,2.0
10.108000000000045,0.028435276555697574,0.36431873390134173,2.0
10.110000000000046,0.029168282652892664,0.36868483705357474,2.0
10.112000000000046,0.029910005738870406,0.3730356926966702,2.0
10.114000000000047,0.030660415138905474,0.37737112123267424,2.0
10.116000000000048,0.031419479819733906,0.38169094372224693,2.0
10.118000000000048,0.032187168390878415,0.3859949818927508,2.0
10.120000000000049,0.03296344910598986,0.39028305814632286,2.0
10.12200000000005,0.033748289864204875,0.39455499556793044,2.0
10.12400000000005,0.03454165821151955,0.39881061793340894,2.0
10.126000000000051,0.0353435213421792,0.40304974971748253,2.0
10.128000000000052,0.03615384610008415,0.4072722161017662,2.0
10.130000000000052,0.03697259898021151,0.4114778429827494,2.0
10.132000000000053,0.037799746130052866,0.4156664569797598,2.0
10.134000000000054,0.03863525335106792,0.41983788544290795,2.0
10.136000000000054,0.03947908610015399,0.4239919564610113,2.0
10.138000000000055,0.04033120949113133,0.42812849886949716,2.0
10.140000000000056,0.04119158829624421,0.4322473422582849,2.0
10.142000000000056,0.0420601869476778,0.4363483169796454,2.0
10.144000000000057,0.04293696953909068,0.4404312541560387,2.0
10.146000000000058,0.04382189982716308,0.4444959856879282,2.0
10.148000000000058,0.04471494123316062,0.44854234426157147,2.0
10.150000000000059,0.045616056844513725,0.45257016335678657,2.0
10.15200000000006,0.04652520941641247,0.4565792772546938,2.0
10.15400000000006,0.0474423613734169,0.46056952104543225,2.0
10.156000000000061,0.04836747481108276,0.46454073063584983,2.0
10.158000000000062,0.0493005114976026,0.4684927427571673,2.0
10.160000000000062,0.05024143287546216,0.4724253949726149,2.0
10.162000000000063,0.05119020006311196,0.476338525685041,2.0
10.164000000000064,0.052146773856654186,0.48023197414449276,2.0
10.166000000000064,0.053111114731544604,0.48410558045576746,2.0
10.168000000000065,0.05408318284430959,0.48795918558593415,2.0
10.170000000000066,0.05506293803427817,0.49179263137182505,2.0
10.172000000000066,0.05605033982532903,0.49560576052749616,2.0
10.174000000000067,0.05704534742765239,0.4993984166516561,2.0
10.176000000000068,0.05804791973952668,0.5031704442350626,2.0
10.178000000000068,0.05905801534911006,0.5069216886678868,2.0
10.180000000000069,0.060075592536246544,0.5106519962470425,2.0
10.18200000000007,0.06110060927428681,0.5143612141834829,2.0
10.18400000000007,0.06213302323192352,0.5180491906094613,2.0
10.186000000000071,0.06317279177504118,0.5217157745857568,2.0
10.188000000000072,0.06421987196858037,0.5253608161088631,2.0
10.190000000000072,0.06527422057841632,0.5289841661181411,2.0
10.192000000000073,0.06633579407325181,0.5325856765029336,2.0
10.194000000000074,0.06740454862652417,0.5361652001096413,2.0
10.196000000000074,0.06848044011832646,0.5397225907487603,2.0
10.198000000000075,0.06956342413734266,0.5432577032018798,2.0
10.200000000000076,0.07065345598279683,0.5467703932286391,2.0
10.202000000000076,0.07175049066641613,0.5502605175736436,2.0
10.204000000000077,0.0728544829144076,0.5537279339733392,2.0
10.206000000000078,0.07396538716944874,0.557172501162844,2.0
10.208000000000078,0.0750831575926916,0.5605940788827367,2.0
10.210000000000079,0.07620774806578048,0.563992527885801,2.0
10.21200000000008,0.07733911219288306,0.5673677099437254,2.0
10.21400000000008,0.0784772033027348,0.570719487853758,2.0
10.216000000000081,0.07962197445069678,0.5740477254453145,2.0
10.218000000000082,0.08077337842082652,0.5773522875865393,2.0
10.220000000000082,0.08193136772796199,0.5806330401908206,2.0
10.222000000000083,0.08309589461981857,0.5838898502232548,2.0
10.224000000000084,0.08426691107909894,0.5871225857070638,2.0
10.226000000000084,0.08544436882561558,0.5903311157299618,2.0
10.228000000000085,0.08662821931842622,0.593515310450472,2.0
10.230000000000086,0.08781841375798166,0.5966750411041918,2.0
10.232000000000086,0.08901490308828612,0.5998101800100061,2.0
10.234000000000087,0.09021763799907005,0.6029206005762482,2.0
10.236000000000088,0.0914265689279751,0.6060061773068075,2.0
10.238000000000088,0.0926416460627513,0.609066785807183,2.0
10.240000000000089,0.09386281934346628,0.6121023027904814,2.0
10.24200000000009,0.09509003846472648,0.615112606083361,2.0
10.24400000000009,0.09632325287791009,0.6180975746319185,2.0
10.246000000000091,0.0975624117934118,0.6210570885075186,2.0
10.248000000000092,0.09880746418289911,0.6239910289125671,2.0
10.250000000000092,0.10005835878158016,0.6268992781862244,2.0
10.252000000000093,0.10131504409048286,0.6297817198100608,2.0
10.254000000000094,0.10257746837874536,0.632638238413652,2.0
10.256000000000094,0.10384557968591755,0.6354687197801133,2.0
10.258000000000095,0.1051193258242737,0.6382730508515738,2.0
10.260000000000096,0.10639865438113584,0.6410511197345881,2.0
10.262000000000096,0.10768351272120799,0.643802815705485,2.0
10.264000000000097,0.10897384798892104,0.6465280292156544,2.0
10.266000000000098,0.11026960711078806,0.6492266518967689,2.0
10.268000000000098,0.11157073679777005,0.6518985765659409,2.0
10.270000000000099,0.11287718354765193,0.6545436972308157,2.0
10.2720000000001,0.11418889364742864,0.6571619090945973,2.0
10.2740000000001,0.1155058131757012,0.6597531085610079,2.0
10.276000000000101,0.11682788800508272,0.6623171932391808,2.0
10.278000000000102,0.11815506380461398,0.6648540619484846,2.0
10.280000000000102,0.11948728604218871,0.6673636147232792,2.0
10.282000000000103,0.12082449998698827,0.6698457528176025,2.0
10.284000000000104,0.12216665071192562,0.6723003787097874,2.0
10.286000000000104,0.12351368309609848,0.6747273961070083,2.0
10.288000000000105,0.12486554182725147,0.677126709949756,2.0
10.290000000000106,0.12622217140424724,0.679498226416242,2.0
10.292000000000106,0.12758351613954613,0.6818418529267294,2.0
10.294000000000107,0.12894952016169467,0.6841574981477913,2.0
10.296000000000108,0.1303201274178223,0.686445071996496,2.0
10.298000000000108,0.13169528167614658,0.6887044856445176,2.0
10.300000000000109,0.13307492652848632,0.6909356515221723,2.0
10.30200000000011,0.13445900539278297,0.6931384833223793,2.0
10.30400000000011,0.1358474615156296,0.6953128960045458,2.0
10.306000000000111,0.13724023797480783,0.6974588057983763,2.0
10.308000000000112,0.1386372776818321,0.6995761302076038,2.0
10.310000000000112,0.14003852338450135,0.7016647880136451,2.0
10.312000000000113,0.14144391766945805,0.7037246992791767,2.0
10.314000000000114,0.14285340296475418,0.7057557853516336,2.0
10.316000000000114,0.14426692154242426,0.7077579688666281,2.0
10.318000000000115,0.14568441552106498,0.7097311737512895,2.0
10.320000000000116,0.1471058268684215,0.7116753252275241,2.0
10.322000000000116,0.1485310974039802,0.7135903498151948,2.0
10.324000000000117,0.14996016880156784,0.7154761753352193,2.0
10.326000000000118,0.1513929825919565,0.7173327309125879,2.0
10.328000000000118,0.1528294801654748,0.7191599469792982,2.0
10.330000000000119,0.1542696027746247,0.7209577552772094,2.0
10.33200000000012,0.15571329153670416,0.7227260888608125,2.0
10.33400000000012,0.1571604874364349,0.7244648820999179,2.0
10.336000000000121,0.1586111313285958,0.7261740706822605,2.0
10.338000000000122,0.16006516394066123,0.7278535916160196,2.0
10.340000000000122,0.1615225258754444,0.7295033832322557,2.0
10.342000000000123,0.16298315761374552,0.7311233851872624,2.0
10.344000000000124,0.16444699951700445,0.7327135384648333,2.0
10.346000000000124,0.16591399182995803,0.7342737853784445,2.0
10.348000000000125,0.16738407468330146,0.7358040695733501,2.0
10.350000000000126,0.16885718809635394,0.737304336028594,2.0
10.352000000000126,0.17033327197972808,0.7387745310589338,2.0
10.354000000000127,0.17181226613800335,0.7402146023166787,2.0
10.356000000000128,0.1732941102724028,0.7416244987934416,2.0
10.358000000000128,0.1747787439834734,0.7430041708218036,2.0
10.360000000000129,0.1762661067737696,0.7443535700768912,2.0
10.36200000000013,0.17775613805053994,0.7456726495778668,2.0
10.36400000000013,0.1792487771284164,0.7469613636893313,2.0
10.366000000000131,0.18074396323210673,0.7482196681226383,2.0
10.368000000000132,0.18224163549908923,0.7494475199371216,2.0
10.370000000000132,0.18374173298230972,0.7506448775412335,2.0
10.372000000000133,0.185244194652881,0.7518117006935958,2.0
10.374000000000134,0.18674895940278405,0.7529479505039608,2.0
10.376000000000134,0.18825596604757125,0.7540535894340856,2.0
10.378000000000135,0.18976515332907112,0.7551285812985167,2.0
10.380000000000136,0.1912764599180947,0.7561728912652858,2.0
10.382000000000136,0.192789824417143,0.7571864858565168,2.0
10.384000000000137,0.19430518536311595,0.758169332948945,2.0
10.386000000000138,0.1958224812300218,0.759121401774345,2.0
10.388000000000138,0.19734165043168775,0.7600426629198722,2.0
10.39000000000014,0.19886263132447088,0.7609330883283134,2.0
10.39200000000014,0.2003853622099696,0.761792651298249,2.0
10.39400000000014,0.2019097813377354,0.7626213264841266,2.0
10.396000000000141,0.2034358269079845,0.7634190898962446,2.0
10.398000000000142,0.20496343707430947,0.7641859189006478,2.0
10.400000000000142,0.20649254994639057,0.7649217922189335,2.0
10.402000000000143,0.2080231035927066,0.7656266899279689,2.0
10.404000000000144,0.20955503604324502,0.7663005934595196,2.0
10.406000000000144,0.21108828529221138,0.7669434855997898,2.0
10.408000000000145,0.21262278930073764,0.7675553504888732,2.0
10.410000000000146,0.21415848599958925,0.7681361736201169,2.0
10.412000000000146,0.21569531329187108,0.7686859418393946,2.0
10.414000000000147,0.21723320905573154,0.7692046433442945,2.0
10.416000000000148,0.21877211114706524,0.7696922676832169,2.0
10.418000000000148,0.22031195740221357,0.7701488057543852,2.0
10.42000000000015,0.2218526856406633,0.7705742498047692,2.0
10.42200000000015,0.22339423366774291,0.770968593428921,2.0
10.42400000000015,0.22493653927731655,0.7713318315677233,2.0
10.426000000000151,0.22647954025447534,0.7716639605070519,2.0
10.428000000000152,0.22802317437822597,0.77196497787635,2.0
10.430000000000152,0.22956737942417635,0.7722348826471179,2.0
10.432000000000153,0.2311120931672181,0.7724736751313157,2.0
10.434000000000154,0.23265725338420581,0.7726813569796802,2.0
10.436000000000154,0.2342027978566329,0.7728579311799568,2.0
10.438000000000155,0.23574866437330372,0.7730034020550463,2.0
10.440000000000156,0.23729479073300197,0.7731177752610666,2.0
10.442000000000156,0.23884111474715516,0.7732010577853308,2.0
10.444000000000157,0.24038757424249482,0.7732532579442404,2.0
10.446000000000158,0.2419341070637126,0.7732743853810957,2.0
10.448000000000158,0.24348065107611172,0.773264451063823,2.0
10.45000000000016,0.24502714416825397,0.7732234672826184,2.0
10.45200000000016,0.24657352425460174,0.77315144764751,2.0
10.45400000000016,0.24811972927815523,0.7730484070858382,2.0
10.456000000000161,0.24966569721308446,0.7729143618396547,2.0
10.458000000000162,0.251211366067356,0.7727493294630396,2.0
10.460000000000163,0.25275667388535444,0.7725533288193402,2.0
10.462000000000163,0.25430155875049787,0.7723263800783278,2.0
10.464000000000164,0.2558459587878479,0.7720685047132761,2.0
10.466000000000165,0.2573898121667137,0.7717797254979615,2.0
10.468000000000165,0.25893305710325004,0.7714600665035833,2.0
10.470000000000166,0.2604756318630488,0.7711095530956085,2.0
10.472000000000167,0.2620174747637244,0.7707282119305371,2.0
10.474000000000167,0.2635585241774925,0.7703160709525931,2.0
10.476000000000168,0.2650987185337421,0.7698731593903378,2.0
10.478000000000169,0.26663799632160096,0.769399507753209,2.0
10.48000000000017,0.26817629609249344,0.7688951478279845,2.0
10.48200000000017,0.2697135564626919,0.7683601126751727,2.0
10.48400000000017,0.27124971611586035,0.7677944366253286,2.0
10.486000000000171,0.27278471380559083,0.7671981552752982,2.0
10.488000000000172,0.27431848835793216,0.7665713054843897,2.0
10.490000000000173,0.27585097867391106,0.7659139253704742,2.0
10.492000000000173,0.27738212373204524,0.7652260543060155,2.0
10.494000000000174,0.2789118625908485,0.7645077329140297,2.0
10.496000000000175,0.28044013439132787,0.7637590030639756,2.0
10.498000000000175,0.2819668783594722,0.7629799078675766,2.0
10.500000000000176,0.28349203380873267,0.7621704916745753,2.0
10.502000000000177,0.2850155401424942,0.7613308000684199,2.0
10.504000000000177,0.2865373368565387,0.7604608798618857,2.0
10.506000000000178,0.28805736354149936,0.7595607790926301,2.0
10.508000000000179,0.28957555988530576,0.7586305470186833,2.0
10.51000000000018,0.29109186567562007,0.7576702341138746,2.0
10.51200000000018,0.29260622080226406,0.7566798920631963,2.0
10.51400000000018,0.2941185652596368,0.7556595737581049,2.0
10.516000000000181,0.29562883914912275,0.7546093332917604,2.0
10.518000000000182,0.29713698268149036,0.7535292259542052,2.0
10.520000000000183,0.298642936179281,0.7524193082274837,2.0
10.522000000000183,0.300146640079188,0.7512796377807017,2.0
10.524000000000184,0.3016480349344259,0.7501102734650286,2.0
10.526000000000185,0.3031470614170892,0.7489112753086415,2.0
10.528000000000185,0.3046436603205018,0.7476827045116142,2.0
10.530000000000186,0.3061377725615551,0.7464246234407486,2.0
10.532000000000187,0.30762933918303664,0.7451370956243528,2.0
10.534000000000187,0.30911830135594764,0.7438201857469655,2.0
10.536000000000188,0.31060460038181015,0.7424739596440262,2.0
10.538000000000189,0.3120881776949636,0.7410984842964946,2.0
10.54000000000019,0.3135689748648503,0.7396938278254183,2.0
10.54200000000019,0.3150469335982901,0.73826005948645,2.0
10.54400000000019,0.31652199574174433,0.7367972496643165,2.0
10.546000000000191,0.31799410328356803,0.7353054698672374,2.0
10.548000000000192,0.31946319835625153,0.7337847927212984,2.0
10.550000000000193,0.3209292232386506,0.7322352919647763,2.0
10.552000000000193,0.3223921203582048,0.7306570424424198,2.0
10.554000000000194,0.32385183229314496,0.7290501200996842,2.0
10.556000000000195,0.3253083017746887,0.7274146019769236,2.0
10.558000000000195,0.32676147168922437,0.7257505662035398,2.0
10.560000000000196,0.3282112850804832,0.7240580919920888,2.0
10.562000000000197,0.32965768515169985,0.7223372596323473,2.0
10.564000000000197,0.3311006152677607,0.7205881504853386,2.0
10.566000000000198,0.3325400189573404,0.7188108469773201,2.0
10.568000000000199,0.33397583991502644,0.7170054325937316,2.0
10.5700000000002,0.3354080220034311,0.715171991873108,2.0
10.5720000000002,0.3368365092552919,0.7133106104009548,2.0
10.5740000000002,0.3382612458755591,0.7114213748035887,2.0
10.576000000000201,0.33968217624347136,0.7095043727419442,2.0
10.578000000000202,0.34109924491461846,0.7075596929053467,2.0
10.580000000000203,0.3425123966229922,0.7055874250052535,2.0
10.582000000000203,0.3439215762830241,0.7035876597689633,2.0
10.584000000000204,0.3453267289916109,0.7015604889332955,2.0
10.586000000000205,0.34672780003012704,0.6995060052382399,2.0
10.588000000000205,0.3481247348664251,0.6974243024205786,2.0
10.590000000000206,0.34951747915682235,0.6953154752074795,2.0
10.592000000000207,0.35090597874807566,0.6931796193100639,2.0
10.594000000000207,0.3522901796793427,0.6910168314169487,2.0
10.596000000000208,0.3536700281841303,0.6888272091877635,2.0
10.598000000000209,0.35504547069223025,0.6866108512466446,2.0
10.60000000000021,0.3564164538316417,0.6843678571757058,2.0
10.60200000000021,0.3577829244304806,0.6820983275084883,2.0
10.60400000000021,0.3591448295188758,0.6798023637233889,2.0
10.606000000000211,0.36050211633085233,0.677480068237069,2.0
10.608000000000212,0.3618547323062014,0.6751315443978448,2.0
10.610000000000213,0.363202625092337,0.6727568964790593,2.0
10.612000000000213,0.3645457425461391,0.6703562296724374,2.0
10.614000000000214,0.36588403273578407,0.6679296500814247,2.0
10.616000000000215,0.3672174439425614,0.6654772647145123,2.0
10.618000000000215,0.36854592466267694,0.6629991814785459,2.0
10.620000000000216,0.36986942360904307,0.6604955091720225,2.0
10.622000000000217,0.37118788971305516,0.6579663574783751,2.0
10.624000000000217,0.3725012721263548,0.655411836959245,2.0
10.626000000000218,0.3738095202225794,0.6528320590477446,2.0
10.628000000000219,0.37511258359909855,0.6502271360417098,2.0
10.63000000000022,0.37641041207873654,0.6475971810969443,2.0
10.63200000000022,0.37770295571148166,0.6449423082204557,2.0
10.63400000000022,0.37899016477618164,0.6422626322636849,2.0
10.636000000000221,0.38027198978222604,0.6395582689157292,2.0
10.638000000000222,0.3815483814712145,0.6368293346965609,2.0
10.640000000000223,0.38281929081861193,0.6340759469502405,2.0
10.642000000000223,0.3840846690353897,0.6312982238381277,2.0
10.644000000000224,0.38534446756965357,0.6284962843320889,2.0
10.646000000000225,0.3865986381082579,0.6256702482077032,2.0
10.648000000000225,0.38784713257840625,0.622820236037468,2.0
10.650000000000226,0.38908990314923836,0.6199463691840035,2.0
10.652000000000227,0.39032690223340377,0.6170487697932594,2.0
10.654000000000227,0.39155808248862156,0.6141275607877219,2.0
10.656000000000228,0.3927833968192267,0.6111828658596236,2.0
10.658000000000229,0.3940027983777026,0.6082148094641566,2.0
10.66000000000023,0.3952162405662004,0.6052235168126898,2.0
10.66200000000023,0.3964236770380446,0.6022091138659904,2.0
10.66400000000023,0.3976250616992249,0.5991717273274514,2.0
10.666000000000231,0.39882034870987476,0.5961114846363252,2.0
10.668000000000232,0.4000094924857364,0.5930285139609645,2.0
10.670000000000233,0.4011924476996123,0.5899229441920704,2.0
10.672000000000233,0.402369169282803,0.5867949049359499,2.0
10.674000000000234,0.4035396124265315,0.5836445265077821,2.0
10.676000000000235,0.40470373258335474,0.5804719399248942,2.0
10.678000000000235,0.40586148546856055,0.577277276900049,2.0
10.680000000000236,0.40701282706155234,0.574060669834743,2.0
10.682000000000237,0.40815771360721964,0.5708222518125168,2.0
10.684000000000237,0.4092961016172955,0.5675621565922783,2.0
10.686000000000238,0.4104279478717006,0.5642805186016394,2.0
10.688000000000239,0.41155320941987406,0.5609774729302669,2.0
10.69000000000024,0.41267184358209075,0.5576531553232474,2.0
10.69200000000024,0.4137838079507657,0.5543077021744686,2.0
10.69400000000024,0.41488906039174495,0.5509412505200153,2.0
10.696000000000241,0.41598755904558354,0.5475539380315835,2.0
10.698000000000242,0.41707926232880993,0.5441459030099101,2.0
10.700000000000243,0.4181641289351776,0.5407172843782214,2.0
10.702000000000243,0.4192421178369037,0.5372682216757001,2.0
10.704000000000244,0.4203131882858941,0.5337988550509698,2.0
10.706000000000245,0.421377299814956,0.5303093252556007,2.0
10.708000000000245,0.42243441223899725,0.5267997736376342,2.0
10.710000000000246,0.423484485656213,0.5232703421351281,2.0
10.712000000000247,0.424527480449259,0.5197211732697236,2.0
10.714000000000247,0.42556335728641265,0.5161524101402325,2.0
10.716000000000248,0.42659207712272074,0.5125641964162482,2.0
10.718000000000249,0.4276136012011348,0.5089566763317772,2.0
10.72000000000025,0.4286278910536334,0.5053299946788955,2.0
10.72200000000025,0.42963490850233216,0.501684296801427,2.0
10.72400000000025,0.43063461566058076,0.4980197285886465,2.0
10.726000000000251,0.43162697493404767,0.49433643646900693,2.0
10.728000000000252,0.4326119490217923,0.4906345674038911,2.0
10.730000000000253,0.43358950091732446,0.48691426888138883,2.0
10.732000000000253,0.4345595939096518,0.4831756889100992,2.0
10.734000000000254,0.4355221915843145,0.47941897601295935,2.0
10.736000000000255,0.4364772578244077,0.47564427922109875,2.0
10.738000000000255,0.43742475681159204,0.47185174806772084,2.0
10.740000000000256,0.43836465302709154,0.4680415325820112,2.0
10.742000000000257,0.43929691125267945,0.464213783283073,2.0
10.744000000000257,0.44022149657165216,0.4603686511738903,2.0
10.746000000000258,0.4411383743697909,0.45650628773531904,2.0
10.748000000000259,0.4420475103363115,0.4526268449201063,2.0
10.75000000000026,0.4429488704648022,0.4487304751469381,2.0
10.75200000000026,0.44384242105414956,0.4448173312945157,2.0
10.75400000000026,0.4447281287094528,0.4408875666956615,2.0
10.756000000000261,0.44560596034292577,0.43694133513145295,2.0
10.758000000000262,0.44647588317478815,0.4329787908253873,2.0
10.760000000000263,0.44733786473414394,0.42900008843757526,2.0
10.762000000000263,0.44819187285984935,0.4250053830589643,2.0
10.764000000000264,0.4490378757013684,0.42099483020559264,2.0
10.766000000000265,0.4498758417196176,0.416968585812873,2.0
10.768000000000265,0.4507057396877988,0.41292680622990674,2.0
10.770000000000266,0.45152753869222123,0.4088696482138288,2.0
10.772000000000267,0.4523412081331115,0.404797268924183,2.0
10.774000000000267,0.4531467177254132,0.40070982591732807,2.0
10.776000000000268,0.4539440374995748,0.3966074771408749,2.0
10.778000000000269,0.45473313780232655,0.3924903809281544,2.0
10.78000000000027,0.45551398929744663,0.38835869599271666,2.0
10.78200000000027,0.4562865629665158,0.38421258142286097,2.0
10.78400000000027,0.45705083010966185,0.3800521966761974,2.0
10.786000000000271,0.4578067623462924,0.3758777015742391,2.0
10.788000000000272,0.45855433161581766,0.37168925629702637,2.0
10.790000000000273,0.45929351017836184,0.3674870213777816,2.0
10.792000000000273,0.46002427061546447,0.36327115769759566,2.0
10.794000000000274,0.46074658583077066,0.35904182648014554,2.0
10.796000000000275,0.4614604290507111,0.3547991892864433,2.0
10.798000000000275,0.46216577382517154,0.350543408009616,2.0
10.800000000000276,0.4628625940281517,0.34627464486971715,2.0
10.802000000000277,0.4635508638584141,0.34199306240856914,2.0
10.804000000000277,0.4642305578401223,0.3376988234846365,2.0
10.806000000000278,0.4649016508234693,0.3333920912679304,2.0
10.808000000000279,0.46556411798529534,0.32907302923494414,2.0
10.81000000000028,0.466217934829696,0.32474180116361895,2.0
10.81200000000028,0.4668630771886199,0.3203985711283409,2.0
10.81400000000028,0.46749952122245697,0.3160435034949683,2.0
10.816000000000281,0.468127243420616,0.31167676291588914,2.0
10.818000000000282,0.4687462206020931,0.30729851432510924,2.0
10.820000000000283,0.4693564299160298,0.3029089229333702,2.0
10.822000000000283,0.469957848842262,0.2985081542232973,2.0
10.824000000000284,0.4705504551918585,0.2940963739445774,2.0
10.826000000000285,0.47113422710765074,0.28967374810916585,2.0
10.828000000000285,0.4717091430647522,0.28524044298652335,2.0
10.830000000000286,0.472275181871069,0.2807966250988815,2.0
10.832000000000287,0.4728323226678004,0.2763424612165373,2.0
10.834000000000287,0.4733805449299306,0.2718781183531767,2.0
10.836000000000288,0.4739198284667105,0.2674037637612259,2.0
10.838000000000289,0.47445015342213087,0.2629195649272312,2.0
10.84000000000029,0.4749715002753858,0.2584256895672669,2.0
10.84200000000029,0.4754838498413273,0.2539223056223705,2.0
10.84400000000029,0.4759871832709106,0.24940958125400517,2.0
10.846000000000291,0.47648148205163054,0.24488768483954948,2.0
10.848000000000292,0.47696672800794887,0.24035678496781382,2.0
10.850000000000293,0.4774429033017127,0.23581705043458298,2.0
10.852000000000293,0.47790999043256394,0.23126865023818505,2.0
10.854000000000294,0.4783679722383401,0.22671175357508594,2.0
10.856000000000295,0.47881683189546603,0.2221465298355093,2.0
10.858000000000295,0.4792565529193373,0.21757314859908153,2.0
10.860000000000296,0.47968711916469425,0.2129917796305013,2.0
10.862000000000297,0.48010851482598843,0.20840259287523366,2.0
10.864000000000297,0.4805207244377393,0.2038057584552277,2.0
10.866000000000298,0.4809237328748832,0.1992014466646581,2.0
10.868000000000299,0.4813175253531135,0.19458982796568963,2.0
10.8700000000003,0.48170208742921244,0.18997107298426436,2.0
10.8720000000003,0.48207740500137436,0.18534535250591125,2.0
10.8740000000003,0.4824434643095208,0.1807128374715777,2.0
10.876000000000301,0.48280025193560716,0.17607369897348252,2.0
10.878000000000302,0.4831477548039211,0.17142810825098975,2.0
10.880000000000303,0.48348596018137935,0.1667762366898299,2.0
10.882000000000303,0.4838148556777963,0.16211825580794745,2.0
10.884000000000304,0.4841344292461647,0.1574543372615901,2.0
10.886000000000305,0.48444466918292106,0.15278465283784845,2.0
10.888000000000305,0.4847455641282038,0.14810937445062822,2.0
10.890000000000306,0.48503710306610254,0.14342867413664107,2.0
10.892000000000307,0.4853192753248998,0.1387427240514131,2.0
10.894000000000307,0.4855920705773047,0.13405169646531062,2.0
10.896000000000308,0.4858554788406785,0.1293557637595828,2.0
10.898000000000309,0.48610949047725266,0.12465509842242059,2.0
10.90000000000031,0.4863540961943387,0.11994987304503155,2.0
10.90200000000031,0.48658928704453036,0.11524026031772983,2.0
10.90400000000031,0.4868150544258977,0.11052643302604108,2.0
10.906000000000311,0.4870313900821739,0.10580856404682155,2.0
10.908000000000312,0.48723828610293396,0.10108682634439094,2.0
10.910000000000313,0.48743573492376585,0.09636139296667842,2.0
10.912000000000313,0.48762372932643366,0.09163243704138146,2.0
10.914000000000314,0.4878022624390336,0.08690013177213662,2.0
10.916000000000315,0.4879713277361417,0.08216465043470204,2.0
10.918000000000315,0.48813091903895467,0.07742616637315097,2.0
10.920000000000316,0.48828103051542243,0.07268485299607574,2.0
10.922000000000317,0.4884216566803734,0.06794088377280172,2.0
10.924000000000317,0.4885527923956324,0.06319443222961064,2.0
10.926000000000318,0.48867443287013035,0.05844567194597277,2.0
10.928000000000319,0.48878657366000744,0.05369477655078726,2.0
10.93000000000032,0.48888921066870783,0.04894191971863031,2.0
10.93200000000032,0.48898234014706743,0.04418727516601032,2.0
10.93400000000032,0.4890659586933939,0.039431016647629734,2.0
10.936000000000321,0.48914006325353954,0.03467331795265274,2.0
10.938000000000322,0.48920465112096617,0.029914352900978422,2.0
10.940000000000323,0.4892597199368031,0.025154295339518778,2.0
10.942000000000323,0.48930526768989746,0.020393319138480904,2.0
10.944000000000324,0.4893412927168569,0.0156315981876529,2.0
10.946000000000325,0.4893677937020851,0.010869306392692846,2.0
10.948000000000325,0.48938476967781,0.006106617671420263,2.0
10.950000000000326,0.48939222002410415,0.0013437059501095264,2.0
10.952000000000327,0.48939014446889795,-0.00341925484021542,2.0
10.954000000000327,0.48937854308798556,-0.008182090767485582,2.0
10.956000000000328,0.4893574163050233,-0.012944627902291275,2.0
10.958000000000329,0.4893267648915205,-0.017706692321586892,2.0
10.96000000000033,0.4892865899668231,-0.022468110112396696,2.0
10.96200000000033,0.48923689299809,-0.02722870737552218,2.0
10.96400000000033,0.48917767580026134,-0.031988310229251624,2.0
10.966000000000331,0.4891089405360204,-0.03674674481307238,2.0
10.968000000000332,0.489030689715747,-0.041503837291386514,2.0
10.970000000000333,0.4889429261974642,-0.04625941385723037,2.0
10.972000000000333,0.4888456531867773,-0.05101330073599861,2.0
10.974000000000334,0.48873887423680523,-0.055765324189173335,2.0
10.976000000000335,0.4886225932481048,-0.06051531051805891,2.0
10.978000000000335,0.4884968144685874,-0.06526308606752293,2.0
10.980000000000336,0.4883615424934278,-0.07000847722974407,2.0
10.982000000000337,0.48821678226496606,-0.07475131044796726,2.0
10.984000000000337,0.4880625390726016,-0.07949141222026677,2.0
10.986000000000338,0.4878988185526797,-0.0842286091033179,2.0
10.988000000000339,0.48772562668837044,-0.08896272771617764,2.0
10.99000000000034,0.48754296980954037,-0.09369359474407497,2.0
10.99200000000034,0.4873508545926162,-0.09842103694221141,2.0
10.99400000000034,0.487149288060441,-0.10314488113957222,2.0
10.996000000000342,0.48693827758212305,-0.10786495424274893,2.0
10.998000000000342,0.48671783087287657,-0.1125810832397737,2.0
11.000000000000343,0.4864879559938551,-0.11729309520396602,2.0
11.002000000000344,0.486248661351977,-0.12200081729779237,2.0
11.004000000000344,0.4859999556997433,-0.12670407677673923,2.0
11.006000000000345,0.48574184813504795,-0.1314027009932002,2.0
11.008000000000346,0.4854743481009798,-0.13609651740037748,2.0
11.010000000000346,0.4851974653856172,-0.14078535355619837,2.0
11.012000000000347,0.48491121012181476,-0.14546903712724743,2.0
11.014000000000348,0.48461559278698196,-0.15014739589271453,2.0
11.016000000000348,0.4843106242028539,-0.1548202577483595,2.0
11.018000000000349,0.48399631553525446,-0.15948745071049375,2.0
11.02000000000035,0.4836726782938508,-0.16414880291997958,2.0
11.02200000000035,0.48333972433190053,-0.1688041426462472,2.0
11.02400000000035,0.4829974658459905,-0.17345329829133072,2.0
11.026000000000352,0.48264591537576756,-0.17809609839392243,2.0
11.028000000000352,0.48228508580366103,-0.18273237163344724,2.0
11.030000000000353,0.4819149903545973,-0.1873619468341565,2.0
11.032000000000354,0.48153564259571263,-0.19198465296587477,2.0
11.034000000000354,0.4811470564360381,-0.19660031915814993,2.0
11.036000000000355,0.48074924612619563,-0.2012087746944824,2.0
11.038000000000356,0.4803422262580795,-0.20580984901978283,2.0
11.040000000000356,0.4799260117645291,-0.21040337174457224,2.0
11.042000000000357,0.47950061791899384,-0.21498917264920456,2.0
11.044000000000358,0.47906606033518895,-0.21956708168811218,2.0
11.046000000000358,0.47862235496674316,-0.22413692899407475,2.0
11.048000000000359,0.4781695181068378,-0.22869854488251168,2.0
11.05000000000036,0.47770756638783696,-0.23325175985579877,2.0
11.05200000000036,0.47723651678090956,-0.23779640460760926,2.0
11.05400000000036,0.47675638659564223,-0.24233231002727973,2.0
11.056000000000362,0.4762671934796435,-0.2468593072042012,2.0
11.058000000000362,0.47576895541813957,-0.2513772274322358,2.0
11.060000000000363,0.4752616907335605,-0.2558859022141592,2.0
11.062000000000364,0.4747454180851184,-0.2603851632661294,2.0
11.064000000000364,0.47422015646837573,-0.2648748425221821,2.0
11.066000000000365,0.4736859252148054,-0.2693547721387525,2.0
11.068000000000366,0.4731427439913412,-0.2738247844992248,2.0
11.070000000000366,0.47259063279991936,-0.278284712218509,2.0
11.072000000000367,0.47202961197701093,-0.28273438814764495,2.0
11.074000000000368,0.471459702193145,-0.2871736453784352,2.0
11.076000000000368,0.47088092445242224,-0.2916023172481055,2.0
11.078000000000369,0.4702933000920197,-0.2960202373439939,2.0
11.08000000000037,0.4696968507816856,-0.3004272395082691,2.0
11.08200000000037,0.4690915985232251,-0.30482315784267705,2.0
11.084000000000371,0.4684775656499762,-0.3092078267133173,2.0
11.086000000000372,0.46785477482627663,-0.31358108075544866,2.0
11.088000000000372,0.4672232490469201,-0.31794275487832435,2.0
11.090000000000373,0.4665830116366039,-0.32229268427005714,2.0
11.092000000000374,0.4659340862493661,-0.3266307044025143,2.0
11.094000000000374,0.46527649686801337,-0.330956651036243,2.0
11.096000000000375,0.4646102678035382,-0.33527036022542567,2.0
11.098000000000376,0.46393542369452717,-0.33957166832286606,2.0
11.100000000000376,0.46325198950655827,-0.3438604119850059,2.0
11.102000000000377,0.4625599905315889,-0.34813642817697205,2.0
11.104000000000378,0.4618594523873332,-0.35239955417765484,2.0
11.106000000000378,0.4611504010166296,-0.356649627584817,2.0
11.108000000000379,0.4604328626867977,-0.36088648632023373,2.0
11.11000000000038,0.45970686398898536,-0.3651099686348639,2.0
11.11200000000038,0.458972431837505,-0.36931991311405227,2.0
11.114000000000381,0.45822959346915965,-0.37351615868276317,2.0
11.116000000000382,0.45747837644255823,-0.377698544610845,2.0
11.118000000000382,0.4567188086374208,-0.3818669105183264,2.0
11.120000000000383,0.4559509182538728,-0.3860210963807434,2.0
11.122000000000384,0.45517473381172846,-0.39016094253449796,2.0
11.124000000000384,0.45439028414976396,-0.39428628968224794,2.0
11.126000000000385,0.4535975984249794,-0.39839697889832787,2.0
11.128000000000386,0.4527967061118499,-0.40249285163420145,2.0
11.130000000000386,0.4519876370015661,-0.4065737497239448,2.0
11.132000000000387,0.45117042120126316,-0.41063951538976085,2.0
11.134000000000388,0.4503450891332392,-0.4146899912475251,2.0
11.136000000000388,0.4495116715341621,-0.4187250203123619,2.0
11.138000000000389,0.4486701994542658,-0.42274444600425176,2.0
11.14000000000039,0.4478207042565345,-0.42674811215366915,2.0
11.14200000000039,0.4469632176158764,-0.4307358630072513,2.0
11.144000000000391,0.4460977715182854,-0.4347075432334972,2.0
11.146000000000392,0.4452243982599919,-0.4386629979284967,2.0
11.148000000000392,0.4443431304466016,-0.44260207262169027,2.0
11.150000000000393,0.4434540009922233,-0.4465246132816581,2.0
11.152000000000394,0.4425570431185845,-0.45043046632193956,2.0
11.154000000000394,0.44165229035413583,-0.4543194786068818,2.0
11.156000000000395,0.44073977653314356,-0.45819149745751786,2.0
11.158000000000396,0.43981953579477023,-0.46204637065747384,2.0
11.160000000000396,0.43889160258214366,-0.46588394645890513,2.0
11.162000000000397,0.43795601164141384,-0.46970407358846095,2.0
11.164000000000398,0.43701279802079795,-0.4735066012532775,2.0
11.166000000000398,0.43606199706961346,-0.47729137914699904,2.0
11.168000000000399,0.43510364443729893,-0.481058257455827,2.0
11.1700000000004,0.4341377760724229,-0.4848070868645959,2.0
11.1720000000004,0.43316442822168055,-0.48853771856287737,2.0
11.174000000000401,0.4321836374288781,-0.4922500042511102,2.0
11.176000000000402,0.43119544053390485,-0.4959437961467572,2.0
11.178000000000402,0.430199874671693,-0.49961894699048814,2.0
11.180000000000403,0.4291969772711651,-0.5032753100523885,2.0
11.182000000000404,0.4281867860541689,-0.506912739138193,2.0
11.184000000000404,0.4271693390343997,-0.5105310885955454,2.0
11.186000000000405,0.4261446745163105,-0.5141302133202812,2.0
11.188000000000406,0.42511283109400916,-0.5177099687627357,2.0
11.190000000000406,0.42407384765014305,-0.5212702109340752,2.0
11.192000000000407,0.4230277633547711,-0.5248107964126516,2.0
11.194000000000408,0.42197461766422306,-0.5283315823503796,2.0
11.196000000000408,0.42091445031994595,-0.5318324264791364,2.0
11.198000000000409,0.4198473013473377,-0.5353131871171835,2.0
11.20000000000041,0.41877321105456805,-0.5387737231756086,2.0
11.20200000000041,0.41769222003138623,-0.5422138941647903,2.0
11.204000000000411,0.41660436914791604,-0.5456335602008812,2.0
11.206000000000412,0.41550969955343786,-0.5490325820123119,2.0
11.208000000000412,0.41440825267515746,-0.5524108209463136,2.0
11.210000000000413,0.4133000702169619,-0.55576813897546,2.0
11.212000000000414,0.4121851941581623,-0.5591043987042265,2.0
11.214000000000414,0.4110636667522234,-0.5624194633755676,2.0
11.216000000000415,0.4099355305254801,-0.5657131968775108,2.0
11.218000000000416,0.40880082827584063,-0.5689854637497669,2.0
11.220000000000416,0.40765960307147664,-0.572236129190356,2.0
11.222000000000417,0.40651189824949985,-0.575465059062249,2.0
11.224000000000418,0.40535775741462554,-0.5786721199000224,2.0
11.226000000000418,0.40419722443782274,-0.5818571789165284,2.0
11.228000000000419,0.40303034345495087,-0.5850201040095766,2.0
11.23000000000042,0.40185715886538326,-0.5881607637686295,2.0
11.23200000000042,0.40067771533061697,-0.5912790274815086,2.0
11.234000000000421,0.39949205777286956,-0.594374765141113,2.0
11.236000000000422,0.39830023137366205,-0.5974478474521464,2.0
11.238000000000422,0.3971022815723887,-0.6004981458378559,2.0
11.240000000000423,0.395898254064873,-0.6035255324467781,2.0
11.242000000000424,0.39468819480191053,-0.6065298801594944,2.0
11.244000000000424,0.39347214998779806,-0.6095110625953934,2.0
11.246000000000425,0.39225016607884905,-0.6124689541194402,2.0
11.248000000000426,0.39102228978189585,-0.6154034298489514,2.0
11.250000000000426,0.3897885680527782,-0.618314365660375,2.0
11.252000000000427,0.388549048094818,-0.6212016381960762,2.0
11.254000000000428,0.3873037773572811,-0.6240651248711251,2.0
11.256000000000428,0.3860528035338247,-0.626904703880088,2.0
11.258000000000429,0.38479617456093174,-0.6297202542038209,2.0
11.26000000000043,0.38353393861633145,-0.6325116556162641,2.0
11.26200000000043,0.3822661441174065,-0.6352787886912367,2.0
11.264000000000431,0.3809928397195863,-0.6380215348092315,2.0
11.266000000000432,0.37971407431472703,-0.6407397761642083,2.0
11.268000000000432,0.3784298970294778,-0.6434333957703846,2.0
11.270000000000433,0.37714035722363337,-0.6461022774690244,2.0
11.272000000000434,0.37584550448847315,-0.648746305935222,2.0
11.274000000000434,0.3745453886450871,-0.6513653666846823,2.0
11.276000000000435,0.3732400597426873,-0.6539593460804947,2.0
11.278000000000436,0.3719295680569068,-0.6565281313399006,2.0
11.280000000000436,0.3706139640880843,-0.6590716105410546,2.0
11.282000000000437,0.36929329855953563,-0.661589672629776,2.0
11.284000000000438,0.3679676224158117,-0.6640822074262923,2.0
11.286000000000438,0.36663698682094303,-0.6665491056319726,2.0
11.288000000000439,0.36530144315667057,-0.6689902588360493,2.0
11.29000000000044,0.3639610430206634,-0.6714055595223295,2.0
11.29200000000044,0.36261583822472276,-0.6737949010758917,2.0
11.294000000000441,0.36126588079297295,-0.6761581777897706,2.0
11.296000000000442,0.35991122296003863,-0.6784952848716265,2.0
11.298000000000442,0.3585519171692091,-0.6808061184503992,2.0
11.300000000000443,0.3571880160705888,-0.6830905755829456,2.0
11.302000000000444,0.3558195725192351,-0.6853485542606601,2.0
11.304000000000444,0.3544466395732826,-0.6875799534160763,2.0
11.306000000000445,0.35306927049205405,-0.6897846729294494,2.0
11.308000000000446,0.35168751873415866,-0.6919626136353193,2.0
11.310000000000446,0.35030143795557667,-0.6941136773290512,2.0
11.312000000000447,0.34891108200773147,-0.6962377667733548,2.0
11.314000000000448,0.3475165049355482,-0.6983347857047808,2.0
11.316000000000448,0.3461177609754997,-0.7004046388401924,2.0
11.318000000000449,0.34471490455363935,-0.7024472318832128,2.0
11.32000000000045,0.3433079902836212,-0.7044624715306457,2.0
11.32200000000045,0.3418970729647071,-0.70645026547887,2.0
11.324000000000451,0.34048220757976144,-0.7084105224302061,2.0
11.326000000000452,0.3390634492932326,-0.7103431520992528,2.0
11.328000000000452,0.33764085344912226,-0.7122480652191955,2.0
11.330000000000453,0.3362144755689419,-0.7141251735480828,2.0
11.332000000000454,0.3347843713496569,-0.7159743898750718,2.0
11.334000000000454,0.33335059666161787,-0.7177956280266403,2.0
11.336000000000455,0.3319132075464802,-0.7195888028727658,2.0
11.338000000000456,0.3304722602151105,-0.7213538303330695,2.0
11.340000000000456,0.3290278110454816,-0.7230906273829251,2.0
11.342000000000457,0.3275799165805547,-0.7247991120595301,2.0
11.344000000000458,0.3261286335261496,-0.7264792034679411,2.0
11.346000000000458,0.32467401874880336,-0.7281308217870697,2.0
11.348000000000459,0.32321612927361626,-0.7297538882756384,2.0
11.35000000000046,0.32175502228208636,-0.7313483252780975,2.0
11.35200000000046,0.32029075510993227,-0.7329140562304998,2.0
11.354000000000461,0.31882338524490406,-0.734451005666333,2.0
11.356000000000462,0.31735297032458243,-0.7359590992223095,2.0
11.358000000000462,0.31587956813416673,-0.737438263644111,2.0
11.360000000000463,0.31440323660425123,-0.7388884267920892,2.0
11.362000000000464,0.31292403380859013,-0.7403095176469197,2.0
11.364000000000464,0.31144201796185117,-0.7417014663152086,2.0
11.366000000000465,0.3099572474173584,-0.7430642040350527,2.0
11.368000000000466,0.3084697806648236,-0.7443976631815491,2.0
11.370000000000466,0.3069796763280667,-0.7457017772722563,2.0
11.372000000000467,0.3054869931627257,-0.746976480972604,2.0
11.374000000000468,0.3039917900539552,-0.7482217101012519,2.0
11.376000000000468,0.302494126014115,-0.7494374016353954,2.0
11.378000000000469,0.30099406018044755,-0.7506234937160188,2.0
11.38000000000047,0.2994916518127451,-0.7517799256530933,2.0
11.38200000000047,0.29798696029100685,-0.7529066379307209,2.0
11.384000000000471,0.29648004511308523,-0.7540035722122216,2.0
11.386000000000472,0.2949709658923228,-0.755070671345164,2.0
11.388000000000472,0.29345978235517844,-0.7561078793663384,2.0
11.390000000000473,0.2919465543388442,-0.7571151415066707,2.0
11.392000000000474,0.2904313417888521,-0.7580924041960778,2.0
11.394000000000474,0.28891420475667134,-0.7590396150682625,2.0
11.396000000000475,0.2873952033972959,-0.7599567229654463,2.0
11.398000000000476,0.28587439796682296,-0.760843677943042,2.0
11.400000000000476,0.28435184882002185,-0.7617004312742626,2.0
11.402000000000477,0.28282761640789383,-0.7625269354546667,2.0
11.404000000000478,0.28130176127522305,-0.7633231442066398,2.0
11.406000000000478,0.2797743440581183,-0.7640890124838109,2.0
11.408000000000479,0.2782454254815462,-0.7648244964754023,2.0
11.41000000000048,0.27671506635685583,-0.7655295536105139,2.0
11.41200000000048,0.27518332757929465,-0.7662041425623393,2.0
11.414000000000481,0.2736502701255162,-0.7668482232523142,2.0
11.416000000000482,0.27211595505107944,-0.7674617568541956,2.0
11.418000000000482,0.27058044348794025,-0.768044705798072,2.0
11.420000000000483,0.2690437966419346,-0.768597033774303,2.0
11.422000000000484,0.2675060757902543,-0.7691187057373873,2.0
11.424000000000484,0.2659673422789149,-0.7696096879097603,2.0
11.426000000000485,0.26442765752021585,-0.7700699477855183,2.0
11.428000000000486,0.2628870829901939,-0.7704994541340701,2.0
11.430000000000486,0.26134568022606863,-0.7708981770037148,2.0
11.432000000000487,0.25980351082368114,-0.7712660877251454,2.0
11.434000000000488,0.2582606364349259,-0.7716031589148772,2.0
11.436000000000488,0.25671711876517583,-0.7719093644786008,2.0
11.438000000000489,0.25517301957070043,-0.7721846796144589,2.0
11.44000000000049,0.25362840065607783,-0.7724290808162464,2.0
11.44200000000049,0.2520833238716004,-0.7726425458765327,2.0
11.444000000000491,0.25053785111067384,-0.7728250538897066,2.0
11.446000000000492,0.248992044307211,-0.7729765852549425,2.0
11.448000000000492,0.24744596543301906,-0.7730971216790874,2.0
11.450000000000493,0.24589967649518152,-0.7731866461794684,2.0
11.452000000000494,0.24435323953343446,-0.7732451430866204,2.0
11.454000000000494,0.2428067166175375,-0.7732725980469326,2.0
11.456000000000495,0.24126016984463944,-0.7732689980252149,2.0
11.458000000000496,0.23971366133663896,-0.7732343313071813,2.0
11.460000000000496,0.23816725323754043,-0.7731685875018529,2.0
11.462000000000497,0.2366210077108049,-0.773071757543877,2.0
11.464000000000498,0.2350749869366967,-0.7729438336957644,2.0
11.466000000000498,0.23352925310962538,-0.7727848095500425,2.0
11.4680000000005,0.23198386843548371,-0.7725946800313254,2.0
11.4700000000005,0.23043889512898152,-0.7723734413982992,2.0
11.4720000000005,0.2288943954109756,-0.7721210912456237,2.0
11.474000000000501,0.22735043150579587,-0.771837628505748,2.0
11.476000000000502,0.2258070656385682,-0.7715230534506421,2.0
11.478000000000502,0.22426436003253353,-0.771177367693442,2.0
11.480000000000503,0.22272237690636412,-0.77080057419001,2.0
11.482000000000504,0.22118117847147653,-0.7703926772404075,2.0
11.484000000000504,0.2196408269293418,-0.7699536824902824,2.0
11.486000000000505,0.21810138446879307,-0.7694835969321696,2.0
11.488000000000506,0.2165629132633304,-0.7689824289067042,2.0
11.490000000000506,0.21502547546842365,-0.7684501881037474,2.0
11.492000000000507,0.21348913321881277,-0.7678868855634257,2.0
11.494000000000508,0.21195394862580644,-0.7672925336770813,2.0
11.496000000000508,0.21041998377457866,-0.7666671461881359,2.0
11.49800000000051,0.20888730072146391,-0.7660107381928655,2.0
11.50000000000051,0.20735596149125068,-0.7653233261410871,2.0
11.50200000000051,0.20582602807447378,-0.7646049278367577,2.0
11.504000000000511,0.20429756242470548,-0.763855562438484,2.0
11.506000000000512,0.20277062645584587,-0.7630752504599438,2.0
11.508000000000512,0.20124528203941233,-0.7622640137702194,2.0
11.510000000000513,0.19972159100182846,-0.7614218755940403,2.0
11.512000000000514,0.1981996151217126,-0.7605488605119394,2.0
11.514000000000514,0.1966794161271662,-0.7596449944603182,2.0
11.516000000000515,0.19516105569306197,-0.7587103047314243,2.0
11.518000000000516,0.19364459543833246,-0.7577448199732394,2.0
11.520000000000516,0.1921300969232586,-0.756748570189278,2.0
11.522000000000517,0.19061762164675905,-0.7557215867382976,2.0
11.524000000000518,0.18910723104368,-0.7546639023339198,2.0
11.526000000000518,0.1875989864820859,-0.7535755510441617,2.0
11.52800000000052,0.18609294926055125,-0.7524565682908796,2.0
11.53000000000052,0.18458918060545354,-0.7513069908491224,2.0
11.53200000000052,0.18308774166826752,-0.7501268568463975,2.0
11.534000000000521,0.18158869352286122,-0.7489162057618468,2.0
11.536000000000522,0.18009209716279345,-0.7476750784253352,2.0
11.538000000000523,0.1785980134986134,-0.7464035170164497,2.0
11.540000000000523,0.1771065033551623,-0.7451015650634105,2.0
11.542000000000524,0.1756176274688772,-0.7437692674418941,2.0
11.544000000000525,0.1741314464850975,-0.7424066703737678,2.0
11.546000000000525,0.1726480209553737,-0.7410138214257371,2.0
11.548000000000526,0.1711674113347793,-0.7395907695079044,2.0
11.550000000000527,0.16968967797922543,-0.7381375648722409,2.0
11.552000000000527,0.16821488114277877,-0.7366542591109716,2.0
11.554000000000528,0.1667430809749827,-0.735140905154872,2.0
11.556000000000529,0.16527433751818196,-0.7335975572714794,2.0
11.55800000000053,0.16380871070485106,-0.7320242710632168,2.0
11.56000000000053,0.16234626035492636,-0.7304211034654308,2.0
11.56200000000053,0.16088704617314234,-0.7287881127443434,2.0
11.564000000000531,0.15943112774637191,-0.7271253584949187,2.0
11.566000000000532,0.15797856454097114,-0.7254329016386432,2.0
11.568000000000533,0.15652941590012853,-0.723710804421222,2.0
11.570000000000533,0.15508374104121897,-0.7219591304101902,2.0
11.572000000000534,0.15364159905316244,-0.7201779444924393,2.0
11.574000000000535,0.15220304889378794,-0.7183673128716602,2.0
11.576000000000535,0.15076814938720248,-0.7165273030657026,2.0
11.578000000000536,0.14933695922116547,-0.7146579839038507,2.0
11.580000000000537,0.14790953694446865,-0.7127594255240168,2.0
11.582000000000537,0.14648594096432171,-0.7108316993698517,2.0
11.584000000000538,0.1450662295437438,-0.7088748781877737,2.0
11.586000000000539,0.14365046079896093,-0.706889036023916,2.0
11.58800000000054,0.1422386926968098,-0.7048742482209921,2.0
11.59000000000054,0.14083098305214775,-0.7028305914150824,2.0
11.59200000000054,0.1394273895252693,-0.7007581435323387,2.0
11.594000000000541,0.13802796961932948,-0.6986569837856097,2.0
11.596000000000542,0.1366327806777737,-0.6965271926709878,2.0
11.598000000000543,0.13524187988177497,-0.6943688519642764,2.0
11.600000000000543,0.13385532424767793,-0.6921820447173795,2.0
11.602000000000544,0.13247317062445038,-0.689966855254613,2.0
11.604000000000545,0.13109547569114222,-0.6877233691689395,2.0
11.606000000000545,0.12972229595435197,-0.6854516733181261,2.0
11.608000000000546,0.1283536877457011,-0.683151855820826,2.0
11.610000000000547,0.12698970721931616,-0.6808240060525853,2.0
11.612000000000547,0.12563041034931913,-0.6784682146417731,2.0
11.614000000000548,0.12427585292732585,-0.6760845734654393,2.0
11.616000000000549,0.12292609055995292,-0.6736731756450972,2.0
11.61800000000055,0.121581178666333,-0.6712341155424333,2.0
11.62000000000055,0.12024117247563884,-0.6687674887549442,2.0
11.62200000000055,0.11890612702461607,-0.6662733921115019,2.0
11.624000000000551,0.11757609715512496,-0.6637519236678474,2.0
11.626000000000552,0.11625113751169121,-0.6612031827020132,2.0
11.628000000000553,0.11493130253906607,-0.658627269709676,2.0
11.630000000000553,0.11361664647979569,-0.65602428639944,2.0
11.632000000000554,0.11230722337180009,-0.6533943356880506,2.0
11.634000000000555,0.11100308704596167,-0.6507375216955406,2.0
11.636000000000555,0.10970429112372358,-0.6480539497403078,2.0
11.638000000000556,0.10841088901469799,-0.6453437263341271,2.0
11.640000000000557,0.1071229339142843,-0.6426069591770945,2.0
11.642000000000557,0.10584047880129771,-0.6398437571525071,2.0
11.644000000000558,0.1045635764356079,-0.6370542303216765,2.0
11.646000000000559,0.1032922793557883,-0.6342384899186798,2.0
11.64800000000056,0.10202663987677585,-0.6313966483450452,2.0
11.65000000000056,0.10076671008754144,-0.6285288191643755,2.0
11.65200000000056,0.09951254184877123,-0.6256351170969098,2.0
11.654000000000561,0.09826418679055883,-0.6227156580140223,2.0
11.656000000000562,0.09702169631010858,-0.6197705589326616,2.0
11.658000000000563,0.09578512156945007,-0.6167999380097295,2.0
11.660000000000563,0.09455451349316382,-0.6138039145363995,2.0
11.662000000000564,0.09332992276611853,-0.6107826089323776,2.0
11.664000000000565,0.09211139983121977,-0.6077361427401047,2.0
11.666000000000565,0.09089899488717039,-0.6046646386189016,2.0
11.668000000000566,0.08969275788624262,-0.6015682203390574,2.0
11.670000000000567,0.08849273853206212,-0.598447012775862,2.0
11.672000000000567,0.08729898627740397,-0.5953011419035835,2.0
11.674000000000568,0.08611155032200082,-0.5921307347893912,2.0
11.676000000000569,0.08493047961036318,-0.5889359195872246,2.0
11.67800000000057,0.08375582282961203,-0.5857168255316096,2.0
11.68000000000057,0.08258762840732393,-0.5824735829314226,2.0
11.68200000000057,0.08142594450938859,-0.5792063231636023,2.0
11.684000000000571,0.080270819037879,-0.5759151786668115,2.0
11.686000000000572,0.07912229962893448,-0.5726002829350482,2.0
11.688000000000573,0.07798043365065636,-0.5692617705112075,2.0
11.690000000000573,0.07684526820101667,-0.5658997769805951,2.0
11.692000000000574,0.07571685010577987,-0.5625144389643922,2.0
11.694000000000575,0.07459522591643768,-0.5591058941130738,2.0
11.696000000000575,0.07348044190815706,-0.5556742810997798,2.0
11.698000000000576,0.0723725440777416,-0.5522197396136411,2.0
11.700000000000577,0.07127157814160626,-0.5487424103530603,2.0
11.702000000000577,0.0701775895337655,-0.5452424350189473,2.0
11.704000000000578,0.06909062340383518,-0.5417199563079128,2.0
11.706000000000579,0.0680107246150479,-0.5381751179054173,2.0
11.70800000000058,0.06693793774228225,-0.5346080644788789,2.0
11.71000000000058,0.06587230707010581,-0.5310189416707389,2.0
11.71200000000058,0.06481387659083204,-0.5274078960914876,2.0
11.714000000000581,0.06376269000259123,-0.5237750753126486,2.0
11.716000000000582,0.06271879070741546,-0.5201206278597246,2.0
11.718000000000583,0.06168222180933771,-0.5164447032051045,2.0
11.720000000000583,0.06065302611250528,-0.5127474517609323,2.0
11.722000000000584,0.05963124611930737,-0.5090290248719382,2.0
11.724000000000585,0.058616924028517134,-0.5052895748082342,2.0
11.726000000000585,0.05761010173344816,-0.5015292547580723,2.0
11.728000000000586,0.05661082082012545,-0.4977482188205687,2.0
11.730000000000587,0.055619122565471,-0.4939466219983926,2.0
11.732000000000587,0.054635047935504034,-0.4901246201904216,2.0
11.734000000000588,0.05365863758355595,-0.48628237018436304,2.0
11.736000000000589,0.05268993184850008,-0.48242002964934366,2.0
11.73800000000059,0.051728970752996276,-0.4785377571284667,2.0
11.74000000000059,0.05077579400175045,-0.47463571203133786,2.0
11.74200000000059,0.04983044097978904,-0.4707140546265606,2.0
11.744000000000591,0.04889295075074855,-0.46677294603420133,2.0
11.746000000000592,0.0479633620551802,-0.4628125482182255,2.0
11.748000000000593,0.047041713308869706,-0.45883302397890446,2.0
11.750000000000593,0.04612804260117227,-0.4548345369451946,2.0
11.752000000000594,0.04522238769336289,-0.45081725156708874,2.0
11.754000000000595,0.04432478601700191,-0.4467813331079407,2.0
11.756000000000595,0.04343527467231604,-0.4427269476367636,2.0
11.758000000000596,0.042553890426594736,-0.43865426202050223,2.0
11.760000000000597,0.041680669712602085,-0.43456344391628055,2.0
11.762000000000597,0.040815648627004236,-0.4304546617636246,2.0
11.764000000000598,0.039958862928812386,-0.4263280847766616,2.0
11.766000000000599,0.03911034803784138,-0.42218388293629516,2.0
11.7680000000006,0.03827013903318403,-0.4180222269823583,2.0
11.7700000000006,0.03743827065170109,-0.4138432884057439,2.0
11.7720000000006,0.03661477728652707,-0.40964723944051357,2.0
11.774000000000601,0.035799692985591755,-0.405434253055985,2.0
11.776000000000602,0.034993051450157665,-0.4012045029487995,2.0
11.778000000000603,0.03419488603337333,-0.39695816353496854,2.0
11.780000000000603,0.033405229738842544,-0.3926954099419013,2.0
11.782000000000604,0.032624115219209514,-0.38841641800041293,2.0
11.784000000000605,0.03185157477476011,-0.3841213642367146,2.0
11.786000000000605,0.031087640352039064,-0.379810425864385,2.0
11.788000000000606,0.030332343542483285,-0.3754837807763247,2.0
11.790000000000607,0.02958571558107128,-0.3711416075366933,2.0
11.792000000000607,0.028847787344988704,-0.36678408537282997,2.0
11.794000000000608,0.028118589352310104,-0.3624113941671582,2.0
11.796000000000609,0.027398151760696852,-0.3580237144490743,2.0
11.79800000000061,0.026686504366111325,-0.35362122738682145,2.0
11.80000000000061,0.02598367660154735,-0.3492041147793482,2.0
11.80200000000061,0.02528969753577695,-0.34477255904815346,2.0
11.804000000000611,0.0246045958721134,-0.3403267432291171,2.0
11.806000000000612,0.023928399947190652,-0.33586685096431734,2.0
11.808000000000613,0.02326113772975914,-0.331393066493835,2.0
11.810000000000613,0.022602836819497967,-0.32690557464754505,2.0
11.812000000000614,0.02195352444584354,-0.32240456083689645,2.0
11.814000000000615,0.021313227466834662,-0.3178902110466793,2.0
11.816000000000615,0.02068197236797407,-0.31336271182678144,2.0
11.818000000000616,0.02005978526110652,-0.3088222502839334,2.0
11.820000000000617,0.019446691883313338,-0.30426901407344276,2.0
11.822000000000617,0.018842717595823563,-0.2997031913909185,2.0
11.824000000000618,0.018247887382941613,-0.29512497096398493,2.0
11.826000000000619,0.017662225850991562,-0.2905345420439862,2.0
11.82800000000062,0.017085757227277988,-0.2859320943976817,2.0
11.83000000000062,0.016518505359063466,-0.281317818298932,2.0
11.83200000000062,0.01596049371256268,-0.2766919045203767,2.0
11.834000000000621,0.015411745371953204,-0.27205454432510356,2.0
11.836000000000622,0.014872283038402928,-0.2674059294583099,2.0
11.838000000000623,0.0143421290291142,-0.26274625213895586,2.0
11.840000000000623,0.01382130527638464,-0.2580757050514109,2.0
11.842000000000624,0.013309833326684692,-0.25339448133709247,2.0
11.844000000000625,0.012807734339751888,-0.24870277458609807,2.0
11.846000000000625,0.01231502908770186,-0.24400077882883098,2.0
11.848000000000626,0.011831737954156115,-0.2392886885276193,2.0
11.850000000000627,0.011357880933386567,-0.23456669856832912,2.0
11.852000000000627,0.010893477629476851,-0.22983500425197165,2.0
11.854000000000628,0.010438547255500436,-0.22509380128630502,2.0
11.856000000000629,0.009993108632715528,-0.22034328577743056,2.0
11.85800000000063,0.009557180189776795,-0.215583654221384,2.0
11.86000000000063,0.00913077996196391,-0.21081510349572183,2.0
11.86200000000063,0.008713925590426927,-0.20603783085110275,2.0
11.864000000000631,0.008306634321448498,-0.20125203390286497,2.0
11.866000000000632,0.007908923005722945,-0.19645791062259893,2.0
11.868000000000633,0.0075208080976521775,-0.19165565932971612,2.0
11.870000000000633,0.007142305654658494,-0.18684547868301388,2.0
11.872000000000634,0.0067734313365142435,-0.18202756767223657,2.0
11.874000000000635,0.006414200404688373,-0.17720212560963317,2.0
11.876000000000635,0.006064627721709867,-0.17236935212151142,2.0
11.878000000000636,0.005724727750548074,-0.1675294471397889,2.0
11.880000000000637,0.005394514554009943,-0.16268261089354102,2.0
11.882000000000637,0.005074001794154159,-0.15782904390054597,2.0
11.884000000000638,0.004763202731722194,-0.15296894695882712,2.0
11.886000000000639,0.0044621302255862805,-0.14810252113819272,2.0
11.88800000000064,0.0041707967322143,-0.14322996777177302,2.0
11.89000000000064,0.0038892143051516065,-0.13835148844755532,2.0
11.89200000000064,0.003617394594519779,-0.13346728499991647,2.0
11.894000000000641,0.003355348846532309,-0.1285775595011536,2.0
11.896000000000642,0.003103087903020772,-0.12368251425624381,2.0
11.898000000000643,0.002860622200997558,-0.11878235178456095,2.0
11.900000000000643,0.0026279617722157022,-0.11387727482132669,2.0
11.902000000000644,0.0024051162427523596,-0.10896748630578654,2.0
11.904000000000645,0.0021920948326092345,-0.10405318937273161,2.0
11.906000000000645,0.001988906355329971,-0.09913458734401893,2.0
11.908000000000646,0.0017955592176344998,-0.09421188372009036,2.0
11.910000000000647,0.0016120614190703517,-0.08928528217149025,2.0
11.912000000000647,0.0014384205516809361,-0.0843549865303819,2.0
11.914000000000648,0.0012746437996907873,-0.07942120078206293,2.0
11.916000000000649,0.0011207379392077811,-0.07448412905647953,2.0
11.91800000000065,0.0009767093379423244,-0.06954397561973984,2.0
11.92000000000065,0.0008425639549435192,-0.0646009448656264,2.0
11.92200000000065,0.0007183073403523013,-0.05965524130710775,2.0
11.924000000000651,0.0006039446351715579,-0.05470706956784933,2.0
11.926000000000652,0.0004994805710532228,-0.04975663437372364,2.0
11.928000000000653,0.00040491947010235337,-0.044804140544319804,2.0
11.930000000000653,0.00032026524469818784,-0.03984979298445252,2.0
11.932000000000654,0.0002455213973321857,-0.03489379667567056,2.0
11.934000000000655,0.00018069102046305155,-0.029936356667764733,2.0
11.936000000000655,0.00012577679638874312,-0.024977678070275535,2.0
11.938000000000656,8.078099713546482e-05,-0.020017966044000374,2.0
11.940000000000657,4.5705484363646865e-05,-0.01505742579250054,2.0
11.942000000000657,2.0551709290910684e-05,-0.010096262553607915,2.0
11.944000000000658,5.320712632021268e-06,-0.005134681590931483,2.0
11.946000000000659,1.312455582654508e-08,-0.00017288818536370654,2.0
11.94800000000066,4.629164659184142e-06,0.004788912373413204,2.0
11.95000000000066,1.9168641957875676e-05,0.009750514795421083,2.0
11.95200000000066,4.363095489450861e-05,0.014711713798879575,2.0
11.954000000000661,7.801509136340566e-05,0.01967230411869988,2.0
11.956000000000662,0.0001223196287524815,0.024632080514978394,2.0
11.958000000000663,0.00017654273400210675,0.029590837781490197,2.0
11.960000000000663,0.00024068216368095864,0.03454837075418237,2.0
11.962000000000664,0.00031473526407885813,0.03950447431966704,2.0
11.964000000000665,0.0003986989713165928,0.04445894342371416,2.0
11.966000000000665,0.000492569811472725,0.049411573079743934,2.0
11.968000000000666,0.0005963439007273847,0.054362158377318816,2.0
11.970000000000667,0.0007100169455230449,0.0593104944906351,2.0
11.972000000000667,0.0008335842427422813,0.06425637668701398,2.0
11.974000000000668,0.0009670406799025123,0.06919960033539203,2.0
11.976000000000669,0.0011103807353677198,0.07413996091481112,2.0
11.97800000000067,0.0012635984785771492,0.0790772540229075,2.0
11.98000000000067,0.001426687570290986,0.08401127538440031,2.0
11.98200000000067,0.0015996412628530106,0.08894182085957918,2.0
11.984000000000671,0.001782452400470225,0.09386868645279091,2.0
11.986000000000672,0.001975113419509454,0.0987916683209253,2.0
11.988000000000673,0.0021776163488109158,0.1037105627818998,2.0
11.990000000000673,0.00238995281001876,0.10862516632314323,2.0
11.992000000000674,0.002612114017928575,0.11353527561007812,2.0
11.994000000000675,0.002844090780851855,0.1184406874946019,2.0
11.996000000000675,0.0030858735009974313,0.12334119902356674,2.0
11.998000000000676,0.003337452174869859,0.12823660744725782,2.0
12.000000000000677,0.003598816393684761,0.13312671022787015,2.0
12.002000000000677,0.0038699553438011226,0.13801130504798376,2.0
12.004000000000678,0.004150857807170536,0.142890189819037,2.0
12.006000000000679,0.004441512161803388,0.14776316268979817,2.0
12.00800000000068,0.0047419063822453115,0.1526300220514958,2.0
12.01000000000068,0.005052028040090377,0.15749056655618815,2.0
12.01200000000068,0.0053718643044916485,0.1623445951154424,2.0
12.014000000000681,0.005701401942695107,0.16719190691202102,2.0
12.016000000000682,0.006040627320590505,0.17203230140834205,2.0
12.018000000000683,0.006389526403279137,0.17686557835493713,2.0
12.020000000000683,0.006748084755658518,0.18169153779890657,2.0
12.022000000000684,0.007116287543023977,0.18650998009237155,2.0
12.024000000000685,0.007494119531687148,0.19132070590092343,2.0
12.026000000000685,0.007881565089611355,0.1961235162120697,2.0
12.028000000000686,0.008278608187063892,0.2009182123436766,2.0
12.030000000000687,0.008685232397285175,0.20570459595240836,2.0
12.032000000000687,0.009101420897174774,0.21048246904216247,2.0
12.034000000000688,0.009527156467994319,0.21525163397250127,2.0
12.036000000000689,0.00996242149608725,0.22001189346707944,2.0
12.03800000000069,0.010407197973615428,0.22476305062206714,2.0
12.04000000000069,0.010861467499312586,0.2295049089145687,2.0
12.04200000000069,0.011325211279254612,0.2342372722110367,2.0
12.044000000000691,0.011798410127646658,0.23895994477568114,2.0
12.046000000000692,0.012281044467627051,0.24367273127887337,2.0
12.048000000000693,0.012773094332088028,0.2483754368055449,2.0
12.050000000000693,0.013274539364513241,0.25306786686358057,2.0
12.052000000000694,0.013785358819832054,0.25774982739220564,2.0
12.054000000000695,0.01430553156529061,0.2624211247703674,2.0
12.056000000000695,0.014835036081339644,0.2670815658251097,2.0
12.058000000000696,0.015373850462539054,0.2717309578399418,2.0
12.060000000000697,0.01592195241847919,0.27636910856319935,2.0
12.062000000000697,0.016479319274718855,0.2809958262163993,2.0
12.064000000000698,0.017045927973740032,0.28561091950258655,2.0
12.066000000000699,0.01762175507591927,0.29021419761467343,2.0
12.0680000000007,0.018206776760515752,0.2948054702437709,2.0
12.0700000000007,0.01880096882667602,0.2993845475875116,2.0
12.0720000000007,0.01940430669445533,0.30395124035836407,2.0
12.074000000000702,0.020016765405855633,0.3085053597919385,2.0
12.076000000000702,0.02063831962588016,0.3130467176552825,2.0
12.078000000000703,0.021268943643604574,0.31757512625516804,2.0
12.080000000000704,0.021908611373264712,0.3220903984463676,2.0
12.082000000000704,0.02255729635536084,0.32659234763992095,2.0
12.084000000000705,0.023214971757778455,0.3310807878113904,2.0
12.086000000000706,0.02388161037692557,0.33555553350910555,2.0
12.088000000000706,0.02455718463888649,0.3400163998623965,2.0
12.090000000000707,0.025241666600592034,0.34446320258981505,2.0
12.092000000000708,0.02593502795100618,0.34889575800734407,2.0
12.094000000000708,0.02663724001232914,0.35331388303659395,2.0
12.096000000000709,0.027348273741216796,0.35771739521298634,2.0
12.09800000000071,0.02806809973001649,0.36210611269392434,2.0
12.10000000000071,0.02879668820801916,0.3664798542669486,2.0
12.10200000000071,0.02953400904272773,0.37083843935787975,2.0
12.104000000000712,0.03028003174114184,0.37518168803894547,2.0
12.106000000000712,0.031034725451058745,0.37950942103689295,2.0
12.108000000000713,0.031798058962390456,0.38382145974108534,2.0
12.110000000000714,0.032570000708497075,0.3881176262115823,2.0
12.112000000000714,0.033350518767536225,0.3923977431872041,2.0
12.114000000000715,0.03413958086382866,0.39666163409357846,2.0
12.116000000000716,0.03493715436923986,0.40090912305117005,2.0
12.118000000000716,0.03574320630457777,0.40514003488329203,2.0
12.120000000000717,0.03655770334100648,0.4093541951240989,2.0
12.122000000000718,0.037380611801475845,0.4135514300265605,2.0
12.124000000000718,0.038211897662167135,0.41773156657041643,2.0
12.126000000000719,0.03905152655395447,0.42189443247011055,2.0
12.12800000000072,0.03989946376388216,0.4260398561827045,2.0
12.13000000000072,0.04075567423665784,0.43016766691577063,2.0
12.13200000000072,0.04162012257616135,0.43427769463526295,2.0
12.134000000000722,0.04249277304696938,0.4383697700733659,2.0
12.136000000000722,0.04337358957589572,0.4424437247363205,2.0
12.138000000000723,0.044262535753547216,0.44649939091222685,2.0
12.140000000000724,0.04515957483589527,0.4505366016788232,2.0
12.142000000000724,0.04606466974586284,0.4545551909112401,2.0
12.144000000000725,0.04697778307492699,0.4585549932897295,2.0
12.146000000000726,0.047898877084736835,0.46253584430736866,2.0
12.148000000000726,0.04882791370874686,0.4664975802777372,2.0
12.150000000000727,0.0497648545538656,0.47044003834256753,2.0
12.152000000000728,0.05070966090211956,0.47436305647936805,2.0
12.154000000000728,0.051662293712332365,0.47826647350901774,2.0
12.156000000000729,0.05262271362181907,0.48215012910333244,2.0
12.15800000000073,0.053590880948095596,0.48601386379260164,2.0
12.16000000000073,0.054566755690603166,0.4898575189730954,2.0
12.162000000000731,0.055550297532447765,0.4936809369145403,2.0
12.164000000000732,0.056541465842154484,0.4974839607675647,2.0
12.166000000000732,0.05754021967543676,0.5012664345711114,2.0
12.168000000000733,0.058546517776980375,0.5050282032598185,2.0
12.170000000000734,0.05956031858224222,0.5087691126713663,2.0
12.172000000000734,0.06058158021926367,0.5124890095537907,2.0
12.174000000000735,0.061610260510498616,0.5161877415727623,2.0
12.176000000000736,0.06264631697465595,0.5198651573188292,2.0
12.178000000000736,0.06368970682855654,0.5235211063146256,2.0
12.180000000000737,0.06474038698900461,0.527155439022042,2.0
12.182000000000738,0.06579831407467336,0.5307680068493593,2.0
12.184000000000738,0.06686344440800486,0.5343586621583447,2.0
12.186000000000739,0.06793573401712406,0.5379272582713084,2.0
12.18800000000074,0.06901513863776697,0.5414736494781217,2.0
12.19000000000074,0.07010161371522268,0.5449976910431947,2.0
12.192000000000741,0.07119511440628944,0.5484992392124131,2.0
12.194000000000742,0.0722955955812445,0.5519781512200335,2.0
12.196000000000742,0.07340301182582772,0.555434285295537,2.0
12.198000000000743,0.07451731744323879,0.5588675006704393,2.0
12.200000000000744,0.07563846645614815,0.5622776575850581,2.0
12.202000000000744,0.07676641260872125,0.5656646172952348,2.0
12.204000000000745,0.07790110936865632,0.5690282420790123,2.0
12.206000000000746,0.07904250992923545,0.5723683952432669,2.0
12.208000000000746,0.08019056721138874,0.5756849411302933,2.0
12.210000000000747,0.0813452338657718,0.5789777451243429,2.0
12.212000000000748,0.0825064622748561,0.5822466736581134,2.0
12.214000000000748,0.0836742045550323,0.5854915942191913,2.0
12.216000000000749,0.0848484125587265,0.5887123753564429,2.0
12.21800000000075,0.08602903787652905,0.5919088866863574,2.0
12.22000000000075,0.08721603183933618,0.5950809988993376,2.0
12.222000000000751,0.08840934552050404,0.5982285837659398,2.0
12.224000000000752,0.0896089297380152,0.6013515141430612,2.0
12.226000000000752,0.09081473505665748,0.604449663980075,2.0
12.228000000000753,0.092026711790215,0.6075229083249106,2.0
12.230000000000754,0.09324481000367132,0.6105711233300805,2.0
12.232000000000754,0.0944689795154246,0.6135941862586511,2.0
12.234000000000755,0.0956991698995146,0.616591975490159,2.0
12.236000000000756,0.09693533048786153,0.6195643705264692,2.0
12.238000000000756,0.09817741037251647,0.6225112519975771,2.0
12.240000000000757,0.09942535840792345,0.6254325016673519,2.0
12.242000000000758,0.10067912321319282,0.6283280024392219,2.0
12.244000000000758,0.10193865317438607,0.6311976383618,2.0
12.246000000000759,0.10320389644681172,0.6340412946344488,2.0
12.24800000000076,0.10447480095733236,0.6368588576127856,2.0
12.25000000000076,0.10575131440668262,0.6396502148141253,2.0
12.252000000000761,0.10703338427179794,0.6424152549228618,2.0
12.254000000000762,0.10832095780815407,0.6451538677957853,2.0
12.256000000000762,0.10961398205211711,0.6478659444673376,2.0
12.258000000000763,0.11091240382330406,0.6505513771548017,2.0
12.260000000000764,0.11221616972695353,0.6532100592634277,2.0
12.262000000000764,0.11352522615630689,0.6558418853914917,2.0
12.264000000000765,0.11483951929499923,0.6584467513352901,2.0
12.266000000000766,0.11615899511946037,0.6610245540940655,2.0
12.268000000000766,0.1174835994013256,0.6635751918748657,2.0
12.270000000000767,0.11881327770985613,0.6660985640973348,2.0
12.272000000000768,0.12014797541436897,0.6685945713984346,2.0
12.274000000000768,0.12148763768667628,0.6710631156370969,2.0
12.276000000000769,0.12283220950353387,0.6735040998988056,2.0
12.27800000000077,0.12418163564909881,0.6759174285001083,2.0
12.28000000000077,0.12553586071739609,0.6783030069930561,2.0
12.282000000000771,0.12689482911479388,0.6806607421695717,2.0
12.284000000000772,0.12825848506248771,0.6829905420657444,2.0
12.286000000000772,0.12962677259899297,0.6852923159660524,2.0
12.288000000000773,0.13099963558264585,0.6875659744075117,2.0
12.290000000000774,0.1323770176941125,0.689811429183749,2.0
12.292000000000774,0.13375886243890628,0.6920285933490019,2.0
12.294000000000775,0.13514511314991293,0.6942173812220415,2.0
12.296000000000776,0.13653571298992342,0.6963777083900203,2.0
12.298000000000776,0.13793060495417467,0.6985094917122433,2.0
12.300000000000777,0.13932973187289732,0.7006126493238611,2.0
12.302000000000778,0.14073303641387125,0.7026871006394865,2.0
12.304000000000778,0.14214046108498796,0.704732766356732,2.0
12.306000000000779,0.14355194823682008,0.7067495684596692,2.0
12.30800000000078,0.14496744006519763,0.7087374302222088,2.0
12.31000000000078,0.1463868786137911,0.7106962762114006,2.0
12.312000000000781,0.14781020577670087,0.712626032290654,2.0
12.314000000000782,0.14923736330105314,0.7145266256228772,2.0
12.316000000000782,0.15066829278960195,0.7163979846735358,2.0
12.318000000000783,0.15210293570333736,0.7182400392136298,2.0
12.320000000000784,0.15354123336409933,0.7200527203225882,2.0
12.322000000000784,0.15498312695719754,0.7218359603910819,2.0
12.324000000000785,0.15642855753403645,0.7235896931237533,2.0
12.326000000000786,0.15787746601474603,0.7253138535418631,2.0
12.328000000000786,0.15932979319081755,0.7270083779858526,2.0
12.330000000000787,0.16078547972774437,0.7286732041178238,2.0
12.332000000000788,0.16224446616766774,0.730308270923933,2.0
12.334000000000788,0.16370669293202722,0.731913518716702,2.0
12.336000000000789,0.16517210032421561,0.7334888891372419,2.0
12.33800000000079,0.16664062853223838,0.7350343251573938,2.0
12.34000000000079,0.16811221763137704,0.7365497710817824,2.0
12.342000000000791,0.16958680758685682,0.7380351725497842,2.0
12.344000000000792,0.17106433825651804,0.7394904765374094,2.0
12.346000000000792,0.17254474939349118,0.7409156313590969,2.0
12.348000000000793,0.17402798064887545,0.7423105866694235,2.0
12.350000000000794,0.1755139715744207,0.743675293464725,2.0
12.352000000000794,0.1770026616252125,0.745009704084631,2.0
12.354000000000795,0.1784939901623602,0.7463137722135109,2.0
12.356000000000796,0.17998789645568777,0.747587452881834,2.0
12.358000000000796,0.18148431968642725,0.7488307024674405,2.0
12.360000000000797,0.18298319894991477,0.7500434786967245,2.0
12.362000000000798,0.18448447325828868,0.7512257406457292,2.0
12.364000000000798,0.18598808154318996,0.752377448741154,2.0
12.366000000000799,0.18749396265846438,0.7534985647612721,2.0
12.3680000000008,0.18900205538286652,0.7545890518367606,2.0
12.3700000000008,0.19051229842276537,0.7556488744514412,2.0
12.372000000000801,0.19202463041485127,0.7566779984429324,2.0
12.374000000000802,0.19353898992884402,0.7576763910032122,2.0
12.376000000000802,0.19505531547020222,0.758644020679093,2.0
12.378000000000803,0.19657354548283315,0.7595808573726068,2.0
12.380000000000804,0.19809361835180372,0.7604868723413011,2.0
12.382000000000804,0.1996154724060516,0.7613620381984462,2.0
12.384000000000805,0.2011390459210968,0.7622063289131537,2.0
12.386000000000806,0.20266427712175347,0.7630197198104052,2.0
12.388000000000806,0.20419110418484154,0.7638021875709927,2.0
12.390000000000807,0.20571946524189821,0.7645537102313699,2.0
12.392000000000808,0.20724929838188905,0.7652742671834141,2.0
12.394000000000808,0.20878054165391852,0.7659638391741,2.0
12.396000000000809,0.21031313306993987,0.7666224083050847,2.0
12.39800000000081,0.21184701060746386,0.7672499580322029,2.0
12.40000000000081,0.21338211221226663,0.7678464731648754,2.0
12.402000000000811,0.2149183758010962,0.7684119398654282,2.0
12.404000000000812,0.21645573926437753,0.7689463456483232,2.0
12.406000000000812,0.21799414046891588,0.7694496793793013,2.0
12.408000000000813,0.21953351726059853,0.7699219312744375,2.0
12.410000000000814,0.22107380746709437,0.7703630928991086,2.0
12.412000000000814,0.22261494890055145,0.7707731571668727,2.0
12.414000000000815,0.22415687936029208,0.771152118338262,2.0
12.416000000000816,0.22569953663550554,0.7714999720194889,2.0
12.418000000000816,0.22724285850793813,0.7718167151610646,2.0
12.420000000000817,0.2287867827545802,0.7721023460563315,2.0
12.422000000000818,0.23033124715035033,0.77235686433991,2.0
12.424000000000818,0.23187618947077626,0.7725802709860585,2.0
12.426000000000819,0.23342154749467248,0.7727725683069484,2.0
12.42800000000082,0.23496725900681423,0.7729337599508538,2.0
12.43000000000082,0.2365132618006078,0.7730638509002563,2.0
12.432000000000821,0.23805949368075704,0.7731628474698651,2.0
12.434000000000822,0.23960589246592573,0.7732307573045532,2.0
12.436000000000822,0.24115239599139573,0.7732675893772095,2.0
12.438000000000823,0.2426989421117209,0.7732733539865082,2.0
12.440000000000824,0.2442454687033763,0.7732480627545943,2.0
12.442000000000824,0.24579191366740272,0.7731917286246877,2.0
12.444000000000825,0.24733821493204644,0.773104365858604,2.0
12.446000000000826,0.24888431045539386,0.7729859900341951,2.0
12.448000000000826,0.2504301382280009,0.7728366180427075,2.0
12.450000000000827,0.2519756362755171,0.7726562680860606,2.0
12.452000000000828,0.2535207426613042,0.7724449596740446,2.0
12.454000000000828,0.255065395489049,0.772202713621439,2.0
12.456000000000829,0.2566095329053703,0.771929552045052,2.0
12.45800000000083,0.2581530931024202,0.7716254983606811,2.0
12.46000000000083,0.2596960143204786,0.771290577279996,2.0
12.462000000000831,0.2612382348505421,0.770924814807344,2.0
12.464000000000832,0.2627796930369059,0.7705282382364785,2.0
12.466000000000832,0.2643203272797393,0.7701008761472116,2.0
12.468000000000833,0.2658600760376545,0.7696427584019901,2.0
12.470000000000834,0.2673988778302682,0.7691539161423983,2.0
12.472000000000834,0.2689366712407566,0.7686343817855842,2.0
12.474000000000835,0.27047339491840255,0.7680841890206139,2.0
12.476000000000836,0.27200898758113606,0.7675033728047519,2.0
12.478000000000836,0.27354338801806655,0.7668919693596687,2.0
12.480000000000837,0.275076535092008,0.7662500161675782,2.0
12.482000000000838,0.2766083677419962,0.7655775519673019,2.0
12.484000000000838,0.2781388249857977,0.7648746167502651,2.0
12.486000000000839,0.2796678459224112,0.7641412517564212,2.0
12.48800000000084,0.28119536973456033,0.7633774994701088,2.0
12.49000000000084,0.2827213356911784,0.7625834036158399,2.0
12.492000000000841,0.2842456831498843,0.7617590091540208,2.0
12.494000000000842,0.28576835155944996,0.7609043622766065,2.0
12.496000000000842,0.2872892804622591,0.7600195104026887,2.0
12.498000000000843,0.2888084094967571,0.759104502174019,2.0
12.500000000000844,0.2903256783998917,0.7581593874504685,2.0
12.502000000000844,0.2918410270095446,0.7571842173054221,2.0
12.504000000000845,0.29335439526695406,0.7561790440211115,2.0
12.506000000000846,0.2948657232191275,0.7551439210838862,2.0
12.508000000000846,0.29637495102124534,0.7540789031794223,2.0
12.510000000000847,0.2978820189390546,0.7529840461878723,2.0
12.512000000000848,0.2993868673512529,0.7518594071789546,2.0
12.514000000000848,0.3008894367518629,0.7507050444069846,2.0
12.51600000000085,0.3023896677525962,0.7495210173058482,2.0
12.51800000000085,0.30388750108520746,0.7483073864839181,2.0
12.52000000000085,0.30538287760383837,0.7470642137189147,2.0
12.522000000000851,0.3068757382873511,0.7457915619527109,2.0
12.524000000000852,0.30836602424165127,0.7444894952860832,2.0
12.526000000000852,0.30985367670200065,0.7431580789734097,2.0
12.528000000000853,0.3113386370353188,0.7417973794173146,2.0
12.530000000000854,0.3128208467424743,0.7404074641632623,2.0
12.532000000000854,0.314300247460565,0.7389884018940999,2.0
12.534000000000855,0.3157767809651873,0.7375402624245501,2.0
12.536000000000856,0.3172503891726941,0.7360631166956556,2.0
12.538000000000856,0.3187210141424422,0.7345570367691754,2.0
12.540000000000857,0.3201885980790279,0.7330220958219336,2.0
12.542000000000858,0.3216530833345114,0.7314583681401226,2.0
12.544000000000858,0.32311441241063,0.7298659291135612,2.0
12.54600000000086,0.32457252796099934,0.7282448552299079,2.0
12.54800000000086,0.32602737279330335,0.7265952240688317,2.0
12.55000000000086,0.3274788898714725,0.7249171142961399,2.0
12.552000000000861,0.32892702231785004,0.7232106056578647,2.0
12.554000000000862,0.33037171341534655,0.7214757789743093,2.0
12.556000000000862,0.3318129066095825,0.7197127161340551,2.0
12.558000000000863,0.33325054551101885,0.7179215000879294,2.0
12.560000000000864,0.3346845738970753,0.7161022148429361,2.0
12.562000000000864,0.3361149357142366,0.7142549454561498,2.0
12.564000000000865,0.3375415750801468,0.7123797780285738,2.0
12.566000000000866,0.3389644362856906,0.710476799698964,2.0
12.568000000000866,0.34038346379706286,0.7085460986376191,2.0
12.570000000000867,0.3417986022578253,0.7065877640401366,2.0
12.572000000000868,0.343209796490951,0.7046018861211393,2.0
12.574000000000868,0.344616991500856,0.7025885561079692,2.0
12.57600000000087,0.34602013247541846,0.7005478662343523,2.0
12.57800000000087,0.3474191647879851,0.6984799097340338,2.0
12.58000000000087,0.34881403399936484,0.6963847808343867,2.0
12.582000000000871,0.3502046858598096,0.6942625747499918,2.0
12.584000000000872,0.35159106631098225,0.6921133876761926,2.0
12.586000000000872,0.3529731214879118,0.6899373167826254,2.0
12.588000000000873,0.3543507977209355,0.6877344602067245,2.0
12.590000000000874,0.3557240415376276,0.6855049170472047,2.0
12.592000000000874,0.3570927996647158,0.6832487873575217,2.0
12.594000000000875,0.3584570190299839,0.680966172139311,2.0
12.596000000000876,0.3598166467641617,0.6786571733358066,2.0
12.598000000000876,0.3611716302028016,0.6763218938252405,2.0
12.600000000000877,0.36252191688814184,0.6739604374142242,2.0
12.602000000000878,0.36386745457095687,0.6715729088311113,2.0
12.604000000000879,0.36520819121239395,0.6691594137193455,2.0
12.60600000000088,0.36654407498579683,0.6667200586307916,2.0
12.60800000000088,0.36787505427851575,0.6642549510190527,2.0
12.61000000000088,0.3692010776937044,0.6617641992327732,2.0
12.612000000000881,0.3705220940521032,0.659247912508929,2.0
12.614000000000882,0.3718380523938092,0.6567062009661064,2.0
12.616000000000883,0.37314890198003264,0.6541391755977695,2.0
12.618000000000883,0.37445459229484,0.6515469482655174,2.0
12.620000000000884,0.37575507304688344,0.6489296316923331,2.0
12.622000000000885,0.3770502941711168,0.646287339455823,2.0
12.624000000000885,0.37834020583049816,0.6436201859814498,2.0
12.626000000000886,0.3796247584176787,0.6409282865357591,2.0
12.628000000000887,0.38090390255667816,0.6382117572195994,2.0
12.630000000000887,0.38217758910454663,0.6354707149613388,2.0
12.632000000000888,0.38344576915301276,0.632705277510076,2.0
12.634000000000889,0.38470839403011853,0.6299155634288501,2.0
12.63600000000089,0.38596541530184025,0.6271016920878474,2.0
12.63800000000089,0.38721678477369603,0.6242637836576065,2.0
12.64000000000089,0.38846245449233985,0.621401959102224,2.0
12.642000000000891,0.3897023767471417,0.6185163401725592,2.0
12.644000000000892,0.3909365040717544,0.6156070493994413,2.0
12.646000000000893,0.3921647892456668,0.6126742100868778,2.0
12.648000000000893,0.3933871852957431,0.6097179463052658,2.0
12.650000000000894,0.39460364549774934,0.6067383828846067,2.0
12.652000000000895,0.3958141233778653,0.603735645407726,2.0
12.654000000000895,0.3970185727141836,0.6007098602034973,2.0
12.656000000000896,0.3982169475381951,0.5976611543400732,2.0
12.658000000000897,0.39940920213626047,0.5945896556181218,2.0
12.660000000000897,0.4005952910510687,0.5914954925640716,2.0
12.662000000000898,0.40177516908308186,0.5883787944233638,2.0
12.664000000000899,0.40294879129196615,0.5852396911537142,2.0
12.6660000000009,0.40411611299800987,0.582078313418384,2.0
12.6680000000009,0.4052770897835279,0.5788947925794616,2.0
12.6700000000009,0.4064316774942524,0.5756892606911552,2.0
12.672000000000901,0.4075798322407106,0.5724618504930966,2.0
12.674000000000902,0.40872151039958876,0.5692126954036584,2.0
12.676000000000903,0.4098566686150832,0.5659419295132834,2.0
12.678000000000903,0.4109852638002375,0.5626496875778283,2.0
12.680000000000904,0.41210725313826685,0.5593361050119215,2.0
12.682000000000905,0.413222594083869,0.5560013178823361,2.0
12.684000000000905,0.4143312443645219,0.5526454629013781,2.0
12.686000000000906,0.41543316198176805,0.5492686774202915,2.0
12.688000000000907,0.416528305212486,0.5458710994226802,2.0
12.690000000000907,0.41761663261014836,0.5424528675179467,2.0
12.692000000000908,0.4186981030060668,0.5390141209347498,2.0
12.694000000000909,0.41977267551062425,0.5355549995144797,2.0
12.69600000000091,0.4208403095144937,0.5320756437047538,2.0
12.69800000000091,0.42190096468984417,0.5285761945529309,2.0
12.70000000000091,0.42295460099153376,0.5250567936996464,2.0
12.702000000000911,0.42400117865828973,0.521517583372368,2.0
12.704000000000912,0.4250406582138758,0.5179587063789726,2.0
12.706000000000913,0.4260730004682465,0.5143803061013453,2.0
12.708000000000913,0.4270981665186887,0.5107825264890006,2.0
12.710000000000914,0.4281161177509508,0.5071655120527259,2.0
12.712000000000915,0.4291268158403588,0.5035294078582487,2.0
12.714000000000915,0.43013022275291957,0.4998743595199276,2.0
12.716000000000916,0.4311263007464124,0.49620051319446656,2.0
12.718000000000917,0.4321150123714669,0.49250801557465473,2.0
12.720000000000917,0.4330963204726292,0.48879701388313035,2.0
12.722000000000918,0.43407018818941545,0.4850676558661705,2.0
12.724000000000919,0.43503657895735276,0.4813200897875063,2.0
12.72600000000092,0.435995456509008,0.47755446442216426,2.0
12.72800000000092,0.4369467848750044,0.4737709290503342,2.0
12.73000000000092,0.4378905283850255,0.46996963345126364,2.0
12.732000000000921,0.43882665166880747,0.4661507278971798,2.0
12.734000000000922,0.43975511965711866,0.46231436314723867,2.0
12.736000000000923,0.44067589758272785,0.4584606904415017,2.0
12.738000000000923,0.44158895098135975,0.454589861494941,2.0
12.740000000000924,0.442494245692639,0.45070202849147284,2.0
12.742000000000925,0.443391747861022,0.4467973440780191,2.0
12.744000000000925,0.44428142393671705,0.4428759613585983,2.0
12.746000000000926,0.44516324067659285,0.43893803388844554,2.0
12.748000000000927,0.44603716514507474,0.4349837156681616,2.0
12.750000000000927,0.44690316471502983,0.43101316113789157,2.0
12.752000000000928,0.4477612070686402,0.4270265251715336,2.0
12.754000000000929,0.44861126019826475,0.4230239630709773,2.0
12.75600000000093,0.4494532924072893,0.41900563056037204,2.0
12.75800000000093,0.4502872723109656,0.4149716837804262,2.0
12.76000000000093,0.45111316883723845,0.4109222792827362,2.0
12.762000000000931,0.45193095122756216,0.40685757402414663,2.0
12.764000000000932,0.4527405890377053,0.4027777253611405,2.0
12.766000000000933,0.45354205213854437,0.39868289104426097,2.0
12.768000000000933,0.45433531071684635,0.3945732292125636,2.0
12.770000000000934,0.4551203352760403,0.3904488983880996,2.0
12.772000000000935,0.4558970966369778,0.38631005747043046,2.0
12.774000000000935,0.45666556593868246,0.3821568657311733,2.0
12.776000000000936,0.45742571463908877,0.37798948280857786,2.0
12.778000000000937,0.4581775145157697,0.3738080687021344,2.0
12.780000000000937,0.45892093766665415,0.36961278376721307,2.0
12.782000000000938,0.459655956510733,0.36540378870973433,2.0
12.784000000000939,0.46038254378875526,0.361181244580871,2.0
12.78600000000094,0.46110067256391307,0.356945312771781,2.0
12.78800000000094,0.46181031622251656,0.35269615500837215,2.0
12.79000000000094,0.462511448474658,0.3484339333460973,2.0
12.792000000000941,0.4632040433548659,0.34415881016478117,2.0
12.794000000000942,0.4638880752227485,0.33987094816347807,2.0
12.796000000000943,0.46456351876362695,0.33557051035536084,2.0
12.798000000000943,0.4652303489891588,0.33125766006264024,2.0
12.800000000000944,0.46588854123795087,0.32693256091151585,2.0
12.802000000000945,0.46653807117616203,0.3225953768271571,2.0
12.804000000000945,0.46717891479809637,0.3182462720287152,2.0
12.806000000000946,0.46781104842678617,0.31388541102436557,2.0
12.808000000000947,0.4684344487145649,0.3095129586063804,2.0
12.810000000000947,0.4690490926436307,0.30512907984623155,2.0
12.812000000000948,0.4696549575265997,0.30073394008972343,2.0
12.814000000000949,0.47025202100705,0.2963277049521556,2.0
12.81600000000095,0.4708402610600557,0.2919105403135152,2.0
12.81800000000095,0.4714196559927117,0.2874826123136986,2.0
12.82000000000095,0.47199018444464846,0.2830440873477625,2.0
12.822000000000951,0.47255182538853796,0.27859513206120384,2.0
12.824000000000952,0.47310455813058966,0.27413591334526877,2.0
12.826000000000953,0.4736483623110373,0.2696665983322896,2.0
12.828000000000953,0.47418321790461654,0.2651873543910509,2.0
12.830000000000954,0.47470910522103327,0.26069834912218265,2.0
12.832000000000955,0.4752260049054226,0.25619975035358195,2.0
12.834000000000955,0.475733897938799,0.25169172613586166,2.0
12.836000000000956,0.476232765638497,0.2471744447378265,2.0
12.838000000000957,0.4767225896586032,0.2426480746419759,2.0
12.840000000000957,0.4772033519903792,0.2381127845400335,2.0
12.842000000000958,0.4776750349626756,0.2335687433285027,2.0
12.844000000000959,0.47813762124233705,0.22901612010424827,2.0
12.84600000000096,0.47859109383459864,0.22445508416010357,2.0
12.84800000000096,0.47903543608347343,0.21988580498050284,2.0
12.85000000000096,0.47947063167213133,0.21530845223713838,2.0
12.852000000000961,0.47989666462326935,0.21072319578464233,2.0
12.854000000000962,0.4803135192994731,0.20613020565629242,2.0
12.856000000000963,0.48072118040356976,0.20152965205974155,2.0
12.858000000000963,0.48111963297897276,0.19692170537277065,2.0
12.860000000000964,0.48150886241001767,0.19230653613906454,2.0
12.862000000000965,0.48188885442228974,0.1876843150640103,2.0
12.864000000000965,0.4822595950829433,0.1830552130105176,2.0
12.866000000000966,0.4826210708010126,0.17841940099486112,2.0
12.868000000000967,0.48297326832771414,0.17377705018254366,2.0
12.870000000000967,0.4833161747567415,0.16912833188418064,2.0
12.872000000000968,0.48364977752455757,0.16447341755468758,2.0
12.874000000000969,0.48397406441065943,0.15981247877926777,2.0
12.87600000000097,0.4842890235378549,0.15514568727938086,2.0
12.87800000000097,0.4845946433725242,0.15047321490533522,2.0
12.88000000000097,0.4848909127248737,0.14579523363226943,2.0
12.882000000000971,0.48517782074918153,0.14111191555615177,2.0
12.884000000000972,0.4854553569440352,0.13642343288979744,2.0
12.886000000000973,0.48572351115256146,0.13172995795890266,2.0
12.888000000000973,0.48598227356264806,0.1270316631980955,2.0
12.890000000000974,0.48623163470715763,0.12232872114700272,2.0
12.892000000000975,0.48647158546413377,0.11762130444633209,2.0
12.894000000000975,0.4867021170569994,0.11290958583396991,2.0
12.896000000000976,0.486923221054747,0.10819373814109293,2.0
12.898000000000977,0.48713488937212157,0.10347393428829431,2.0
12.900000000000977,0.48733711426979553,0.09875034728172316,2.0
12.902000000000978,0.48752988835453587,0.09402315020923684,2.0
12.904000000000979,0.4877132045793638,0.0892925162365658,2.0
12.90600000000098,0.4878870562437067,0.08455861860349027,2.0
12.90800000000098,0.4880514369935425,0.07982163062002827,2.0
12.91000000000098,0.48820634082153597,0.07508172566263431,2.0
12.912000000000981,0.4883517620671683,0.07033907717040844,2.0
12.914000000000982,0.48848769541685827,0.06559385864131487,2.0
12.916000000000983,0.4886141359040764,0.060846243628409756,2.0
12.918000000000983,0.4887310789094511,0.05609640573607748,2.0
12.920000000000984,0.488838520160868,0.05134451861627494,2.0
12.922000000000985,0.4889364557335608,0.046590755964783244,2.0
12.924000000000985,0.48902488205019573,0.04183529151746623,2.0
12.926000000000986,0.48910379588094754,0.03707829904653529,2.0
12.928000000000987,0.4891731943435687,0.03231995235681984,2.0
12.930000000000987,0.4892330749034509,0.027560425282042923,2.0
12.932000000000988,0.489283435373679,0.022799891681101407,2.0
12.934000000000989,0.48932427391507777,0.018038525434350042,2.0
12.93600000000099,0.48935558903625104,0.013276500439888974,2.0
12.93800000000099,0.4893773795936135,0.008513990609854026,2.0
12.94000000000099,0.489389644791415,0.003751169866709184,2.0
12.942000000000991,0.4893923841817577,-0.0010117878604592595,2.0
12.944000000000992,0.4893855976646053,-0.005774708639647547,2.0
12.946000000000993,0.4893692854877855,-0.010537418539638818,2.0
12.948000000000993,0.48934344824698445,-0.015299743633707603,2.0
12.950000000000994,0.48930808688573413,-0.020061510003325022,2.0
12.952000000000995,0.4892632026953924,-0.024822543741865277,2.0
12.954000000000995,0.4892087973151154,-0.02958267095831403,2.0
12.956000000000996,0.4891448727318225,-0.03434171778097923,2.0
12.958000000000997,0.489071431280154,-0.039099510361205,2.0
12.960000000000997,0.48898847564242154,-0.04385587487708912,2.0
12.962000000000998,0.4888960088485506,-0.04861063753720475,2.0
12.964000000000999,0.4887940342760159,-0.053363624584326926,2.0
12.966000000001,0.4886825556497694,-0.05811466229916439,2.0
12.968000000001,0.4885615770421606,-0.06286357700409742,2.0
12.970000000001,0.4884311028728493,-0.0676101950669221,2.0
12.972000000001001,0.4882911379087113,-0.07235434290460174,2.0
12.974000000001002,0.48814168726373613,-0.07709584698702589,2.0
12.976000000001003,0.48798275639891747,-0.08183453384077759,2.0
12.978000000001003,0.487814351122136,-0.08657023005290944,2.0
12.980000000001004,0.48763647758803474,-0.09130276227472897,2.0
12.982000000001005,0.48744914229788655,-0.09603195722559393,2.0
12.984000000001005,0.48725235209945444,-0.10075764169671804,2.0
12.986000000001006,0.48704611418684396,-0.10547964255498771,2.0
12.988000000001007,0.48683043610034793,-0.11019778674679036,2.0
12.990000000001007,0.48660532572628384,-0.11491190130185483,2.0
12.992000000001008,0.4863707912968231,-0.1196218133371044,2.0
12.994000000001009,0.48612684138981277,-0.124327350060523,2.0
12.99600000000101,0.48587348492858984,-0.12902833877503517,2.0
12.99800000000101,0.4856107311817871,-0.1337246068824001,2.0
13.00000000000101,0.4853385897631318,-0.1384159818871206,2.0
13.002000000001011,0.4850570706312362,-0.14310229140036723,2.0
13.004000000001012,0.48476618408938016,-0.14778336314391824,2.0
13.006000000001013,0.4844659407852862,-0.15245902495411578,2.0
13.008000000001013,0.4841563517108862,-0.1571291047858389,2.0
13.010000000001014,0.48383742820208053,-0.16179343071649385,2.0
13.012000000001015,0.48350918193848874,-0.16645183095002203,2.0
13.014000000001015,0.4831716249431927,-0.1711041338209264,2.0
13.016000000001016,0.48282476958247134,-0.17575016779831645,2.0
13.018000000001017,0.48246862856552736,-0.1803897614899724,2.0
13.020000000001017,0.4821032149442058,-0.1850227436464291,2.0
13.022000000001018,0.48172854211270455,-0.18964894316507994,2.0
13.024000000001019,0.4813446238072831,-0.1942681890908906,2.0
13.02600000000102,0.4809514741059432,-0.1988803106306897,2.0
13.02800000000102,0.48054910742812096,-0.20348513714727837,2.0
13.03000000000102,0.48013753853436414,-0.20808249816694238,2.0
13.032000000001021,0.47971678252600086,-0.21267222338366326,2.0
13.034000000001022,0.47928685484480016,-0.21725414266335216,2.0
13.036000000001023,0.47884777127262373,-0.22182808604810686,2.0
13.038000000001023,0.47839954793106926,-0.22639388376049224,2.0
13.040000000001024,0.4779422012811053,-0.23095136620784465,2.0
13.042000000001025,0.47747574812269744,-0.23550036398660057,2.0
13.044000000001025,0.4770002055944255,-0.24004070788664997,2.0
13.046000000001026,0.4765155911730926,-0.24457222889571456,2.0
13.048000000001027,0.47602192267332477,-0.2490947582037515,2.0
13.050000000001027,0.47551921824716226,-0.25360812720738274,2.0
13.052000000001028,0.4750074963836417,-0.2581121675143506,2.0
13.054000000001029,0.4744867759083694,-0.2626067109479994,2.0
13.05600000000103,0.47395707598308556,-0.2670915895517841,2.0
13.05800000000103,0.4734184161052197,-0.2715666355938056,2.0
13.06000000000103,0.47287081610743653,-0.2760316815713739,2.0
13.062000000001031,0.4723142961571733,-0.28048656021559815,2.0
13.064000000001032,0.4717488767561672,-0.28493110449600495,2.0
13.066000000001033,0.47117457873997426,-0.2893651476251849,2.0
13.068000000001033,0.4705914232774782,-0.29378852306346714,2.0
13.070000000001034,0.46999943187039056,-0.29820106452362305,2.0
13.072000000001035,0.4693986263527409,-0.3026026059755982,2.0
13.074000000001035,0.46878902889035773,-0.30699298165127403,2.0
13.076000000001036,0.4681706619803399,-0.3113720260492585,2.0
13.078000000001037,0.4675435484505183,-0.31573957393970625,2.0
13.080000000001037,0.46690771145890797,-0.3200954603691686,2.0
13.082000000001038,0.4662631744931503,-0.32443952066547344,2.0
13.084000000001039,0.4656099613699457,-0.3287715904426352,2.0
13.08600000000104,0.4649480962344763,-0.3330915056057951,2.0
13.08800000000104,0.46427760355981856,-0.3373991023561915,2.0
13.09000000000104,0.4635985081463463,-0.3416942171961614,2.0
13.092000000001041,0.46291083512112335,-0.3459766869341718,2.0
13.094000000001042,0.46221460993728625,-0.3502463486898824,2.0
13.096000000001043,0.4615098583734168,-0.3545030398992393,2.0
13.098000000001043,0.4607966065329044,-0.3587465983195989,2.0
13.100000000001044,0.4600748808432979,-0.3629768620348836,2.0
13.102000000001045,0.45934470805564753,-0.3671936694607684,2.0
13.104000000001045,0.45860611524383604,-0.37139685934989847,2.0
13.106000000001046,0.45785912980389953,-0.3755862707971382,2.0
13.108000000001047,0.45710377945333786,-0.37976174324485124,2.0
13.110000000001047,0.45634009223041405,-0.3839231164882122,2.0
13.112000000001048,0.45556809649344365,-0.3880702306805492,2.0
13.114000000001049,0.4547878209200729,-0.3922029263387179,2.0
13.11600000000105,0.4539992945065463,-0.39632104434850673,2.0
13.11800000000105,0.4532025465669633,-0.4004244259700735,2.0
13.12000000000105,0.4523976067325241,-0.40451291284341284,2.0
13.122000000001051,0.4515845049507645,-0.40858634699385515,2.0
13.124000000001052,0.45076327148477974,-0.4126445708375964,2.0
13.126000000001053,0.4499339369124371,-0.41668742718725893,2.0
13.128000000001053,0.4490965321255776,-0.4207147592574831,2.0
13.130000000001054,0.4482510883292062,-0.4247264106705497,2.0
13.132000000001055,0.447397637040671,-0.42872222546203337,2.0
13.134000000001055,0.44653621008883093,-0.4327020480864858,2.0
13.136000000001056,0.44566683961321213,-0.43666572342315024,2.0
13.138000000001057,0.4447895580631526,-0.44061309678170524,2.0
13.140000000001058,0.443904398196936,-0.4445440139080393,2.0
13.142000000001058,0.4430113930809129,-0.44845832099005506,2.0
13.144000000001059,0.4421105760886114,-0.45235586466350275,2.0
13.14600000000106,0.44120198089983514,-0.4562364920178439,2.0
13.14800000000106,0.4402856414997505,-0.4601000506021436,2.0
13.15000000000106,0.43936159217796106,-0.4639463884309921,2.0
13.152000000001062,0.4384298675275707,-0.4677753539904552,2.0
13.154000000001062,0.4374905024442347,-0.4715867962440528,2.0
13.156000000001063,0.4365435321251989,-0.47538056463876593,2.0
13.158000000001064,0.43558899206832674,-0.4791565091110719,2.0
13.160000000001064,0.43462691807111403,-0.48291448009300636,2.0
13.162000000001065,0.433657346229692,-0.4866543285182537,2.0
13.164000000001066,0.43268031293781767,-0.49037590582826335,2.0
13.166000000001066,0.4316958548858524,-0.4940790639783937,2.0
13.168000000001067,0.4307040090597276,-0.49776365544408147,2.0
13.170000000001068,0.42970481273989874,-0.5014295332270376,2.0
13.172000000001068,0.4286983035002863,-0.5050765508614686,2.0
13.174000000001069,0.4276845192072048,-0.5087045624203228,2.0
13.17600000000107,0.4266634980182787,-0.5123134225215613,2.0
13.17800000000107,0.42563527838134635,-0.5159029863344539,2.0
13.18000000000107,0.42459989903335105,-0.519473109585898,2.0
13.182000000001072,0.42355739899921935,-0.5230236485667621,2.0
13.184000000001072,0.4225078175907268,-0.526554460138251,2.0
13.186000000001073,0.4214511944053509,-0.5300654017382948,2.0
13.188000000001074,0.4203875693251111,-0.5335563313879588,2.0
13.190000000001074,0.41931698251539645,-0.5370271076978761,2.0
13.192000000001075,0.41823947442377957,-0.5404775898747005,2.0
13.194000000001076,0.4171550857788185,-0.5439076377275802,2.0
13.196000000001076,0.416063857588845,-0.5473171116746516,2.0
13.198000000001077,0.41496583114074026,-0.5507058727495523,2.0
13.200000000001078,0.41386104799869705,-0.5540737826079536,2.0
13.202000000001078,0.41274955000296953,-0.5574207035341108,2.0
13.204000000001079,0.4116313792686091,-0.5607464984474315,2.0
13.20600000000108,0.41050657818418784,-0.5640510309090615,2.0
13.20800000000108,0.40937518941050827,-0.5673341651284864,2.0
13.21000000000108,0.40823725587930004,-0.5705957659701505,2.0
13.212000000001082,0.40709282079190345,-0.5738356989600895,2.0
13.214000000001082,0.4059419276179396,-0.5770538302925794,2.0
13.216000000001083,0.4047846200939673,-0.5802500268367989,2.0
13.218000000001084,0.4036209422221264,-0.5834241561435051,2.0
13.220000000001084,0.40245093826876827,-0.5865760864517221,2.0
13.222000000001085,0.40127465276307217,-0.5897056866954423,2.0
13.224000000001086,0.400092130495649,-0.592812826510338,2.0
13.226000000001086,0.39890341651713096,-0.5958973762404847,2.0
13.228000000001087,0.3977085561367481,-0.5989592069450941,2.0
13.230000000001088,0.3965075949208912,-0.6019981904052564,2.0
13.232000000001088,0.3953005786916615,-0.6050141991306911,2.0
13.234000000001089,0.39408755352540653,-0.608007106366506,2.0
13.23600000000109,0.3928685657512424,-0.6109767860999629,2.0
13.23800000000109,0.3916436619495631,-0.6139231130672497,2.0
13.240000000001091,0.3904128889505356,-0.6168459627602586,2.0
13.242000000001092,0.3891762938325817,-0.6197452114333685,2.0
13.244000000001092,0.3879339239208463,-0.6226207361102316,2.0
13.246000000001093,0.3866858267856521,-0.6254724145905636,2.0
13.248000000001094,0.3854320502409407,-0.6283001254569356,2.0
13.250000000001094,0.3841726423426999,-0.6311037480815687,2.0
13.252000000001095,0.3829076513873778,-0.6338831626331284,2.0
13.254000000001096,0.38163712591028315,-0.6366382500835196,2.0
13.256000000001096,0.3803611146839719,-0.6393688922146805,2.0
13.258000000001097,0.3790796667166204,-0.6420749716253751,2.0
13.260000000001098,0.3777928312503851,-0.6447563717379827,2.0
13.262000000001098,0.37650065775974834,-0.6474129768052846,2.0
13.264000000001099,0.37520319594985085,-0.6500446719172464,2.0
13.2660000000011,0.3739004957548106,-0.6526513430077944,2.0
13.2680000000011,0.3725926073360281,-0.6552328768615877,2.0
13.270000000001101,0.37127958108047826,-0.6577891611207819,2.0
13.272000000001102,0.3699614675989884,-0.6603200842917857,2.0
13.274000000001102,0.36863831772450323,-0.6628255357520086,2.0
13.276000000001103,0.36731018251033604,-0.6653054057565998,2.0
13.278000000001104,0.3659771132284064,-0.6677595854451756,2.0
13.280000000001104,0.3646391613674647,-0.6701879668485359,2.0
13.282000000001105,0.3632963786313028,-0.6725904428953691,2.0
13.284000000001106,0.3619488169369519,-0.6749669074189426,2.0
13.286000000001106,0.3605965284128664,-0.6773172551637803,2.0
13.288000000001107,0.3592395653970948,-0.679641381792324,2.0
13.290000000001108,0.3578779804354374,-0.6819391838915801,2.0
13.292000000001108,0.35651182627959027,-0.6842105589797481,2.0
13.294000000001109,0.3551411558852765,-0.6864554055128322,2.0
13.29600000000111,0.35376602241036376,-0.6886736228912338,2.0
13.29800000000111,0.3523864792129691,-0.6908651114663239,2.0
13.300000000001111,0.3510025798495504,-0.6930297725469957,2.0
13.302000000001112,0.34961437807298473,-0.6951675084061946,2.0
13.304000000001112,0.3482219278306338,-0.697278222287426,2.0
13.306000000001113,0.3468252832623965,-0.69936181841124,2.0
13.308000000001114,0.3454244986987479,-0.7014182019816909,2.0
13.310000000001114,0.3440196286587664,-0.7034472791927715,2.0
13.312000000001115,0.34261072784814695,-0.7054489572348212,2.0
13.314000000001116,0.34119785115720214,-0.707423144300906,2.0
13.316000000001116,0.33978105365885053,-0.7093697495931715,2.0
13.318000000001117,0.33836039060659195,-0.7112886833291648,2.0
13.320000000001118,0.3369359174324705,-0.7131798567481279,2.0
13.322000000001118,0.3355076897450249,-0.7150431821172583,2.0
13.324000000001119,0.3340757633272262,-0.7168785727379383,2.0
13.32600000000112,0.33264019413440366,-0.7186859429519313,2.0
13.32800000000112,0.33120103829215713,-0.720465208147543,2.0
13.330000000001121,0.3297583520942584,-0.7222162847657483,2.0
13.332000000001122,0.3283121920005395,-0.7239390903062819,2.0
13.334000000001122,0.32686261463476923,-0.7256335433336919,2.0
13.336000000001123,0.32540967678251737,-0.7272995634833552,2.0
13.338000000001124,0.3239534353890072,-0.7289370714674546,2.0
13.340000000001124,0.322493947556956,-0.7305459890809146,2.0
13.342000000001125,0.3210312705444032,-0.7321262392072985,2.0
13.344000000001126,0.319565461762528,-0.7336777458246615,2.0
13.346000000001126,0.3180965787734538,-0.7352004340113625,2.0
13.348000000001127,0.3166246792880424,-0.7366942299518315,2.0
13.350000000001128,0.31514982116367574,-0.7381590609422932,2.0
13.352000000001128,0.31367206240202694,-0.7395948553964438,2.0
13.354000000001129,0.31219146114681945,-0.741001542851082,2.0
13.35600000000113,0.3107080756815753,-0.7423790539716931,2.0
13.35800000000113,0.30922196442735245,-0.7437273205579839,2.0
13.360000000001131,0.3077331859404705,-0.7450462755493683,2.0
13.362000000001132,0.30624179891022596,-0.7463358530304036,2.0
13.364000000001132,0.3047478621565967,-0.7475959882361749,2.0
13.366000000001133,0.30325143462793536,-0.7488266175576277,2.0
13.368000000001134,0.30175257539865247,-0.7500276785468479,2.0
13.370000000001134,0.3002513436668888,-0.751199109922288,2.0
13.372000000001135,0.2987477987521777,-0.7523408515739379,2.0
13.374000000001136,0.2972420000930966,-0.7534528445684414,2.0
13.376000000001136,0.2957340072449088,-0.7545350311541552,2.0
13.378000000001137,0.294223879877195,-0.7555873547661511,2.0
13.380000000001138,0.29271167777147494,-0.7566097600311605,2.0
13.382000000001138,0.29119746081881914,-0.757602192772459,2.0
13.384000000001139,0.289681289017451,-0.7585646000146917,2.0
13.38600000000114,0.28816322247033926,-0.7594969299886382,2.0
13.38800000000114,0.28664332138278115,-0.7603991321359153,2.0
13.390000000001141,0.2851216460599758,-0.7612711571136183,2.0
13.392000000001142,0.28359825690458895,-0.7621129567988986,2.0
13.394000000001142,0.2820732144143082,-0.7629244842934774,2.0
13.396000000001143,0.2805465791793894,-0.7637056939280952,2.0
13.398000000001144,0.2790184118801943,-0.7644565412668954,2.0
13.400000000001144,0.2774887732847192,-0.7651769831117421,2.0
13.402000000001145,0.27595772424611564,-0.7658669775064701,2.0
13.404000000001146,0.27442532570020184,-0.7665264837410685,2.0
13.406000000001146,0.27289163866296656,-0.7671554623557939,2.0
13.408000000001147,0.27135672422806434,-0.7677538751452168,2.0
13.410000000001148,0.26982064356430296,-0.7683216851621957,2.0
13.412000000001148,0.2682834579131229,-0.7688588567217824,2.0
13.414000000001149,0.26674522858606925,-0.7693653554050551,2.0
13.41600000000115,0.2652060169622557,-0.7698411480628791,2.0
13.41800000000115,0.26366588448582134,-0.7702862028195957,2.0
13.420000000001151,0.2621248926633801,-0.7707004890766376,2.0
13.422000000001152,0.26058310306146304,-0.7710839775160695,2.0
13.424000000001152,0.25904057730395347,-0.771436640104055,2.0
13.426000000001153,0.2574973770695155,-0.7717584500942478,2.0
13.428000000001154,0.2559535640890156,-0.7720493820311071,2.0
13.430000000001154,0.25440920014293794,-0.7723094117531359,2.0
13.432000000001155,0.25286434705879296,-0.7725385163960438,2.0
13.434000000001156,0.25131906670851983,-0.7727366743958302,2.0
13.436000000001156,0.24977342100588296,-0.7729038654917906,2.0
13.438000000001157,0.2482274719038624,-0.7730400707294439,2.0
13.440000000001158,0.24668128139203863,-0.7731452724633802,2.0
13.442000000001158,0.24513491149397149,-0.7732194543600283,2.0
13.444000000001159,0.24358842426457392,-0.7732626014003439,2.0
13.44600000000116,0.24204188178748023,-0.7732746998824165,2.0
13.44800000000116,0.2404953461724093,-0.7732557374239944,2.0
13.450000000001161,0.23894887955252284,-0.773205702964929,2.0
13.452000000001162,0.23740254408177872,-0.7731245867695355,2.0
13.454000000001162,0.23585640193227986,-0.7730123804288728,2.0
13.456000000001163,0.23431051529161848,-0.7728690768629379,2.0
13.458000000001164,0.23276494636021608,-0.7726946703227792,2.0
13.460000000001164,0.23121975734865932,-0.7724891563925238,2.0
13.462000000001165,0.22967501047503192,-0.7722525319913219,2.0
13.464000000001166,0.22813076796224266,-0.7719847953752061,2.0
13.466000000001166,0.22658709203534996,-0.7716859461388651,2.0
13.468000000001167,0.22504404491888277,-0.771355985217333,2.0
13.470000000001168,0.22350168883415827,-0.770994914887592,2.0
13.472000000001168,0.22196008599659647,-0.7706027387700899,2.0
13.474000000001169,0.2204192986130318,-0.7701794618301707,2.0
13.47600000000117,0.218879388879022,-0.7697250903794189,2.0
13.47800000000117,0.21734041897615433,-0.7692396320769166,2.0
13.480000000001171,0.2158024510693494,-0.7687230959304139,2.0
13.482000000001172,0.21426554730416275,-0.768175492297412,2.0
13.484000000001172,0.21272976980408437,-0.7675968328861583,2.0
13.486000000001173,0.21119518066783616,-0.7669871307565542,2.0
13.488000000001174,0.20966184196666796,-0.7663464003209747,2.0
13.490000000001174,0.2081298157416517,-0.7656746573449995,2.0
13.492000000001175,0.20659916400097444,-0.764971918948057,2.0
13.494000000001176,0.20506994871723008,-0.7642382036039785,2.0
13.496000000001176,0.20354223182471,-0.7634735311414647,2.0
13.498000000001177,0.20201607521669307,-0.7626779227444629,2.0
13.500000000001178,0.20049154074273468,-0.7618514009524565,2.0
13.502000000001178,0.1989686902059556,-0.7609939896606643,2.0
13.504000000001179,0.1974475853603303,-0.7601057141201519,2.0
13.50600000000118,0.19592828790797528,-0.7591866009378535,2.0
13.50800000000118,0.19441085949643735,-0.758236678076505,2.0
13.510000000001181,0.19289536171598212,-0.757255974854488,2.0
13.512000000001182,0.19138185609688302,-0.756244521945585,2.0
13.514000000001182,0.1898704041067108,-0.7552023513786449,2.0
13.516000000001183,0.18836106714762377,-0.7541294965371602,2.0
13.518000000001184,0.18685390655365902,-0.7530259921587551,2.0
13.520000000001184,0.1853489835880248,-0.7518918743345839,2.0
13.522000000001185,0.183846359440394,-0.750727180508642,2.0
13.524000000001186,0.18234609522419945,-0.7495319494769864,2.0
13.526000000001186,0.1808482519739304,-0.7483062213868695,2.0
13.528000000001187,0.17935289064243123,-0.7470500377357823,2.0
13.530000000001188,0.177860072098202,-0.7457634413704104,2.0
13.532000000001188,0.17636985712270112,-0.744446476485502,2.0
13.534000000001189,0.1748823064076504,-0.7430991886226463,2.0
13.53600000000119,0.17339748055234275,-0.7417216246689657,2.0
13.53800000000119,0.1719154400609525,-0.7403138328557186,2.0
13.540000000001191,0.17043624533984847,-0.7388758627568159,2.0
13.542000000001192,0.1689599566949104,-0.7374077652872494,2.0
13.544000000001192,0.16748663432884828,-0.735909592701433,2.0
13.546000000001193,0.1660163383385253,-0.7343813985914575,2.0
13.548000000001194,0.16454912871228436,-0.7328232378852585,2.0
13.550000000001194,0.16308506532727818,-0.7312351668446977,2.0
13.552000000001195,0.1616242079468035,-0.7296172430635581,2.0
13.554000000001196,0.16016661621763933,-0.727969525465454,2.0
13.556000000001196,0.15871234966738945,-0.7262920743016544,2.0
13.558000000001197,0.15726146770182925,-0.7245849511488224,2.0
13.560000000001198,0.1558140296022574,-0.7228482189066686,2.0
13.562000000001198,0.15437009452285214,-0.721081941795521,2.0
13.564000000001199,0.15292972148803247,-0.7192861853538098,2.0
13.5660000000012,0.15149296938982462,-0.7174610164354694,2.0
13.5680000000012,0.15005989698523367,-0.7156065032072559,2.0
13.570000000001201,0.14863056289362064,-0.7137227151459824,2.0
13.572000000001202,0.14720502559408527,-0.7118097230356712,2.0
13.574000000001202,0.14578334342285446,-0.7098675989646243,2.0
13.576000000001203,0.14436557457067672,-0.7078964163224113,2.0
13.578000000001204,0.14295177708022277,-0.7058962497967772,2.0
13.580000000001204,0.14154200884349225,-0.7038671753704678,2.0
13.582000000001205,0.14013632759922703,-0.701809270317976,2.0
13.584000000001206,0.13873479093033103,-0.6997226132022074,2.0
13.586000000001206,0.1373374562612968,-0.6976072838710665,2.0
13.588000000001207,0.1359443808556389,-0.6954633634539642,2.0
13.590000000001208,0.13455562181333464,-0.6932909343582466,2.0
13.592000000001208,0.13317123606827166,-0.6910900802655461,2.0
13.59400000000121,0.1317912803857032,-0.6888608861280544,2.0
13.59600000000121,0.1304158113597107,-0.6866034381647194,2.0
13.59800000000121,0.12904488541067416,-0.6843178238573651,2.0
13.600000000001211,0.1276785587827504,-0.682004131946736,2.0
13.602000000001212,0.12631688754135909,-0.6796624524284663,2.0
13.604000000001212,0.12495992757067723,-0.6772928765489742,2.0
13.606000000001213,0.12360773457114166,-0.6748954968012818,2.0
13.608000000001214,0.1222603640569601,-0.6724704069207621,2.0
13.610000000001214,0.12091787135363079,-0.6700177018808128,2.0
13.612000000001215,0.11958031159547078,-0.6675374778884574,2.0
13.614000000001216,0.1182477397231532,-0.6650298323798751,2.0
13.616000000001216,0.11692021048125342,-0.662494864015859,2.0
13.618000000001217,0.11559777841580447,-0.6599326726772043,2.0
13.620000000001218,0.11428049787186166,-0.6573433594600266,2.0
13.622000000001218,0.11296842299107672,-0.6547270266710102,2.0
13.62400000000122,0.11166160770928144,-0.6520837778225889,2.0
13.62600000000122,0.11036010575408106,-0.6494137176280579,2.0
13.62800000000122,0.10906397064245751,-0.646716951996619,2.0
13.630000000001221,0.10777325567838258,-0.643993588028359,2.0
13.632000000001222,0.10648801395044123,-0.6412437340091619,2.0
13.634000000001222,0.10520829832946514,-0.6384674994055557,2.0
13.636000000001223,0.10393416146617664,-0.6356649948594952,2.0
13.638000000001224,0.10266565578884311,-0.6328363321830804,2.0
13.640000000001224,0.10140283350094206,-0.6299816243532114,2.0
13.642000000001225,0.10014574657883688,-0.6271009855061809,2.0
13.644000000001226,0.09889444676946352,-0.6241945309322051,2.0
13.646000000001226,0.09764898558802822,-0.6212623770698932,2.0
13.648000000001227,0.09640941431571622,-0.6183046415006558,2.0
13.650000000001228,0.09517578399741186,-0.6153214429430545,2.0
13.652000000001228,0.09394814543942998,-0.6123129012470917,2.0
13.65400000000123,0.09272654920725873,-0.6092791373884425,2.0
13.65600000000123,0.09151104562331412,-0.6062202734626283,2.0
13.65800000000123,0.09030168476470618,-0.6031364326791339,2.0
13.660000000001231,0.08909851646101691,-0.600027739355468,2.0
13.662000000001232,0.08790159029209028,-0.5968943189111688,2.0
13.664000000001232,0.08671095558583422,-0.5937362978617541,2.0
13.666000000001233,0.08552666141603468,-0.5905538038126172,2.0
13.668000000001234,0.08434875660018211,-0.5873469654528705,2.0
13.670000000001234,0.08317728969731017,-0.5841159125491349,2.0
13.672000000001235,0.08201230900584697,-0.5808607759392787,2.0
13.674000000001236,0.08085386256147892,-0.5775816875261042,2.0
13.676000000001237,0.07970199813502718,-0.5742787802709844,2.0
13.678000000001237,0.07855676323033693,-0.5709521881874501,2.0
13.680000000001238,0.07741820508217952,-0.5676020463347269,2.0
13.682000000001239,0.07628637065416755,-0.5642284908112252,2.0
13.68400000000124,0.0751613066366831,-0.5608316587479817,2.0
13.68600000000124,0.07404305944481906,-0.5574116883020548,2.0
13.68800000000124,0.0729316752163337,-0.5539687186498726,2.0
13.690000000001241,0.07182719980961864,-0.5505028899805369,2.0
13.692000000001242,0.07072967880168025,-0.5470143434890814,2.0
13.694000000001243,0.06963915748613456,-0.5435032213696864,2.0
13.696000000001243,0.06855568087121573,-0.5399696668088504,2.0
13.698000000001244,0.0674792936777984,-0.536413823978518,2.0
13.700000000001245,0.06641004033743356,-0.5328358380291677,2.0
13.702000000001245,0.06534796499039855,-0.5292358550828569,2.0
13.704000000001246,0.06429311148376084,-0.5256140222262273,2.0
13.706000000001247,0.06324552336945585,-0.5219704875034705,2.0
13.708000000001247,0.06220524390237902,-0.5183053999092542,2.0
13.710000000001248,0.06117231603849185,-0.51461890938161,2.0
13.712000000001249,0.06014678243294239,-0.5109111667947844,2.0
13.71400000000125,0.05912868543819997,-0.5071823239520515,2.0
13.71600000000125,0.05811806710220435,-0.5034325335784903,2.0
13.71800000000125,0.05711496916652938,-0.4996619493137258,2.0
13.720000000001251,0.05611943306456119,-0.4958707257046362,2.0
13.722000000001252,0.055131499919691,-0.4920590181980242,2.0
13.724000000001253,0.05415121054352263,-0.4882269831332563,2.0
13.726000000001253,0.053178605434094764,-0.48437477773486787,2.0
13.728000000001254,0.052213724774118044,-0.4805025601051368,2.0
13.730000000001255,0.05125660842922701,-0.47661048921662524,2.0
13.732000000001255,0.05030729594624704,-0.4726987249046901,2.0
13.734000000001256,0.04936582655147627,-0.4687674278599635,2.0
13.736000000001257,0.04843223914898257,-0.4648167596208035,2.0
13.738000000001257,0.0475065723189157,-0.4608468825657155,2.0
13.740000000001258,0.046588864315834595,-0.45685795990574557,2.0
13.742000000001259,0.04567915306704991,-0.4528501556768456,2.0
13.74400000000126,0.04477747617098187,-0.4488236347322115,2.0
13.74600000000126,0.043883870895533486,-0.4447785627345943,2.0
13.74800000000126,0.042998374176479115,-0.4407151061485862,2.0
13.750000000001261,0.04212102261586856,-0.43663343223288015,2.0
13.752000000001262,0.041251852480446584,-0.4325337090325051,2.0
13.754000000001263,0.040390899700088065,-0.42841610537103725,2.0
13.756000000001263,0.03953819986624868,-0.424280790842787,2.0
13.758000000001264,0.03869378823043128,-0.4201279358049636,2.0
13.760000000001265,0.03785769970266794,-0.4159577113698163,2.0
13.762000000001265,0.037029968850017775,-0.41177028939675453,2.0
13.764000000001266,0.03621062989508049,-0.40756584248444594,2.0
13.766000000001267,0.035399716714525804,-0.4033445439628939,2.0
13.768000000001267,0.03459726283763871,-0.3991065678854943,2.0
13.770000000001268,0.033803301444880654,-0.39485208902107316,2.0
13.772000000001269,0.03301786536646664,-0.3905812828459042,2.0
13.77400000000127,0.03224098708095836,-0.3862943255357082,2.0
13.77600000000127,0.031472698713873266,-0.38199139395763354,2.0
13.77800000000127,0.030713032036309824,-0.3776726656622196,2.0
13.780000000001271,0.029962018463588713,-0.3733383188753421,2.0
13.782000000001272,0.029219689053910255,-0.3689885324901424,2.0
13.784000000001273,0.028486074507027965,-0.3646234860589399,2.0
13.786000000001273,0.027761205162938292,-0.36024335978512867,2.0
13.788000000001274,0.027045111000586583,-0.3558483345150589,2.0
13.790000000001275,0.026337821636589306,-0.3514385917299031,2.0
13.792000000001275,0.025639366323972554,-0.34701431353750806,2.0
13.794000000001276,0.02494977395092685,-0.34257568266423233,2.0
13.796000000001277,0.024269073039578298,-0.3381228824467705,2.0
13.798000000001277,0.023597291744776108,-0.33365609682396397,2.0
13.800000000001278,0.022934457852896488,-0.3291755103285989,2.0
13.802000000001279,0.022280598780662974,-0.3246813080791917,2.0
13.80400000000128,0.021635741573983194,-0.320173675771763,2.0
13.80600000000128,0.020999912906802094,-0.315652799671599,2.0
13.80800000000128,0.020373139079971656,-0.31111886660500265,2.0
13.810000000001281,0.019755446020137124,-0.30657206395103326,2.0
13.812000000001282,0.019146859278639756,-0.30201257963323563,2.0
13.814000000001283,0.018547404030436136,-0.2974406021113595,2.0
13.816000000001283,0.017957105073034052,-0.29285632037306847,2.0
13.818000000001284,0.017375986825444962,-0.28825992392564037,2.0
13.820000000001285,0.016804073327153085,-0.28365160278765755,2.0
13.822000000001285,0.016241388237101098,-0.27903154748068904,2.0
13.824000000001286,0.015687954832692492,-0.2743999490209639,2.0
13.826000000001287,0.015143796008810585,-0.26975699891103644,2.0
13.828000000001287,0.014608934276854214,-0.26510288913144386,2.0
13.830000000001288,0.014083391763790112,-0.2604378121323558,2.0
13.832000000001289,0.013567190211222008,-0.2557619608252169,2.0
13.83400000000129,0.013060350974476437,-0.25107552857438264,2.0
13.83600000000129,0.012562895021705286,-0.2463787091887478,2.0
13.83800000000129,0.012074842933005096,-0.2416716969133689,2.0
13.840000000001291,0.011596214899553115,-0.23695468642108042,2.0
13.842000000001292,0.01112703072276014,-0.2322278728041049,2.0
13.844000000001293,0.010667309813440126,-0.22749145156565742,2.0
13.846000000001293,0.01021707119099661,-0.22274561861154465,2.0
13.848000000001294,0.009776333482625929,-0.21799057024175858,2.0
13.850000000001295,0.009345114922537255,-0.2132265031420652,2.0
13.852000000001295,0.00892343335118947,-0.20845361437558863,2.0
13.854000000001296,0.008511306214544866,-0.20367210137439026,2.0
13.856000000001297,0.008108750563339697,-0.1988821619310439,2.0
13.858000000001297,0.0077157830523715805,-0.19408399419020655,2.0
13.860000000001298,0.0073324199398037615,-0.1892777966401851,2.0
13.862000000001299,0.006958677086486255,-0.18446376810449938,2.0
13.8640000000013,0.006594569955293854,-0.17964210773344158,2.0
13.8660000000013,0.006240113610481035,-0.17481301499563204,2.0
13.8680000000013,0.005895322717053742,-0.16997668966957194,2.0
13.870000000001301,0.005560211540158077,-0.16513333183519277,2.0
13.872000000001302,0.005234793944485896,-0.1602831418654028,2.0
13.874000000001303,0.004919083393697308,-0.1554263204176308,2.0
13.876000000001303,0.004613092949860089,-0.150563068425367,2.0
13.878000000001304,0.004316835272906029,-0.14569358708970165,2.0
13.880000000001305,0.004030322620104189,-0.1408180778708609,2.0
13.882000000001305,0.0037535668455510943,-0.13593674247974072,2.0
13.884000000001306,0.003486579399677869,-0.1310497828694385,2.0
13.886000000001307,0.0032293713287677175,-0.12615740123007244,2.0
13.888000000001307,0.0029819532745103297,-0.12125979997032331,2.0
13.890000000001308,0.002744335473553025,-0.11635718171906227,2.0
13.892000000001309,0.002516527757075659,-0.11144974931346914,2.0
13.89400000000131,0.0022985395503824836,-0.10653770579055491,2.0
13.89600000000131,0.002090379872510963,-0.10162125437868277,2.0
13.89800000000131,0.0018920573358575505,-0.09670059848908773,2.0
13.900000000001311,0.0017035801458204244,-0.09177594170739489,2.0
13.902000000001312,0.0015249561004591925,-0.08684748778513654,2.0
13.904000000001313,0.0013561925901715605,-0.08191544063126802,2.0
13.906000000001313,0.0011972965973869713,-0.07698000430368253,2.0
13.908000000001314,0.0010482746962772152,-0.07204138300072499,2.0
13.910000000001315,0.0009091330524840139,-0.06709978105270491,2.0
13.912000000001315,0.0007798774228635782,-0.0621554029134084,2.0
13.914000000001316,0.0006605131552481444,-0.057208453151609474,2.0
13.916000000001317,0.0005510451882244869,-0.05225913644258049,2.0
13.918000000001317,0.00045147805092941255,-0.04730765755960208,2.0
13.920000000001318,0.000361815862862234,-0.042354221365472386,2.0
13.922000000001319,0.00028206233371422625,-0.03739903280401575,2.0
13.92400000000132,0.00021222076321506574,-0.03244229689159098,2.0
13.92600000000132,0.00015229404099625373,-0.02748421870859913,2.0
13.92800000000132,0.00010228464647152417,-0.022525003390990943,2.0
13.930000000001321,6.219464873423724e-05,-0.017564856121773935,2.0
13.932000000001322,3.2025706471758975e-05,-0.012603982122519234,2.0
13.934000000001323,1.1779067896827331e-05,-0.007642586644868186,2.0
13.936000000001323,1.4555706959052997e-06,-0.002680874962038792,2.0
13.938000000001324,1.055641994521288e-06,0.002280947639667975,2.0
13.940000000001325,1.057929833959692e-05,0.0072426758693619345,2.0
13.942000000001325,3.002614569876241e-05,0.012204104440057489,2.0
13.944000000001326,5.939537947665949e-05,0.017165028077167382,2.0
13.946000000001327,9.868578454823182e-05,0.0221252415269964,2.0
13.948000000001327,0.00014789573530900267,0.02708453956523494,2.0
13.950000000001328,0.00020702319574233955,0.03204271700545242,2.0
13.952000000001329,0.0002760657195037055,0.03699956870759047,2.0
13.95400000000133,0.00035502045002189654,0.04195488958645585,2.0
13.95600000000133,0.0004438841206172645,0.04690847462021306,2.0
13.95800000000133,0.0005426530546369249,0.051860118858876564,2.0
13.960000000001331,0.0006513231656069486,0.056809617432802606,2.0
13.962000000001332,0.0007698899574015369,0.06175676556118052,2.0
13.964000000001333,0.0008983485244291787,0.06670135856052352,2.0
13.966000000001333,0.0010366935518357882,0.0716431918531589,2.0
13.968000000001334,0.001184919315724823,0.07658206097571758,2.0
13.970000000001335,0.0013430196833943803,0.08151776158762289,2.0
13.972000000001335,0.00151098811359127,0.08645008947957863,2.0
13.974000000001336,0.0016888176567820626,0.09137884058205624,2.0
13.976000000001337,0.0018765009554411107,0.09630381097378105,2.0
13.978000000001337,0.0020740302443555433,0.10122479689021756,2.0
13.980000000001338,0.002281397350947227,0.10614159473205363,2.0
13.982000000001339,0.002498593695611698,0.11105400107368352,2.0
13.98400000000134,0.0027256102920740545,0.11596181267168967,2.0
13.98600000000134,0.002962437747761815,0.12086482647332328,2.0
13.98800000000134,0.0032090662641947364,0.1257628396249833,2.0
13.990000000001341,0.0034654856373915847,0.13065564948069408,2.0
13.992000000001342,0.0037316852582938644,0.1355430536105813,2.0
13.994000000001343,0.004007654113206494,0.14042484980934636,2.0
13.996000000001343,0.004293380784255432,0.1453008361047388,2.0
13.998000000001344,0.004588853449862242,0.1501708107660268,2.0
14.000000000001345,0.004894059885228807,0.15503457230906945,2.0
14.002000000001345,0.005208987462859128,0.1598919195148568,2.0
14.004000000001346,0.005533623153078128,0.1647426514280162,2.0
14.006000000001347,0.005867953524573958,0.16958656736855457,2.0
14.008000000001347,0.00621196474495721,0.17442346694031757,2.0
14.010000000001348,0.006565642581337054,0.1792531500394462,2.0
14.012000000001349,0.006928972400914283,0.18407541686283047,2.0
14.01400000000135,0.00730193917159126,0.18889006791656027,2.0
14.01600000000135,0.007684527462598768,0.19369690402437287,2.0
14.01800000000135,0.008076721445139752,0.1984957263360974,2.0
14.020000000001351,0.008478504893049937,0.20328633633609577,2.0
14.022000000001352,0.00888986118347534,0.20806853585169988,2.0
14.024000000001353,0.009310773297566636,0.21284212706164524,2.0
14.026000000001353,0.009741223821190404,0.21760691250450048,2.0
14.028000000001354,0.010181194945657213,0.22236269508709272,2.0
14.030000000001355,0.010630668468466562,0.2271092780929285,2.0
14.032000000001355,0.011089625794068655,0.2318464651906103,2.0
14.034000000001356,0.01155804793464301,0.23657406044224816,2.0
14.036000000001357,0.01203591551089388,0.24129186831186625,2.0
14.038000000001357,0.012523208752862478,0.24599969367380442,2.0
14.040000000001358,0.01301990750075601,0.25069734182111414,2.0
14.042000000001359,0.013525991205793493,0.25538461847394867,2.0
14.04400000000136,0.014041438931068333,0.26006132978794766,2.0
14.04600000000136,0.014566229352427691,0.264727282362615,2.0
14.04800000000136,0.015100340759368574,0.2693822832496909,2.0
14.050000000001361,0.015643751055950676,0.2740261399615166,2.0
14.052000000001362,0.01619643776172594,0.2786586604793926,2.0
14.054000000001363,0.016758378012684833,0.2832796532619293,2.0
14.056000000001363,0.017329548562219303,0.2878889272533903,2.0
14.058000000001364,0.017909925782102425,0.2924862918920279,2.0
14.060000000001365,0.018499485663484708,0.29707155711841005,2.0
14.062000000001365,0.019098203817907045,0.30164453338373926,2.0
14.064000000001366,0.019706055478330296,0.3062050316581627,2.0
14.066000000001367,0.020323015500181472,0.3107528634390729,2.0
14.068000000001367,0.020949058362416537,0.3152878407593992,2.0
14.070000000001368,0.02158415816859974,0.3198097761958897,2.0
14.072000000001369,0.02222828864799955,0.32431848287738246,2.0
14.07400000000137,0.022881423156701074,0.3288137744930668,2.0
14.07600000000137,0.023543534678735035,0.33329546530073334,2.0
14.07800000000137,0.024214595827223205,0.33776337013501306,2.0
14.080000000001371,0.024894578845540312,0.34221730441560483,2.0
14.082000000001372,0.025583455608492397,0.3466570841554905,2.0
14.084000000001373,0.026281197623511585,0.3510825259691382,2.0
14.086000000001373,0.026987776031867253,0.3554934470806924,2.0
14.088000000001374,0.027703161609893553,0.35988966533215105,2.0
14.090000000001375,0.028427324770233294,0.3642709991915288,2.0
14.092000000001375,0.029160235563098127,0.36863726776100647,2.0
14.094000000001376,0.029901863677545003,0.37298829078506596,2.0
14.096000000001377,0.03065217844276891,0.3773238886586101,2.0
14.098000000001377,0.03141114882941182,0.38164388243506714,2.0
14.100000000001378,0.032178743450887816,0.38594809383447964,2.0
14.102000000001379,0.03295493056472443,0.39023634525157674,2.0
14.10400000000138,0.03373967807392004,0.39450845976382987,2.0
14.10600000000138,0.03453295352831741,0.3987642611394911,2.0
14.10800000000138,0.035334724125993276,0.4030035738456137,2.0
14.110000000001381,0.03614495671466395,0.40722622305605466,2.0
14.112000000001382,0.036963617793106925,0.4114320346594582,2.0
14.114000000001383,0.03779067351259839,0.4156208352672201,2.0
14.116000000001383,0.03862608967836672,0.4197924522214324,2.0
14.118000000001384,0.03946983175106176,0.4239467136028076,2.0
14.120000000001385,0.04032186484824,0.42808344823858213,2.0
14.122000000001385,0.04118215374586549,0.43220248571039827,2.0
14.124000000001386,0.04205066287982651,0.43630365636216434,2.0
14.126000000001387,0.04292735634746799,0.4403867913078924,2.0
14.128000000001387,0.043812197909139476,0.44445172243951264,2.0
14.130000000001388,0.04470515098975879,0.44849828243466455,2.0
14.132000000001389,0.04560617868039122,0.45252630476446354,2.0
14.13400000000139,0.04651524373984421,0.45653562370124284,2.0
14.13600000000139,0.047432308596277534,0.46052607432627035,2.0
14.13800000000139,0.04835733534882883,0.4644974925374391,2.0
14.140000000001391,0.049290285769254545,0.46844971505693145,2.0
14.142000000001392,0.05023112130358615,0.472382579438856,2.0
14.144000000001393,0.0511798030738016,0.4762959240768566,2.0
14.146000000001393,0.05213629187951199,0.48018958821169344,2.0
14.148000000001394,0.05310054819966335,0.4840634119387943,2.0
14.150000000001395,0.0540725321942535,0.48791723621577704,2.0
14.152000000001395,0.05505220370606394,0.49175090286994105,2.0
14.154000000001396,0.056039522262406646,0.49556425460572817,2.0
14.156000000001397,0.057034447076885854,0.499357135012152,2.0
14.158000000001397,0.058036937051174534,0.5031293885701948,2.0
14.160000000001398,0.05904695077680574,0.5068808606601718,2.0
14.162000000001399,0.0600644465369786,0.5106113975690613,2.0
14.1640000000014,0.061089382308378945,0.5143208464978014,2.0
14.1660000000014,0.0621217157630145,0.5180090555685515,2.0
14.1680000000014,0.06316140427006454,0.5216758738319177,2.0
14.170000000001401,0.06420840489774401,0.5253211512741429,2.0
14.172000000001402,0.06526267441518195,0.5289447388242592,2.0
14.174000000001403,0.06632416929431414,0.5325464883612029,2.0
14.176000000001403,0.0673928457117901,0.5361262527208915,2.0
14.178000000001404,0.06846865955089398,0.5396838857032613,2.0
14.180000000001405,0.06955156640347969,0.5432192420792653,2.0
14.182000000001405,0.07064152157191986,0.546732177597831,2.0
14.184000000001406,0.07173848007106869,0.5502225489927768,2.0
14.186000000001407,0.07284239663023867,0.5536902139896869,2.0
14.188000000001407,0.07395322569519092,0.557135031312743,2.0
14.190000000001408,0.07507092143013916,0.5605568606915139,2.0
14.192000000001409,0.07619543771976728,0.5639555628676999,2.0
14.19400000000141,0.07732672817126027,0.5673309996018334,2.0
14.19600000000141,0.07846474611634859,0.5706830336799338,2.0
14.19800000000141,0.07960944461336572,0.574011528920116,2.0
14.200000000001411,0.08076077644931895,0.5773163501791531,2.0
14.202000000001412,0.0819186941419732,0.58059736335899,2.0
14.204000000001413,0.08308314994194783,0.5838544354132105,2.0
14.206000000001413,0.0842540958348264,0.5870874343534536,2.0
14.208000000001414,0.08543148354327906,0.5902962292557816,2.0
14.210000000001415,0.08661526452919782,0.593480690266997,2.0
14.212000000001416,0.08780538999584424,0.5966406886109085,2.0
14.214000000001416,0.08900181089000968,0.5997760965945446,2.0
14.216000000001417,0.09020447790418792,0.6028867876143155,2.0
14.218000000001418,0.09141334147876007,0.605972636162121,2.0
14.220000000001418,0.09262835180419153,0.6090335178314047,2.0
14.222000000001419,0.09384945882324117,0.6120693093231528,2.0
14.22400000000142,0.0950766122331823,0.6150798884518386,2.0
14.22600000000142,0.0963097614880356,0.6180651341513095,2.0
14.22800000000142,0.0975488558008137,0.621024926480618,2.0
14.230000000001422,0.0987938441457773,0.6239591466297948,2.0
14.232000000001422,0.10004467526070296,0.6268676769255633,2.0
14.234000000001423,0.10130129764916207,0.6297504008369954,2.0
14.236000000001424,0.10256365958281119,0.6326072029811073,2.0
14.238000000001424,0.10383170910369346,0.6354379691283952,2.0
14.240000000001425,0.10510539402655109,0.6382425862083094,2.0
14.242000000001426,0.10638466194114862,0.641020942314667,2.0
14.244000000001426,0.10766946021460709,0.6437729267110016,2.0
14.246000000001427,0.10895973599374872,0.64649842983585,2.0
14.248000000001428,0.11025543620745216,0.6491973433079753,2.0
14.250000000001428,0.11155650756901814,0.6518695599315247,2.0
14.252000000001429,0.11286289657854527,0.6545149737011229,2.0
14.25400000000143,0.11417454952531614,0.6571334798068985,2.0
14.25600000000143,0.11549141249019318,0.659724974639445,2.0
14.25800000000143,0.11681343134802462,0.6622893557947137,2.0
14.260000000001432,0.11814055177005992,0.6648265220788391,2.0
14.262000000001432,0.119472719226375,0.6673363735128951,2.0
14.264000000001433,0.12080987898830675,0.6698188113375834,2.0
14.266000000001434,0.12215197613089698,0.6722737380178501,2.0
14.268000000001434,0.1234989555353454,0.6747010572474338,2.0
14.270000000001435,0.12485076189147173,0.6771006739533414,2.0
14.272000000001436,0.1262073397001867,0.6794724943002522,2.0
14.274000000001436,0.12756863327597157,0.6818164256948507,2.0
14.276000000001437,0.12893458674936664,0.6841323767900851,2.0
14.278000000001438,0.13030514406946786,0.6864202574893535,2.0
14.280000000001438,0.1316802490064318,0.6886799789506155,2.0
14.282000000001439,0.1330598451539889,0.690911453590429,2.0
14.28400000000144,0.1344438759319646,0.6931145950879122,2.0
14.28600000000144,0.13583228458880847,0.6952893183886292,2.0
14.28800000000144,0.13722501420413075,0.6974355397084002,2.0
14.290000000001442,0.13862200769124672,0.6995531765370339,2.0
14.292000000001442,0.14002320779972832,0.7016421476419828,2.0
14.294000000001443,0.141428557117963,0.7037023730719213,2.0
14.296000000001444,0.14283799807571979,0.7057337741602436,2.0
14.298000000001444,0.14425147294672194,0.7077362735284849,2.0
14.300000000001445,0.14566892385122684,0.7097097950896613,2.0
14.302000000001446,0.14709029275861205,0.7116542640515306,2.0
14.304000000001446,0.14851552148996805,0.7135696069197732,2.0
14.306000000001447,0.1499445517206972,0.7154557515010906,2.0
14.308000000001448,0.15137732498311882,0.7173126269062245,2.0
14.310000000001448,0.15281378266908016,0.7191401635528927,2.0
14.312000000001449,0.15425386603257332,0.7209382931686431,2.0
14.31400000000145,0.15569751619235764,0.7227069487936263,2.0
14.31600000000145,0.15714467413458755,0.7244460647832833,2.0
14.318000000001451,0.1585952807154459,0.7261555768109516,2.0
14.320000000001452,0.1600492766637822,0.7278354218703856,2.0
14.322000000001452,0.16150660258375588,0.7294855382781954,2.0
14.324000000001453,0.1629671989574845,0.7311058656761986,2.0
14.326000000001454,0.1644310061476963,0.7326963450336887,2.0
14.328000000001454,0.1658979644003874,0.7342569186496182,2.0
14.330000000001455,0.16736801384748326,0.7357875301546954,2.0
14.332000000001456,0.1688410945095042,0.7372881245133969,2.0
14.334000000001456,0.17031714629823488,0.738758648025892,2.0
14.336000000001457,0.1717961090193975,0.7401990483298825,2.0
14.338000000001458,0.1732779223753287,0.7416092744023551,2.0
14.340000000001458,0.17476252596765976,0.7429892765612471,2.0
14.342000000001459,0.1762498593000001,0.7443390064670243,2.0
14.34400000000146,0.17773986178062381,0.7456584171241728,2.0
14.34600000000146,0.17923247272515927,0.7469474628826019,2.0
14.348000000001461,0.18072763135928108,0.7482060994389604,2.0
14.350000000001462,0.18222527682140496,0.7494342838378639,2.0
14.352000000001462,0.1837253481653848,0.7506319744730349,2.0
14.354000000001463,0.18522778436321188,0.7517991310883537,2.0
14.356000000001464,0.18673252430771628,0.752935714778822,2.0
14.358000000001464,0.18823950681526985,0.7540416879914369,2.0
14.360000000001465,0.18974867062849116,0.7551170145259765,2.0
14.362000000001466,0.1912599544189517,0.7561616595356971,2.0
14.364000000001466,0.1927732967898834,0.7571755895279417,2.0
14.366000000001467,0.19428863627888748,0.7581587723646586,2.0
14.368000000001468,0.195805911360644,0.7591111772628317,2.0
14.370000000001468,0.19732506044962234,0.7600327747948225,2.0
14.372000000001469,0.19884602190279213,0.7609235368886212,2.0
14.37400000000147,0.20036873402233482,0.761783436828011,2.0
14.37600000000147,0.20189313505835527,0.7626124492526413,2.0
14.378000000001471,0.20341916321159345,0.7634105501580134,2.0
14.380000000001472,0.2049467566361362,0.7641777168953765,2.0
14.382000000001472,0.20647585344212838,0.7649139281715348,2.0
14.384000000001473,0.2080063916984838,0.765619164048566,2.0
14.386000000001474,0.20953830943559543,0.7662934059434509,2.0
14.388000000001474,0.21107154464804467,0.7669366366276141,2.0
14.390000000001475,0.21260603529730984,0.7675488402263767,2.0
14.392000000001476,0.21414171931447323,0.7681300022183198,2.0
14.394000000001476,0.21567853460292694,0.7686801094345603,2.0
14.396000000001477,0.2172164190410772,0.7691991500579385,2.0
14.398000000001478,0.21875531048504687,0.7696871136221171,2.0
14.400000000001478,0.2202951467713762,0.7701439910105934,2.0
14.402000000001479,0.22183586571972133,0.7705697744556232,2.0
14.40400000000148,0.2233774051355507,0.7709644575370579,2.0
14.40600000000148,0.22491970281283907,0.7713280351810935,2.0
14.408000000001481,0.2264626965367588,0.7716605036589339,2.0
14.410000000001482,0.22800632408636845,0.771961860585367,2.0
14.412000000001482,0.22955052323729852,0.7722321049172545,2.0
14.414000000001483,0.231095231764434,0.7724712369519355,2.0
14.416000000001484,0.23264038744459362,0.7726792583255452,2.0
14.418000000001484,0.2341859280592057,0.7728561720112466,2.0
14.420000000001485,0.23573179139698044,0.773001982317379,2.0
14.422000000001486,0.23727791525657818,0.7731166948855208,2.0
14.424000000001486,0.23882423744927408,0.7732003166884674,2.0
14.426000000001487,0.2403706958016183,0.7732528560281267,2.0
14.428000000001488,0.24191722815809213,0.7732743225333293,2.0
14.430000000001488,0.24346377238375957,0.7732647271575571,2.0
14.432000000001489,0.24501026636691428,0.7732240821765881,2.0
14.43400000000149,0.2465566480217217,0.7731524011860594,2.0
14.43600000000149,0.24810285529085635,0.7730496990989484,2.0
14.438000000001491,0.2496488261481339,0.7729159921429721,2.0
14.440000000001492,0.25119449860113796,0.7727512978579065,2.0
14.442000000001492,0.25273981069384144,0.7725556350928245,2.0
14.444000000001493,0.2542847005092223,0.7723290240032549,2.0
14.446000000001494,0.25582910617187365,0.7720714860482611,2.0
14.448000000001494,0.2573729658506077,0.7717830439874425,2.0
14.450000000001495,0.25891621776105395,0.7714637218778553,2.0
14.452000000001496,0.2604588001682507,0.771113545070858,2.0
14.454000000001496,0.2620006513892307,0.7707325402088786,2.0
14.456000000001497,0.26354170979559977,0.7703207352221049,2.0
14.458000000001498,0.2650819138161092,0.7698781593250995,2.0
14.460000000001498,0.26662120193922073,0.7694048430133398,2.0
14.462000000001499,0.2681595127156652,0.7689008180596822,2.0
14.4640000000015,0.26969678476099335,0.7683661175107536,2.0
14.4660000000015,0.27123295675812004,0.7678007756832679,2.0
14.468000000001501,0.2727679674598604,0.7672048281602712,2.0
14.470000000001502,0.274301755691459,0.7665783117873145,2.0
14.472000000001502,0.2758342603531105,0.7659212646685544,2.0
14.474000000001503,0.27736542042247336,0.7652337261627836,2.0
14.476000000001504,0.2788951749571749,0.7645157368793919,2.0
14.478000000001504,0.2804234630973083,0.763767338674257,2.0
14.480000000001505,0.2819502240679216,0.7629885746455671,2.0
14.482000000001506,0.28347539718149795,0.7621794891295763,2.0
14.484000000001506,0.28499892184042747,0.761340127696292,2.0
14.486000000001507,0.28652073753947044,0.7604705371450964,2.0
14.488000000001508,0.2880407838682116,0.7595707655003029,2.0
14.490000000001508,0.2895590005135054,0.7586408620066472,2.0
14.492000000001509,0.29107532726191254,0.7576808771247143,2.0
14.49400000000151,0.2925897040021267,0.7566908625263035,2.0
14.49600000000151,0.2941020707273926,0.7556708710897293,2.0
14.498000000001511,0.29561236753791403,0.7546209568950625,2.0
14.500000000001512,0.2971205346432528,0.7535411752193091,2.0
14.502000000001512,0.2986265123647175,0.7524315825315305,2.0
14.504000000001513,0.3001302411377428,0.751292236487904,2.0
14.506000000001514,0.3016316615142587,0.7501231959267252,2.0
14.508000000001514,0.3031307141650497,0.748924520863353,2.0
14.510000000001515,0.30462733988210394,0.747696272485099,2.0
14.512000000001516,0.3061214795809516,0.7464385131460595,2.0
14.514000000001516,0.30761307430299367,0.7451513063618945,2.0
14.516000000001517,0.3091020652178195,0.7438347168045524,2.0
14.518000000001518,0.3105883936255144,0.7424888102969407,2.0
14.520000000001518,0.3120720009589557,0.7411136538075463,2.0
14.522000000001519,0.31355282878609897,0.7397093154450035,2.0
14.52400000000152,0.31503081881225253,0.738275864452612,2.0
14.52600000000152,0.3165059128823414,0.7368133712028054,2.0
14.528000000001521,0.31797805298316,0.7353219071915725,2.0
14.530000000001522,0.3194471812456135,0.733801545032829,2.0
14.532000000001522,0.32091323994694815,0.7322523584527442,2.0
14.534000000001523,0.32237617151297004,0.7306744222840217,2.0
14.536000000001524,0.3238359185202524,0.7290678124601353,2.0
14.538000000001524,0.3252924236983313,0.727432606009521,2.0
14.540000000001525,0.32674562993188977,0.7257688810497263,2.0
14.542000000001526,0.3281954802629303,0.7240767167815179,2.0
14.544000000001526,0.3296419178929349,0.7223561934829479,2.0
14.546000000001527,0.3310848861850143,0.7206073925033806,2.0
14.548000000001528,0.3325243286660441,0.7188303962574799,2.0
14.550000000001528,0.33396018902878943,0.7170252882191588,2.0
14.552000000001529,0.3353924111340176,0.7151921529154918,2.0
14.55400000000153,0.33682093901259796,0.7133310759205909,2.0
14.55600000000153,0.3382457168675901,0.7114421438494468,2.0
14.558000000001531,0.33966668907631925,0.709525444351736,2.0
14.560000000001532,0.3410838001924396,0.7075810661055939,2.0
14.562000000001532,0.34249699494798475,0.705609098811356,2.0
14.564000000001533,0.3439062182554059,0.7036096331852685,2.0
14.566000000001534,0.3453114152095975,0.701582760953167,2.0
14.568000000001534,0.34671253108990996,0.6995285748441273,2.0
14.570000000001535,0.3481095113621497,0.6974471685840871,2.0
14.572000000001536,0.3495023016805665,0.6953386368894399,2.0
14.574000000001536,0.3508908478898282,0.6932030754606031,2.0
14.576000000001537,0.352275096026982,0.6910405809755603,2.0
14.578000000001538,0.3536549923234032,0.6888512510833786,2.0
14.580000000001538,0.355030483206731,0.686635184397703,2.0
14.582000000001539,0.3564015153027909,0.6843924804902273,2.0
14.58400000000154,0.3577680354375046,0.6821232398841443,2.0
14.58600000000154,0.3591299906387859,0.6798275640475743,2.0
14.588000000001541,0.36048732813842455,0.6775055553869742,2.0
14.590000000001542,0.3618399953739559,0.6751573172405281,2.0
14.592000000001542,0.3631879399905179,0.672782953871519,2.0
14.594000000001543,0.3645311098426947,0.6703825704616845,2.0
14.596000000001544,0.3658694529963467,0.667956273104556,2.0
14.598000000001544,0.36720291773042774,0.6655041687987829,2.0
14.600000000001545,0.3685314525387884,0.6630263654414426,2.0
14.602000000001546,0.3698550061319662,0.6605229718213369,2.0
14.604000000001546,0.3711735274389626,0.657994097612277,2.0
14.606000000001547,0.3724869656090059,0.6554398533663559,2.0
14.608000000001548,0.3737952700133014,0.6528603505072113,2.0
14.610000000001548,0.3750983902467674,0.6502557013232778,2.0
14.612000000001549,0.3763962761297584,0.647626018961032,2.0
14.61400000000155,0.3776888777097743,0.644971417418228,2.0
14.61600000000155,0.37897614526315593,0.6422920115371273,2.0
14.618000000001551,0.3802580292967677,0.6395879169977217,2.0
14.620000000001552,0.38153448054966604,0.6368592503109518,2.0
14.622000000001552,0.38280544999475447,0.6341061288119211,2.0
14.624000000001553,0.3840708888404253,0.6313286706531057,2.0
14.626000000001554,0.38533074853218746,0.6285269947975629,2.0
14.628000000001554,0.386584980754281,0.625701221012137,2.0
14.630000000001555,0.3878335374312777,0.6228514698606643,2.0
14.632000000001556,0.3890763707296684,0.6199778626971788,2.0
14.634000000001556,0.39031343305943644,0.6170805216591174,2.0
14.636000000001557,0.3915446770756179,0.6141595696605279,2.0
14.638000000001558,0.39277005567984785,0.6112151303852785,2.0
14.640000000001558,0.39398952202189325,0.6082473282802714,2.0
14.642000000001559,0.39520302950117225,0.605256288548659,2.0
14.64400000000156,0.39641053176825997,0.6022421371430662,2.0
14.64600000000156,0.3976119827263805,0.5992050007588176,2.0
14.648000000001561,0.3988073365328857,0.596145006827171,2.0
14.650000000001562,0.39999654760072023,0.5930622835085582,2.0
14.652000000001562,0.40117957059987325,0.5899569596858332,2.0
14.654000000001563,0.4023563604588163,0.5868291649575292,2.0
14.656000000001564,0.40352687236592805,0.5836790296311251,2.0
14.658000000001564,0.4046910617709056,0.5805066847163212,2.0
14.660000000001565,0.40584888438616196,0.5773122619183265,2.0
14.662000000001566,0.40700029618821054,0.5740958936311569,2.0
14.664000000001566,0.408145253419036,0.5708577129309451,2.0
14.666000000001567,0.4092837125874518,0.5675978535692644,2.0
14.668000000001568,0.4104156304704444,0.5643164499664644,2.0
14.670000000001568,0.4115409641145043,0.561013637205022,2.0
14.67200000000157,0.4126596708369435,0.5576895510229065,2.0
14.67400000000157,0.41377170822719983,0.5543443278069602,2.0
14.67600000000157,0.4148770341481283,0.5509781045862947,2.0
14.678000000001571,0.41597560673727885,0.5475910190257044,2.0
14.680000000001572,0.4170673844081612,0.5441832094190964,2.0
14.682000000001572,0.41815232585149664,0.5407548146829385,2.0
14.684000000001573,0.4192303900364564,0.5373059743497259,2.0
14.686000000001574,0.4203015362118873,0.5338368285614663,2.0
14.688000000001574,0.42136572390752436,0.5303475180631841,2.0
14.690000000001575,0.4224229129351902,0.5268381841964458,2.0
14.692000000001576,0.42347306338998175,0.5233089688929047,2.0
14.694000000001576,0.42451613565144397,0.5197600146678673,2.0
14.696000000001577,0.42555209038473074,0.5161914646138809,2.0
14.698000000001578,0.42658088854175297,0.5126034623943437,2.0
14.700000000001578,0.4276024913623138,0.5089961522371368,2.0
14.70200000000158,0.42861686037523156,0.5053696789282793,2.0
14.70400000000158,0.42962395739944925,0.5017241878056077,2.0
14.70600000000158,0.4306237445451322,0.49805982475247756,2.0
14.708000000001581,0.43161618421475273,0.4943767361914911,2.0
14.710000000001582,0.4326012391041625,0.4906750690782484,2.0
14.712000000001582,0.433578872203652,0.48695497089512435,2.0
14.714000000001583,0.4345490467989982,0.48321658964507064,2.0
14.716000000001584,0.43551172647249936,0.47946007384544415,2.0
14.718000000001584,0.4364668751039978,0.4756855725218611,2.0
14.720000000001585,0.4374144568718901,0.47189323520207827,2.0
14.722000000001586,0.4383544362541256,0.4680832119099009,2.0
14.724000000001586,0.43928677802919214,0.4642556531591179,2.0
14.726000000001587,0.44021144727709,0.46041070994746475,2.0
14.728000000001588,0.441128409380294,0.4565485337506143,2.0
14.730000000001588,0.44203763002470325,0.4526692765161957,2.0
14.73200000000159,0.442939075200579,0.4487730906578417,2.0
14.73400000000159,0.44383271120347095,0.44486012904926503,2.0
14.73600000000159,0.44471850463513135,0.4409305450183633,2.0
14.738000000001591,0.4455964224044175,0.43698449234135356,2.0
14.740000000001592,0.4464664317281826,0.43302212523693584,2.0
14.742000000001592,0.447328500132155,0.4290435983604869,2.0
14.744000000001593,0.44818259545180555,0.4250490667982832,2.0
14.746000000001594,0.4490286858332037,0.42103868606175443,2.0
14.748000000001595,0.4498667397338623,0.4170126120817671,2.0
14.750000000001595,0.45069672592357063,0.4129710012029382,2.0
14.752000000001596,0.4515186134852161,0.4089140101779799,2.0
14.754000000001597,0.452332371815595,0.4048417961620743,2.0
14.756000000001597,0.45313797062621186,0.40075451670727946,2.0
14.758000000001598,0.4539353799440675,0.3966523297569661,2.0
14.760000000001599,0.4547245701124362,0.3925353936402852,2.0
14.7620000000016,0.45550551179163173,0.38840386706666674,2.0
14.7640000000016,0.45627817595976244,0.38425790912034946,2.0
14.7660000000016,0.45704253391347544,0.38009767925494203,2.0
14.768000000001601,0.4577985572686899,0.37592333728801514,2.0
14.770000000001602,0.4585462179613196,0.37173504339572505,2.0
14.772000000001603,0.4592854882479848,0.3675329581074683,2.0
14.774000000001603,0.4600163407067134,0.36331724230056767,2.0
14.776000000001604,0.4607387482376313,0.35908805719498965,2.0
14.778000000001605,0.4614526840636427,0.35484556434809283,2.0
14.780000000001605,0.46215812173109966,0.3505899256494078,2.0
14.782000000001606,0.462855035110461,0.34632130331544786,2.0
14.784000000001607,0.4635433983969413,0.3420398598845514,2.0
14.786000000001607,0.46422318611114943,0.3377457582117546,2.0
14.788000000001608,0.46489437309971665,0.33343916146369607,2.0
14.790000000001609,0.46555693453591496,0.3291202331135512,2.0
14.79200000000161,0.466210845920265,0.3247891369359984,2.0
14.79400000000161,0.4668560830811342,0.32044603700221536,2.0
14.79600000000161,0.46749262217532456,0.3160910976749059,2.0
14.798000000001611,0.468120439688651,0.31172448360335747,2.0
14.800000000001612,0.46873951243650946,0.30734635971852875,2.0
14.802000000001613,0.4693498175644354,0.30295689122816727,2.0
14.804000000001613,0.4699513325486525,0.2985562436119572,2.0
14.806000000001614,0.4705440351966118,0.2941445826166965,2.0
14.808000000001615,0.47112790364752094,0.2897220742515041,2.0
14.810000000001615,0.4717029163728642,0.2852888847830558,2.0
14.812000000001616,0.47226905217691284,0.28084518073084996,2.0
14.814000000001617,0.472826290197226,0.27639112886250156,2.0
14.816000000001617,0.47337460990514224,0.2719268961890653,2.0
14.818000000001618,0.47391399110626187,0.2674526499603868,2.0
14.820000000001619,0.47444441394091974,0.26296855766048216,2.0
14.82200000000162,0.4749658588846491,0.25847478700294524,2.0
14.82400000000162,0.47547830674863617,0.25397150592638285,2.0
14.82600000000162,0.47598173868016563,0.24945888258987683,2.0
14.828000000001621,0.476476136163057,0.2449370853684736,2.0
14.830000000001622,0.47696148101809216,0.24040628284870008,2.0
14.832000000001623,0.47743775540343375,0.23586664382410613,2.0
14.834000000001623,0.4779049418150349,0.23131833729083315,2.0
14.836000000001624,0.47836302308703993,0.2267615324432083,2.0
14.838000000001625,0.4788119823921763,0.2221963986693641,2.0
14.840000000001625,0.479251803242138,0.2176231055468833,2.0
14.842000000001626,0.4796824694879599,0.21304182283846798,2.0
14.844000000001627,0.48010396532038385,0.20845272048763344,2.0
14.846000000001627,0.48051627527021606,0.20385596861442576,2.0
14.848000000001628,0.48091938420867575,0.19925173751116285,2.0
14.850000000001629,0.48131327734773544,0.1946401976381988,2.0
14.85200000000163,0.481697940240453,0.1900215196197109,2.0
14.85400000000163,0.48207335878129487,0.185395874239509,2.0
14.85600000000163,0.4824395192064514,0.1807634324368667,2.0
14.858000000001631,0.4827964080941434,0.1761243653023741,2.0
14.860000000001632,0.4831440123649208,0.1714788440738116,2.0
14.862000000001633,0.48348231928195945,0.16682704013537158,2.0
14.864000000001633,0.48381131645132974,0.16216912500350303,2.0
14.866000000001634,0.48413099182227753,0.15750527033300338,2.0
14.868000000001635,0.48444133368748976,0.15283564790955698,2.0
14.870000000001635,0.48474233068335226,0.1481604296457072,2.0
14.872000000001636,0.48503397179019947,0.14347978757684698,2.0
14.874000000001637,0.4853162463325561,0.1387938938572272,2.0
14.876000000001637,0.48558914397937103,0.1341029207559822,2.0
14.878000000001638,0.48585265474424283,0.1294070406531723,2.0
14.880000000001639,0.486106768985638,0.12470642603584253,2.0
14.88200000000164,0.48635147740710066,0.12000124949409727,2.0
14.88400000000164,0.4865867710574551,0.11529168371719009,2.0
14.88600000000164,0.48681264133099994,0.11057790148962851,2.0
14.888000000001641,0.48702907996769484,0.10586007568729289,2.0
14.890000000001642,0.4872360790533394,0.1011383792735692,2.0
14.892000000001643,0.4874336310197442,0.09641298529549489,2.0
14.894000000001643,0.4876217286448944,0.09168406687991751,2.0
14.896000000001644,0.48780036505310553,0.08695179722966549,2.0
14.898000000001645,0.48796953371517154,0.08221634961973043,2.0
14.900000000001645,0.48812922844850526,0.07747789739346048,2.0
14.902000000001646,0.48827944341727153,0.0727366139587643,2.0
14.904000000001647,0.48842017313251235,0.06799267278432482,2.0
14.906000000001647,0.48855141245226474,0.06324624739582253,2.0
14.908000000001648,0.48867315658167093,0.05849751137216752,2.0
14.910000000001649,0.4887854010730811,0.05374663834173976,2.0
14.91200000000165,0.4888881418261484,0.048993801978637154,2.0
14.91400000000165,0.488981375087917,0.04423917599893067,2.0
14.91600000000165,0.48906509745290183,0.039482934156926074,2.0
14.918000000001651,0.4891393058631617,0.03472525024143156,2.0
14.920000000001652,0.48920399760836436,0.029966298072030904,2.0
14.922000000001653,0.4892591703258445,0.02520625149536136,2.0
14.924000000001653,0.4893048220006539,0.020445284381395847,2.0
14.926000000001654,0.48934095096560465,0.015683570619728807,2.0
14.928000000001655,0.4893675559013045,0.010921284115865149,2.0
14.930000000001655,0.489384635836185,0.006158598787511687,2.0
14.932000000001656,0.48939219014652235,0.0013956885608705314,2.0
14.934000000001657,0.48939021855645043,-0.0033672726330662055,2.0
14.936000000001657,0.4893787211379668,-0.008130110862220928,2.0
14.938000000001658,0.48935769831093134,-0.012892652197134917,2.0
14.940000000001659,0.48932715084305695,-0.017654722714673103,2.0
14.94200000000166,0.4892870798498935,-0.022416148501729825,2.0
14.94400000000166,0.4892374867948039,-0.02717675565893619,2.0
14.94600000000166,0.489178373488933,-0.031936370304369584,2.0
14.948000000001661,0.489109742091169,-0.036694818577265934,2.0
14.950000000001662,0.4890315951080972,-0.04145192664173531,2.0
14.952000000001663,0.48894393539394687,-0.04620752069048143,2.0
14.954000000001663,0.4888467661505302,-0.05096142694852568,2.0
14.956000000001664,0.4887400909271738,-0.05571347167693615,2.0
14.958000000001665,0.488623913620643,-0.06046348117656239,2.0
14.960000000001665,0.48849823847505863,-0.06521128179177633,2.0
14.962000000001666,0.488363070081806,-0.06995669991422003,2.0
14.964000000001667,0.48821841337943683,-0.07469956198656076,2.0
14.966000000001667,0.4880642736535633,-0.07943969450625406,2.0
14.968000000001668,0.4879006565367448,-0.08417692402931526,2.0
14.970000000001669,0.4877275680083669,-0.08891107717410004,2.0
14.97200000000167,0.48754501439451303,-0.09364198062509473,2.0
14.97400000000167,0.4873530023678283,-0.09836946113671656,2.0
14.97600000000167,0.48715153894737595,-0.10309334553712493,2.0
14.978000000001671,0.4869406314984859,-0.10781346073204369,2.0
14.980000000001672,0.48672028773259585,-0.11252963370859541,2.0
14.982000000001673,0.4864905157070848,-0.11724169153914794,2.0
14.984000000001673,0.48625132382509834,-0.12194946138517393,2.0
14.986000000001674,0.48600272083536694,-0.1266527705011237,2.0
14.988000000001675,0.48574471583201595,-0.13135144623831213,2.0
14.990000000001675,0.48547731825436785,-0.1360453160488201,2.0
14.992000000001676,0.48520053788673706,-0.14073420748941073,2.0
14.994000000001677,0.4849143848582165,-0.14541794822546147,2.0
14.996000000001677,0.4846188696424563,-0.1500963660349118,2.0
14.998000000001678,0.48431400305743505,-0.15476928881222785,2.0
15.000000000001679,0.48399979626522244,-0.15943654457238376,2.0
