time,q,dq,u,kinetic_energy,potential_energy,total_energy
0.002,0.7853726644245199,-0.025498887619158216,-7.853981633974483,0.0009411624657930686,94.21890040853086,94.21984157099665
0.004,0.7852962039365898,-0.05096134449321724,-7.802728869006883,0.0037592857429634002,94.2166788843998,94.22043817014276
0.006,0.7851688561195008,-0.07638604647874558,-7.751039350379465,0.008446020540748304,94.21297922625345,94.2214252467942
0.008,0.7849906978038198,-0.10177167297808945,-7.698916468237517,0.014992640851214987,94.20780423066492,94.22279687151614
0.01,0.7847618084578345,-0.1271169068509881,-7.646363632082019,0.023390046690307066,94.20115699475049,94.2245470414408
0.012,0.7844822701807267,-0.15242043432707966,-7.593384270876369,0.03362876684476281,94.19304091492967,94.22666968177442
0.014,0.7841521676959189,-0.17768094491937858,-7.539981833153107,0.04569896162517127,94.18345968568924,94.22915864731442
0.016,0.7837715883445933,-0.2028971313388043,-7.486159787120432,0.05959042562548501,94.1724172983514,94.23200772397689
0.018000000000000002,0.7833406220793803,-0.2280676894098409,-7.431921620768324,0.07529259048937095,94.1599180398448,94.23521063033417
0.020000000000000004,0.7828593614582149,-0.2531913179874053,-7.377270841974121,0.09279452768384099,94.14596649147849,94.23876101916233
0.022000000000000006,0.7823279016383579,-0.2782667188750019,-7.3222109786073375,0.11208495128066397,94.1305675277177,94.24265247899837
0.024000000000000007,0.7817463403705793,-0.3032925967442394,-7.266745578633575,0.13315222074611788,94.11372631496101,94.24687853570713
0.02600000000000001,0.7811147779935016,-0.32826765905578587,-7.210878210217315,0.15598434373969772,94.09544831031809,94.2514326540578
0.02800000000000001,0.7804333174280991,-0.3531906159818356,-7.154612461823445,0.18056897892244936,94.07573926038702,94.25630823930948
0.030000000000000013,0.7797020641723513,-0.37806018033016187,-7.09795194231732,0.20689343877565347,94.05460520003071,94.26149863880636
0.032000000000000015,0.7789211262960465,-0.40287506746982765,-7.040900281063189,0.234944692430633,94.03205245115097,94.2669971435816
0.034000000000000016,0.7780906144357315,-0.42763399525862544,-6.983461128020809,0.2647093685105104,94.00808762145984,94.27279698997035
0.03600000000000002,0.7772106417898056,-0.45233568397231694,-6.9256381538400635,0.2961737579847878,93.9827176032466,94.27889136123139
0.03800000000000002,0.776281324113754,-0.4769788562357414,-6.867435049953421,0.32932381703766894,93.95594957213987,94.28527338917755
0.04000000000000002,0.7753027797155163,-0.501562236955861,-6.808855528666057,0.36414516995108875,93.92779098586328,94.29193615581437
0.04200000000000002,0.7742751294509883,-0.5260845532568101,-6.749903323243441,0.4006231120034562,93.89824958298401,94.29887269498747
0.044000000000000025,0.7731984967196504,-0.5505445344170149,-6.690582187996263,0.43874261238516055,93.86733338165229,94.30607599403744
0.04600000000000003,0.7720730074603199,-0.5749409118084472,-6.630895898362473,0.4784883171319294,93.83505067833151,94.31353899546345
0.04800000000000003,0.7708987901470238,-0.5992724188380769,-6.570848250986305,0.519844552077163,93.80141004651696,94.32125459859412
0.05000000000000003,0.7696759757849841,-0.623537790891586,-6.510443063794083,0.5627953258244051,93.76642033544208,94.32921566126649
0.05200000000000003,0.768404697906716,-0.6477357652794035,-6.44968417606667,0.60732433274115,93.73009066877087,94.33741500151201
0.054000000000000034,0.7670850925682293,-0.6718650811851238,-6.388575448508353,0.6534149559752068,93.6924304432753,94.3458453992505
0.056000000000000036,0.7657172983453326,-0.6959244796163663,-6.327120763312045,0.7010502704948764,93.65344932749579,94.35449959799067
0.05800000000000004,0.7643014563300317,-0.7199127033581327,-6.265324024220594,0.750213046154238,93.61315726038367,94.36337030653792
0.06000000000000004,0.7628377101270192,-0.7438284969287213,-6.203189156584051,0.8008857507848341,93.57156444992425,94.37245020070908
0.06200000000000004,0.7613262058502503,-0.7676706065382503,-6.140720107412749,0.8530505533151095,93.52868137173827,94.38173192505339
0.06400000000000004,0.7597670921195985,-0.7914377800498459,-6.077920845426003,0.9066893269189431,93.4845187676612,94.39120809458014
0.06600000000000004,0.7581605200575852,-0.8151287669435476,-6.014795361096293,0.9617836521946576,93.43908764429804,94.4008712964927
0.06800000000000005,0.7565066432861808,-0.8387423182829806,-5.951347666688756,1.0183148203758934,93.39239927155222,94.41071409192811
0.07000000000000005,0.7548056179236678,-0.8622771866848464,-5.887581796295846,1.076263836575756,93.34446518112733,94.4207290177031
0.07200000000000005,0.7530576025815632,-0.8857321262912796,-5.823501805866986,1.135611423065667,93.29529716499951,94.43090858806518
0.07400000000000005,0.7512627583615923,-0.9091058927451179,-5.759111773233073,1.1963380225903297,93.24490727385927,94.4412452964496
0.07600000000000005,0.7494212488527101,-0.932397243168131,-5.6944157981256875,1.2584238017202707,93.19330781552092,94.4517316172412
0.07800000000000006,0.7475332401281625,-0.9556049361422526,-5.629418002190839,1.3218486542433974,93.14051135329791,94.4623600075413
0.08000000000000006,0.7455989007425822,-0.9787277316938585,-5.564122528997119,1.3865922045970163,93.08653070434248,94.4731229089395
0.08200000000000006,0.7436184017291128,-1.001764391281131,-5.4985335440381045,1.4526338113417792,93.0313789379479,94.48401274928969
0.08400000000000006,0.7415919165965555,-1.024713677784551,-5.432655234728866,1.5199525706789982,92.97506937381159,94.49502194449059
0.08600000000000006,0.7395196213265316,-1.0475743555005543,-5.366491810396454,1.5885273200127894,92.91761558025746,94.50614290027025
0.08800000000000006,0.7374016943706534,-1.0703451901383914,-5.300047502264207,1.6583366415584897,92.85903137241567,94.51736801397416
0.09000000000000007,0.7352383166476998,-1.0930249488202208,-5.233326563429752,1.7293588659987804,92.79933081035827,94.52868967635705
0.09200000000000007,0.7330296715407875,-1.1156124000844765,-5.166333268836556,1.801572076188963,92.73852819718883,94.54010027337779
0.09400000000000007,0.730775944894532,-1.1381063138925347,-5.0990719152389214,1.874954110912783,92.67663807708472,94.5515921879975
0.09600000000000007,0.728477325012193,-1.1605054616387147,-5.0315468211602505,1.9494825686902328,92.6136752332898,94.56315780198003
0.09800000000000007,0.7261340026527948,-1.1828086161636402,-4.963762326844501,2.0251348116387025,92.54965468605637,94.57478949769508
0.10000000000000007,0.7237461710282184,-1.2050145517709885,-4.895722794200668,2.101887969388854,92.48459169053446,94.58647965992331
0.10200000000000008,0.7213140258002549,-1.227122044247653,-4.8274326067402065,2.179718943056579,92.41850173460682,94.5982206776634
0.10400000000000008,0.7188377650776171,-1.2491298708873424,-4.758896169507244,2.25860440927234,92.35140053666807,94.6100049459404
0.10600000000000008,0.7163175894128985,-1.2710368105176382,-4.690117909001486,2.3385208242692297,92.2833040433464,94.62182486761563
0.10800000000000008,0.713753701799476,-1.29284164353053,-4.621102273093708,2.419444428030995,92.21422842716602,94.63367285519702
0.11000000000000008,0.7111463076683475,-1.3145431519164483,-4.551853730933699,2.5013512485012717,92.14419008414912,94.64554133265038
0.11200000000000009,0.7084956148848984,-1.336140119301808,-4.482376772850579,2.584217105855253,92.07320563135555,94.65742273721081
0.11400000000000009,0.7058018337455889,-1.357631330990082,-4.412675910245369,2.668017616834956,92.0012919043587,94.66930952119365
0.11600000000000009,0.7030651769745557,-1.3790155740064112,-4.3427556754757255,2.7527281991492227,91.92846595465633,94.68119415380555
0.11800000000000009,0.7002858597201216,-1.4002916371457672,-4.2726206217327345,2.8383240759395547,91.8547450470147,94.69306912295426
0.12000000000000009,0.6974640995512043,-1.4214583110246741,-4.202275322909681,2.924780280312842,91.78014665674452,94.70492693705737
0.1220000000000001,0.6946001164536186,-1.4425143881364952,-4.131724373462694,3.0120716599420048,91.70468846690754,94.71676012684955
0.1240000000000001,0.691694132826265,-1.463458662910292,-4.060972388263195,3.100172881735488,91.62838836545238,94.72856124718787
0.12600000000000008,0.6887463734771958,-1.4842899317732556,-3.9900240024420666,3.1890584365765573,91.55126444227812,94.74032287885468
0.12800000000000009,0.6857570656195541,-1.5050069932167158,-3.918883871225447,3.2787026441332436,91.47333498622469,94.75203763035793
0.1300000000000001,0.6827264388673758,-1.5256086478657205,-3.847556669762109,3.3690796577397553,91.39461848198859,94.76369813972835
0.1320000000000001,0.6796547252312505,-1.5460936985521885,-3.7760470929423176,3.4601634693501215,91.31513360696292,94.77529707631304
0.1340000000000001,0.6765421591138309,-1.5664609503916267,-3.7043598552081276,3.551927914564752,91.23489922800053,94.78682714256529
0.1360000000000001,0.6733889773051864,-1.5867092108634064,-3.6324996903550555,3.6443466777305886,91.15393439809934,94.79828107582992
0.1380000000000001,0.6701954189779923,-1.6068372898945877,-3.560471351325051,3.7373932971153803,91.07225835300869,94.80965165012407
0.1400000000000001,0.6669617256825469,-1.6268439999472826,-3.4882796099907476,3.8310411701566416,90.98989050775583,94.82093167791247
0.1420000000000001,0.6636881413416119,-1.6467281561095415,-3.415929256930903,3.9252635587857214,90.90685045309182,94.83211401187754
0.1440000000000001,0.6603749122450666,-1.6664885761897485,-3.343425101197036,4.020033594827392,90.8231579518555,94.8431915466829
0.1460000000000001,0.6570222870443697,-1.686124080814508,-3.270771970071169,4.115324285475224,90.73883293525563,94.85415722073085
0.1480000000000001,0.6536305167468222,-1.705633493530001,-3.197974708814681,4.211108518843055,90.65389549906935,94.86500401791241
0.1500000000000001,0.650199854709624,-1.7250156409067912,-3.125038180408219,4.30735906959267,90.56836589975772,94.87572496935039
0.1520000000000001,0.646730556633718,-1.7442693526480544,-3.0519672652826584,4.404048604637802,90.48226455049632,94.88631315513413
0.1540000000000001,0.6432228805574131,-1.763393461701207,-2.9787668610410716,4.501149688924513,90.39561201712156,94.89676170604608
0.1560000000000001,0.6396770868497814,-1.7823868043729025,-2.9054418821717163,4.598634791287816,90.30842901399167,94.90706380527949
0.1580000000000001,0.6360934382038228,-1.8012482204473674,-2.831997259752009,4.696476290384466,90.2207363997622,94.91721269014667
0.16000000000000011,0.6324721996293879,-1.8199765533080414,-2.758437941143493,4.794646480701696,90.13255517307577,94.92720165377747
0.16200000000000012,0.6288136384458557,-1.8385706500624888,-2.684768889677797,4.893117578641545,90.04390646816587,94.93702404680742
0.16400000000000012,0.6251180242745574,-1.8570293616705407,-2.6109950843335796,4.991861728680427,89.95481155037456,94.94667327905499
0.16600000000000012,0.6213856290309416,-1.8753515430756311,-2.537121519404493,5.090851009603499,89.86529181158396,94.95614282118746
0.16800000000000012,0.6176167269164728,-1.8935360533392833,-2.463153204158154,5.19005744081318,89.77536876556186,94.96542620637504
0.17000000000000012,0.6138115944102583,-1.9115817557787025,-2.3890951624861616,5.289452988711268,89.68506404322132,94.97451703193258
0.17200000000000013,0.6099705102603968,-1.9294875181074285,-2.3149524325451787,5.389009573153849,89.59439938779448,94.98340896094834
0.17400000000000013,0.6060937554750424,-1.9472522125790002,-2.240730066389111,5.488699073978212,89.50339664992106,94.99209572389927
0.17600000000000013,0.6021816133131788,-1.9648747161335804,-2.166433129592424,5.588493337600844,89.41207778265179,95.00057112025263
0.17800000000000013,0.5982343692750968,-1.9823539105474883,-2.0920667008646268,5.688364183685466,89.32046483636736,95.00882902005283
0.18000000000000013,0.5942523110925702,-1.9996886825855833,-2.0176358716559912,5.788283411880045,89.2285799536134,95.01686336549345
0.18200000000000013,0.590235728718724,-2.0168779241564447,-1.9431457457545354,5.888222808621596,89.13644536385198,95.02466817247357
0.18400000000000014,0.5861849143175898,-2.0339205324702867,-1.8686014388743502,5.988154154007387,89.04408337813089,95.03223753213828
0.18600000000000014,0.582100162253342,-2.050815410199545,-1.7940080782353247,6.088049228731333,88.95151638367095,95.03956561240228
0.18800000000000014,0.5779817690792112,-2.0675614656420755,-1.7193708021343301,6.187879821083916,88.85876683837265,95.04664665945656
0.19000000000000014,0.5738300335260673,-2.084157612886894,-1.6446947595079608,6.287617734014197,88.76585726524303,95.05347499925722
0.19200000000000014,0.5696452564906703,-2.1006027719823925,-1.5699851094868853,6.387234792252174,88.67281024674406,95.06004503899624
0.19400000000000014,0.5654277410235807,-2.1168958691069606,-1.4952470209419184,6.486702849489747,88.57964841906347,95.06635126855322
0.19600000000000015,0.5611777923167274,-2.133035836741938,-1.4204856720218864,6.585993795618429,88.48639446630962,95.07238826192805
0.19800000000000015,0.5568957176906266,-2.149021613846827,-1.3457062496833982,6.685079564021853,88.39307111463168,95.07815067865353
0.20000000000000015,0.5525818265812492,-2.1648521460366865,-1.2709139492126127,6.7839321389210125,88.2997011262667,95.08363326518771
0.20200000000000015,0.5482364305265297,-2.1805263857616284,-1.196113973739119,6.882523562770092,88.20630729351505,95.08883085628514
0.20400000000000015,0.5438598431525157,-2.196043292488339,-1.1213115337420403,6.980825943700655,88.11291243264618,95.09373837634683
0.20600000000000016,0.5394523801591511,-2.2114018328835385,-1.046511846548479,7.078811463011871,88.01953937773605,95.09835084074793
0.20800000000000016,0.5350143593056915,-2.2266009809993017,-0.9717201358244338,7.176452382704333,87.92621097443869,95.10266335714303
0.21000000000000016,0.5305461003957468,-2.2416397184601444,-0.8969416310583114,7.273721053054961,87.83295007369327,95.10667112674822
0.21200000000000016,0.5260479252619472,-2.2565170346517958,-0.8221815670371795,7.370589920230381,87.73977952536943,95.11036944559982
0.21400000000000016,0.5215201577502316,-2.2712319269115633,-0.7474451833158806,7.467031533936065,87.64672217185222,95.11375370578828
0.21600000000000016,0.5169631237037523,-2.285783400720201,-0.67273772367919,7.563018555098529,87.55380084156974,95.11681939666826
0.21800000000000017,0.5123771509463954,-2.3001704698951837,-0.598064435597121,7.658523763577577,87.46103834246517,95.11956210604275
0.22000000000000017,0.5077625692659127,-2.3143921567852983,-0.5234305696735859,7.753520065905741,87.36845745541613,95.12197752132188
0.22200000000000017,0.503119710396664,-2.3284474924664513,-0.44884137908853017,7.847980503051875,87.27608092760343,95.1240614306553
0.22400000000000017,0.4984489080019661,-2.342335516938598,-0.37430211903373767,7.941878258205655,87.1839314658323,95.12580972403796
0.22600000000000017,0.4937504976560465,-2.3560552793236917,-0.2998180461424651,8.035186664579964,87.09203172980848,95.12721839438845
0.22800000000000017,0.48902481682560117,-2.3696058380645533,-0.22539441791308157,8.127879213227729,87.00040432537195,95.12828353859967
0.23000000000000018,0.48427220485095335,-2.3829862611245587,-0.15103649212690495,8.21992956086987,86.90907179769147,95.12900135856134
0.23200000000000018,0.47949300292681196,-2.3961956261880424,-0.07674952626041609,8.311311537731038,86.81805662442265,95.1293681621537
0.23400000000000018,0.474687554082629,-2.409233020861308,-0.002538776892034633,8.401999155379444,86.72738120883243,95.12938036421187
0.23600000000000018,0.4698562031625543,-2.4220975428741465,0.07159050089632579,8.491966614567382,86.63706787289361,95.12903448746098
0.23800000000000018,0.4649992968049865,-2.4347883002817476,0.14563305412274996,8.58118831306865,86.54713885035197,95.12832716342062
0.24000000000000019,0.4601171834217204,-2.447304411666904,0.2195836325136309,8.669638853509296,86.45761627976982,95.12725513327912
0.2420000000000002,0.45521021317668947,-2.4596450063423916,0.29343698911660354,8.757293051187796,86.36852219754876,95.12581524873656
0.2440000000000002,0.45027873796430334,-2.4718092245534224,0.36718788091788834,8.844125941880849,86.27987853093566,95.12400447281651
0.2460000000000002,0.4453231113873806,-2.4837962176800548,0.4408310694638118,8.930112789631014,86.1917070910148,95.12181988064582
0.2480000000000002,0.4403436887346771,-2.4956051484394504,0.5143613214863034,9.01522909451208,86.10402956568988,95.11925866020196
0.25000000000000017,0.43534082695800946,-2.507235191087868,0.5877734095321294,9.09945060036827,86.01686751265977,95.11631811302804
0.25200000000000017,0.4303148846489755,-2.5186855316222747,0.6610621125956406,9.182753302523276,85.93024235239102,95.1129956549143
0.25400000000000017,0.42526622201527153,-2.529955367981471,0.7342222167547945,9.265113455454891,85.8441753610915,95.1092888165464
0.25600000000000017,0.4201952008566083,-2.5410439102466027,0.807248515810226,9.346507580431288,85.75868766368868,95.10519524411997
0.2580000000000002,0.41510218454022624,-2.55195038084096,0.880135811927123,9.42691247310466,85.67380022681594,95.1007126999206
0.2600000000000002,0.4099875379760124,-2.5626740147289317,0.9528789162796576,9.506305211058134,85.58953385181155,95.09583906286969
0.2620000000000002,0.40485162759121984,-2.573214059614018,1.0254726496977398,9.584663161301576,85.50590916773359,95.09057232903517
0.2640000000000002,0.3996948213047927,-2.58356977613577,1.0979118433158375,9.661963987712223,85.42294662439485,95.08491061210708
0.2660000000000002,0.3945174885012979,-2.593740438065553,1.1701913392236127,9.738185658415762,85.34066648542212,95.07885214383788
0.2680000000000002,0.38932000000446704,-2.6037253325010083,1.2423059911181271,9.813306453103573,85.25908882134307,95.07239527444665
0.2700000000000002,0.3841027280503506,-2.613523760059107,1.3142506649573464,9.88730497028188,85.17823350270555,95.06553847298743
0.2720000000000002,0.3788660462600877,-2.623135035067674,1.3860202396147079,9.960160134448476,85.0981201932328,95.05828032768127
0.2740000000000002,0.37361032961229396,-2.6325584857552724,1.4576096075344713,10.031851203192657,85.01876834301898,95.05061954621164
0.2760000000000002,0.36833595441507205,-2.6417934544393287,1.5290136753876054,10.102357774214154,84.94019718176881,95.04255495598296
0.2780000000000002,0.3630432982776473,-2.650839297712389,1.600227364727937,10.171659792256689,84.86242571208575,95.03408550434244
0.2800000000000002,0.35773274008163286,-2.6596953866263906,1.6712456126483048,10.239737555951796,84.78547270281256,95.02521025876435
0.2820000000000002,0.3524046599519285,-2.6683611068748383,1.7420633724364527,10.306571724568686,84.70935668242842,95.0159284069971
0.2840000000000002,0.34705943922725724,-2.676835858972768,1.8126756142303915,10.372143324665915,84.63409593250681,95.00623925717272
0.2860000000000002,0.3416974604303444,-2.685119058434394,1.8830773256729638,10.436433756640422,84.5597084812383,94.99614223787873
0.2880000000000002,0.3363191072377435,-2.6932101359483207,1.9532635125653441,10.499424801169964,84.4862120970219,94.98563689819187
0.2900000000000002,0.3309247644493146,-2.7011085375502177,2.023229199519206,10.561098625544444,84.41362428212985,94.97472290767429
0.2920000000000002,0.3255148179573598,-2.7088137247928428,2.0929694306072895,10.62143778988223,84.34196226644919,94.96340005633141
0.2940000000000002,0.32008965471542117,-2.716325174913309,2.1624792700120876,10.680425253227167,84.27124300130453,94.9516682545317
0.2960000000000002,0.31464966270674743,-2.723642380997491,2.231753802672406,10.738044379522211,84.20148315336603,94.93952753288823
0.2980000000000002,0.3091952309124345,-2.73076485214146,2.3007881349275072,10.794278943455774,84.13269909864644,94.92697804210222
0.3000000000000002,0.30372674927924637,-2.737692113609853,2.369577395158575,10.849113136176562,84.06490691659124,94.9140200527678
0.3020000000000002,0.29824460868712216,-2.744423706991066,2.4381167344272425,10.902531570873135,83.99812238426607,94.9006539551392
0.3040000000000002,0.29274920091637635,-2.750959190349173,2.5064013271109102,10.954519288214303,83.9323609706447,94.886880258859
0.3060000000000002,0.2872409186145982,-2.7572981383724766,2.574426371534582,11.005061761646498,83.86763783100199,94.87269959264849
0.3080000000000002,0.28172015526325794,-2.7634401425185904,2.642187090598971,11.054144902544278,83.80396780141558,94.85811270395986
0.3100000000000002,0.2761873051440259,-2.7693848111559536,2.709678732404601,11.101755065210575,83.74136539337952,94.8431204585901
0.3120000000000002,0.2706427633048125,-2.775131769701694,2.7768965708716484,11.147879051722816,83.67984478853406,94.82772384025687
0.3140000000000002,0.26508692552553625,-2.78068066075574,2.8438359063552627,11.192504116621457,83.6194198335152,94.81192395013665
0.3160000000000002,0.2595201882836273,-2.7860311442311,2.9104920662561176,11.235617971437708,83.56010403492697,94.79572200636467
0.3180000000000002,0.25394294871927414,-2.7911828974802106,2.976860405625927,11.277208789056743,83.50191055444087,94.77911934349761
0.32000000000000023,0.24835560460042214,-2.7961356154172865,3.04293630776768,11.317265207913547,83.4448522040248,94.76211741193835
0.32200000000000023,0.24275855428753082,-2.8008890106365727,3.1087151848303516,11.355776336017898,83.38894144130579,94.74471777732369
0.32400000000000023,0.23715219669809923,-2.805442813526429,3.174192478397837,11.392731754805698,83.33419036506912,94.72692211987481
0.32600000000000023,0.23153693127096714,-2.8097967723791673,3.239363660071866,11.428121522813534,83.28061071089728,94.7087322337108
0.32800000000000024,0.22591315793040104,-2.8139506534965633,3.304224232048663,11.461936179173724,83.2282138469517,94.69015002612542
0.33000000000000024,0.22028127704997338,-2.8179042412909765,3.368769727689116,11.49416674692709,83.17701076990045,94.67117751682754
0.33200000000000024,0.2146416894162441,-2.8216573383820034,3.432995712082219,11.52480473615081,83.12701210099446,94.65181683714528
0.33400000000000024,0.20899479619225325,-2.825209765688598,3.496897782601566,11.553842146898916,83.07822808229557,94.63207022919448
0.33600000000000024,0.20334099888083415,-2.8285613625165977,3.5604715694546636,11.581271471953068,83.03066857305821,94.61194004501128
0.33800000000000024,0.19768069928775597,-2.8317119866415914,3.623712736224854,11.60708569938119,82.98434304626849,94.59142874564968
0.34000000000000025,0.19201429948470536,-2.83466151438707,3.6866169804056232,11.631278314902113,82.9392605853421,94.57053890024422
0.34200000000000025,0.18634220177211652,-2.8374098406978057,3.749180033927086,11.653843304054005,82.89542988098378,94.54927318503779
0.34400000000000025,0.1806648086418594,-2.839956879208409,3.811397663674446,11.67477515416474,82.85285922821107,94.52763438237581
0.34600000000000025,0.17498252273979548,-2.842302562307009,3.873265671998224,11.694068856122668,82.81155652354344,94.50562537966611
0.34800000000000025,0.16929574682821122,-2.8444468411940136,3.9347798972160635,11.711719905945923,82.77152926235979,94.48324916830572
0.35000000000000026,0.16360488374813903,-2.8463896859359075,3.9959362141059147,11.727724306148966,82.73278453642583,94.4605088425748
0.35200000000000026,0.15791033638157545,-2.848131085514045,4.056730534390425,11.742078566905082,82.69532903159279,94.43740759849787
0.35400000000000026,0.1522125076136069,-2.849671047868401,4.117158807212336,11.754779707003499,82.65916902566975,94.41394873267325
0.35600000000000026,0.146511800294453,-2.851009599936249,4.177217019600733,11.765825254600173,82.62431038647054,94.39013564107071
0.35800000000000026,0.14080861720143742,-2.8521467876857307,4.236901196927969,11.775213247761467,82.590758570037,94.36597181779847
0.36000000000000026,0.1351033610008972,-2.853082676144296,4.296207403357087,11.782942234799734,82.5585186190394,94.34146085383914
0.36200000000000027,0.12939643421003985,-2.853817349421983,4.355131742279619,11.789011274400394,82.52759516135579,94.31660643575619
0.36400000000000027,0.12368823915875922,-2.8543509107295253,4.413670356743568,11.793419935540097,82.49799240883044,94.29141234437054
0.36600000000000027,0.11797917795142049,-2.8546834823912577,4.471819429871458,11.796168297195386,82.46971415621316,94.26588245340855
0.36800000000000027,0.1122696524286244,-2.854815205852819,4.52957518526831,11.797256947842076,82.44276378027939,94.24002072812146
0.3700000000000003,0.10656006412896132,-2.854746241683633,4.586933887419394,11.79668698474508,82.4171442391321,94.21383122387718
0.3720000000000003,0.10085081425076564,-2.8544767695741635,4.643891842077653,11.794460013038954,82.3928580716859,94.18731808472485
0.3740000000000003,0.09514230361388078,-2.8540069883279373,4.700445396640671,11.790578144599456,82.36990739733345,94.1604855419329
0.3760000000000003,0.08943493262144547,-2.85333711584834,4.756590940517067,11.78504399670646,82.34829391579477,94.13333791250123
0.3780000000000003,0.08372910122171166,-2.8524673891201795,4.8123249054822255,11.777860690499002,82.32801890714893,94.10587959764793
0.3800000000000003,0.07802520886990447,-2.8513980641860304,4.867643766023242,11.76903184922306,82.30908323204844,94.07811508127149
0.3820000000000003,0.07232365449013468,-2.850129416117366,4.922544039673016,11.758561596273012,82.29148733211592,94.05004892838893
0.3840000000000003,0.06662483643737424,-2.8486617389804896,4.9770222873333845,11.74645455302781,82.2752312305229,94.02168578355071
0.3860000000000003,0.06092915245950493,-2.846995345797286,5.031075113587237,11.732715836483115,82.26031453274965,93.99303036923276
0.3880000000000003,0.05523699965945088,-2.8451305685008057,5.084699166999523,11.717351056680581,82.24673642752624,93.96408748420683
0.3900000000000003,0.04954877445740492,-2.8430677578857124,5.137891140407103,11.700366313935996,82.23449568795328,93.93486200188929
0.3920000000000003,0.04386487255315924,-2.8408072835536147,5.1906477711973755,11.681768195867658,82.22359067280195,93.90535886866961
0.3940000000000003,0.03818568888855038,-2.838349533853313,5.242965841575637,11.661563774226911,82.21401932799179,93.8755831022187
0.3960000000000003,0.03251161761002891,-2.835694915815995,5.294842178821122,11.639760601532686,82.2057791882458,93.84553978977848
0.3980000000000003,0.026843052031363605,-2.8328438550854145,5.346273655531701,11.616366707512139,82.19886737892044,93.81523408643258
0.4000000000000003,0.02118038459649037,-2.829796795843092,5.397257189857193,11.591390595349448,82.19328061801033,93.78467121335979
0.4020000000000003,0.015524006842515613,-2.8265542007285815,5.44778974572128,11.564841237745137,82.18901521832515,93.7538564560703
0.4040000000000003,0.009874309362884016,-2.8231165507548477,5.497868333032007,11.536728072788476,82.18606708983738,93.72279516262586
0.4060000000000003,0.00423168177072041,-2.819484345218797,5.547490007880855,11.507060999645317,82.18443174219917,93.69149274184448
0.4080000000000003,-0.0014034873376446277,-2.8156581016070232,5.596651872730391,11.475850374064178,82.18410428742632,93.6599546614905
0.4100000000000003,-0.007030810418955924,-2.8116383554968096,5.645351076590493,11.443107003703393,82.18507944274714,93.62818644645053
0.4120000000000003,-0.012649901019112165,-2.807425660452458,5.693584815183178,11.40884214328221,82.18735153361432,93.59619367689653
0.4140000000000003,-0.018260373809032386,-2.80302058791699,5.741350331096037,11.373067489558892,82.19091449687731,93.5639819864362
0.4160000000000003,-0.023861844620301303,-2.7984237270992947,5.788644913924304,11.335795176139042,82.19576188411303,93.53155706025207
0.4180000000000003,-0.02945393048058442,-2.793635684856783,5.835465900401602,11.297037768117285,82.20188686511209,93.49892463322936
0.4200000000000003,-0.03503624964880402,-2.788657085573613,5.88181067451941,11.256808256555885,82.20928223151822,93.4660904880741
0.4220000000000003,-0.04060842165006726,-2.783488571034562,5.927676667635266,11.215120052803542,82.21794040061813,93.43306045342167
0.4240000000000003,-0.04617006731033766,-2.7781308002946186,5.9730613585697965,11.171986982658114,82.22785341927903,93.39984040193714
0.4260000000000003,-0.05172080879084162,-2.772584449544361,6.017962273692614,11.127423280376918,82.23901296803048,93.3664362484074
0.4280000000000003,-0.057260269622201515,-2.7668502119712115,6.062376986997139,11.081443582538274,82.25141036528844,93.3328539478267
0.4300000000000003,-0.06278807473828724,-2.760928797616636,6.106303120164438,11.034062921758196,82.26503657171772,93.29909949347591
0.43200000000000033,-0.0683038505097782,-2.754820933229379,6.1497383426161445,10.98529672026619,82.2798821947299,93.26517891499608
0.43400000000000033,-0.07380722477742785,-2.74852736211481,6.19268037155654,10.935160783344195,82.2959374931135,93.23109827645769
0.43600000000000033,-0.07929782688502306,-2.742048843980475,6.235126972003898,10.88367129263257,82.31319238179323,93.1968636744258
0.43800000000000033,-0.08477528771203101,-2.735386154777937,6.2770759568111805,10.830844799307558,82.3316364367145,93.16248123602206
0.44000000000000034,-0.09023923970592598,-2.7285400865409946,6.318525186676184,10.776698217134191,82.35125889985025,93.12795711698445
0.44200000000000034,-0.0956893169141891,-2.721511447220374,6.359472570141249,10.72124881539912,82.37204868432617,93.0932974997253
0.44400000000000034,-0.10112515501597404,-2.714301060514984,6.399916063582639,10.664514211727553,82.39399437966097,93.05850859138852
0.44600000000000034,-0.10654639135343182,-2.706909765699833,6.4398536711897085,10.606512364788811,82.41708425711792,93.02359662190673
0.44800000000000034,-0.11195266496268826,-2.6993384174507,6.479283444933984,10.547261566894889,82.44130627516404,92.98856784205893
0.45000000000000034,-0.11734361660446753,-2.6915878856656614,6.518203484528282,10.48678043649652,82.46664808503304,92.95342852152956
0.45200000000000035,-0.12271888879435575,-2.683659055283574,6.556611937375998,10.425087910581288,82.49309703638848,92.91818494696976
0.45400000000000035,-0.12807812583269856,-2.6755528260996084,6.594506998510706,10.362203236978305,82.52064018308305,92.88284342006135
0.45600000000000035,-0.13342097383412696,-2.6672701125779406,6.631886910526203,10.298145966574078,82.5492642890103,92.84741025558438
0.45800000000000035,-0.13874708075670564,-2.6588118436617054,6.6687499634971505,10.232935945444243,82.57895583404469,92.81189177948893
0.46000000000000035,-0.14405609643069872,-2.650178962580311,6.705094494890467,10.166593306905698,82.60970102006624,92.77629432697194
0.46200000000000035,-0.14934767258694756,-2.641372426654222,6.7409188894676095,10.099138463493855,82.6414857770656,92.74062424055946
0.46400000000000036,-0.15462146288485548,-2.6323932070973175,6.7762215791779195,10.03059209886967,82.67429576932594,92.70488786819561
0.46600000000000036,-0.1598771229399752,-2.623242288816933,6.8110010430431895,9.96097515966122,82.70811640167697,92.66909156133819
0.46800000000000036,-0.16511431035119378,-2.613920670211683,6.845255807033618,9.890308847244304,82.74293282581796,92.63324167306226
0.47000000000000036,-0.17033268472751145,-2.6044293629671866,6.878984443935304,9.818614609467035,82.77872994670479,92.59734455617182
0.47200000000000036,-0.1755319077144095,-2.5947693918497943,6.912185573209488,9.745914132322818,82.81549242899786,92.56140656132068
0.47400000000000037,-0.180711643019804,-2.5849417944984268,6.944857860843683,9.672229331576673,82.85320470356622,92.5254340351429
0.47600000000000037,-0.1858715564395813,-2.5749476212146365,6.977000019194893,9.59758234434929,82.8918509740442,92.4894333183935
0.47800000000000037,-0.19101131588271203,-2.564787934750999,7.008610806825086,9.521995520663728,82.9314152234362,92.45341074409993
0.48000000000000037,-0.1961305913959401,-2.554463810097946,7.039689028329119,9.445491414959113,82.97188122076628,92.41737263572539
0.4820000000000004,-0.20122905518804418,-2.543976334269146,7.070233534155293,9.368092777576235,83.01323252776747,92.38132530534371
0.4840000000000004,-0.20630638165366838,-2.533326606085543,7.100243220418734,9.28982254621933,83.05545250560806,92.34527505182739
0.4860000000000004,-0.21136224739671988,-2.522515735958166,7.12971702870777,9.210703837398771,83.09852432164995,92.30922815904871
0.4880000000000004,-0.21639633125333096,-2.5115448456698126,7.158653945883531,9.130759937859144,83.14243095623533,92.27319089409447
0.4900000000000004,-0.22140831431438338,-2.500415068155719,7.1870530038729346,9.050014295997121,83.18715520949836,92.23716950549547
0.4920000000000004,-0.22639787994759317,-2.489127547283323,7.214913279455272,8.968490513273608,83.23267970819698,92.20117022147059
0.4940000000000004,-0.23136471381915422,-2.477683437631229,7.2422338940425774,8.8862123356245,83.27898691256186,92.16519924818635
0.4960000000000004,-0.23630850391493893,-2.466083904267481,7.269014013454,8.80320364487442,83.3260591231582,92.12926276803262
0.4980000000000004,-0.24122894056125502,-2.4543301225272534,7.295252847684352,8.719488450157689,83.37387848775678,92.09336693791447
0.5000000000000003,-0.2461257164451569,-2.442423277790059,7.320949650667057,8.635090879350733,83.42242700821045,92.05751788756118
0.5020000000000003,-0.2509985266343115,-2.43036456525659,7.346103720031687,8.550035170520102,83.47168654733245,92.02172171785256
0.5040000000000003,-0.2558470685964171,-2.4181551897252813,7.370714396856295,8.464345663390219,83.52163883577298,91.9859844991632
0.5060000000000003,-0.2606710422181753,-2.405796365368719,7.394781065414733,8.378046790834878,83.57226547889,91.95031226972488
0.5080000000000003,-0.26547014982381567,-2.3932893155099766,7.41830315291919,8.291163070396387,83.62354796361167,91.91471103400806
0.5100000000000003,-0.27024409619317324,-2.3806352723989965,7.44128012925811,8.203719095836396,83.67546766528575,91.87918676112214
0.5120000000000003,-0.2749925885793187,-2.3678354769891077,7.463711506729726,8.115739528722083,83.72800585451367,91.84374538323576
0.5140000000000003,-0.2797153367257417,-2.354891178713782,7.485596839771402,8.027249090051562,83.78114370396497,91.80839279401653
0.5160000000000003,-0.28441205288308863,-2.3418036352637275,7.506935724684981,7.938272551922102,83.83486229516964,91.77313484709174
0.5180000000000003,-0.2890824518254541,-2.3285741123644157,7.527727799358342,7.848834729244771,83.8891426252846,91.73797735452938
0.5200000000000004,-0.2937262508662289,-2.315203883554135,7.547972742983372,7.758960471509073,83.9439656138313,91.70292608534037
0.5220000000000004,-0.2983431698735038,-2.3016942299626697,7.567670275770559,7.668674654600896,83.99931210940139,91.66798676400228
0.5240000000000004,-0.3029329312850322,-2.2880464400906915,7.586820158660377,7.578002172677204,84.05516289632764,91.63316506900485
0.5260000000000004,-0.3074952601227518,-2.2742618095899587,7.605422193031705,7.486967930100687,84.11149870131663,91.59846663141732
0.5280000000000004,-0.3120298840068678,-2.2603416410444113,7.6234762204074356,7.395596833437554,84.1683002000411,91.56389703347865
0.5300000000000004,-0.31653653316949926,-2.2462872437522483,7.640982122157501,7.303913783521504,84.22554802368836,91.52946180720987
0.5320000000000004,-0.3210149404678905,-2.2320999335090748,7.657939819199489,7.211943667586965,84.28322276546272,91.49516643304969
0.5340000000000004,-0.32546484139719,-2.217781032392205,7.6743492716970545,7.119711351474315,84.34130498703904,91.46101633851336
0.5360000000000004,-0.3298859741027995,-2.2033318685462,7.69021047875631,7.027241671910143,84.39977522496464,91.42701689687479
0.5380000000000004,-0.33427807939229487,-2.188753775969724,7.705523478120394,6.934559428864992,84.4586139970075,91.39317342587249
0.5400000000000004,-0.3386409007469223,-2.1740480943038016,7.7202883458623965,6.841689377991375,84.51780180844808,91.35949118643946
0.5420000000000004,-0.3429741843326729,-2.159216168621541,7.734505196076826,6.748656223144543,84.57731915831266,91.3259753814572
0.5440000000000004,-0.3472776790109375,-2.1442593492194164,7.748174180569811,6.655484608988385,84.63714654554555,91.29263115453394
0.5460000000000004,-0.3515511363487463,-2.1291789914101686,7.761295488548208,6.562199113688842,84.69726447511869,91.25946358880753
0.5480000000000004,-0.35579431062859573,-2.113976455317402,7.7738693463078,6.468824241697038,84.757653464076,91.22647770577304
0.5500000000000004,-0.3600069588578662,-2.098653105671947,7.785896016920761,6.375384416624269,84.81829404751076,91.19367846413503
0.5520000000000004,-0.3641888407778345,-2.083210311610052,7.7973757999225555,6.281903974210904,84.87916678447415,91.16107075868506
0.5540000000000004,-0.3683397188722843,-2.0676494464734785,7.8083090309984495,6.188407155391089,84.94025226381301,91.1286594192041
0.5560000000000004,-0.3724593583757193,-2.0519718876115514,7.8186960816698,6.094918099455164,85.00153110993534,91.0964492093905
0.5580000000000004,-0.3765475272811818,-2.036179016185238,7.828537358980296,6.001460837311538,85.06298398850146,91.064444825813
0.5600000000000004,-0.3806039963476819,-2.0202722169733063,7.837833305182294,5.908059284849594,85.12459161203984,91.03265089688944
0.5620000000000004,-0.38462853910724115,-2.0042528781806226,7.846584397423431,5.814737236405271,85.18633474548575,91.00107198189102
0.5640000000000004,-0.38862093187155483,-1.9881223912486476,7.854791147433657,5.721518358330777,85.24819421164143,90.96971256997222
0.5660000000000004,-0.3925809537382776,-1.971882150668177,7.862454101212844,5.628426182669744,85.31015089655645,90.93857707922619
0.5680000000000004,-0.3965083865969368,-1.9555335537943828,7.8695738387191305,5.535484100939143,85.37218575482729,90.90766985576643
0.5700000000000004,-0.4004030151344783,-1.9390780006642037,7.876150973558134,5.442715358019159,85.43427981481454,90.8769951728337
0.5720000000000004,-0.40426462684044934,-1.9225168938161281,7.8821861526731904,5.35014304615208,85.49641418377719,90.84655722992927
0.5740000000000004,-0.4080930120118236,-1.9058516381124186,7.88768005603675,5.257790099051192,85.55857005292249,90.81636015197368
0.5760000000000004,-0.411887963757473,-1.8890836405638174,7.892633396343073,5.165679286120644,85.62072870237111,90.78640798849176
0.5780000000000004,-0.41564927800229157,-1.8722143101567739,7.897046918702364,5.073833206787071,85.6828715060361,90.75670471282316
0.5800000000000004,-0.41937675349097614,-1.8552450576832331,7.900921400336463,4.982274284943669,85.74497993641558,90.72725422135925
0.5820000000000004,-0.4230701917914694,-1.8381772955730205,7.904257650276227,4.891024763507467,85.80703556929794,90.6980603328054
0.5840000000000004,-0.42672939729807025,-1.8210124377288566,7.907056509060734,4.800106699090254,85.86902008837934,90.6691267874696
0.5860000000000004,-0.43035417723421693,-1.8037518993640353,7.909318848438415,4.709541956783737,85.93091528979275,90.64045724657649
0.5880000000000004,-0.43394434165494794,-1.786397096842793,7.91104557107024,4.619352205059226,85.99270308654837,90.6120552916076
0.5900000000000004,-0.43749970344904676,-1.7689494475233962,7.912237610235065,4.529558910782255,86.05436551288479,90.58392442366704
0.5920000000000004,-0.44102007834087525,-1.7514103696039773,7.91289592953726,4.44018333434234,86.11588472853069,90.55606806287302
0.5940000000000004,-0.44450528489190155,-1.7337812819711358,7.913021522616708,4.351246524897991,86.17724302287695,90.52848954777494
0.5960000000000004,-0.44795514450192797,-1.7160636040513306,7.912615412861287,4.2627693157371676,86.23842281905891,90.50119213479609
0.5980000000000004,-0.45136948141002453,-1.6982587556650814,7.911678653121941,4.174772319753081,86.29940667794874,90.47417899770181
0.6000000000000004,-0.4547481226951736,-1.680368156883996,7.9102123254304075,4.087275925035336,86.36017730205775,90.44745322709309
0.6020000000000004,-0.4580908982766316,-1.6623932278906404,7.908217540719728,4.000300290576296,86.42071753934901,90.4210178299253
0.6040000000000004,-0.4613976409140129,-1.6443353888412617,7.905695438547596,3.9138653420924294,86.48101038695997,90.3948757290524
0.6060000000000004,-0.4646681862071029,-1.6261960597313794,7.902647186822652,3.8279907679604,86.54103899483556,90.36902976279596
0.6080000000000004,-0.46790237259540385,-1.6079766602642507,7.899073981533787,3.742696015267556,86.60078666927176,90.34348268453931
0.6100000000000004,-0.47110004135742195,-1.5896786097222193,7.8949770464825395,3.658000285976447,86.66023687637013,90.31823716234658
0.6120000000000004,-0.47426103660969876,-1.5713033268409526,7.890357633018658,3.573922533202872,86.7193732454035,90.29329577860638
0.6140000000000004,-0.47738520530559486,-1.5528522296865708,7.885217019778892,3.490481457607009,86.77817957209304,90.26866102970004
0.6160000000000004,-0.4804723972338301,-1.5343267355356693,7.87955651242909,3.4076955038969903,86.83663982179755,90.24433532569454
0.6180000000000004,-0.48352246501678725,-1.5157282607582356,7.87337744340964,3.3255828574443336,86.89473813261507,90.2203209900594
0.6200000000000004,-0.4865352641085839,-1.4970582207034568,7.866681171684344,3.244161441010557,86.95245881839766,90.19662025940822
0.6220000000000004,-0.4895106527929192,-1.4783180295884164,7.859469082492753,3.1634489115842412,87.00978637167944,90.17323528326368
0.6240000000000004,-0.4924484921807009,-1.4595091003896725,7.851742587106025,3.0834626573277415,87.0667054665192,90.15016812384694
0.6260000000000004,-0.4953486462074581,-1.4406328447377126,7.843503122586354,3.0042197946327716,87.12320096125757,90.12742075589034
0.6280000000000004,-0.4982109816305461,-1.421690672814274,7.834752151550006,2.925737165283943,87.17925790118994,90.10499506647389
0.6300000000000004,-0.5010353680261486,-1.4026839932525212,7.825491161934009,2.8480313337293874,87.2348615211556,90.08289285488497
0.6320000000000005,-0.503821677786083,-1.3836142130400666,7.815721666766528,2.7711185844574926,87.28999724804387,90.06111583250137
0.6340000000000005,-0.506569786114415,-1.3644827374248218,7.805445203940963,2.695014919478762,87.34465070321835,90.03966562269711
0.6360000000000005,-0.5092795710238873,-1.3452909698236637,7.7946633359937945,2.619736055911781,87.39880770485965,90.01854376077144
0.6380000000000005,-0.5119509133321684,-1.3260403117338992,7.7833776498862,2.545297423672219,87.45245427022793,89.99775169390016
0.6400000000000005,-0.5145836966579272,-1.3067321626475088,7.771589756789481,2.471714163263791,87.5055766178458,89.9772907811096
0.6420000000000005,-0.5171778074167396,-1.287367919968151,7.759301291874291,2.39900112367004,87.55816116960277,89.95716229327282
0.6440000000000005,-0.51973313481683,-1.2679489789309053,7.746513914103698,2.327172860345796,87.61019455278206,89.93736741312786
0.6460000000000005,-0.5222495708546574,-1.248476732524731,7.733229306030111,2.2562436333071343,87.66166360201085,89.91790723531798
0.6480000000000005,-0.524727010310347,-1.2289525714176186,7.719449173596036,2.186227405318626,87.71255536113482,89.89878276645345
0.6500000000000005,-0.527165350742976,-1.209377883884407,7.705175245938706,2.1171378401766696,87.76285708501818,89.87999492519485
0.6520000000000005,-0.5295644924857175,-1.1897540557372424,7.690409275198574,2.0489883010876353,87.8125562412703,89.86154454235793
0.6540000000000005,-0.5319243386408473,-1.1700824702586483,7.675153036331659,1.9817918491395907,87.86164051189945,89.84343236103905
0.6560000000000005,-0.5342447950746206,-1.1503645081371785,7.65940832692577,1.9155612418662875,87.91009779489566,89.82565903676195
0.6580000000000005,-0.5365257704120211,-1.1306015474056241,7.643176967020564,1.8503089319021477,87.95791620574286,89.80822513764501
0.6600000000000005,-0.5387671760313903,-1.1107949633817404,7.6264607989314595,1.7860470657269256,88.00508407886205,89.79113114458897
0.6620000000000005,-0.5409689260589402,-1.0909461286114637,7.609261687077384,1.7227874824987188,88.0515899689862,89.77437745148492
0.6640000000000005,-0.5431309373631547,-1.0710564128145819,7.59158151781233,1.6605417129740128,88.09742265246835,89.75796436544236
0.6660000000000005,-0.5452531295490851,-1.051127182832827,7.57342219926071,1.5993209785134102,88.14257112852363,89.74189210703703
0.6680000000000005,-0.5473354249525445,-1.0311598025803508,7.5547856611565045,1.5391361901716951,88.18702462040675,89.72616081057843
0.6700000000000005,-0.5493777486342044,-1.0111556329965483,7.535673854686147,1.479997947870907,88.23077257652592,89.71077052439684
0.6720000000000005,-0.5513800283736006,-0.9911160320011925,7.51608875233514,1.421916539655038,88.27380467149408,89.69572121114912
0.6740000000000005,-0.5533421946630505,-0.9710423544518391,7.4960323477383906,1.3649019410250214,88.31611080711912,89.68101274814414
0.6760000000000005,-0.5552641807014883,-0.9509359521034642,7.475506655534183,1.3089638143526605,88.35768111333368,89.66664492768635
0.6780000000000005,-0.5571459223882211,-0.9307981735702929,7.454513711221811,1.2541115083721215,88.39850594906616,89.65261745743828
0.6800000000000005,-0.5589873583166113,-0.9106303642897794,7.4330555710227975,1.2003540577476641,88.4385759030537,89.63892996080136
0.6820000000000005,-0.5607884297676883,-0.8904338664886937,7.411134311745672,1.147700182716257,88.47788179459826,89.62558197731452
0.6840000000000005,-0.5625490807036956,-0.8702100191512764,7.38875203065427,1.096158288803729,88.51641467426738,89.61257296307112
0.6860000000000005,-0.5642692577615751,-0.849960157989414,7.365910845339508,1.0457364666131321,88.55416582454026,89.5999022911534
0.6880000000000005,-0.5659489102463947,-0.829685615414794,7.342612893594579,0.9964424916839991,88.59112676040021,89.58756925208421
0.6900000000000005,-0.5675879901247212,-0.8093877205129923,7.318860333293536,0.9482838244211554,88.62728922987529,89.57557305429644
0.6920000000000005,-0.5691864520179439,-0.7890677990194503,7.294655342273197,0.9012676100918141,88.6626452145271,89.56391282461891
0.6940000000000005,-0.5707442531955523,-0.768727173297293,7.2700001182183405,0.8554006788896289,88.69718692989011,89.55258760877973
0.6960000000000005,-0.57226135356837,-0.748367162316944,7.24489687855011,0.8106895460644542,88.73090682586127,89.54159637192572
0.6980000000000005,-0.5737377156817512,-0.7279890816374891,7.219347860317589,0.7671404121165257,88.76379758704199,89.53093799915852
0.7000000000000005,-0.5751733047087402,-0.7075942433897411,7.193355320092491,0.7247591630538249,88.79585213303308,89.5206112960869
0.7020000000000005,-0.5765680884431994,-0.6871839562609585,7.166921533866884,0.6835513707113857,88.82706361868351,89.5106149893949
0.7040000000000005,-0.5779220372929088,-0.6667595254811695,7.140048796953911,0.6435222931313312,88.85742543429448,89.50094772742581
0.7060000000000005,-0.5792351242726387,-0.6463222528110516,7.112739423891427,0.6046768750024415,88.88693120577935,89.49160808078179
0.7080000000000005,-0.5805073249971999,-0.6258734365313199,7.08499574834849,0.5670197481580679,88.91557479478057,89.48259454293864
0.7100000000000005,-0.5817386176744752,-0.6054143714335718,7.056820123034639,0.5305552321312395,88.94335029874463,89.47390553087587
0.7120000000000005,-0.5829289830984324,-0.5849463488125412,7.028214919611896,0.4952873347658197,88.97025205095578,89.4655393857216
0.7140000000000005,-0.5840784046421246,-0.5644706564597097,6.999182528609406,0.4612197528825965,88.9962746205296,89.4574943734122
0.7160000000000005,-0.5851868682506778,-0.5439885786582268,6.969725359340665,0.4283558729992033,89.0214128123673,89.44976868536651
0.7180000000000005,-0.5862543624342706,-0.5235013961790863,6.939845839823231,0.39669877210280685,89.04566166707136,89.44236043917417
0.7200000000000005,-0.5872808782611072,-0.5030103862785104,6.909546416700879,0.36625121847450254,89.06901646082387,89.43526767929838
0.7220000000000005,-0.5882664093503859,-0.48251682269648877,6.8788295551680925,0.3370156725643984,89.09147270522763,89.42848837779204
0.7240000000000005,-0.5892109518652662,-0.46202197565642367,6.847697738896836,0.3089942879163735,89.11302614711177,89.42202043502814
0.7260000000000005,-0.5901145045058362,-0.4415271118658275,6.816153469965509,0.2821889121415482,89.13367276830178,89.41586168044333
0.7280000000000005,-0.5909770685020825,-0.4210334945180241,6.784199268790017,0.2566010879394992,89.1534087853551,89.4100098732946
0.7300000000000005,-0.5917986476068641,-0.40054238329480074,6.751837674056874,0.2322320541663027,89.17223064926326,89.40446270342956
0.7320000000000005,-0.5925792480888927,-0.38005503436996074,6.7190712426582415,0.20908274694849946,89.19013504512051,89.39921779206901
0.7340000000000005,-0.5933188787257215,-0.3595727004137247,6.685902549628849,0.18715380084210748,89.20711889176056,89.39427269260267
0.7360000000000005,-0.5940175507967425,-0.33909663059792927,6.652334188084665,0.166445550035836,89.22317934136117,89.389624891397
0.7380000000000005,-0.5946752780761956,-0.3186280706019727,6.618368769163283,0.14695802959767773,89.238313779018,89.38527180861568
0.7400000000000005,-0.5952920768261909,-0.2981682626194554,6.584008921965901,0.12869097676408686,89.25251982228768,89.38121079905177
0.7420000000000005,-0.5958679657897435,-0.2777184453654648,6.54925729350082,0.11164383227097224,89.26579532070113,89.3774391529721
0.7440000000000005,-0.596402966183825,-0.2572798540844537,6.5141165486283645,0.09581574172577079,89.27813835524738,89.37395409697315
0.7460000000000006,-0.5968971016924299,-0.2368537205586609,6.478589370007158,0.08120555701988402,89.28954723782859,89.37075279484847
0.7480000000000006,-0.5973503984596605,-0.21644127311702405,6.4426784580416205,0.06781183778079616,89.30002051068661,89.3678323484674
0.7500000000000006,-0.5977628850828293,-0.19604373664453348,6.406386530830654,0.055632852863213976,89.30955694580176,89.36518979866497
0.7520000000000006,-0.5981345926055808,-0.1756623325919779,6.369716324117359,0.04466658187859995,89.31815554426393,89.36282212614253
0.7540000000000006,-0.5984655545110333,-0.1552982789860307,6.332670591239763,0.034910716762495186,89.32581553561671,89.36072625237921
0.7560000000000006,-0.5987558067149412,-0.13495279043962816,6.295252103082396,0.02636266337905673,89.33253637717492,89.35889904055398
0.7580000000000006,-0.5990053875588774,-0.11462707816258924,6.2574636480286685,0.019019543162261558,89.33831775331556,89.35733729647782
0.7600000000000006,-0.5992143378034388,-0.09432234997242843,6.219308031913953,0.012878194793255882,89.34315957474301,89.35603776953627
0.7620000000000006,-0.5993827006214717,-0.07403981030531226,6.180788077979245,0.007935175913355103,89.34706197772843,89.35499715364179
0.7640000000000006,-0.5995105215913209,-0.05378066022711124,6.1419066268253415,0.004186764872227217,89.3500253233235,89.35421208819572
0.7660000000000006,-0.5995978486900997,-0.033546097444498824,6.1026665363674315,0.001628962510817836,89.35205019654946,89.35367915906028
0.7680000000000006,-0.5996447322869829,-0.013337316316049713,6.063070681789995,0.0002574939786018544,89.35313740556067,89.35339489953928
0.7700000000000006,-0.5996512251365217,0.006844492136710071,6.023121955501928,6.781058477190382e-05,89.3532879807839,89.35335579136867
0.7720000000000006,-0.5996173823719803,0.02699814021834826,5.9828232670917965,0.0010550916829996028,89.35250317403255,89.35355826571555
0.7740000000000006,-0.5995432614986947,0.047122443548713235,5.942177543283106,0.003214246589430366,89.35078445759687,89.35399870418631
0.7760000000000006,-0.599428922387453,0.06721622105230889,5.901187727889521,0.006539916533597242,89.34813352330958,89.35467343984318
0.7780000000000006,-0.5992744272678964,0.08727829494790308,5.8598567817699125,0.011026476641963453,89.34455228158733,89.35557875822929
0.7800000000000006,-0.5990798407219404,0.107307490738415,5.818187682783158,0.016668037953826927,89.34004286044814,89.35671089840196
0.7820000000000006,-0.5988452296772172,0.12730263720112592,5.776183425742575,0.023458449469343525,89.3346076045046,89.35806605397394
0.7840000000000006,-0.5985706634005358,0.14726256637825785,5.73384702236992,0.031391300229448145,89.3282490739331,89.35964037416254
0.7860000000000006,-0.5982562134913614,0.16718611356796342,5.691181501248842,0.04045992142747531,89.32097004341895,89.36142996484642
0.7880000000000006,-0.5979019538753123,0.18707211731577017,5.648189907777687,0.05065738855230229,89.31277350107752,89.36343088962981
0.7900000000000006,-0.5975079607976732,0.20691941940652187,5.604875304121583,0.06197652356285898,89.30366264735113,89.365639170914
0.7920000000000006,-0.5970743128169241,0.22672686485685867,5.561240769163688,0.0744098970938687,89.29364089388191,89.36805079097579
0.7940000000000006,-0.5966010907982839,0.24649330190827745,5.517289398455524,0.08794983069270508,89.28271186236032,89.37066169305302
0.7960000000000006,-0.5960883779072671,0.2662175820208129,5.473024304166285,0.10258839908726772,89.2708793833493,89.37346778243656
0.7980000000000006,-0.5955362596032523,0.28589855986737994,5.428448615031045,0.11831743248479784,89.25814749508422,89.37646492756902
0.8000000000000006,-0.5949448236330618,0.30553509332881595,5.383565476297763,0.13512851890157684,89.24452044224782,89.3796489611494
0.8020000000000006,-0.59431416002455,0.3251260434896624,5.338378049672985,0.1530130065234593,89.23000267472064,89.3830156812441
0.8040000000000006,-0.5936443610801996,0.3446702746347236,5.292889513266174,0.17196200609721787,89.21459884630666,89.38656085240387
0.8060000000000006,-0.5929355213707237,0.36416665424643996,5.247103061532549,0.19196639335268645,89.19831381343342,89.3902802067861
0.8080000000000006,-0.5921877377286726,0.38361405300311197,5.201021905214357,0.21301681145570542,89.18115263382717,89.39416944528287
0.8100000000000006,-0.5914011092420431,0.4030113447780118,5.154649271280503,0.23510367349188518,89.16312056516246,89.39822423865435
0.8120000000000006,-0.5905757372478888,0.4223574066394167,5.107988402864408,0.25821716498122055,89.14422306368574,89.40244022866696
0.8140000000000006,-0.5897117253259289,0.4416511188515988,5.061042559200055,0.2823472464235965,89.12446578281312,89.40681302923672
0.8160000000000006,-0.5888091792921548,0.4608913648768059,5.013815015556091,0.3074836558752401,89.10385457170186,89.4113382275771
0.8180000000000006,-0.5878682071924313,0.48007703137826413,4.9663090631679365,0.3336159115561846,89.08239547379526,89.41601138535144
0.8200000000000006,-0.5868889192960903,0.49920700822423686,4.918528009167785,0.36073331448881873,89.06009472534068,89.4208280398295
0.8220000000000006,-0.5858714280895165,0.5182801884931691,4.8704751765124294,0.3888249511676056,89.03695875388054,89.42578370504815
0.8240000000000006,-0.5848158482697203,0.5372954684799491,4.822153903908827,0.4178796962600632,89.01299417671581,89.43087387297587
0.8260000000000006,-0.5837222967378982,0.5562517477033156,4.773567545737304,0.4478862153391033,88.98820779934186,89.43609401468096
0.8280000000000006,-0.5825908925929765,0.575147928914441,4.72471947197235,0.47883296764683453,88.96260661385612,89.44143958150296
0.8300000000000006,-0.5814217571251368,0.5939829181067163,4.675613068100883,0.5107082088899442,88.93619779733744,89.44690600622738
0.8320000000000006,-0.580215013809321,0.6127556245267665,4.626251735037934,0.5434999940667617,88.90898871019684,89.4524887042636
0.8340000000000006,-0.5789707882987124,0.6314649606867212,4.5766388890396765,0.5771961803261364,88.88098689449897,89.45818307482511
0.8360000000000006,-0.5776892084181918,0.6501098423777668,4.526777961613682,0.6117844298582368,88.85220007225445,89.46398450211268
0.8380000000000006,-0.5763704041577645,0.6686891886850035,4.476672399426385,0.6472522128174041,88.82263614368215,89.46988835649955
0.8400000000000006,-0.5750145076659566,0.6872019220036305,4.4263256642076385,0.6835868102771706,88.79230318544182,89.475889995719
0.8420000000000006,-0.5736216532431775,0.705646968056483,4.375741232652306,0.7207753172175795,88.76120944883591,89.48198476605349
0.8440000000000006,-0.5721919773350459,0.7240232559129403,4.3249225963188085,0.7588046455449124,88.72936335798077,89.48816800352569
0.8460000000000006,-0.5707256185256766,0.7423297180092274,4.273873261524578,0.797661527143952,88.69677350794676,89.49443503509072
0.8480000000000006,-0.5692227175309257,0.760565290170129,4.222596749238311,0.8373325169628905,88.66344866286684,89.50078117982973
0.8500000000000006,-0.5676834171915901,0.7787289116321331,4.171096594968999,0.877803996131,88.62939775401324,89.50720175014425
0.8520000000000006,-0.5661078624665602,0.7968195250680242,4.1193763486516355,0.9190621751091622,88.59462987784225,89.51369205295141
0.8540000000000006,-0.5644962004259212,0.8148360766129402,4.067439574529553,0.9610930968733599,88.5591542940063,89.52024739087966
0.8560000000000006,-0.5628485802440011,0.8327775158919101,4.015289851033332,1.0038826401312297,88.52298042333314,89.52686306346436
0.8580000000000007,-0.5611651531923625,0.8506427960488856,3.9629307706561905,1.047416522571749,88.48611784577213,89.53353436834388
0.8600000000000007,-0.559446072632734,0.868430873777282,3.910365939825854,1.0916803041481336,88.4485762983069,89.54025660245503
0.8620000000000007,-0.55769149400988,0.8861407093520386,3.857598978772776,1.1366593903940196,88.41036567283426,89.54702506322828
0.8640000000000007,-0.555901574844404,0.9037712666632112,3.8046335213947238,1.1823390357729782,88.3714960140089,89.55383504978188
0.8660000000000007,-0.5540764747254834,0.9213215132511066,3.7514732151176173,1.2287043470613956,88.33197751705404,89.56068186411544
0.8680000000000007,-0.5522163553035329,0.938790420342969,3.6981217207526202,1.2757402867647614,88.29182052553718,89.56756081230193
0.8700000000000007,-0.5503213802827924,0.9561769628912251,3.644582712349391,1.3234316765673781,88.25103552911084,89.57446720567822
0.8720000000000007,-0.5483917154138376,0.9734801196132963,3.5908598770454736,1.3717632008154828,88.20963316121846,89.58139636203394
0.8740000000000007,-0.546427528486008,0.9906988730329831,3.536956914911783,1.4207194100337714,88.16762419676456,89.58834360679833
0.8760000000000007,-0.5444289893197523,1.0078322095234273,3.482877538794113,1.4702847244752946,88.12501954974952,89.59530427422482
0.8780000000000007,-0.542396269758885,1.024879119351655,3.428625474150668,1.5204434377046807,88.08183027086822,89.60227370857291
0.8800000000000007,-0.5403295436627531,1.041838596724704,3.37420445888554,1.5711797202146,88.03806754507286,89.60924726528746
0.8820000000000007,-0.5382289868983083,1.0587096398373355,3.3196182431781227,1.6224776230754068,87.99374268909952,89.61622031217493
0.8840000000000007,-0.536094777332083,1.075491250921334,3.264870589308412,1.6743210816178324,87.94886714895813,89.62318823057596
0.8860000000000007,-0.5339270948220649,1.0921824362963894,3.209965271478162,1.7266939191486166,87.90345249738625,89.63014641653487
0.8880000000000007,-0.5317261212094699,1.1087822064225663,3.1549060756278706,1.7795798506989113,87.8575104312659,89.6370902819648
0.8900000000000007,-0.5294920403104072,1.1252895759543502,3.0996967992495668,1.8329624868053087,87.81105276900372,89.64401525580904
0.8920000000000007,-0.5272250379074347,1.1417035637962727,3.044341251195372,1.886825337323265,87.7640914478745,89.65091678519777
0.8940000000000007,-0.5249253017410027,1.1580231931601075,2.9888432514818013,1.9411518152727418,87.71663852132747,89.65779033660021
0.8960000000000007,-0.5225930215007806,1.1742474916236314,2.9332066310898117,1.9959252407157717,87.66870615625598,89.66463139697176
0.8980000000000007,-0.5202283888168646,1.190375491190943,2.8774352317605425,2.051128844665733,87.62030663023015,89.67143547489587
0.9000000000000007,-0.5178315972508641,1.2064062283543304,2.8215329057867597,2.106745773027987,87.57145232869254,89.67819810172053
0.9020000000000007,-0.5154028422868617,1.2223387441576792,2.7655035157999803,2.162759090571597,87.52215574211705,89.68491483268865
0.9040000000000007,-0.5129423213222455,1.2381720842614077,2.7093509345532585,2.219151784931744,87.472429463131,89.69158124806273
0.9060000000000007,-0.5104502336584098,1.2539052990089201,2.6530790446996395,2.275906770642489,87.4222861836005,89.698192954243
0.9080000000000007,-0.5079267804913217,1.2695374434945623,2.5966917385662573,2.3330068931994554,87.3717386916793,89.70474558487875
0.9100000000000007,-0.5053721649019495,1.2850675776330678,2.540192917924092,2.390434933152016,87.32079986882096,89.71123480197298
0.9120000000000007,-0.5027865918465518,1.3004947662304764,2.483586493753359,2.448173610224486,87.26948268675517,89.71765629697965
0.9140000000000007,-0.5001702681468229,1.3158180790565126,2.4268763860045652,2.506205587465866,87.2178002044277,89.72400579189357
0.9160000000000007,-0.49752340247989096,1.331036590918401,2.370066523355203,2.5645134754275696,87.16576556490477,89.73027904033235
0.9180000000000007,-0.49484620536816915,1.3461493817361052,2.313160842962108,2.6230798363686145,87.11339199224166,89.73647182861028
0.9200000000000007,-0.49213888916905313,1.361155536618967,2.256163290209481,2.6818871884876594,87.06069278831626,89.74257997680392
0.9220000000000007,-0.48940166806446467,1.3760541459437257,2.1990778184525976,2.7409180101812542,87.00768132962781,89.74859933980908
0.9240000000000007,-0.4866347580502377,1.3908443054338973,2.1419083887571957,2.800154744327707,86.95437106406081,89.75452580838852
0.9260000000000007,-0.48383837692534454,1.405525116240487,2.0846589696345825,2.859579802595823,86.90077550761497,89.76035531021078
0.9280000000000007,-0.48101274428095875,1.4200956850240136,2.0273335367724714,2.9191755697777984,86.84690824110159,89.76608381087938
0.9300000000000007,-0.47815808148935335,1.4345551240378203,1.9699360727615605,2.978924408145562,86.79278290680642,89.77170731495198
0.9320000000000007,-0.4752746116926307,1.4489025512126434,1.9124705668178934,3.0388086618297256,86.73841320512003,89.77722186694974
0.9340000000000007,-0.47236255979128217,1.4631370902424143,1.8549410145010201,3.098810661220372,86.68381289113562,89.78262355235599
0.9360000000000007,-0.469422152432575,1.4772578706712638,1.797351417427993,3.158912727388756,86.62899577121567,89.78790849860442
0.9380000000000007,-0.466453617998764,1.4912640279817015,1.739705782983222,3.2190971765291296,86.57397569952713,89.79307287605626
0.9400000000000007,-0.4634571865951255,1.505154703683938,1.6820081240242368,3.2793463244196706,86.5187665745463,89.79811289896598
0.9420000000000007,-0.46043309003781197,1.518929045406318,1.6242624585833791,3.3396424909016225,86.4633823355341,89.80302482643573
0.9440000000000007,-0.45738156184152423,1.5325862069868355,1.5664728095654836,3.3999680043756415,86.4078369589821,89.80780496335774
0.9460000000000007,-0.45430283720700004,1.5461253485656916,1.5086432044415714,3.4603052063143007,86.3521444550304,89.8124496613447
0.9480000000000007,-0.4511971530083161,1.559545636678866,1.450777674938617,3.5206364557897354,86.29631886385788,89.81695531964762
0.9500000000000007,-0.44806474778000216,1.5728462443526627,1.3928802567254284,3.580944134015326,86.24037425204563,89.82131838606095
0.9520000000000007,-0.4449058617039653,1.586026351199196,1.3349549890946957,3.641210648900252,86.18432470891483,89.82553535781508
0.9540000000000007,-0.44172073659622185,1.5990851435127793,1.277005914641261,3.7014184396158267,86.12818434283935,89.82960278245517
0.9560000000000007,-0.43850961589343607,1.6120218143671752,1.2190370789366596,3.761549981172391,86.07196727753413,89.83351725870652
0.9580000000000007,-0.43527274463926324,1.6248355637136735,1.1610525302000103,3.8215877890055165,86.01568764832084,89.83727543732635
0.9600000000000007,-0.43201036947049604,1.6375255984799524,1.1030563189652858,3.881514423570315,85.95935959837101,89.84087402194132
0.9620000000000007,-0.42872273860301213,1.6500911326696832,1.045052497745056,3.941312494942515,85.90299727492817,89.84430976987068
0.9640000000000007,-0.42541010181752226,1.6625313874628385,0.9870451206907549,4.000964667425052,85.84661482550985,89.8475794929349
0.9660000000000007,-0.42207271044511663,1.674845591316659,0.9290382432495456,4.060453664158737,85.79022639409057,89.85068005824931
0.9680000000000007,-0.418710817352609,1.687032980067239,0.8710359218178478,4.119762271735709,85.7338461172669,89.85360838900262
0.9700000000000008,-0.41532467692767705,1.6990927970316805,0.8130422133916118,4.17887334481418,85.67748812040595,89.85636146522013
0.9720000000000008,-0.41191454506379765,1.71102429311078,0.7550611752134095,4.237769810733131,85.62116651377787,89.85893632451099
0.9740000000000008,-0.40848067914497643,1.7228267268921935,0.6970968644164164,4.296434674125367,85.56489538867453,89.8613300627999
0.9760000000000008,-0.4050233380302707,1.7344993647540408,0.6391533376653777,4.354851021527566,85.50868881351471,89.86353983504227
0.9780000000000008,-0.40154278203810445,1.746041480968896,0.5812346507946256,4.41300202598571,85.45256082993752,89.86556285592323
0.9800000000000008,-0.39803927293037544,1.7574523578081234,0.5233448584432527,4.470870951654349,85.39652544888543,89.86739640053977
0.9820000000000008,-0.3945130738963529,1.7687312856465043,0.4654880136875077,4.5284411583881985,85.34059664667794,89.86903780506614
0.9840000000000008,-0.39096444953636583,1.7798775630671104,0.4076681676705203,4.585696106324387,85.28478836107759,89.87048446740198
0.9860000000000008,-0.38739366584528173,1.790890496966373,0.34988936922943736,4.64261936045376,85.2291144873493,89.87173384780307
0.9880000000000008,-0.3838009901957744,1.801769402659298,0.29215566452007113,4.699194595179628,85.17358887431493,89.87278346949456
0.9900000000000008,-0.3801866913213818,1.812513603984777,0.2344710966391479,4.755405598862216,85.1182253204041,89.8736309192663
0.9920000000000008,-0.37655103929935263,1.8231224334109435,0.17683970524426407,4.811236278347211,85.06303756970293,89.87427384805014
0.9940000000000008,-0.37289430553328295,1.8335952321405244,0.11926552617163955,4.866670663476611,85.00803930800235,89.87470997147896
0.9960000000000008,-0.3692167627355415,1.8439313502161316,0.06175259105178066,4.921692911580225,84.95324415884704,89.87493707042726
0.9980000000000008,-0.36551868490948464,1.8541301466254467,0.004304926923151875,4.976287311946014,84.89866567958701,89.87495299153302
1.0000000000000007,-0.36180034733146155,1.8641909894062418,-0.05307344415604698,5.030438290267565,84.84431735743324,89.87475564770081
1.0020000000000007,-0.358062026532609,1.8741132557511884,-0.11037850549786832,5.084130413066864,84.79021260551872,89.87434301858558
1.0040000000000007,-0.35430400028043696,1.8838963321123963,-0.16760624617628705,5.137348392090647,84.7363647589669,89.87371315105754
1.0060000000000007,-0.35052654756020574,1.8935396143056349,-0.22475266142042294,5.190077088678412,84.682787070969,89.8728641596474
1.0080000000000007,-0.34672994855609457,1.903042507614179,-0.2818137530092124,5.242301518100429,84.62949270887155,89.87179422697199
1.0100000000000007,-0.34291448463216323,1.9124044268922287,-0.33878552966741227,5.2940068538637775,84.5764947502763,89.87050160414007
1.0120000000000007,-0.33908043831310725,1.9216247966678468,-0.39566400746282504,5.345178431984633,84.523806179154,89.86898461113863
1.0140000000000007,-0.3352280932648076,1.9307030512453642,-0.45244521020462125,5.395801755224993,84.47143988197335,89.86724163719835
1.0160000000000007,-0.33135773427467663,1.9396386348071943,-0.509125169842652,5.445862497291951,84.4194086438475,89.86527114113946
1.0180000000000007,-0.3274696472318001,1.9484310015150066,-0.5656999268676222,5.495346506997626,84.36772514469926,89.86307165169688
1.0200000000000007,-0.32356411910687866,1.9570796156102042,-0.622165530712012,5.544239812378,84.31640195544705,89.86064176782504
1.0220000000000007,-0.31964143793196825,1.9655839515136502,-0.6785180401516215,5.592528624768699,84.2654515342131,89.8579801589818
1.0240000000000007,-0.3157018927800223,1.9739434939245917,-0.7347535237076177,5.640199342835872,84.21488622255598,89.85508556539185
1.0260000000000007,-0.3117457737442368,1.9821577379187247,-0.7908680600489602,5.68723855656042,84.1647182417286,89.85195679828901
1.0280000000000007,-0.30777337191719994,1.99022618904535,-0.8468577383950815,5.733633051173502,84.11495968896423,89.84859274013773
1.0300000000000007,-0.30378497936984894,1.998148363423563,-0.9027186589187006,5.779369811041713,84.06562253379161,89.84499234483333
1.0320000000000007,-0.2997808891302348,2.005923787837427,-0.9584469331486365,5.824436023499887,84.01671861438119,89.84115463788108
1.0340000000000007,-0.2957613951620985,2.0135519998300753,-1.0140386843725055,5.868819082629793,83.96825963392432,89.83707871655412
1.0360000000000007,-0.29172679234325927,2.0210325477966915,-1.0694900480391656,5.912506592982878,83.920257157047,89.83276375002988
1.0380000000000007,-0.2876773764438189,2.028364991076314,-1.1247971721607906,5.955486373245166,83.87272260626,89.82820897950516
1.0400000000000007,-0.28361344410418327,2.035548900042414,-1.1799562177144391,5.997746459842641,83.82566725844711,89.82341371828976
1.0420000000000007,-0.2795352928129038,2.0425838561921914,-1.234963359042995,6.039275110485179,83.77910224139313,89.81837735187831
1.0440000000000007,-0.27544322088434203,2.0494694522345482,-1.289814784255345,6.080060807647311,83.73303853035374,89.81309933800105
1.0460000000000007,-0.27133752743615935,2.056205292176674,-1.3445066956256762,6.120092261984064,83.68748694466828,89.80757920665235
1.0480000000000007,-0.2672185123666351,2.0627909914092055,-1.399035309991754,6.15935841568014,83.64245814441792,89.80181656009806
1.0500000000000007,-0.2630864763318157,2.0692261767899063,-1.4533968591520603,6.197848445730628,83.59796262713036,89.79581107286099
1.0520000000000007,-0.2589417207224983,2.0755104867258143,-1.5075875902616556,6.235551767151656,83.55401072453311,89.78956249168478
1.0540000000000007,-0.2547845476410512,2.081643571253816,-1.5616037662266455,6.272458036119246,83.51061259935662,89.78307063547587
1.0560000000000007,-0.25061525987807487,2.087625092119594,-1.6154416660971203,6.308557153034685,83.46777824218942,89.77633539522411
1.0580000000000007,-0.24643416088890718,2.0934547228549016,-1.669097585458439,6.34383926551483,83.42551746838676,89.76935673390159
1.0600000000000007,-0.24224155476997525,2.0991321488531227,-1.7225678368207316,6.378294771305779,83.3838399150338,89.76213468633958
1.0620000000000007,-0.23803774623499813,2.104657067443064,-1.7758487500064928,6.411914321118181,83.34275503796606,89.75466935908423
1.0640000000000007,-0.23382304059104378,2.110029187960941,-1.828936672536147,6.444688821382872,83.30227210884756,89.74696093023043
1.0660000000000007,-0.22959774371444383,2.1152482318205124,-1.881827970011444,6.476609436925091,83.26240021230907,89.73900964923416
1.0680000000000007,-0.22536216202656997,2.1203139325813165,-1.9345190264965866,6.507667593555969,83.22314824314763,89.7308158367036
1.0700000000000007,-0.2211166024694758,2.1252260360149737,-1.9870062448969334,6.537854980579782,83.18452490358867,89.72237988416845
1.0720000000000007,-0.21686137248140802,2.1299843001695065,-2.0392860473351897,6.567163553215551,83.1465387006127,89.71370225382825
1.0740000000000007,-0.21259677997219117,2.1345884954316428,-2.0913548755249325,6.595585534931647,83.10919794334762,89.70478347827927
1.0760000000000007,-0.2083231332984895,2.1390384045870605,-2.1432091911413735,6.6231134196920705,83.0725107405282,89.69562416022028
1.0780000000000007,-0.2040407412389507,2.1433338228785352,-2.1948454761892258,6.649739974113107,83.03648499802412,89.68622497213723
1.0800000000000007,-0.19974991296923533,2.1474745580619534,-2.2462602333675634,6.675458239529138,83.00112841643792,89.67658665596706
1.0820000000000007,-0.19545095803693652,2.151460430460157,-2.2974499864315536,6.700261533966315,82.96644848877422,89.66671002274053
1.0840000000000007,-0.19114418633639396,2.155291273014581,-2.3484112805509487,6.72414345402312,82.93245249818146,89.65659595220458
1.0860000000000007,-0.1868299080834071,2.158966931334652,-2.399140682665222,6.747097876656498,82.89914751576724,89.64624539242374
1.0880000000000007,-0.18250843378985163,2.162487263744917,-2.449634781835233,6.769118960872581,82.8665403984889,89.63565935936147
1.0900000000000007,-0.17818007423820406,2.1658521413298657,-2.499890189591318,6.790201149321113,82.83463778711993,89.62483893644105
1.0920000000000007,-0.1738451404559791,2.1690614479764196,-2.5499035402776906,6.810339169792298,82.80344610429401,89.61378527408631
1.0940000000000007,-0.16950394369008415,2.1721150804140583,-2.5996714913930483,6.829528036615503,82.77297155262703,89.60249958924253
1.0960000000000008,-0.16515679538109618,2.175012948252553,-2.6491907239272754,6.8477630519586885,82.7432201129188,89.5909831648775
1.0980000000000008,-0.1608040071374655,2.177754974017283,-2.6984579426941444,6.865039807027878,82.71419754243496,89.57923734946284
1.1000000000000008,-0.15644589070965126,2.1803410931821072,-2.747469876659911,6.8813541831658736,82.68590937327038,89.56726355643625
1.1020000000000008,-0.15208275796419363,2.182771254199771,-2.7962232792677018,6.896702352849503,82.65836091079473,89.55506326364423
1.1040000000000008,-0.14771492085772786,2.1850454185298167,-2.8447149287576052,6.911080780584759,82.63155723218128,89.54263801276603
1.1060000000000008,-0.14334269141094486,2.187163560663988,-2.8929416284823546,6.92448622369918,82.60550318501953,89.5299894087187
1.1080000000000008,-0.1389663816825035,2.189125668149098,-2.9409002072185277,6.936915733031022,82.58020338601264,89.51711911904366
1.1100000000000008,-0.1345863037428998,2.190931741607347,-2.9885875194731613,6.948366653514657,82.55566221976026,89.50402887327492
1.1120000000000008,-0.13020276964829797,2.192581794754073,-3.036000445785696,6.9588366246617905,82.53188383762739,89.49072046228918
1.1140000000000008,-0.12581609141432865,2.194075854412915,-3.083135893025166,6.968323580938134,82.50887215670014,89.47719573763827
1.1160000000000008,-0.12142658098985928,2.1954139605283807,-3.129990794682543,6.976825752035218,82.48663085882858,89.4634566108638
1.1180000000000008,-0.11703455023074201,2.196596166175799,-3.1765621111581686,6.984341663037114,82.46516338975742,89.44950505279454
1.1200000000000008,-0.11264031087354431,2.1976225375686487,-3.222846830044178,6.990870134481771,82.44447295834523,89.435343092827
1.1220000000000008,-0.10824417450926763,2.198493154063254,-3.268841966401854,6.996410282316998,82.42456253587183,89.42097281818883
1.1240000000000008,-0.10384645255705917,2.1992081081608355,-3.314544563033832,7.000961517750874,82.40543485543516,89.40639637318604
1.1260000000000008,-0.09944745623792234,2.19976750550691,-3.359951690751079,7.004523546996591,82.38709241143737,89.39161595843396
1.1280000000000008,-0.09504749654843096,2.2001714648880366,-3.405060448634597,7.00709637091189,82.36953745916028,89.37663383007218
1.1300000000000008,-0.09064688423445272,2.200420118225895,-3.4498679642917636,7.008680284533006,82.35277201443103,89.36145229896402
1.1320000000000008,-0.08624592976488704,2.2005136105687075,-3.494371394107263,7.009275876503444,82.33679785337725,89.34607372988069
1.1340000000000008,-0.08184494330542293,2.2004521000799877,-3.5385679234885448,7.008884028397756,82.32161651227254,89.3305005406703
1.1360000000000008,-0.07744423469232177,2.2002357580246277,-3.5824547671057463,7.007505913940557,82.30722928747193,89.31473520141249
1.1380000000000008,-0.07304411340623083,2.1998647687523176,-3.6260291691260376,7.005142998121215,82.29363723543727,89.29878023355849
1.1400000000000008,-0.06864488854603243,2.199339329678305,-3.669288403442327,7.001797036204539,82.28084117285272,89.28263820905725
1.1420000000000008,-0.06424686880273432,2.1986596512614933,-3.7122297738962855,6.997470072637979,82.26884167683,89.26631174946797
1.1440000000000008,-0.05985036243340653,2.197825956979892,-3.7548506144956435,6.992164439855829,82.25763908520334,89.24980352505916
1.1460000000000008,-0.055455677235169906,2.1968384833034174,-3.797148289625719,6.985882756981034,82.2472334969138,89.23311625389482
1.1480000000000008,-0.051063120519241736,2.1956974796640583,-3.839120194255136,6.978627928425238,82.23762477248275,89.21625270090799
1.1500000000000008,-0.046672999085043645,2.1944032084234157,-3.880763754135699,6.970403142387754,82.22881253457412,89.19921567696187
1.1520000000000008,-0.04228561919437704,2.192955944837626,-3.922076425996395,6.961211869254279,82.22079616864492,89.18200803789921
1.1540000000000008,-0.03790128654567129,2.19135597701968,-3.9630556977314813,6.951057859895994,82.21357482368408,89.16463268358008
1.1560000000000008,-0.0335203062483099,2.189603605899156,-4.003699088582647,6.93994514387016,82.2071474130382,89.14709255690836
1.1580000000000008,-0.02914298279703975,2.1876991451793786,-4.044004149315214,6.927878027522935,82.20151261532459,89.12939064284753
1.1600000000000008,-0.024769620046468613,2.1856429212920188,-4.083968462388359,6.914861091995497,82.19666887543038,89.11152996742587
1.1620000000000008,-0.020400521185655978,2.1834352733491604,-4.123589642119351,6.9008991911344095,82.19261440559735,89.09351359673177
1.1640000000000008,-0.01603598871280229,2.1810765530928453,-4.1628653348417615,6.885997449307476,82.18934718659165,89.07534463589913
1.1660000000000008,-0.011676324410041584,2.178567124842121,-4.2017932190576675,6.870161259126001,82.18686496895769,89.0570262280837
1.1680000000000008,-0.007321829318342507,2.1759073654376127,-4.2403710055838255,6.853396279074839,82.18516527435546,89.0385615534303
1.1700000000000008,-0.0029728037125226524,2.1730976641836453,-4.2785964376918,6.835708431051379,82.18424539698012,89.01995382803149
1.1720000000000008,0.0013704529236189212,2.170138422787935,-4.316467291242064,6.817103897814738,82.18410240506358,89.00120630287832
1.1740000000000008,0.005707641922046148,2.1670300552988833,-4.353981374812059,6.7975891203465295,82.18473314245652,88.98232226280305
1.1760000000000008,0.01003846545510262,2.163772988040493,-4.391136529818228,6.777170795124612,82.18613423029012,88.96330502541474
1.1780000000000008,0.014362626559995744,2.1603676595449395,-4.427930630632011,6.755855871311169,82.18830206871642,88.9441579400276
1.1800000000000008,0.018679829163143705,2.156814520482829,-4.464361584689836,6.733651547856663,82.19123283872652,88.92488438658319
1.1820000000000008,0.022989778104380666,2.1531140335911663,-4.500427332597095,6.710565270521158,82.19492250404473,88.90548777456588
1.1840000000000008,0.027292179161015652,2.1492666735990698,-4.536125848226139,6.686604728814544,82.19936681309864,88.88597154191318
1.1860000000000008,0.031586739071740616,2.145272927151268,-4.571455138808296,6.661777852857266,82.20456130106284,88.86633915392011
1.1880000000000008,0.03587316556038333,2.141133292729407,-4.606413245019942,6.6360928101632375,82.21050129197567,88.84659410213891
1.1900000000000008,0.040151167359500715,2.1368482805712046,-4.640998241062647,6.60955800234655,82.2171819009277,88.82673990327424
1.1920000000000008,0.044420454233808374,2.132418412587491,-4.675208234737417,6.582182061753739,82.22459803632017,88.80678009807392
1.1940000000000008,0.04868073700344209,2.1278442222771687,-4.709041367513066,6.5539738480232925,82.23274440219281,88.7867182502161
1.1960000000000008,0.052931727567047254,2.123126254640129,-4.742495814588758,6.524942444574273,82.24161550061874,88.76655794519301
1.1980000000000008,0.05717313892469206,2.1182650660881706,-4.775569784950731,6.495097155025772,82.25120563416597,88.74630278919174
1.2000000000000008,0.06140468520060058,2.11326122435395,-4.808261521423262,6.4644474995490695,82.26150890842331,88.72595640797238
1.2020000000000008,0.06562608166570186,2.1081153083980153,-4.840569300713906,6.433003211154396,82.27251923458961,88.70552244574401
1.2040000000000008,0.06983704475999113,2.1028279083139525,-4.87249143345305,6.400774231914165,82.28423033212482,88.68500456403899
1.2060000000000008,0.07403729211469948,2.0973996252316978,-4.9040262642278165,6.3677707091246,82.29663573146104,88.66440644058564
1.2080000000000009,0.0782265425742684,2.0918310712190524,-4.9351721716103905,6.334002991407721,82.30972877677243,88.64373176818015
1.2100000000000009,0.08240451621812556,2.0861228691814437,-4.965927568180789,6.299481624755637,82.32350262880209,88.62298425355773
1.2120000000000009,0.08657093438225832,2.080275652759981,-4.996290900544143,6.264217348519161,82.33795026774439,88.60216761626356
1.2140000000000009,0.09072551968058189,2.0742900662278454,-5.026260649342546,6.228221091342739,82.35306449618123,88.58128558752398
1.2160000000000009,0.09486799602609837,2.0681667643850643,-5.05583532926151,6.191503967047739,82.3688379420704,88.56034190911814
1.2180000000000009,0.09899808865184401,2.0619064124517124,-5.0850134890311125,6.1540772704661135,82.3852630617845,88.53934033225062
1.2200000000000009,0.1031155241316212,2.05550968595959,-5.113793711421865,6.115952473226548,82.40233214319876,88.5182846164253
1.2220000000000009,0.10722003040051233,2.048977270642423,-5.142174613235392,6.077141219495104,82.420037308826,88.4971785283211
1.2240000000000009,0.11131133677517269,2.0423098623246334,-5.17015484528997,6.037655321672501,82.43837051899692,88.47602584066942
1.2260000000000009,0.11538917397389947,2.0355081668087265,-5.197733092400994,5.9975067560500905,82.45732357508437,88.45483033113446
1.2280000000000009,0.1194532741364742,2.0285728997613477,-5.224908073356447,5.956707658426614,82.47688812276934,88.43359578119595
1.2300000000000009,0.12350337084377602,2.021504786598053,-5.251678540887437,5.915270319687946,82.49705565534727,88.41232597503522
1.2320000000000009,0.12753919913716322,2.0143045623668456,-5.278043281633867,5.873207181351765,82.51781751707304,88.3910246984248
1.2340000000000009,0.1315604955376207,2.006972971630526,-5.304001116105324,5.830530831079468,82.53916490654235,88.36969573762183
1.2360000000000009,0.13556699806467098,1.9995107683479074,-5.329550898637259,5.78725399815728,82.56108888010836,88.34834287826564
1.2380000000000009,0.13955844625504654,1.991918715753946,-5.354691517342525,5.743389548948778,82.5835803553313,88.32696990428009
1.2400000000000009,0.14353458118112133,1.9841975862388332,-5.379421894058357,5.698950482320904,82.60663011445968,88.30558059678059
1.2420000000000009,0.1474951454690996,1.9763481612261065,-5.40374098428888,5.6539499250456045,82.63022880794095,88.28417873298656
1.2440000000000009,0.15143988331695982,1.9683712310498218,-5.427647777143209,5.60840112717918,82.65436695796025,88.26276808513943
1.2460000000000009,0.15536854051215226,1.9602675948308452,-5.451141295269242,5.562317457421466,82.67903496200496,88.24135241942643
1.2480000000000009,0.15928086444904813,1.9520380603523093,-5.474220594783214,5.515712398456955,82.70422309645383,88.21993549491079
1.2500000000000009,0.16317660414613896,1.9436834439342874,-5.4968847651951,5.468599542279907,82.72992152018855,88.19852106246846
1.252000000000001,0.16705551026298457,1.935204570307735,-5.519132929329965,5.42099258550559,82.75612027822602,88.17711286373161
1.254000000000001,0.17091733511690815,1.9266022724877507,-5.540964243245316,5.372905324669639,82.78280930536981,88.15571463003945
1.256000000000001,0.17476183269943737,1.9178773916462049,-5.562377896144583,5.324351651517652,82.80997842987883,88.13433008139648
1.258000000000001,0.17858875869249,1.9090307769837878,-5.583373110286783,5.275345548287041,82.83761737715143,88.11296292543847
1.260000000000001,0.1823978704843032,1.9000632856015276,-5.6039491408924755,5.225901082983144,82.86571577342352,88.09161685640666
1.262000000000001,0.18618892718510532,1.8909757823718276,-5.6241052760460875,5.17603240465163,82.8942631494786,88.07029555413024
1.264000000000001,0.18996168964252932,1.881769139809072,-5.643840836594709,5.125753738649183,82.92324894436831,88.04900268301749
1.266000000000001,0.19371592045676705,1.8724442379398503,-5.663155176043437,5.075079381914406,82.95266250914156,88.02774189105597
1.268000000000001,0.1974513839954636,1.8630019641728517,-5.682047680447371,5.02402369824094,82.98249311058066,88.0065168088216
1.270000000000001,0.20116784640835117,1.8534432131684735,-5.700517768300339,4.972601113554687,83.01272993494308,87.98533104849777
1.272000000000001,0.20486507564162193,1.8437688867081967,-5.718564890420459,4.920826111197061,83.04336209170651,87.96418820290357
1.274000000000001,0.20854284145203936,1.833979893563775,-5.736188529832613,4.8687132272161415,83.07437861731631,87.94309184453246
1.276000000000001,0.21220091542078792,1.8240771493662855,-5.753388201647944,4.816277045667592,83.10576847893329,87.92204552460088
1.278000000000001,0.21583907096706073,1.8140615764750878,-5.77016345294045,4.7635321939271575,83.13752057818044,87.9010527721076
1.280000000000001,0.21945708336138497,1.80393410384674,-5.786513862620783,4.710493338016562,83.16962375488707,87.88011709290363
1.282000000000001,0.2230547297386853,1.793695666903916,-5.80243904130733,4.6571751779445885,83.20206679082843,87.85924196877302
1.284000000000001,0.22663178911108492,1.7833472074043715,-5.817938631194685,4.603592443065043,83.23483841346001,87.83843085652505
1.286000000000001,0.23018804238044496,1.7728896733100046,-5.833012305919592,4.549759887453385,83.26792729964427,87.81768718709766
1.288000000000001,0.2337232723506419,1.7623240186560536,-5.847659770424459,4.49569228530367,83.3013220793687,87.79701436467238
1.290000000000001,0.2372372637395835,1.751651203420479,-5.861880760818526,4.44140442634744,83.33501133945393,87.77641576580137
1.292000000000001,0.24072980319096401,1.740872193393571,-5.875675044236793,4.386911111296269,83.36898362725002,87.75589473854629
1.294000000000001,0.24420067928575853,1.729987960047827,-5.889042418696782,4.332227147309455,83.40322745431976,87.73545460162921
1.296000000000001,0.24764968255345762,1.7189994804081423,-5.90198271295324,4.277367343488489,83.43773130010786,87.71509864359635
1.298000000000001,0.2510766054830426,1.7079077369223525,-5.9144957863508605,4.222346506399801,83.47248361559414,87.69483012199395
1.300000000000001,0.2544812425337024,1.696713717332172,-5.926581528675131,4.167179435627259,83.50747282692991,87.67465226255717
1.302000000000001,0.25786339014529247,1.6854184145445672,-5.938239860001368,4.111880919355909,83.54268733905592,87.65456825841183
1.304000000000001,0.2612228467485372,1.6740228265036046,-5.949470730542059,4.056465729988358,83.5781155393008,87.63458126928916
1.306000000000001,0.26455941277497624,1.662527956062812,-5.960274120492581,4.000948619795194,83.61374580095874,87.61469442075393
1.308000000000001,0.26787289066665654,1.6509348108580917,-5.970650039875386,3.9453443166007545,83.64956648684516,87.59491080344591
1.310000000000001,0.2711630848855702,1.6392444031812223,-5.980598528382749,3.8896675195056516,83.68556595282911,87.57523347233476
1.312000000000001,0.27442980192284067,1.627457749853986,-5.990119655218146,3.833932894647194,83.72173255134165,87.55566544598884
1.314000000000001,0.27767285030765687,1.6155758721029563,-5.999213518936378,3.7781550709990843,83.75805463485854,87.53620970585763
1.316000000000001,0.2808920406159587,1.6035997954349828,-6.007880247282481,3.7223486362114766,83.79452055935657,87.51686919556805
1.318000000000001,0.28408718547887335,1.5915305495134042,-6.016119997029552,3.66652813249264,83.83111868774246,87.4976468202351
1.320000000000001,0.2872580995909054,1.579369168035026,-6.023932953815542,3.6107080525333104,83.8678373932532,87.47854544578651
1.322000000000001,0.2904045997178813,1.5671166886078916,-6.031319331979105,3.5549028354748518,83.90466506282658,87.45956789830143
1.324000000000001,0.2935265047046502,1.5547741526298817,-6.038279374394596,3.4991268629222216,83.94159010044186,87.44071696336408
1.326000000000001,0.29662363548254306,1.54234260516817,-6.0448133523062655,3.4433944550028506,83.97860093042843,87.42199538543127
1.328000000000001,0.2996958150765916,1.5298230948395646,-6.0509215651617705,3.3877198664723016,84.01568600074268,87.40340586721497
1.330000000000001,0.3027428686125084,1.5172166736917676,-6.056604340445045,3.3321172828677224,84.0528337862115,87.38495106907922
1.332000000000001,0.3057646233234309,1.5045243970855753,-6.0618620335086195,3.276600816709971,84.09003279174203,87.366633608452
1.334000000000001,0.30876090855643074,1.491747323578049,-6.06669502740546,3.2211845037552633,84.12727155549655,87.34845605925182
1.336000000000001,0.31173155577879,1.4788865148066825,-6.071103732720405,3.1658822992971882,84.16453865203185,87.33042095132905
1.338000000000001,0.3146763985840475,1.4659430353745908,-6.0750885874012654,3.1107080745198474,84.20182269540271,87.31253076992256
1.340000000000001,0.3175952726978156,1.452917952736742,-6.078650056589657,3.0556756129029274,84.23911234222813,87.29478795513106
1.342000000000001,0.3204880159833716,1.4398123370872589,-6.081788632451641,3.0007986066793335,84.27639629472024,87.27719490139958
1.344000000000001,0.32335446844702387,1.426627261247811,-6.084504834008234,2.9460906533461375,84.31366330367494,87.25975395702108
1.346000000000001,0.3261944722432565,1.4133638005571172,-6.0867992069658605,2.8915652522294506,84.3509021714238,87.24246742365325
1.348000000000001,0.32900787167965373,1.4000230327615795,-6.088672323546799,2.837235801103806,84.38810175474659,87.22533755585039
1.350000000000001,0.331794513221607,1.38660603790707,-6.0901247823196965,2.7831155928666496,84.42525096774406,87.20836656061071
1.352000000000001,0.3345542454968068,1.373113898231885,-6.09115720803021,2.7292178122684656,84.4623387846701,87.19155659693855
1.354000000000001,0.3372869192995211,1.359547698060887,-6.0917702514318375,2.6755555326990232,84.49935424272319,87.17490977542221
1.356000000000001,0.33999238759466405,1.3459085237008497,-6.091964589116985,2.6221417130302003,84.53628644479663,87.15842815782683
1.358000000000001,0.34267050552165595,1.3321974633370215,-6.09174092334834,2.5689891945158476,84.57312456218689,87.14211375670274
1.360000000000001,0.3453211303980779,1.3184156069309219,-6.091099981890602,2.5161106977490615,84.60985783725991,87.12596853500897
1.362000000000001,0.3479441217231231,1.3045640461193853,-6.0900425178426225,2.4635188196772138,84.64647558607503,87.10999440575225
1.364000000000001,0.3505393411808478,1.2906438741148634,-6.088569309470001,2.411226030675117,84.6829672009659,87.09419323164103
1.366000000000001,0.3531066526432236,1.2766561856069996,-6.0866811600382045,2.3592446716765734,84.71932215307861,87.07856682475519
1.368000000000001,0.35564592217299484,1.2626020766654837,-6.084378897646236,2.307586951364586,84.7555299948661,87.06311694623068
1.370000000000001,0.3581570180263423,1.2484826446442003,-6.081663375060916,2.2562649434204967,84.79158036253922,87.04784530595971
1.372000000000001,0.36063981065535716,1.2342989880866753,-6.078535469551824,2.205290583832203,84.82746297847385,87.03275356230606
1.374000000000001,0.36309417271032657,1.2200522066328325,-6.074996082726923,2.1546756682616692,84.86316765357402,87.0178433218357
1.376000000000001,0.36551997904183453,1.2057434009270656,-6.071046140368931,2.1044318494718697,84.89868428959059,87.00311613906246
1.378000000000001,0.36791710670267985,1.1913736725276303,-6.066686592272477,2.0545706348132513,84.93400288139597,86.98857351620921
1.380000000000001,0.37028543494961447,1.1769441238173655,-6.0619184120820595,2.005103383769837,84.96911351921413,86.97421690298397
1.382000000000001,0.3726248452449045,1.162455857915744,-6.056742597130876,1.9560413055650336,85.00400639080588,86.96004769637092
1.384000000000001,0.3749352212577167,1.1479099785922586,-6.051160168280534,1.907395456827127,85.03867178360989,86.94606724043702
1.386000000000001,0.3772164488653329,1.1333075901811447,-6.045172169761685,1.8591767393145482,85.07310008683864,86.93227682615318
1.388000000000001,0.37946841615419535,1.1186497974974432,-6.038779669015618,1.8113958977008164,85.10728179352978,86.9186776912306
1.390000000000001,0.38169101342078576,1.1039377057544015,-6.03198375653684,1.7640635174191859,85.14120750255285,86.90527101997203
1.392000000000001,0.38388413317234,1.0891724204822162,-6.024785545716661,1.7171900225668735,85.174867920571,86.89205794313787
1.394000000000001,0.38604767012740193,1.0743550474481125,-6.017186172687833,1.670785673868814,85.2082538639583,86.87903953782713
1.396000000000001,0.3881815212162188,1.0594866925777637,-6.009186796170244,1.6248605667008202,85.2413562606721,86.86621682737292
1.398000000000001,0.3902855855809805,1.0445684618780429,-6.000788597317715,1.5794246291720033,85.274166152081,86.853590781253
1.400000000000001,0.392359764575906,1.029601461361108,-5.991992779565891,1.5344876202663185,85.30667469474825,86.84116231501457
1.402000000000001,0.394403961767179,1.0145867969698141,-5.9828005684812755,1.4900591280430389,85.33887316217086,86.8289322902139
1.404000000000001,0.396418082932736,0.9995255745044482,-5.9732132116114185,1.4461485678959909,85.37075294647408,86.81690151437007
1.406000000000001,0.3984020360619089,0.9844188995507809,-5.963231978336257,1.4027651808712962,85.40230556006229,86.80507074093359
1.408000000000001,0.40035573135492514,0.9692678774094294,-5.952858159720651,1.3599180320434296,85.43352263722541,86.79344066926883
1.410000000000001,0.4022790812222679,0.9540736130265247,-5.94209306836811,1.3176160089493172,85.46439593570169,86.782011944651
1.412000000000001,0.4041720002838989,0.9388372109256732,-5.930938038275729,1.2758678200802145,85.49491733819696,86.77078515827716
1.414000000000001,0.4060344053683463,0.9235597751412071,-5.919394424690336,1.2346819934310862,85.52507885386018,86.75976084729126
1.416000000000001,0.40786621551166063,0.9082424091527128,-5.907463603965877,1.1940668751071792,85.55487261971601,86.74893949482319
1.418000000000001,0.4096673519562409,0.8928862158208268,-5.895146973422031,1.1540306279874875,85.58429090205425,86.73832153004173
1.420000000000001,0.4114377381495333,0.8774922973242906,-5.882445951204063,1.1145812304447726,85.61332609777644,86.7279073282212
1.422000000000001,0.4131772997426059,0.8620617550982507,-5.869361976143915,1.075726475121806,85.64197073570001,86.71769721082183
1.424000000000001,0.41488596458860055,0.8465956897737947,-5.85589650762256,1.0374739677634723,85.67021747782019,86.70769144558366
1.426000000000001,0.4165636627410654,0.8310952011187093,-5.842051025433595,0.9998311261043805,85.69805912052972,86.6978902466341
1.428000000000001,0.41821032645217004,0.8155613879794463,-5.8278270296480725,0.9628051788115969,85.72548859579699,86.68829377460858
1.430000000000001,0.41982589017080596,0.7999953482242859,-5.813226040480593,0.9264031644821129,85.75249897230256,86.67890213678467
1.432000000000001,0.42141029054057416,0.7843981786876797,-5.798249598156631,0.8906319306946605,85.7790834565347,86.66971538722937
1.434000000000001,0.422963466397663,0.7687709751157613,-5.782899262781101,0.8554981331154601,85.80523539384392,86.66073352695938
1.436000000000001,0.424485358768618,0.7531148321130072,-5.767176614208153,0.8210082346574936,85.83094826945677,86.65195650411427
1.438000000000001,0.42597591086800596,0.7374308430900333,-5.751083251912194,0.7871685046928725,85.85621570944977,86.64338421414264
1.440000000000001,0.42743506809597637,0.7217201002125101,-5.734620794860126,0.7539850183178791,85.881031481683,86.63501650000087
1.442000000000001,0.42886277803572104,0.70598369435118,-5.717790881384784,0.7214636556702412,85.90538949669431,86.62685315236455
1.444000000000001,0.43025899045083527,0.6902227150329592,-5.70059516905957,0.6896101012981949,85.92928380855403,86.61889390985223
1.446000000000001,0.4316236572825823,0.6744382503931057,-5.683035334574271,0.658429843580896,85.95270861568092,86.61113845926181
1.448000000000001,0.4329567326470629,0.6586313871284368,-5.6651130736120345,0.6279281741997133,85.97565826161927,86.60358643581898
1.450000000000001,0.43425817283229273,0.6428032104515758,-5.646830100727502,0.5981101876599622,85.99812723577791,86.59623742343787
1.452000000000001,0.4355279362951889,0.6269548040462092,-5.628188149226079,0.5689807808626072,86.0201101741309,86.58909095499351
1.454000000000001,0.4367659836584683,0.611087250023335,-5.609188971044307,0.5405446527254701,86.04160185988106,86.58214651260653
1.456000000000001,0.43797227770745933,0.595201628878483,-5.589834336631353,0.5128063038534804,86.06259722408586,86.57540352793934
1.458000000000001,0.4391467833868289,0.579299019449885,-5.570126034831559,0.48577003625749454,86.08309134624649,86.56886138250398
1.460000000000001,0.4402894677972268,0.5633804988775759,-5.550065872768059,0.459439953121216,86.10307945486025,86.56251940798147
1.462000000000001,0.44140030019184917,0.5474471425634037,-5.529655675727419,0.4338199586157402,86.1225569279369,86.55637688655264
1.464000000000001,0.4424792519729231,0.531500024131928,-5.508897287045299,0.40891375776125644,86.14151929347871,86.55043305123996
1.466000000000001,0.4435262966881134,0.5155402153921854,-5.487792567993087,0.3847248563354243,86.15996222992551,86.54468708626094
1.468000000000001,0.4445414100268541,0.49956878630029833,-5.466343397665505,0.36125656082796326,86.17788156656381,86.53913812739178
1.470000000000001,0.4455245698166061,0.4835868049229074,-5.444551672869138,0.3385119784409688,86.1952732839016,86.53378526234256
1.472000000000001,0.44647575601904216,0.4675953374014037,-5.422419308011875,0.3164940171344949,86.21213351400839,86.52862753114287
1.474000000000001,0.4473949507261613,0.45159544791693845,-5.399948234993229,0.29520538571692473,86.2284585408209,86.52366392653782
1.476000000000001,0.4482821381563341,0.4355881986561875,-5.37714040309549,0.27464859397966235,86.24424480041513,86.5188933943948
1.478000000000001,0.44913730465028,0.4195746497778474,-5.3539977788757165,0.2548259528756792,86.25948888124472,86.5143148341204
1.480000000000001,0.44996043866697855,0.40355585937984023,-5.330522346058495,0.23573957474145055,86.27418752434608,86.50992709908752
1.482000000000001,0.4507515307795155,0.3875328834672029,-5.306716105429466,0.21739137356181804,86.28833762351054,86.50572899707237
1.484000000000001,0.4515105736708657,0.3715067759206386,-5.282581074729561,0.19978306527732118,86.30193622542428,86.5017192907016
1.486000000000001,0.4522375621296133,0.3554785884657057,-5.258119288549934,0.18291616813354308,86.3149805297755,86.49789669790904
1.488000000000001,0.45293249304561134,0.3394493706426206,-5.233332798227544,0.16679200307201344,86.32746788932997,86.49425989240198
1.490000000000001,0.4535953654055813,0.3234201697766511,-5.208223671741354,0.15141169416222705,86.33939580997483,86.49080750413705
1.492000000000001,0.4542261802886542,0.3073920309490752,-5.182793993609115,0.13677616907432907,86.350761950731,86.48753811980532
1.494000000000001,0.45482494086185377,0.2913659969686823,-5.157045864784692,0.12288615959202799,86.36156412373467,86.4844502833267
1.496000000000001,0.45539165237552376,0.27534310834379233,-5.130981402555902,0.10974220216530306,86.37180029418779,86.4815424963531
1.498000000000001,0.45592632215869916,0.25932440325476797,-5.1046027404428225,0.09734463850247246,86.38146858027841,86.47881321878089
1.500000000000001,0.4564289596144234,0.24331091752699668,-5.077912028096528,0.0856936162011986,86.39056725307051,86.47626086927171
1.5020000000000011,0.4568995762150117,0.22730368460431777,-5.0509114311982275,0.07478908941800982,86.39909473636422,86.47388382578222
1.5040000000000011,0.4573381854972617,0.21130373552287007,-5.023603131358753,0.06463081957592141,86.40704960652607,86.471680426102
1.5060000000000011,0.4577448030576123,0.19531209888533657,-4.995989326018357,0.055218376109747905,86.4144305922901,86.46964896839985
1.5080000000000011,0.45811944654725134,0.1793298008355612,-4.968072228346796,0.04655113724870015,86.4212365745298,86.4677877117785
1.5100000000000011,0.45846213566717287,0.1633578650335138,-4.939854067143636,0.038628290835869265,86.42746658600106,86.46609487683693
1.5120000000000011,0.4587728921631845,0.14739731263057942,-4.911337086738756,0.031448835184203335,86.43311981105666,86.46456864624086
1.5140000000000011,0.45905173982086606,0.1314491622451473,-4.882523546893004,0.025011579968589367,86.43819558533204,86.46320716530063
1.5160000000000011,0.4592987044604791,0.11551442993847601,-4.853415722698956,0.019315147153657886,86.44269339540351,86.46200854255717
1.5180000000000011,0.45951381393182894,0.09959412919081091,-4.824015904481743,0.01435797195693469,86.44661287841788,86.46097085037482
1.5200000000000011,0.459697098109079,0.08368927087772976,-4.794326397699912,0.010138303846968694,86.44995382169475,86.46009212554172
1.5220000000000011,0.4598485888855178,0.06780086324669318,-4.764349522846249,0.006654207576071303,86.45271616230114,86.45937036987722
1.5240000000000011,0.4599683201682795,0.05192991189377628,-4.734087615348565,0.003903564247308582,86.45489998659897,86.45880355084628
1.5260000000000011,0.4600563278730182,0.03607741974055821,-4.703543025470347,0.001884072415393078,86.45650552976535,86.45838960218074
1.5280000000000011,0.46011264991853573,0.020244387011146368,-4.672718118211298,0.0005932492211279403,86.45753317528586,86.45812642450699
1.5300000000000011,0.46013732622136394,0.004431811209312148,-4.641615273207649,2.8431559061705373e-05,86.45798345442145,86.45801188598051
1.5320000000000011,0.4601303986903012,-0.011359312904284404,-4.610236884632264,0.00018677727801778203,86.45785704564837,86.45804382292638
1.5340000000000011,0.46009191122090354,-0.02712799333480382,-4.578585361094444,0.0010652664141681514,86.45715477407215,86.45822004048632
1.5360000000000011,0.4600219096899303,-0.042873240875892685,-4.546663125539427,0.002660702456326322,86.45587761081507,86.45853831327139
1.5380000000000011,0.4599204419497446,-0.05859406913232758,-4.514472615147517,0.004969713643139921,86.4540266723779,86.45899638602104
1.5400000000000011,0.4597875578226682,-0.07428949454265943,-4.482016281232791,0.007988754291868539,86.45160321997554,86.45959197426741
1.5420000000000011,0.45962330909529175,-0.08995853640188,-4.449296589141364,0.011714106158437626,86.44860865884698,86.46032276500542
1.5440000000000011,0.4594277495127388,-0.10560021688413189,-4.416316018149158,0.016141879828464135,86.44504453753989,86.46118641736835
1.5460000000000012,0.4592009347728849,-0.12121356106548345,-4.383077061359124,0.021268016138954453,86.44091254716955,86.46218056330851
1.5480000000000012,0.45894292252053087,-0.13679759694678914,-4.3495822255978815,0.02708828763037997,86.4362145206526,86.46330280828298
1.5500000000000012,0.45865377234153054,-0.15235135547665635,-4.315834031311731,0.03359830002883998,86.4309524319156,86.46455073194444
1.5520000000000012,0.45833354575687185,-0.16787387057453854,-4.281835012461992,0.04079349375802577,86.42512839507866,86.46592188883669
1.5540000000000012,0.4579823062167121,-0.18336417915397513,-4.247587716419642,0.048669145480704376,86.418744663614,86.46741380909471
1.5560000000000012,0.45760011909436643,-0.1988213211459974,-4.21309470385917,0.05722036966944397,86.41180362947976,86.4690239991492
1.5580000000000012,0.45718705168024926,-0.21424433952272,-4.178358548651669,0.06644212020630644,86.40430782222928,86.47074994243559
1.5600000000000012,0.4567431731757684,-0.22963228032113683,-4.143381837757053,0.07632919201123685,86.3962599080956,86.47258910010684
1.5620000000000012,0.4562685546871713,-0.24498419266713997,-4.10816717111541,0.08687622269888198,86.38766268905157,86.47453891175044
1.5640000000000012,0.4557632692193431,-0.26029912879978007,-4.072717161537433,0.09807769426357345,86.37851910184567,86.47659679610925
1.5660000000000012,0.4552273916695557,-0.2755761440957857,-4.037034434593871,0.10992793479221391,86.36883221701346,86.47876015180567
1.5680000000000012,0.4546609988211679,-0.2908142970943595,-4.001121628503986,0.12242112020480707,86.35860523786485,86.48102635806966
1.5700000000000012,0.45406416933727517,-0.30601264952226814,-3.96498139402296,0.13555127602237427,86.34784149944747,86.48339277546984
1.5720000000000012,0.45343698375430946,-0.32117026631924234,-3.9286163943282157,0.14931227916200296,86.33654446748574,86.48585674664774
1.5740000000000012,0.4527795244755874,-0.3362862156637039,-3.8920293049046095,0.16369785975877396,86.32471773729627,86.48841559705504
1.5760000000000012,0.4520918757648069,-0.3513595689988353,-3.855222813428466,0.17870160301431454,86.3123650326794,86.49106663569371
1.5780000000000012,0.4513741237394916,-0.36638940105900675,-3.818199619650398,0.19431695107172794,86.29949020478695,86.49380715585868
1.5800000000000012,0.4506263563643813,-0.38137478989657686,-3.7809624352769022,0.21053720491664857,86.28609723096636,86.49663443588301
1.5820000000000012,0.4498486634447693,-0.39631481690908,-3.7435139838506593,0.22735552630417405,86.27219021358121,86.49954573988539
1.5840000000000012,0.44904113661978423,-0.41120856686681573,-3.7058570006295333,0.2447649397114233,86.25777337880822,86.50253831851964
1.5860000000000012,0.4482038693556168,-0.42605512794085304,-3.667994232464211,0.26275833431547446,86.24285107541105,86.50560940972653
1.5880000000000012,0.4473369569386898,-0.4408535917314628,-3.629928437674462,0.2813284659964296,86.22742777349046,86.50875623948689
1.5900000000000012,0.446440496468771,-0.45560305329699147,-3.5916623859239727,0.3004679593653584,86.21150806321137,86.51197602257673
1.5920000000000012,0.4455145868520276,-0.4703026111831874,-3.5531988580937273,0.32016930981686803,86.19509665350681,86.51526596332367
1.5940000000000012,0.44455932879402205,-0.48495136745299233,-3.5145406461539013,0.3404248856060474,86.1781983707587,86.51862325636473
1.5960000000000012,0.4435748247926471,-0.4995484277168087,-3.475690553034236,0.36122692994952976,86.16081815745554,86.52204508740506
1.5980000000000012,0.44256117913100046,-0.5140929011632535,-3.4366513924928532,0.38256756315042156,86.14296107082728,86.5255286339777
1.6000000000000012,0.44151849787019726,-0.5285839005904089,-3.397425988983497,0.4044387847468307,86.12463228145744,86.52907106620427
1.6020000000000012,0.44044688884211924,-0.5430205424375802,-3.358017177521155,0.42683247568374466,86.10583707187213,86.53266954755587
1.6040000000000012,0.4393464616421003,-0.557401946817568,-3.3184278035460317,0.44974040050798064,86.0865808351069,86.53632123561488
1.6060000000000012,0.4382173276215468,-0.5717272375494659,-3.278660722785867,0.47315420958595267,86.06686907325056,86.54002328283651
1.6080000000000012,0.43705959988049176,-0.5859955421919897,-3.238718801116536,0.49706544134397646,86.04670739596675,86.54377283731073
1.6100000000000012,0.4358733932600818,-0.6002059920773472,-3.1986049144209385,0.5214655245308395,86.02610151899323,86.54756704352407
1.6120000000000012,0.4346588243349958,-0.6143577223456542,-3.1583219484461234,0.546345780502358,86.00505726261856,86.55140304312093
1.6140000000000012,0.43341601140579444,-0.628449871979905,-3.117872798658649,0.5716974255276354,85.98358055013705,86.55527797566468
1.6160000000000012,0.43214507449119877,-0.6424815838415002,-3.0772603700981342,0.597511573116733,85.96167740628123,86.55918897939796
1.6180000000000012,0.4308461353202975,-0.6564520047063418,-3.0364875772289874,0.623779236369462,85.93935395563274,86.5631331920022
1.6200000000000012,0.4295193173246815,-0.6703602853014954,-2.995557343790291,0.650491330344993,85.91661642101124,86.56710775135623
1.6220000000000012,0.42816474563050444,-0.6842055803424275,-2.9544726026438246,0.6776386744519837,85.89347112184149,86.57110979629347
1.6240000000000012,0.42678254705046803,-0.6979870485708202,-2.91323629562019,0.7052119948589021,85.86992447249929,86.57513646735819
1.6260000000000012,0.42537285007573145,-0.7117038527929653,-2.8718513733630404,0.7332019269242438,85.84598298063557,86.5791849075598
1.6280000000000012,0.4239357848677433,-0.7253551599187432,-2.830320795171384,0.7615990176463034,85.82165324547942,86.58325226312573
1.6300000000000012,0.422471483249995,-0.7389401410011855,-2.788647528839947,0.7903937281321765,85.79694195612014,86.58733568425231
1.6320000000000012,0.42098007869969434,-0.7524579712766248,-2.7468345504975793,0.8195764360856559,85.7718558897679,86.59143232585356
1.6340000000000012,0.41946170633935825,-0.7659078302054316,-2.704884844443694,0.8491374383136606,85.74640190999426,86.59553934830792
1.6360000000000012,0.4179165029283237,-0.779288901513339,-2.6628014029827196,0.879066953250868,85.72058696495138,86.59965391820225
1.6380000000000012,0.416344606854175,-0.7926003732333544,-2.6205872262565597,0.9093551235021621,85.69441808557133,86.6037732090735
1.6400000000000012,0.41474615812408694,-0.8058414377482586,-2.5782453220750416,0.9399920184025428,85.66790238374492,86.60789440214747
1.6420000000000012,0.4131212983560822,-0.8190112918336883,-2.5357787057443524,0.9709676365941109,85.64104705048058,86.61201468707469
1.6440000000000012,0.41147017077020226,-0.8321091367018029,-2.4931903998934453,1.0022719086197438,85.61385935404331,86.61613126266306
1.6460000000000012,0.4097929201795901,-0.8451341780455311,-2.450483434298417,1.033894699533056,85.58634663807416,86.62024133760721
1.6480000000000012,0.408089692981484,-0.858085626083395,-2.4076608457048394,1.0658258115242538,85.55851631969027,86.62434213121452
1.6500000000000012,0.40636063714812093,-0.8709626956049066,-2.3647256776480505,1.0980549865614537,85.53037588756564,86.62843087412709
1.6520000000000012,0.40460590221754894,-0.8837646060165347,-2.3216809802713962,1.1305719090470407,85.50193289999326,86.6325048090403
1.6540000000000012,0.4028256392843467,-0.8964905813882353,-2.27852981014242,1.1633662084886434,85.47319498292833,86.63656119141697
1.6560000000000012,0.40102000099024965,-0.9091398505005405,-2.2352752300669962,1.1964274621842577,85.44416982801339,86.64059729019765
1.6580000000000013,0.3991891415146811,-0.9217116468922002,-2.191920308901416,1.229745197921093,85.41486519058495,86.64461038850604
1.6600000000000013,0.39733321656518794,-0.93420520890837,-2.1484681213624106,1.2633088966876393,85.38528888766281,86.64859778435044
1.6620000000000013,0.3954523833677792,-0.9466197797493375,-2.1049217478351396,1.2971079953985138,85.35544879592145,86.65255679131997
1.6640000000000013,0.3935468006571665,-0.9589546075197801,-2.0612842741791173,1.3311318896315631,85.32535284964452,86.65648473927608
1.6660000000000013,0.3916166286669057,-0.9712089452785454,-2.017558791532105,1.3653699363767675,85.29500903866214,86.66037897503891
1.6680000000000013,0.38966202911943837,-0.983382051088945,-1.9737483961119662,1.3998114567963809,85.2644254062721,86.66423686306848
1.6700000000000013,0.38768316521603213,-0.9954731880695542,-1.9298561890164936,1.4344457389958454,85.23361004714442,86.66805578614027
1.6720000000000013,0.385680201626619,-1.0074816244455043,-1.885885276021213,1.469262040804904,85.20257110521024,86.67183314601515
1.6740000000000013,0.38365330447953044,-1.0194066336002607,-1.8418387673751813,1.5042495925683845,85.17131677153542,86.6755663641038
1.6760000000000013,0.38160264135112887,-1.0312474941278733,-1.797719777594783,1.5393975999461151,85.13985528217874,86.67925288212486
1.6780000000000013,0.3795283812553335,-1.0430034898856875,-1.753531425255542,1.5746952467213737,85.10819491603567,86.68289016275705
1.6800000000000013,0.37743069463304096,-1.0546739100475062,-1.7092768327819603,1.6101316976173288,85.07634399266757,86.68647569028491
1.6820000000000013,0.37530975334143873,-1.0662580491571878,-1.6649591262353973,1.6456961011208606,85.04431087011733,86.69000697123819
1.6840000000000013,0.3731657306432112,-1.0777552071826668,-1.6205814351000116,1.681377592313166,85.01210394271132,86.69348153502449
1.6860000000000013,0.370998801195637,-1.0891646895703861,-1.5761468920667783,1.7171652957065522,84.97973163884843,86.69689693455499
1.6880000000000013,0.36880914103957757,-1.100485807300124,-1.5316586328155979,1.7530483280867764,84.9472024187766,86.70025074686338
1.6900000000000013,0.36659692758835505,-1.111717876940202,-1.4871197957955276,1.7890158013603052,84.91452477235717,86.70354057371748
1.6920000000000013,0.3643623396165199,-1.1228602207030605,-1.442533522003146,1.825056825405864,84.88170721681772,86.70676404222358
1.6940000000000013,0.36210555724850674,-1.1339121665011824,-1.3979029547590782,1.8611605109295912,84.84875829449373,86.70991880542333
1.6960000000000013,0.359826761947178,-1.144873048003353,-1.3532312394827026,1.8973159723231592,84.81568657055968,86.71300254288283
1.6980000000000013,0.357526136502255,-1.1557422046912373,-1.3085215234650738,1.933512330524159,84.7825006307501,86.71601296127426
1.7000000000000013,0.3552038650186353,-1.1665189819162567,-1.2637769556400755,1.9697387158780912,84.74920907907084,86.71894779494893
1.7020000000000013,0.3528601329045961,-1.1772027309567514,-1.2190006863538398,2.005984271001219,84.71582053550172,86.72180480650294
1.7040000000000013,0.350495126859883,-1.1877928090754064,-1.1741958671324584,2.0422381536436185,84.68234363369031,86.72458178733393
1.7060000000000013,0.3481090348636838,-1.1982885795769254,-1.1293656504480172,2.078489539551687,84.64878701863799,86.72727655818967
1.7080000000000013,0.3457020461624865,-1.208689411865933,-1.084513189482987,2.1147276253293494,84.61515934437882,86.72988696970818
1.7100000000000013,0.3432743512578216,-1.218994681505087,-1.039641637892999,2.1509416312972895,84.58146927165141,86.7324109029487
1.7120000000000013,0.34082614189388755,-1.229203770273378,-0.9947541495680419,2.1871208043493904,84.54772546556474,86.73484626991413
1.7140000000000013,0.33835761104505985,-1.2393160662246028,-0.9498538783921195,2.2232544208056377,84.51393659325875,86.73719101406438
1.7160000000000013,0.3358689529032828,-1.249330963745983,-0.904943978001393,2.259331789260768,84.48011132155946,86.73944311082023
1.7180000000000013,0.3333603628653439,-1.2592478636169162,-0.8600276015408617,2.295342253427786,84.44625831463054,86.74160056805833
1.7200000000000013,0.33083203752003076,-1.2690661730678323,-0.8151079014196063,2.3312751949756714,84.41238623162056,86.74366142659623
1.7220000000000013,0.32828417463517023,-1.278785305839138,-0.7701880290646428,2.3671200363603866,84.37850372430785,86.74562376066824
1.7240000000000013,0.3257169731445492,-1.288404682240226,-0.7252711346734264,2.4028662436484356,84.34461943474278,86.74748567839121
1.7260000000000013,0.32313063313471785,-1.2979237292085257,-0.6803603669650404,2.4385033293321463,84.31074199288847,86.74924532222062
1.7280000000000013,0.32052535583167435,-1.3073418803685763,-0.6354588729301271,2.474020855135849,84.27688001426061,86.75090086939646
1.7300000000000013,0.31790134358743183,-1.3166585760910967,-0.5905697975795907,2.509408434812124,84.24304209756716,86.75245053237929
1.7320000000000013,0.31525879986646677,-1.3258732635520303,-0.5456962836921249,2.544655736927299,84.20923682234834,86.75389255927564
1.7340000000000013,0.31259792923204976,-1.3349853967915426,-0.5008414715606073,2.5797524876353353,84.17547274661798,86.75522523425332
1.7360000000000013,0.30991893733245796,-1.343994436772947,-0.45600849873741245,2.614688473439259,84.1417584045067,86.75644687794596
1.7380000000000013,0.3072220308870701,-1.3528998514415356,-0.41120049977868556,2.649453543939305,84.10810230390781,86.75755584784712
1.7400000000000013,0.3045074176723439,-1.3617011157832897,-0.36642060598763004,2.6840376145668685,84.07451292412672,86.75855053869358
1.7420000000000013,0.30177530650767587,-1.3703977118834503,-0.3216719451568597,2.7184306693034617,84.0409987135342,86.75942938283765
1.7440000000000013,0.29902590724114464,-1.3789891289849185,-0.276957641309858,2.7526227633837475,84.0075680872249,86.76019085060864
1.7460000000000013,0.29625943073513733,-1.3874748635464658,-0.23228081444160953,2.7866040259818172,83.97422942468137,86.76083345066318
1.7480000000000013,0.29347608885185983,-1.3958544193007276,-0.18764458025844188,2.8203646628798222,83.94099106744457,86.7613557303244
1.7500000000000013,0.29067609443873116,-1.4041273073119565,-0.14305204991714282,2.8538949591180782,83.9078613167916,86.76175627590968
1.7520000000000013,0.287859661313663,-1.412293046033508,-0.09850632976339879,2.8871852816257597,83.87484843142148,86.76203371304724
1.7540000000000013,0.28502700425022404,-1.4203511613650373,-0.054010521069614015,2.920226081831308,83.84196062514971,86.76218670698101
1.7560000000000013,0.2821783389626906,-1.4283011867093791,-0.009567719772165972,2.9530078982516574,83.80920606461244,86.7622139628641
1.7580000000000013,0.2793138820909837,-1.4361426630290863,0.034818983791852,2.9855213590594,83.77659286698103,86.76211422604044
1.7600000000000013,0.27643385118549324,-1.4438751389026026,0.07914650514833577,3.0177571846269906,83.74412909768783,86.76188628231482
1.7620000000000013,0.2735384646917907,-1.4514981705800427,0.12341176595027292,3.049706190047116,83.711822768164,86.76152895821112
1.7640000000000013,0.2706279419352302,-1.4590113220385568,0.16761169424217837,3.0813592876283327,83.67968183359004,86.76104112121837
1.7660000000000013,0.26770250310543947,-1.4664141650372504,0.21174322472481144,3.1127074893650852,83.6477141906601,86.76042168002517
1.7680000000000013,0.26476236924070146,-1.4737062791716384,0.25580329902010623,3.1437419093812307,83.61592767536067,86.7596695847419
1.7700000000000014,0.26180776221222757,-1.4808872519276048,0.2997888659362622,3.1744537663461583,83.58433006076451,86.75878382711068
1.7720000000000014,0.2588389047083233,-1.4879566787348437,0.3436968817329338,3.2048343858626778,83.55292905484067,86.75776344070336
1.7740000000000014,0.2558560202184478,-1.4949141630197564,0.3875243103864543,3.234875202825728,83.52173229828155,86.75660750110728
1.7760000000000014,0.25285933301716784,-1.5017593162577798,0.4312681238550349,3.2645677637510837,83.49074736234742,86.75531512609851
1.7780000000000014,0.24984906814800825,-1.5084917580251198,0.4749253023438813,3.293903729073177,83.45998174672971,86.75388547580289
1.7800000000000014,0.24682545140719894,-1.515111116049865,0.5184928345701572,3.3228748754111734,83.42944287743362,86.75231775284479
1.7820000000000014,0.2437887093273207,-1.521617026262456,0.5619677180277405,3.3514730978024154,83.39913810468073,86.75061120248314
1.7840000000000014,0.24073906916085053,-1.5280091328454857,0.6053469592517051,3.3796904119024225,83.36907470083287,86.74876511273528
1.7860000000000014,0.23767675886360828,-1.5342870882828046,0.6486275740824663,3.4075189561505805,83.33925985833748,86.74677881448807
1.7880000000000014,0.23460200707810555,-1.5404505534079078,0.6918065879295261,3.4349509939006673,83.30970068769592,86.7446516815966
1.7900000000000014,0.23151504311679869,-1.5464991974515783,0.7348810360347602,3.461978915515419,83.28040421545488,86.7423831309703
1.7920000000000014,0.2284160969452472,-1.5524326980887633,0.7778479637351698,3.488595240424282,83.25137738222209,86.73997262264638
1.7940000000000014,0.22530539916517928,-1.5582507414846583,0.8207044267250545,3.5147926191435546,83.22262704070718,86.73741965985073
1.7960000000000014,0.22218318099746595,-1.563953022339977,0.8634474913175239,3.5405638352581024,83.19415995378817,86.73472378904627
1.7980000000000014,0.21904967426500546,-1.5695392439353804,0.9060742347052941,3.56590180736388,83.16598279260455,86.73188459996844
1.8000000000000014,0.2159051113755197,-1.5750091181750454,0.9485817452207059,3.590799590970443,83.13810213467774,86.72890172564819
1.8020000000000014,0.21274972530426436,-1.580362365629347,0.9909671225948937,3.615250380362697,83.11052446205966,86.72577484242235
1.8040000000000014,0.20958374957665468,-1.5855987155766327,1.0332274782160504,3.6392475104211224,83.08325615951028,86.72250366993141
1.8060000000000014,0.20640741825080847,-1.5907179060440653,1.0753599353867185,3.66278445839975,83.05630351270459,86.71908797110434
1.8080000000000014,0.2032209659000085,-1.5957196838475145,1.1173616295800457,3.6858548456610896,83.02967270647014,86.71552755213122
1.8100000000000014,0.20002462759508602,-1.6006038046304722,1.1592297086949443,3.7084524393673965,83.00336982305559,86.71182226242298
1.8120000000000014,0.19681863888672751,-1.6053700329019724,1.2009613333100844,3.730571154127454,82.97740084043113,86.70797199455859
1.8140000000000014,0.19360323578770647,-1.6100181420734925,1.2425536769366698,3.752205053598272,82.95177163062152,86.7039766842198
1.8160000000000014,0.19037865475504256,-1.614547914494818,1.2840039262699203,3.7733483520409994,82.92648795807216,86.69983631011316
1.8180000000000014,0.18714513267209001,-1.6189591414888471,1.3253092814392105,3.7939954158303726,82.90155547804939,86.69555089387975
1.8200000000000014,0.1839029068305576,-1.6232516233853171,1.3664669562567942,3.8141407649170764,82.8769797350752,86.69112049999227
1.8220000000000014,0.18065221491246206,-1.6274251695534325,1.4074741784650584,3.833779074242399,82.85276616139737,86.68654523563977
1.8240000000000014,0.17739329497201756,-1.6314795984333754,1.4483281899822444,3.8529051751045684,82.82892007549542,86.68182525059999
1.8260000000000014,0.1741263854174632,-1.635414737566679,1.4890262471465752,3.8715140564761596,82.80544668062328,86.67696073709944
1.8280000000000014,0.17085172499283094,-1.6392304236254482,1.529565620958726,3.8896008662720587,82.78235106338897,86.67195192966103
1.8300000000000014,0.16756955275965618,-1.642926502440406,1.569943597322587,3.907160912567352,82.75963819237239,86.66679910493974
1.8320000000000014,0.16428010807863355,-1.6465028290277506,1.6101574772842504,3.9241896647646923,82.73731291678119,86.66150258154589
1.8340000000000014,0.16098363059122012,-1.6499592676148063,1.6502045772691656,3.940682754710579,82.71537996514593,86.65606271985651
1.8360000000000014,0.15768036020118853,-1.6532956916644506,1.6900822293174114,3.9566359777600675,82.69384394405449,86.65047992181456
1.8380000000000014,0.15437053705613252,-1.656511983898303,1.729787781317016,3.972045293789462,82.67270933692686,86.64475463071632
1.8400000000000014,0.15105440152892732,-1.6596080363186583,1.7693185972352805,3.9869068281565117,82.65198050283041,86.63888733098692
1.8420000000000014,0.1477321941991475,-1.662583750229153,1.8086720573480433,4.001216872607719,82.63166167533625,86.63287854794396
1.8440000000000014,0.1444041558344446,-1.6654390362541451,1.847845558466831,4.014971886132318,82.61175696141737,86.62672884754969
1.8460000000000014,0.14107052737188755,-1.6681738143568,1.8868365141638441,4.028168495762572,82.59227034038874,86.62043883615131
1.8480000000000014,0.137731549899268,-1.6707880138558626,1.9256423549947244,4.0408034973200175,82.57320566289008,86.61400916021009
1.8500000000000014,0.13438746463637358,-1.6732815734411106,1.9642605287190453,4.0528738561073165,82.55456664991155,86.60744050601886
1.8520000000000014,0.13103851291623136,-1.6756544411874688,2.0026885005184853,4.064376707545412,82.53635689186288,86.60073359940829
1.8540000000000014,0.12768493616632484,-1.677906574567779,2.040923753212624,4.075309357755706,82.51857984768634,86.59388920544204
1.8560000000000014,0.12432697588978628,-1.6800379404642127,2.0789637874723095,4.085669284086963,82.5012388440139,86.58690812810086
1.8580000000000014,0.12096487364656788,-1.6820485151783156,2.116806122030563,4.095454135586753,82.48433707436884,86.57979120995559
1.8600000000000014,0.11759887103459418,-1.6839382844396753,2.1544482938909524,4.104661733417159,82.46787759841241,86.57253933182957
1.8620000000000014,0.11422920967089845,-1.6857072434132023,2.1918878585334087,4.1132900712146245,82.4518633412355,86.56515341245012
1.8640000000000014,0.11085613117274593,-1.6873553967050174,2.2291223901174204,4.121337315393705,82.43629709269592,86.55763440808963
1.8660000000000014,0.10747987713874675,-1.6888827583669357,2.2661494816825756,4.128801805394644,82.42118150680149,86.54998331219613
1.8680000000000014,0.10410068912996127,-1.690289351899541,2.3029667453464038,4.135682053874626,82.40651910113893,86.54220115501356
1.8700000000000014,0.10071880865100064,-1.6915752102538455,2.3395718124994693,4.141976746842632,82.39231225634923,86.53428900319186
1.8720000000000014,0.09733447713112545,-1.6927403758315256,2.3759623339976845,4.147684743737842,82.37856321564932,86.52624795938716
1.8740000000000014,0.09394793590534545,-1.6937849004837322,2.4121359803517968,4.152805077451514,82.3652740844004,86.51807916185192
1.8760000000000014,0.09055942619552299,-1.6947088455084682,2.44809044191401,4.157336954292379,82.35244682972306,86.50978378401544
1.8780000000000014,0.0871691890914831,-1.6955122816465311,2.4838234290617067,4.1612797538955135,82.34008328015935,86.50136303405486
1.8800000000000014,0.08377746553213326,-1.6961952890760157,2.519332672378231,4.164633029074798,82.32818512538182,86.49281815445661
1.8820000000000014,0.08038449628659546,-1.696757957405376,2.5546159228306986,4.1673965056189495,82.31675391594986,86.48415042156881
1.8840000000000015,0.07699052193535365,-1.6972003856650426,2.5896709519447976,4.169570082031289,82.30579106311293,86.47536114514422
1.8860000000000015,0.07359578285141943,-1.697522682297597,2.6244955519765485,4.171153829213349,82.29529783866138,86.46645166787474
1.8880000000000015,0.07020051918151879,-1.697724965146498,2.6590875360809996,4.172147990092423,82.2852753748243,86.45742336491672
1.8900000000000015,0.0668049708273028,-1.6978073614433642,2.693444738477808,4.172552979193296,82.27572466421474,86.44827764340803
1.8920000000000015,0.06340937742658528,-1.6977700077938103,2.7275650146137003,4.172369382154307,82.26664655982223,86.43901594197654
1.8940000000000015,0.060013978334610196,-1.6976130501618412,2.7614462413217677,4.171597955188009,82.25804177505225,86.42963973024025
1.8960000000000015,0.056619012605351675,-1.6973366438528037,2.7950863169775806,4.170239624486597,82.24991088381314,86.42015050829974
1.8980000000000015,0.05322471897284961,-1.6969409534948987,2.8284831616520907,4.168295485572513,82.24225432064982,86.41054980622233
1.9000000000000015,0.049831335832583645,-1.6964261530192586,2.8616347172613015,4.165766802594402,82.23507238092449,86.4008391835189
1.9020000000000015,0.04643910122288843,-1.6957924256385917,2.8945389477126806,4.162655007568781,82.2283652210442,86.39102022861299
1.9040000000000015,0.04304825280641308,-1.6950399638244003,2.927193839048299,4.158961699567863,82.2221328587348,86.38109455830266
1.9060000000000015,0.03965902785162749,-1.694168969282776,2.95959739958467,4.154688643853757,82.21637517336156,86.37106381721532
1.9080000000000015,0.03627166321437864,-1.6931796529287788,2.9917476600492767,4.149837770959579,82.2110919062959,86.36092967725548
1.9100000000000015,0.032886395319499426,-1.692072234859407,3.023642673713771,4.1444111757178295,82.20628266132806,86.3506938370459
1.9120000000000015,0.029503460142472994,-1.6908469443251628,3.05528051652382,4.138411116236522,82.20194690512564,86.34035802136216
1.9140000000000015,0.026123093191155362,-1.6895040197002242,3.086659287225596,4.131840012823514,82.19808396773742,86.32992398056093
1.9160000000000015,0.02274552948755906,-1.6880437084512299,3.117777107488895,4.124700446859542,82.19469304314254,86.31939349000208
1.9180000000000015,0.019371003549700585,-1.6864662671046853,3.148632122026869,4.116995159620516,82.19177318984431,86.30876834946483
1.9200000000000015,0.01599974937351442,-1.6847719612130019,3.1792224987123645,4.108727051049534,82.18932333150887,86.29805038255842
1.9220000000000015,0.01263200041483633,-1.6829610653191769,3.2095464286908597,4.099899178479328,82.18734225764749,86.28724143612682
1.9240000000000015,0.009267989571458631,-1.6810338629201262,3.2396021264899906,4.090514755305537,82.18582862434313,86.27634337964867
1.9260000000000015,0.0059079491652601675,-1.6789906464286808,3.269387830125666,4.08057714961162,82.18478095502002,86.26535810463163
1.9280000000000015,0.002552110924413588,-1.6768317171342588,3.2989018012047597,4.070089882745867,82.18419764125639,86.25428752400225
1.9300000000000015,-0.0007992940343273893,-1.6745573851622255,3.328142325024382,4.059056627851287,82.18407694363962,86.24313357149092
1.9320000000000015,-0.004146035223258139,-1.6721679694319544,3.3571077106677247,4.047481208348988,82.1844169926633,86.23189820101229
1.9340000000000015,-0.0074878828012681226,-1.6696637976136033,3.3857962910964905,4.035367596375724,82.18521578966619,86.22058338604191
1.9360000000000015,-0.010824607591298161,-1.6670452060836174,3.4142064232398877,4.022719911176397,82.18647120781176,86.20919111898816
1.9380000000000015,-0.014155981097707458,-1.6643125398789773,3.4423364880802163,4.009542417452155,82.1881809931088,86.19772341056095
1.9400000000000015,-0.017481775523547866,-1.6614661526502037,3.4701848907350294,3.9958395236649302,82.19034276547153,86.18618228913645
1.9420000000000015,-0.020801763787742945,-1.658506406613136,3.497750060535886,3.981615780299081,82.19295401981947,86.17456980011855
1.9440000000000015,-0.024115719542169362,-1.6554336724995018,3.5250304511037016,3.966875878081035,82.1960121272162,86.16288800529725
1.9460000000000015,-0.027423417188638225,-1.6522483295062909,3.5520245404206974,3.951624646157646,82.19951433604619,86.15113898220383
1.9480000000000015,-0.030724631895774,-1.6489507652439537,3.578730830898964,3.9358670502341417,82.20345777322957,86.13932482346371
1.9500000000000015,-0.034019139615788646,-1.64554137568344,3.6051478494456473,3.9196081906724625,82.20783944547378,86.12744763614624
1.9520000000000015,-0.03730671710114871,-1.642020565102097,3.6312741475247665,3.902853300550883,82.21265624056176,86.11550954111264
1.9540000000000015,-0.04058714192113305,-1.638388746028442,3.657108301215681,3.88560774368573,82.21790492867589,86.10351267236162
1.9560000000000015,-0.04386019247827905,-1.6346463391858344,3.6826489112682146,3.8678770126161224,82.22358216375709,86.0914591763732
1.9580000000000015,-0.04712564802471503,-1.630793773435058,3.7078946031544593,3.849666726552586,82.22968448489833,86.07935121145091
1.9600000000000015,-0.05038328867837681,-1.6268314857158417,3.7328440271172663,3.8309826292905167,82.23620831777185,86.06719094706237
1.9620000000000015,-0.05363289543910624,-1.622759920987332,3.7574958582154516,3.811830587089307,82.24314997608964,86.05498056317894
1.9640000000000015,-0.05687425020462963,-1.6185795321675398,3.7818487963657264,3.7922165865181863,82.25050566309594,86.04272224961412
1.9660000000000015,-0.06010713578641409,-1.6142907800717836,3.805901566381376,3.7721467322696047,82.25827147309158,86.03041820536119
1.9680000000000015,-0.06333133592539979,-1.6098941333501475,3.8296529180077084,3.7516272449412056,82.26644339298917,86.01807063793038
1.9700000000000015,-0.06654663530760607,-1.6053900684239772,3.853101625954293,3.730664458787279,82.27501730389832,86.0056817626856
1.9720000000000015,-0.06975281957960977,-1.6007790694214334,3.876246489924015,3.7092648194407154,82.2839889827403,85.99325380218102
1.9740000000000015,-0.07294967536389355,-1.5960616281121274,3.8990863346389646,3.687434881606411,82.29335410389122,85.98078898549763
1.9760000000000015,-0.0761369902740627,-1.5912382438408585,3.92162000986319,3.665181306727137,82.30310824085313,85.96828954758027
1.9780000000000015,-0.0793145529299286,-1.5863094234604767,3.943846390422344,3.6425108606228327,82.31324686795206,85.9557577285749
1.9800000000000015,-0.08248215297245684,-1.5812756812638924,3.9657643762202395,3.6194304111043545,82.3237653620623,85.94319577316666
1.9820000000000015,-0.08563958107857875,-1.5761375389152583,3.9873728922523535,3.5959469255627035,82.33465900435623,85.93060592991893
1.9840000000000015,-0.08878662897586435,-1.5708955253803432,4.0086708886163045,3.5720674685346925,82.34592298207846,85.91799045061316
1.9860000000000015,-0.09192308945705532,-1.5655501768561233,4.02965734051933,3.547799199246103,82.3575523903443,85.9053515895904
1.9880000000000015,-0.09504875639445637,-1.5601020366996143,4.0503312482828,3.523149369133374,82.3695422339607,85.89269160309408
1.9900000000000015,-0.0981634247541835,-1.5545516553559666,4.070691637343792,3.4981253193448185,82.38188742926957,85.88001274861439
1.9920000000000015,-0.10126689061026783,-1.5488995902858491,4.090737558253768,3.472734478222385,82.39458280601265,85.86731728423503
1.9940000000000015,-0.10435895115861339,-1.5431464058921438,4.110468086674377,3.4469843587650595,82.4076231092163,85.85460746798137
1.9960000000000016,-0.10743940473080774,-1.5372926734459764,4.129882323370421,3.4208825560748415,82.42100300109672,85.84188555717157
1.9980000000000016,-0.11050805080778388,-1.5313389710121075,4.14897939420003,3.3944367447864487,82.4347170629832,85.82915380776964
2.0000000000000013,-0.11356469003333247,-1.525285883373706,4.1677584501020535,3.3676546764816617,82.44875979725992,85.81641447374159
2.002000000000001,-0.11660912422746292,-1.519134001956533,4.186218667080737,3.340544177089427,82.46312562932484,85.80366980641426
2.004000000000001,-0.1196411563996122,-1.5128839247525567,4.204359246187695,3.313113144272748,82.47780890956433,85.79092205383708
2.0060000000000007,-0.12266059076170055,-1.5065362562430258,4.222179413501236,3.2853695448033258,82.49280391534398,85.77817346014731
2.0080000000000005,-0.12566723274103256,-1.500091607321023,4.239678420103057,3.2573214119250604,82.50810485301353,85.7654262649386
2.0100000000000002,-0.12866088899304307,-1.493550595213527,4.256855542052372,3.2289768427074073,82.52370585992566,85.75268270263307
2.012,-0.1316413674138866,-1.4869138434030023,4.273710080357485,3.200343995389611,82.53960100646763,85.73994500185725
2.014,-0.1346084771528695,-1.4801819815485455,4.29024136094487,3.17143108671682,82.5557842981053,85.72721538482212
2.0159999999999996,-0.1375620286247241,-1.4733556454066121,4.306448734625786,3.1422463892691415,82.57224967743777,85.71449606670691
2.0179999999999993,-0.1405018335217238,-1.4664354767513448,4.322331577060465,3.112798228784627,82.5889910262629,85.70178925504753
2.019999999999999,-0.14342770482563835,-1.4594221232945321,4.337889288719928,3.0830949814771684,82.6060021676522,85.68909714912938
2.021999999999999,-0.14633945681952898,-1.4523162386052186,4.353121294845447,3.0531450713503547,82.62327686803435,85.67642193938471
2.0239999999999987,-0.1492369050993822,-1.445118482028992,4.368027045405727,3.0229569675082404,82.64080883928666,85.6637658067949
2.0259999999999985,-0.15211986658558188,-1.437829518606971,4.382606015051806,2.99253918146404,82.65859174083356,85.6511309222976
2.0279999999999982,-0.1549881595342191,-1.4304500189945182,4.39685770306976,2.961900264447706,82.67661918175136,85.63851944619907
2.029999999999998,-0.15784160354823917,-1.422980659379702,4.4107816333312275,2.9310488047134045,82.69488472287831,85.62593352759171
2.031999999999998,-0.16068001958842532,-1.4154221214015301,4.424377354241796,2.899993424847774,82.71338187892937,85.61337530377715
2.0339999999999976,-0.16350322998421857,-1.4077750920679797,4.437644438687313,2.8687427790800224,82.73210412061465,85.60084689969467
2.0359999999999974,-0.16631105844437366,-1.400040263673847,4.450582483978145,2.8373055505947113,82.75104487676103,85.58835042735573
2.037999999999997,-0.16910333006745035,-1.392218333718439,4.4631911117914305,2.8056904488482397,82.7701975364357,85.57588798528394
2.039999999999997,-0.17187987135214,-1.3843100048231327,4.475469968111382,2.773906206889905,82.78955545107144,85.56346165796134
2.0419999999999967,-0.1746405102074273,-1.37631598464882,4.487418723167665,2.741961578688471,82.80911193659223,85.5510735152807
2.0439999999999965,-0.1773850759625865,-1.3682369858132668,4.499037071371913,2.709865336465164,82.82886027553899,85.53872561200416
2.0459999999999963,-0.18011339937701265,-1.3600737258084044,4.510324731252399,2.6776262680339604,82.84879371919428,85.52641998722824
2.047999999999996,-0.18282531264988705,-1.3518269269175764,4.521281445386935,2.645253174150065,82.86890548970537,85.51415866385544
2.049999999999996,-0.1855206494296774,-1.3434973161327652,4.531906980334023,2.6127548658674566,82.88918878220497,85.50194364807243
2.0519999999999956,-0.1881992448234722,-1.3350856250718164,4.542201126562304,2.5801401619063338,82.9096367669288,85.48977692883513
2.0539999999999954,-0.1908609354061499,-1.3265925898956847,4.552163698378354,2.547417886031333,82.93024259132945,85.47766047736079
2.055999999999995,-0.19350555922938223,-1.3180189512257228,4.5617945338528685,2.5145968644413337,82.95099938218533,85.46559624662666
2.057999999999995,-0.19613295583047247,-1.309365454061032,4.571093494745268,2.4816859231716712,82.97190024770487,85.45358617087653
2.0599999999999947,-0.1987429662410283,-1.3006328476958975,4.580060466426788,2.448693885509567,82.99293827962434,85.44163216513391
2.0619999999999945,-0.20133543299546972,-1.2918218856373276,4.588695357802078,2.415629569423567,83.01410655529914,85.42973612472271
2.0639999999999943,-0.20391020013937214,-1.282933325522716,4.596998101229352,2.382501785007762,83.035398139788,85.41789992479576
2.065999999999994,-0.206467113237645,-1.273967929037648,4.604968652439153,2.349319331941558,83.05680608792888,85.40612541987043
2.067999999999994,-0.20900601938254598,-1.26492646183387,4.612606990451746,2.316090996965735,83.07832344640642,85.39441444337216
2.0699999999999936,-0.21152676720153157,-1.25580969344744,4.6199131174931996,2.2828255513755438,83.09994325581012,85.38276880718566
2.0719999999999934,-0.21402920686494395,-1.2466183972170797,4.626887058910196,2.2495317485315467,83.12165855268273,85.37119030121428
2.073999999999993,-0.2165131900935349,-1.2373533502027434,4.633528863083599,2.2162183213889164,83.14346237155789,85.35968069294681
2.075999999999993,-0.218978570165827,-1.2280153331044257,4.639838601340836,2.18289398004587,83.16534774698681,85.34824172703269
2.0779999999999927,-0.2214252019253128,-1.2186051301812217,4.645816367867122,2.149567409311923,83.18730771555336,85.33687512486529
2.0799999999999925,-0.2238529417874922,-1.2091235291706595,4.651462279615572,2.1162472662966136,83.20933531787671,85.32558258417332
2.0819999999999923,-0.22626164774674912,-1.19957132120832,4.6567764762162405,2.0829421780193424,83.23142360060125,85.31436577862058
2.083999999999992,-0.22865117938306717,-1.1899493007477624,4.661759119884131,2.0496607390409696,83.25356561837299,85.30322635741396
2.085999999999992,-0.2310213978685861,-1.1802582654807687,4.666410395326197,2.0164115091177344,83.27575443580227,85.29216594492
2.0879999999999916,-0.23337216597399862,-1.1704990162579259,4.670730509647399,1.9832030108781644,83.29798312941169,85.28118614028986
2.0899999999999914,-0.23570334807478893,-1.1606723570095578,4.674719692255838,1.9500437275234768,83.32024478956937,85.27028851709285
2.091999999999991,-0.23801481015731346,-1.1507790946670253,4.678378194767005,1.9169421005520884,83.34253252240657,85.25947462295866
2.093999999999991,-0.2403064198247246,-1.1408200390844043,4.681706290907185,1.883906527508768,83.36483945171938,85.24874597922815
2.0959999999999908,-0.242578046302738,-1.130796002960561,4.6847042764160545,1.8509453597589487,83.3871587208539,85.23810408061286
2.0979999999999905,-0.2448295604452448,-1.1207078017616332,4.687372468948502,1.8180669002887309,83.4094834945748,85.22755039486353
2.0999999999999903,-0.2470608347397688,-1.110556253643934,4.689711207975714,1.7852794015310647,83.43180696091618,85.21708636244725
2.10199999999999,-0.2492717433127703,-1.1003421793772887,4.691720854685556,1.7525910632186086,83.45412233301481,85.20671339623341
2.10399999999999,-0.2514621619347966,-1.0900664022688187,4.69340179188228,1.7200100302637122,83.47642285092522,85.19643288118893
2.1059999999999897,-0.25363196802548094,-1.0797297480871826,4.694754423885604,1.6875443906659948,83.49870178341601,85.186246174082
2.1079999999999894,-0.25578104065839025,-1.0693330449872873,4.695779176429175,1.6552021734479316,83.52095242974738,85.17615460319531
2.109999999999989,-0.2579092605657226,-1.0588771234354801,4.696476496558477,1.6229913466188937,83.54316812142898,85.16615946804787
2.111999999999989,-0.2600165101428558,-1.04836281613523,4.696846852528186,1.5909198151680186,83.56534222395823,85.15626203912625
2.1139999999999888,-0.2621026734527478,-1.0377909579533129,4.696890733699018,1.5589954190863236,83.58746813853834,85.14646355762467
2.1159999999999886,-0.2641676362301898,-1.0271623858465047,4.696608650434104,1.527225931418415,83.60953930377597,85.13676523519439
2.1179999999999883,-0.2662112858859135,-1.0164779387887968,4.6960011339949075,1.4956190563441545,83.63154919735805,85.12716825370221
2.119999999999988,-0.268233511510553,-1.0057384576991397,4.695068736436728,1.4641824272906339,83.65349133770748,85.11767376499812
2.121999999999988,-0.27023420387846336,-0.9949447853697233,4.69381203050381,1.432923605074778,83.6753592856173,85.10828289069208
2.1239999999999877,-0.2722132554513953,-0.9840977663948027,4.692231609524081,1.4018500760768726,83.6971466458633,85.09899672194017
2.1259999999999875,-0.27417056038202897,-0.9731982471000775,4.690328087303559,1.37096925044534,83.7188470687945,85.08981631923984
2.1279999999999872,-0.27610601451736655,-0.9622470754726296,4.688102098020445,1.3402884603330156,83.74045425190138,85.0807427122344
2.129999999999987,-0.2780195154019855,-0.9512451010914278,4.685554296118925,1.309814958165224,83.76196194136155,85.07177689952677
2.131999999999987,-0.2799109622811533,-0.9401931750584056,4.682685356202711,1.2795559149398592,83.78336393356268,85.06291984850255
2.1339999999999866,-0.28178025610380497,-0.9290921499301162,4.679495972928344,1.2495184185597616,83.80465407660235,85.0541724951621
2.1359999999999864,-0.2836272995253844,-0.9179428796499718,4.675986860898282,1.219709472197567,83.82582627176471,85.04553574396228
2.137999999999986,-0.28545199691055095,-0.906746219481071,4.672158754553788,1.1901359926932675,83.84687447497365,85.03701046766692
2.139999999999986,-0.28725425433575197,-0.89550302593962,4.668012408067652,1.160804808984664,83.86779269822227,85.02859750720694
2.1419999999999857,-0.2890339795916631,-0.8842141567289493,4.66354859523676,1.1317226605708937,83.88857501097866,85.02029767154954
2.1439999999999855,-0.290791082185497,-0.872880470674133,4.65876810937453,1.1028961960092105,83.90921554156736,85.01211173757657
2.1459999999999853,-0.29252547334318185,-0.8615028276572102,4.653671763203236,1.0743319714451556,83.92970847852715,85.00404044997231
2.147999999999985,-0.2942370660114113,-0.850082088553014,4.648260388746239,1.0460364491762795,83.95004807194377,84.99608452112005
2.149999999999985,-0.2959257748595661,-0.8386191151656096,4.642534837220142,1.0180159962495254,83.97022863475884,84.98824463100837
2.1519999999999846,-0.29759151628150976,-0.8271147701653428,4.63649597892688,0.9902768830924116,83.9902445440537,84.9805214271461
2.1539999999999844,-0.29923420839725845,-0.815569917026502,4.630144703145783,0.9628252821780878,84.01009024230873,84.97291552448682
2.155999999999984,-0.3008537710545273,-0.8039854199655926,4.623481918025588,0.9356672667243935,84.02976023863772,84.96542750536211
2.157999999999984,-0.3024501258301536,-0.792362143880228,4.616508550476459,0.9088088094269655,84.04924910999715,84.95805791942412
2.1599999999999837,-0.3040231960313983,-0.7807009542886333,4.609225546061992,0.8822557812264811,84.06855150237071,84.95080728359719
2.1619999999999835,-0.3055729066971273,-0.769002717269766,4.60163386889125,0.8560139501100937,84.0876621319283,84.9436760820384
2.1639999999999833,-0.30709918459887353,-0.7572682994040499,4.593734501510805,0.8300889799470939,84.10657578616006,84.93666476610716
2.165999999999983,-0.3086019582417814,-0.7454985677147238,4.585528444796835,0.8044864293588482,84.125287324985,84.92977375434384
2.167999999999983,-0.31008115786543394,-0.7336943896098019,4.577016717847261,0.7792117506230227,84.14379168183414,84.92300343245716
2.1699999999999826,-0.3115367154445651,-0.7218566328246474,4.568200357873943,0.7542702886121203,84.16208386470862,84.91635415332074
2.1719999999999824,-0.3129685646896574,-0.7099861653651531,4.559080420094946,0.7296672797663246,84.18015895721179,84.9098262369781
2.173999999999982,-0.31437664104742663,-0.6980838554515317,4.549657977626881,0.7054078511006482,84.19801211955625,84.9034199706569
2.175999999999982,-0.31576088170119504,-0.6861505714627092,4.53993412137733,0.6814970192463671,84.21563858954528,84.89713560879164
2.1779999999999817,-0.3171212255711535,-0.6741871818813208,4.529909959937369,0.6579396895267225,84.2330336835285,84.89097337305523
2.1799999999999815,-0.31845761331451444,-0.6621945552393059,4.519586619474177,0.6347406550668439,84.25019279733229,84.88493345239914
2.1819999999999813,-0.3197699873255565,-0.650173560064098,4.508965243623757,0.6119045959378586,84.26711140716438,84.87901600310224
2.183999999999981,-0.3210582917355624,-0.6381250648254053,4.498046993383761,0.5894360783351352,84.28378507049308,84.87322114882822
2.185999999999981,-0.32232247241265055,-0.62604993788258,4.486833047006435,0.5673395537905943,84.30020942690075,84.86754898069134
2.1879999999999806,-0.3235624769615024,-0.6139490474325688,4.475324599891666,0.54561935841902,84.31638019891203,84.86199955733105
2.1899999999999804,-0.32477825472298605,-0.6018232614584429,4.4635228644801614,0.5242797121983027,84.33229319279619,84.8565729049945
2.19199999999998,-0.3259697567736773,-0.5896734476784993,4.451429070146746,0.5033247182835149,84.34794429934426,84.85126901762777
2.19399999999998,-0.32713693592528,-0.577500473495931,4.439044463093771,0.482758362354739,84.36332949462057,84.84608785697532
2.1959999999999797,-0.3282797467239457,-0.5653052059490592,4.426370306244662,0.4625845119985419,84.37844484068901,84.84102935268756
2.1979999999999795,-0.329398145449495,-0.5530885116621205,4.4134078791375755,0.4428069161229969,84.39328648631357,84.83609340243656
2.1999999999999793,-0.33049209011454,-0.540851256796605,4.400158477819191,0.42342920440612725,84.40785066763411,84.83127987204024
2.201999999999979,-0.33156154046351144,-0.5285943070031378,4.38662341473861,0.4044548867776668,84.42213370881628,84.82658859559395
2.203999999999979,-0.33260645797158855,-0.5163185273738976,4.37280401864139,0.3858873529340029,84.43613202267657,84.82201937561058
2.2059999999999786,-0.3336268058435356,-0.5040247823955645,4.358701634463681,0.36772987188616874,84.4498421112822,84.81757198316836
2.2079999999999784,-0.33462254901244387,-0.49171393590279144,4.344317623226485,0.34998559154075537,84.46326056652565,84.8132461580664
2.209999999999978,-0.33559365413838177,-0.4793868510321914,4.3296533619300215,0.33265753831359024,84.47638407067457,84.80904160898815
2.211999999999978,-0.33654008960695314,-0.4670443901768318,4.3147102434482,0.3157486167760429,84.48920939689643,84.80495801367248
2.2139999999999778,-0.33746182552776505,-0.45468741494122955,4.299489676423195,0.2992616093337961,84.50173340975849,84.80099501909228
2.2159999999999775,-0.3383588337328061,-0.44231678609683833,4.28399308516011,0.2831991759379293,84.51395306570292,84.79715224164084
2.2179999999999773,-0.3392310877747362,-0.42993336353801986,4.2682219095217375,0.26756385382814696,84.52586541349724,84.7934292673254
2.219999999999977,-0.3400785629250888,-0.4175380062384909,4.252177604823402,0.25235805730798566,84.53746759466024,84.78982565196823
2.221999999999977,-0.3409012361723865,-0.4051315722082374,4.23586164172787,0.23758407755182764,84.54875684386327,84.7863409214151
2.2239999999999767,-0.3416990862201707,-0.3927149184508871,4.21927550614034,0.22324408244354207,84.55973048930727,84.78297457175081
2.2259999999999764,-0.3424720934849469,-0.3802889009215316,4.202420699103481,0.20934011644657502,84.57038595307537,84.77972606952194
2.227999999999976,-0.3432202400940456,-0.36785437448498964,4.185298736692532,0.19587410050530385,84.58072075146134,84.77659485196665
2.229999999999976,-0.3439435098834006,-0.3554121928745008,4.167911149910435,0.18284783197746635,84.5907324952739,84.77358032725137
2.231999999999976,-0.34464188839524473,-0.3429632086508423,4.150259484583008,0.17026298459747344,84.60041889011717,84.77068187471464
2.2339999999999756,-0.34531536287572445,-0.33050827316185777,4.132345301254132,0.15812110847041172,84.60977773664706,84.76789884511747
2.2359999999999753,-0.34596392227243394,-0.3180482365023896,4.11417017508096,0.14642363009653653,84.61880693080398,84.76523056090052
2.237999999999975,-0.34658755723186924,-0.3055839474746048,4.095735695729119,0.1351718524260543,84.62750446402192,84.76267631644798
2.239999999999975,-0.34718626009680364,-0.29311625354870435,4.077043467267902,0.12436695494399191,84.63586842341392,84.76023537835792
2.2419999999999747,-0.34776002490358476,-0.2806460008240064,4.058095108065445,0.11400999378494413,84.64389699193408,84.75790698571903
2.2439999999999745,-0.34830884737935425,-0.2681740339903939,4.038892250683861,0.10410190187749209,84.65158844851648,84.75569035039398
2.2459999999999742,-0.34883272493919054,-0.25570119629011545,4.01943654177433,0.09464348911807992,84.65894116819054,84.75358465730862
2.247999999999974,-0.34933165668317573,-0.24322832947993042,3.999729641972136,0.0856354425741365,84.66595362217372,84.75158906474785
2.249999999999974,-0.34980564339338716,-0.23075627379358754,3.979773225791618,0.07707832671622594,84.67262437794099,84.74970270465722
2.2519999999999736,-0.35025468753081396,-0.21828586790462695,3.9595689815210466,0.06897258367900863,84.67895209927156,84.74792468295057
2.2539999999999734,-0.35067879323219986,-0.20581794888949542,3.9391186111173933,0.061318533550793156,84.68493554627297,84.74625407982376
2.255999999999973,-0.35107796630681226,-0.19335335219096433,3.918423830100989,0.05411637469145725,84.6905735753825,84.74468995007396
2.257999999999973,-0.3514522142331387,-0.18089291158184026,3.897486367450051,0.04736618407851407,84.69586513934628,84.7432313234248
2.2599999999999727,-0.3518015461555108,-0.16843745912895774,3.8763079654950676,0.04106791768109852,84.70080928717596,84.74187720485706
2.2619999999999725,-0.35212597288065645,-0.15598782515744367,3.8548903798130234,0.03522141086164747,84.70540516408317,84.74062657494483
2.2639999999999723,-0.35242550687418106,-0.1435448382152432,3.8332353791214517,0.029826378805044816,84.70965201139214,84.73947839019718
2.265999999999972,-0.3527001622569779,-0.13110932503789663,3.811344745172297,0.02488241697500245,84.71354916643001,84.73843158340502
2.267999999999972,-0.3529499548015683,-0.1186821105135569,3.789220272645572,0.02038900159744604,84.71709606239583,84.73748506399328
2.2699999999999716,-0.35317490192837203,-0.10626401764823733,3.766863769042797,0.016345490170673337,84.72029222820737,84.73663771837805
2.2719999999999714,-0.3533750227019084,-0.09385586753127925,3.744277054580195,0.012751122002051776,84.72313728832684,84.7358884103289
2.273999999999971,-0.3535503378269288,-0.0814584793010293,3.7214619620816425,0.009605018771020957,84.72563096256489,84.73523598133592
2.275999999999971,-0.35370086964448033,-0.069072670110716,3.698420336871347,0.0069061851181643034,84.72777306586343,84.7346792509816
2.2779999999999707,-0.35382664212790177,-0.05669925509451542,3.6751540366662354,0.00465350926011323,84.72956350805751,84.73421701731762
2.2799999999999705,-0.35392768087875165,-0.0443390473337958,3.6516649314680483,0.002845763630046477,84.73100229361573,84.73384805724578
2.2819999999999703,-0.354004013122669,-0.031992857823530896,3.6279549034551084,0.0014816055435457134,84.73208952136032,84.73357112690387
2.28399999999997,-0.35405566770516717,-0.01966149543887209,3.6040258468737516,0.0005595778895680672,84.73282538416602,84.73338496205558
2.28599999999997,-0.3540826750873609,-0.007345766901869295,3.579879667929416,7.810984629505755e-05,84.73321016863868,84.73328827848498
2.2879999999999696,-0.3540850673416269,0.004953523251669346,3.5555182846773477,3.551762161659905e-05,84.73324425477308,84.7332797723947
2.2899999999999694,-0.35406287814719845,0.017235572705188704,3.5309436269129306,0.0004300052180078326,84.73292811559071,84.73335812080872
2.291999999999969,-0.3540161427856938,0.02949958139427858,3.506157636061607,0.001259665221555669,84.73226231675713,84.73352198197868
2.293999999999969,-0.3539448981365794,0.041744751539455935,3.481162265068381,0.002522479614891045,84.73124751617935,84.73376999579425
2.2959999999999687,-0.3538491826725671,0.053970287678846963,3.455959478286882,0.004216320613782031,84.72988446358323,84.73410078419701
2.2979999999999685,-0.35372903645494636,0.06617539670077834,3.430551251367977,0.006338951527142027,84.72817400007114,84.73451295159828
2.2999999999999683,-0.35358450112885154,0.07835928787628699,3.404939571147907,0.008888027640206403,84.72611705765983,84.73500508530005
2.301999999999968,-0.3534156199184639,0.09052117289155753,3.379126435535941,0.011861097120630075,84.72371465879898,84.73557575591961
2.303999999999968,-0.3532224376221488,0.10266026588029639,3.3531138534015237,0.015255601947257447,84.72096791587016,84.73622351781742
2.3059999999999676,-0.3530050006075286,0.11477578345605144,3.326903844460895,0.019068878861315416,84.71787803066658,84.7369469095279
2.3079999999999674,-0.3527633568064906,0.12686694474448598,3.3004984391631833,0.02329816033977895,84.7144462938538,84.73774445419357
2.309999999999967,-0.35249755571013064,0.13893297141561559,3.2738996785759342,0.027940575590657993,84.71067408441138,84.73861466000204
2.311999999999967,-0.35220764836363194,0.15097308771601628,3.2471096142700753,0.03299315156995291,84.70656286905577,84.73955602062573
2.3139999999999668,-0.3518936873610801,0.1629865205010123,3.220130308204287,0.03845281402002553,84.70211420164449,84.74056701566451
2.3159999999999665,-0.3515557268402134,0.17497249926685163,3.1929638326087764,0.04431638852913067,84.69732972256156,84.74164611109069
2.3179999999999663,-0.3511938224771086,0.18693025618287692,3.165612269868431,0.050580601611852606,84.69221115808479,84.74279175969664
2.319999999999966,-0.3508080314808028,0.19885902612370016,3.138077712405332,0.057242081810189416,84.6867603197347,84.74400240154489
2.321999999999966,-0.35039841258785065,0.2107580467013879,3.1103622625606278,0.0642973608150271,84.68097910360521,84.74527646442024
2.3239999999999656,-0.34996502605681723,0.22262655829766512,3.082468032475731,0.07174287460774378,84.67486948967648,84.74661236428423
2.3259999999999654,-0.34950793366270655,0.2344638040961444,3.054397143972842,0.07957496462168327,84.66843354110976,84.74800850573145
2.327999999999965,-0.34902719869132554,0.24626903011458776,3.0261517284347765,0.08778987892323527,84.66167340352474,84.74946328244798
2.329999999999965,-0.34852288593358344,0.25804148523720766,2.99773392668408,0.09638377341225922,84.65459130425916,84.75097507767141
2.3319999999999648,-0.34799506167972666,0.2697804212470139,2.969145888861419,0.1053527130415857,84.64718955161108,84.75254226465266
2.3339999999999645,-0.3474437937135087,0.28148509285821277,2.940389774303239,0.11469267305532856,84.63947053406403,84.75416320711936
2.3359999999999643,-0.34686915130629536,0.2931547577486647,2.9114677514186615,0.12439954024573961,84.63143671949487,84.7558362597406
2.337999999999964,-0.346271205211105,0.3047886765924059,2.8823819975656244,0.13446911422833535,84.62309065436482,84.75755976859315
2.339999999999964,-0.3456500276565835,0.3163861130922404,2.853134698926238,0.14489710873502304,84.61443496289365,84.75933207162868
2.3419999999999637,-0.34500569234091416,0.32794633401240747,2.823728050381354,0.1556791529249536,84.60547234621724,84.76115149914219
2.3439999999999634,-0.34433827442566217,0.33946860921132954,2.7941642553843264,0.16681079271282295,84.59620558152874,84.76301637424156
2.3459999999999632,-0.3436478505295534,0.3509522116744463,2.764445525833963,0.1782874921143466,84.58663752120334,84.7649250133177
2.347999999999963,-0.34293449872218723,0.36239641754713897,2.734574081946641,0.19010463460862556,84.57677109190683,84.76687572651547
2.349999999999963,-0.34219829851768413,0.37380050616774985,2.704552152127594,0.20225752451712178,84.56660929368839,84.76886681820551
2.3519999999999626,-0.34143933086826633,0.385163760100701,2.6743819728413416,0.21474138839895943,84.55615519905722,84.77089658745618
2.3539999999999623,-0.3406576781577725,0.39648546516971667,2.6440657884812615,0.2275513764622631,84.54541195204389,84.77296332850615
2.355999999999962,-0.33985342419510595,0.40776491049115227,2.613605851238291,0.24068256399124843,84.53438276724593,84.77506533123717
2.357999999999962,-0.33902665420761596,0.41900138850743474,2.583004420968755,0.25412995278876693,84.52307092885815,84.77720088164692
2.3599999999999617,-0.33817745483441203,0.4301941950206163,2.55226376506129,0.2678884726340173,84.51147978968804,84.77936826232205
2.3619999999999615,-0.337305914119611,0.44134262922604545,2.521386158302888,0.28195298275512176,84.49961277015596,84.78156575291108
2.3639999999999612,-0.33641212150551675,0.45244599374615774,2.4903738827440187,0.29631827331627253,84.48747335728058,84.78379163059685
2.365999999999961,-0.3354961678257322,0.46350359466438845,2.459229227562852,0.3109790669191409,84.47506510364987,84.78604417056901
2.367999999999961,-0.33455814529820327,0.47451474155921014,2.4279544889285454,0.3259300201182484,84.4623916263777,84.78832164649594
2.3699999999999606,-0.3335981475181945,0.485478747538296,2.396551969863612,0.34116572494999264,84.44945660604593,84.79062233099592
2.3719999999999604,-0.3326162694511967,0.4963949292728119,2.3650239801053528,0.35668071047501165,84.4362637856329,84.79294449610792
2.37399999999996,-0.3316126074257654,0.5072626070318376,2.333372835966343,0.37246944433357954,84.4228169694277,84.79528641376127
2.37599999999996,-0.33058725912629056,0.518081104716918,2.3016008601939792,0.38852633431371264,84.40912002193116,84.79764635624487
2.3779999999999597,-0.32954032358569685,0.5288497498967475,2.2697103818290696,0.40484572993166723,84.39517686674304,84.80002259667471
2.3799999999999595,-0.32847190117807484,0.5395678738419845,2.2377037360634735,0.42142192402450707,84.38099148543641,84.80241340946091
2.3819999999999593,-0.327382093611242,0.5502348115601995,2.2055832640967794,0.43824915435441064,84.3665679164187,84.80481707077311
2.383999999999959,-0.32627100391923375,0.5608499018309557,2.173351312992021,0.4553216052243935,84.35191025378012,84.80723185900452
2.385999999999959,-0.3251387364547246,0.5714124872410209,2.141010235530426,0.4726334091051095,84.33702264612938,84.8096560552345
2.3879999999999586,-0.32398539688137806,0.581921914219712,2.108562390065204,0.49017864827239266,84.32190929541719,84.81208794368958
2.3899999999999584,-0.3228110921661264,0.5923775330743697,2.0760101403743567,0.5079513564552047,84.30657445574755,84.81452581220276
2.391999999999958,-0.3216159305713789,0.602778698025964,2.043355855512525,0.5259455204936426,84.29102243217702,84.81696795267065
2.393999999999958,-0.32040002164715886,0.6131247672448268,2.010601909661861,0.5441550820066559,84.2752575795026,84.81941266150925
2.3959999999999577,-0.31916347622316926,0.6234151028865129,1.9777506819819353,0.562573939069128,84.25928430103784,84.82185824010696
2.3979999999999575,-0.31790640640078605,0.6336490711277849,1.9448045564586667,0.5811959478979665,84.24310704737793,84.8243029952759
2.3999999999999573,-0.31662892554497996,0.6438260422027211,1.9117659217522909,0.6000149245468416,84.22673031515392,84.82674523970076
2.401999999999957,-0.31533114827616554,0.6539453904389442,1.8786371710443572,0.6190246466092134,84.21015864577593,84.82918329238515
2.403999999999957,-0.31401319046197773,0.6640064942939671,1.8454207018837672,0.6382188549292855,84.19339662416613,84.83161547909542
2.4059999999999566,-0.3126751692089757,0.6740087363916539,1.8121189160318434,0.6575912553205082,84.17644887748163,84.83404013280214
2.4079999999999564,-0.31131720285427367,0.6839515035587919,1.7787342193064493,0.6771355202912707,84.15932007382695,84.83645559411822
2.409999999999956,-0.30993941095709837,0.6938341868617711,1.745269021425153,0.6968452907773912,84.14201492095741,84.8388602117348
2.411999999999956,-0.308541914290273,0.7036561816433688,1.7117257358474414,0.7167141778810382,84.12453816497275,84.84125234285379
2.4139999999999557,-0.3071248348316277,0.7134168875596331,1.6781067796159923,0.7367357646156918,84.10689458900153,84.84363035361721
2.4159999999999555,-0.3056882957553362,0.7231157086168623,1.6444145731970112,0.7569036076567586,84.08908901187708,84.84599261953383
2.4179999999999553,-0.3042324214231779,0.7327520532086756,1.6106515403196373,0.7772112390974497,84.07112628680449,84.84833752590194
2.419999999999955,-0.3027573373757265,0.7423253341531703,1.576820107814428,0.7976521682095273,84.05301130001945,84.85066346822897
2.421999999999955,-0.30126317032346367,0.7518349687301583,1.542922705450925,0.81821988320852,84.03474896943919,84.8529688526477
2.4239999999999546,-0.29975004813781825,0.7612803787184808,1.50896176577432,0.8389078530230009,84.01634424330551,84.85525209632851
2.4259999999999544,-0.29821809984213093,0.7706609904333906,1.4749397239412207,0.8597095290675342,83.99780209882059,84.85751162788812
2.427999999999954,-0.29666745560254415,0.7799762347640006,1.440859017554528,0.8806183470188628,83.97912754077566,84.85974588779453
2.429999999999954,-0.2950982467188166,0.7892255472107882,1.4067220864974403,0.9016277285949414,83.96032560017282,84.86195332876777
2.4319999999999538,-0.29351060561506326,0.7984083679231535,1.3725313727665898,0.9227310833363831,83.94140133284043,84.86413241617682
2.4339999999999535,-0.2919046658304197,0.8075241417370209,1.3382893203043258,0.9439218103899094,83.92235981804241,84.86628162843232
2.4359999999999533,-0.2902805620096316,0.8165723182124797,1.303998374830155,0.9651933002933784,83.90320615708157,84.86839945737495
2.437999999999953,-0.28863842989356886,0.8255523516714549,1.2696609836713566,0.9865389367619536,83.88394547189755,84.87048440865951
2.439999999999953,-0.286978406309664,0.8344637012354033,1.235279595592779,1.007952098475,83.86458290365957,84.87253500213457
2.4419999999999527,-0.2853006291622755,0.8433058308630238,1.2008566606258335,1.0294261608632571,83.84512361135425,84.8745497722175
2.4439999999999524,-0.2836052374229758,0.8520782093879781,1.1663946298967074,1.0509544978958634,83.82557277036906,84.87652726826492
2.445999999999952,-0.2818923711207633,0.8607803105566103,1.1318959554538017,1.0725304838667846,83.80593557107156,84.87846605493834
2.447999999999952,-0.28016217133219984,0.8694116130656597,1.0973630900944125,1.0941474951802055,83.78621721738476,84.88036471256497
2.4499999999999518,-0.27841478017147164,0.877971600599957,1.0627984871906788,1.115798912134441,83.7664229253592,84.88222183749363
2.4519999999999516,-0.2766503407803758,0.886459761870096,1.0282046005148022,1.1374781207039133,83.74655792174171,84.88403604244563
2.4539999999999513,-0.2748689973182312,0.8948755906500713,0.993583884063566,1.1591785143187487,83.72662744254167,84.88580595686042
2.455999999999951,-0.2730708949517139,0.9032185858148739,0.9589387918821697,1.1808934956415267,83.70663673159477,84.8875302272363
2.457999999999951,-0.27125617984461764,0.9114882513780349,0.9242717778873908,1.2026164783407458,83.68659103912462,84.88920751746537
2.4599999999999507,-0.26942499914753953,0.9196840965291077,0.8895852956901065,1.2243408888605298,83.66649562030312,84.89083650916365
2.4619999999999505,-0.2675775009874904,0.9278056356710795,0.8548817984171799,1.2460601681861119,83.64635573380922,84.89241590199532
2.4639999999999502,-0.2657138344574305,0.9358523884577032,0.8201637385327447,1.2677677736046482,83.62617664038686,84.8939444139915
2.46599999999995,-0.2638341496057311,0.9438238798307377,0.7854335676588988,1.2894571804608785,83.60596360140265,84.89542078186352
2.46799999999995,-0.26193859742556086,0.9517196400570881,0.7506937363958355,1.3111218839071754,83.58572187740315,84.89684376131032
2.4699999999999496,-0.26002732984419896,0.9595392047658362,0.7159466941414323,1.3327554006475095,83.56545672667248,84.89821212732
2.4719999999999493,-0.25810049971227356,0.9672821149851485,0.6811948889103174,1.354351270674855,83.54517340379095,84.89952467446581
2.473999999999949,-0.256158260792927,0.9749479171790536,0.6464407671524386,1.3759030590015797,83.52487715819419,84.90078021719577
2.475999999999949,-0.2542007677509072,0.9825361632840771,0.6116867735711624,1.3974043573823147,83.50457323273426,84.90197759011657
2.4779999999999487,-0.2522281761415866,0.9900464107457235,0.5769353509409181,1.4188487860288677,83.48426686224231,84.90311564827118
2.4799999999999485,-0.2502406423999074,0.9974782225547941,0.5421889399244189,1.4402299953166713,83.46396327209358,84.90419326741025
2.4819999999999482,-0.24823832382925518,1.00483116728353,0.5074499788894855,1.4615416674823016,83.44366767677522,84.90520934425753
2.483999999999948,-0.24622137859025986,1.0121048191215687,0.472720903725492,1.4827775183115928,83.42338527845708,84.90616279676867
2.485999999999948,-0.24418996568952522,1.019298757911704,0.4380041476594614,1.5039312988178668,83.40312126556594,84.9070525643838
2.4879999999999476,-0.24214424496828696,1.0264125691854369,0.40330214107184403,1.5249967969097995,83.38288081136376,84.90787760827357
2.4899999999999474,-0.24008437709099997,1.033445844198305,0.3686173113119957,1.5459678390484453,83.36266907253027,84.90863691157871
2.491999999999947,-0.23801052353385516,1.0403981799649826,0.3339520825133899,1.5668382918929382,83.34249118775011,84.90932947964305
2.493999999999947,-0.23592284657322626,1.0472691792941358,0.2993088754085864,1.5876020639343973,83.32235227630551,84.9099543402399
2.4959999999999467,-0.2338215092740473,1.0540584508230222,0.2646901071439909,1.6082531071175665,83.30225743667401,84.91051054379157
2.4979999999999465,-0.23170667547812093,1.060765609051825,0.23009819109442864,1.6287854184496828,83.28221174513277,84.91099716358245
2.4999999999999463,-0.22957850979235866,1.0673902743777082,0.1955355366775593,1.6491930415961362,83.26222025436876,84.91141329596489
2.501999999999946,-0.22743717757695295,1.0739320731285806,0.1610045491681702,1.6694700684624222,83.24228799209622,84.91175806055864
2.503999999999946,-0.22528284493348233,1.0803906375965584,0.12650762951236816,1.6896106407619127,83.2224199596811,84.91203060044302
2.5059999999999456,-0.22311567869294976,1.086765606071112,0.09204717414170638,1.7096089515689867,83.20262113077342,84.9122300823424
2.5079999999999454,-0.2209358464037551,1.0930566228718883,0.05762557478727359,1.7294592468570498,83.18289644994742,84.91235569680447
2.509999999999945,-0.21874351631960218,1.0992633383811936,0.02324521829377435,1.749155827020958,83.16325083135064,84.9124066583716
2.511999999999945,-0.21653885738734135,1.1053854090761257,-0.011091513566365396,1.7686930483834007,83.14368915736159,84.91238220574499
2.5139999999999447,-0.2143220392347481,1.1114224975603448,-0.045382244278837636,1.7880653246847682,83.12421627725715,84.91228160194191
2.5159999999999445,-0.21209323215823847,1.1173742725954696,-0.0796246027732086,1.8072671285560502,83.10483700588942,84.91210413444547
2.5179999999999443,-0.2098526071105221,1.123240409132086,-0.1138162236085547,1.8262929929742966,83.08555612237308,84.91184911534738
2.519999999999944,-0.2076003356881936,1.1290205883403592,-0.14795474715895107,1.8451375127001997,83.06637836878328,84.91151588148348
2.521999999999944,-0.20533659011926322,1.134714497640234,-0.18203781979878242,1.8637953456973435,83.04730844886453,84.91110379456187
2.5239999999999436,-0.20306154325062736,1.1403218307312126,-0.21606309408783542,1.8822612145326667,83.0283510267512,84.91061224128386
2.5259999999999434,-0.20077536853548014,1.1458422876217,-0.25002822895615173,1.9005299077576985,83.00951072569978,84.91004063345748
2.527999999999943,-0.1984782400206666,1.1512755746579009,-0.2839308898885986,1.9185962812701312,82.9907921268337,84.90938840810382
2.529999999999943,-0.19617033233397865,1.15662140455226,-0.31776874910913566,1.9364552596552997,82.97219976790046,84.90865502755577
2.5319999999999427,-0.19385182067139448,1.1618794964114332,-0.3515394857647336,1.9541018375071233,82.95373814204234,84.90783997954946
2.5339999999999425,-0.19152288078426266,1.167049575763775,-0.38524078610892154,1.9715310807280926,82.93541169658033,84.90694277730843
2.5359999999999423,-0.18918368896643167,1.1721313745863364,-0.4188703436849237,1.9887381278078835,82.91722483181219,84.90596295962007
2.537999999999942,-0.18683442204132594,1.1771246313313548,-0.4524258595083561,2.0057181910801862,82.89918189982473,84.90490009090492
2.539999999999942,-0.18447525734896947,1.1820290909522302,-0.4859050422494502,2.022466557957321,82.88128720332088,84.9037537612782
2.5419999999999416,-0.18210637273295788,1.1868445049289733,-0.5193056084147658,2.038978592142264,82.86354499446199,84.90252358660425
2.5439999999999414,-0.17972794652738036,1.191570631293115,-0.5526252825283677,2.055249734817659,82.84595947372553,84.9012092085432
2.545999999999941,-0.17734015754369212,1.196207234652066,-0.5858617973124263,2.071275505811451,82.82853478877868,84.89981029459014
2.547999999999941,-0.17494318505753872,1.2007540862129167,-0.6190128938672108,2.087051504738724,82.81127503336843,84.89832653810716
2.5499999999999408,-0.1725372087955335,1.2052109638056638,-0.6520763218504462,2.102573412119411,82.79418424622806,84.89675765834747
2.5519999999999405,-0.17012240892198896,1.2095776519058563,-0.6850498396559928,2.1178369904714356,82.77726641000098,84.89510340047241
2.5539999999999403,-0.16769896602560358,1.213853941656647,-0.7179312145918231,2.132838085379005,82.76052545018166,84.89336353556067
2.55599999999994,-0.16526706110610503,1.2180396308902415,-0.750718223057258,2.1475726265356285,82.74396523407476,84.8915378606104
2.55799999999994,-0.16282687556085124,1.2221345241487331,-0.7834086507194327,2.162036628761553,82.72758956977188,84.88962619853343
2.5599999999999397,-0.1603785911713902,1.2261384327043139,-0.8160002926889538,2.1762261929952467,82.71140220514725,84.8876283981425
2.5619999999999394,-0.1579223900899802,1.230051174578851,-0.8484909536947258,2.190137507258627,82.6954068268721,84.88554433413073
2.563999999999939,-0.15545845482607148,1.2338725745628203,-0.8808784482578997,2.203766847595687,82.67960705944807,84.88337390704376
2.565999999999939,-0.1529869682327505,1.237602464233586,-0.9131606008649258,2.217110578984206,82.66400646426044,84.88111704324464
2.5679999999999388,-0.15050811349314855,1.2412406819730182,-0.9453352461396674,2.23016515622024,82.64860853865093,84.87877369487117
2.5699999999999386,-0.14802207410681578,1.2447870729844355,-0.9774002290145509,2.242927124775115,82.63341671501077,84.87634383978589
2.5719999999999383,-0.14552903387606178,1.2482414893088707,-1.0093534049007131,2.2553931216245746,82.61843435989431,84.87382748151889
2.573999999999938,-0.14302917689226458,1.2516037898406422,-1.0411926398571236,2.2675598760498747,82.60366477315335,84.87122464920323
2.575999999999938,-0.14052268752214905,1.2548738403422297,-1.0729158107586387,2.2794242104105025,82.58911118709261,84.86853539750311
2.5779999999999377,-0.13800975039403646,1.2580515134584402,-1.104520805462969,2.2909830408882748,82.57477676564652,84.8657598065348
2.5799999999999375,-0.13549055038406604,1.2611366887298605,-1.1360055229765158,2.3022333782025814,82.56066460357769,84.86289798178028
2.5819999999999372,-0.1329652726023908,1.2641292526055847,-1.1673678736190607,2.3131723282964956,82.54677772569747,84.85995005399397
2.583999999999937,-0.13043410237934827,1.2670290984552117,-1.1986057791872615,2.3237970929935514,82.53311908610854,84.85691617910209
2.585999999999937,-0.1278972252516082,1.2698361265801028,-1.2297171731169407,2.334104970624968,82.51969156747015,84.85379653809511
2.5879999999999366,-0.12535482694829841,1.2725502442238934,-1.2607000006441236,2.3440933566270825,82.50649798028591,84.850591336913
2.5899999999999364,-0.12280709337711035,1.2751713655822519,-1.2915522189648025,2.3537597441088223,82.49354106221477,84.8473008063236
2.591999999999936,-0.12025421061038595,1.2776994118118785,-1.3222717973934002,2.3631017243890096,82.48082347740512,84.84392520179414
2.593999999999936,-0.11769636487118722,1.280134311038737,-1.3528567175198976,2.372116987503333,82.4683478158523,84.84046480335563
2.5959999999999357,-0.11513374251935012,1.2824759983655145,-1.383304973365602,2.3808033226808196,82.45611659277986,84.83691991546068
2.5979999999999355,-0.11256653003752433,1.284724415878301,-1.413614571537528,2.3891586187896223,82.4441322480447,84.83329086683432
2.5999999999999353,-0.10999491401720048,1.2868795126524861,-1.443783531381359,2.3971808647520483,82.43239714556611,84.82957801031816
2.601999999999935,-0.10741908114472626,1.2889412447578634,-1.4738098851329675,2.4048681499285998,82.42091357277951,84.82578172270811
2.603999999999935,-0.10483921818731322,1.2909095752629414,-1.5036916780684644,2.4122186644710015,82.40968374011403,84.82190240458503
2.6059999999999346,-0.10225551197903573,1.292784474238453,-1.5334269686527506,2.419230699644039,82.39870978049537,84.8179404801394
2.6079999999999344,-0.0996681494068237,1.2945659187600607,-1.563013828686549,2.4259026481161463,82.3879937488728,84.81389639698895
2.609999999999934,-0.09707731739645067,1.2962538929102512,-1.5924503434518844,2.4322330042186358,82.37753762177182,84.80977062599045
2.611999999999934,-0.09448320289851901,1.297848387779418,-1.6217346118559957,2.438220364173529,82.36734329687117,84.8055636610447
2.6139999999999337,-0.0918859928744437,1.299349401466126,-1.650864746573646,2.443863426289872,82.35741259260566,84.80127601889552
2.6159999999999335,-0.08928587428243641,1.3007569390765548,-1.679838874187815,2.4491609911285557,82.34774724779392,84.79690823892247
2.6179999999999333,-0.08668303406349155,1.302071012723119,-1.7086551353287454,2.454111961635549,82.3383489212919,84.79246088292744
2.619999999999933,-0.08407765912737589,1.3032916415222606,-1.7373116848113224,2.4587153432435387,82.32921919167174,84.78793453491528
2.621999999999933,-0.08146993633862339,1.3044188515914124,-1.7658066917707624,2.4629702439419745,82.32035955692639,84.78332980086836
2.6239999999999326,-0.07886005250253698,1.3054526760451295,-1.7941383397965909,2.466875874315504,82.31177143419991,84.77864730851542
2.6259999999999324,-0.07624819435119891,1.3063931549903862,-1.8223048270648892,2.4704315475508225,82.30345615954356,84.77388770709437
2.627999999999932,-0.07363454852949128,1.3072403355210382,-1.8503043664687833,2.4736366794119427,82.29541498769778,84.76905166710972
2.629999999999932,-0.0710193015811286,1.307994271711447,-1.8781351857471638,2.4764907881839378,82.28764909190019,84.76413988008413
2.6319999999999317,-0.06840263993470377,1.3086550246092656,-1.905795527611608,2.478993494585219,82.28015956371925,84.75915305830448
2.6339999999999315,-0.06578474988974954,1.3092226622273873,-1.9332836498714936,2.4811445216483703,82.27294741291414,84.75409193456251
2.6359999999999313,-0.06316581760281668,1.3096972595350522,-1.9605978255572791,2.4829436945696486,82.26601356732061,84.74895726189027
2.637999999999931,-0.06054602907357097,1.310078898448116,-1.9877363430419375,2.4843909405272293,82.25935887276286,84.7437498132901
2.639999999999931,-0.05792557013091039,1.310367667818478,-2.0146975061605223,2.4854862884682762,82.25298409299114,84.73847038145942
2.6419999999999306,-0.05530462641910431,1.310563663422671,-2.041479634327852,2.4862298688649807,82.24688990964574,84.73311977851073
2.6439999999999304,-0.05268338338395636,1.3106669879496113,-2.068081062654299,2.4866219134396585,82.24107692224668,84.72769883568634
2.64599999999993,-0.050062026258992615,1.3106777509875134,-2.094500142059659,2.4866627548590627,82.23554564820935,84.72220840306842
2.64799999999993,-0.04744074005167679,1.3105960690099652,-2.120735239385101,2.4863528263980506,82.23029652288616,84.71664934928421
2.6499999999999297,-0.04481970952965413,1.3104220653611725,-2.1467847375031623,2.485692661572762,82.22532989963383,84.71102256120659
2.6519999999999295,-0.042199119207025654,1.3101558702403684,-2.1726470354258036,2.484682893743495,82.22064604990653,84.70532894365003
2.6539999999999293,-0.03957915333065435,1.3097976206853932,-2.1983205484104804,2.4833242556874393,82.21624516337477,84.6995694190622
2.655999999999929,-0.03695999586650514,1.3093474605554463,-2.223803708064243,2.481617579141478,82.21212734806959,84.69374492721107
2.657999999999929,-0.03434183048602006,1.308805540513014,-2.249094962445841,2.4795637943152644,82.20829263055265,84.68785642486792
2.6599999999999286,-0.03172484055253049,1.3081720180049736,-2.274192776165827,2.4771639293747865,82.2047409561113,84.68190488548608
2.6619999999999284,-0.029109209107707937,1.3074470572428822,-2.299095630484642,2.47441910989665,82.2014721889791,84.67589129887574
2.663999999999928,-0.026495118858055083,1.3066308291824473,-2.3238020234086854,2.4713305582933125,82.19848611258156,84.66981667087488
2.665999999999928,-0.023882752161438713,1.3057235115021892,-2.348310469784344,2.467899593209554,82.19578242980657,84.66368202301612
2.6679999999999278,-0.021272291013666098,1.3047252885812965,-2.372619501389991,2.4641276288903984,82.19336076329988,84.65748839219027
2.6699999999999275,-0.01866391703510648,1.3036363514766798,-2.396727667025932,2.460016174520793,82.19122065578527,84.65123683030606
2.6719999999999273,-0.016057811457359253,1.3024568978992277,-2.4206335326022947,2.4555668335373353,82.18936157040896,84.6449284039463
2.673999999999927,-0.013454155109970427,1.3011871321892727,-2.444335681224863,2.450781302912306,82.1877828911088,84.6385641940211
2.675999999999927,-0.010853128407198927,1.2998272652912697,-2.4678327132788414,2.4456613724103646,82.18648392300697,84.63214529541735
2.6779999999999267,-0.008254911334834338,1.2983775147276937,-2.49112324651055,2.4402089238181772,82.18546389282723,84.6256728166454
2.6799999999999264,-0.005659683437067619,1.296838104572164,-2.514205916107044,2.4344259301473374,82.18472194933541,84.61914787948275
2.681999999999926,-0.0030676238034163437,1.2952092654217986,-2.537079374773652,2.428314454810893,82.18425716380375,84.61257161861464
2.683999999999926,-0.00047891105570599087,1.2934912343688079,-2.5597422928094336,2.4218766507738487,82.18406853049818,84.60594518127203
2.685999999999926,0.0021062766648911996,1.2916842549713323,-2.5821933581805556,2.41511475967797,82.18415496718893,84.59926972686691
2.6879999999999256,0.004687761710758287,1.2897885772235325,-2.6044312765915767,2.408031110941277,82.18451531568378,84.59254642662506
2.6899999999999253,0.007265366940675136,1.2878044575249377,-2.6264547715546476,2.400628120832607,82.1851483423838,84.5857764632164
2.691999999999925,0.009838915732597887,1.2857321586490618,-2.6482625844566265,2.392908291521589,82.18605273886156,84.57896103038316
2.693999999999925,0.01240823199637492,1.2835719497112927,-2.6698534746241025,2.384874210104486,82.18722712246104,84.57210133256552
2.6959999999999247,0.014973140186397895,1.2813241061360647,-2.6912262193863348,2.3765285476062425,82.18867003691958,84.56519858452582
2.6979999999999245,0.01753346531418641,1.2789889096233205,-2.7123796141361085,2.367874057959177,82.19037995301107,84.55825401097024
2.6999999999999242,0.0200890329609049,1.2765666481142732,-2.733312472388505,2.3589135769587513,82.19235526921024,84.551268846169
2.701999999999924,0.022639669289810344,1.274057615756475,-2.7540236258375956,2.3496500211967977,82.19459431237799,84.54424433357478
2.703999999999924,0.025185201058629435,1.271462112868202,-2.7745119244110534,2.3400863869726773,82.19709533846705,84.53718172543972
2.7059999999999236,0.027725455631863856,1.2687804459021657,-2.7947762363226984,2.3302257491827847,82.1998565332479,84.53008228243068
2.7079999999999234,0.03026026099302229,1.2660129274085579,-2.8148154481229697,2.320071260188856,82.20287601305468,84.52294727324353
2.709999999999923,0.03278944575677788,1.2631598759974407,-2.8346284647473388,2.3096261486655325,82.20615182555039,84.51577797421592
2.711999999999923,0.0353128391810498,1.2602216163004891,-2.8542142095626604,2.2988937184276264,82.2096819505118,84.50857566893941
2.7139999999999227,0.03783027117900772,1.257198478932099,-2.8735716244114764,2.287877347237592,82.21346430063241,84.50134164787
2.7159999999999225,0.040341572330997784,1.2540908004498668,-2.892699669654275,2.276580485593624,82.21749672234488,84.4940772079385
2.7179999999999223,0.04284657389638901,1.2508989233144552,-2.9115973242097115,2.2650066554988935,82.22177699666092,84.48678365215982
2.719999999999922,0.04534510782533876,1.2476231958488508,-2.9302635855928005,2.2531594492124154,82.22630284002928,84.4794622892417
2.721999999999922,0.047837006770476136,1.2442639721970281,-2.9486974699510893,2.241042527981996,82.23107190521101,84.47211443319301
2.7239999999999216,0.05032210409850216,1.240821612282028,-2.9668980120988175,2.228659620759792,82.23608178217202,84.4647414029318
2.7259999999999214,0.05280023390170546,1.2372964817634633,-2.9848642655490774,2.2160145229009602,82.24132999899206,84.45734452189302
2.727999999999921,0.0552712310093925,1.233688951994461,-3.0025953025439813,2.203111094845919,82.24681402279018,84.4499251176361
2.729999999999921,0.057734930999231014,1.2299993999780519,-3.0200902140828467,2.1899532607867056,82.25253126066586,84.44248452145257
2.7319999999999207,0.060191170208505826,1.226228208323022,-3.0373481099484136,2.1765450073179617,82.25847906065596,84.43502406797391
2.7339999999999205,0.06263978574528571,1.2223757651992326,-3.0543681187311025,2.1628903820730367,82.26465471270657,84.4275450947796
2.7359999999999203,0.06508061549950045,1.2184424642924234,-3.0711493878513223,2.1489934923457805,82.27105544965961,84.4200489420054
2.73799999999992,0.06751349815392697,1.2144287047585103,-3.0876910835798514,2.134858503698466,82.27767844825382,84.41253695195229
2.73999999999992,0.0699382731950836,1.2103348911773875,-3.1039923910562903,2.120489638556453,82.28452083013947,84.40501046869592
2.7419999999999196,0.07235478092403136,1.2061614335062478,-3.120052514305611,2.105891174790054,82.2915796629068,84.39747083769686
2.7439999999999194,0.07476286246708154,1.2019087470324323,-3.135870676252809,2.0910674442841675,82.29885196112737,84.38991940541153
2.745999999999919,0.07716235978640845,1.1975772523258208,-3.15144611873568,2.0760228314961977,82.3063346874081,84.3823575189043
2.747999999999919,0.07955311569056651,1.193167375190775,-3.166778102515726,2.0607617720027993,82.31402475345749,84.3747865254603
2.7499999999999187,0.08193497384491079,1.1886795466176483,-3.1818659072872153,2.0452887510359767,82.3219190211639,84.36720777219988
2.7519999999999185,0.08430777878192013,1.1841142027338718,-3.1967088316844046,2.0296083020090814,82.33001430368483,84.35962260569391
2.7539999999999183,0.08667137591142207,1.1794717847546308,-3.211306193286945,2.0137250050332414,82.33830736654743,84.35203237158066
2.755999999999918,0.08902561153071872,1.1747527389331425,-3.225657328623482,1.9976434854247436,82.34679492875958,84.34443841418432
2.757999999999918,0.09137033283461272,1.169957516510549,-3.2397615931734722,1.9813684122039534,82.35547366393084,84.33684207613479
2.7599999999999176,0.0937053879253327,1.1650865736654354,-3.253618361367225,1.9649044965862579,82.3643402014033,84.32924469798955
2.7619999999999174,0.09603062582235738,1.160140371462989,-3.267227026584198,1.948256490465599,82.37339112739149,84.32164761785708
2.763999999999917,0.09834589647213768,1.1551193758038067,-3.2805870011495517,1.9314291848911362,82.3826229861313,84.31405217102242
2.765999999999917,0.10065105075771598,1.15002405737237,-3.29369771632899,1.9144274085375628,82.39203228103709,84.30645968957465
2.7679999999999167,0.10294594050824217,1.1448548915851922,-3.3065586223218997,1.8972560261696243,82.40161547586683,84.29887150203646
2.7699999999999165,0.10523041850838558,1.1396123585386582,-3.319169188252806,1.8799199371013762,82.41136899589473,84.29128893299611
2.7719999999999163,0.10750433850764231,1.1342969429565617,-3.331528902161172,1.862424073650694,82.42128922909095,84.28371330274165
2.773999999999916,0.10976755522953734,1.128909134137358,-3.3436372709895466,1.8447733995896043,82.43137252730799,84.27614592689758
2.775999999999916,0.11201992438072089,1.1234494259011423,-3.3554938205700893,1.8269729085909325,82.44161520747316,84.2685881160641
2.7779999999999156,0.11426130265995846,1.117918316536365,-3.3670980956094936,1.8090276226718247,82.45201355278701,84.26104117545883
2.7799999999999154,0.11649154776701402,1.1123163087462995,-3.378449659672315,1.7909425906346463,82.46256381392698,84.25350640456162
2.781999999999915,0.11871051841142599,1.1066439095952705,-3.3895480951627395,1.7727228865058093,82.47326221025591,84.24598509676171
2.783999999999915,0.12091807432117532,1.1009016304546597,-3.400393003304801,1.7543736079730152,82.48410493103532,84.23847853900833
2.7859999999999148,0.12311407625124549,1.0950899869486972,-3.4109840041210724,1.7358998748214665,82.49508813664235,84.23098801146382
2.7879999999999145,0.12529838599207374,1.0892094989000525,-3.4213207364098492,1.7173068273695495,82.50620795979067,84.22351478716023
2.7899999999999143,0.12747086637789354,1.0832606902752377,-3.431402857720842,1.698599624904479,82.51746050675447,84.21606013165895
2.791999999999914,0.12963138129496737,1.0772440891298343,-3.441230044329411,1.6797834441184625,82.5288418585951,84.20862530271356
2.793999999999914,0.13177979568971004,1.0711602275535543,-3.4508019912093424,1.66086347754583,82.54034807239044,84.20121154993627
2.7959999999999137,0.13391597557670187,1.0650096416151509,-3.460118412004209,1.641844932001688,82.55197518246584,84.19382011446753
2.7979999999999134,0.1360397880465916,1.058792871307186,-3.4691790389973205,1.6227330270225448,82.56371920162687,84.18645222864942
2.7999999999999132,0.13815110127388858,1.0525104604906703,-3.477983623080288,1.6035329933094353,82.57557612239307,84.1791091157025
2.801999999999913,0.14024978452464432,1.0461629568395863,-3.4865319337202263,1.5842500711740186,82.58754191823243,84.17179198940644
2.803999999999913,0.1423357081640228,1.0397509117853034,-3.494823758925616,1.564889508988128,82.59961254479627,84.1645020537844
2.8059999999999126,0.1444087436637596,1.0332748804609009,-3.502858905210835,1.5454565616372633,82.61178394115392,84.15724050279118
2.8079999999999123,0.14646876360950964,1.0267354216454063,-3.5106371975593977,1.5259564889784893,82.62405203102702,84.15000852000551
2.809999999999912,0.1485156417080831,1.0201330977079626,-3.5181584793859093,1.5063945543032116,82.63641272402289,84.1428072783261
2.811999999999912,0.15054925279456996,1.0134684745519333,-3.5254226124967563,1.4867760228053024,82.64886191686661,84.13563793967191
2.8139999999999117,0.15256947283935238,1.0067421215589605,-3.5324294770495666,1.4671061600550128,82.66139549463156,84.12850165468657
2.8159999999999115,0.1545761789550053,0.9999546115329797,-3.539178971511445,1.4473902304791475,82.67400933196775,84.1213995624469
2.8179999999999112,0.15656924940308514,0.9931065206442105,-3.5456710126160127,1.4276334958479255,82.68669929432782,84.11433279017575
2.819999999999911,0.15854856360080616,0.9861984283731265,-3.551905535319272,1.4078412137689895,82.69946123919038,84.10730245295937
2.821999999999911,0.1605140021276051,0.9792309174544197,-3.557882492754315,1.3880186361889804,82.7122910172799,84.10030965346887
2.8239999999999106,0.1624654467315935,0.9722045738209667,-3.5636018561848903,1.368171007903108,82.72518447378334,84.09335548168646
2.8259999999999104,0.16440278033589806,0.9651199865478085,-3.5690636149578685,1.348303565073153,82.73813744956274,84.0864410146359
2.82799999999991,0.166325887044889,0.9579777477961535,-3.5742677764545974,1.3284215337543,82.75114578236361,84.0795673161179
2.82999999999991,0.1682346521502964,0.9507784527574132,-3.579214366041197,1.3085301284312114,82.76420530801877,84.07273543644999
2.8319999999999097,0.17012896213721473,0.9435226995972804,-3.5839034270177903,1.2886345505637613,82.77731186164716,84.06594641221092
2.8339999999999095,0.1720087046899955,0.9362110893998596,-3.588335020566708,1.2687399871428047,82.79046127884737,84.05920126599018
2.8359999999999093,0.17387376869802823,0.928844226111859,-3.5925092256996742,1.2488516092563784,82.80364939688567,84.05250100614205
2.837999999999909,0.17572404426141003,0.9214227164868529,-3.5964261392040004,1.2289745706667228,82.81687205587795,84.04584662654467
2.839999999999909,0.17755942269650357,0.9139471700296237,-3.6000858755878062,1.2091140063984904,82.83012509996543,84.03923910636392
2.8419999999999086,0.17937979654138395,0.9064181989405924,-3.603488567024283,1.1892750313385114,82.84340437848377,84.03267940982228
2.8439999999999084,0.18118505956117445,0.8988364180603465,-3.606634363295024,1.1694627388474752,82.8567057471253,84.02616848597278
2.845999999999908,0.1829751067532716,0.891202444814273,-3.6095234317324376,1.1496821993838948,82.87002506909398,84.01970726847787
2.847999999999908,0.1847498343524594,0.8835168991573054,-3.6121559571612623,1.1299384591406787,82.8833582162528,84.01329667539348
2.8499999999999077,0.1865091398359133,0.8757804035187927,-3.614532141839205,1.1102365386946702,82.89670107026336,84.00693760895803
2.8519999999999075,0.18825292192809404,0.8679935827474989,-3.6166522053967185,1.0905814316694684,82.9100495237175,84.00063095538697
2.8539999999999073,0.18998108060553154,0.860157064056739,-3.6185163847759383,1.0709781034118764,82.92339948126025,83.99437758467212
2.855999999999907,0.19169351710149937,0.8522714769696607,-3.6201249341687936,1.0514314896822747,82.93674686070418,83.98817835038645
2.857999999999907,0.19339013391057971,0.844337453264679,-3.621478124954315,1.0319464953592359,82.95008759413497,83.9820340894942
2.8599999999999066,0.19507083479311957,0.83635562692107,-3.6225762456351553,1.0125279931586915,82.96341762900737,83.97594562216605
2.8619999999999064,0.19673552477957817,0.8283266340647313,-3.6234196017733358,0.9931808223679337,82.97673292923207,83.9699137516
2.863999999999906,0.19838411017476612,0.8202511129141161,-3.624008515925244,0.9739097875947487,82.99002947625245,83.9639392638472
2.865999999999906,0.20001649856197662,0.812129703726347,-3.624343327575893,0.9547196575319544,83.00330327011149,83.95802292764344
2.8679999999999057,0.20163259880700912,0.8039630487435162,-3.6244243930724602,0.9356151637376213,83.01655033050847,83.95216549424609
2.8699999999999055,0.20323232106208564,0.7957517921391785,-3.6242520855571234,0.916600999431242,83.02976669784493,83.94636769727617
2.8719999999999053,0.20481557676966045,0.7874965799650419,-3.6238267948992133,0.8976818183060962,83.04294843426017,83.94063025256627
2.873999999999905,0.20638227866612316,0.7791980600978635,-3.623148927626688,0.878862233358076,83.0560916246556,83.93495385801367
2.875999999999905,0.207932340785396,0.7708568821865545,-3.6222189068569586,0.8601468157312061,83.06919237770784,83.92933919343905
2.8779999999999046,0.2094656784624253,0.7624736975995001,-3.621037172227069,0.8415400935800909,83.08224682687067,83.92378692045077
2.8799999999999044,0.21098220833656806,0.754049159372101,-3.6196041798232534,0.823046550949527,83.09525113136502,83.91829768231455
2.881999999999904,0.21248184835487363,0.7455839221545384,-3.6179204021098825,0.8046706266714883,83.10820147715741,83.9128721038289
2.883999999999904,0.2139645177752613,0.7370786421597703,-3.6159863278578133,0.7864167132797085,83.12109407792605,83.90751079120575
2.8859999999999038,0.21543013716959397,0.7285339771117617,-3.6138024620721536,0.7682891559420558,83.1339251760152,83.90221433195725
2.8879999999999035,0.21687862842664876,0.7199505861939544,-3.611369325919463,0.7502922514109087,83.1466910433764,83.89698329478732
2.8899999999999033,0.21830991475498446,0.7113291299979788,-3.6086874566543963,0.7324302469917102,83.1593879824979,83.89181822948962
2.891999999999903,0.21972392068570692,0.7026702704726139,-3.605757407545802,0.7147073395299016,83.17201232732052,83.88671966685041
2.893999999999903,0.22112057207513255,0.6939746708729969,-3.602579747802297,0.6971276744163916,83.18456044414124,83.88168811855763
2.8959999999999027,0.22249979610735043,0.6852429957100882,-3.599155062497319,0.679695344611747,83.19702873250328,83.87672407711503
2.8979999999999024,0.22386152129668366,0.676475910700393,-3.595483952493681,0.6624143896892617,83.20941362607287,83.87182801576213
2.899999999999902,0.22520567749005035,0.6676740827159449,-3.5915670343676225,0.6452887948970488,83.22171159350289,83.86700038839994
2.901999999999902,0.22653219586922496,0.6588381797345517,-3.587404940332393,0.6283224902393237,83.2339191392826,83.86224162952193
2.9039999999999018,0.22784100895300027,0.6499688707903093,-3.582998318161353,0.6115193495769966,83.24603280457386,83.85755215415085
2.9059999999999016,0.22913205059925076,0.6410668259243835,-3.578347831110621,0.5948831897477269,83.25804916803332,83.85293235778106
2.9079999999999013,0.23040525600689768,0.6321327161360638,-3.5734541578412746,0.5784177697055551,83.26996484662085,83.8483826163264
2.909999999999901,0.23166056171777666,0.6231672133340911,-3.568317992341105,0.5621267896802384,83.28177649639349,83.84390328607373
2.911999999999901,0.23289790561840817,0.6141709902882597,-3.562940043845949,0.5460138903564015,83.29348081328536,83.83949470364176
2.9139999999999007,0.23411722694167147,0.6051447205812988,-3.557321036760601,0.530082652072605,83.3050745338733,83.8351571859459
2.9159999999999004,0.23531846626838257,0.5960890785610308,-3.5514617105793125,0.514336594040442,83.31655443612779,83.83089103016823
2.9179999999999002,0.2365015655287768,0.5870047392928119,-3.545362819805887,0.4987791735837483,83.32791734014944,83.82669651373318
2.9199999999999,0.23766646800389665,0.5778923785122535,-3.539025133873392,0.4834137853980158,83.33916010889067,83.82257389428868
2.9219999999999,0.2388131183268852,0.568752672578226,-3.532449437063473,0.46824376083008984,83.3502796488628,83.81852340969289
2.9239999999998996,0.23994146248418588,0.5595862984261478,-3.525636528425304,0.453272367178228,83.36127291082789,83.81454527800612
2.9259999999998993,0.24105144781664906,0.5503939335215569,-3.5185872216941547,0.43850280701258354,83.37213689047613,83.81063969748871
2.927999999999899,0.2421430230205462,0.5411762558139687,-3.511302345209604,0.4239382175161822,83.38286862908765,83.80680684660383
2.929999999999899,0.24321613814849183,0.5319339436910185,-3.5037827418333993,0.4095816698464415,83.3934652141796,83.80304688402605
2.9319999999998987,0.24427074461027423,0.5226676759328903,-3.4960292688669554,0.39543616851729024,83.40392378013777,83.79935994865507
2.9339999999998985,0.24530679517359522,0.51337813166703,-3.488042797968523,0.3815046508019278,83.41424150883304,83.79574615963497
2.9359999999998982,0.24632424396471955,0.5040659903231447,-3.4798242150700123,0.3677899861562624,83.42441563022263,83.7922056163789
2.937999999999898,0.24732304646903475,0.49473193158848794,-3.4713744202934853,0.3542949756630626,83.43444342293556,83.78873839859862
2.939999999999898,0.24830315953152177,0.4853766353634282,-3.4626943278673235,0.3410223514968519,83.44432221484313,83.78534456633997
2.9419999999998976,0.24926454135713694,0.4760007817173025,-3.453784866042074,0.3279747764095598,83.45404938361354,83.7820241600231
2.9439999999998974,0.25020715151110606,0.4666050508445534,-3.4446469770059744,0.3151548432369557,83.46362235725124,83.7787772004882
2.945999999999897,0.25113095091913107,0.4571901230211483,-3.435281616800167,0.3025650744258695,83.47303861462039,83.77560368904626
2.947999999999897,0.25203590186750957,0.4477566785612803,-3.4256897552336074,0.29020792158220954,83.48229568595295,83.77250360753516
2.9499999999998967,0.25292196800316835,0.43830539777434957,-3.4158723757976563,0.2780857650397725,83.49139115334097,83.76947691838075
2.9519999999998965,0.2537891143336111,0.4288369609222234,-3.405830475580383,0.2662009134498474,83.50032265121327,83.76652356466312
2.9539999999998963,0.2546373072267807,0.41935204817677424,-3.395565065180558,0.25455560339159905,83.50908786679625,83.76364347018784
2.955999999999896,0.25546651441083695,0.4098513395776937,-3.3850771686213554,0.243151999003217,83.51768454055916,83.76083653956238
2.957999999999896,0.2562767049738506,0.40033551499058057,-3.374367823263757,0.23199219163381465,83.52611046664347,83.7581026582773
2.9599999999998956,0.25706784936341304,0.39080525406530164,-3.363438079719667,0.2210781995160476,83.53436349327647,83.75544169279252
2.9619999999998954,0.2578399193861638,0.381261236194623,-3.352289001764734,0.2104119674594288,83.54244152316917,83.75285349062861
2.963999999999895,0.25859288820723497,0.3717041404731097,-3.340921666250884,0.19999536656430225,83.55034251389823,83.75033788046254
2.965999999999895,0.2593267303496141,0.362134645656292,-3.329337163018569,0.18983019395643932,83.55806447827244,83.74789467222888
2.9679999999998947,0.2600414216934255,0.3525534301200955,-3.317536594808725,0.1799181725422168,83.56560548468285,83.74552365722506
2.9699999999998945,0.2607369394751305,0.3429611718205327,-3.3055210771744457,0.1702609507843256,83.57296365743768,83.74322460822201
2.9719999999998943,0.2614132622866478,0.33335854825365413,-3.2932917383923703,0.1608601024979629,83.58013717708101,83.74099727957898
2.973999999999894,0.26207037007439354,0.3237462364157557,-3.280849719373786,0.1517171266674512,83.58712428069592,83.73884140736337
2.975999999999894,0.26270824413824234,0.3141249127638401,-3.268196173575447,0.1428334472832244,83.59392326219177,83.73675670947499
2.9779999999998936,0.2633268671304093,0.3044952531763293,-3.255332266910104,0.13421041319911825,83.6005324725757,83.7347428857748
2.9799999999998934,0.2639262230542539,0.29485793291402523,-3.242259177656752,0.1258492980098974,83.6069503202085,83.7327996182184
2.981999999999893,0.2645062972630057,0.28521362658131566,-3.2289780963705894,0.11775129994894827,83.61317527104461,83.73092657099356
2.983999999999893,0.26506707645841315,0.2755630080876226,-3.215490225792688,0.10991754180606238,83.61920584885655,83.72912339066261
2.9859999999998927,0.2656085486893153,0.2659067506090895,-3.2017967807593766,0.10234907086523161,83.62504063544365,83.72738970630888
2.9879999999998925,0.26613070335013705,0.256245526550505,-3.1878989881113324,0.09504685886237269,83.63067827082509,83.72572512968746
2.9899999999998923,0.26663353117930855,0.2465800075074585,-3.1737980866023805,0.0880118019628959,83.63611745341741,83.7241292553803
2.991999999999892,0.26711702425760925,0.23691086422872634,-3.1594953268080026,0.08124472075902715,83.64135694019636,83.72260166095539
2.993999999999892,0.26758117600643677,0.2272387665788831,-3.144991971033545,0.07474636028679182,83.64639554684341,83.7211419071302
2.9959999999998916,0.26802598118600146,0.21756438350113605,-3.130289293222134,0.0685173900625634,83.65123214787641,83.71974953793898
2.9979999999998914,0.2684514358934465,0.2078883829803787,-3.115388578862287,0.0625584041390776,83.65586567676529,83.71842408090437
2.999999999999891,0.2688575375608946,0.19821143200645994,-3.1002911248952225,0.05686992118080903,83.66029512603187,83.71716504721267
3.001999999999891,0.2692442849534214,0.18853419653766532,-3.0849982396218656,0.05145238455860462,83.66451954733466,83.71597193189326
3.0039999999998908,0.26961167816695597,0.17885734146440693,-3.0695112426095443,0.046306162463464716,83.6685380515382,83.71484421400167
3.0059999999998905,0.26995971862610896,0.16918153057311805,-3.0538314645983737,0.04143154803935947,83.67234980876718,83.71378135680654
3.0079999999998903,0.2702884090819287,0.159507426510349,-3.0379602474073257,0.0368287595349657,83.67595404844532,83.71278280798029
3.00999999999989,0.27059775360958566,0.14983569074706052,-3.021898943839985,0.03249794047420584,83.67935005931925,83.71184799979345
3.01199999999989,0.2708877576059859,0.1401669835431109,-3.0056489175899777,0.02843915984546842,83.68253718946711,83.71097634931257
3.0139999999998897,0.27115842778731325,0.13050196391193317,-2.9892115431460806,0.024652412309385977,83.6855148462923,83.71016725860169
3.0159999999998894,0.27140977218650153,0.12084128958539843,-2.972588205696999,0.021137618425043938,83.68828249650215,83.7094201149272
3.017999999999889,0.27164180015063644,0.11118561697886192,-2.9557803010358126,0.017894624894491194,83.69083966607178,83.70873429096628
3.019999999999889,0.2718545223382876,0.10153560115638754,-2.938789235464088,0.014923204825420483,83.69318594019316,83.70810914501858
3.0219999999998888,0.27204795071677146,0.09189189579614745,-2.921616425695651,0.012223058011883952,83.69532096320924,83.70754402122112
3.0239999999998886,0.272222098559345,0.08225515315599273,-2.9042632987600094,0.009793811232906562,83.69724443853369,83.7070382497666
3.0259999999998883,0.27237698044233083,0.07262602403919143,-2.886731291905435,0.007635018568857897,83.6989561285558,83.70659114712467
3.027999999999888,0.272512612242174,0.06300515776033011,-2.869021852501691,0.005746161735440063,83.70045585453086,83.7062020162663
3.029999999999888,0.27262901113243054,0.053393202111375326,-2.8511364379424,0.004126650435146805,83.70174349645617,83.70587014689131
3.0319999999998877,0.2727261955806886,0.04379080332789095,-2.833076515547056,0.002775822726047075,83.70281899293288,83.70559481565893
3.0339999999998875,0.2728041853454218,0.03419860605540792,-2.8148435624626678,0.001692945407743402,83.70368234101286,83.7053752864206
3.0359999999998872,0.27286300147277565,0.02461725331594255,-2.7964390655650337,0.0008772144243532156,83.70433359603224,83.70521081045659
3.037999999999887,0.2729026662932875,0.015047386474659677,-2.777864521359642,0.0003277552843591105,83.70477287143027,83.70510062671462
3.039999999999887,0.2729232034185393,0.005489645206677062,-2.7591214358821943,4.3623497171565804e-05,83.70500033855407,83.70504396205125
3.0419999999998866,0.2729246377377446,-0.0040553325359926635,-2.7402113245987474,2.380502624548547e-05,83.70501622645,83.70504003147624
3.0439999999998864,0.27290699541426927,-0.01358691055736606,-2.7211357123054607,0.0002672167585896926,83.70482082164044,83.70508803839903
3.045999999999886,0.2728703038820868,-0.02310445445028253,-2.7018961330279607,0.0007727069905063118,83.7044144678875,83.705187174878
3.047999999999886,0.27281459184216783,-0.032607331629071076,-2.6824941299203027,0.0015390559293948192,83.70379756594247,83.70533662187187
3.0499999999998857,0.27273988925880477,-0.042094911362093666,-2.662931255163536,0.0025649762114533944,83.70297057328212,83.70553554949358
3.0519999999998855,0.2726462273558712,-0.05156656480416861,-2.6432090698638606,0.0038491134351081183,83.7019340038313,83.7057831172664
3.0539999999998853,0.2725336386130166,-0.061021665028877306,-2.6233291439503748,0.005390046709998426,83.7006884276723,83.70607847438231
3.055999999999885,0.2724021567617968,-0.07045958706075775,-2.6032930560724115,0.00718628922134523,83.69923447074072,83.70642075996207
3.057999999999885,0.27225181678173976,-0.07987970790738799,-2.5831023934964525,0.009236288809525999,83.6975728145084,83.70680910331794
3.0599999999998846,0.27208265489634764,-0.0892814065913628,-2.5627587520026216,0.011538428564679064,83.69570419565326,83.70724262421794
3.0619999999998844,0.2718947085690349,-0.09866406418216665,-2.5422637357807507,0.01409102743615759,83.69362940571584,83.70772043315199
3.063999999999884,0.2716880164990027,-0.10802706382794616,-2.521618957326016,0.016892340856651245,83.69134929074359,83.70824163160025
3.065999999999884,0.27146261861704984,-0.11736979078718487,-2.500826037334135,0.019940561380792105,83.68886475092182,83.70880531230262
3.0679999999998837,0.27121855608132067,-0.12669163246028345,-2.4798866045961288,0.023233819338059146,83.68617674019235,83.70941055953041
3.0699999999998835,0.2709558712729896,-0.13599197842104807,-2.45880229589264,0.026770183499793453,83.68328626585958,83.71005644935937
3.0719999999998833,0.2706746077918829,-0.1452702204480898,-2.4375747558877996,0.030547661760135104,83.68019438818416,83.7107420499443
3.073999999999883,0.27037481045203793,-0.15452575255613757,-2.4162056370226495,0.03456420183068972,83.67690221996419,83.71146642179488
3.075999999999883,0.2700565252771995,-0.16375797102726772,-2.3946965994081038,0.03881769194873175,83.67341092610462,83.71222861805336
3.0779999999998826,0.269719799496254,-0.1729662744420521,-2.3730493107174593,0.0433059615987491,83.66972172317419,83.71302768477294
3.0799999999998824,0.26936468153860166,-0.1821500637106276,-2.3512654460784357,0.04802678224713182,83.66583587895076,83.7138626611979
3.081999999999882,0.268991221029466,-0.19130874210368942,-2.3293466879647613,0.0529778680898059,83.66175471195466,83.71473258004447
3.083999999999882,0.26859946878514207,-0.20044171528340995,-2.307294726087281,0.058156876812611565,83.65747959097031,83.71563646778293
3.0859999999998817,0.2681894768081826,-0.20954839133428615,-2.285111257284601,0.06356141036422254,83.65301193455662,83.71657334492083
3.0879999999998815,0.2677612982825225,-0.21862818079391674,-2.262797985413254,0.06918901574140256,83.64835321054545,83.71754222628685
3.0899999999998813,0.26731498756854194,-0.22768049668371165,-2.240356621237391,0.07503718578639215,83.64350493552921,83.7185421213156
3.091999999999881,0.2668506001980683,-0.2367047545395355,-2.217788882317996,0.08110335999621728,83.63846867433712,83.71957203433334
3.093999999999881,0.26636819286931634,-0.24570037244228674,-2.195096492901612,0.08738492534370987,83.63324603950042,83.72063096484413
3.0959999999998806,0.26586782344176796,-0.2546667710484144,-2.17228118380859,0.09387921711002846,83.62783869070671,83.72171790781674
3.0979999999998804,0.26534955093099044,-0.26360337362037367,-2.1493446923208506,0.1005835197284647,83.62224833424362,83.72283185397208
3.09999999999988,0.26481343550339403,-0.272509606057022,-2.126288762069157,0.10749506763932068,83.61647672243171,83.72397179007103
3.10199999999988,0.26425953847092887,-0.28138489692395696,-2.103115142919896,0.11461104615563857,83.61052565304705,83.7251366992027
3.1039999999998797,0.2636879222857213,-0.29022867748379705,-2.0798255908613745,0.12192859233956477,83.60439696873334,83.72632556107291
3.1059999999998795,0.2630986505346495,-0.2990403817264069,-2.056421867889619,0.12944479588912675,83.5980925564039,83.72753735229303
3.1079999999998793,0.2624917879338588,-0.30781944639906733,-2.032905741893681,0.13715670003519928,83.59161434663366,83.72877104666887
3.109999999999879,0.26186740032321687,-0.3165653110365915,-2.0092789865404534,0.1450613024484369,83.58496431304113,83.73002561548957
3.111999999999879,0.26122555466070846,-0.325277417991388,-1.9855433811589855,0.1531555561559445,83.57814447166082,83.73130002781677
3.1139999999998786,0.2605663190167703,-0.33395521246347104,-1.9617007106243087,0.16143637046745934,83.57115688030584,83.73259325077329
3.1159999999998784,0.25988976256856583,-0.3425981425304192,-1.9377527652407607,0.16990061191081335,83.56400363792127,83.7339042498321
3.117999999999878,0.25919595559420033,-0.35120565917728197,-1.91370134062482,0.17854510517644534,83.55668688392817,83.7352319891046
3.119999999999878,0.258484969466876,-0.3597772163264353,-1.8895482375874393,0.1873666340707287,83.54920879755839,83.73657543162912
3.1219999999998778,0.25775687664898755,-0.36831227086738594,-1.8652952620158896,0.1963619424778798,83.54157159718054,83.73793353965841
3.1239999999998775,0.25701175068615817,-0.37681028268652483,-1.8409442247551036,0.20552773533020977,83.53377753961709,83.7393052749473
3.1259999999998773,0.25624966620121603,-0.385270714696829,-1.8164969414885321,0.21486067958648244,83.52582891945288,83.74068959903936
3.127999999999877,0.2554706988881116,-0.3936930328675124,-1.791955232618502,0.22435740521813635,83.51772806833513,83.74208547355327
3.129999999999877,0.2546749255057754,-0.4020767062536249,-1.7673209231460913,0.2340145062031297,83.50947735426509,83.74349186046821
3.1319999999998767,0.253862423871917,-0.41042120702559926,-1.7425958425505044,0.2438285415271656,83.50107918088165,83.74490772240881
3.1339999999998764,0.2530332728567645,-0.4187260104987453,-1.7177818246679712,0.25379603619204966,83.49253598673698,83.74633202292902
3.135999999999876,0.25218755237674567,-0.4269905951626907,-1.6928807075701546,0.26391348223093525,83.48385024456431,83.74776372679524
3.137999999999876,0.2513253433881095,-0.43521444271076754,-1.6678943334420753,0.27417733973020836,83.4750244605381,83.74920180026831
3.139999999999876,0.25044672788048994,-0.4433970380693437,-1.64282454845956,0.2845840378577576,83.46606117352687,83.75064521138462
3.1419999999998756,0.2495517888704102,-0.45153786942709817,-1.6176732026662117,0.29512997589738327,83.45696295433869,83.75209293023607
3.1439999999998753,0.2486406103947291,-0.45963642826423856,-1.592442149849906,0.3058115242890874,83.44773240495957,83.75354392924865
3.145999999999875,0.24771327750402874,-0.4676922093816602,-1.5671332474188138,0.3166250256749937,83.43837215778501,83.75499718346
3.147999999999875,0.24676987625594418,-0.47570471093004474,-1.5417483562769672,0.327566795950635,83.42888487484483,83.75645167079546
3.1499999999998747,0.2458104937084347,-0.4836734344388972,-1.5162893406993523,0.3386331253213594,83.41927324702144,83.7579063723428
3.1519999999998745,0.24483521791299717,-0.4915978848455194,-1.4907580682065527,0.34982027936358373,83.40953999326189,83.75936027262547
3.1539999999998742,0.24384413790782172,-0.4994775705239181,-1.4651564094389329,0.3611245000906474,83.3996878597835,83.76081235987415
3.155999999999874,0.24283734371088936,-0.5073120033136458,-1.4394862380303812,0.37254200702298795,83.38971961927395,83.76226162629693
3.157999999999874,0.24181492631301207,-0.5151006985485724,-1.413749430481602,0.38406899826239155,83.37963807008514,83.76370706834753
3.1599999999998736,0.24077697767081563,-0.5228431750855854,-1.387947866032976,0.3957016515700365,83.369446035422,83.76514768699204
3.1619999999998734,0.2397235906996648,-0.5305389553332157,-1.3620834265369857,0.4074361254480794,83.35914636252542,83.76658248797351
3.163999999999873,0.23865485926653165,-0.5381875652801882,-1.3361579963302168,0.41926856022450126,83.34874192185049,83.76801048207498
3.165999999999873,0.2375708781828065,-0.5457885345238923,-1.3101734621049403,0.4311950791409565,83.33823560623925,83.76943068538021
3.1679999999998727,0.2364717431970524,-0.5533413962987724,-1.2841317127802803,0.443211789443344,83.32763033008936,83.7708421195327
3.1699999999998725,0.23535755098770256,-0.5608456875046329,-1.258034639372979,0.45531478347483834,83.31692902851749,83.77224381199233
3.1719999999998723,0.23422839915570154,-0.5683009487348565,-1.2318841348677598,0.46750013977110155,83.30613465651894,83.77363479629004
3.173999999999872,0.23308438621708985,-0.5757067243045326,-1.2056820940873023,0.4797639241574024,83.29525018812274,83.77501411228013
3.175999999999872,0.2319256115955326,-0.5830625622784923,-1.1794304135618332,0.49210219084737233,83.28427861554307,83.77638080639045
3.1779999999998716,0.23075217561479203,-0.5903680144992466,-1.1531309913983414,0.5045109835431161,83.27322294832688,83.77773393186999
3.1799999999998714,0.22956417949114427,-0.597622636614825,-1.126785727149427,0.516986336536406,83.26208621249783,83.77907254903424
3.181999999999871,0.22836172532574064,-0.6048259881065106,-1.1003965216817928,0.5295242758106765,83.2508714496973,83.78039572550797
3.183999999999871,0.22714491609691348,-0.6119776323164687,-1.0739652770443855,0.542120820143542,83.23958171632201,83.78170253646554
3.1859999999998707,0.22591385565242683,-0.6190771364752646,-1.0474938963361975,0.5547719822095627,83.22822008265898,83.78299206486854
3.1879999999998705,0.2246686487016723,-0.6261240717292667,-1.0209842835737393,0.5674737696829685,83.21678963201776,83.78426340170073
3.1899999999998703,0.2234094008078101,-0.6331180131679319,-0.9944383435581896,0.5802221863400685,83.20529345986026,83.78551564620032
3.19199999999987,0.22213621837985575,-0.6400585398509694,-0.9678579817422372,0.5930132331610609,83.19373467292844,83.7867479060895
3.19399999999987,0.2208492086647125,-0.6469452348353766,-0.941245104096619,0.6058429094309581,83.18211638837009,83.78795929780105
3.1959999999998696,0.2195484797391498,-0.6537776852023466,-0.914601616976372,0.6187072138393492,83.17044173286254,83.78914894670189
3.1979999999998694,0.2182341405017282,-0.6605554820840395,-0.8879294269868045,0.6316021455787114,83.15871384173543,83.79031598731414
3.199999999999869,0.21690630066467084,-0.6672782206902157,-0.8612304408492031,0.6445237054409894,83.14693585809167,83.79145956353265
3.201999999999869,0.21556507074568151,-0.6739455003347254,-0.8345065652662771,0.6574678969121569,83.13511093192757,83.79257882883972
3.2039999999998687,0.2142105620597104,-0.6805569244618503,-0.8077597067873641,0.6704307272644752,83.12324221925228,83.79367294651675
3.2059999999998685,0.2128428867106668,-0.6871121006724925,-0.7809917716734032,0.6834082086461664,83.11133288120628,83.79474108985245
3.2079999999998683,0.21146215758308004,-0.6936106407502065,-0.7542046657616832,0.6963963591682119,83.09938608317991,83.79578244234813
3.209999999999868,0.2100684883337081,-0.7000521606870695,-0.7274002943303874,0.7093912039879966,83.08740499393144,83.79679619791943
3.211999999999868,0.20866199338309493,-0.7064362807093844,-0.7005805619629419,0.722388776389507,83.07539278470556,83.79778156109506
3.2139999999998676,0.20724278790707656,-0.7127626253032109,-0.6737473724121805,0.7353851188598015,83.0633526283519,83.79873774721169
3.2159999999998674,0.20581098782823604,-0.7190308232397209,-0.646902628464344,0.7483762841614748,83.05128769844434,83.79966398260582
3.217999999999867,0.2043667098073081,-0.7252405076003712,-0.6200482318029188,0.7613583364008133,83.03920116840116,83.80055950480198
3.219999999999867,0.2029100712345336,-0.7313913158018899,-0.5931860828723385,0.774327352091375,83.02709621060615,83.80142356269752
3.2219999999998667,0.2014411902209642,-0.7374828896210706,-0.5663180807415564,0.787279421212708,83.0149759955309,83.8022554167436
3.2239999999998665,0.19996018558971754,-0.7435148752193692,-0.5394461229675009,0.8002106482639084,83.00284369085892,83.80305433912284
3.2259999999998663,0.19846717686718351,-0.749486923167299,-0.5125721054584369,0.8131171533117527,82.99070246061136,83.80381961392311
3.227999999999866,0.19696228427418203,-0.7553986884686168,-0.4856979223372371,0.8259950730331139,82.9785554642747,83.80455053730782
3.229999999999866,0.1954456287170724,-0.7612498305842962,-0.4588254658045867,0.8388405617513782,82.96640585593079,83.80524641768217
3.2319999999998656,0.1939173317788153,-0.7670400134562825,-0.4319566260021317,0.8516497924665862,82.95425678338935,83.80590657585594
3.2339999999998654,0.19237751570998704,-0.7727689055310234,-0.405093290875588,0.8644189578790179,82.94211138732318,83.8065303452022
3.235999999999865,0.19082630341974752,-0.7784361797827696,-0.37823734603782366,0.8771442714059338,82.92997280040639,83.80711707181233
3.237999999999865,0.1892638184667613,-0.7840415137366403,-0.35139067463193596,0.8898219681912115,82.91784414645585,83.80766611464706
3.2399999999998648,0.18769018505007312,-0.7895845894914483,-0.32455515719433237,0.9024483061075825,82.90572853957597,83.80817684568356
3.2419999999998645,0.18610552799993788,-0.7950650937422779,-0.2977326715178348,0.915019566751208,82.89362908330742,83.80864865005863
3.2439999999998643,0.18450997276860576,-0.8004827178028113,-0.270925092514823,0.9275320564283106,82.88154886977951,83.80908092620781
3.245999999999864,0.1829036454210629,-0.8058371576273973,-0.2441342920804348,0.9399821071335921,82.86949097886696,83.80947308600055
3.247999999999864,0.1812866726257283,-0.8111281138328557,-0.21736213895583445,0.9523660775201747,82.85745847735096,83.80982455487113
3.2499999999998637,0.17965918164510727,-0.8163552917200133,-0.19061049859157175,0.9646803538607757,82.845454418085,83.81013477194577
3.2519999999998634,0.17802130032640204,-0.821518401294965,-0.16388123301104618,0.9769213509998739,82.83348183916544,83.81040319016532
3.2539999999998632,0.17637315709208037,-0.8266171572900535,-0.13717620067409042,0.9890855132965848,82.82154376310731,83.8106292764039
3.255999999999863,0.17471488093040222,-0.8316512791845635,-0.11049725634069674,1.0011693155579782,82.80964319602556,83.81081251158353
3.257999999999863,0.17304660138590547,-0.8366204912251234,-0.08384625093489517,1.0131692639626,82.79778312682166,83.81095239078425
3.2599999999998626,0.1713684485498511,-0.8415245224458086,-0.05722503140880786,1.0250818969739064,82.78596652637631,83.81104842335021
3.2619999999998623,0.16968055305062837,-0.846363106687942,-0.030635440606893827,1.0369037862433812,82.77419634674811,83.8111001329915
3.263999999999862,0.167983046044121,-0.851135982619585,-0.004079317130399662,1.0486315375030637,82.76247552037843,83.8111070578815
3.265999999999862,0.1662760592040343,-0.8558428937547125,0.022441504797960032,1.0602617914472448,82.75080695930306,83.81106875075031
3.2679999999998617,0.16455972471218447,-0.8604835884720683,0.04892519546908192,1.0717912246030759,82.73919355437037,83.81098477897345
3.2699999999998615,0.16283417524875055,-0.8650578200336932,0.07536992982229185,1.0832165501898485,82.72763817446672,83.81085472465656
3.2719999999998612,0.16109954398248957,-0.8695653466031213,0.10177388757988104,1.0945345189666946,82.7161436657488,83.8106781847155
3.273999999999861,0.1593559645609157,-0.874005931263238,0.1281352533813469,1.1057419200684757,82.70471285088371,83.81045477095219
3.275999999999861,0.15760357110044387,-0.878379342033795,0.15445221691731903,1.1168355818296052,82.69334852829657,83.81018411012617
3.2779999999998606,0.155842498176499,-0.882685351888576,0.18072297306315122,1.1278123725955964,82.68205347142593,83.80986584402153
3.2799999999998604,0.15407288081359094,-0.8869237387722078,0.206945722012162,1.1386692015220696,82.67083042798757,83.80949962950963
3.28199999999986,0.15229485447535632,-0.8910942856166112,0.23311866940850612,1.1494030193610267,82.65968211924638,83.80908513860741
3.28399999999986,0.1505085550545679,-0.8951967803570865,0.25924002647965927,1.1600108192341316,82.64861123929691,83.80862205853104
3.2859999999998597,0.14871411886311198,-0.8992310159480272,0.28530801016849394,1.1704896373928089,82.63762045435264,83.80811009174545
3.2879999999998595,0.14691168262193485,-0.9031967903782584,0.3113208432649346,1.1808365539649146,82.62671240204426,83.80754895600917
3.2899999999998593,0.1451013834509589,-0.907093906685992,0.3372767545371682,1.191048693687783,82.61588969072716,83.80693838441493
3.291999999999859,0.14328335885896928,-0.9109221729733961,0.3631739788623949,1.201123226627429,82.60515489879822,83.80627812542565
3.293999999999859,0.1414577467334717,-0.914681402420771,0.38901075735709933,1.2110573688837054,82.5945105740223,83.805567942906
3.2959999999998586,0.13962468533052236,-0.9183714133003287,0.4147853375068251,1.2208483832812123,82.58395923286844,83.80480761614965
3.2979999999998584,0.1377843132645307,-0.9219920289895687,0.4404959732954339,1.23049358004575,82.57350335985612,83.80399693990186
3.299999999999858,0.13593676949803582,-0.9255430779842471,0.46614092533383045,1.2399903174661422,82.5631454069117,83.80313572437784
3.301999999999858,0.13408219333145735,-0.9290243939109323,0.491718460988136,1.249336002541209,82.5528877927353,83.80222379527652
3.3039999999998577,0.1322207243928216,-0.9324358155391441,0.5172268545072911,1.2585280916117405,82.54273290217803,83.80126099378977
3.3059999999998575,0.13035250262746387,-0.9357771867930698,0.5426643871500723,1.2675640909772572,82.53268308563035,83.80024717660761
3.3079999999998573,0.12847766828770785,-0.939048356762853,0.5680293473115008,1.2764415574973993,82.52274065842103,83.79918221591842
3.309999999999857,0.12659636192252274,-0.9422491797154517,0.5933200306486277,1.2851580991777702,82.51290790022743,83.7980659994052
3.311999999999857,0.12470872436715914,-0.9453795151050594,0.618534740205676,1.293711375740066,82.50318705449705,83.7968984302371
3.3139999999998566,0.12281489673276455,-0.948439227583085,0.6436717865385273,1.3020990991763186,82.49358032788054,83.79567942705685
3.3159999999998564,0.12091502039597933,-0.9514281870076889,0.6687294878385244,1.3103190342871158,82.48408988967631,83.79440892396343
3.317999999999856,0.11900923698851405,-0.9543462684528686,0.6937061700555847,1.3183689992036305,82.47471787128706,83.79308687049068
3.319999999999856,0.11709768838670917,-0.9571933522170907,0.7186001670205968,1.3262468658933138,82.46546636568819,83.7917132315815
3.3219999999998557,0.11518051670107778,-0.9599693238314656,0.7434098205670896,1.3339505606491149,82.45633742690835,83.79028798755746
3.3239999999998555,0.1132578642658326,-0.9626740740674603,0.7681334806521534,1.341478064562086,82.44733306952237,83.78881113408445
3.3259999999998553,0.11132987362839795,-0.9653074989441457,0.7927695054765946,1.3488274139772436,82.43845526815652,83.78728268213376
3.327999999999855,0.10939668753890767,-0.9678694997349738,0.8173162616043119,1.3559967009325613,82.42970595700628,83.78570265793884
3.329999999999855,0.10745844893969002,-0.970359982974083,0.8417721240808709,1.3629840735809657,82.42108702936714,83.7840711029481
3.3319999999998546,0.10551530095474036,-0.9727788604621257,0.8661354765512659,1.3697877365952318,82.41260033717796,83.78238807377319
3.3339999999998544,0.1035673868791828,-0.9751260492716165,0.8904047113768478,1.3764059515556577,82.40424769057738,83.78065364213303
3.335999999999854,0.10161485016872143,-0.9774014717517966,0.9145782297514051,1.3828370373204204,82.3960308574735,83.77886789479392
3.337999999999854,0.09965783442908253,-0.9796050555330116,0.9386544418163789,1.3890793703785154,82.38795156312666,83.77703093350517
3.3399999999998538,0.09769648340544834,-0.9817367335306,0.9626317667751978,1.3951313851851768,82.38001148974573,83.7751428749309
3.3419999999998535,0.0957309409718836,-0.9837964439482884,0.9865086330067165,1.4009915744797166,82.37221227609759,83.7732038505773
3.3439999999998533,0.09376135112075584,-0.9857841302810916,1.0102834781777408,1.406658489585661,82.36455551713064,83.7712140067163
3.345999999999853,0.09178785795215032,-0.9876997413177144,1.0339547493546246,1.4121307406931574,82.35704276361173,83.76917350430489
3.347999999999853,0.08981060566328067,-0.9895432311424526,1.0575209031139257,1.4174069971235415,82.34967552177682,83.76708251890035
3.3499999999998527,0.08782973853789625,-0.9913145591365903,1.0809804056520984,1.4224859875760236,82.34245525299585,83.76494124057187
3.3519999999998524,0.0858454009356872,-0.9930136899792924,1.1043317328942182,1.4273665003564393,82.33538337345128,83.76274987380772
3.353999999999852,0.08385773728168823,-0.9946405936479886,1.1275733706017128,1.4320473835879923,82.32846125383098,83.76050863741898
3.355999999999852,0.08186689205568214,-0.996195245418248,1.1507038144790949,1.4365275454039734,82.32169021903499,83.75821776443897
3.3579999999998518,0.0798730097816041,-0.9976776258631417,1.1737215702796746,1.440805954122393,82.31507154789679,83.75587750201919
3.3599999999998515,0.07787623501694771,-0.9990877208520919,1.1966251539102424,1.4448816384025058,82.30860647291883,83.75348811132133
3.3619999999998513,0.07587671234217394,-1.000425521549206,1.2194130915347066,1.4487536873832003,82.30229618002214,83.75104986740534
3.363999999999851,0.07387458635012382,-1.001691024411094,1.2420839196766724,1.4524212508032404,82.29614180831082,83.74856305911406
3.365999999999851,0.07187000163543608,-1.0028842311841673,1.2646361853209496,1.4558835391033156,82.29014444985076,83.74602798895407
3.3679999999998507,0.06986310278397068,-1.0040051489014195,1.2870684460139736,1.459139823509937,82.28430514946291,83.74344497297285
3.3699999999998504,0.0678540343622393,-1.0050537898786858,1.3093792699631321,1.462189436101147,82.2786249045312,83.74081434063234
3.3719999999998502,0.0658429409068439,-1.0060301717103812,1.3315672361349784,1.4650317698540443,82.27310466482514,83.73813643467919
3.37399999999985,0.06382996691392417,-1.0069343172647178,1.3536309343523234,1.4676662786741654,82.26774533233691,83.73541161101107
3.37599999999985,0.06181525682861531,-1.007766254678398,1.375568965390194,1.4700924774067017,82.26254776113343,83.73264023854013
3.3779999999998496,0.059798955034516627,-1.0085260173507857,1.3973799410706431,1.4723099418296122,82.25751275722278,83.72982269905239
3.3799999999998493,0.05778120584317264,-1.0092136439375532,1.4190624843564053,1.4743183086286282,82.2526410784358,83.72695938706443
3.381999999999849,0.05576215348356717,-1.0098291783438051,1.44061522944338,1.4761172753542224,82.24793343432196,83.72405070967619
3.383999999999849,0.05374194209163183,-1.0103726697166782,1.4620368218519386,1.4777066003605481,82.24339048606045,83.721097086421
3.3859999999998487,0.05172071569976982,-1.0108441724374175,1.483325918517038,1.479086102726418,82.23901284638578,83.71809894911219
3.3879999999998485,0.049698618226396055,-1.01124374611293,1.504481187877137,1.480255662158387,82.23480107952811,83.7150567416865
3.3899999999998482,0.04767579346549475,-1.011571455566814,1.5255013099618995,1.4812152188759722,82.2307557011686,83.71197092004458
3.391999999999848,0.04565238507619544,-1.0118273708298668,1.5463849764786806,1.4819647734790993,82.22687717840918,83.70884195188829
3.393999999999848,0.04362853657236855,-1.012011567130071,1.5671308908977792,1.4825043867978405,82.22316592975733,83.70567031655517
3.3959999999998476,0.04160439131224143,-1.0121241248820587,1.5877377685364564,1.4828341797245312,82.21962232512529,83.70245650484982
3.3979999999998474,0.03958009248803608,-1.0121651296760583,1.6082043366417031,1.4829543330283321,82.21624668584438,83.69920101887271
3.399999999999847,0.03755578311562944,-1.0121346722663194,1.628529334471756,1.482865087152364,82.21303928469337,83.69590437184573
3.401999999999847,0.03553160602423734,-1.0120328485590224,1.6487115133763444,1.4825667419934623,82.21000034594198,83.69256708793544
3.4039999999998467,0.033507703846123206,-1.0118597595996721,1.6687496368756713,1.4820596566647104,82.20713004540869,83.6891897020734
3.4059999999998465,0.03148421900633243,-1.0116155115599754,1.6886424807381122,1.4813442492408189,82.20442851053302,83.68577275977384
3.4079999999998463,0.02946129371245353,-1.0113002157242075,1.7083888330566266,1.4804209964864847,82.20189582046248,83.68231681694897
3.409999999999846,0.027439069944407084,-1.010913988475067,1.7279874943238798,1.4792904335678547,82.19953200615377,83.67882243972163
3.411999999999846,0.025417689444263456,-1.0104569512790225,1.7474372775060634,1.4779531537472068,82.19733705048822,83.67529020423542
3.4139999999998456,0.023397293706090345,-1.009929230671151,1.7667370081154103,1.4764098080609955,82.19531088840175,83.67172069646274
3.4159999999998454,0.021378023965831158,-1.009330958239474,1.7858855242813985,1.4746611049813962,82.1934534070287,83.66811451201009
3.417999999999845,0.019360021191215205,-1.0086622706087909,1.8048816768206366,1.4727078100614779,82.1917644458602,83.66447225592168
3.419999999999845,0.017343426071700745,-1.0079233094240116,1.8237243293054297,1.4705507455641889,82.19024379691602,83.6607945424802
3.4219999999998447,0.015328379008451843,-1.0071142213329949,1.842412358131016,1.468190790075259,82.18889120493087,83.65708199500612
3.4239999999998445,0.013315020104350062,-1.0062351579688906,1.8609446525814715,1.4656288781002405,82.18770636755406,83.6533352456543
3.4259999999998443,0.01130348915404195,-1.0052862759319932,1.8793201148942806,1.46286599964579,82.18668893556338,83.64955493520917
3.427999999999844,0.009293925634023311,-1.0042677367711053,1.8975376603235667,1.4599031997854126,82.18583851309225,83.64574171287767
3.429999999999844,0.007286468692761243,-1.0031797069644188,1.9155962172019774,1.4567415782098188,82.1851546578705,83.64189623608031
3.4319999999998436,0.005281257140854877,-1.002022357899914,1.9334947270012253,1.4533822887620764,82.1846368814786,83.63801917024067
3.4339999999998434,0.0032784294412358124,-1.0007958658552798,1.951232144391279,1.4498265389577534,82.18428464961521,83.63411118857296
3.435999999999843,0.0012781236994091776,-0.999500411977363,1.9688074372982014,1.4460755894902373,82.18409738237771,83.63017297186795
3.437999999999843,-0.0007195223462637323,-0.9981361822611442,1.986219586960634,1.4421307537214174,82.18407445455608,83.6262052082775
3.4399999999998427,-0.0027143713342403075,-0.9967033675282494,2.0034675879849257,1.4379933971579522,82.18421519593939,83.62220859309734
3.4419999999998425,-0.0047062862894280315,-0.9952021634049983,2.020550448398902,1.433664936913304,82.18451889163524,83.61818382854854
3.4439999999998423,-0.00669513063277153,-0.9936327702999947,2.037467189704277,1.4291468411557648,82.18498478240168,83.61413162355745
3.445999999999842,-0.008680768190794347,-0.9919953933812629,2.0542168469277047,1.4244406285426747,82.18561206499197,83.61005269353464
3.447999999999842,-0.010663063205094536,-0.990290242552934,2.070798468670469,1.4195478676410722,82.18639989251109,83.60594776015216
3.4499999999998416,-0.012641880341793185,-0.9885175324314878,2.087211117156813,1.4144701763349719,82.18734737478508,83.60181755112005
3.4519999999998414,-0.01461708470093499,-0.9866774823215534,2.103453868280907,1.4092092212195146,82.18845357874189,83.5976627999614
3.453999999999841,-0.016588541825839975,-0.9847703161912742,2.1195258116524567,1.4037667169822146,82.18971752880441,83.59348424578663
3.455999999999841,-0.018556117712405527,-0.9827962626472413,2.135426050640948,1.398144425771538,82.19113820729508,83.58928263306662
3.4579999999998408,-0.020519678818357864,-0.9807555549090011,2.151153702418538,1.3923441565530446,82.19271455485217,83.58505871140522
3.4599999999998405,-0.022479092072452092,-0.9786484307831415,2.166707898001581,1.3863677644533539,82.19444547085709,83.58081323531044
3.4619999999998403,-0.02443422488362003,-0.9764751326369612,2.182087782290804,1.3802171500921487,82.1963298138734,83.57654696396555
3.46399999999984,-0.026384945150064943,-0.9742359073717292,2.1972925141101225,1.3738942589025027,82.19836640209631,83.57226066099881
3.46599999999984,-0.028331121268302412,-0.9719310063955374,2.212321266244108,1.367401080439747,82.2005540138134,83.56795509425315
3.4679999999998397,-0.030272622142146488,-0.9695606855957534,2.227173225474099,1.3607396476791553,82.20289138787585,83.563631035555
3.4699999999998394,-0.03220931719164036,-0.9671252053110775,2.2418475926129715,1.3539120363027042,82.20537722418001,83.55928926048271
3.471999999999839,-0.03414107636193075,-0.9646248303032116,2.2563435825385585,1.346920363975149,82.20801018415943,83.55493054813458
3.473999999999839,-0.036067770132085265,-0.9620598297281429,2.2706604242257304,1.3397667896097116,82.21078889128685,83.55055568089657
3.4759999999998388,-0.03798926952385193,-0.9594304771070504,2.284797360777138,1.3324535126236097,82.2137119315861,83.54616544420972
3.4779999999998386,-0.03990544611036016,-0.9567370502968384,2.29875364945262,1.3249827721837324,82.21677785415365,83.54176062633738
3.4799999999998383,-0.04181617202476245,-0.9539798314603034,2.3125285616972784,1.317356846442707,82.21998517168966,83.53734201813236
3.481999999999838,-0.04372131996881599,-0.9511591070359411,2.3261213831682315,1.309578051765645,82.22333236103826,83.5329104128039
3.483999999999838,-0.045620763221403605,-0.9482751677073977,2.3395314137600423,1.3016487419478366,82.22681786373701,83.52846660568486
3.4859999999998377,-0.04751437564699321,-0.9453283083725733,2.3527579676288317,1.2935713074236779,82.230440086575,83.52401139399868
3.4879999999998375,-0.0494020317040351,-0.9423188281123824,2.3658003732150785,1.285348174467106,82.23419740215975,83.51954557662685
3.4899999999998372,-0.05128360645329651,-0.939247030159178,2.378657973265116,1.2769818043838244,82.23808814949254,83.51506995387636
3.491999999999837,-0.05315897556613257,-0.9361132218648456,2.3913301248513212,1.2684746926956036,82.24211063455186,83.51058532724747
3.493999999999837,-0.05502801533269326,-0.9329177146685733,2.403816199391017,1.2598293683169468,82.2462631308849,83.50609249920184
3.4959999999998366,-0.05689060267006548,-0.9296608240643042,2.416115582664079,1.2510483927243956,82.25054388020683,83.50159227293123
3.4979999999998364,-0.058746615130349754,-0.9263428695678773,2.4282276748292633,1.2421343591187792,82.25495109300752,83.4970854521263
3.499999999999836,-0.06059593090867091,-0.922964174683864,2.4401518904392523,1.2330898915806772,82.25948294916584,83.49257284074652
3.501999999999836,-0.06243842885112212,-0.9195250668721061,2.451887658454437,1.2239176442194097,82.2641375985707,83.48805524279011
3.5039999999998357,-0.06427398846264178,-0.9160258775139611,2.4634344222554336,1.2146203003158225,82.26891316174934,83.48353346206517
3.5059999999998355,-0.06610248991482247,-0.9124669418782633,2.47479163965434,1.205200571459183,82.27380773050193,83.47900830196112
3.5079999999998353,-0.0679238140536517,-0.9088485990870045,2.4859587829047514,1.1956611966784514,82.27881936854284,83.4744805652213
3.509999999999835,-0.06973784240718364,-0.905171192080744,2.496935338710526,1.1860049415682516,82.28394611214806,83.46995105371631
3.511999999999835,-0.07154445719314148,-0.9014350675837512,2.5077208082333247,1.176234597409811,82.28918597080842,83.46542056821824
3.5139999999998346,-0.07334354132644971,-0.8976405760688904,2.5183147070989174,1.166352980287178,82.29453692788874,83.46088990817591
3.5159999999998344,-0.07513497842669607,-0.8937880717222518,2.528716565402278,1.156362930199006,82.29999694129233,83.45635987149134
3.517999999999834,-0.07691865282552235,-0.8898779124075384,2.5389259277114644,1.1462673101661973,82.30556394413082,83.45183125429702
3.519999999999834,-0.07869444957394385,-0.8859104596302114,2.5489423530703004,1.136069005335706,82.31123584539907,83.44730485073478
3.5219999999998337,-0.08046225444959683,-0.8818860785014049,2.5587654149998613,1.1257709220807897,82.31701053065477,83.44278145273556
3.5239999999998335,-0.08222195396391356,-0.8778051377016137,2.568394701498778,1.11537598709801,82.32288586270263,83.43826184980064
3.5259999999998333,-0.0839734353692246,-0.8736680094441625,2.577829815042363,1.1048871465012668,82.32885968228298,83.43374682878425
3.527999999999833,-0.0857165866657877,-0.8694750694384616,2.5870703725805706,1.0943073649131678,82.33492980876436,83.42923717367752
3.529999999999833,-0.08745129660874308,-0.8652266968530582,2.5961160055348005,1.0836396245540252,82.34109404084006,83.42473366539409
3.5319999999998326,-0.0891774547149946,-0.8609232742784869,2.604966359793547,1.0728869243287662,82.3473501572281,83.42023708155688
3.5339999999998324,-0.09089495127001637,-0.8565651876899287,2.61362109570692,1.06205227891205,82.35369591737498,83.41574819628703
3.535999999999832,-0.09260367733458465,-0.8521528264096836,2.6220798880800213,1.051138717831891,82.36012906216203,83.41126777999392
3.537999999999832,-0.09430352475143429,-0.8476865830694641,2.6303424261652135,1.0401492845520606,82.3666473146153,83.40679659916736
3.5399999999998317,-0.09599438615183979,-0.8431668535725161,2.638408413653271,1.0290870355535766,82.37324838061753,83.4023354161711
3.5419999999998315,-0.09767615496212033,-0.8385940370555731,2.64627756866343,1.01795503941554,82.37992994962308,83.39788498903862
3.5439999999998313,-0.09934872541006853,-0.833968535850652,2.6539496237323497,1.006756375895634,82.3866896953748,83.39344607127043
3.545999999999831,-0.10101199253130275,-0.8292907554466947,2.661424325801989,0.9954941350105482,82.39352527662291,83.38901941163346
3.547999999999831,-0.1026658521755424,-0.8245611044510642,2.668701436206417,0.9841714161166227,82.40043433784577,83.38460575396239
3.5499999999998306,-0.10431020101280622,-0.8197799945509,2.6757807306575527,0.9727913269909834,82.40741450997197,83.38020583696296
3.5519999999998304,-0.10594493653953303,-0.8149478404743403,2.682661999229862,0.9613569829134537,82.414463411104,83.37582039401745
3.55399999999983,-0.10756995708462487,-0.8100650599516176,2.6893450463440107,0.9498715057495187,82.42157864724268,83.3714501529922
3.55599999999983,-0.10918516181541217,-0.8051320736760325,2.695829690749484,0.9383380230346203,82.42875781301267,83.36709583604728
3.5579999999998297,-0.11079045074354078,-0.8001493052648135,2.7021157655061865,0.9267596670600503,82.43599849238844,83.36275815944849
3.5599999999998295,-0.1123857247307806,-0.7951171812198699,2.708203117965035,0.9151395739607128,82.4432982594207,83.35843783338142
3.5619999999998293,-0.11397088549475558,-0.7900361308884402,2.7140916097475456,0.903480882805033,82.45065467896312,83.35413556176815
3.563999999999829,-0.11554583561459501,-0.7849065864236477,2.719781116724436,0.8917867346872745,82.45806530739867,83.34985204208594
3.565999999999829,-0.11711047853650572,-0.7797289827449649,2.725271528993246,0.8800602718225246,82.465527693366,83.34558796518853
3.5679999999998286,-0.11866471857926517,-0.7745037574985946,2.730562750854987,0.8683046366446161,82.47303937848517,83.34134401512978
3.5699999999998284,-0.12020846093963526,-0.7692313510177742,2.7356547007898406,0.8565229709072443,82.48059789808275,83.33712086899
3.571999999999828,-0.12174161169769668,-0.7639122062830084,2.740547311431901,0.844718414788533,82.48820078191585,83.33291919670438
3.573999999999828,-0.12326407782210351,-0.7585467688822359,2.7452405295429836,0.8328941059993069,82.4958455548952,83.3287396608945
3.5759999999998278,-0.12477576717525835,-0.7531354869709377,2.749734315985507,0.821053178895319,82.50352973780673,83.32458291670204
3.5779999999998275,-0.12627658851840734,-0.7476788112321899,2.7540286456944587,0.8091987635936813,82.51125084803164,83.32044961162532
3.5799999999998273,-0.12776645151665547,-0.7421771948366704,2.7581235076484534,0.7973339850937522,82.51900640026464,83.3163403853584
3.581999999999827,-0.12924526674390172,-0.7366310934026215,2.7620189048398958,0.7854619624027098,82.52679390723043,83.31225586963313
3.583999999999827,-0.13071294568769407,-0.7310409649557765,2.7657148542442602,0.7735858076660649,82.5346108803975,83.30819668806356
3.5859999999998267,-0.1321694007540045,-0.7254072698892554,2.769211386788494,0.761708625303337,82.54245483069028,83.30416345599362
3.5879999999998264,-0.1336145452719235,-0.719730470923434,2.772508547318556,0.7498335111491417,82.55032326919793,83.30015678034708
3.589999999999826,-0.1350482934982746,-0.7140110330657929,2.775606394566103,0.7379635515999066,82.55821370788092,83.29617725948083
3.591999999999826,-0.13647056062214827,-0.708249423570752,2.7785050011143317,0.7261018227664497,82.56612366027433,83.29222548304078
3.593999999999826,-0.1378812627693557,-0.702446111899494,2.781204453362987,0.7142513896326421,82.57405064218811,83.28830203182075
3.5959999999998256,-0.13928031700680213,-0.6966015696797843,2.783704851492545,0.7024153052203805,82.58199217240383,83.28440747762421
3.5979999999998253,-0.1406676413467799,-0.6907162706657904,2.7860063094275898,0.6905966097610745,82.58994577336813,83.2805423831292
3.599999999999825,-0.14204315475118096,-0.6847906906979077,2.78810895479938,0.6787983298738779,82.59790897188212,83.27670730175599
3.601999999999825,-0.1434067771356293,-0.6788253076625942,2.7900129289076245,0.6670234777508625,82.60587929978715,83.27290277753801
3.6039999999998247,-0.14475842937353284,-0.672820601452222,2.7917183866814814,0.6552750503493466,82.61385429464622,83.26912934499556
3.6059999999998245,-0.14609803330005514,-0.6667770539249471,2.7932254966397725,0.6435560285915787,82.62183150042132,83.2653875290129
3.6079999999998242,-0.14742551171600687,-0.6606951488646049,2.7945344408504456,0.6318693765719828,82.62980846814615,83.26167784471814
3.609999999999824,-0.14874078839165714,-0.6545753719406341,2.7956454148892784,0.620218040772145,82.63778275659436,83.2580007973665
3.611999999999824,-0.1500437880704646,-0.6484182106680347,2.7965586277978396,0.6086049492837577,82.64575193294277,83.25435688222653
3.6139999999998236,-0.1513344364727285,-0.6422241543673639,2.7972743020407154,0.5970330110396865,82.65371357342998,83.25074658446967
3.6159999999998234,-0.1526126602991601,-0.6359936941247739,2.7977926734620127,0.5855051150533613,82.66166526400937,83.24717037906274
3.617999999999823,-0.15387838723437355,-0.629727322752097,2.7981139912411486,0.5740241296666634,82.66960460099726,83.24362873066393
3.619999999999823,-0.15513154595029774,-0.6234255347469808,2.7982385178479294,0.5625929018064912,82.67752919171528,83.24012209352178
3.6219999999998227,-0.1563720661095079,-0.6170888262530787,2.798166528996939,0.5512142562501741,82.68543665512736,83.23665091137754
3.6239999999998225,-0.15759987836847797,-0.6107176950202984,2.7978983136012365,0.5398909948999101,82.69332462247074,83.23321561737065
3.6259999999998223,-0.15881491438075332,-0.6043126403651132,2.7974341737253763,0.5286258960663845,82.70119073788129,83.22981663394768
3.627999999999822,-0.16001710680004433,-0.5978741631309404,2.7967744245377597,0.5174217137617408,82.70903265901255,83.22645437277428
3.629999999999822,-0.1612063892832407,-0.5914027656485884,2.795919394262324,0.5062811770020579,82.71684805764868,83.22312923465073
3.6319999999998216,-0.1623826964933467,-0.5848989516967782,2.7948694241295837,0.495206989119484,82.72463462031111,83.21984160943059
3.6339999999998214,-0.16354596410233765,-0.578363226462742,2.793624868327023,0.4842018270841885,82.73239004885848,83.21659187594267
3.635999999999821,-0.1646961287939376,-0.5717960965029018,2.7921860939488603,0.4732683408362683,82.74011206108017,83.21338040191644
3.637999999999821,-0.16583312826631846,-0.5651980697036323,2.7905534809451797,0.4624091526277536,82.74779839128303,83.21020754391078
3.6399999999998207,-0.16695690123472068,-0.5585696552421102,2.7887274220704494,0.4516268563748582,82.75544679087102,83.20707364724588
3.6419999999998205,-0.1680673874339959,-0.5519113635472543,2.7867083228314273,0.4409240170206001,82.76305502891812,83.20397904593872
3.6439999999998203,-0.16916452762107137,-0.545223706260758,2.784496601434468,0.4303031699079321,82.77062089273385,83.20092406264177
3.64599999999982,-0.17024826357733666,-0.5385071961982183,2.78209268873223,0.419766820163501,82.77814218842168,83.19790900858519
3.64799999999982,-0.17131853811095266,-0.5317623473103635,2.7794970281698035,0.4093174420921678,82.78561674142996,83.19493418352214
3.6499999999998196,-0.1723752950590832,-0.5249896746443827,2.7767100757302536,0.3989574785823996,82.79304239709538,83.19199987567778
3.6519999999998194,-0.17341847929004933,-0.5181896943053594,2.7737322998795975,0.38868934052265613,82.8004170211788,83.18910636170146
3.653999999999819,-0.1744480367054067,-0.5113629234178119,2.770564181511212,0.3785154062288761,82.80773850039336,83.18625390662223
3.655999999999819,-0.17546391424194605,-0.5045098800873428,2.7672062138896907,0.36843802088317673,82.81500474292478,83.18344276380796
3.6579999999998187,-0.17646605987361708,-0.497631083362401,2.763658902594146,0.35845949598386523,82.82221367894367,83.18067317492753
3.6599999999998185,-0.1774544226133761,-0.4907270531961568,2.759922765460973,0.34858210880686596,82.82936326110979,83.17794536991666
3.6619999999998183,-0.17842895251495736,-0.48379831040849297,2.7559983325260746,0.3388081018786588,82.83645146506831,83.17525956694696
3.663999999999818,-0.1793896006745686,-0.47684537664811505,2.7518861459665596,0.3291396824608179,82.84347628993763,83.17261597239845
3.665999999999818,-0.18033631923251098,-0.4698687743547809,2.747586760041916,0.3195790220462433,82.85043575878899,83.17001478083523
3.6679999999998176,-0.18126906137472337,-0.46286902672165303,2.7431007410346715,0.3101282558671686,82.85732791911775,83.16745617498492
3.6699999999998174,-0.1821877813342518,-0.45584665765777443,2.73842866719054,0.30078948241502357,82.86415084330592,83.16494032572095
3.671999999999817,-0.18309243439264372,-0.4488021917506707,2.733571128658067,0.291564762972233,82.87090262907631,83.16246739204854
3.673999999999817,-0.1839829768812676,-0.4417361542290791,2.7285287274277783,0.2824561211560198,82.87758139993807,83.16003752109408
3.6759999999998167,-0.18485936618255835,-0.4346490709258067,2.7233020772708345,0.2734655424742879,82.8841853056231,83.15765084809739
3.6779999999998165,-0.18572156073118837,-0.42754146824071926,2.717891803677197,0.2645949738936452,82.89071252251416,83.15530749640781
3.6799999999998163,-0.18656952001516475,-0.4204138731038615,2.712298543793322,0.25584632341963137,82.89716125406378,83.15300757748341
3.681999999999816,-0.18740320457685286,-0.413266812938711,2.7065229463593705,0.24722145968921147,82.90352973120413,83.15075119089335
3.683999999999816,-0.18822257601392664,-0.4061008156255661,2.7005656716459505,0.2387222115755845,82.9098162127481,83.14853842432368
3.6859999999998156,-0.18902759698024574,-0.39891640946507007,2.6944273913903984,0.23035036780536303,82.91601898578121,83.14636935358656
3.6879999999998154,-0.1898182311866598,-0.39171412314187093,2.6881087887325976,0.22210767658816918,82.92213636604421,83.14424404263238
3.689999999999815,-0.1905944434017403,-0.38449448568842004,2.68161055815034,0.21399584525869228,82.92816669830675,83.14216254356545
3.691999999999815,-0.19135619945244006,-0.3772580264489085,2.6749334053942433,0.20601653993124694,82.93410835673153,83.14012489666277
3.6939999999998148,-0.1921034662246808,-0.37000527504334335,2.6680780474222177,0.1981713851668708,82.93995974522913,83.138131130396
3.6959999999998145,-0.19283621166386894,-0.3627367613317639,2.6610452123334944,0.19046196365299303,82.9457192978038,83.1361812614568
3.6979999999998143,-0.19355440477534003,-0.35545301537859914,2.6538356393022173,0.1828898158957057,82.95138547888943,83.13427529478514
3.699999999999814,-0.19425801562473202,-0.3481545674171664,2.6464500785105987,0.1754564399246642,82.9569567836762,83.13241322360086
3.701999999999814,-0.19494701533828765,-0.34084194781431254,2.638889291081653,0.16816329101063787,82.96243173842787,83.13059502943851
3.7039999999998137,-0.19562137610308625,-0.33351568703519746,2.6311540490115015,0.1610117813957334,82.96780890078928,83.12882068218501
3.7059999999998134,-0.19628107116720533,-0.32617631560822075,2.6232451351012576,0.15400328003630578,82.97308686008446,83.12709014012077
3.7079999999998132,-0.1969260748398121,-0.3188243640900918,2.615163342888495,0.14713911235857105,82.97826423760503,83.1254033499636
3.709999999999813,-0.1975563624911852,-0.31146036303104346,2.6069094765783043,0.140420560026929,82.98333968688895,83.12376024691588
3.711999999999813,-0.19817191055266725,-0.3040848429401898,2.598484350973939,0.1338488607250039,82.98831189398967,83.12216075471468
3.7139999999998126,-0.19877269651654797,-0.2966983342510279,2.589888791407052,0.12742520794940665,82.99317957773545,83.12060478568485
3.7159999999998123,-0.19935869893587863,-0.2893013672870838,2.581123633667535,0.12115075081621743,82.99794148997911,83.11909224079533
3.717999999999812,-0.19992989742421785,-0.28189447222770286,2.572189723932954,0.1150265938801866,83.00259641583787,83.11762300971806
3.719999999999812,-0.2004862726553092,-0.2744781790739843,2.563087918697584,0.10905379696664766,83.00714317392352,83.11619697089017
3.7219999999998117,-0.20102780636269071,-0.2670530176148599,2.5538190847010607,0.10323337501613315,83.01158061656278,83.11481399157891
3.7239999999998115,-0.2015544813392368,-0.2596195173933168,2.544384098856627,0.09756629794168092,83.01590763000783,83.11347392794951
3.7259999999998112,-0.20206628143663277,-0.2521782076727644,2.5347838481790017,0.0920534904988151,83.02012313463707,83.11217662513589
3.727999999999811,-0.202563191564782,-0.24472961740354482,2.5250192297118565,0.08669583216818516,83.02422608514608,83.11092191731427
3.729999999999811,-0.20304519769114662,-0.2372742751895869,2.51509115045491,0.08149415705083904,83.02821547072861,83.10970962777945
3.7319999999998106,-0.20351228684002134,-0.22981270925520333,2.50500052729064,0.07644925377610907,83.03209031524791,83.10853956902402
3.7339999999998104,-0.20396444709174122,-0.22234544741203052,2.49474828691062,0.07156186542208107,83.03584967739815,83.10741154282023
3.73599999999981,-0.20440166758182332,-0.21487301702611109,2.4843353657414733,0.0668326894486186,83.03949265085588,83.1063253403045
3.73799999999981,-0.20482393850004282,-0.2073959449851181,2.4737627098704555,0.06226237764290798,83.04301836442193,83.10528074206483
3.7399999999998097,-0.20523125108944354,-0.19991475766572098,2.4630312749706644,0.05785153607748975,83.04642598215321,83.1042775182307
3.7419999999998095,-0.20562359764528343,-0.1924299809010924,2.4521420262258773,0.05360072508073726,83.04971470348477,83.10331542856551
3.7439999999998093,-0.20600097151391525,-0.18494213994855552,2.441095938255019,0.049510459219741725,83.05288376334212,83.10239422256187
3.745999999999809,-0.20636336709160266,-0.17745175945737124,2.4298939950362635,0.04558120729555977,83.0559324322436,83.10151363953915
3.747999999999809,-0.20671077982327193,-0.16995936343666465,2.418537189830769,0.04181339235077708,83.05886001639311,83.10067340874389
3.7499999999998086,-0.20704320620119981,-0.16246547522349009,2.407026525106049,0.03820739168933881,83.0616658577629,83.09987324945224
3.7519999999998084,-0.2073606437636375,-0.15497061745103424,2.3953630124589784,0.03476353690859518,83.06434933416675,83.09911287107535
3.753999999999808,-0.20766309109337125,-0.1474753120169564,2.3835476725384437,0.031482113943507924,83.06690985932319,83.0983919732667
3.755999999999808,-0.20795054781621986,-0.1399800800518654,2.3715815349676257,0.028363363122960554,83.06934688290926,83.09771024603222
3.7579999999998077,-0.20822301459946904,-0.1324854418879322,2.359465638265929,0.025407479238113175,83.07165989060441,83.09706736984252
3.7599999999998075,-0.2084804931502434,-0.1249919170276376,2.347201029770555,0.022614611622739988,83.0738484041246,83.09646301574735
3.7619999999998073,-0.2087229862138158,-0.1175000241126542,2.3347887655577093,0.019984864245485064,83.07591198124716,83.09589684549265
3.763999999999807,-0.2089504975718549,-0.11001028089286187,2.3222299103634665,0.01751829581396984,83.07785021582544,83.0953685116394
3.765999999999807,-0.2091630320406106,-0.10252320419549579,2.309525537504273,0.015214919890682823,83.07966273779446,83.09487765768515
3.7679999999998066,-0.20936059546903799,-0.09503930989442631,2.2966767287970975,0.01307470502058042,83.08134921316659,83.09442391818718
3.7699999999998064,-0.2095431947368601,-0.08755911287956984,2.2836845744792322,0.011097574870324785,83.08290934401785,83.09400691888817
3.771999999999806,-0.2097108377525695,-0.08008312702642986,2.2705501731277407,0.009283408379082647,83.08434286846467,83.09362627684375
3.773999999999806,-0.20986353345136913,-0.07261186516576719,2.2572746315785546,0.00763203992080668,83.08564956063138,83.09328160055219
3.7759999999998057,-0.21000129179305257,-0.06514583905339866,2.2438590648452257,0.0061432594779187695,83.08682923060799,83.09297249008591
3.7779999999998055,-0.2101241237598241,-0.057685559340123364,2.230304596037323,0.004816812826312311,83.08788172439891,83.09269853722522
3.7799999999998053,-0.21023204135405868,-0.05023153554177555,2.2166123562784876,0.003652401731588518,83.08880692386201,83.0924593255936
3.781999999999805,-0.21032505759600223,-0.04278427600940334,2.202783484624138,0.002649684156439394,83.08960474663874,83.09225443079518
3.783999999999805,-0.21040318652141232,-0.03534428789957237,2.188819127978829,0.001808274479088188,83.09027514607482,83.0920834205539
3.7859999999998046,-0.21046644317913962,-0.02791207714479347,2.1747204410132683,0.0011277437226957605,83.09081811113172,83.09194585485442
3.7879999999998044,-0.2105148436286503,-0.020488148424073607,2.160488586080983,0.0006076197956393875,83.09123366628924,83.09184128608489
3.789999999999804,-0.2105484049374898,-0.013073005133589114,2.1461247331346502,0.0002473877425684027,83.09152187143859,83.09176925918115
3.791999999999804,-0.2105671451786878,-0.005667149357480412,2.1316300596420765,4.649000613908049e-05,83.09168282176697,83.09172931177311
3.7939999999998038,-0.21057108342810515,0.0017289181612325727,2.117005750501839,4.326699329159949e-06,83.09171664763267,83.09172097433199
3.7959999999998035,-0.21056023976172267,0.009114698049615223,2.1022529979585864,0.00012025588823044118,83.0916235144317,83.09174377031994
3.7979999999998033,-0.210534635252872,0.01648969233366401,2.087373001517996,0.00039359388521593877,83.0914036224552,83.09179721634042
3.799999999999803,-0.2104942919694092,0.023853404467034087,2.072366967861392,0.0008236155523761555,83.09105720673837,83.09188082229075
3.801999999999803,-0.21043923297083056,0.031205339359649482,2.057236110760024,0.001409554615117151,83.09058453690032,83.09199409151545
3.8039999999998027,-0.21036948230533184,0.03854500340619665,2.041981650989007,0.0021506039858112053,83.08998591697569,83.0921365209615
3.8059999999998024,-0.2102850650068101,0.0458719045145021,2.026604816240925,0.0030459160973890327,83.0892616852372,83.0923076013346
3.807999999999802,-0.21018600709180935,0.05318555213379496,2.0111068410390964,0.004094603246760692,83.0884122140101,83.09250681725686
3.809999999999802,-0.21007233555640942,0.06048545728285501,1.9954889666505036,0.005295737947950533,83.08743790947787,83.09273364742582
3.8119999999998018,-0.20994407837305898,0.06777113257804701,1.979752440998384,0.0066483532948297406,83.08633921147948,83.09298756477432
3.8139999999998015,-0.20980126448735228,0.07504209226124194,1.9638985185744957,0.00815144333332831,83.08511659329875,83.09326803663208
3.8159999999998013,-0.20964392381475047,0.08229785222762574,1.947928460351039,0.009803963443006563,83.08377056144498,83.09357452488798
3.817999999999801,-0.20947208723724714,0.08953793005339633,1.931843533692253,0.011604830727864572,83.08230165542554,83.0939064861534
3.819999999999801,-0.20928578659997876,0.09676184502334918,1.9156450122656787,0.013552924416266286,83.08071044751063,83.09426337192689
3.8219999999998007,-0.20908505470778002,0.10396911815835237,1.8993341759530895,0.01564708626985331,83.07899754248966,83.09464462875951
3.8239999999998004,-0.20886992532168427,0.11115927224271134,1.8829123107610952,0.017886121001321937,83.07716357741991,83.09504969842124
3.8259999999998002,-0.20864043315536943,0.11833183185142399,1.86638070873142,0.0202687967009351,83.07520922136719,83.09547801806812
3.8279999999998,-0.20839661387154934,0.12548632337732651,1.8497406678508463,0.022793845271639617,83.07313517513899,83.09592902041062
3.8299999999998,-0.20813850407831122,0.13262227505813043,1.8329934919608406,0.02545996287265741,83.07094217100952,83.09640213388218
3.8319999999997996,-0.20786614132539882,0.13973921700335123,1.8161404906668512,0.028265810371417666,83.06863097243756,83.09689678280898
3.8339999999997993,-0.2075795641004421,0.14683668122112883,1.7991829792472858,0.03121001380369595,83.0662023737765,83.0974123875802
3.835999999999799,-0.20727881182513314,0.1539142016449403,1.7821222785621633,0.03429116484182392,83.06365719997721,83.09794836481903
3.837999999999799,-0.20696392485134898,0.16097131416020508,1.7649597149614509,0.037507821270832825,83.06099630628316,83.098504127554
3.8399999999997987,-0.20663494445722116,0.16800755663078293,1.7476966201930797,0.0408585074723915,83.05822057791883,83.09907908539122
3.8419999999997985,-0.20629191284315243,0.17502246892536485,1.7303343313106458,0.04434171491639913,83.05533092977056,83.09967264468696
3.8439999999997982,-0.20593487312778083,0.1820155929437569,1.7128741905807947,0.04795590266009084,83.05232830606037,83.10028420872047
3.845999999999798,-0.2055638693438913,0.18898647264305732,1.6953175453902947,0.051699497854513284,83.04921368001311,83.10091317786762
3.847999999999798,-0.2051789464342749,0.19593465406372682,1.6776657481527983,0.055570896258225685,83.04598805351638,83.10155894977461
3.8499999999997976,-0.2047801502475363,0.20285968535555218,1.6599201562152954,0.05956846275808108,83.04265245677388,83.10222091953196
3.8519999999997974,-0.20436752753384907,0.20976111680350296,1.6420821317642584,0.06369053189694039,83.03920794795201,83.10289847984895
3.853999999999797,-0.20394112594065975,0.2166385008534814,1.6241530417314847,0.06793540840817092,83.03565561282,83.10359102122817
3.855999999999797,-0.20350099400834012,0.2234913921379654,1.6061342576996345,0.07230136775678041,83.03199656438338,83.10429793214016
3.8579999999997967,-0.20304718116578874,0.2303193475015442,1.5880271558074706,0.07678665668703498,83.0282319425113,83.10501859919833
3.8599999999997965,-0.20257973772598106,0.23712192602634688,1.5698331166547992,0.08138949377640978,83.02436291355743,83.10575240733384
3.8619999999997963,-0.20209871488146922,0.243898689057363,1.551553525207117,0.08610806999571825,83.02039066997474,83.10649873997046
3.863999999999796,-0.20160416469983095,0.2506492002276555,1.533189770699966,0.09094054927526689,83.01631642992432,83.10725697919959
3.865999999999796,-0.20109614011906837,0.2573730254834653,1.5147432465429986,0.0958850690768786,83.01214143687798,83.10802650595487
3.8679999999997956,-0.2005746949429567,0.26406973310920673,1.4962153502237532,0.10093974097162856,83.00786695921558,83.1088067001872
3.8699999999997954,-0.20003988383634294,0.2707388937523545,1.4776074832111536,0.10610265122313575,83.00349428981583,83.10959694103897
3.871999999999795,-0.19949176232039492,0.2773800804482204,1.4589210508587205,0.1113718613762495,82.9990247456423,83.11039660701856
3.873999999999795,-0.1989303867678011,0.28399286864461976,1.4401574623075084,0.11674540885097293,82.99445966732337,83.11120507617434
3.8759999999997947,-0.19835581439792083,0.29057683622642744,1.4213181303887712,0.12222130754146125,82.98980041872699,83.11202172626845
3.8779999999997945,-0.19776810327188593,0.29713156354002174,1.4024044715263533,0.12779754841993377,82.98504838653024,83.11284593495017
3.8799999999997943,-0.19716731228765327,0.30365663341761623,1.3834179056388156,0.13347210014533611,82.98020497978357,83.1136770799289
3.881999999999794,-0.19655350117500886,0.31015163120147865,1.3643598560413004,0.13924290967658942,82.97527162947023,83.11451453914681
3.883999999999794,-0.19592673049052362,0.31661614476803573,1.345231749347131,0.14510790289026163,82.97024978806054,83.1153576909508
3.8859999999997936,-0.19528706161246115,0.3230497645518632,1.3260350153691647,0.15106498520249464,82.96514092906152,83.11620591426401
3.8879999999997934,-0.19463455673563748,0.3294520835695603,1.306771087020885,0.1571120421950221,82.95994654656182,83.11705858875685
3.889999999999793,-0.19396927886623325,0.3358226974435075,1.2874414002172543,0.16324694024510952,82.95466815477212,83.11791509501724
3.891999999999793,-0.19329129181655852,0.3421612044255064,1.2680473937753174,0.16946752715924868,82.949307287561,83.11877481472024
3.8939999999997927,-0.1926006601997704,0.34846720542030085,1.2485905093145724,0.17577163281043773,82.94386549798661,83.11963713079705
3.8959999999997925,-0.1918974494245438,0.35474030400897827,1.2290721911571023,0.1821570697788776,82.93834435782416,83.12050142760305
3.8979999999997923,-0.19118172568969533,0.36098010647224954,1.2094938862274813,0.1886216339959138,82.93274545708925,83.12136709108516
3.899999999999792,-0.190453555978761,0.3671862218136068,1.189857043952454,0.1951631053910521,82.92707040355741,83.12223350894845
3.901999999999792,-0.18971300805452762,0.3733582617823571,1.1701631161603965,0.20177924854187823,82.92132082227977,83.12310007082165
3.9039999999997916,-0.18896015045351813,0.37949584089653166,1.150413556980562,0.2084678133267065,82.91549835509507,83.12396616842177
3.9059999999997914,-0.1881950524804315,0.3855985764656679,1.130609822742118,0.21522653557978857,82.90960466013809,83.12483119571787
3.907999999999791,-0.187417784202537,0.3916660886134642,1.110753371872979,0.22205313774890215,82.90364141134475,83.12569454909365
3.909999999999791,-0.18662841644402325,0.39769800030030483,1.0908456647984415,0.22894532955515376,82.89761029795397,83.12655562750913
3.9119999999997908,-0.18582702078030267,0.4036939373456542,1.0708881638396228,0.23590080865481428,82.89151302400619,83.127413832661
3.9139999999997905,-0.18501366953227077,0.4096535284503183,1.0508823331117183,0.24291726130301589,82.88535130783907,83.1282685691421
3.9159999999997903,-0.18418843576052155,0.41557640521857236,1.0308296384220712,0.2499923630191342,82.87912688158023,83.12911924459937
3.91799999999979,-0.18335139325951844,0.4214622021801518,1.0107315471680707,0.2571237792536783,82.87284149063736,83.12996526989103
3.91999999999979,-0.18250261655172156,0.4273105568121063,0.9905895282348808,0.2643091660565154,82.86649689318546,83.13080605924198
3.9219999999997897,-0.1816421808816714,0.4331211095605141,0.9704050518930032,0.2715461707462507,82.86009485965194,83.13164103039819
3.9239999999997894,-0.18077016221002903,0.43889350386205483,0.9501795896956857,0.27883243258058704,82.85363717219916,83.13246960477974
3.925999999999789,-0.17988663720757367,0.44462738616543956,0.9299146143761807,0.2861655834274868,82.84712562420489,83.13329120763238
3.927999999999789,-0.17899168324915715,0.4503224059526952,0.9096115997448576,0.2935432484369607,82.84056201974062,83.13410526817758
3.9299999999997888,-0.1780853784076162,0.4559782157603023,0.8892720205861812,0.30096304671330115,82.83394817304809,83.13491121976139
3.9319999999997886,-0.1771678014476426,0.4615944712001834,0.8688973525555574,0.30842259198758865,82.82728590801383,83.13570850000143
3.9339999999997883,-0.17623903181961129,0.46717083098054024,0.8484890720760592,0.31591949329028973,82.8205770576424,83.13649655093269
3.935999999999788,-0.1752991496533673,0.47270695692653797,0.8280486562350324,0.3234513556237679,82.81382346352774,83.13727481915151
3.937999999999788,-0.1743482357519711,0.4782025140008334,0.8075775826805971,0.3310157806345347,82.80702697532341,83.13804275595794
3.9399999999997877,-0.17338637158540338,0.483657170323946,0.7870773295180441,0.33861036728505595,82.80018945021165,83.1387998174967
3.9419999999997875,-0.17241363928422904,0.48907059719446905,0.7665493752061417,0.34623271252494303,82.7933127523712,83.13954546489613
3.9439999999997872,-0.17143012163322094,0.4944424691091183,0.7459951984533523,0.3538804119613447,82.78639875244427,83.14027916440561
3.945999999999787,-0.1704359020649438,0.49977246378261686,0.7254162781139727,0.361551060528367,82.77944932700281,83.14100038753118
3.947999999999787,-0.16943106465329846,0.5050602621674125,0.7048140930842042,0.3692422531553423,82.77246635801399,83.14170861116934
3.9499999999997866,-0.16841569410702684,0.5103055484732267,0.6841901221981597,0.3769515854337684,82.76545173230527,83.14240331773904
3.9519999999997864,-0.167389875763178,0.5155080101864314,0.6635458441238149,0.3846766542827446,82.75840734102913,83.14308399531187
3.953999999999786,-0.1663536955805356,0.5206673380892521,0.642882737258917,0.39241505861272447,82.75133507912757,83.1437501377403
3.955999999999786,-0.1653072401330072,0.5257832262787947,0.6222022796268516,0.40016439998741365,82.7442368447965,83.14440124478392
3.9579999999997857,-0.1642505966029757,0.530855372185893,0.6015059487724828,0.40792228328363184,82.73711453895024,83.14503682223386
3.9599999999997855,-0.16318385277461292,0.535883476593775,0.580795221657971,0.4156863173489672,82.72997006468631,83.14565638203528
3.9619999999997852,-0.16210709702715664,0.5408672436565451,0.5600715745585791,0.4234541156570474,82.72280532675052,83.14625944240757
3.963999999999785,-0.16102041832815034,0.5458063809174796,0.5393364829584761,0.4312232969602546,82.7156222310025,83.14684552796275
3.965999999999785,-0.1599239062266468,0.5507005993271329,0.5185914214465441,0.43899148593970555,82.70842268388212,83.14741416982183
3.9679999999997846,-0.15881765084637553,0.5555496132612521,0.49783786361220206,0.4467563138523326,82.70120859187642,83.14796490572876
3.9699999999997844,-0.15770174287887478,0.5603531405384968,0.4770772819412512,0.45451541917488186,82.69398186098778,83.14849728016266
3.971999999999784,-0.15657627357658807,0.5651109024379622,0.4563111477117541,0.4622664482446699,82.68674439620297,83.14901084444764
3.973999999999784,-0.15544133474592597,0.5698226237165013,0.43554093088995627,0.47000705589691744,82.67949810096344,83.14950515686036
3.9759999999997837,-0.1542970187402935,0.5744880326258455,0.4147681000262573,0.4777349060984934,82.67224487663722,83.14997978273571
3.9779999999997835,-0.15314341845308338,0.5791068609295194,0.39399412215124396,0.48544767257790516,82.66498662199207,83.15043429456998
3.9799999999997833,-0.1519806273106358,0.5836788439195475,0.373220462671795,0.49314303945135807,82.65772523267046,83.15086827212181
3.981999999999783,-0.15080873926516478,0.5882037204329503,0.35244858526726297,0.5008187018447235,82.65046260066629,83.15128130251101
3.983999999999783,-0.14962784878765192,0.5926812328680265,0.33167995178574716,0.5084723665112476,82.6432006138037,83.15167298031494
3.9859999999997826,-0.14843805086070785,0.5971111272004188,0.3109160221404661,0.5161017524448344,82.63594115521776,83.1520429076626
3.9879999999997824,-0.14723944097140154,0.6014931529989606,0.29015825420624086,0.5237045914887408,82.62868610283758,83.15239069432631
3.989999999999782,-0.14603211510405828,0.6058270634413006,0.26940810371609425,0.5312786289395194,82.6214373288717,83.15271595781122
3.991999999999782,-0.14481616973302672,0.6101126153293027,0.2486670241579816,0.5388216241460473,82.6141966992962,83.15301832344225
3.9939999999997817,-0.14359170181541514,0.6143495691042186,0.22793646667166167,0.5463313511034837,82.60696607334512,83.15329742444861
3.9959999999997815,-0.14235880878379778,0.6185376888616285,0.20721787994571428,0.5538055990419924,82.59974730300402,83.15355290204602
3.9979999999997813,-0.14111758853889136,0.6226767423661508,0.18651271011472081,0.5612421730100747,82.59254223250635,83.15378440551642
3.999999999999781,-0.13986813944220264,0.6267665010659136,0.16582240065661202,0.5686388944523574,82.58535269783295,83.15399159228531
4.001999999999781,-0.13861056030864696,0.6308067401067885,0.14514839229019927,0.5759936017816772,82.57818052621462,83.1541741279963
4.003999999999781,-0.1373449503991389,0.6347972383463826,0.12449212287289257,0.5833041509453124,82.57102753563828,83.15433168658359
4.005999999999781,-0.13607140941315493,0.6387377783677851,0.10385502729862384,0.5905684159852064,82.56389553435653,83.15446395034174
4.007999999999781,-0.13479003748126897,0.642628146493068,0.0832385373959792,0.5977842895920381,82.55678632040073,83.15457060999277
4.00999999999978,-0.1335009351576611,0.6464681327965349,0.06264408182655368,0.6049496836529854,82.54970168109801,83.154651364751
4.01199999999978,-0.13220420341260009,0.6502575311177188,0.04207308598354098,0.6120625297930369,82.54264339259217,83.1547059223852
4.01399999999978,-0.13089994362490018,0.6539961390741222,0.021526971890563296,0.6191207799097106,82.53561321936841,83.15473399927812
4.01599999999978,-0.1295882575743526,0.6576837580737009,0.001007158100757355,0.6261224067010299,82.52861291378258,83.15473532048361
4.0179999999997795,-0.12826924743413246,0.6613201933270847,-0.01948494040387594,0.6330654041866225,82.52164421559432,83.15470961978095
4.019999999999779,-0.12694301576318134,0.6649052538595348,-0.03994791231284478,0.6399477882217983,82.51470885150495,83.15465663972675
4.021999999999779,-0.1256096654985664,0.6684387525226354,-0.060380350087256174,0.6467675970044686,82.50780853469982,83.15457613170429
4.023999999999779,-0.12426929994781613,0.6719205060057145,-0.080780850059607,0.6535228915747782,82.50094496439515,83.15446785596993
4.025999999999779,-0.12292202278123383,0.6753503348469938,-0.10114801253326777,0.6602117563073059,82.49411982538999,83.15433158169729
4.027999999999778,-0.12156793802418886,0.6787280634444631,-0.1214804418816493,0.6668322993957149,82.48733478762288,83.1541670870186
4.029999999999778,-0.12020715004938642,0.6820535200664783,-0.14177674664703765,0.6733826533297119,82.48059150573366,83.15397415906337
4.031999999999778,-0.11883976356911655,0.6853265368620787,-0.16203553963909245,0.6798609753641998,82.4738916186304,83.1537525939946
4.033999999999778,-0.11746588362748261,0.6885469498710216,-0.18225543803299193,0.6862654479804902,82.46723674906171,83.1535021970422
4.0359999999997775,-0.11608561559261014,0.6917145990335332,-0.20243506346721696,0.6925942793394582,82.46062850319433,83.15322278253379
4.037999999999777,-0.11469906514883635,0.6948293281997703,-0.22257304214096485,0.6988457037265179,82.45406847019633,83.15291417392285
4.039999999999777,-0.11330633828888108,0.6978909851389931,-0.24266800491117713,0.7050179819883051,82.44755822182606,83.15257620381436
4.041999999999777,-0.11190754130599968,0.7008994215484449,-0.2627185873891753,0.7111094019609455,82.44109931202652,83.15220871398746
4.043999999999777,-0.11050278078611844,0.7038544930619373,-0.2827234300368928,0.7171182788898002,82.43469327652608,83.15181155541588
4.045999999999776,-0.10909216359995307,0.7067560592581373,-0.30268117826269014,0.7230429558405808,82.42834163244473,83.15138458828531
4.047999999999776,-0.10767579689511099,0.709603983668556,-0.32259048251674405,0.7288818041017192,82.42204587790663,83.15092768200834
4.049999999999776,-0.10625378808817795,0.7123981337852341,-0.3424499983860021,0.7346332235778935,82.41580749165894,83.15044071523683
4.051999999999776,-0.10482624485678951,0.7151383810681237,-0.3622583866886886,0.7402956431746082,82.40962793269672,83.14992357587133
4.053999999999776,-0.10339327513168811,0.7178246009521638,-0.38201431356835225,0.7458675211737253,82.40350863989437,83.14937616106809
4.055999999999775,-0.10195498708876627,0.7204566728540471,-0.4017164505874464,0.751347345599846,82.3974510316436,83.14879837724344
4.057999999999775,-0.10051148914109663,0.7230344801786757,-0.42136347482043157,0.7567336345774657,82.3914565054979,83.14819014007537
4.059999999999775,-0.09906288993094932,0.7255579103253038,-0.4409540689463851,0.7620249366787912,82.38552643782373,83.14755137450251
4.061999999999775,-0.09760929832179736,0.7280268546933666,-0.46048692134111446,0.7672198312621374,82.3796621834586,83.14688201472075
4.0639999999997745,-0.09615082339031082,0.7304412086879909,-0.4799607261687595,0.7723169288008311,82.37386507537596,83.1461820041768
4.065999999999774,-0.09468757441834011,0.7328008717251875,-0.49937418347287355,0.7773148712025193,82.36813642435692,83.14545129555944
4.067999999999774,-0.09321966088488935,0.7351057472367231,-0.5187259992669739,0.782212332118817,82.36247751866934,83.14468985078815
4.069999999999774,-0.09174719245808027,0.7373557426746689,-0.5380148856245526,0.7870080172452101,82.35688962375377,83.14389764099899
4.071999999999774,-0.09027027898710731,0.7395507695156254,-0.557239560768535,0.7917006646111425,82.35137398191692,83.14307464652806
4.073999999999773,-0.08878903049418461,0.7416907432646211,-0.5763987491601776,0.7962890448602186,82.3459318120321,83.14222085689232
4.075999999999773,-0.08730355716648559,0.7437755834586831,-0.5954911815873961,0.8007719615204507,82.34056430924727,83.14133627076772
4.077999999999773,-0.08581396934807561,0.7458052136700779,-0.6145155952525103,0.8051482512644835,82.3352726447006,83.14042089596508
4.079999999999773,-0.08432037753183858,0.7477795615092224,-0.6334707338593997,0.8094167841597444,82.33005796524337,83.13947474940312
4.0819999999997725,-0.08282289235139796,0.7496985586272614,-0.6523553477000591,0.8135764639084507,82.32492139317073,83.13849785707917
4.083999999999772,-0.08132162457303313,0.7515621407183115,-0.6711681937405433,0.8176262280774261,82.31986402595984,83.13749025403727
4.085999999999772,-0.0798166850875914,0.7533702475213698,-0.6899080357062917,0.8215650483176692,82.31488693601612,83.13645198433379
4.087999999999772,-0.07830818490239666,0.7551228228218858,-0.7085736441668256,0.8253919305736297,82.30999117042704,83.13538310100067
4.089999999999772,-0.0767962351331552,0.7568198144529955,-0.727163796619805,0.829105915282143,82.30517775072384,83.13428366600598
4.091999999999771,-0.0752809469958594,0.7584611742964164,-0.745677277574439,0.8327060775609854,82.30044767265132,83.1331537502123
4.093999999999771,-0.07376243179868992,0.7600468582830021,-0.7641128786342387,0.8361915273870061,82.2958019059454,83.1319934333324
4.095999999999771,-0.07224080093391724,0.7615768263929567,-0.782469398579105,0.8395614097638007,82.29124139411903,83.13080280388283
4.097999999999771,-0.07071616586980298,0.7630510426557047,-0.8007456434467408,0.8428149048789048,82.28676705425588,83.12958195913478
4.0999999999997705,-0.0691886381425019,0.7644694751494202,-0.8189404266133795,0.8459512282504544,82.28237977681238,83.12833100506283
4.10199999999977,-0.06765832934796519,0.7658320960002106,-0.8370525688738215,0.8489696308633231,82.27808042542779,83.12705005629111
4.10399999999977,-0.06612535113384568,0.7671388813809559,-0.8550808985207694,0.8518693992946679,82.27386983674288,83.12573923603755
4.10599999999977,-0.06458981519140579,0.7683898115098018,-0.873024251423455,0.8546498558289166,82.2697488202263,83.12439867605521
4.10799999999977,-0.06305183324742876,0.7695848706483079,-0.8908814711055457,0.8573103585621336,82.26571815800982,83.12302851657195
4.109999999999769,-0.06151151705613402,0.770724047099248,-0.9086514088223283,0.8598503014957843,82.26177860473155,83.12162890622733
4.111999999999769,-0.05996897839109722,0.7718073332040634,-0.9263329236371558,0.8622691146198724,82.25793088738779,83.12020000200766
4.113999999999769,-0.058424329037175766,0.7728347253399683,-0.9439248824971544,0.8645662639854547,82.25417570519305,83.1187419691785
4.115999999999769,-0.05687768078244044,0.7738062239167081,-0.961426160308179,0.8667412517665186,82.25051372944885,83.11725498121537
4.1179999999997685,-0.055329145410113904,0.7747218333729673,-0.9788356400090117,0.8687936163112395,82.24694560342064,83.11573921973188
4.119999999999768,-0.053778834690516704,0.775581562172431,-0.9961522126447956,0.8707229321826098,82.24347194222337,83.11419487440598
4.121999999999768,-0.0522268603730215,0.7763854227994962,-1.013374777439695,0.8725288101884535,82.24009333271557,83.11262214290403
4.123999999999768,-0.05067333417801625,0.7771334317546345,-1.0305022418687773,0.8742108974008372,82.2368103334019,83.11102123080275
4.125999999999768,-0.04911836778887696,0.7778256095494063,-1.0475335217291064,0.8757688771648878,82.23362347434441,83.1093923515093
4.127999999999767,-0.04756207284395084,0.7784619807011264,-1.064467541210043,0.8772024690970455,82.23053325708202,83.10773572617906
4.129999999999767,-0.04600456092855037,0.77904257372718,-1.0813032329627443,0.8785114290727611,82.22754015455875,83.10605158363151
4.131999999999767,-0.0444459435669592,0.7795674211389916,-1.0980395381688564,0.8796955492036702,82.22464461106065,83.10434016026433
4.133999999999767,-0.042886332214450366,0.7800365594356448,-1.114675406608391,0.8807546578042711,82.221847042161,83.10260169996528
4.1359999999997665,-0.04132583824931764,0.7804500290971547,-1.1312097967267858,0.8816886193481369,82.21914783467419,83.10083645402233
4.137999999999766,-0.03976457296492073,0.7808078745773935,-1.147641675701133,0.8824973344136958,82.21654734661824,83.09904468103194
4.139999999999766,-0.03820264756174491,0.7811101442966687,-1.1639700195055798,0.883180739619622,82.21404590718578,83.0972266468054
4.141999999999766,-0.03664017313947585,0.7813568906339552,-1.1801938129758884,0.8837388075498709,82.21164381672352,83.0953826242734
4.143999999999766,-0.03507726068909041,0.7815481699187825,-1.1963120498731519,0.8841715466684156,82.20934134672032,83.09351289338873
4.145999999999765,-0.033514021084963846,0.7816840424227767,-1.212323732946661,0.884479001223714,82.20713873980391,83.09161774102762
4.147999999999765,-0.03195056507699445,0.7817645723508585,-1.228227873995915,0.8846612511429832,82.20503620974564,83.08969746088863
4.149999999999765,-0.03038700328274602,0.7817898278320987,-1.2440234939317725,0.884718411916306,82.20303394147432,83.08775235339063
4.151999999999765,-0.028823446179608983,0.7817598809102312,-1.2597096228367373,0.8846506344706532,82.20113209109806,83.08578272556872
4.1539999999997645,-0.027260004096980872,0.781674807533825,-1.2752853000243727,0.8844581050338693,82.19933078593463,83.0837888909685
4.155999999999764,-0.025696787208466763,0.7815346875461167,-1.2907495740978412,0.8841410449886822,82.19763012455041,83.0817711695391
4.157999999999764,-0.024133905524100403,0.7813396046745038,-1.3061015030075658,0.8836997107168175,82.19603017680737,83.07972988752418
4.159999999999764,-0.02257146888258667,0.7810896465197015,-1.3213401541080037,0.8831343934332733,82.19453098391871,83.07766537735198
4.161999999999764,-0.021009586943566083,0.7807849045445617,-1.3364646042135362,0.8824454190108406,82.1931325585125,83.07557797752334
4.1639999999997634,-0.01944836917990198,0.7804254740625596,-1.3514739396534625,0.8816331477949295,82.19183488470387,83.0734680324988
4.165999999999763,-0.017887924869991075,0.7800114542259448,-1.3663672563260993,0.8806979744088048,82.1906379181751,83.0713358925839
4.167999999999763,-0.01632836309009805,0.7795429480135623,-1.3811436597519788,0.8796403275492862,82.18954158626414,83.06918191381342
4.169999999999763,-0.014769792706714807,0.779020062218343,-1.3958022651261441,0.8784606697730155,82.18854578806102,83.06700645783404
4.171999999999763,-0.013212322368945099,0.7784429074344656,-1.4103421973695378,0.8771594972733795,82.18765039451249,83.06480989178587
4.173999999999762,-0.011656060500915142,0.7778115980441925,-1.4247625911794803,0.8757373396481617,82.18685524853467,83.06259258818284
4.175999999999762,-0.010101115294210896,0.7771262522043799,-1.4390625910792336,0.8741947596580388,82.18616016513346,83.0603549247915
4.177999999999762,-0.008547594700342635,0.776386991832666,-1.453241351466651,0.8725323529760046,82.18556493153318,83.05809728450919
4.179999999999762,-0.006995606423237471,0.7755939425933381,-1.4672980366619057,0.8707507479278208,82.18506930731267,83.05582005524049
4.1819999999997615,-0.005445257911760459,0.7747472338828805,-1.4812318209543016,0.8688506052236055,82.1846730245495,83.0535236297731
4.183999999999761,-0.0038966563522649274,0.7738469988152054,-1.4950418886481565,0.8668326176806498,82.18437578797177,83.05120840565242
4.185999999999761,-0.002349908661172655,0.77289337420657,-1.5087274341077614,0.8646975099375889,82.18417727511734,83.04887478505492
4.187999999999761,-0.0008051214775845314,0.7718865005601804,-1.5222876618014134,0.86244603816001,82.18407713650106,83.04652317466108
4.189999999999761,0.0007375988440776818,0.7708265220504855,-1.5357217863445154,0.8600789897376393,82.18407499578916,83.0441539855268
4.19199999999976,0.0022781462413978687,0.7697135865071635,-1.549029032541748,0.8575971829732,82.18417044998118,83.04176763295438
4.19399999999976,0.003816414951259744,0.7685478453988023,-1.5622086354283056,0.855001466763068,82.18436306959929,83.03936453636236
4.19599999999976,0.005352299517108097,0.7673294538162775,-1.575259840310202,0.8522927202698445,82.18465239888478,83.03694511915462
4.19799999999976,0.00688569479617649,0.76605857045583,-1.588181902803636,0.8494718525869618,82.18503795600186,83.03450980858882
4.1999999999997595,0.008416495966680811,0.7647353576018455,-1.600974088873425,0.8465398023954532,82.18551923324848,83.03205903564394
4.201999999999759,0.009944598534978097,0.7633599811093386,-1.6136356748704992,0.8434975376130086,82.18609569727421,83.02959323488722
4.203999999999759,0.011469898342690021,0.7619326103861448,-1.626165947568458,0.8403460550354426,82.18676678930501,83.02711284434045
4.205999999999759,0.01299229157379049,0.760453418374823,-1.6385642041991897,0.8370863799707126,82.18753192537491,83.02461830534563
4.207999999999759,0.01451167476165674,0.7589225815342702,-1.650829752487551,0.8337195658656081,82.18839049656445,83.02211006243006
4.209999999999758,0.016027944796083392,0.7573402798210522,-1.6629619106851077,0.8302466939252602,82.18934186924561,83.01958856317087
4.211999999999758,0.017540998930258886,0.7557066966704544,-1.6749600076029383,0.8266688727255881,82.19038538533357,83.01705425805916
4.213999999999758,0.01905073478770372,0.7540220189772524,-1.6868233826434977,0.8229872378188442,82.19152036254472,83.01450760036357
4.215999999999758,0.020557050369169994,0.7522864370762085,-1.698551385831542,0.8192029513323769,82.19274609466108,83.01194904599345
4.2179999999997575,0.022059844059501614,0.750500144722296,-1.7101433778441169,0.8153172015607612,82.19406185180121,83.00937905336197
4.219999999999757,0.02355901463445475,0.7486633390706539,-1.721598730039608,0.8113312025514496,82.19546688069677,83.00679808324821
4.221999999999757,0.02505446126747786,0.7467762206562759,-1.7329168244858553,0.8072461936840689,82.19696040497585,83.00420659865992
4.223999999999757,0.026546083536450896,0.7448389933734366,-1.7440970539873304,0.8030634392435264,82.19854162545155,83.00160506469508
4.225999999999757,0.028033781430383053,0.742851864454858,-1.7551388221113822,0.7987842279870682,82.20020972041684,82.9989939484039
4.227999999999756,0.02951745535606862,0.7408150444506194,-1.7660415432135466,0.7944098727054335,82.20196384594513,82.99637371865056
4.229999999999756,0.030997006144700395,0.7387287472068155,-1.776804642461925,0.7899417097782667,82.20380313619621,82.99374484597448
4.231999999999756,0.032472335058440153,0.7365931898439629,-1.787427555860635,0.7853810987239326,82.20572670372803,82.99110780245196
4.233999999999756,0.033943343796945705,0.7344085927351625,-1.7979097302723275,0.7807294217438884,82.20773363981358,82.98846306155747
4.2359999999997555,0.035409934503854,0.7321751794840164,-1.808250623439782,0.7759880832617729,82.20982301476329,82.98581109802507
4.237999999999755,0.03687200977321985,0.7298931769023086,-1.8184497040065728,0.7711585094573606,82.21199387825249,82.98315238770985
4.239999999999755,0.03832947265590981,0.7275628149874466,-1.8285064515368157,0.7662421477955454,82.21424525965395,82.9804874074495
4.241999999999755,0.03978222666595061,0.7251843268996725,-1.8384203565339912,0.7612404665505136,82.21657616837533,82.97781663492584
4.243999999999755,0.041230175786831885,0.7227579489390449,-1.8481909204588511,0.7561549543252527,82.21898559420144,82.9751405485267
4.245999999999754,0.04267322447776259,0.7202839205221946,-1.8578176557464086,0.7509871195665728,82.22147250764127,82.97245962720784
4.247999999999754,0.044111277679880705,0.7177624841588598,-1.867300085822015,0.7457384900757885,82.2240358602795,82.9697743503553
4.249999999999754,0.045544240822415816,0.7151938854282023,-1.8766377451165266,0.7404106125152339,82.22667458513251,82.96708519764775
4.251999999999754,0.046972019828804085,0.7125783729549093,-1.8858301790805627,0.7350050519107615,82.2293875970087,82.96439264891946
4.2539999999997535,0.048394521122755225,0.7099161983850852,-1.8948769441978595,0.7295233911504001,82.23217379287297,82.96169718402336
4.255999999999753,0.04981165163427106,0.7072076163619351,-1.9037776079977227,0.7239672304793269,82.23503205221546,82.95899928269479
4.257999999999753,0.05122331880561523,0.7044528845012457,-1.9125317490665807,0.7183381869913239,82.2379612374239,82.95629942441522
4.259999999999753,0.05262943059723369,0.7016522633666662,-1.9211389570586437,0.712637894116878,82.2409601941602,82.95359808827708
4.261999999999753,0.05402989549362552,0.6988060164447938,-1.9295988327056692,0.7068680011080972,82.24402775174026,82.95089575284835
4.263999999999752,0.055424622509163746,0.6959144101200659,-1.9379109878258427,0.7010301725206015,82.24716272351789,82.94819289603849
4.265999999999752,0.0568135211938658,0.6929777136494653,-1.9460750453317694,0.695126087692557,82.25036390727165,82.9454899949642
4.267999999999752,0.058196501639113093,0.689996199137039,-1.9540906392375885,0.6891574402210263,82.2536300855953,82.94278752581633
4.269999999999752,0.059573474483319566,0.6869701415082388,-1.961957414665209,0.6831259374357856,82.25696002629145,82.94008596372724
4.2719999999997516,0.06094435091754867,0.6838998184840817,-1.9696750278496733,0.6770332998707945,82.26035248276801,82.93738578263881
4.273999999999751,0.06230904269107851,0.6807855105551396,-1.9772431461436502,0.6708812607334695,82.26380619443782,82.93468745517129
4.275999999999751,0.0636674621169148,0.6776275009553587,-1.9846614480210643,0.6646715653719355,82.2673198871209,82.93199145249284
4.277999999999751,0.06501952207725133,0.674426075635713,-1.9919296230798655,0.6584059707404217,82.27089227344949,82.92929824418991
4.279999999999751,0.06636513602887745,0.6711815232376964,-1.9990473720439392,0.6520862448629646,82.27452205327539,82.92660829813836
4.2819999999997505,0.06770421800853256,0.6678941350666573,-2.006014406764167,0.6457141662955902,82.27820791407996,82.92392208037555
4.28399999999975,0.06903668263820702,0.6645642050649782,-2.0128304502186403,0.6392915235871314,82.28194853138619,82.92124005497332
4.28599999999975,0.0703624451303892,0.6611920297851057,-2.0194952365120264,0.6328201147388616,82.28574256917295,82.91856268391182
4.28799999999975,0.07168142129325857,0.6577779083624345,-2.0260085108741035,0.6263017466630929,82.28958868029136,82.91589042695445
4.28999999999975,0.07299352753582437,0.6543221424880475,-2.0323700296574545,0.6197382346409204,82.29348550688267,82.9132237415236
4.291999999999749,0.0742986808730096,0.6508250363813183,-2.038579560334339,0.6131314017792613,82.29743168079837,82.91056308257762
4.293999999999749,0.07559679893068005,0.6472868967623783,-2.0446368814927327,0.6064830784673655,82.30142582402138,82.90790890248874
4.295999999999749,0.07688779995061826,0.6437080328244528,-2.050541782831557,0.5997951018329566,82.30546654908915,82.9052616509221
4.297999999999749,0.07817160279544183,0.6400887562060694,-2.056294065155088,0.5930693151981624,82.30955245951779,82.90262177471595
4.2999999999997485,0.07944812695346622,0.6364293809631437,-2.0618935403665573,0.5863075675354037,82.31368215022756,82.89998971776296
4.301999999999748,0.08071729254351148,0.6327302235409441,-2.0673400314609496,0.5795117129233981,82.31785420796942,82.89736592089281
4.303999999999748,0.08197902031965282,0.6289916027459413,-2.0726333725170027,0.5726836100034448,82.32206721175228,82.89475082175574
4.305999999999748,0.08323323167591477,0.6252138397175458,-2.0777734086884108,0.5658251214361407,82.32631973327157,82.89214485470771
4.307999999999748,0.08447984865090873,0.6213972578997363,-2.0827599961942393,0.5589381133586979,82.33061033733796,82.88954845069665
4.309999999999747,0.08571879393241359,0.6175421830125833,-2.08759300230856,0.5520244548430155,82.33493758230696,82.88696203714998
4.311999999999747,0.08694999086189946,0.6136489430236725,-2.0922723053493026,0.545086017354661,82.33930002050867,82.88438603786334
4.313999999999747,0.08817336343899393,0.6097178681194296,-2.0967977946663394,0.5381246742129185,82.34369619867827,82.8818208728912
4.315999999999747,0.08938883632589108,0.6057492906763527,-2.1011693706287984,0.531142300052067,82.3481246583861,82.87926695843817
4.3179999999997465,0.09059633485170271,0.6017435452321537,-2.1053869446116162,0.5241407702840241,82.35258393646822,82.87672470675224
4.319999999999746,0.09179578501675191,0.597700968456813,-2.1094504389813347,0.5171219605625306,82.35707256545669,82.87419452601922
4.321999999999746,0.09298711349680856,0.5936218991235529,-2.113359787081145,0.5100877462490092,82.36158907400971,82.87167682025873
4.323999999999746,0.0941702476472667,0.5895066780797302,-2.1171149332151913,0.5030400018802585,82.36613198734123,82.8691719892215
4.325999999999746,0.09534511550726363,0.585355648217654,-2.1207158326321274,0.49598060063812477,82.3706998276504,82.86668042828852
4.327999999999745,0.09651164580374062,0.5811691544453308,-2.124162451507944,0.4889114138213058,82.3752911145502,82.8642025283715
4.329999999999745,0.09766976795544496,0.5769475436571417,-2.127454766928068,0.4818343103194274,82.37990436549535,82.86173867581478
4.331999999999745,0.09881941207687334,0.5726911647044538,-2.130592766868733,0.47475115608953966,82.3845380962096,82.85928925229913
4.333999999999745,0.09996050898215636,0.5684003683661699,-2.133576450177641,0.4676638136351784,82.38919082111178,82.85685463474697
4.3359999999997445,0.10109299018888415,0.5640755073192205,-2.1364058265539034,0.4605741414881301,82.39386105374098,82.8544351952291
4.337999999999744,0.10221678792187285,0.5597169361090002,-2.1390809165272824,0.45348399369304504,82.39854730718046,82.8520313008735
4.339999999999744,0.10333183511687191,0.5553250111197533,-2.141601751436729,0.44639521929503373,82.40324809448022,82.84964331377525
4.341999999999744,0.1044380654242122,0.5509000905449104,-2.1439683734082258,0.4393096618303881,82.40796192907814,82.84727159090853
4.343999999999744,0.10553541321239464,0.5464425343573808,-2.146180835331943,0.4322291588205579,82.41268732521966,82.84491648404023
4.345999999999743,0.10662381357161939,0.5419527042798029,-2.1482392008387077,0.4251555412695239,82.41742279837567,82.84257833964519
4.347999999999743,0.10770320231725558,0.5374309637547563,-2.1501435442757995,0.4180906331646916,82.42216686565865,82.84025749882335
4.349999999999743,0.10877351599325139,0.5328776779149383,-2.1518939506820685,0.4110362509814437,82.42691804623709,82.83795429721853
4.351999999999743,0.10983469187548436,0.5282932135533094,-2.1534905157623907,0.40399420319147716,82.43167486174752,82.835669064939
4.3539999999997425,0.11088666797505214,0.5236779390932083,-2.1549333458614623,0.3969662897750497,82.43643583670493,82.83340212647998
4.355999999999742,0.11192938304150325,0.5190322245584424,-2.156222557936938,0.38995430173726736,82.44119949891052,82.83115380064778
4.357999999999742,0.11296277656600816,0.5143564415433552,-2.1573582795319175,0.38296002062853085,82.44596437985736,82.82892440048589
4.359999999999742,0.11398678878447037,0.5096509631828731,-2.158340648746792,0.37598521806926505,82.45072901513353,82.8267142332028
4.361999999999742,0.11500136068057765,0.504916164122536,-2.1591698142104496,0.3690316552790504,82.45549194482284,82.82452360010188
4.363999999999741,0.11600643398879326,0.5001524204885148,-2.1598459350508485,0.36210108261027746,82.46025171390261,82.82235279651289
4.365999999999741,0.11700195119728725,0.49536010985761614,-2.1603691808649623,0.3551952390864353,82.46500687263907,82.82020211172551
4.367999999999741,0.1179878555508077,0.4905396112272804,-2.1607397316881047,0.3483158519451509,82.4697559769797,82.81807182892484
4.369999999999741,0.118964091053492,0.48569130498557395,-2.1609577779626377,0.3414646361860952,82.47449758894248,82.81596222512857
4.3719999999997405,0.1199306024716181,0.4808155728811786,-2.1610235205060677,0.3346432941238555,82.47923027700249,82.81387357112634
4.37399999999974,0.12088733533629577,0.47591279799338154,-2.1609371704785385,0.3278535149458954,82.48395261647492,82.81180613142082
4.37599999999974,0.1218342359460977,0.47098336470206803,-2.1606989493497206,0.3210969742756969,82.4886631898952,82.8097601641709
4.37799999999974,0.12277125136963081,0.46602765865771945,-2.1603090888651133,0.31437533374119786,82.49336058739553,82.80773592113673
4.37999999999974,0.1236983294480474,0.46104606675141985,-2.159767831011747,0.3076902405486192,82.49804340707809,82.80573364762671
4.381999999999739,0.12461541879749638,0.45603897708487273,-2.1590754279833138,0.3010433270617873,82.50271025538474,82.80375358244653
4.383999999999739,0.12552246881151452,0.4510067789404313,-2.1582321421447093,0.29443621038704637,82.50735974746313,82.80179595785017
4.385999999999739,0.12641942966335787,0.44594986275114423,-2.157238245996008,0.28787049196385706,82.51199050752898,82.79986099949284
4.387999999999739,0.1273062523082731,0.44086862007081984,-2.156094022135867,0.2813477571611771,82.51660116922467,82.79794892638584
4.3899999999997386,0.12818288848570922,0.4357634435441102,-2.1547997632243705,0.27486957487971014,82.52119037597402,82.79605995085373
4.391999999999738,0.12904929072146928,0.43063472687661863,-2.1533557719453125,0.2684374971601198,82.52575678133289,82.79419427849301
4.393999999999738,0.1299054123298025,0.42548286480503233,-2.15176236096793,0.26205305879728685,82.53029904933608,82.79235210813337
4.395999999999738,0.13075120741543647,0.4203082530672818,-2.1500198529080894,0.2557177769607042,82.53481585483974,82.79053363180044
4.397999999999738,0.13158663087554998,0.41511128837273065,-2.1481285802889283,0.24943315082108328,82.53930588385988,82.78873903468096
4.3999999999997375,0.132411638401686,0.4098923683723967,-2.146088885500961,0.24320066118326103,82.54376783390641,82.78696849508968
4.401999999999737,0.13322618648160522,0.40465189162920734,-2.143901120761653,0.23702177012547784,82.54820041431294,82.78522218443842
4.403999999999737,0.13403023240108033,0.3993902575882907,-2.141565648074467,0.23089792064510947,82.55260234656213,82.78350026720723
4.405999999999737,0.13482373424563052,0.394107866547305,-2.1390828391873846,0.22483053631092256,82.55697236460648,82.7818029009174
4.407999999999737,0.13560665090219703,0.3888051196268078,-2.1364530755509152,0.21882102092192812,82.56130921518464,82.78013023610656
4.409999999999736,0.1363789420607594,0.3834824187406674,-2.133676748275586,0.21287075817289994,82.56561165813305,82.77848241630595
4.411999999999736,0.13714056821589243,0.3781401665665183,-2.130754258088929,0.20698111132662955,82.56987846669286,82.77685957801948
4.413999999999736,0.13789149066826428,0.37277876651626213,-2.1276860152919608,0.2011534228929784,82.57410842781205,82.77526185070502
4.415999999999736,0.13863167152607558,0.36739862270661655,-2.124472439715167,0.1953890143147925,82.57830034244287,82.77368935675767
4.4179999999997355,0.13936107370643958,0.3620001399297134,-2.121113960673989,0.1896891856607415,82.5824530258341,82.77214221149484
4.419999999999735,0.14007966093670363,0.356583723623748,-2.1176110169238225,0.18405521532513752,82.58656530781863,82.77062052314376
4.421999999999735,0.1407873977557121,0.3511497798436814,-2.1139640566145323,0.17848835973479263,82.5906360330959,82.76912439283069
4.423999999999735,0.1414842495150106,0.34569871523199713,-2.110173537244484,0.17298985306296885,82.59466406150926,82.76765391457224
4.425999999999735,0.14217018237999177,0.3402309369895142,-2.1062399256141004,0.1675609069504709,82.59864826831821,82.76620917526868
4.427999999999734,0.14284516333098293,0.3347468528462574,-2.102163697778946,0.16220271023393393,82.60258754446545,82.76479025469938
4.429999999999734,0.14350916016427534,0.3292468710323876,-2.097945339002344,0.156916428681351,82.60648079683871,82.76339722552007
4.431999999999734,0.14416214149309553,0.32373140024919217,-2.0935853437075282,0.15170320473488796,82.6103269485273,82.76203015326219
4.433999999999734,0.1448040767485185,0.3182008496401379,-2.08908421542934,0.14656415726102726,82.61412493907328,82.7606890963343
4.4359999999997335,0.1454349361803233,0.31265562876198755,-2.0844424667654606,0.14150038130808218,82.61787372471727,82.75937410602535
4.437999999999733,0.14605469085779071,0.30709614755598136,-2.0796606193272082,0.13651294787111995,82.62157227863888,82.75808522651
4.439999999999733,0.1466633126704435,0.301522816319085,-2.0747392036898695,0.131602903664331,82.62521959119154,82.75682249485587
4.441999999999733,0.14726077432872914,0.2959360456753052,-2.069678759342605,0.12677127090087684,82.62881467013196,82.75558594103283
4.443999999999733,0.1478470493646453,0.2903362465470741,-2.0644798346379014,0.12201904708025145,82.63235654084387,82.75437558792413
4.445999999999732,0.1484221121323081,0.28472383012670394,-2.0591429867406013,0.11734720478318315,82.63584424655633,82.75319145133952
4.447999999999732,0.14898593780846348,0.2790992078479133,-2.053668781576489,0.11275669147410745,82.6392768485563,82.75203354003041
4.449999999999732,0.1495385023929415,0.27346279135742546,-2.0480577937804614,0.10824842931123402,82.6426534263956,82.75090185570683
4.451999999999732,0.15007978270905412,0.2678149924866406,-2.042310606644266,0.10382331496423418,82.64597307809203,82.74979639305626
4.4539999999997315,0.15060975640393617,0.26215622322338256,-2.036427812063822,0.09948221943956753,82.649234920325,82.74871713976457
4.455999999999731,0.15112840194883015,0.2564868956837218,-2.030410010486127,0.09522598791346865,82.65243808862512,82.74766407653858
4.457999999999731,0.1516356986393145,0.25080742208387463,-2.024257810855745,0.09105543957261071,82.65558173755818,82.7466371771308
4.459999999999731,0.15213162659547594,0.24511821471218054,-2.017971830560894,0.08697136746246067,82.65866504090323,82.7456364083657
4.461999999999731,0.1526161667620257,0.2394196859011581,-2.0115526953791205,0.08297453834333932,82.6616871918249,82.74466173016823
4.46399999999973,0.15308930090836007,0.23371224799964066,-2.0050010394225732,0.07906569255419704,82.6646474030396,82.74371309559379
4.46599999999973,0.15355101162856521,0.22799631334499246,-1.9983175050828819,0.0752455438841142,82.66754490697618,82.74279045086028
4.46799999999973,0.15400128234136654,0.22227229423540623,-1.9915027429756371,0.0715147794515325,82.6703789559303,82.74189373538184
4.46999999999973,0.15444009729002264,0.21654060290228308,-1.9845574118844778,0.06787405959122246,82.67314882221326,82.74102288180448
4.4719999999997295,0.1548674415421643,0.21080165148269528,-1.9774821787047925,0.06432401774898935,82.67585379829447,82.74017781604346
4.473999999999729,0.1552833009895783,0.20505585199193302,-1.9702777183870335,0.06086526038411879,82.6784931969382,82.73935845732233
4.475999999999729,0.15568766234793643,0.19930361629613563,-1.962944713879649,0.05749836687955969,82.68106635133432,82.73856471821388
4.477999999999729,0.15608051315647004,0.19354535608500814,-1.9554838560716354,0.05422388945984225,82.68357261522296,82.7377965046828
4.479999999999729,0.1564618417775898,0.18778148284462387,-1.9478958437347165,0.05104235311672491,82.68601136301312,82.73705371612985
4.481999999999728,0.15683163739645142,0.18201240783031356,-1.9401813834651458,0.04795425554256329,82.6883819898956,82.73633624543817
4.483999999999728,0.15718989002046718,0.17623854203964193,-1.9323411896251415,0.04496006707139215,82.69068391194926,82.73564397902065
4.485999999999728,0.1575365904787633,0.1704602961854721,-1.9243759842839556,0.04206023062770823,82.69291656624199,82.7349767968697
4.487999999999728,0.1578717304215838,0.16467808066911854,-1.9162864971585774,0.03925516168294229,82.69507941092492,82.73433457260786
4.4899999999997275,0.1581953023196406,0.1588923055535892,-1.9080734655540752,0.03654524821960379,82.69717192532121,82.73371717354082
4.491999999999727,0.15850729946341025,0.15310338053691722,-1.8997376343035846,0.03393085070308276,82.69919361000834,82.73312446071142
4.493999999999727,0.15880771596237736,0.14731171492558276,-1.8912797557079368,0.03141230206108865,82.70114398689464,82.73255628895572
4.495999999999727,0.15909654674422502,0.14151771760802587,-1.882700589474939,0.028989907670707075,82.70302259928953,82.73201250696023
4.497999999999727,0.1593737875539723,0.13572179702825019,-1.874000902658302,0.026663945353050472,82.70482901196789,82.73149295732094
4.499999999999726,0.15963943495305913,0.12992436115951864,-1.8651814695962232,0.02443466537547917,82.7065628112284,82.73099747660387
4.501999999999726,0.1598934863183785,0.12412581747814112,-1.8562430718496286,0.02230229046136697,82.70822360494564,82.73052589540701
4.503999999999726,0.16013593984125646,0.11832657293735489,-1.8471864981400672,0.020267015807382393,82.70981102261644,82.73007803842381
4.505999999999726,0.16036679452638,0.11252703394129795,-1.8380125442872746,0.01832900910825667,82.71132471539991,82.72965372450817
4.507999999999726,0.16058605019067285,0.10672760631907592,-1.828722013146396,0.01648841058900686,82.71276435615171,82.72925276674071
4.509999999999725,0.16079370746211952,0.10092869529892275,-1.8193157145448804,0.014745333044580436,82.71412963945215,82.72887497249674
4.511999999999725,0.16098976777853793,0.09513070548245575,-1.8097944652190407,0.01309986188688694,82.71542028162847,82.72852014351535
4.513999999999725,0.16117423338630044,0.0893340408190252,-1.8001590887502907,0.01155205519917976,82.71663602077084,82.72818807597001
4.515999999999725,0.16134710733900373,0.08353910458015894,-1.7904104155010547,0.010101943797749618,82.71777661674277,82.72787856054052
4.5179999999997245,0.16150839349608775,0.0777462993341024,-1.780549282550355,0.00874953130088985,82.71884185118532,82.72759138248621
4.519999999999724,0.16165809652140375,0.0719560269204543,-1.7705765336290822,0.007494794205091754,82.71983152751544,82.72732632172053
4.521999999999724,0.1617962218817317,0.06616868842489837,-1.7604930190549462,0.006337681968426586,82.72074547091847,82.7270831528869
4.523999999999724,0.16192277584524728,0.06038468415403146,-1.750299595667114,0.0052781171010692985,82.72158352833472,82.72686164543579
4.525999999999724,0.16203776547993864,0.054604413610288394,-1.7399971267605356,0.004315995262917362,82.72234556844005,82.72666156370296
4.527999999999723,0.1621411986519731,0.04882827546696378,-1.7295864820199633,0.0034511853682565596,82.72303148162081,82.72648266698907
4.529999999999723,0.16223308402401396,0.043056667543331165,-1.7190685374536585,0.0026835296974239407,82.72364117994289,82.72632470964031
4.531999999999723,0.16231343105348764,0.03728998677985987,-1.7084441753268018,0.002012844015416669,82.72417459711492,82.72618744113034
4.533999999999723,0.16238224999080142,0.03152862921352966,-1.697714284094596,0.001438917697393889,82.72463168844577,82.72607060614317
4.5359999999997225,0.16243955187751188,0.025772989953243765,-1.6868797583350734,0.0009615138610172436,82.72501243079627,82.72597394465728
4.537999999999722,0.16248534854444419,0.020023463155340315,-1.6759414986816064,0.0005803695055741892,82.72531682252523,82.7258971920308
4.539999999999722,0.16251965260976262,0.014280441999202715,-1.6649004117551225,0.00029519565782674213,82.72554488342992,82.72584007908775
4.541999999999722,0.1625424774769923,0.008544318662969029,-1.6537574100960317,0.00010567752452684362,82.72569665468058,82.7258023322051
4.543999999999722,0.1625538373329926,0.0028154842993408603,-1.642513412095861,1.1474651538069074e-05,82.72577219874971,82.72578367340125
4.545999999999721,0.1625537471458821,-0.0029056709885081243,-1.631169341928608,1.2221089502002716e-05,82.72577159933549,82.725783820425
4.547999999999721,0.16254222266291554,-0.008618758170923637,-1.6197261294818048,0.00010752556598616349,82.72569496127983,82.72580248684581
4.549999999999721,0.16251928040831284,-0.01432338931566193,-1.6081847102873081,0.00029697166404899335,82.72554241048081,82.72583938214485
4.551999999999721,0.1624849376810406,-0.02001917761168035,-1.5965460254518047,0.0005801180071560393,82.72531409379984,82.72589421180699
4.5539999999997205,0.16243921255254587,-0.025705737392827027,-1.5848110215870455,0.0009564984503801132,82.72501017896296,82.72596667741334
4.55599999999972,0.16238212386444284,-0.03138268416142931,-1.5729806507398048,0.0014256222778168657,82.7246308544575,82.72605647673532
4.55799999999972,0.16231369122615238,-0.037049634611780714,-1.5610558703215698,0.0019869744061459236,82.72417632942253,82.72616330382868
4.55999999999972,0.16223393501249472,-0.042706206653526056,-1.5490376430379624,0.00264001559426639,82.72364683353473,82.726286849129
4.56199999999972,0.16214287636123542,-0.048352019434944396,-1.536926936817895,0.0033841826589343003,82.7230426168886,82.72642679954754
4.563999999999719,0.16204053717058492,-0.05398669336612951,-1.5247247247424653,0.004218888696328311,82.72236394987156,82.7265828385679
4.565999999999719,0.16192694009665184,-0.05960985014206754,-1.51243198497359,0.005143523309468659,82.72161112303402,82.7267546463435
4.567999999999719,0.16180210855085023,-0.06522111276561147,-1.5000497006823834,0.006157452841413276,82.72078444695411,82.72694189979552
4.569999999999719,0.16166606669726094,-0.07082010557035213,-1.4875788599772792,0.007260020614153653,82.71988425209749,82.72714427271164
4.5719999999997185,0.16151883944994733,-0.07640645424338523,-1.475020455831905,0.008450547173131902,82.71891088867217,82.7273614358453
4.573999999999718,0.16136045247022565,-0.08197978584797416,-1.462375486012703,0.009728330537299363,82.71786472647825,82.72759305701555
4.575999999999718,0.16119093216389008,-0.08753972884610826,-1.4496449530063082,0.01109264645463583,82.71674615475284,82.72783880120748
4.577999999999718,0.1610103056783929,-0.09308591312095592,-1.436829863946684,0.012542748663047523,82.71555558201001,82.72809833067306
4.579999999999718,0.16081860089997962,-0.09861796999921228,-1.423931230542017,0.014077869156560556,82.71429343587612,82.72837130503268
4.581999999999717,0.16061584645077992,-0.10413553227334114,-1.4109500690013719,0.01569721845672595,82.7129601629203,82.72865738137702
4.583999999999717,0.1604020716858537,-0.10963823422371052,-1.3978873999611168,0.017399985889150878,82.71155622848006,82.72895621436922
4.585999999999717,0.16017730669019337,-0.1151257116406215,-1.3847442484111157,0.019185339865069703,82.7100821164827,82.72926745634777
4.587999999999717,0.15994158227568211,-0.12059760184622995,-1.3715216436206907,0.021052428167867974,82.70853832926154,82.7295907574294
4.5899999999997165,0.15969492997800822,-0.1260535437163605,-1.3582206190643613,0.02300037824447042,82.70692538736827,82.72992576561275
4.591999999999716,0.1594373820535361,-0.13149317770221244,-1.3448422123473611,0.025028297501504457,82.70524382938038,82.73027212688189
4.593999999999716,0.15916897147613396,-0.13691614585195708,-1.331387465130936,0.02713527360614809,82.7034942117043,82.73062948531044
4.595999999999716,0.15888973193395825,-0.14232209183222577,-1.3178574230574254,0.029320374791571943,82.70167710837435,82.73099748316592
4.597999999999716,0.15859969782619548,-0.14771066094948837,-1.304253135675131,0.031582650166882505,82.69979311084727,82.73137576101415
4.599999999999715,0.1582989042597612,-0.15308150017132152,-1.290575656362978,0.03392113003147412,82.69784282779256,82.73176395782403
4.601999999999715,0.15798738704595663,-0.15843425814756612,-1.276826042254969,0.036334826193695616,82.69582688487873,82.73216171107242
4.603999999999715,0.15766518269708307,-0.16376858523137336,-1.263005354164434,0.03882273229373687,82.69374592455539,82.73256865684912
4.605999999999715,0.15733232842301437,-0.16908413350013893,-1.249114656508084,0.04138382413063977,82.69160060583138,82.73298442996202
4.6079999999997145,0.15698886212772753,-0.17438055677632466,-1.2351550172298658,0.04401705999333697,82.68939160404899,82.73340866404233
4.609999999999714,0.15663482240579196,-0.17965751064816687,-1.221127507724626,0.046721380995621724,82.68711961065421,82.73384099164983
4.611999999999714,0.1562702485388172,-0.18491465249027103,-1.2070332027615858,0.049495711414950155,82.68478533296314,82.7342810443781
4.613999999999714,0.15589518049185985,-0.19015164148409175,-1.19287318040763,0.05233895903497791,82.68238949392489,82.73472845295987
4.615999999999714,0.15550965890978932,-0.19536813863829783,-1.1786485219504148,0.05525001549173111,82.67993283188055,82.73518284737229
4.6179999999997134,0.15511372511361327,-0.20056380680902122,-1.1643603118212975,0.05822775662331217,82.67741610031865,82.73564385694196
4.619999999999713,0.1547074210967625,-0.2057383107199895,-1.1500096375180902,0.06127104282303879,82.67484006762714,82.73611111045018
4.621999999999713,0.15429078952133568,-0.21089131698254093,-1.135597589527646,0.06437871939591554,82.6722055168419,82.73658423623782
4.623999999999713,0.15386387371430435,-0.21602249411552163,-1.121125261248275,0.06754961691833465,82.66951324539183,82.73706286231015
4.625999999999713,0.15342671766367796,-0.2211315125650636,-1.1065937489120001,0.0707825516009049,82.66676406484062,82.73754661644152
4.627999999999712,0.15297936601462978,-0.22621804472424334,-1.0920041515066525,0.0740763256543034,82.6639588006254,82.7380351262797
4.629999999999712,0.1525218640655833,-0.23128176495261982,-1.0773575706978111,0.07742972765804791,82.66109829179207,82.73852801945011
4.631999999999712,0.15205425776426001,-0.2363223495956513,-1.0626551107505935,0.08084153293208385,82.65818339072774,82.73902492365983
4.633999999999712,0.15157659370368814,-0.2413394770039899,-1.0478978784512978,0.08431050391108219,82.65521496289004,82.73952546680113
4.6359999999997115,0.1510889191181732,-0.2463328275526532,-1.0330869830289018,0.08783539052134172,82.65219388653338,82.74002927705473
4.637999999999711,0.15059128187923015,-0.251302083660072,-1.0182235360764258,0.09141493056018993,82.64912105243282,82.74053598299301
4.639999999999711,0.15008373049147763,-0.25624692980701297,-1.0033086514721574,0.0950478500777768,82.64599736360456,82.74104521368234
4.641999999999711,0.14956631408849447,-0.26116705255537603,-0.9883434453007504,0.09873286376115288,82.6428237350243,82.74155659878545
4.643999999999711,0.14903908242863875,-0.26606214056686456,-0.9733290357741925,0.10246867532052621,82.6396010933425,82.74206976866303
4.64599999999971,0.14850208589082967,-0.27093188462152834,-0.9582665431526584,0.10625397787758893,82.63633037659767,82.74258435447526
4.64799999999971,0.14795537547029242,-0.27577597763617767,-0.94315708966524,0.11008745435580665,82.6330125339266,82.74309998828241
4.64999999999971,0.1473990027742663,-0.28059411468266776,-0.9280017994305689,0.11396777787256065,82.62964852527269,82.74361630314525
4.65199999999971,0.14683302001767654,-0.2853859930060526,-0.9128017983773274,0.11789361213303604,82.62623932109177,82.7441329332248
4.6539999999997095,0.14625748001876984,-0.29015131204260725,-0.8975582141646601,0.12186361182574498,82.62278590205595,82.7446495138817
4.655999999999709,0.14567243619471407,-0.294889773437717,-0.8822721761024839,0.12587642301957735,82.61928925875489,82.74516568177447
4.657999999999709,0.14507794255716214,-0.29960108106363303,-0.8669448150717066,0.1299306835622678,82.61575039139561,82.74568107495787
4.659999999999709,0.14447405370778077,-0.3042849410370929,-0.8515772634443552,0.13402502348017023,82.61217030949996,82.74619533298014
4.661999999999709,0.14386082483374402,-0.30894106173680524,-0.8361706550036219,0.13815806537923053,82.60855003160034,82.74670809697957
4.663999999999708,0.14323831170319187,-0.313569153820797,-0.8207261248638298,0.14232842484704478,82.60489058493371,82.74721900978076
4.665999999999708,0.14260657066065452,-0.3181689302436225,-0.8052448093903248,0.14653471085589617,82.60119300513384,82.74772771598974
4.667999999999708,0.1419656586224421,-0.32274010627343325,-0.7897278461193001,0.1507755261666575,82.59745833592184,82.7482338620885
4.669999999999708,0.14131563307200062,-0.3272823995089064,-0.7741763736775543,0.15504946773344985,82.59368762879542,82.74873709652887
4.6719999999997075,0.14065655205523414,-0.33179552989603217,-0.7585915317021935,0.1593551271089476,82.58988194271656,82.74923706982551
4.673999999999707,0.13998847417579335,-0.3362792197447575,-0.742974460760277,0.16369109085021655,82.58604234379776,82.74973343464798
4.675999999999707,0.13931145859033134,-0.340733193745486,-0.7273263022684184,0.1680559409249791,82.58216990498723,82.7502258459122
4.677999999999707,0.1386255650037261,-0.34515717898543175,-0.7116481984123414,0.17244825511819065,82.57826570575277,82.75071396087095
4.679999999999707,0.1379308536642709,-0.34955090496482677,-0.6959412920663977,0.17686660743882107,82.57433083176447,82.7511974392033
4.681999999999706,0.137227385358832,-0.35391410361298015,-0.6802067267130556,0.1813095685267282,82.57036637457668,82.75167594310341
4.683999999999706,0.13651522140797465,-0.35824650930418783,-0.6644456463623596,0.18577570605951355,82.56637343130886,82.75214913736838
4.685999999999706,0.13579442366105735,-0.36254785887349195,-0.6486591954713709,0.19026358515925085,82.56235310432565,82.75261668948491
4.687999999999706,0.13506505449129466,-0.3668178916322877,-0.6328485188635895,0.19477176879897645,82.55830650091616,82.75307826971513
4.6899999999997055,0.13432717679078915,-0.37105634938377735,-0.6170147616483713,0.1992988182088305,82.55423473297282,82.75353355118165
4.691999999999705,0.13358085396553232,-0.3752629764382696,-0.6011590691403369,0.2038432932817439,82.55013891666934,82.75398220995109
4.693999999999705,0.13282614993037536,-0.37943751962832245,-0.585282586778784,0.20840375297855404,82.54602017213851,82.75442392511707
4.695999999999705,0.1320631291039696,-0.3835797283237291,-0.5693864600471087,0.2129787557324466,82.54187962314946,82.7548583788819
4.697999999999705,0.13129185640367716,-0.3876893544463452,-0.5534718343922378,0.217566859852612,82.53771839678453,82.75528525663714
4.699999999999704,0.13051239724045216,-0.3917661524847556,-0.5375398551440811,0.22216662392700692,82.53353762311633,82.75570424704334
4.701999999999704,0.12972481751369275,-0.3958098795087798,-0.5215916674350104,0.2267766072241146,82.52933843488404,82.75611504210815
4.703999999999704,0.1289291836060643,-0.3998202951838146,-0.5056284161193677,0.23139537009359334,82.52512196717043,82.75651733726403
4.705999999999704,0.12812556237829403,-0.403797161785012,-0.4896512456930139,0.23602147436570942,82.5208893570783,82.75691083144402
4.7079999999997035,0.12731402116393745,-0.40774024421129174,-0.4736613002129162,0.24065348374944287,82.51664174340746,82.7572952271569
4.709999999999703,0.12649462776411693,-0.4116493099991866,-0.45765972321679094,0.24528996422916274,82.51238026633182,82.75767023056098
4.711999999999703,0.1256674504422329,-0.4155241293365188,-0.4416476576427961,0.2499294844597661,82.50810606707674,82.75803555153651
4.713999999999703,0.12483255791864765,-0.41936447507590663,-0.42562624574929153,0.2545706161601699,82.50382028759692,82.75839090375709
4.715999999999703,0.12399001936534237,-0.4231701227480996,-0.4095966290346632,0.259211934505057,82.49952407025481,82.75873600475987
4.717999999999702,0.12313990440054777,-0.42694085057514036,-0.3935599481572245,0.26385201851476875,82.49521855749933,82.7590705760141
4.719999999999702,0.12228228308334843,-0.4306764394833523,-0.3775173428551969,0.268489451443239,82.49090489154575,82.759394342989
4.721999999999702,0.12141722590826146,-0.43437667311615163,-0.36146995186677966,0.27312282116386927,82.48658421405585,82.75970703521972
4.723999999999702,0.1205448037997896,-0.4380413378466816,-0.34541891285031123,0.27775072055323835,82.48225766581925,82.76000838637249
4.7259999999997016,0.11966508810694934,-0.4416702227902682,-0.32936536230453284,0.28237174787254776,82.47792638643554,82.76029813430809
4.727999999999701,0.11877815059777423,-0.44526311981669564,-0.313310435488957,0.28698450714670143,82.47359151399753,82.76057602114423
4.729999999999701,0.11788406345379386,-0.4488198235623001,-0.29725526634435107,0.29158760854091503,82.46925418477552,82.76084179331643
4.731999999999701,0.11698289926448882,-0.45234013144188,-0.2812009874133383,0.2961796687347613,82.4649155329027,82.76109520163746
4.733999999999701,0.11607473102172203,-0.45582384366042206,-0.26514872976112813,0.30075931129354516,82.46057669006221,82.76133600135576
4.7359999999997004,0.11515963211414677,-0.45927076322464067,-0.24909962289637622,0.30532516703691864,82.456238785175,82.76156395221192
4.7379999999997,0.11423767632159194,-0.46268069595433037,-0.23305479469218637,0.30987587440462866,82.45190294408971,82.76177881849434
4.7399999999997,0.11330893780942461,-0.46605345049352864,-0.21701537130725868,0.314410079819311,82.44757028927363,82.76198036909294
4.7419999999997,0.11237349112289059,-0.4693888383214885,-0.20098247710718886,0.3189264380462256,82.44324193950548,82.7621683775517
4.7439999999997,0.11143141118143321,-0.47268667376345896,-0.18495723458592894,0.3234236125498452,82.4389190095701,82.76234262211995
4.745999999999699,0.11048277327299066,-0.4759467740012725,-0.1689407642874141,0.3279002758472002,82.43460260995452,82.76250288580172
4.747999999999699,0.10952765304827249,-0.47916895908373697,-0.15293418472736175,0.3323551098578884,82.43029384654615,82.76264895640404
4.749999999999699,0.10856612651501533,-0.48235305193683176,-0.13693861231525084,0.336786806250655,82.4259938203329,82.76278062658356
4.751999999999699,0.10759827003221867,-0.48549887837370614,-0.12095516127648986,0.34119406678645703,82.42170362710533,82.76289769389179
4.7539999999996985,0.10662416030436053,-0.4886062671044782,-0.10498494357477439,0.34557560365791834,82.41742435716081,82.76299996081873
4.755999999999698,0.10564387437559403,-0.4916750497458335,-0.0890290688346489,0.3499301398250867,82.41315709501004,82.76308723483513
4.757999999999698,0.10465748962392478,-0.49470506083042154,-0.07308864426427342,0.35425640934740876,82.40890291908572,82.76315932843313
4.759999999999698,0.10366508375536973,-0.4976961378160491,-0.05716477457840474,0.3585531577118311,82.40466290145366,82.76321605916549
4.761999999999698,0.10266673479809788,-0.5006481210946685,-0.04125856192159916,0.36281914215695,82.40043810752618,82.76325724968314
4.763999999999697,0.1016625210965531,-0.5035608540011602,-0.0253711057916417,0.3670531319931161,82.39622959577815,82.76328272777127
4.765999999999697,0.10065252130555978,-0.5064341828219073,-0.009503502963210675,0.37125390891841886,82.39203841746568,82.7632923263841
4.767999999999697,0.09963681438441135,-0.5092679568031618,0.006343152588216938,0.37542026733046785,82.38786561634716,82.76328588367763
4.769999999999697,0.09861547959094241,-0.5120620281592002,0.022167769762210132,0.37955101463388446,82.38371222840738,82.76326324304127
4.7719999999996965,0.09758859647558465,-0.5148162520802679,0.0379692604089763,0.38364497154343596,82.37957928158421,82.76322425312765
4.773999999999696,0.09655624487540723,-0.517530486740311,0.05374653940468932,0.3877009723827223,82.3754677954984,82.76316876788111
4.775999999999696,0.09551850490814179,-0.5202045933044932,0.0694985247265496,0.39171786537834813,82.37137878118602,82.76309664656438
4.777999999999696,0.09447545696619267,-0.5228384359364983,0.08522413752756852,0.3956945129495007,82.36731324083419,82.7630077537837
4.779999999999696,0.09342718171063279,-0.5254318818056154,0.1009223022110699,0.39962979199286136,82.36327216751981,82.76290195951267
4.781999999999695,0.09237376006518554,-0.5279848010936067,0.1165919465049029,0.4035225941627783,82.35925654495138,82.76277913911416
4.783999999999695,0.09131527321019314,-0.5304970670013559,0.13223200153535797,0.4073718261466269,82.35526734721422,82.76263917336085
4.785999999999695,0.09025180257657198,-0.5329685557552966,0.14784140190078032,0.41117640993529614,82.35130553851874,82.76248194845404
4.787999999999695,0.08918342983975519,-0.5353991466136185,0.1634190857448734,0.41493528308872163,82.34737207295242,82.76230735604115
4.7899999999996945,0.08811023691362324,-0.5377887218722527,0.17896399482968517,0.41864739899640907,82.34346789423485,82.76211529323126
4.791999999999694,0.08703230594442259,-0.5401371668706308,0.19447507460827296,0.4223117271328785,82.33959393547649,82.76190566260937
4.793999999999694,0.08594971930467311,-0.5424443699972215,0.20995127429703586,0.42592725330796644,82.33575111894098,82.76167837224894
4.795999999999694,0.08486255958706476,-0.5447102226948395,0.2253915469477118,0.4294929799119229,82.33194035581091,82.76143333572284
4.797999999999694,0.08377090959834366,-0.5469346194657284,0.2407948495190313,0.4330079261552476,82.32816254595758,82.76117047211282
4.799999999999693,0.08267485235318844,-0.5491174578764153,0.25616014294802025,0.4364711283031999,82.32441857771403,82.76088970601722
4.801999999999693,0.08157447106807701,-0.5512586385623358,0.27148639222094617,0.43988163990493206,82.32070932765238,82.7605909675573
4.803999999999693,0.08046984915514427,-0.5533580652322296,0.2867725664439015,0.4432385320171857,82.31703566036468,82.76027419238187
4.805999999999693,0.07936107021603132,-0.5554156446723046,0.3020176389130166,0.44654089342250014,82.31339842824775,82.75993932167025
4.8079999999996925,0.07824821803572661,-0.5574312867501692,0.317220587184296,0.44978783084188,82.3097984712921,82.75958630213398
4.809999999999692,0.07713137657639935,-0.5594049044185315,0.3323803931430722,0.4529784691418692,82.30623661687476,82.75921508601662
4.811999999999692,0.07601062997122585,-0.5613364137186653,0.3474960430730696,0.45611195153598993,82.3027136795561,82.7588256310921
4.813999999999692,0.07488606251820909,-0.5632257337836403,0.36256652772507203,0.4591874397804874,82.29923046088115,82.75841790066164
4.815999999999692,0.07375775867399216,-0.5650727868413179,0.3775908423851897,0.46220411436434855,82.2957877491845,82.75799186354885
4.817999999999691,0.07262580304766582,-0.5668774982171104,0.3925679869427142,0.46516117469354157,82.29238631940002,82.75754749409356
4.819999999999691,0.0714902803945709,-0.5686397963365027,0.4074969659575627,0.46805783926943756,82.28902693287449,82.75708477214393
4.821999999999691,0.07035127561009577,-0.5703596127273369,0.42237678872729656,0.47089334586137566,82.28571033718558,82.75660368304695
4.823999999999691,0.06920887372346965,-0.5720368820218579,0.4372064693537161,0.47366695167333134,82.28243726596439,82.75610421763773
4.8259999999996905,0.06806315989155187,-0.5736715419585199,0.4519850268090193,0.47637793350465346,82.27920843872215,82.7555863722268
4.82799999999969,0.0669142193926179,-0.5752635333835534,0.46671148500152104,0.479025587904831,82.27602456068158,82.7550501485864
4.82999999999969,0.06576213762014241,-0.5768128002522915,0.4813848728409279,0.48160923132226396,82.27288632261252,82.75449555393479
4.83199999999969,0.06460700007657998,-0.5783192896302553,0.49600422430315905,0.4841282002470009,82.2697944006723,82.7539226009193
4.83399999999969,0.06344889236714382,-0.5797829516939972,0.5105685784947107,0.4865818513474159,82.26674945625054,82.75333130759795
4.835999999999689,0.06228790019358311,-0.5812037397317036,0.5250769797165562,0.4889695616008003,82.2637521358186,82.7527216974194
4.837999999999689,0.06112410934795928,-0.5825816101435534,0.539528477527576,0.4912907284178391,82.26080307078367,82.7520937992015
4.839999999999689,0.05995760570642193,-0.5839165224418345,0.5539221268075138,0.49354476976095435,82.25790287734745,82.7514476471084
4.841999999999689,0.05878847522298467,-0.5852084392508168,0.5682569878194496,0.49573112425648375,82.25505215636971,82.7507832806262
4.8439999999996886,0.05761680392330152,-0.5864573263063813,0.5825321262717869,0.49784925130068974,82.25225149323641,82.75010074453711
4.845999999999688,0.056442677898444246,-0.587663152455405,0.5967466133797473,0.49989863115956634,82.2495014577326,82.74940008889217
4.847999999999688,0.05526618329868121,-0.5888258896549021,0.6108995259263675,0.501878765062435,82.24680260392024,82.74868136898267
4.849999999999688,0.054087406327258156,-0.5899455129709198,0.6249899463229922,0.5037891752893162,82.24415547002066,82.74794464530997
4.851999999999688,0.052906433234181476,-0.5910220005771893,0.639016962669258,0.505629405252062,82.24156057830196,82.74718998355402
4.8539999999996875,0.051723350310004364,-0.5920553337535329,0.652979668812564,0.5073990195692347,82.23901843497138,82.74641745454062
4.855999999999687,0.05053824387961648,-0.5930454968840242,0.6668771644070222,0.5090976041347361,82.23652953007223,82.74562713420697
4.857999999999687,0.049351200296037484,-0.5939924774549042,0.6807085549718835,0.5107247661801673,82.23409433738605,82.74481910356621
4.859999999999687,0.04816230593421497,-0.5948962660522523,0.6944729519494337,0.5122801343309185,82.23171331433953,82.74399344867045
4.861999999999687,0.04697164718482738,-0.5957568563594104,0.7081694727623549,0.5137633586559934,82.2293869019164,82.74315026057239
4.863999999999686,0.04577931044809222,-0.5965742451541635,0.7217972408705471,0.5151741107115532,82.22711552457429,82.74228963528584
4.865999999999686,0.044585382127580224,-0.5973484323056732,0.7353553858274047,0.5165120835781953,82.22489959016654,82.74141167374474
4.867999999999686,0.04338994862403588,-0.5980794207711679,0.7488430433355442,0.5177769918919609,82.22273948986901,82.74051648176098
4.869999999999686,0.042193096329204816,-0.5987672165923859,0.762259355301977,0.5189685718690793,82.22063559811177,82.73960416998085
4.8719999999996855,0.040994911619668534,-0.5994118288917747,0.7756034698927236,0.5200865813244526,82.21858827251606,82.73867485384051
4.873999999999685,0.03979548085068702,-0.6000132698684457,0.7888745415868641,0.5211307996838972,82.21659785383588,82.73772865351978
4.875999999999685,0.03859489035004966,-0.6005715547938836,0.8020717312300212,0.5221010279901422,82.21466466590495,82.7367656938951
4.877999999999685,0.03739322641193501,-0.601086702007412,0.8151942060872706,0.5229970889026048,82.21278901558847,82.73578610449107
4.879999999999685,0.03619057529077983,-0.6015587329114153,0.8282411398954739,0.5238188266909536,82.21097119273998,82.73479001943093
4.881999999999684,0.034987023195157986,-0.6019876719663166,0.8412117129150322,0.5245661072224761,82.20921147016311,82.73377757738558
4.883999999999684,0.03378265628166958,-0.6023735466853131,0.8541051119810534,0.5252388179432695,82.2075101035787,82.73274892152197
4.885999999999684,0.032577560648840875,-0.6027163876288677,0.8669205305539304,0.5258368678532745,82.20586733159648,82.73170419944975
4.887999999999684,0.03137182233103549,-0.6030162283989599,0.8796571687693266,0.5263601874751718,82.20428337569207,82.73064356316725
4.8899999999996835,0.030165527292377328,-0.6032731056330934,0.8923142334875648,0.5268087288171662,82.2027584401889,82.72956716900607
4.891999999999683,0.0289587614206857,-0.6034870589980642,0.9048909383424136,0.5271824653296846,82.20129271224519,82.72847517757488
4.893999999999683,0.027751610521423206,-0.6036581311834864,0.9173865037892714,0.5274813918560144,82.19988636184586,82.72736775370187
4.895999999999683,0.026544160311656767,-0.6037863678950798,0.9298001571527408,0.5277055245769102,82.19853954179932,82.72624506637624
4.897999999999683,0.02533649641403233,-0.6038718178477168,0.9421311326735919,0.5278549009491971,82.19725238773961,82.7251072886888
4.899999999999682,0.024128704350763718,-0.6039145327582323,0.9543786715551104,0.5279295796384138,82.196025018133,82.72395459777141
4.901999999999682,0.022920869537636106,-0.6039145673379942,0.9665420220088273,0.527929640445513,82.19485753428995,82.72278717473546
4.903999999999682,0.021713077278024583,-0.6038719792852386,0.9786204392996274,0.5278551842276724,82.19375002038177,82.72160520460945
4.905999999999682,0.02050541275692828,-0.6037868292771676,0.9906131857902314,0.5277063328132388,82.19270254346236,82.7204088762756
4.9079999999996815,0.01929796103502055,-0.6036591809618127,1.0025195309850525,0.527483228910858,82.19171515349463,82.71919838240548
4.909999999999681,0.018090807042715634,-0.6034891009496631,1.01433875157342,0.5271860360128195,82.19078788338204,82.71797391939486
4.911999999999681,0.016884035574252318,-0.6032766588050618,1.0260701314721699,0.5268149382926715,82.18992074900483,82.7167356872975
4.913999999999681,0.015677731281795046,-0.6030219270373677,1.0377129618676004,0.526370140497137,82.18911374926105,82.71548388975819
4.915999999999681,0.0144719786695529,-0.6027249810918881,1.049266541256785,0.5258518678323896,82.18836686611272,82.7142187339451
4.91799999999968,0.01326686208791698,-0.6023858993405796,1.0607301754882472,0.5252603658447283,82.18768006463623,82.71294043048096
4.91999999999968,0.012062465727616599,-0.6020047630725205,1.0721031778019894,0.5245959002957065,82.18705329307795,82.71164919337366
4.92199999999968,0.010858873613894758,-0.6015816564841546,1.083384868868875,0.5238587570317584,82.18648648291452,82.71034523994628
4.92399999999968,0.009656169600703368,-0.6011166666693089,1.0945745768293618,0.5230492418483867,82.18597954891747,82.70902879076586
4.9259999999996795,0.008454437364918662,-0.6006098836089847,1.105671637331584,0.5221676803489562,82.18553238922294,82.7077000695719
4.927999999999679,0.007253760400577234,-0.6000614001609255,1.1166753935687828,0.5212144177981511,82.18514488540578,82.70635930320393
4.929999999999679,0.006054222013133194,-0.5994713120489601,1.1275851963160786,0.5201898189701566,82.18481690255832,82.70500672152848
4.931999999999679,0.004855905313736827,-0.5988397178521258,1.1384004039665883,0.5190942679916186,82.18454828937377,82.70364255736538
4.933999999999679,0.0036588932135352545,-0.5981667189935693,1.1491203825668832,0.5179281681794482,82.18433887823389,82.70226704641334
4.935999999999678,0.0024632684179954917,-0.5974524197292304,1.1597445058517861,0.5166919418735231,82.18418848530148,82.700880427175
4.937999999999678,0.0012691134212503678,-0.5966969271363058,1.1702721552785058,0.5153860302643578,82.18409691061707,82.69948294088142
4.939999999999678,7.651050046773096e-05,-0.5959003511014993,1.180702720060108,0.5140108932158024,82.18406393820021,82.69807483141601
4.941999999999678,-0.0011144582897566323,-0.5950628043090548,1.1910355971983213,0.5125670090828359,82.1840893361548,82.69665634523763
4.9439999999996775,-0.00230371112298193,-0.5941844022285779,1.2012701915156758,0.5110548745245224,82.18417285677917,82.69522773130369
4.945999999999677,-0.00349116640648073,-0.5932652631026454,1.2114059156869752,0.509475004312198,82.18431423668005,82.69378924099225
4.947999999999677,-0.004676742786772331,-0.5923055079342039,1.221442190270098,0.5078279311329575,82.18451319689107,82.69234112802403
4.949999999999677,-0.005860359155130725,-0.5913052604737612,1.231378443736131,0.5061142053885116,82.18476944299513,82.69088364838365
4.951999999999677,-0.007041934653066736,-0.59026464720637,1.2412141124988296,0.5043343949894893,82.18508266525122,82.6894170602407
4.953999999999676,-0.008221388677783917,-0.589183797338407,1.2509486409434072,0.5024890851452551,82.18545253872504,82.6879416238703
4.955999999999676,-0.009398640887607808,-0.5880628427841487,1.2605814814546532,0.5005788781493176,82.18587872342394,82.68645760157325
4.957999999999676,-0.010573611207388135,-0.5869019181521444,1.2701120944443753,0.4986043931604055,82.18636086443554,82.68496525759595
4.959999999999676,-0.011746219833873561,-0.5857011607313913,1.2795399483781702,0.4965662659792879,82.18689859207046,82.68346485804975
4.961999999999676,-0.012916387241058591,-0.5844607104773093,1.2888645198015183,0.4944651488214123,82.18749152200903,82.68195667083044
4.963999999999675,-0.014084034185502223,-0.5831807099975209,1.2980852933652045,0.4923017100854491,82.1881392554513,82.68044096553675
4.965999999999675,-0.01524908171161797,-0.5818613045374363,1.307201761850064,0.49007663411780944,82.1888413792717,82.6789180133895
4.967999999999675,-0.016411451156934855,-0.5805026419656459,1.3162134261910523,0.48779062097322984,82.18959746617645,82.67738808714968
4.969999999999675,-0.017571064157329,-0.5791048727591219,1.3251197955006404,0.4854443861714995,82.19040707486526,82.67585146103676
4.9719999999996745,-0.018727842652225442,-0.5776681499882312,1.333920387091534,0.4830386604504094,82.19126975019644,82.67430841064684
4.973999999999674,-0.019881708889769756,-0.5761926293015618,1.342614726498717,0.4805741895150154,82.1921850233554,82.67275921287042
4.975999999999674,-0.021032585431969193,-0.5746784689105638,1.3512023475008212,0.47805173378329596,82.19315241202688,82.67120414581017
4.977999999999674,-0.02218039515980287,-0.5731258295740084,1.3596827921408197,0.47547206812828746,82.19417142057026,82.66964348869854
4.979999999999674,-0.023325061278300734,-0.5715348745822646,1.3680556107460455,0.47283598161678764,82.19524154019865,82.66807752181543
4.981999999999673,-0.024466507321590863,-0.5699057697413987,1.3763203619475366,0.47014427724471414,82.1963622491607,82.66650652640541
4.983999999999673,-0.02560465715791483,-0.568238683357096,1.384476612698706,0.4673977716691993,82.19753301292621,82.66493078459541
4.985999999999673,-0.0267394349946107,-0.5665337862184079,1.3925239382933403,0.46459729493752144,82.19875328437455,82.66335057931207
4.987999999999673,-0.027870765383063375,-0.5647912515813268,1.4004619223829229,0.46174369021295164,82.20002250398602,82.66176619419898
4.9899999999996725,-0.028998573223621902,-0.5630112551521904,1.4082901569932873,0.45883781349761016,82.20134010003684,82.66017791353445
4.991999999999672,-0.030122783770483427,-0.5611939750709174,1.4160082425405998,0.4558805333524243,82.20270548879633,82.65858602214875
4.993999999999672,-0.031243322636543447,-0.5593395918940773,1.423615787846669,0.4528727306142752,82.2041180747276,82.65699080534188
4.995999999999672,-0.03236011579821205,-0.5574482885777959,1.431112410153589,0.4498152981104302,82.20557725069065,82.65539254880109
4.997999999999672,-0.03347308960019578,-0.5555202504604994,1.4384977351377124,0.446709140370346,82.20708239814849,82.65379153851883
4.999999999999671,-0.03458217076024488,-0.5535556652454979,1.4457713969229564,0.44355517333494665,82.20863288737566,82.6521880607106
5.001999999999671,-0.03568728637386549,-0.5515547229834133,1.4529330380934447,0.4403543240634522,82.21022807766978,82.65058240173323
5.003999999999671,-0.03678836391899655,-0.5495176160544496,1.4599823097054816,0.43710753043787337,82.21186731756515,82.64897484800302
5.005999999999671,-0.03788533126065114,-0.5474445391505122,1.4669188712988648,0.4338157408652467,82.21354994504911,82.64736568591435
5.0079999999996705,-0.03897811665552185,-0.5453356892571756,1.4737423909075358,0.43047991397771596,82.21527528778077,82.64575520175849
5.00999999999967,-0.040066648756549986,-0.5431912656355027,1.4804525450695696,0.42710101833055236,82.21704266331199,82.64414368164253
5.01199999999967,-0.0411508566174582,-0.5410114698037183,1.487049018836505,0.42368003209820476,82.21885137931069,82.6425314114089
5.01399999999967,-0.042230669697246426,-0.5387965055187383,1.4935315057820187,0.42021794276848096,82.22070073378626,82.64091867655473
5.01599999999967,-0.04330601786465061,-0.5365465787575575,1.4998997080099408,0.4167157468349521,82.22259001531707,82.63930576215202
5.017999999999669,-0.04437683140256418,-0.5342618976984984,1.506153336161621,0.41317444948767423,82.22451850328012,82.6376929527678
5.019999999999669,-0.04544304101242184,-0.5319426727023224,1.5122921094226387,0.40959506430232995,82.2264854680825,82.63608053238482
5.021999999999669,-0.046504577818545396,-0.529589116293207,1.5183157555288633,0.40597861292787635,82.22849017139491,82.63446878432279
5.023999999999669,-0.04756137337245152,-0.5272014431395906,1.524224010771868,0.40232612477280494,82.23053186638673,82.63285799115953
5.0259999999996685,-0.04861335965712096,-0.5247798700348868,1.5300166200036964,0.3986386366901033,82.23260979796308,82.63124843465319
5.027999999999668,-0.049660469091229106,-0.5223246158780718,1.5356933366409833,0.39491719266101777,82.23472320300344,82.62964039566445
5.029999999999668,-0.05070263453333762,-0.519835901654146,1.5412539226684348,0.3911628434777119,82.23687131060174,82.62803415407946
5.031999999999668,-0.05173978928604682,-0.5173139504144729,1.546698148641668,0.38737664642491937,82.23905334230814,82.62642998873307
5.033999999999668,-0.05277186710010866,-0.5147589872569978,1.5520257936894142,0.3835596649606833,82.24126851237209,82.62482817733277
5.035999999999667,-0.053798802178499985,-0.5121712393063471,1.5572366455150821,0.37971296839628516,82.24351602798681,82.6232289963831
5.037999999999667,-0.05482052918045594,-0.5095509356938135,1.5623305003976942,0.37583763157544914,82.24579508953518,82.62163272111063
5.039999999999667,-0.05583698322546316,-0.5068983075372259,1.5673071631921864,0.37193473455292925,82.24810489083642,82.62003962538934
5.041999999999667,-0.05684809989721262,-0.5042135879207095,1.5721664473290833,0.3680053622725666,82.25044461939441,82.61844998166698
5.0439999999996665,-0.057853815247511924,-0.5014970118743367,1.5769081748135452,0.3640506042449135,82.25281345664675,82.61686406089166
5.045999999999666,-0.05885406580015673,-0.49874881635367146,1.5815321762237926,0.36007155422452697,82.25521057821472,82.61528213243925
5.047999999999666,-0.0598487885547612,-0.4959692402192098,1.5860382907089101,0.3560693098870143,82.25763515415449,82.6137044640415
5.049999999999666,-0.060837920990547245,-0.49315852421571854,1.5904263659860316,0.35204497250593725,82.26008634920872,82.61213132171466
5.051999999999666,-0.06182140107009228,-0.4903169109514748,1.5946962583369095,0.3479996466296609,82.26256332305931,82.61056296968897
5.053999999999665,-0.06279916724303544,-0.48744464487740846,1.5988478326038722,0.34393443975824733,82.26506523058045,82.60899967033869
5.055999999999665,-0.06377115844974193,-0.4845419722661501,1.6028809621851714,0.33985046202048214,82.26759122209255,82.60744168411303
5.057999999999665,-0.06473731412492541,-0.4816091411909865,1.6067955290297196,0.3357488258511336,82.27014044361644,82.60588926946757
5.059999999999665,-0.06569757420122815,-0.47864640150472665,1.610591423631227,0.33163064566852923,82.27271203712839,82.60434268279691
5.0619999999996645,-0.06665187911275895,-0.4756540048184794,1.614268545021735,0.327497037552552,82.27530514081482,82.60280217836737
5.063999999999664,-0.06760016979858836,-0.4726322044803469,1.6178268007645484,0.32334911892313745,82.27791888932816,82.6012680082513
5.065999999999664,-0.06854238770620136,-0.4695812555540339,1.6212661069465772,0.3191880082193724,82.28055241404223,82.5997404222616
5.067999999999664,-0.06947847479490703,-0.46650141479737783,1.6245863881700813,0.31501482457928104,82.28320484330803,82.5982196678873
5.069999999999664,-0.07040837353920537,-0.4633929406407992,1.627787577543826,0.31083068752038895,82.28587530270964,82.59670599023003
5.0719999999996634,-0.0713320269321108,-0.4602560931656771,1.6308696166736523,0.3066367166211575,82.28856291532,82.59519963194116
5.073999999999663,-0.0722493784884324,-0.4570911340826502,1.6338324556524624,0.30243403120337303,82.2912668019567,82.59370083316007
5.075999999999663,-0.07316037224801065,-0.45389832670984687,1.6366760530496243,0.298223750015586,82.29398608143752,82.5922098314531
5.077999999999663,-0.07406495277891068,-0.45067793595104605,1.6394003758998004,0.29400699091768145,82.2967198708358,82.59072686175348
5.079999999999663,-0.07496306518057151,-0.44743022827377094,1.642005399691199,0.28978487056667035,82.29946728573546,82.58925215630214
5.081999999999662,-0.07585465508691176,-0.44415547168731845,1.644491108353257,0.28555850410379063,82.30222744048575,82.58778594458954
5.083999999999662,-0.07673966866939105,-0.44085393572072606,1.6468574942437546,0.2813290048429994,82.30499944845539,82.58632845329839
5.085999999999662,-0.07761805264002745,-0.4375258914006785,1.6491045581353627,0.27709748396094297,82.30778242228634,82.58487990624728
5.087999999999662,-0.07848975425437063,-0.43417161122935666,1.6512323092016317,0.27286505018849144,82.31057547414684,82.58344052433533
5.0899999999996615,-0.07935472131443064,-0.43079136916223065,1.6532407650024197,0.2686328095039155,82.31337771598403,82.58201052548795
5.091999999999661,-0.08021290217156225,-0.42738544058579936,1.6551299514687678,0.264401864827794,82.31618825977544,82.58059012460323
5.093999999999661,-0.08106424572930473,-0.42395410229527863,1.656899902887221,0.26017331571973035,82.3190062177801,82.57917953349983
5.095999999999661,-0.08190870144617689,-0.4204976324722403,1.6585506618836046,0.25594825807695815,82.32183070278852,82.57777896086547
5.097999999999661,-0.08274621933842741,-0.41701631066220424,1.6600822794062495,0.2517277838349185,82.32466082837182,82.57638861220674
5.09999999999966,-0.0835767499827403,-0.41351041775218517,1.6614948147086825,0.2475129806698874,82.32749570912982,82.5750086897997
5.10199999999966,-0.08440024451889541,-0.40998023594819727,1.6627883353317734,0.24330493170372813,82.3303344609381,82.57363939264184
5.10399999999966,-0.08521665465238387,-0.4064260487527176,1.6639629170853487,0.23910471521085078,82.33317620119392,82.57228091640478
5.10599999999966,-0.08602593265697848,-0.4028481409421112,1.6650186440292738,0.23491340432745192,82.33602004906075,82.57093345338821
5.1079999999996595,-0.08682803137725889,-0.39924679854401957,1.6659556084540073,0.23073206676310912,82.33886512571195,82.56959719247506
5.109999999999659,-0.08762290423109145,-0.39562230881471483,1.666773910860628,0.22656176451480708,82.34171055457263,82.56827231908744
5.111999999999659,-0.08841050521206388,-0.3919749602164213,1.6674736599403441,0.22240355358346736,82.34455546156042,82.56695901514388
5.113999999999659,-0.08919078889187444,-0.38830504239460684,1.6680549725534815,0.21825848369305226,82.34739897532468,82.56565745901773
5.115999999999659,-0.08996371042267567,-0.38461284615524566,1.668517973707958,0.2141275980123175,82.35024022748415,82.56436782549646
5.117999999999658,-0.0907292255393727,-0.38089866344205486,1.668862796537248,0.21001193287927952,82.35307835286312,82.5630902857424
5.119999999999658,-0.09148729056187585,-0.3771627873137066,1.6690895822778367,0.2059125175284713,82.3559124897258,82.56182500725427
5.121999999999658,-0.09223786239730787,-0.3734055119210177,1.669198480246172,0.2018303738210497,82.35874178000905,82.56057215383011
5.123999999999658,-0.0929808985421653,-0.36962713248411844,1.669189647815114,0.19776651597782435,82.36156536955347,82.5593318855313
5.1259999999996575,-0.09371635708443432,-0.3658279452696036,1.66906325038989,0.19372195031527337,82.36438240833236,82.55810435864764
5.127999999999657,-0.09444419670566076,-0.36200824756766575,1.6688194613835505,0.18969767498460885,82.36719205067907,82.55688972566368
5.129999999999657,-0.09516437668297446,-0.3581683376692143,1.6684584621919392,0.18569467971395748,82.3699934555123,82.55568813522626
5.131999999999657,-0.09587685689106781,-0.3543085148429816,1.6679804421681732,0.18171394555371753,82.37278578655936,82.55449973211309
5.133999999999657,-0.09658159780412849,-0.35042907931261746,1.6673855985966415,0.17775644462515353,82.37556821257746,82.55332465720262
5.135999999999656,-0.09727856049772637,-0.346530332233775,1.6666741366665199,0.1738231398722884,82.37833990757278,82.55216304744506
5.137999999999656,-0.09796770665065466,-0.34261257567118825,1.6658462694448137,0.1699149848171527,82.38110005101744,82.5510150358346
5.139999999999656,-0.09864899854672507,-0.3386761125757446,1.664902217848923,0.16603292331844657,82.38384782806426,82.5498807513827
5.141999999999656,-0.09932239907651727,-0.33472124676155307,1.6638422106187398,0.1621778893336733,82.38658242975919,82.54876031909286
5.1439999999996555,-0.09998787173908233,-0.3307482828830103,1.662666484288279,0.15835080668479726,82.38930305325155,82.54765385993635
5.145999999999655,-0.10064538064360042,-0.32675752641186595,1.6613752831568438,0.15455258882748132,82.39200890200165,82.54656149082913
5.147999999999655,-0.10129489051099254,-0.3227492836142896,1.6599688592597361,0.1507841386239572,82.39469918598618,82.54548332461015
5.149999999999655,-0.10193636667548647,-0.31872386152794024,1.6584474723385045,0.14704634811957754,82.39737312190115,82.54441947002073
5.151999999999655,-0.10256977508613681,-0.31468156793904034,1.6568113898107453,0.14334009832310274,82.40002993336212,82.54337003168523
5.153999999999654,-0.10319508230829917,-0.31062271135945624,1.6550608867394487,0.1396662589907699,82.40266885110208,82.54233511009285
5.155999999999654,-0.1038122555250586,-0.3065476010037862,1.653196245801904,0.13602568841419221,82.40528911316643,82.54131480158063
5.157999999999654,-0.1044212625386121,-0.3024565467664578,1.6512177572581583,0.13241923321213336,82.40788996510577,82.5403091983179
5.159999999999654,-0.10502207177160541,-0.2983498591988364,1.6491257189190365,0.128847728126206,82.41047066016529,82.53931838829149
5.1619999999996535,-0.10561465226842402,-0.29422784948634617,1.6469204361137268,0.12531199582053276,82.41303045947221,82.53834245529275
5.163999999999653,-0.1061989736964384,-0.2900908294256052,1.6446022216569325,0.12181284668541771,82.41556863221979,82.5373814789052
5.165999999999653,-0.10677500634720354,-0.285939111401576,1.6421713958155943,0.11835107864506525,82.41808445584878,82.53643553449385
5.167999999999653,-0.10734272113761284,-0.2817730083647333,1.6396282862751874,0.11492747696938874,82.42057721622601,82.53550469319539
5.169999999999653,-0.10790208961100631,-0.2775928338082503,1.6369732281055949,0.11154281408994697,82.42304620781997,82.53458902190991
5.171999999999652,-0.10845308393823314,-0.27339890174520504,1.6342065637265637,0.10819784942004493,82.42549073387356,82.53368858329361
5.173999999999652,-0.10899567691866875,-0.2691915266858082,1.6313286428727416,0.10489332917903667,82.42791010657369,82.53280343575273
5.175999999999652,-0.10952984198118637,-0.26497102361465374,1.6283398225583041,0.10162998622086325,82.43030364721803,82.53193363343888
5.177999999999652,-0.11005555318508298,-0.2607377079679938,1.625240467041171,0.09840853986686002,82.43267068637851,82.53107922624538
5.1799999999996515,-0.11057278522095998,-0.25649189561103924,1.6220309477868173,0.09522969574286508,82.43501056406191,82.53024025980477
5.181999999999651,-0.11108151341155846,-0.2522339028152876,1.6187116434316782,0.0920941456206598,82.43732262986728,82.52941677548795
5.183999999999651,-0.11158171371254909,-0.2479640462358787,1.6152829397461597,0.08900256726377147,82.4396062431399,82.52860881040368
5.185999999999651,-0.11207336271327678,-0.24368264288898042,1.6117452295972483,0.08595562427766401,82.44186077312274,82.5278163974004
5.187999999999651,-0.1125564376374602,-0.2393900101292054,1.6080989129107288,0.08295396596434715,82.4440855991037,82.52703956506805
5.1899999999996504,-0.11303091634384607,-0.23508646562705993,1.6043443966330129,0.07999822718142548,82.44628011056069,82.52627833774211
5.19199999999965,-0.11349677732681844,-0.2307723273464263,1.6004820946925806,0.07708902820561543,82.44844370730252,82.52553273550814
5.19399999999965,-0.11395399971696298,-0.22644791352208005,1.596512427961037,0.07422697460074994,82.45057579960697,82.52480277420771
5.19599999999965,-0.1144025632815863,-0.22211354263724314,1.59243582421379,0.07141265709029422,82.45267580835538,82.52408846544567
5.19799999999965,-0.11484244842519042,-0.2177695334011744,1.5882527180903492,0.06864665143439212,82.45474316516398,82.52338981659837
5.199999999999649,-0.11527363618990252,-0.21341620472679815,1.5839635510542531,0.06592951831146224,82.45677731251159,82.52270683082305
5.201999999999649,-0.11569610825585988,-0.20905387570837278,1.5795687713526214,0.06326180320436114,82.45877770386417,82.52203950706853
5.203999999999649,-0.11610984694155026,-0.20468286559919968,1.5750688339753443,0.06064403629113024,82.4607438037958,82.52138784008693
5.205999999999649,-0.11651483520410777,-0.20030349378937418,1.570464200613902,0.05807673234034117,82.46267508810624,82.52075182044658
5.2079999999996485,-0.11691105663956425,-0.19591607978357947,1.565755339619826,0.0555603906110533,82.46457104393501,82.52013143454606
5.209999999999648,-0.11729849548305622,-0.19152094317892462,1.5609427259628015,0.05309549475739605,82.46643116987192,82.51952666462932
5.211999999999648,-0.11767713660898771,-0.1871184036428277,1.5560268411884115,0.050682512737786505,82.46825497606429,82.51893748880207
5.213999999999648,-0.1180469655311487,-0.18270878089094514,1.5510081733755325,0.048321896728792946,82.47004198432025,82.51836388104904
5.215999999999648,-0.11840796840278962,-0.17829239466514848,1.5458872170933773,0.046014083043651816,82.4717917282089,82.51780581125256
5.217999999999647,-0.11876013201665185,-0.1738695647115493,1.5406644733581931,0.0437594920554464,82.47350375315665,82.51726324521209
5.219999999999647,-0.11910344380495418,-0.1694406107585736,1.5353404495896172,0.04155852812495185,82.47517761654017,82.51673614466512
5.221999999999647,-0.1194378918393356,-0.16500585249508656,1.529915659566689,0.03941157953315275,82.47681288777545,82.5162244673086
5.223999999999647,-0.1197634648307544,-0.16056560954856852,1.5243906233835292,0.03731901841843525,82.47840914840361,82.51572816682204
5.2259999999996465,-0.12008015212934352,-0.1561202014633434,1.5187658674046811,0.03528120071845646,82.47996599217288,82.51524719289134
5.227999999999646,-0.12038794372422262,-0.15166994767886044,1.5130419242201218,0.03329846611669217,82.48148302511693,82.51478149123362
5.229999999999646,-0.1206868302432666,-0.14721516750803,1.507219332599947,0.03137113799366199,82.48295986562971,82.51433100362337
5.231999999999646,-0.1209768029528309,-0.1427561801156147,1.501298637448726,0.029499523382830597,82.48439614453657,82.5138956679194
5.233999999999646,-0.12125785375743374,-0.13829330449667665,1.4952803897595386,0.027683912931182133,82.48579150516166,82.51347541809284
5.235999999999645,-0.12152997519939508,-0.13382685945508158,1.4891651465676907,0.025924580864463507,82.48714560339178,82.51307018425625
5.237999999999645,-0.1217931604584329,-0.1293571635820609,1.482953470904114,0.02422178495709141,82.48845810773649,82.51267989269358
5.239999999999645,-0.1220474033512165,-0.12488453523483264,1.4766459317484508,0.022575766506716336,82.48972869938467,82.51230446589139
5.241999999999645,-0.12229269833087714,-0.12040929251528193,1.4702431039818302,0.020986750313435946,82.49095707225709,82.51194382257053
5.2439999999996445,-0.12252904048647613,-0.11593175324870199,1.4637455683393354,0.019454944663648506,82.49214293305586,82.51159787771951
5.245999999999644,-0.12275642554243046,-0.1114522349625966,1.4571539113621652,0.01798054131853665,82.49328600130953,82.51126654262806
5.247999999999644,-0.12297484985789604,-0.10697105486554463,1.450468725349498,0.016563715507169622,82.49438600941512,82.5109497249223
5.249999999999644,-0.12318431042610879,-0.10248852982612768,1.4436906083100496,0.01520462592421169,82.49544270267603,82.51064732860024
5.251999999999644,-0.12338480487368364,-0.09800497635192147,1.4368201639133433,0.013903414732222919,82.49645583933656,82.51035925406879
5.253999999999643,-0.12357633145987157,-0.09352071056855202,1.4298580014406794,0.012660207568537439,82.49742519061252,82.51008539818106
5.255999999999643,-0.1237588890757748,-0.08903604819881707,1.4228047357358198,0.011475113556702955,82.49835054071842,82.50982565427512
5.257999999999643,-0.12393247724352037,-0.0845513045418739,1.415660987155382,0.010348225322464601,82.49923168689077,82.50957991221323
5.259999999999643,-0.12409709611539205,-0.08006679445249404,1.4084273815189514,0.009279619014274442,82.50006843940785,82.50934805842213
5.2619999999996425,-0.1242527464729209,-0.0755828323203858,1.4011045500589083,0.008269354328307423,82.50086062160574,82.50912997593404
5.263999999999642,-0.12439942972593457,-0.0710997320495853,1.3936931293699804,0.0073174745379629555,82.5016080698908,82.50892554442876
5.265999999999642,-0.12453714791156535,-0.06661780703791681,1.3861937613585162,0.006424006527830565,82.50231063374842,82.50873464027626
5.267999999999642,-0.12466590369321734,-0.06213737015652302,1.378607093191487,0.0055889608320967114,82.5029681757481,82.5085571365802
5.269999999999642,-0.12478570035949259,-0.05765873372946624,1.3709337772452195,0.004812331677368881,82.503580571545,82.50839290322237
5.271999999999641,-0.12489654182307669,-0.05318220951340091,1.3631744710538585,0.004094097029892004,82.50414770987803,82.50824180690792
5.273999999999641,-0.12499843261958365,-0.04870810867731844,1.3553298372575688,0.003434218647131139,82.50466949256378,82.50810371121091
5.275999999999641,-0.12509137790636043,-0.044236741782364884,1.3474005435504735,0.0028326421336932347,82.5051458344876,82.5079784766213
5.277999999999641,-0.12517538346125104,-0.03976841876173237,1.3393872626283343,0.002289297001559938,82.5055766635905,82.50786596059206
5.2799999999996405,-0.12525045568132068,-0.035303448900624756,1.331290672135975,0.0018040967346021268,82.50596192085278,82.50776601758739
5.28199999999964,-0.1253166015815398,-0.03084214081629838,1.3231114546144562,0.0013769388573460098,82.50630156027414,82.50767849913149
5.28399999999964,-0.1253738287934282,-0.02638480243817855,1.3148502974479945,0.0010077050079595393,82.50659554885,82.50760325385797
5.28599999999964,-0.12542214556365977,-0.021931740988052454,1.306507892810639,0.0006962610154268772,82.50684386654464,82.50754012756006
5.28799999999964,-0.12546156075262724,-0.01748326296033916,1.2980849376127026,0.000442456980877696,82.50704650626058,82.50748896324146
5.289999999999639,-0.12549208383296792,-0.01303967410243744,1.2895821334469508,0.00024612736303707833,82.50720347380462,82.50744960116766
5.291999999999639,-0.12551372488805004,-0.008601279395152057,1.2810001865345542,0.00010709106776083853,82.50731478785033,82.5074218789181
5.293999999999639,-0.1255264946104201,-0.0041683830331991824,1.2723398076708046,2.515154162011284e-05,82.50738047989715,82.50740563143877
5.295999999999639,-0.1255304043002112,0.0002587115942083631,1.2636017121705994,9.686949813076158e-08,82.50740059422614,82.50740069109564
5.2979999999996386,-0.1255254658635128,0.004679701922695373,1.2547866198136954,3.1699876161140326e-05,82.50737518785215,82.50740688772831
5.299999999999638,-0.12551169181070163,0.009094286231977375,1.245895254789737,0.00011971823176454143,82.50730433047278,82.50742404870454
5.301999999999638,-0.12548909525473448,0.013502163665031939,1.2369283456430615,0.0002638945612543724,82.5071881044139,82.50745199897516
5.303999999999638,-0.12545768990940248,0.01790303424718749,1.2278866252172809,0.00046395655762339734,82.5070266045719,82.50749056112953
5.305999999999638,-0.12541749008754746,0.022296598905128997,1.2187708305996496,0.0007196170989801592,82.50681993835249,82.50753955545147
5.3079999999996375,-0.12536851069924024,0.026682559485819858,1.2095817030652165,0.0010305743693884938,82.50656822560659,82.50759879997598
5.309999999999637,-0.12531076724992124,0.03106061877533932,1.2003199880207627,0.0013965119834341364,82.50627159856236,82.5076681105458
5.311999999999637,-0.12524427583850356,0.03543048051763478,1.1909864349485337,0.0018170991144742144,82.50593020175468,82.50774730086916
5.313999999999637,-0.12516905315543847,0.03979184943318834,1.181581797349766,0.002291990626524587,82.50554419195089,82.50783618257742
5.315999999999637,-0.12508511648074383,0.04414443123759686,1.172106832688008,0.0028208272097391624,82.5051137380737,82.50793456528345
5.317999999999636,-0.12499248368199528,0.04848793266006501,1.1625623023322447,0.003403235519434531,82.50463902112081,82.50804225664024
5.319999999999636,-0.12489117321228071,0.0528220614618105,1.152948971499823,0.0040388283186124675,82.50412023408143,82.50815906240004
5.321999999999636,-0.12478120410811784,0.05714652645438095,1.1432676091991862,0.004727204623932038,82.50355758184976,82.5082847864737
5.323999999999636,-0.12466259598733533,0.061461037517881636,1.1335189881724164,0.005467949855082331,82.50295128113548,82.50841923099057
5.3259999999996355,-0.12453536904691752,0.06576530561911356,1.12370388483759,0.0062606359875060765,82.50230156037101,82.50856219635851
5.327999999999635,-0.12439954406081302,0.07005904282962112,1.113823079230948,0.007104821708423592,82.50160865961605,82.50871348132448
5.329999999999635,-0.12425514237770721,0.07434196234364868,1.1038773549488878,0.008000052576105945,82.50087283045906,82.50887288303517
5.331999999999635,-0.124102185918759,0.07861377849600543,1.0938674990897748,0.008945861182345314,82.50009433591566,82.509040197098
5.333999999999635,-0.1239406971753019,0.08287420677983792,1.0837943021955794,0.009941767318069962,82.4992734503246,82.50921521764266
5.335999999999634,-0.12377069920650965,0.08712296386430946,1.073658558193343,0.010987278142050595,82.49841045924028,82.50939773738233
5.337999999999634,-0.12359221563702663,0.09135976761218575,1.0634610643364777,0.012081888352643974,82.49750565932304,82.50958754767568
5.339999999999634,-0.1234052706545631,0.09558433709732628,1.0532026211458947,0.013225080362519341,82.4965593582263,82.50978443858882
5.341999999999634,-0.12320988900745565,0.09979639262208038,1.0428840323509785,0.014416324476312293,82.49557187448109,82.5099881989574
5.3439999999996335,-0.12300609600219291,0.10399565573458773,1.0325061048303956,0.015655079071150248,82.49454353737794,82.51019861644909
5.345999999999633,-0.12279391750090672,0.10818184924598227,1.0220696485527536,0.016940790779993057,82.49347468684596,82.51041547762595
5.347999999999633,-0.12257337991882908,0.11235469724749905,1.0115754765171026,0.018272894677731605,82.49236567332953,82.51063856800727
5.349999999999633,-0.12234451022171486,0.11651392512748322,1.0010244046932928,0.019650814469986778,82.49121685766228,82.51086767213226
5.351999999999633,-0.12210733592323071,0.12065925958830044,0.9904172519621822,0.0210739626845507,82.49002861093835,82.5111025736229
5.353999999999632,-0.1218618850823102,0.12479042866314816,0.9797548400557062,0.02254174086541112,82.48880131438163,82.51134305524704
5.355999999999632,-0.12160818630047543,0.1289071617327669,0.9690379934968056,0.024053539769300122,82.48753535921203,82.51158889898133
5.357999999999632,-0.12134626871912527,0.1330091895420509,0.9582675395392205,0.025608739564706908,82.4862311465097,82.5118398860744
5.359999999999632,-0.12107616201679061,0.13709624421655753,0.9474443081071509,0.027206710033294633,82.48488908707668,82.51209579710998
5.3619999999996315,-0.12079789640635659,0.14116805927891438,0.9365691317347911,0.028846810773660296,82.4835096012964,82.51235641207006
5.363999999999631,-0.1205115026322521,0.1452243696651239,0.925642845505737,0.03052839140737636,82.48209311899066,82.51262151039803
5.365999999999631,-0.12021701196760691,0.14926491174076428,0.9146662869922733,0.03225079178725275,82.48064007927461,82.51289087106186
5.367999999999631,-0.11991445621137632,0.15328942331708625,0.9036402961945404,0.0340133422077565,82.47915093040938,82.51316427261713
5.369999999999631,-0.11960386768543388,0.15729764366700483,0.8925657154795907,0.035815363617526796,82.47762612965262,82.51344149327015
5.37199999999963,-0.11928527923163211,0.1612893135409854,0.8814433895203291,0.037656167833922366,82.47606614310699,82.5137223109409
5.37399999999963,-0.11895872420883165,0.16526417518282338,0.8702741652343502,0.03953505775953769,82.47447144556652,82.51400650332606
5.37599999999963,-0.1186242364898989,0.16922197234531663,0.8590588917226697,0.04145132760062433,82.47284252036089,82.51429384796151
5.37799999999963,-0.11828185045867243,0.17316245030583005,0.8477984202083555,0.0434042630873534,82.47117985919792,82.51458412228527
5.3799999999996295,-0.11793160100689841,0.17708535588175134,0.8364936039750642,0.04539314169585413,82.46948396200408,82.51487710369993
5.381999999999629,-0.11757352353113518,0.18099043744583737,0.8251452983054814,0.04741723287196461,82.46775533676303,82.515172569635
5.383999999999629,-0.11720765392962726,0.18487744494145036,0.813754360419677,0.04947579825662852,82.46599449935253,82.51547029760916
5.385999999999629,-0.11683402859914903,0.18874612989768308,0.8023216494133719,0.05156809191287343,82.46420197337932,82.51577006529219
5.387999999999629,-0.11645268443181822,0.19259624544437218,0.790848026196124,0.053693360554304265,82.46237829001262,82.51607165056693
5.389999999999628,-0.11606365881187952,0.19642754632699916,0.7793343534294379,0.05585084377504625,82.46052398781562,82.51637483159067
5.391999999999628,-0.1156669896124585,0.2002397889214778,0.7677814954647969,0.058039774281071155,82.45863961257555,82.51667938685662
5.393999999999628,-0.11526271519228602,0.20403273124882776,0.7561903182816293,0.06025937812284025,82.45672571713212,82.51698509525495
5.395999999999628,-0.11485087439239351,0.2078061329897329,0.7445616894252046,0.0625088749291974,82.4547828612044,82.51729173613359
5.3979999999996275,-0.11443150653277913,0.2115597554989844,0.7328964779444693,0.06478747814244552,82.4528116112164,82.51759908935885
5.399999999999627,-0.11400465140904524,0.21529336181980682,0.7211955543298225,0.06709439525453914,82.45081254012089,82.51790693537544
5.401999999999627,-0.11357034928900732,0.21900671669806734,0.7094597904508386,0.06942882804432626,82.44878622722224,82.51821505526657
5.403999999999627,-0.11312864090927457,0.22269958659636663,0.6976900594939384,0.07178997281577157,82.44673325799762,82.51852323081339
5.405999999999627,-0.11267956747180248,0.2263717397080108,0.6858872359000124,0.07417702063709429,82.44465422391717,82.51883124455426
5.407999999999626,-0.1122231706404175,0.23002294597086376,0.6740521953020031,0.07658915758075233,82.4425497222628,82.51913887984355
5.409999999999626,-0.11175949253731422,0.23365297708107874,0.6621858144624474,0.07902556496420579,82.44042035594589,82.5194459209101
5.411999999999626,-0.1112885757395252,0.23726160650670877,0.6502889712109848,0.08148541959139123,82.43826673332387,82.51975215291526
5.413999999999626,-0.11081046327536359,0.24084860950119466,0.6383625443818344,0.08396789399484006,82.43608946801577,82.5200573620106
5.415999999999626,-0.11032519862083905,0.24441376311673002,0.6264074137512465,0.0864721566783715,82.4338891787167,82.52036133539507
5.417999999999625,-0.10983282569604691,0.24795684621750244,0.6144244599749304,0.08899737236029427,82.43166648901145,82.52066386137174
5.419999999999625,-0.10933338886153116,0.2514776394928099,0.6024145645254642,0.09154270221704719,82.4294220271871,82.52096472940414
5.421999999999625,-0.10882693291462113,0.25497592547005143,0.5903786096296917,0.09410730412721226,82.42715642604495,82.52126373017215
5.423999999999625,-0.10831350308574245,0.258451488527592,0.5783174782061085,0.09669033291583111,82.42487032271143,82.52156065562725
5.4259999999996245,-0.10779314503470235,0.26190411490749904,0.5662320538022406,0.09929094059895871,82.42256435844847,82.52185529904743
5.427999999999624,-0.10726590484694966,0.2653335927281521,0.5541232205320253,0.10190827662838417,82.42023917846305,82.52214745509143
5.429999999999624,-0.10673182902980967,0.26873971199672253,0.5419918630131925,0.10454148813645332,82.41789543171623,82.52243691985268
5.431999999999624,-0.10619096450869417,0.27212226462152395,0.5298388663046516,0.10718972018092399,82.41553377073154,82.52272349091247
5.433999999999624,-0.10564335862328697,0.2754810444242318,0.5176651158438937,0.10985211598978692,82.41315485140285,82.52300696739263
5.435999999999623,-0.10508905912370503,0.2788158471519714,0.5054714973844061,0.1125278172059855,82.4107593328017,82.52328715000769
5.437999999999623,-0.10452811416663563,0.2821264704892735,0.49325889693310754,0.11521596413196566,82.4083478769844,82.52356384111636
5.439999999999623,-0.10396057231144967,0.2854127140698969,0.4810282006878094,0.1179156959739906,82.40592114879864,82.52383684477263
5.441999999999623,-0.10338648251629158,0.2886743794885166,0.46878029497470286,0.1206261510861526,82.40347981568976,82.52410596677592
5.4439999999996225,-0.10280589413414584,0.29191127031227726,0.4565160661858827,0.12334646721401514,82.40102454750685,82.52437101472087
5.445999999999622,-0.10221885690888069,0.2951231920922105,0.44423640071690396,0.12607578173781886,82.39855601630866,82.52463179804649
5.447999999999622,-0.10162542097126899,0.2983099523745158,0.43194218490438585,0.12881323191518623,82.39607489616925,82.52488812808444
5.449999999999622,-0.10102563683498676,0.30147136071170366,0.4196343049636583,0.13155795512325688,82.39358186298368,82.52513981810694
5.451999999999622,-0.10041955539258954,0.3046072286736003,0.4073136469264602,0.13430908910019038,82.39107759427358,82.52538668337377
5.453999999999621,-0.09980722791146686,0.30771736985821324,0.39498109657869473,0.1370657721859683,82.38856276899283,82.52562854117879
5.455999999999621,-0.09918870602977513,0.3108015999024566,0.3826375393982421,0.13982714356243323,82.38603806733315,82.52586521089557
5.457999999999621,-0.09856404175234926,0.31385973649273524,0.3702838604928381,0.14259234349249772,82.38350417052999,82.52609651402248
5.459999999999621,-0.0979332874465932,0.31689159937538736,0.35792094453802203,0.14536051355846,82.38096176066848,82.52632227422694
5.4619999999996205,-0.09729649583834973,0.31989701036698404,0.34554967571515727,0.14813079689936134,82.3784115204897,82.52654231738907
5.46399999999962,-0.09665372000774988,0.32287579336448535,0.3331709376495293,0.1509023384473228,82.3758541331971,82.52675647164442
5.46599999999962,-0.09600501338504207,0.32582777435525206,0.32078561334852806,0.15367428516279572,82.37329028226345,82.52696456742625
5.46799999999962,-0.09535042974640144,0.32875278142691183,0.3083945851399166,0.15644578626866548,82.37072065123802,82.52716643750668
5.46999999999962,-0.0946900232097196,0.3316506447770794,0.2959987346101908,0.15921599348314422,82.36814592355424,82.52736191703738
5.471999999999619,-0.09402384823037505,0.33452119672292985,0.2835989425430372,0.1619840612513909,82.36556678233799,82.52755084358938
5.473999999999619,-0.09335195959698459,0.3373642717106239,0.2711960888578907,0.16474914697579776,82.36298391021612,82.52773305719191
5.475999999999619,-0.09267441242713612,0.3401797063245845,0.25879105254859813,0.16751041124488025,82.36039798912601,82.52790840037089
5.477999999999619,-0.0919912621631029,0.3429673392966241,0.24638471162219222,0.1702670180607115,82.35780970012547,82.52807671818618
5.4799999999996185,-0.09130256456753981,0.34572701151492136,0.23397794303778074,0.1730181350648408,82.35521972320332,82.52823785826816
5.481999999999618,-0.09060837571916179,0.34845856603284675,0.2215716226455554,0.17576293376263508,82.35262873709095,82.5283916708536
5.483999999999618,-0.08990875200840473,0.35116184807763634,0.20916662512592443,0.17850058974598534,82.35003741907458,82.52853800882056
5.485999999999618,-0.0892037501330692,0.3538367050589125,0.19676382392877467,0.18123028291431992,82.34744644480833,82.52867672772264
5.487999999999618,-0.08849342709394735,0.35648298657705124,0.184364091212867,0.18395119769386467,82.34485648812822,82.52880768582207
5.489999999999617,-0.08777784019043307,0.3591005444313949,0.17196829778537104,0.1866625232550949,82.34226822086721,82.5289307441223
5.491999999999617,-0.08705704701611608,0.3616892326283098,0.15957731304154088,0.18936345372832064,82.33968231267112,82.52904576639943
5.493999999999617,-0.08633110545435989,0.364248907389088,0.1471920049045411,0.19205318841734845,82.33709943081575,82.5291526192331
5.495999999999617,-0.08560007367386424,0.36677942715769174,0.13481323976542292,0.1947309320111664,82.33452024002497,82.52925117203614
5.4979999999996165,-0.0848640101242121,0.3692806526083411,0.12244188242325893,0.19739589479359493,82.33194540229007,82.52934129708368
5.499999999999616,-0.08412297353140176,0.37175244665294255,0.1100787960254388,0.20004729285085088,82.32937557669024,82.5294228695411
5.501999999999616,-0.0833770228933641,0.374194674448359,0.09772484200813247,0.2026843482769691,82.3268114192144,82.52949576749137
5.503999999999616,-0.08262621747546563,0.3766072034035197,0.08538088003692301,0.20530628937703105,82.32425358258423,82.52955987196127
5.505999999999616,-0.08187061680599732,0.3789899031863697,0.0730477679476168,0.20791235086814627,82.32170271607859,82.52961506694673
5.507999999999615,-0.08111028067164978,0.38134264573065774,0.060726361687233776,0.2105017740781364,82.31915946535932,82.52966123943746
5.509999999999615,-0.08034526911297504,0.3836653052425625,0.04841751525518234,0.21307380714186863,82.3166244722985,82.52969827944037
5.511999999999615,-0.07957564241983515,0.3859577582071557,0.03612208064462541,0.2156277051951923,82.31409837480724,82.52972608000243
5.513999999999615,-0.07880146112683811,0.3882198833947022,0.023840907784040133,0.21816273056642518,82.31158180666588,82.5297445372323
5.5159999999996145,-0.07802278600876131,0.39045156186679514,0.01157484447897672,0.22067815296534452,82.30907539735585,82.5297535503212
5.517999999999614,-0.0772396780759629,0.39265267698232725,-0.0006752636459771422,0.22317324966963079,82.30657977189317,82.5297530215628
5.519999999999614,-0.07645219856978136,0.3948231144032959,-0.012908573205025586,0.225647305708723,82.30409555066359,82.52974285637231
5.521999999999614,-0.07566040895792361,0.3969627621004424,-0.025124243108778255,0.228099614045033,82.30162334925933,82.52972296330437
5.523999999999614,-0.07486437092984206,0.39907151035872407,-0.03732143462164872,0.23052947575247806,82.29916377831782,82.5296932540703
5.525999999999613,-0.07406414639210082,0.4011492517826194,-0.049499311419027525,0.23293620019228528,82.29671744336193,82.52965364355421
5.527999999999613,-0.07325979746373153,0.4031958813012646,-0.06165703964423064,0.23531910518602378,82.29428494464231,82.52960404982834
5.529999999999613,-0.072451386471579,0.4052112961734219,-0.07379378796521396,0.23767751718582375,82.29186687698137,82.5295443941672
5.531999999999613,-0.07163897594563724,0.4071953959922781,-0.08590872763105373,0.2400107714417372,82.28946382961944,82.52947460106117
5.533999999999613,-0.07082262861437587,0.40914808269007386,-0.09800103252818382,0.24231821216620367,82.28707638606245,82.52939459822865
5.535999999999612,-0.07000240740005753,0.4110692605425618,-0.110069879236389,0.24459919269557584,82.28470512393223,82.5293043166278
5.537999999999612,-0.0691783754140466,0.4129588361732944,-0.12211444708454833,0.24685307564867004,82.28235061481821,82.52920369046689
5.539999999999612,-0.06835059595210945,0.4148167185577396,-0.13413391820612275,0.2490792330823004,82.28001342413164,82.52909265721394
5.541999999999612,-0.0675191324897066,0.41664281902722505,-0.1461274775943847,0.25127704664376116,82.27769411096165,82.52897115760541
5.5439999999996115,-0.06668404867727727,0.41843705127270914,-0.1580943131573841,0.2534459077202182,82.27539322793362,82.52883913565384
5.545999999999611,-0.06584540833551644,0.42019933134837945,-0.17003361577264553,0.25558521758497743,82.2731113210696,82.52869653865459
5.547999999999611,-0.06500327545064497,0.4219295776750773,-0.18194457934159447,0.2576943875405935,82.27084892965111,82.5285433171917
5.549999999999611,-0.06415771416967302,0.4236277110435486,-0.19382640084370495,0.25977283905878407,82.2686065860839,82.52837942514269
5.551999999999611,-0.06330878879565714,0.4252936546175199,-0.20567828039036706,0.2618200039171196,82.26638481576542,82.52820481968254
5.55399999999961,-0.062456563782951405,0.42692733393659976,-0.21749942127846833,0.263835324332456,82.26418413695413,82.52801946128659
5.55599999999961,-0.06160110373245285,0.42852867691900487,-0.2292890300436855,0.2658182530910781,82.26200506064154,82.52782331373263
5.55799999999961,-0.060742473386841724,0.4300976138641101,-0.24104631651348118,0.26776825367552604,82.2598480904264,82.52761634410193
5.55999999999961,-0.059880737625816756,0.431634077454823,-0.252770493859803,0.26968480038807496,82.25771372239144,82.52739852277952
5.5619999999996095,-0.059015961461325886,0.43313800275978137,-0.26446077865147843,0.27156737847084117,82.2556024449824,82.52716982345324
5.563999999999609,-0.05814821003279274,0.4346093272353741,-0.2761163909063039,0.27341548422248574,82.25351473888976,82.52693022311225
5.565999999999609,-0.05727754860233927,0.43604799072758527,-0.28773655414282084,0.2752286251114949,82.25145107693263,82.52667970204412
5.567999999999609,-0.05640404255000489,0.43745393547366035,-0.29932049543177786,0.2770063198860056,82.24941192394552,82.52641824383151
5.569999999999609,-0.0555277573689624,0.43882710610359493,-0.31086744544727185,0.2787480986801602,82.24739773666742,82.52614583534758
5.571999999999608,-0.054648758660731184,0.4401674496414454,-0.3223766385175658,0.28045350311696143,82.2454089636336,82.52586246675055
5.573999999999608,-0.053767112130387935,0.44147491550646134,-0.333847312675579,0.28212208640761,82.24344604506986,82.52556813147747
5.575999999999608,-0.052882883581775265,0.4427494555140395,-0.3452787097090433,0.28375341344730504,82.24150941278957,82.52526282623687
5.577999999999608,-0.05199613891270863,0.443991023876499,-0.35667007521032634,0.285347060907482,82.23959949009333,82.52494655100081
5.5799999999996075,-0.05110694411018185,0.445199577203678,-0.3680206586259118,0.2869026173244804,82.23771669167114,82.52461930899563
5.581999999999607,-0.05021536524557166,0.4463750745033505,-0.37932971330553744,0.2884196831846121,82.23586142350753,82.52428110669214
5.583999999999607,-0.04932146846984154,0.447517477181465,-0.3905964965509844,0.28989787100562453,82.23403408278921,82.52393195379483
5.585999999999607,-0.048425320008745304,0.4486267490422029,-0.4018202696645146,0.29133680541453677,82.23223505781546,82.52357186322999
5.587999999999607,-0.04752698615803072,0.44970285628785805,-0.41300029799695276,0.2927361232218378,82.23046472791145,82.5232008511333
5.589999999999606,-0.04662653327864358,0.45074576751853646,-0.4241358509954089,0.29409547349203435,82.22872346334421,82.52281893683625
5.591999999999606,-0.04572402779193249,0.4517554537316764,-0.43522620225063713,0.29541451761053406,82.22701162524132,82.52242614285186
5.593999999999606,-0.044819536174854895,0.45273188832138916,-0.4462706295440279,0.29669292934685654,82.22532956551255,82.52202249485941
5.595999999999606,-0.04391312495518449,0.4536750470776195,-0.45726841489422937,0.2979303949141605,82.22367762677437,82.52160802168854
5.5979999999996055,-0.04300486070672061,0.4545849081851272,-0.46821884460339414,0.2991266130250791,82.22205614227704,82.52118275530212
5.599999999999605,-0.04209481004449972,0.4554614522222881,-0.4791212093030483,0.3002812949438564,82.22046543583485,82.52074673077871
5.601999999999605,-0.041183039620009555,0.4563046621597163,-0.48997480399957904,0.3013941645347788,82.21890582175911,82.52029998629389
5.603999999999605,-0.040269616116406184,0.4571145233587061,-0.5007789281193371,0.30246495830689585,82.2173776047939,82.5198425631008
5.605999999999605,-0.03935460624373436,0.4578910235694949,-0.5115328855533504,0.30349342545502617,82.21588108005503,82.51937450551006
5.607999999999604,-0.03843807673415152,0.4586341529293464,-0.5222359847016462,0.304479327897047,82.21441653297155,82.5188958608686
5.609999999999604,-0.0375200943371558,0.45934390396045477,-0.5328875385171776,0.3054224403074637,82.21298423923041,82.51840667953788
5.611999999999604,-0.036600725814818436,0.4600202715676694,-0.5434868645493516,0.3063225501472586,82.21158446472398,82.51790701487124
5.613999999999604,-0.035680037937020875,0.46066325303604105,-0.5540332849871544,0.30717945769002125,82.2102174655005,82.51739692319053
5.6159999999996035,-0.03475809747669698,0.46127284802818896,-0.5645261267018733,0.3079929760443614,82.20888348771739,82.51687646376175
5.617999999999603,-0.033834971205080694,0.46184905858148934,-0.5749647212894081,0.30876293117260234,82.20758276759769,82.5163456987703
5.619999999999603,-0.03291072588695946,0.46239188910508594,-0.5853484051121718,0.30948916190576564,82.20631553138935,82.51580469329511
5.621999999999603,-0.03198542827593385,0.4629013463767221,-0.5956765193405773,0.3101715199548488,82.20508199532732,82.51525351528217
5.623999999999603,-0.031059145109683692,0.46337743953939525,-0.6059484099941057,0.31080986991839743,82.20388236559899,82.51469223551739
5.625999999999602,-0.03013194310524105,0.46382018009783404,-0.6161634279819536,0.3114040892863869,82.20271683831214,82.51412092759853
5.627999999999602,-0.029203888954270434,0.46422958191479796,-0.6263209291432577,0.31195406844041457,82.20158559946623,82.51353966790664
5.629999999999602,-0.028275049318356595,0.4646056612072005,-0.6364202742868916,0.31245971065021444,82.20048882492642,82.51294853557664
5.631999999999602,-0.027345490824300246,0.46494843654205575,-0.646460829230835,0.31292093206650545,82.19942668040069,82.5123476124672
5.6339999999996015,-0.02641528005942207,0.4652579288322489,-0.6564419648411091,0.31333766171018174,82.19839932141983,82.51173698313
5.635999999999601,-0.025484483566875344,0.4655341613321314,-0.6663630570702772,0.313709841457859,82.19740689332046,82.51111673477833
5.637999999999601,-0.024553167840967574,0.46577715963294025,-0.6762234869955093,0.3140374260237896,82.19644953123104,82.51048695725483
5.639999999999601,-0.02362139932249145,0.4659869516580435,-0.6860226408562048,0.31432038293816167,82.19552736006064,82.5098477429988
5.641999999999601,-0.022689244394065496,0.46616356765801087,-0.6957599100911724,0.31455869252179425,82.19464049449107,82.50919918701287
5.6439999999996004,-0.021756769375484725,0.46630704020551067,-0.7054346913753667,0.31475234785725065,82.19378903897143,82.50854138682868
5.6459999999996,-0.020824040519081717,0.4664174041900339,-0.715046386656174,0.3149013547563813,82.19297308771611,82.5078744424725
5.6479999999996,-0.01989112400509838,0.4664946968124453,-0.7245944031892506,0.31500573172431984,82.19219272470527,82.50719845642959
5.6499999999996,-0.01895808593706881,0.4665389575793625,-0.7340781535739068,0.3150655099199451,82.19144802368874,82.50651353360868
5.6519999999996,-0.01802499233721355,0.4665502282973634,-0.7434970557880368,0.315080733112839,82.19073904819231,82.50581978130515
5.653999999999599,-0.0170919091418456,0.46652855306702357,-0.7528505332225913,0.3150514576367515,82.19006585152746,82.50511730916422
5.655999999999599,-0.016158902196788547,0.466473978276782,-0.7621380147155912,0.3149777523396043,82.18942847680347,82.50440622914307
5.657999999999599,-0.015226037252807103,0.4663865525966386,-0.7713589345856785,0.31485969853004764,82.18882695694288,82.50368665547292
5.659999999999599,-0.014293379961050434,0.4662663269716819,-0.7805127326652062,0.3146973899206033,82.18826131469947,82.50295870462008
5.6619999999995985,-0.013360995868508602,0.4661133546154493,-0.7895988543328595,0.31449093256741245,82.18773156267942,82.50222249524683
5.663999999999598,-0.012428950413482449,0.465927691003119,-0.7986167505458126,0.3142404448066181,82.18723770336499,82.5014781481716
5.665999999999598,-0.011497308921067264,0.46570939386453614,-0.8075658778714134,0.31394605718740776,82.18677972914136,82.50072578632877
5.667999999999598,-0.010566136598650567,0.46545852317707226,-0.8164456985183997,0.3136079124017459,82.18635762232607,82.49996553472782
5.669999999999598,-0.00963549853142434,0.46517514115832004,-0.8252556803676389,0.31322616521082447,82.18597135520129,82.49919752041211
5.671999999999597,-0.008705459677912026,0.4648593122586234,-0.8339952970023967,0.3128009823682588,82.18562089004907,82.49842187241732
5.673999999999597,-0.007776084865510636,0.46451110315344446,-0.8426640277381265,0.312332542540067,82.18530617918896,82.49763872172902
5.675999999999597,-0.006847438786048291,0.4641305827355672,-0.8512613576517826,0.31182103622145435,82.18502716501897,82.49684820124043
5.677999999999597,-0.0059195859913575045,0.46371782210713997,-0.8597867776106515,0.3112666656504447,82.18478378005871,82.49605044570916
5.6799999999995965,-0.0049925908888645565,0.4632728945715569,-0.8682397843007049,0.31066964471838726,82.18457594699542,82.49524559171381
5.681999999999596,-0.00406651773719525,0.46279587562517904,-0.8766198802544682,0.3100301988773727,82.18440357873297,82.49443377761034
5.683999999999596,-0.0031414306417973967,0.4622868429488967,-0.8849265738784056,0.3093485650445969,82.18426657844309,82.49361514348769
5.685999999999596,-0.00221739355058033,0.46174587639953363,-0.8931593794798195,0.3086249915037065,82.18416483961948,82.49278983112319
5.687999999999596,-0.0012944702495717659,0.461173058001094,-0.901317817293264,0.30785973780316034,82.18409824613468,82.49195798393784
5.689999999999595,-0.0003727243585923311,0.46056847193585326,-0.9094014135064703,0.30705307465165016,82.18406667229922,82.49111974695087
5.691999999999595,0.0005477806730519398,0.4599322045352938,-0.9174097002857832,0.3062052838106147,82.18406998292356,82.49027526673417
5.693999999999595,0.001466981570858822,0.4592643442708866,-0.9253422158011071,0.3053166579838848,82.18410803338253,82.48942469136641
5.695999999999595,0.0023848152394005287,0.4585649817447195,-0.9331985042503614,0.30438750070450565,82.18418066968238,82.48856817038688
5.6979999999995945,0.003301218766575444,0.4578342096799739,-0.9409781158834443,0.3034181262187697,82.1842877285301,82.48770585474887
5.699999999999594,0.004216129427840658,0.45707212291125016,-0.9486806070257022,0.30240885936750556,82.18442903740552,82.48683789677303
5.701999999999594,0.005129484690425002,0.4562788183747432,-0.9563055401009068,0.30136003546466483,82.18460441463563,82.4859644501003
5.703999999999594,0.006041222217522287,0.45545439509826957,-0.9638524836537364,0.30027200017324596,82.18481366947135,82.4850856696446
5.705999999999594,0.006951279872464451,0.45459895419114665,-0.971321012371762,0.2991451093786051,82.18505660216677,82.48420171154537
5.707999999999593,0.007859595722874308,0.4537125988339256,-0.9787107071069379,0.29797972905918924,82.18533300406075,82.48331273311994
5.709999999999593,0.008766108044797634,0.45279543426797897,-0.9860211548965943,0.29677623515474577,82.18564265766062,82.48241889281537
5.711999999999593,0.00967075532681427,0.451847567784944,-0.9932519489839343,0.2955350134320436,82.18598533672862,82.48152035016066
5.713999999999593,0.01057347627412797,0.4508691087160235,-1.0004026888380306,0.29425645934816225,82.18636080637009,82.48061726571825
5.7159999999995925,0.011474209812634723,0.4498601684211443,-1.0074729801733266,0.29294097791138674,82.18676882312428,82.47970980103567
5.717999999999592,0.012372895092969228,0.44882086027797613,-1.0144624349686358,0.29158898353975954,82.1872091350572,82.47879811859696
5.719999999999592,0.013269471494529289,0.4477512996708104,-1.0213706714856445,0.29020089991733755,82.1876814818566,82.47788238177394
5.721999999999592,0.014163878629477815,0.44665160397930154,-1.0281973142869136,0.28877715984819813,82.18818559492924,82.47696275477743
5.723999999999592,0.015056056346722177,0.4455218925670714,-1.0349419942533813,0.28731820510825057,82.18872119750004,82.4760394026083
5.725999999999591,0.015945944735870625,0.4443622867701786,-1.0416043486013646,0.28582448629489265,82.18928800471349,82.47511249100839
5.727999999999591,0.016833484131165522,0.44317290988545294,-1.0481840208990634,0.2842964626745695,82.18988572373696,82.47418218641154
5.729999999999591,0.01771861511539311,0.4419538871586981,-1.054680661082561,0.2827346020282815,82.19051405386612,82.47324865589441
5.731999999999591,0.018601278523769537,0.44070534577276194,-1.0610939254713272,0.2811393804950931,82.19117268663213,82.47231206712722
5.7339999999995905,0.01948141544780293,0.4394274148354771,-1.0674234767832194,0.27951128241369194,82.19186130591093,82.47137258832463
5.73599999999959,0.020358967239131165,0.4381202253674728,-1.0736689841489835,0.27785080016205166,82.19257958803438,82.47043038819643
5.73799999999959,0.02123387551333519,0.43678391028985897,-1.0798301231262573,0.2761584339952507,82.19332720190305,82.4694856358983
5.73999999999959,0.02210608215372755,0.43541860441178454,-1.08590657571307,0.2744346918814953,82.1941038091012,82.46853850098269
5.74199999999959,0.02297552931511592,0.434024444417871,-1.0918980303608445,0.2726800893364055,82.19490906401305,82.46758915334945
5.743999999999589,0.023842159427541386,0.43260156885552264,-1.0978041819869013,0.27089514925561253,82.19574261394118,82.46663776319679
5.745999999999589,0.024705915199991203,0.43115011812211484,-1.1036247319864592,0.2690804017457212,82.19660409922642,82.46568450097215
5.747999999999589,0.02556673962408584,0.42967023445206215,-1.1093593882441417,0.26723638395369564,82.19749315336938,82.46472953732308
5.749999999999589,0.026424575977740023,0.4281620619037671,-1.1150078651449826,0.2653636398947152,82.19840940315365,82.46377304304836
5.7519999999995886,0.027279367828797547,0.4266257463464515,-1.1205698835849345,0.26346272027856027,82.19935246877064,82.4628151890492
5.753999999999588,0.028131059038639664,0.4250614354468715,-1.1260451709808785,0.2615341823345817,82.20032196394567,82.46185614628025
5.755999999999588,0.02897959376576676,0.4234692786559183,-1.1314334612801398,0.25957858963530533,82.20131749606591,82.46089608570122
5.757999999999588,0.029824916469353136,0.4218494271951051,-1.1367344949695042,0.2575965119187315,82.20233866630944,82.45993517822818
5.759999999999588,0.030666971912774642,0.42020203404294254,-1.1419480190837414,0.25558852490938067,82.20338506977593,82.45897359468532
5.7619999999995875,0.031505705167108954,0.41852725392120416,-1.1470737872136314,0.2535552101381422,82.2044562956186,82.45801150575674
5.763999999999587,0.03234106161460827,0.4168252432810824,-1.1521115595134979,0.251497154760983,82.20555192717744,82.45704908193842
5.765999999999587,0.03317298695214423,0.41509616028923796,-1.1570611027082474,0.24941495137656974,82.2066715421138,82.45608649349036
5.767999999999587,0.034001427194624796,0.41334016481374286,-1.1619221900999182,0.24730919784286237,82.20781471254618,82.45512391038905
5.769999999999587,0.03482632867838292,0.41155741840991944,-1.1666946015737336,0.24518049709273215,82.20898100518721,82.45416150227994
5.771999999999586,0.03564763806453684,0.4097480843060765,-1.171378123603668,0.24302945694866515,82.21016998148166,82.45319943843032
5.773999999999586,0.03646530234232165,0.40791232738914435,-1.1759725492575215,0.24085668993660198,82.2113811977458,82.4522378876824
5.775999999999586,0.03727926883239213,0.40605031419020965,-1.1804776782015052,0.23866281309897383,82.21261420530759,82.45127701840656
5.777999999999586,0.03808948519009651,0.4041622128699526,-1.1848933167043407,0.23644844780698995,82.21386855064799,82.45031699845498
5.7799999999995855,0.038895899408720985,0.4022481932039869,-1.1892192776408703,0.23421421957223243,82.21514377554313,82.44935799511536
5.781999999999585,0.03969845982270488,0.4003084265681052,-1.1934553804951837,0.23196075785761505,82.21643941720771,82.44840017506533
5.783999999999585,0.040497115110826154,0.39834308592343026,-1.1976014513632594,0.22968869588776386,82.21775500843881,82.44744370432657
5.785999999999585,0.04129181429935713,0.39635234580147427,-1.2016573229551222,0.22739867045887377,82.21909007776092,82.44648874821979
5.787999999999585,0.04208250676519027,0.39433638228910806,-1.2056228345965199,0.22509132174809798,82.22044414957166,82.44553547131976
5.789999999999584,0.042869142238933775,0.39229537301344075,-1.2094978322301189,0.22276729312252835,82.22181674428815,82.44458403741068
5.791999999999584,0.04365167080797688,0.3902294971266123,-1.2132821684162192,0.22042723094782063,82.22320737849418,82.443634609442
5.793999999999584,0.04443004291952463,0.38813893529050014,-1.2169757023329935,0.21807178439652158,82.22461556508806,82.44268734948459
5.795999999999584,0.045204209383602,0.38602386966134133,-1.2205782997762467,0.21570160525615573,82.22604081343088,82.44174241868704
5.7979999999995835,0.04597412137602715,0.38388448387427243,-1.2240898331587027,0.2133173477371226,82.22748262949578,82.4407999772329
5.799999999999583,0.046739730441353704,0.3817209630277876,-1.2275101815088163,0.2109196682804679,82.22894051601718,82.43986018429764
5.801999999999583,0.04750098849578187,0.37953349366811734,-1.2308392304691123,0.20850922536557687,82.23041397264095,82.43892319800652
5.803999999999583,0.048257847830038204,0.3773222637735294,-1.2340768722940534,0.2060866793178495,82.23190249607472,82.43798917539257
5.805999999999583,0.04901026111222395,0.3750874627385527,-1.237223005847441,0.20365269211641213,82.23340558023885,82.43705827235526
5.807999999999582,0.0497581813906317,0.37282928135812654,-1.2402775365993448,0.20120792720191974,82.23492271641749,82.4361306436194
5.809999999999582,0.0505015620965303,0.3705479118116766,-1.2432403766225701,0.19875304928450452,82.23645339341003,82.43520644269454
5.811999999999582,0.05124035704691786,0.3682435476471188,-1.246111444588656,0.19628872415192464,82.23799709768296,82.43428582183489
5.813999999999582,0.05197452044724267,0.3659163837647929,-1.2488906657634162,0.19381561847796905,82.23955331352163,82.4333689319996
5.8159999999995815,0.05270400689409193,0.3635666164013278,-1.2515779720020124,0.19133439963116994,82.24112152318251,82.43245592281369
5.817999999999581,0.05342877137784812,0.36119444311343923,-1.2541733017435748,0.18884573548387965,82.24270120704539,82.43154694252927
5.819999999999581,0.05414876928531294,0.3588000627616618,-1.2566766000053597,0.18635029422176344,82.24429184376564,82.4306421379874
5.821999999999581,0.054863956402298616,0.3563836754940176,-1.259087818376453,0.18384874415376173,82.2458929104266,82.42974165458037
5.823999999999581,0.05557428891618649,0.35394548272962145,-1.2614069150110214,0.18134175352257578,82.24750388269196,82.42884563621453
5.82599999999958,0.05627972341845276,0.35148568714222583,-1.2636338546211077,0.17882999031572783,82.24912423495803,82.42795422527377
5.82799999999958,0.05698021690716127,0.3490044926437062,-1.2657686084689792,0.17631412207725,82.25075344050593,82.42706756258318
5.82999999999958,0.05767572678942316,0.34650210436748835,-1.2678111543590251,0.173794815720051,82.25239097165365,82.42618578737371
5.83199999999958,0.05836621088382339,0.34397872865191953,-1.2697614766292085,0.17127273733901519,82.254036299908,82.425309037247
5.8339999999995795,0.05905162742281387,0.3414345730235846,-1.271619566142073,0.16874855202488237,82.25568889611615,82.42443744814103
5.835999999999579,0.059731935055073224,0.33886984618056915,-1.2733854202753079,0.16622292367896088,82.25734823061721,82.42357115429617
5.837999999999579,0.06040709284783302,0.33628475797567065,-1.2750590429118707,0.1636965148287239,82.25901377339314,82.42271028822186
5.839999999999579,0.061077060289170364,0.3336795193995594,-1.2766404444296715,0.16116998644433764,82.2606849942196,82.42185498066394
5.841999999999579,0.06174179729026674,0.33105434256389094,-1.2781296416908225,0.15864399775617213,82.26236136281628,82.42100536057245
5.843999999999578,0.062401264187633095,0.3284094406843707,-1.2795266580304494,0.1561192060733434,82.26404234899684,82.42016155507018
5.845999999999578,0.06305542174530093,0.3257450280637739,-1.2808315232450724,0.15359626660333484,82.26572742281819,82.41932368942152
5.847999999999578,0.06370423115697946,0.32306132007492006,-1.2820442735805573,0.1510758322727455,82.2674160547297,82.41849188700245
5.849999999999578,0.0643476540481786,0.3203585331436057,-1.2831649517196346,0.14855855354921432,82.26910771572139,82.4176662692706
5.8519999999995775,0.06498565247829786,0.31763688473149543,-1.2841936067689974,0.14604507826456625,82.27080187747164,82.4168469557362
5.853999999999577,0.06561818894268093,0.31489659331897324,-1.2851302942459695,0.14353605143922546,82.27249801249455,82.41603406393378
5.855999999999577,0.0662452263746359,0.3121378783879556,-1.2859750760647557,0.14103211510794475,82.27419559428623,82.41522770939417
5.857999999999577,0.06686672814742116,0.3093609604046677,-1.2867280205222702,0.13853390814689304,82.27589409747054,82.41442800561744
5.859999999999577,0.06748265807619676,0.3065660608023845,-1.287389202283547,0.1360420661021484,82.27759299794424,82.41363506404639
5.861999999999576,0.06809298041994119,0.30375340196413747,-1.2879587023667365,0.13355722101963963,82.27929177302096,82.4128489940406
5.863999999999576,0.06869765988333361,0.3009232072053892,-1.2884366081276868,0.13108000127657934,82.2809899015748,82.41206990285137
5.865999999999576,0.06929666161860133,0.2980757007566769,-1.2888230132441145,0.1286110314144347,82.2826868641827,82.41129789559713
5.867999999999576,0.06988995122733262,0.29521110774622644,-1.289118017699367,0.12615093197347413,82.28438214326594,82.41053307523941
5.869999999999576,0.07047749476225464,0.29232965418253787,-1.289321727765779,0.12370031932893537,82.28607522323108,82.40977554256001
5.871999999999575,0.07105925872897659,0.2894315669369444,-1.2894342559876222,0.12125980552885393,82.28776559060928,82.40902539613813
5.873999999999575,0.07163521008769787,0.28651707372614615,-1.2894557211636546,0.11882999813359453,82.2894527341952,82.40828273232879
5.875999999999575,0.07220531625488139,0.28358640309471983,-1.2893862483292708,0.11641150005712356,82.29113614518445,82.40754764524158
5.877999999999575,0.07276954510489175,0.2806397843976056,-1.2892259687382535,0.11400490941006394,82.29281531731019,82.40682022672026
5.8799999999995745,0.0733278649715985,0.27767744778257336,-1.2889750198441288,0.11161081934456911,82.2944897469784,82.40610056632296
5.881999999999574,0.0738802446499442,0.2746996241726686,-1.2886335452811317,0.1092298179010561,82.29615893340225,82.4053887513033
5.883999999999574,0.07442665339747742,0.27170654524864013,-1.288201694844779,0.10686248785683426,82.29782237873502,82.40468486659185
5.885999999999574,0.07496706093585061,0.26869844343135085,-1.2876796244720545,0.1045094065766658,82.29947958820195,82.40398899477862
5.887999999999574,0.07550143745228265,0.2656755518641725,-1.2870674962212076,0.10217114586529598,82.3011300702307,82.403301216096
5.889999999999573,0.0760297536009863,0.26263810439536617,-1.2863654782511715,0.09984827182198631,82.3027733365808,82.40262160840278
5.891999999999573,0.07655198050456032,0.25958633556044963,-1.2855737448005953,0.09754134469708697,82.30440890247135,82.40195024716844
5.893999999999573,0.0770680897553464,0.2565204805645531,-1.2846924761665024,0.09525091875068156,82.30603628670778,82.40128720545846
5.895999999999573,0.07757805341675068,0.25344077526476466,-1.2837218586825703,0.09297754211333821,82.3076550118069,82.40063255392023
5.8979999999995725,0.07808184402453003,0.2503474561524659,-1.2826620846970362,0.09072175664899909,82.30926460412076,82.39998636076976
5.899999999999572,0.07857943458804294,0.24724076033566053,-1.281513352550232,0.08848409782003984,82.31086459395891,82.39934869177895
5.901999999999572,0.07907079859146514,0.2441209255212961,-1.2802758665517504,0.08626509455453162,82.31245451570926,82.3987196102638
5.903999999999572,0.07955590999496975,0.24098818999758026,-1.2789498369572436,0.08406526911573399,82.31403390795748,82.39809917707322
5.905999999999572,0.08003474323587219,0.2378427926162933,-1.277535479944858,0.08188513697385011,82.31560231360471,82.39748745057857
5.907999999999571,0.08050727322973954,0.23468497277509767,-1.2760330175913084,0.07972520668007232,82.31715927998383,82.3968844866639
5.909999999999571,0.0809734753714647,0.2315149703998463,-1.2744426778475908,0.07758597974294637,82.3187043589741,82.39629033871705
5.911999999999571,0.08143332553630506,0.22833302592689028,-1.2727646945143396,0.07546795050708187,82.32023710711422,82.3957050576213
5.913999999999571,0.08188680008088577,0.2251393802853877,-1.270999307216831,0.07337160603423563,82.32175708571364,82.39512869174787
5.9159999999995705,0.08233387584416771,0.2219342748796147,-1.2691467613796332,0.07129742598679364,82.3232638609624,82.3945612869492
5.91799999999957,0.08277453014838004,0.2187179515712796,-1.2672073082009065,0.06924588251367705,82.32475700403903,82.39400288655271
5.91999999999957,0.08320874079991736,0.21549065266184192,-1.2651812046263595,0.06721744013869647,82.32623609121681,82.3934535313555
5.92199999999957,0.08363648609020155,0.21225262087483698,-1.2630687133228573,0.06521255565137797,82.32770070396849,82.39291325961986
5.92399999999957,0.08405774479650827,0.20900409933820746,-1.2608701026516895,0.063231678000284,82.32915042906895,82.39238210706922
5.925999999999569,0.08447249618275808,0.20574533156664299,-1.2585856466414977,0.06127524818885119,82.33058485869621,82.39186010688506
5.927999999999569,0.08488072000027236,0.2024765614439291,-1.2562156249608667,0.0593436991737661,82.33200359053058,82.39134728970434
5.929999999999569,0.08528239648849374,0.19919803320530646,-1.2537603228905818,0.05743745576589952,82.33340622785205,82.39084368361794
5.931999999999569,0.08567750637567152,0.1959099914198418,-1.2512200312955504,0.055556934533819255,82.33479237963581,82.39034931416964
5.9339999999995685,0.08606603087951159,0.1926126809728113,-1.2485950465963989,0.05370254370990006,82.3361616606457,82.3898642043556
5.935999999999568,0.08644795170779132,0.18930634704809793,-1.2458856707407384,0.051874683099048954,82.3375136915261,82.38938837462514
5.937999999999568,0.08682325105893916,0.18599123511060356,-1.243092211174109,0.05007374399006339,82.33884809889159,82.38892184288166
5.939999999999568,0.08719191162257912,0.18266759088867723,-1.2402149808105989,0.048300109069638705,82.34016451541486,82.3884646244845
5.941999999999568,0.0875539165800401,0.17933566035656026,-1.2372542980031458,0.04655415233904058,82.34146257991256,82.3880167322516
5.943999999999567,0.0879092496048301,0.17599568971684973,-1.2342104865135215,0.04483623903345753,82.34274193742935,82.38757817646281
5.945999999999567,0.08825789486307549,0.17264792538298107,-1.2310838754820004,0.043146725544048095,82.3440022393196,82.38714896486364
5.947999999999567,0.08859983701392515,0.16929261396173106,-1.2278747993967172,0.041485959342694924,82.34524314332758,82.38672910267027
5.949999999999567,0.08893506120991969,0.165930002235742,-1.2245835980627136,0.0398542789094798,82.34646431366521,82.38631859257468
5.9519999999995665,0.08926355309732567,0.1625603371460685,-1.2212106165706809,0.03825201366289047,82.34766542108791,82.3859174347508
5.953999999999566,0.0895852988164351,0.1591838657747474,-1.2177562052653936,0.03667948389277041,82.34884614296857,82.38552562686134
5.955999999999566,0.0899002850018299,0.15580083532739253,-1.2142207197138457,0.0351370006960221,82.35000616336912,82.38514316406514
5.957999999999566,0.09020849878261172,0.15241149311581445,-1.210604520673084,0.03362486591507289,82.35114517311027,82.38477003902534
5.959999999999566,0.09050992778259699,0.14901608654066711,-1.2069079740577462,0.032143372079112206,82.35226286983912,82.38440624191824
5.961999999999565,0.09080456012047725,0.14561486307412172,-1.2031314509073041,0.030692802348107954,82.3533589580946,82.38405176044272
5.963999999999565,0.0910923844099449,0.14220807024256912,-1.199275327353016,0.029273430459609236,82.35443314937083,82.38370657983045
5.965999999999565,0.09137338975978436,0.13879595560935165,-1.1953399845845871,0.027885520678341356,82.35548516217834,82.38337068285668
5.967999999999565,0.09164756577392875,0.13537876675752533,-1.191325808816547,0.026529327748599014,82.35651472210311,82.38304404985172
5.9699999999995645,0.0919149025514821,0.1319567512726535,-1.1872331912543381,0.025205096849441975,82.3575215618637,82.38272665871315
5.971999999999564,0.0921753906867072,0.12853015672563275,-1.1830625280601281,0.023913063552697376,82.35850542136576,82.38241848491846
5.973999999999564,0.0924290212689791,0.12509923065555212,-1.1788142203183376,0.02265345378377174,82.3594660477548,82.38211950153857
5.975999999999564,0.0926757858827044,0.1216642205525865,-1.1744886740008953,0.021426483785274807,82.36040319546666,82.38182967925194
5.977999999999564,0.09291567660720638,0.11822537384092516,-1.170086299932217,0.020232360083457215,82.36131662627572,82.38154898635918
5.979999999999563,0.09314868601657593,0.11478293786173642,-1.1656075137539141,0.019071279457462294,82.36220610934105,82.38127738879851
5.981999999999563,0.09337480717948853,0.1113371598561692,-1.1610527358892322,0.017943428911392494,82.36307142125007,82.38101485016146
5.983999999999563,0.09359403365898729,0.10788828694839245,-1.1564223915072236,0.016848985649189192,82.36391234606054,82.38076133170973
5.985999999999563,0.09380635951223201,0.10443656612867346,-1.1517169104866578,0.015788117052324788,82.36472867533986,82.38051679239219
5.987999999999563,0.09401177929021454,0.10098224423649574,-1.1469367273796671,0.014760980660304615,82.36552020820237,82.38028118886267
5.989999999999562,0.0942102880374403,0.0975255679437175,-1.1420822813751368,0.013767724153975609,82.36628675134438,82.38005447549835
5.991999999999562,0.09440188129157631,0.09406678373777155,-1.137154016261838,0.01280848534163804,82.36702811907708,82.37983660441871
5.993999999999562,0.09458655508306553,0.0906061379049075,-1.1321523803913063,0.011883392147955724,82.36774413335716,82.37962752550511
5.995999999999562,0.09476430593470778,0.0871438765134771,-1.1270778266404702,0.010992562605659369,82.36843462381519,82.37942718642086
5.9979999999995615,0.09493513086120725,0.08368024539726367,-1.121930812374032,0.010136104850037167,82.36909942778178,82.37923553263181
5.999999999999561,0.09509902736868682,0.08021549013885626,-1.1167117994065998,0.009314117116205688,82.36973839031162,82.37905250742783
6.001999999999561,0.09525599345416896,0.07674985605306968,-1.1114212539645807,0.008526687739153735,82.37035136420519,82.37887805194434
6.003999999999561,0.09540602760502377,0.0732835881704109,-1.106059646647829,0.007773895156550844,82.37093821002826,82.3787121051848
6.005999999999561,0.09554912879838377,0.069816931220593,-1.1006274523910595,0.007055807914311445,82.37149879612926,82.37855460404357
6.00799999999956,0.09568529650052596,0.06635012961609714,-1.0951251504250237,0.0063724846749051165,82.37203299865432,82.37840548332922
6.00999999999956,0.09581453066622087,0.06288342743578364,-1.0895532242374537,0.005723974228402464,82.37254070156018,82.37826467578859
6.01199999999956,0.09593683173804907,0.05941706840855286,-1.083912161533776,0.005110315506245525,82.3730217966248,82.37813211213104
6.01399999999956,0.0960522006456849,0.05595129589705668,-1.0782024541975963,0.004531537597730965,82.37347618345588,82.3780077210536
6.0159999999995595,0.09616063880514775,0.052486352881461404,-1.0724245982509624,0.00398765976919349,82.37390376949709,82.37789142926628
6.017999999999559,0.09626214811802088,0.04902248194326292,-1.0665790938144002,0.003478691485876343,82.37430447003209,82.37778316151797
6.019999999999559,0.09635673097063797,0.045559925249154774,-1.0606664450667345,0.0030046324364749856,82.37467820818641,82.37768284062288
6.021999999999559,0.09644439023323743,0.04209892453495013,-1.0546871602046892,0.002565472560339415,82.37502491492715,82.37759038748749
6.023999999999559,0.09652512925908459,0.03863972108955818,-1.0486417514022746,0.0021611920773198833,82.37534452906043,82.37750572113775
6.025999999999558,0.09659895188356192,0.035182555739015985,-1.0425307347699622,0.001791761520240116,82.37563699722669,82.37742875874693
6.027999999999558,0.09666586242322742,0.03172766883057634,-1.0363546303136513,0.0014571417699815023,82.37590227389387,82.37735941566385
6.029999999999558,0.09672586567484112,0.028275300216852522,-1.0301139618934267,0.001157284093160996,82.37614032134836,82.37729760544153
6.031999999999558,0.09677896691436004,0.02482568924002067,-1.0238092571821162,0.0008921301823849075,82.37635110968388,82.37724323986626
6.0339999999995575,0.09682517189590156,0.021379074716080512,-1.0174410476236417,0.0006616121990600605,82.37653461678815,82.3771962289872
6.035999999999557,0.09686448685067539,0.017935694919175203,-1.0110098683911766,0.0004656528187431827,82.3766908283274,82.37715648114614
6.037999999999557,0.09689691848588422,0.014495787565971047,-1.0045162583451044,0.0003041652790087682,82.37681973772891,82.37712390300791
6.039999999999557,0.0969224739835932,0.011059589800097793,-0.9979607599907843,0.00017705342981501912,82.37692134616127,82.37709839959108
6.041999999999557,0.0969411609995684,0.007627338176650286,-0.9913439194361277,8.421178634687357e-05,82.37699566251261,82.37707987429896
6.043999999999556,0.09695298766208424,0.004199268646752167,-0.9846662863489846,2.5525584314512964e-05,82.37704270336677,82.37706822895109
6.045999999999556,0.09695796257070019,0.0007756165421823791,-0.9779284139143468,8.708376851448323e-07,82.37706249297739,82.37706336381507
6.047999999999556,0.0969560947950068,-0.0026433834399348126,-0.9711308587913667,1.0114398825268626e-05,82.3770550632398,82.37706517763861
6.049999999999556,0.09694739387334111,-0.006057497252375563,-0.9642741810701984,5.311402103004655e-05,82.37702045366113,82.37707356768216
6.0519999999995555,0.09693186981147164,-0.009466491512997239,-0.95735894422866,0.00012971842341582724,82.37695871132816,82.37708842975157
6.053999999999555,0.09690953308125314,-0.012870133519853527,-0.9503857150887219,0.00023976735815130315,82.37686989087315,82.3771096582313
6.055999999999555,0.09688039461925113,-0.016268191266243175,-0.9433550637728243,0.00038309168000222083,82.37675405443791,82.37713714611792
6.057999999999555,0.09684446582533644,-0.019660433455691653,-0.936267563660025,0.0005595134181640144,82.37661127163554,82.3771707850537
6.059999999999555,0.0968017585612498,-0.023046629516864998,-0.9291237913419812,0.0007688458503561905,82.37644161951042,82.37721046536078
6.061999999999554,0.09675228514913674,-0.026426549618415195,-0.921924326578768,0.0010108935791517516,82.37624518249625,82.3772560760754
6.063999999999554,0.09669605837005282,-0.029799964683756345,-0.9146697522545371,0.0012854526105144264,82.376022052372,82.37730750498251
6.065999999999554,0.09663309146243942,-0.033166646405770966,-0.9073606543330155,0.0015923104345159547,82.37577232821604,82.37736463865056
6.067999999999554,0.0965633981205701,-0.03652636726144569,-0.8999976218128523,0.0019312461082051625,82.37549611635838,82.37742736246658
6.0699999999995535,0.09648699249296787,-0.03987890052643571,-0.8925812466828097,0.0023020303406000656,82.37519353033096,82.37749556067156
6.071999999999553,0.09640388918079335,-0.04322402028955726,-0.8851121238768073,0.0027044255797737437,82.37486469081614,82.37756911639592
6.073999999999553,0.096314103236204,-0.04656150146720746,-0.877590851228819,0.0031381861020042616,82.37450972559319,82.37764791169519
6.075999999999553,0.09621765016068463,-0.049891119817710786,-0.8700180294276251,0.003603058102958393,82.37412876948325,82.3777318275862
6.077999999999553,0.09611454590334927,-0.05321265195559161,-0.8623942619714248,0.0040987797908785175,82.37372196429213,82.37782074408301
6.079999999999552,0.09600480685921449,-0.056525875365771985,-0.8547201551223095,0.004625081481741521,82.37328945875156,82.3779145402333
6.081999999999552,0.09588844986744459,-0.05983056841769407,-0.8469963178606009,0.005181685696358112,82.37283140845857,82.37801309415492
6.083999999999552,0.09576549220956843,-0.06312651037936652,-0.8392233618390578,0.005768307259380607,82.37234797581317,82.37811628307256
6.085999999999552,0.09563595160766832,-0.0664134814313342,-0.8314019013369512,0.006384653400186612,82.3718393299543,82.37822398335449
6.0879999999995515,0.09549984622254108,-0.06969126268057041,-0.8235325532140148,0.007030423855605905,82.37130564669401,82.37833607054962
6.089999999999551,0.09535719465183137,-0.07295963617429116,-0.81561593686427,0.0077053109744570705,82.37074710845003,82.37845241942449
6.091999999999551,0.09520801592813741,-0.07621838491369062,-0.8076526741697314,0.008408999823860347,82.37016390417676,82.37857290400062
6.093999999999551,0.09505232951708939,-0.07946729286759727,-0.7996433894539929,0.009141168297292569,82.36955622929433,82.37869739759162
6.095999999999551,0.09489015531540064,-0.08270614498604985,-0.7915887094356995,0.009901487224349737,82.3689242856165,82.37882577284086
6.0979999999995504,0.09472151364889164,-0.08593472721379275,-0.7834892631819067,0.010689620482182477,82.36826828127651,82.3789579017587
6.09999999999955,0.09454642527048727,-0.08915282650368987,-0.7753456820613309,0.011505225108569118,82.36758843065172,82.37909365576029
6.10199999999955,0.09436491135818717,-0.09236023083005654,-0.767158599697493,0.012347951416590978,82.3668849542865,82.37923290570309
6.10399999999955,0.0941769935130096,-0.0955567292019086,-0.7589286519217586,0.013217443110873844,82.36615807881378,82.37937552192466
6.10599999999955,0.09398269375690883,-0.09874211167612822,-0.7506564767262787,0.01411333740535958,82.36540803687491,82.37952137428027
6.107999999999549,0.09378203453066643,-0.10191616937054566,-0.7423427142168318,0.01503526514257137,82.36463506703824,82.37967033218081
6.109999999999549,0.09357503869175622,-0.10507869447693632,-0.733988006565573,0.015982850914335517,82.36383941371615,82.37982226463049
6.111999999999549,0.09336172951218355,-0.10822948027393248,-0.7255929979636895,0.01695571318392299,82.36302132708079,82.3799770402647
6.113999999999549,0.09314213067629873,-0.11136832113984897,-0.7171583345739706,0.017953464409573138,82.36218106297832,82.3801345273879
6.1159999999995485,0.0929162662785849,-0.11449501256542235,-0.7086846644832894,0.018975711169361868,82.36131888284184,82.3802945940112
6.117999999999548,0.09268416082142057,-0.11760935116646262,-0.7001726376550044,0.0200220542873763,82.36043505360301,82.3804571078904
6.119999999999548,0.09244583921281686,-0.12071113469641706,-0.6916229058812804,0.02109208896115779,82.35952984760236,82.38062193656351
6.121999999999548,0.09220132676412975,-0.12380016205884545,-0.6830361227353345,0.022185404890374724,82.35860354249833,82.38078894738871
6.123999999999548,0.09195064918774744,-0.12687623331980608,-0.6744129435236066,0.023301586406686395,82.35765642117511,82.3809580075818
6.125999999999547,0.0916938325947531,-0.12993914972015178,-0.6657540252378622,0.024440212604759093,82.35668877164912,82.38112898425388
6.127999999999547,0.09143090349256303,-0.13298871368773552,-0.6570600265072275,0.025600857474395097,82.3557008869745,82.3813017444489
6.129999999999547,0.09116188878254053,-0.1360247288495247,-0.6483316075501592,0.026783090033735406,82.35469306514736,82.38147615518109
6.131999999999547,0.09088681575758566,-0.1390470000436237,-0.6395694301263558,0.02798647446349641,82.35366560900886,82.38165208347236
6.1339999999995465,0.09060571209970102,-0.14205533333120385,-0.6307741574886092,0.02921057024220101,82.3526188261472,82.38182939638939
6.135999999999546,0.09031860587753374,-0.14504953600834042,-0.6219464543346025,0.030454932282364004,82.35155302879863,82.382007961081
6.137999999999546,0.09002552554389397,-0.14802941661775573,-0.6130869867586565,0.03171911106759185,82.35046853374736,82.38218764481495
6.139999999999546,0.08972649993324988,-0.15099478496046795,-0.6041964222034282,0.03300265279055648,82.34936566222446,82.38236831501501
6.141999999999546,0.08942155825919955,-0.15394545210734473,-0.595275429411563,0.03430509949180283,82.34824473980578,82.38254983929758
6.143999999999545,0.08911073011191975,-0.15688123041056137,-0.5863246783773061,0.0356259891993494,82.34710609630893,82.38273208550828
6.145999999999545,0.088794045455592,-0.1598019335149624,-0.5773448402980748,0.0369648560690415,82.34595006568944,82.38291492175848
6.147999999999545,0.08847153462580593,-0.16270737636932656,-0.5683365875259951,0.03832123052561629,82.34477698593577,82.38309821646138
6.149999999999545,0.08814322832694023,-0.16559737523753373,-0.5593005935194062,0.039694639404438486,82.34358719896386,82.3832818383683
6.1519999999995445,0.08780915762952139,-0.1684717477096342,-0.5502375327943347,0.04108460609386649,82.34238105051047,82.38346565660433
6.153999999999544,0.08746935396756036,-0.17133031271281862,-0.5411480808759456,0.04249065067820707,82.34115889002602,82.38364954070423
6.155999999999544,0.0871238491358674,-0.17417289052228885,-0.5320329142499665,0.043912290081218434,82.33992107056645,82.38383336064767
6.157999999999544,0.08677267528734527,-0.1769993027720284,-0.5228927103140963,0.04534903821011958,82.33866794868456,82.38401698689468
6.159999999999544,0.08641586493026096,-0.17980937246547243,-0.5137281473293959,0.04680040610006576,82.33739988432049,82.38420029042055
6.161999999999543,0.08605345092549627,-0.1826029239860761,-0.5045399043716647,0.04826590205904772,82.33611724069159,82.38438314275064
6.163999999999543,0.08568546648377721,-0.18537978310778133,-0.49532866128281045,0.04974503181317474,82.33482038418177,82.38456541599494
6.165999999999543,0.08531194516288275,-0.18813977700538054,-0.4860950986222095,0.05123729865229928,82.33350968422995,82.38474698288225
6.167999999999543,0.08493292086483273,-0.19088273426477756,-0.47683989761806644,0.052742203575942115,82.33218551321838,82.38492771679432
6.1699999999995425,0.08454842783305558,-0.19360848489314456,-0.46756374011877216,0.054259245439477084,82.33084824636006,82.38510749179954
6.171999999999542,0.08415850064953563,-0.19631686032897447,-0.4582673085442667,0.05578792110053429,82.32949826158571,82.38528618268624
6.173999999999542,0.08376317423194057,-0.19900769345202848,-0.44895128583740734,0.05732772556557979,82.32813593943054,82.38546366499612
6.175999999999542,0.08336248383072904,-0.20168081859317788,-0.43961635541534877,0.0588781521366313,82.3267616629203,82.38563981505693
6.177999999999542,0.08295646502623866,-0.20433607154413946,-0.43026320112093464,0.06043869255806926,82.32537581745693,82.385814510015
6.179999999999541,0.08254515372575466,-0.20697328956710434,-0.42089250717410764,0.06200883716350067,82.3239787907041,82.3859876278676
6.181999999999541,0.08212858616055949,-0.20959231140425905,-0.4115049581233379,0.06358807502263644,82.32257097247212,82.38615904749476
6.183999999999541,0.0817067988829633,-0.2121929772871987,-0.4021012387970768,0.0651758940881405,82.32115275460274,82.38632864869088
6.185999999999541,0.0812798287633159,-0.2147751289462314,-0.39268203425523557,0.06677178134241006,82.31972453085343,82.38649631219585
6.1879999999995405,0.08084771298700004,-0.2173386096195736,-0.38324802974069616,0.06837522294424604,82.31828669678187,82.38666191972611
6.18999999999954,0.08041048905140656,-0.21988326406243527,-0.3737999106308532,0.06998570437537409,82.31683964962973,82.3868253540051
6.19199999999954,0.07996819476289138,-0.22240893855599497,-0.3643383623891951,0.07160271058677449,82.31538378820659,82.38698649879336
6.19399999999954,0.07952086823371471,-0.22491548091626362,-0.3548640705169239,0.07322572614478183,82.31391951277361,82.3871452389184
6.19599999999954,0.0790685478789626,-0.22740274050283693,-0.3453777205046199,0.07485423537691334,82.31244722492713,82.38730146030404
6.197999999999539,0.07861127241345112,-0.22987056822753543,-0.33587999778395217,0.07648772251738684,82.3109673274821,82.38745504999949
6.199999999999539,0.07814908084861336,-0.23231881656293193,-0.3263715876794403,0.07812567185228761,82.30948022435565,82.38760589620794
6.201999999999539,0.07768201248936954,-0.23474733955076554,-0.31685317536026975,0.07976756786434534,82.30798632045047,82.38775388831482
6.203999999999539,0.07721010693098034,-0.23715599281024183,-0.30732544579216436,0.08141289537728094,82.30648602153829,82.38789891691557
6.2059999999995386,0.07673340405588372,-0.23954463354621858,-0.2977890836893197,0.08306113969968522,82.30497973414343,82.38804087384311
6.207999999999538,0.0762519440305156,-0.24191312055727654,-0.2882447734664,0.08471178676838882,82.30346786542636,82.38817965219475
6.209999999999538,0.07576576730211444,-0.24426131424367456,-0.278693199190603,0.08636432329128589,82.30195082306743,82.38831514635872
6.211999999999538,0.07527491459550997,-0.24658907661518867,-0.2691350445337953,0.08801823688957233,82.30042901515087,82.38844725204044
6.213999999999538,0.0747794269098965,-0.24889627129883451,-0.25957099272472234,0.08967301623936062,82.29890285004863,82.388575866288
6.2159999999995375,0.07427934551559075,-0.2511827635464726,-0.25000172650129593,0.09132815121263266,82.29737273630495,82.38870088751759
6.217999999999537,0.07377471195077469,-0.2534484202422958,-0.2404279280629622,0.09298313301749386,82.29583908252059,82.38882221553808
6.219999999999537,0.07326556801822351,-0.2556931099101985,-0.23085027902315525,0.09463745433768922,82.29430229723785,82.38893975157553
6.221999999999537,0.07275195578201891,-0.25791670272102735,-0.22126946036183803,0.0962906094713465,82.29276278882553,82.38905339829688
6.223999999999537,0.07223391756424812,-0.26011907049971217,-0.21168615237813448,0.09794209446890692,82.29122096536452,82.38916305983342
6.225999999999536,0.07171149594168859,-0.2623000867322776,-0.20210103464305684,0.09959140727020917,82.28967723453354,82.38926864180375
6.227999999999536,0.07118473374247902,-0.26445962657273403,-0.19251478595233062,0.10123804784068847,82.28813200349543,82.38937005133613
6.229999999999536,0.07065367404277653,-0.26659756684984787,-0.18292808427932217,0.10288151830665623,82.28658567878371,82.38946719709037
6.231999999999536,0.0701183601634005,-0.26871378607379054,-0.17334160672806964,0.10452132308962325,82.28503866618986,82.38955998927949
6.2339999999995355,0.06957883566646324,-0.27080816444266564,-0.16375602948642398,0.10615696903963201,82.28349137065086,82.3896483396905
6.235999999999535,0.06903514435198765,-0.2728805838489137,-0.15417202777930106,0.10778796556756284,82.28194419613735,82.38973216170491
6.237999999999535,0.06848733025451234,-0.27493092788559453,-0.14459027582204909,0.10941382477637944,82.28039754554237,82.38981137031875
6.239999999999535,0.0679354376396841,-0.27695908185254586,-0.1350114467739344,0.11103406159127902,82.27885182057062,82.3898858821619
6.241999999999535,0.0673795110008384,-0.2789649327624186,-0.12543621269174932,0.11264819388871367,82.27730742162844,82.38995561551715
6.243999999999534,0.06681959505556778,-0.28094836934658796,-0.11586524448354674,0.11425574262424924,82.2757647477143,82.39002049033856
6.245999999999534,0.06625573474227862,-0.28290928206093974,-0.10629921186250191,0.11585623195922906,82.2742241963101,82.39008042826933
6.247999999999534,0.06568797521673642,-0.28484756309153186,-0.0967387833009068,0.11744918938620867,82.27268616327306,82.39013535265927
6.249999999999534,0.06511636184859992,-0.2867631063601302,-0.08718462598430043,0.1190341458531305,82.2711510427284,82.39018518858154
6.2519999999995335,0.06454094021794429,-0.2886558075296186,-0.07763740576573885,0.12061063588620619,82.26961922696287,82.39022986284908
6.253999999999533,0.06396175611177352,-0.2905255640092826,-0.06809778712020575,0.12217819771147484,82.26809110631882,82.3902693040303
6.255999999999533,0.0633788555205225,-0.29237227495996626,-0.05856643309916998,0.12373637337500651,82.2665670690893,82.39030344246432
6.257999999999533,0.06279228463454886,-0.2941958412991021,-0.0490440052852924,0.12528470886171988,82.2650475014141,82.39033221027582
6.259999999999533,0.06220208984061484,-0.2959961657056133,-0.03953116374728449,0.126822754212785,82.26353278717627,82.39035554138906
6.261999999999532,0.06160831771835953,-0.2977731526246882,-0.030028566994921735,0.12835006364158105,82.26202330789988,82.39037337154146
6.263999999999532,0.06101101503676169,-0.29952670827242595,-0.020536871934218937,0.12986619564817825,82.26051944264871,82.39038563829689
6.265999999999532,0.06041022875059341,-0.3012567406403543,-0.011056733822765064,0.13137071313231855,82.25902156792564,82.39039228105796
6.267999999999532,0.05980600599686479,-0.30296315949981767,-0.001588806225225503,0.13286318350486365,82.25753005757325,82.39039324107812
6.2699999999995315,0.059198394091260084,-0.30464587640623625,0.007866259030987477,0.13434317879768473,82.25604528267536,82.39038846147304
6.271999999999531,0.058587440524565396,-0.30630480470323507,0.017307811899871628,0.13581027577196575,82.25456761145946,82.39037788723142
6.273999999999531,0.05797319295908822,-0.30793985952664327,0.026735204160816206,0.13726405602489392,82.25309740920052,82.39036146522541
6.275999999999531,0.05735569922506919,-0.3095509578083628,0.03614778946240438,0.13870410609470984,82.25163503812549,82.39033914422019
6.277999999999531,0.05673500731708615,-0.31113801828010645,0.04554492336603366,0.140130017564095,82.25018085731921,82.3903108748833
6.27999999999953,0.05611116539045093,-0.312700961477005,0.05492596338935141,0.14154138716186673,82.2487352226313,82.39027660979316
6.28199999999953,0.055484221757599,-0.31423970974108273,0.06429026904950064,0.14293781686295998,82.2472984865843,82.39023630344725
6.28399999999953,0.05485422488447231,-0.3157541872246018,0.07363720190617551,0.14431891398667002,82.24587099828273,82.39018991226939
6.28599999999953,0.054221223386895626,-0.31724431989327445,0.08296612560448047,0.145684291293132,82.24445310332382,82.39013739461696
6.2879999999995295,0.05358526602694651,-0.31871003552934307,0.09227640591759267,0.14703356707801635,82.2430451437089,82.39007871078691
6.289999999999529,0.05294640170931927,-0.32015126373452807,0.10156741078922105,0.1483663652654148,82.24164745775656,82.39001382302197
6.291999999999529,0.05230467947768322,-0.32156793593284294,0.11083851037586345,0.1496823154988985,82.24026038001661,82.3899426955155
6.293999999999529,0.05166014851103536,-0.32295998537327647,0.12008907708885364,0.1509810532307228,82.23888424118577,82.3898652944165
6.295999999999529,0.05101285812004787,-0.324327347132342,0.1293184856361993,0.15226221980916235,82.23751936802428,82.38978158783344
6.297999999999528,0.05036285774341062,-0.32566995811649335,0.13852611306420537,0.15352546256395277,82.23616608327404,82.38969154583799
6.299999999999528,0.049710196944169005,-0.326987757064407,0.14771133879888043,0.15477043488982128,82.23482470557805,82.38959514046788
6.301999999999528,0.04905492540605731,-0.328280684549131,0.156873544687124,0.15599679632808622,82.23349554940131,82.3894923457294
6.303999999999528,0.04839709292982797,-0.3295486829800996,0.16601211503768887,0.15720421264630813,82.2321789249529,82.38938313759921
6.3059999999995275,0.04773674942957685,-0.3307916966050141,0.17512643666191952,0.15839235591597334,82.2308751381097,82.38926749402567
6.307999999999527,0.047073944929065,-0.33200967151158967,0.18421589891425977,0.15956090458819389,82.2295844903413,82.38914539492949
6.309999999999527,0.04640872955803695,-0.3332025556291672,0.19327989373252935,0.16070954356740616,82.22830727863665,82.38901682220406
6.311999999999527,0.045741153548536,-0.33437029873019136,0.2023178156779648,0.16183796428305333,82.2270437954318,82.38888175971485
6.313999999999527,0.04507126723121662,-0.33551285243155404,0.21132906197502271,0.16294586475923536,82.22579432853945,82.38874019329869
6.315999999999526,0.04439912103165436,-0.33663017019580244,0.22031303255094187,0.16403294968231188,82.22455916107977,82.38859211076208
6.317999999999526,0.043724765466653416,-0.3377222073322131,0.22926913007506128,0.16509893046644422,82.22333857141285,82.3884375018793
6.319999999999526,0.043048251140552246,-0.3387889209977307,0.23819675999789203,0.16614352531706209,82.22213283307268,82.38827635838975
6.321999999999526,0.04236962874152739,-0.33983027019777223,0.247095330589939,0.167166459292244,82.22094221470248,82.38810867399472
6.323999999999526,0.04168894903789583,-0.3408462157868956,0.2559642529802706,0.16816746436199598,82.2197669799919,82.3879344443539
6.325999999999525,0.041006262874416194,-0.34183672046933383,0.26480294119483294,0.16914627946542043,82.21860738761549,82.38775366708091
6.327999999999525,0.04032162116858896,-0.3428017487993938,0.2736108121945057,0.17010265056576032,82.21746369117298,82.38756634173875
6.329999999999525,0.03963507490695602,-0.34374126718172004,0.282387285912898,0.17103633070331292,82.21633613913096,82.38737246983428
6.331999999999525,0.03894667514139987,-0.3446552438714235,0.29113178529387995,0.1719470800461984,82.2152249747663,82.3871720548125
6.3339999999995245,0.038256472985442685,-0.34554364897407486,0.29984373632884825,0.17283466593897737,82.21413043611118,82.38696510205015
6.335999999999524,0.03756451961054548,-0.3464064544455633,0.30852256809372286,0.17369886294910813,82.21305275589971,82.38675161884882
6.337999999999524,0.03687086624240777,-0.34724363409181974,0.3171677127856718,0.17453945291123557,82.21199216151616,82.3865316144274
6.339999999999524,0.03617556415726785,-0.3480551635684055,0.3257786057595618,0.1753562249693041,82.21094887494498,82.38630509991428
6.341999999999524,0.03547866467820409,-0.34884102037996567,0.33435468556413245,0.17614897561648893,82.2099231127223,82.38607208833878
6.343999999999523,0.03478021917143741,-0.3496011838795479,0.34289539397789043,0.17691750873293927,82.20891508588925,82.38583259462219
6.345999999999523,0.03408027904263526,-0.35033563526778616,0.35140017604472173,0.17766163562132817,82.2079249999469,82.38558663556823
6.347999999999523,0.03337889573321744,-0.35104435759194996,0.3598684801092197,0.17838117504020415,82.20695305481291,82.38533422985311
6.349999999999523,0.03267612071666382,-0.35172733574485904,0.36829975785172553,0.17907595323514136,82.20599944477983,82.38507539801498
6.3519999999995225,0.03197200549482449,-0.3523845564636634,0.3766934643230799,0.17974580396768425,82.20506435847531,82.384810162443
6.353999999999522,0.031266601594232425,-0.3530160083284894,0.3850490579790819,0.18039056854208432,82.20414797882354,82.38453854736562
6.355999999999522,0.030559960562418984,-0.35362168176095116,0.39336600071465455,0.18101009582982613,82.2032504830091,82.38426057883892
6.357999999999522,0.02985213396423256,-0.3542015690225286,0.40164375789771245,0.18160424229194333,82.20237204244195,82.38397628473389
6.359999999999522,0.029143173378160584,-0.3547556642128111,0.40988179840273153,0.18217287199912083,82.20151282272441,82.38368569472352
6.361999999999521,0.028433130392655163,-0.3552839632676079,0.4180795946440163,0.18271585664958634,82.20067298361987,82.38338884026945
6.363999999999521,0.027722056602462658,-0.3557864639569251,0.4262366226086642,0.18323307558478774,82.19985267902321,82.383085754608
6.365999999999521,0.027010003604957422,-0.35626316588280904,0.4343523618892236,0.18372441580286164,82.19905205693301,82.38277647273587
6.367999999999521,0.026297022996479995,-0.35671407047705733,0.44242629571604386,0.18418977196989253,82.19827125942543,82.38246103139532
6.3699999999995205,0.025583166368679997,-0.3571391809987967,0.4504579109893147,0.18462904642896522,82.1975104226298,82.38213946905877
6.37199999999952,0.02486848530486402,-0.3575385025319287,0.45844669831079343,0.1850421492070136,82.19676967670627,82.38181182591327
6.37399999999952,0.024153031376348725,-0.357912041982443,0.4663921520152172,0.18542899801947013,82.19604914582479,82.38147814384426
6.37599999999952,0.023436856138819493,-0.35825980807559893,0.47429377020139873,0.185789518272719,82.19534894814615,82.38113846641886
6.37799999999952,0.022720011128694793,-0.35858181135297557,0.4821510547630029,0.18612364306436027,82.19466919580469,82.38079283886906
6.379999999999519,0.022002547859496617,-0.35887806416939017,0.4899635114190032,0.1864313131812876,82.19400999489278,82.38044130807407
6.381999999999519,0.021284517818227194,-0.35914858068968614,0.49773064974381415,0.18671247709558741,82.19337144544696,82.38008392254254
6.383999999999519,0.02056597246175227,-0.3593933768853901,0.5054519831971003,0.1869670909582668,82.19275364143604,82.3797207323943
6.385999999999519,0.019846963213191186,-0.35961247053123874,0.5131270291532575,0.18719511859081667,82.19215667075079,82.37935178934161
6.3879999999995185,0.019127541458314044,-0.35980588120157597,0.5207553089305657,0.187396531474617,82.19158061519548,82.3789771466701
6.389999999999518,0.01840775854194622,-0.3599736302666205,0.5283363478200115,0.1875713087381964,82.19102555048109,82.37859685921929
6.391999999999518,0.017687665764380436,-0.3601157408886042,0.5358696751137788,0.1877194371423514,82.19049154622033,82.37821098336268
6.393999999999518,0.01696731437779672,-0.36023223801778226,0.5433548241334041,0.1878409110631375,82.18997866592444,82.37781957698758
6.395999999999518,0.016246755582690467,-0.36032314838831436,0.5507913322575972,0.18793573247274079,82.18948696700171,82.37742269947445
6.397999999999517,0.01552604052430883,-0.3603885005140187,0.5581787409497241,0.18800391091824475,82.18901650075765,82.37702041167589
6.399999999999517,0.014805220289095788,-0.36042832468399855,0.5655165957849491,0.18804546349829782,82.188567312397,82.3766127758953
6.401999999999517,0.014084345901146045,-0.3604426529581415,0.5728044464770392,0.1880604148377001,82.1881394410275,82.3761998558652
6.403999999999517,0.013363468318668068,-0.3604315191624928,0.5800418469048225,0.18804879705991748,82.18773291966536,82.37578171672529
6.4059999999995165,0.012642638430456512,-0.3603949588845024,0.5872283551383048,0.18801064975753998,82.18734777524222,82.37535842499976
6.407999999999516,0.01192190705237427,-0.3603330094681471,0.5943635334644397,0.1879460199606943,82.18698402861425,82.37493004857494
6.409999999999516,0.011201324923844406,-0.3602457100089271,0.6014469484125515,0.18785496210342872,82.18664169457263,82.37449665667606
6.411999999999516,0.010480942704352209,-0.3601331013487386,0.6084781707794101,0.18773753798808393,82.18632078185587,82.37405831984395
6.413999999999516,0.009760810969957644,-0.35999522607062284,0.6154567756539551,0.18759381674766412,82.1860212931637,82.37361510991137
6.415999999999515,0.009040980209818415,-0.35983212849339113,0.6223823424416692,0.18742387480622663,82.1857432251729,82.37316709997913
6.417999999999515,0.008321500822723907,-0.3596438546661279,0.6292544548885981,0.1872277958373056,82.1854865685543,82.3727143643916
6.419999999999515,0.007602423113640239,-0.3594304523625713,0.6360727011050168,0.18700567072038587,82.18525130799216,82.37225697871254
6.421999999999515,0.00688379729026668,-0.3591919710753722,0.6428366735887403,0.1867575974954476,82.18503742220456,82.3717950197
6.4239999999995145,0.0061656734596036685,-0.3589284620102326,0.6495459692480776,0.18648368131559667,82.18484488396571,82.3713285652813
6.425999999999514,0.005448101624532673,-0.3586399780799234,0.6562001894244285,0.18618403439780157,82.18467366012996,82.37085769452776
6.427999999999514,0.004731131680408143,-0.3583265738981829,0.6627989399145201,0.18585877597175549,82.18452371165728,82.37038248762903
6.429999999999514,0.004014813411661774,-0.3579883057734956,0.6693418309922844,0.18550803222688336,82.18439499364037,82.36990302586725
6.431999999999514,0.003299196488419337,-0.35762523170275357,0.6758284774303734,0.18513193625751329,82.18428745533348,82.369419391591
6.433999999999513,0.0025843304631303055,-0.35723741136479936,0.6822584985213138,0.1847306280062344,82.1842010401827,82.36893166818894
6.435999999999513,0.0018702647672105093,-0.35682490611385226,0.6886315180982957,0.18430425420546143,82.18413568585791,82.36843994006337
6.437999999999513,0.0011570487076980546,-0.35638777897281804,0.6949471645555995,0.18385296831722805,82.18409132428606,82.36794429260328
6.439999999999513,0.0004447314639227399,-0.35592609462648334,0.7012050708686556,0.1833769304712299,82.18406788168646,82.36744481215769
6.441999999999513,-0.0002666379158108018,-0.35543991941459485,0.7074048746137392,0.182876307401142,82.18406527860706,82.36694158600821
6.443999999999512,-0.0009770105175260046,-0.3549293213248244,0.7135462179872977,0.18235127237923146,82.18408342996264,82.36643470234188
6.445999999999512,-0.001686337564863089,-0.35439436998562085,0.7196287478249088,0.1818020051492902,82.18412224507425,82.36592425022354
6.447999999999512,-0.0023945704223533714,-0.3538351366589487,0.7256521156198726,0.18122869185791032,82.18418162771037,82.36541031956828
6.449999999999512,-0.003101660598678938,-0.3532516942329156,0.7316159775414312,0.1806315249841283,82.1842614761293,82.36489300111342
6.4519999999995115,-0.0038075597499174652,-0.3526441172142877,0.7375199944526205,0.18001070326746005,82.18436168312313,82.36437238639058
6.453999999999511,-0.004512219682771957,-0.3520124817208954,0.74336383192775,0.17936643163435462,82.1844821360632,82.36384856769754
6.455999999999511,-0.005215592357785185,-0.3513568654739292,0.7491471602695103,0.17869892112309038,82.18462271694676,82.36332163806985
6.457999999999511,-0.005917629892538615,-0.35067734779012666,0.7548696545257102,0.17800838880713887,82.18478330244534,82.36279169125248
6.459999999999511,-0.006618284564835591,-0.3499740095738515,0.7605309945056394,0.1772950577170248,82.18496376395427,82.36225882167129
6.46199999999951,-0.007317508815868581,-0.34924693330906537,0.766130864796059,0.17655915676070746,82.18516396764352,82.36172312440422
6.46399999999951,-0.00801525525337025,-0.34849620305119344,0.7716689547768165,0.1758009206425094,82.18538377451023,82.36118469515274
6.46599999999951,-0.008711476654748166,-0.34772190441888456,0.7771449586360895,0.1750205897806221,82.1856230404321,82.36064363021272
6.46799999999951,-0.009406125970202916,-0.34692412458566635,0.7825585753852508,0.17421841022321397,82.18588161622255,82.36010002644576
6.4699999999995095,-0.01009915632582943,-0.3461029522714969,0.7879095088733619,0.17339463356317042,82.18615934768674,82.35955398124992
6.471999999999509,-0.010790521026701309,-0.3452584777342134,0.7931974678012881,0.17254951685149292,82.18645607567915,82.35900559253064
6.473999999999509,-0.011480173559937945,-0.34439079276087886,0.7984221657354399,0.17168332250938637,82.18677163616242,82.3584549586718
6.475999999999509,-0.01216806759775423,-0.3434999906590271,0.8035833211211372,0.17079631823906372,82.18710586026714,82.35790217850621
6.477999999999509,-0.012854157000492661,-0.3425861662478083,0.8086806572955965,0.1698887769332962,82.18745857435317,82.35734735128646
6.479999999999508,-0.013538395819637634,-0.3416494158490345,0.8137139025005432,0.16896097658374015,82.18782960007191,82.35679057665564
6.481999999999508,-0.014220738300811725,-0.340689837278127,0.8186827898944453,0.16801320018806795,82.18821875442994,82.35623195461801
6.483999999999508,-0.014901138886753778,-0.3397075298349661,0.8235870575643713,0.16704573565593553,82.18862584985354,82.35567158550947
6.485999999999508,-0.015579552220278589,-0.33870259429464405,0.8284264485374699,0.1660588757138149,82.1890506942547,82.35510956996852
6.4879999999995075,-0.016255933147218005,-0.3376751328981228,0.833200710792074,0.16505291780872292,82.18949309109776,82.35454600890648
6.489999999999507,-0.016930236719343236,-0.3366252493427963,0.8379095972684256,0.16402816401087644,82.18995283946767,82.35398100347854
6.491999999999507,-0.0176024181972682,-0.3355530487729599,0.842552865879025,0.1629849209153063,82.19042973413876,82.35341465505407
6.493999999999507,-0.01827243305333373,-0.3344586377701859,0.8471302795186018,0.1619234995424592,82.19092356564497,82.35284706518742
6.495999999999507,-0.018940236974472408,-0.33334212434360816,0.8516416060737091,0.16084421523781992,82.19143412035088,82.3522783355887
6.497999999999506,-0.019605785865053908,-0.3322036179201151,0.8560866184319404,0.15974738757058654,82.19196118052368,82.35170856809427
6.499999999999506,-0.020269035849710616,-0.33104322933445324,0.8604650944907692,0.15863334023142692,82.19250452440639,82.35113786463782
6.501999999999506,-0.020929943276143382,-0.32986107081924154,0.8647768171660126,0.15750240092935378,82.19306392629154,82.3505663272209
6.503999999999506,-0.021588464717907194,-0.32865725599489803,0.8690215743999169,0.15635490128774385,82.19363915659636,82.3499940578841
6.5059999999995055,-0.022244556977176637,-0.32743189985947907,0.873199159168868,0.15519117673953944,82.19422998193826,82.3494211586778
6.507999999999505,-0.022898177087490933,-0.3261851187784331,0.8773093694907246,0.15401156642166122,82.19483616521161,82.34884773163327
6.509999999999505,-0.023549282316478414,-0.3249170304742693,0.8813520084317755,0.15281641306866486,82.19545746566521,82.34827387873388
6.511999999999505,-0.024197830168560232,-0.3236277540161421,0.8853268841133227,0.1516060629056757,82.19609363898053,82.3476997018862
6.513999999999505,-0.02484377838763317,-0.3223174098093531,0.8892338097178865,0.15038086554063362,82.19674443735077,82.34712530289141
6.515999999999504,-0.025487084959731364,-0.32098611958477086,0.8930726034950378,0.1491411738558796,82.1974096095608,82.34655078341667
6.517999999999504,-0.026127708115666802,-0.3196340063881701,0.8968430887668554,0.1478873438991187,82.19808890106763,82.34597624496675
6.519999999999504,-0.026765606333648388,-0.31826119456949054,0.9005450939330082,0.14661973477379175,82.19878205408185,82.34540178885564
6.521999999999504,-0.027400738341879477,-0.3168678097720177,0.904178452475465,0.14533870852888806,82.19948880764946,82.34482751617834
6.5239999999995035,-0.028033063121133683,-0.3154539789214852,0.9077430029628302,0.14404463004823395,82.20020889773473,82.34425352778295
6.525999999999503,-0.028662539907308812,-0.314019830215101,0.9112385890543072,0.14273786693928878,82.2009420573033,82.34367992424258
6.527999999999503,-0.029289128193958767,-0.3125654931104975,0.9146650595032901,0.14141878942148206,82.20168801640627,82.34310680582774
6.529999999999503,-0.02991278773480329,-0.31109109831460735,0.9180222681605827,0.1400877702141254,82.20244650226454,82.34253427247866
6.531999999999503,-0.03053347854621538,-0.3095967777724654,0.9213100739772476,0.13874518442393238,82.20321723935409,82.34196242377803
6.533999999999502,-0.031151160909686233,-0.3080826646559387,0.9245283410070846,0.13739140943217923,82.20399994949132,82.3413913589235
6.535999999999502,-0.031765795374267575,-0.30654889335238444,0.9276769384087398,0.1360268247815397,82.20479435191942,82.34082117670096
6.537999999999502,-0.03237734275899124,-0.30499559945323806,0.9307557404474447,0.13465181206262797,82.20560016339479,82.34025197545742
6.539999999999502,-0.03298576415526587,-0.3034229197425318,0.9337646264963886,0.13326675480028213,82.20641709827417,82.33968385307446
6.5419999999995015,-0.03359102092925056,-0.30183099218534526,0.9367034810377224,0.13187203833962222,82.20724486860217,82.3391169069418
6.543999999999501,-0.03419307472420534,-0.30021995591618844,0.9395721936631961,0.13046804973191495,82.20808318419903,82.33855123393094
6.545999999999501,-0.034791887462818374,-0.29858995122731924,0.9423706590744303,0.12905517762027913,82.20893175274905,82.33798693036933
6.547999999999501,-0.03538742134950973,-0.29694111955699565,0.9450987770828222,0.12763381212526492,82.20979027988912,82.33742409201439
6.549999999999501,-0.03597963887271155,-0.29527360347766407,0.9477564526090886,0.1262043447303392,82.21065846929775,82.3368628140281
6.5519999999995004,-0.036568502807124585,-0.2935875466840851,0.9503435956824436,0.12476716816731073,82.2115360227842,82.33630319095151
6.5539999999995,-0.037153976215950894,-0.29188309398139717,0.9528601214394161,0.12332267630172758,82.21242264037814,82.33574531667986
6.5559999999995,-0.03773602245310261,-0.29016039127311993,0.9553059501223033,0.12187126401827941,82.21331802041934,82.33518928443762
6.5579999999995,-0.03831460516538666,-0.28841958554909797,0.957681007077266,0.12041332710623781,82.21422185964771,82.33463518675394
6.5599999999995,-0.038889688294665284,-0.28666082487338596,0.9599852227520624,0.11894926214496677,82.21513385329354,82.3340831154385
6.561999999999499,-0.03946123607999235,-0.2848842583720765,0.9622185326934247,0.11747946638953624,82.21605369516766,82.3335331615572
6.563999999999499,-0.040029213059725156,-0.2830900362210719,0.9643808775440765,0.11600433765646971,82.21698107775224,82.3329854154087
6.565999999999499,-0.040593584073611806,-0.28127830963380035,0.9664722030393953,0.11452427420965997,82.21791569229114,82.3324399665008
6.567999999999499,-0.041154314264853914,-0.27944923084887857,0.9684924600037188,0.11303967464648357,82.21885722888084,82.33189690352732
6.5699999999994985,-0.041711369082144616,-0.2776029531177208,0.9704416043462962,0.11155093778414624,82.21980537656098,82.33135631434513
6.571999999999498,-0.04226471428168172,-0.2757396306920965,0.9723195970568879,0.1100584625462907,82.22075982340543,82.33081828595172
6.573999999999498,-0.042814315929155945,-0.2738594188116368,0.9741264042010103,0.10856264784989918,82.22172025661284,82.33028290446273
6.575999999999498,-0.0433601404017141,-0.2719624736912914,0.975861996914833,0.10706389249252042,82.22268636259767,82.32975025509019
6.577999999999498,-0.04390215438989713,-0.27004895250873695,0.9775263513997238,0.10556259503985428,82.22365782708088,82.32922042212074
6.579999999999497,-0.044440324899552956,-0.2681190133917377,0.9791194489164452,0.10405915371372272,82.22463433518064,82.32869348889436
6.581999999999497,-0.04497461925372397,-0.2661728154054598,0.9806412757790051,0.10255396628045998,82.22561557150284,82.3281695377833
6.583999999999497,-0.04550500509450912,-0.26421051853974004,0.9820918233481593,0.10104742993975033,82.22660122023176,82.32764865017151
6.585999999999497,-0.04603145038490044,-0.2622322836963108,0.9834710880245712,0.09953994121394506,82.22759096522036,82.3271309064343
6.5879999999994965,-0.04655392341059411,-0.2602382726759813,0.984779071241626,0.09803189583788867,82.22858449008035,82.32661638591824
6.589999999999496,-0.04707239278177569,-0.25822864816577706,0.9860157794579038,0.09652368864928329,82.22958147827237,82.32610516692165
6.591999999999496,-0.04758682743487968,-0.25620357372603814,0.987181224149311,0.0950157134796212,82.23058161319565,82.32559732667528
6.593999999999496,-0.04809719663432323,-0.25416321377747764,0.9882754218008731,0.0935083630457153,82.23158457827758,82.32509294132329
6.595999999999496,-0.048603469974213886,-0.25210773358820127,0.9892983938981875,0.09200202884185528,82.23259005706294,82.3245920859048
6.597999999999495,-0.04910561738003139,-0.2500372992606892,0.9902501669185414,0.09049710103261968,82.23359773330289,82.32409483433551
6.599999999999495,-0.04960360911028337,-0.24795207771874095,0.9911307723216922,0.0889939683463708,82.23460729104377,82.32360125939014
6.601999999999495,-0.05009741575813489,-0.24585223669438522,0.9919402465403157,0.08749301796946211,82.23561841471516,82.32311143268463
6.603999999999495,-0.05058700825301179,-0.24373794471475455,0.9926786309701193,0.08599463544118478,82.23663078921807,82.32262542465925
6.6059999999994945,-0.05107235786217775,-0.24160937108892697,0.9933459719596269,0.08449920454948151,82.23764410001236,82.32214330456185
6.607999999999494,-0.051553436192285,-0.239466685894735,0.9939423207996314,0.08300710722745501,82.238658033204,82.32166514043146
6.609999999999494,-0.0520302151908986,-0.23731005996554339,0.99446773371232,0.0815187234506978,82.23967227563175,82.32119099908245
6.611999999999494,-0.052502667147994266,-0.2351396648769966,0.9949222718400728,0.08003443113546962,82.24068651495342,82.3207209460889
6.613999999999494,-0.05297076469742965,-0.23295567293373712,0.9953060012339359,0.07855460603774987,82.24170043973163,82.32025504576939
6.615999999999493,-0.053434480818389044,-0.23075825715609538,0.9956189928417707,0.07707962165318968,82.2427137395192,82.31979336117239
6.617999999999493,-0.0538937888368014,-0.22854759126675295,0.9958613224960812,0.07560984911799025,82.24372610494378,82.31933595406177
6.619999999999493,-0.0543486624267317,-0.2263238496773793,0.9960330709015198,0.07414565711073204,82.24473722779216,82.31888288490289
6.621999999999493,-0.05479907561174553,-0.22408720747524388,0.9961343236220757,0.07268741175518063,82.24574680109379,82.31843421284897
6.6239999999994925,-0.05524500276624691,-0.22183784040980398,0.9961651710679431,0.07123547652409223,82.24675451920393,82.31798999572803
6.625999999999492,-0.05568641861678918,-0.21957592487926988,0.996125708482077,0.06979021214404499,82.24776007788607,82.31755029003011
6.627999999999492,-0.05612329824335909,-0.217301637917148,0.9960160359264316,0.0683519765013186,82.24876317439366,82.31711515089498
6.629999999999492,-0.056555617080633946,-0.21501515717876318,0.9958362582678868,0.06692112454884569,82.24976350755126,82.3166846321001
6.631999999999492,-0.0569833509192117,-0.21271666092776131,0.9955864851638658,0.06549800821425894,82.25076077783511,82.31625878604937
6.633999999999491,-0.057406475906814115,-0.210406328022593,0.9952668310476397,0.06408297630905604,82.25175468745273,82.31583766376178
6.635999999999491,-0.05782496854946283,-0.2080843379029795,0.9948774151133271,0.0626763744389042,82.25274494042205,82.31542131486096
6.637999999999491,-0.05823880571262836,-0.2057508705763621,0.9944183613005873,0.06127854491510772,82.25373124264969,82.3150097875648
6.639999999999491,-0.05864796462235198,-0.20340610660433542,0.9938897982790078,0.05988982666725819,82.25471330200857,82.31460312867583
6.6419999999994905,-0.05905242286634045,-0.20105022708906628,0.9932918594321907,0.058510555157090006,82.25569082841459,82.31420138357167
6.64399999999949,-0.059452158395033566,-0.1986834136596988,0.992624682841537,0.057141062293561196,82.25666353390258,82.31380459619615
6.64599999999949,-0.05984714952264451,-0.1963058484587467,0.9918884112697333,0.055781676349179576,82.25763113270159,82.31341280905077
6.64799999999949,-0.06023737492817298,-0.19391771412847394,0.9910831921439386,0.054432721877594716,82.2585933413091,82.31302606318668
6.64999999999949,-0.06062281365639106,-0.19151919379726465,0.9902091775386777,0.053094519632474815,82.25954987856444,82.31264439819692
6.651999999999489,-0.06100344511880182,-0.18911047106598333,0.98926652415844,0.0517673864876876,82.26050046572152,82.3122678522092
6.653999999999489,-0.06137924909457064,-0.1866917299943263,0.9882553933199849,0.05045163535880339,82.26144482652046,82.31189646187926
6.655999999999489,-0.06175020573142922,-0.18426315508716534,0.987175950934359,0.04914757512593942,82.26238268725835,82.3115302623843
6.657999999999489,-0.06211629554655226,-0.18182493128088473,0.9860283674886229,0.04785551055796243,82.26331377685918,82.31116928741714
6.6599999999994886,-0.06247749942740683,-0.17937724392971213,0.984812818027292,0.04657574223806656,82.26423782694275,82.31081356918081
6.661999999999488,-0.06283379863257439,-0.17692027879204497,0.9835294821334926,0.04530856649074428,82.26515457189264,82.31046313838338
6.663999999999488,-0.06318517479254544,-0.17445422201677277,0.9821785439098338,0.04405427531016609,82.26606374892324,82.3101180242334
6.665999999999488,-0.06353160991048684,-0.1719792601295965,0.9807601919589999,0.04281315628998491,82.2669650981457,82.30977825443568
6.667999999999488,-0.06387308636298174,-0.1694955800193461,0.9792746193640613,0.04158549255458107,82.267858362633,82.30944385518758
6.6699999999994874,-0.06420958690074216,-0.1670033689242968,0.9777220236685096,0.04037156269176249,82.26874328848388,82.30911485117564
6.671999999999487,-0.06454109464929421,-0.16450281441848555,0.9761026068560152,0.03917164068693486,82.26961962488586,82.3087912655728
6.673999999999487,-0.06486759310963593,-0.16199410439802817,0.9744165753299132,0.03798599585875616,82.27048712417707,82.30847312003583
6.675999999999487,-0.06518906615886774,-0.15947742706743823,0.9726641398924156,0.03681489279628844,82.2713455419071,82.30816043470338
6.677999999999487,-0.06550549805079563,-0.15695297092594881,0.9708455157235539,0.03565859129766098,82.27219463689684,82.3078532281945
6.679999999999486,-0.06581687341650683,-0.15442092475383784,0.9689609223598539,0.03451734631025689,82.27303417129701,82.30755151760727
6.681999999999486,-0.0661231772649183,-0.15188147759875786,0.967010583672744,0.0333914078724356,82.27386391064586,82.30725531851829
6.683999999999486,-0.06642439498329782,-0.14933481876207147,0.9649947278466987,0.03228102105680326,82.27468362392553,82.30696464498233
6.685999999999486,-0.06672051233775768,-0.14678113778519294,0.9629135873571211,0.031186425915041983,82.27549308361736,82.3066795095324
6.6879999999994855,-0.06701151547372122,-0.14422062443593728,0.9607673989479626,0.03010785742430913,82.27629206575615,82.30639992318046
6.689999999999485,-0.06729739091636196,-0.14165346869487735,0.9585564036090868,0.02904554543521672,82.27708034998311,82.30612589541832
6.691999999999485,-0.06757812557101545,-0.1390798607417102,0.9562808465533743,0.02799971462140118,82.27785771959772,82.30585743421912
6.693999999999485,-0.06785370672356393,-0.1364999909416331,0.9539409771935748,0.026970584430692536,82.27862396160845,82.30559454603913
6.695999999999485,-0.06812412204079371,-0.13391404983173077,0.9515370491189055,0.025958369037892334,82.27937886678218,82.30533723582008
6.697999999999484,-0.06838935957072537,-0.13132222810737404,0.9490693200713987,0.024963277299168335,82.28012222969267,82.30508550699183
6.699999999999484,-0.06864940774291667,-0.12872471660863116,0.9465380519220017,0.023985512708074617,82.28085384876735,82.30483936147543
6.701999999999484,-0.06890425536873845,-0.12612170630669278,0.943943510646429,0.023025273353203844,82.28157352633355,82.30459879968674
6.703999999999484,-0.06915389164162329,-0.12351338829031096,0.9412859663007701,0.02208275187747935,82.28228106866285,82.30436382054033
6.7059999999994835,-0.06939830613728706,-0.12089995375225353,0.9385656929968548,0.021158135439093458,82.28297628601466,82.30413442145375
6.707999999999483,-0.06963748881392347,-0.1182815939757745,0.9357829688773777,0.020251605674097662,82.28365899267837,82.30391059835247
6.709999999999483,-0.06987143001237146,-0.11565850032110124,0.9329380760907836,0.019363338660651232,82.2843290070142,82.30369234567485
6.711999999999483,-0.07010012045625574,-0.11303086421193956,0.9300313007659171,0.018493504884932264,82.2849861514929,82.30347965637783
6.713999999999483,-0.07032355125210019,-0.11039887712199714,0.9270629329864366,0.017642269208716713,82.28563025273428,82.303272521943
6.715999999999482,-0.07054171388941445,-0.10776273056152658,0.9240332667649962,0.016809790838629095,82.28626114154399,82.30307093238262
6.717999999999482,-0.07075460024075357,-0.10512261606388847,0.9209426000171976,0.015996223297068676,82.2868786529498,82.30287487624686
6.719999999999482,-0.0709622025617508,-0.10247872517213569,0.9177912345353126,0.015201714394814478,82.28748262623577,82.30268434063059
6.721999999999482,-0.07116451349112358,-0.09983124942561947,0.9145794759617794,0.014426406205311664,82.28807290497579,82.30249931118111
6.7239999999994815,-0.07136152605065278,-0.09718038034661816,0.9113076337624748,0.013670435040641781,82.28864933706535,82.30231977210599
6.725999999999481,-0.07155323364513518,-0.09452630942698952,0.9079760211997641,0.012933931429178312,82.28921177475237,82.30214570618155
6.727999999999481,-0.07173963006230931,-0.09186922811484724,0.9045849553053308,0.012217020094929396,82.28976007466645,82.30197709476137
6.729999999999481,-0.07192070947275468,-0.08920932780126264,0.9011347568527877,0.011519819938568047,82.29029409784688,82.30181391778545
6.731999999999481,-0.07209646642976443,-0.08654679980699218,0.8976257503300722,0.010842444020150466,82.29081370976961,82.30165615378976
6.73399999999948,-0.0722668958691914,-0.08388183536923166,0.8940582639116286,0.010184999543522531,82.29131878037232,82.30150377991585
6.73599999999948,-0.07243199310926783,-0.08121462562839799,0.8904326294303773,0.009547587842413574,82.29180918407877,82.30135677192119
6.73799999999948,-0.07259175385039864,-0.078545361614939,0.8867491823494743,0.008930304368216726,82.29228479982146,82.30121510418968
6.73999999999948,-0.07274617417492825,-0.07587423423617246,0.8830082617338644,0.00833323867945412,82.29274551106305,82.3010787497425
6.7419999999994795,-0.07289525054688126,-0.07320143426315477,0.8792102102216274,0.007756474432925197,82.29319120581654,82.30094768024946
6.743999999999479,-0.07303897981167677,-0.07052715231758029,0.8753553739951222,0.007200089376535616,82.29362177666405,82.3008218660406
6.745999999999479,-0.07317735919581664,-0.0678515788587119,0.8714441027519283,0.006664155343803919,82.29403712077412,82.30070127611792
6.747999999999479,-0.07331038630654751,-0.0651749041703437,0.8674767496755902,0.006148738250042671,82.29443713991797,82.30058587816802
6.749999999999479,-0.07343805913149697,-0.062497318347796496,0.8634536714061626,0.005653898090210258,82.29482174048428,82.3004756385745
6.751999999999478,-0.07356037603828351,-0.05981901128494687,0.8593752280105627,0.005179688938429232,82.29519083349246,82.30037052243088
6.753999999999478,-0.07367733577410081,-0.05714017266129059,0.8552417829527289,0.004726158949166404,82.29554433460495,82.30027049355412
6.755999999999478,-0.07378893746527598,-0.05446099192904104,0.8510537030635892,0.004293350360069694,82.29588216413794,82.30017551449801
6.757999999999478,-0.07389518061680218,-0.05178165830026349,0.8468113585108419,0.003881299496456179,82.29620424707066,82.30008554656712
6.7599999999994775,-0.07399606511184549,-0.04910236073404582,0.8425151227685488,0.003490036777445267,82.29651051305373,82.30000054983118
6.761999999999477,-0.07409159121122613,-0.04642328792370657,0.8381653725865466,0.003119586723730703,82.29680089641573,82.29992048313946
6.763999999999477,-0.0741817595528742,-0.04374462828404089,0.8337624879596744,0.0027699679669844434,82.2970753361688,82.29984530413579
6.765999999999477,-0.0742665711512599,-0.04106656993860522,0.8293068520968239,0.0024411932608852252,82.2973337760126,82.29977496927347
6.767999999999477,-0.07434602739679835,-0.03838930070704138,0.8247988513898095,0.0021332694937640138,82.29757616433723,82.299709433831
6.769999999999476,-0.07442013005522918,-0.035713008092440726,0.8202388753820663,0.0018461977028582902,82.29780245422474,82.2996486519276
6.771999999999476,-0.07448888126697079,-0.03303787926874918,0.8156273167371733,0.001579973090166597,82.2980126034491,82.29959257653927
6.773999999999476,-0.07455228354644947,-0.030364101068213738,0.8109645712072062,0.0013345850398943542,82.29820657447523,82.29954115951513
6.775999999999476,-0.07461033978140355,-0.027691859968871198,0.8062510376009222,0.0011100171374816292,82.29838433445647,82.29949435159395
6.7779999999994756,-0.0746630532321625,-0.025021342082079828,0.8014871177517778,0.0009062471902030296,82.29854585523074,82.29945210242094
6.779999999999475,-0.07471042753090111,-0.0223527331400946,0.7966732164857847,0.0007232472493295526,82.29869111331564,82.29941436056497
6.781999999999475,-0.0747524666808689,-0.019686218483686724,0.7918097415892004,0.0005609836338418214,82.29882008990187,82.29938107353571
6.783999999999475,-0.07478917505559488,-0.01702198304980816,0.7868971037760625,0.0004194169556836951,82.29893277084574,82.29935218780142
6.785999999999475,-0.0748205573980675,-0.014360211359301742,0.7819357166555652,0.0002985021465449101,82.29902914666016,82.29932764880671
6.7879999999994745,-0.07484661881989031,-0.011701087504657667,0.7769259966992785,0.00019818848616097925,82.2991092125044,82.29930740099057
6.789999999999474,-0.07486736480041298,-0.009044795137816931,0.7718683632082184,0.00011841963211820735,82.29917296817266,82.29929138780477
6.791999999999474,-0.07488280118583804,-0.006391517458022455,0.7667632382797637,5.9133651151307676e-05,82.29922041808128,82.29927955173243
6.793999999999474,-0.07489293418830344,-0.0037414371997185106,0.7616110467744253,2.0263051920718724e-05,82.29925157125469,82.29927183430661
6.795999999999474,-0.07489777038494083,-0.0010947366204991384,0.7564122162824715,1.7348192563616906e-06,82.29926644131024,82.29926817612949
6.797999999999473,-0.0748973167169099,0.0015484025108938016,0.7511671770904066,3.47044985420575e-06,82.29926504644153,82.29926851689139
6.799999999999473,-0.0748915804884087,0.004187798926522292,0.7458763621473115,2.5385989411653923e-05,82.29924740940089,82.29927279539031
6.801999999999473,-0.07488056936566014,0.00682327187115288,0.7405402070310425,6.739207118740415e-05,82.29921355748016,82.29928094955135
6.803999999999473,-0.07486429137587469,0.009454641114105822,0.7351591499142955,0.00012939395597109005,82.29916352249079,82.29929291644676
6.8059999999994725,-0.07484275490618952,0.012081726961051984,0.7297336315305353,0.0002112915734476608,82.29909734074208,82.29930863231553
6.807999999999472,-0.07481596870258403,0.014704350265756904,0.7242640951397913,0.00031297956494111907,82.29901505301898,82.29932803258392
6.809999999999472,-0.07478394186877195,0.017322332441771338,0.7187509864943264,0.0004343473275218994,82.29891670455797,82.2993510518855
6.811999999999472,-0.07474668386507015,0.01993549547406767,0.7131947538041769,0.0005752790594618413,82.29880234502227,82.29937762408173
6.813999999999472,-0.07470420450724419,0.022543661930621586,0.7075958477025661,0.000735653807020381,82.29867202847572,82.29940768228275
6.815999999999471,-0.0746565139653308,0.02514665497393832,0.7019547212111987,0.0009153455125452791,82.29852581335537,82.29944115886791
6.817999999999471,-0.07460362276243733,0.027744298372522944,0.6962718297054313,0.0011142230638708623,82.29836376244312,82.29947798550698
6.819999999999471,-0.07454554177351835,0.03033641651229398,0.6905476308793274,0.0013321503449964832,82.29818594283606,82.29951809318105
6.821999999999471,-0.07448228222412945,0.03292283440793981,0.6847825847105956,0.0015689862880275604,82.29799242591585,82.29956141220387
6.8239999999994705,-0.07441385568915837,0.035503377714217216,0.6789771534254149,0.001824584926361293,82.29778328731688,82.29960787224324
6.82599999999947,-0.0743402740915337,0.03807787273719144,0.6731318014631493,0.0020987954490988402,82.29755860689326,82.29965740234236
6.82799999999947,-0.07426154970091095,0.04064614644541719,0.6672469954409541,0.0023914622566654645,82.29731846868492,82.29970993094159
6.82999999999947,-0.07417769513233657,0.04320802648105997,0.661323204118275,0.002702425017619864,82.29706296088237,82.29976538589999
6.83199999999947,-0.07408872334488958,0.04576334117095716,0.6553608983612458,0.0030315187266336347,82.29679217579071,82.29982369451734
6.833999999999469,-0.07399464764030125,0.04831191953761813,0.6493605511069815,0.003378573763621568,82.29650620979226,82.29988478355588
6.835999999999469,-0.0738954816615528,0.05085359131016306,0.6433226373277763,0.0037434159540031555,82.29620516330834,82.29994857926235
6.837999999999469,-0.0737912393914513,0.0533881869351995,0.6372476339952019,0.004125866630075481,82.2958891407601,82.30001500739017
6.839999999999469,-0.07368193515118389,0.05591553758763645,0.631136020044114,0.004525742693477421,82.29555825052806,82.30008399322153
6.8419999999994685,-0.0735675835988504,0.05843547518143514,0.624988276336566,0.004942856678724772,82.29521260491096,82.30015546158968
6.843999999999468,-0.07344819972797456,0.060947832380296,0.6188048856256337,0.0053770168177957834,82.29485232008335,82.30022933690114
6.845999999999468,-0.07332379886599388,0.06345244260828127,0.6125863325191536,0.005828027105746194,82.29447751605248,82.30030554315823
6.847999999999468,-0.0731943966727284,0.06594914006037257,0.6063331034433763,0.006295687367332839,82.29408831661398,82.3003840039813
6.849999999999468,-0.07306000913882828,0.06843775971296306,0.6000456866065389,0.006779793324624484,82.29368484930674,82.30046464263137
6.851999999999467,-0.07292065258420063,0.07091813733428337,0.5937245719623566,0.007280136665578424,82.29326724536689,82.30054738203248
6.853999999999467,-0.07277634365641543,0.07339010949476092,0.5873702511734397,0.00779650511356121,82.29283563968082,82.30063214479438
6.855999999999467,-0.07262709932909081,0.07585351357731197,0.5809832175746324,0.008328682497791555,82.29239017073716,82.30071885323495
6.857999999999467,-0.07247293690025787,0.07830818778756592,0.5745639661362842,0.008876448824683351,82.29193098057829,82.30080742940297
6.8599999999994665,-0.0723138739907051,0.08075397116402115,0.5681129934274468,0.00943958035006655,82.29145821475045,82.30089779510051
6.861999999999466,-0.07214992854230252,0.08319070358813208,0.5616307975790087,0.010017849652263478,82.29097202225341,82.30098987190567
6.863999999999466,-0.07198111881630578,0.08561822579432664,0.5551178782467611,0.010611025705997793,82.29047255548919,82.30108358119519
6.865999999999466,-0.07180746339164022,0.08803637937995383,0.5485747365744045,0.011218873957113516,82.28995997020988,82.301178844167
6.867999999999466,-0.07162898116316516,0.09044500681516063,0.5420018751564946,0.011841156398080999,82.28943442546475,82.30127558186282
6.869999999999465,-0.07144569133991849,0.09284395145269785,0.5353997980013303,0.012477631644266718,82.28889608354663,82.3013737151909
6.871999999999465,-0.07125761344334172,0.09523305753765433,0.5287690104937892,0.013128055010943789,82.28834510993732,82.30147316494826
6.873999999999465,-0.07106476730548565,0.097612170217119,0.5221100193581085,0.013792178591019486,82.28778167325247,82.30157385184349
6.875999999999465,-0.07086717306719674,0.0999811355497701,0.5154233326206186,0.014469751333456508,82.28720594518568,82.30167569651913
6.8779999999994645,-0.07066485117628442,0.10233980051539131,0.5087094595724272,0.015160519122364087,82.28661810045176,82.30177861957412
6.879999999999464,-0.07045782238566944,0.10468801302431395,0.5019689107320615,0.015864224856735328,82.2860183167295,82.30188254158624
6.881999999999464,-0.07024610775151341,0.10702562192678501,0.4952021978080665,0.016580608530806586,82.28540677460354,82.30198738313435
6.883999999999464,-0.07002972863132963,0.1093524770222603,0.4884098336615641,0.017309407315015173,82.2847836575058,82.30209306482081
6.885999999999464,-0.06980870668207545,0.1116684290686222,0.4815923322687756,0.018050355637530945,82.28414915165602,82.30219950729355
6.887999999999463,-0.06958306385822632,0.1139733297913217,0.4747502086835101,0.018803185266337695,82.28350344600202,82.30230663126835
6.889999999999463,-0.06935282240983152,0.11626703189244388,0.46788397899961987,0.019567625391840048,82.282846732159,82.30241435755084
6.891999999999463,-0.06911800488055192,0.11854938905969667,0.46099416031342755,0.020343402709971363,82.28217920434845,82.30252260705842
6.893999999999463,-0.06887863410567979,0.12082025597532216,0.45408127068612586,0.021130241505778104,82.28150105933648,82.30263130084225
6.895999999999463,-0.06863473321014094,0.12307948832492999,0.44714582910615364,0.021927863737456272,82.28081249637155,82.30274036010901
6.897999999999462,-0.06838632560647916,0.12532694280625237,0.44018835545154933,0.02273598912081522,82.28011371712172,82.30284970624254
6.899999999999462,-0.06813343499282336,0.1275624771378203,0.43320937045228686,0.023554335214144077,82.27940492561127,82.30295926082542
6.901999999999462,-0.06787608535083729,0.12978595006756022,0.426209395652593,0.02438261750345613,82.27868632815705,82.30306894566051
6.903999999999462,-0.06761430094365228,0.131997221381311,0.41918895337325246,0.025220549488086358,82.27795813330417,82.30317868279225
6.9059999999994615,-0.06734810631378295,0.13419615191126044,0.4121485666739008,0.026067842766617548,82.27722055176123,82.30328839452785
6.907999999999461,-0.06707752628102612,0.13638260354430093,0.40508875931530863,0.026924207123109452,82.27647379633532,82.30339800345844
6.909999999999461,-0.06680258594034318,0.13855643923030386,0.3980100557216594,0.027789350613607287,82.27571808186632,82.30350743247992
6.911999999999461,-0.06652331065972587,0.14071752299031223,0.390912980942824,0.028662979652903337,82.27495362516102,82.30361660481393
6.913999999999461,-0.06623972607804587,0.1428657199246509,0.3837980606166343,0.029544799101528015,82.27418064492676,82.30372544402829
6.91599999999946,-0.06595185810288814,0.1450008962209543,0.37666582093115686,0.030434512352944473,82.27339936170482,82.30383387405776
6.91799999999946,-0.06565973290836839,0.14712291916211057,0.3695167885869729,0.03133182142092287,82.27260999780322,82.30394181922414
6.91999999999946,-0.0653633769329347,0.14923165713412248,0.3623514907594628,0.03223642702706826,82.27181277722954,82.30404920425661
6.92199999999946,-0.06506281687715347,0.15132697963388397,0.35517045506110206,0.03314802868847849,82.27100792562325,82.30415595431172
6.9239999999994595,-0.06475807970147998,0.15340875727687212,0.3479742095037668,0.03406632480550618,82.27019567018772,82.30426199499323
6.925999999999459,-0.06444919262401358,0.15547686180475415,0.34076328246105553,0.034991012749600876,82.26937623962209,82.30436725237169
6.927999999999459,-0.06413618311823778,0.157531166092909,0.33353820263062756,0.03592178895120591,82.26854986405283,82.30447165300403
6.929999999999459,-0.0638190789107454,0.15957154415786282,0.3262994989965598,0.036858348987685655,82.26771677496511,82.3045751239528
6.931999999999459,-0.06349790797894889,0.16159787116463836,0.31904770079172834,0.037800387671258505,82.26687720513397,82.30467759280522
6.933999999999458,-0.06317269854877607,0.16361002343401732,0.31178333746021214,0.038747599136910726,82.26603138855523,82.30477898769215
6.935999999999458,-0.06284347909235145,0.16560787844971558,0.304506938619726,0.03969967693026676,82.26517956037644,82.30487923730671
6.937999999999458,-0.06251027832566325,0.16759131486547096,0.29721903402408334,0.04065631409539182,82.26432195682742,82.3049782709228
6.939999999999458,-0.062173125206216324,0.1695602125120426,0.28992015352569056,0.04161720326250168,82.26345881515087,82.30507601841337
6.9419999999994575,-0.061832048930671235,0.17151445240412203,0.2826108270380781,0.04258203673555607,82.26259037353287,82.30517241026843
6.943999999999457,-0.06148707893246952,0.17345391674715546,0.2752915844984683,0.04355050657971105,82.26171687103317,82.30526737761288
6.945999999999457,-0.061138244879445455,0.17537848894407645,0.26796295583038426,0.044522304708606165,82.2608385475156,82.30536085222421
6.947999999999457,-0.060785576671424445,0.17728805360194924,0.26062547090630167,0.04549712297146298,82.25995564357827,82.30545276654973
6.949999999999457,-0.060429104437808155,0.1791824965385216,0.253279659510346,0.046474653239970194,82.25906840048371,82.30554305372368
6.951999999999456,-0.060068858535146714,0.18106170478868758,0.24592605130103834,0.047454587494932025,82.25817706008945,82.30563164758438
6.953999999999456,-0.05970486954469801,0.18292556661085893,0.23856517577409203,0.048436617912656604,82.25728186477784,82.3057184826905
6.955999999999456,-0.05933716826997438,0.18477397149324562,0.23119756222526228,0.04942043695105969,82.25638305738673,82.30580349433778
6.957999999999456,-0.0589657857342768,0.1866068101600445,0.2238237397132526,0.050405737435461666,82.25548088113958,82.30588661857504
6.9599999999994555,-0.05859075317821681,0.18842397457753593,0.216444237022679,0.05139221264405334,82.25457557957598,82.30596779222003
6.961999999999455,-0.05821210205722635,0.1902253579600881,0.20905958262709629,0.05237955639300833,82.25366739648219,82.30604695287519
6.963999999999455,-0.05782986403905562,0.1920108547760685,0.20167030465208735,0.053367463121218574,82.25275657582166,82.30612403894288
6.965999999999455,-0.05744407100125929,0.1937803607536622,0.19427693083841924,0.054355627974630144,82.25184336166599,82.30619898964062
6.967999999999455,-0.05705475502867111,0.19553377288659682,0.1868799885052685,0.055343746890157204,82.25092799812565,82.3062717450158
6.969999999999454,-0.0566619484108672,0.1972709894397735,0.17948000451351748,0.05633151667915098,82.25001072928116,82.30634224596031
6.971999999999454,-0.05626568363961811,0.19899190995480376,0.17207750522912502,0.057318635110401896,82.24909179911438,82.30641043422479
6.973999999999454,-0.05586599340633001,0.20069643525545178,0.16467301648657362,0.05830480099265279,82.24817145144002,82.30647625243267
6.975999999999454,-0.05546291059947497,0.20238446745298191,0.1572670635523965,0.05928971425660079,82.24724992983727,82.30653964409387
6.9779999999994535,-0.055056468302010726,0.20405590995141087,0.14986017108878585,0.060273076036366995,82.24632747758176,82.30660055361813
6.979999999999453,-0.054646699788790006,0.2057106674526646,0.14245286311728556,0.06125458875041118,82.24540433757792,82.30665892632834
6.981999999999453,-0.054233638523959626,0.20734864596163904,0.13504566298257092,0.062233956181871775,82.24448075229138,82.30671470847325
6.983999999999453,-0.05381731815834957,0.20896975279116514,0.12763909331631818,0.06321088355830856,82.24355696368173,82.30676784724004
6.985999999999453,-0.053397772526852266,0.21057389656687697,0.12023367600116541,0.06418507763082798,82.24263321313578,82.3068182907666
6.987999999999452,-0.05297503564579216,0.21216098723198348,0.11282993213476877,0.06515624675257042,82.2417097414009,82.30686598815346
6.989999999999452,-0.05254914171028591,0.21373093605194296,0.1054283819939546,0.06612410095653837,82.24078678851895,82.30691088947549
6.991999999999452,-0.05212012509159327,0.21528365561904034,0.09802954499897315,0.06708835203274613,82.2398645937604,82.30695294579314
6.993999999999452,-0.051688020334458996,0.2168190598568667,0.09063393967785205,0.06804871360467037,82.23894339555892,82.30699210916359
6.9959999999994515,-0.05125286215444577,0.21833706402470116,0.08324208363085656,0.06900490120498223,82.23802343144641,82.30702833265138
6.997999999999451,-0.050814685435258584,0.21983758472179432,0.07585449349505546,0.06995663235054138,82.23710493798832,82.30706157033886
6.999999999999451,-0.05037352522606056,0.22132053989155345,0.06847168490899724,0.07090362661663248,82.23618815071967,82.3070917773363
7.001999999999451,-0.049929416738780576,0.22278584882562905,0.061094172477498654,0.07184560571042567,82.2352733040812,82.30711890979163
7.003999999999451,-0.049482395345412745,0.22423343216790229,0.05372246973654765,0.07278229354364224,82.23436063135625,82.30714292489989
7.0059999999994504,-0.049032496575308074,0.22566321191837346,0.04635708911832287,0.07371341630440607,82.23345036460806,82.30716378091246
7.00799999999945,-0.04857975611245842,0.22707511143695097,0.038998541916333784,0.0746387025282645,82.2325427346175,82.30718143714576
7.00999999999945,-0.04812420979277296,0.22846905544714066,0.03164733825068222,0.0755578831683588,82.23163797082145,82.30719585398981
7.01199999999945,-0.04766589360134741,0.2298449700396353,0.02430398703344827,0.0764706916647284,82.2307363012516,82.30720699291632
7.01399999999945,-0.047204843669726146,0.231202782675804,0.01696899593420348,0.0773768640127298,82.22983795247391,82.30721481648665
7.015999999999449,-0.04674109627315744,0.23254242219108134,0.009642871345653503,0.0782761388305546,82.22894314952865,82.3072192883592
7.017999999999449,-0.04627468782784203,0.23386381879825602,0.0023261183494116544,0.07916825742582925,82.22805211587087,82.3072203732967
7.019999999999449,-0.04580565488817523,0.23516690409065877,-0.004980759318091721,0.08005296386128007,82.22716507331164,82.30721803717292
7.021999999999449,-0.04533403414398271,0.23645161104524948,-0.012277259299565246,0.08093000501944722,82.22628224195986,82.30721224697932
7.0239999999994485,-0.04485986241775027,0.2377178740256032,-0.019562880650671854,0.08179913066643267,82.22540384016467,82.30720297083111
7.025999999999448,-0.0443831766618477,0.23896562878479494,-0.026837123873703683,0.08266009351466529,82.22453008445859,82.30719017797325
7.027999999999448,-0.04390401395574698,0.24019481246818306,-0.034099490951112865,0.08351264928466902,82.22366118950121,82.30717383878589
7.029999999999448,-0.04342241150323503,0.24140536361609116,-0.04134948537889632,0.08435655676581877,82.22279736802359,82.3071539247894
7.031999999999448,-0.04293840662962117,0.24259722216638824,-0.04858661219983201,0.08519157787606929,82.22193883077348,82.30713040864956
7.033999999999447,-0.042452036778939564,0.24377032945696686,-0.055810378036564745,0.08601747772064319,82.22108578646102,82.30710326418166
7.035999999999447,-0.041963339511146745,0.24492462822811964,-0.06302029112453811,0.08683402464966358,82.22023844170536,82.30707246635502
7.037999999999447,-0.04147235249931455,0.24606006262481334,-0.07021586134477181,0.08764099031471849,82.21939700098194,82.30703799129667
7.039999999999447,-0.04097911352681861,0.24717657819886082,-0.07739660025648115,0.08843814972434347,82.2185616665704,82.30699981629473
7.0419999999994465,-0.04048366048452252,0.2482741219109907,-0.08456202112953559,0.08922528129840905,82.21773263850349,82.3069579198019
7.043999999999446,-0.039986031367958065,0.24935264213281447,-0.09171163897675627,0.09000216692140131,82.21691011451647,82.30691228143787
7.045999999999446,-0.03948626427450158,0.2504120886486911,-0.0988449705860483,0.0907685919945825,82.21609428999759,82.30686288199217
7.047999999999446,-0.038984397400546655,0.25145241265748897,-0.10596153455236634,0.09152434548702051,82.21528535793905,82.30680970342607
7.049999999999446,-0.038480469038673464,0.25247356677424515,-0.11306085130951138,0.0922692199854751,82.21448350888912,82.30675272887459
7.051999999999445,-0.03797451757481485,0.2534755050317219,-0.12014244316175565,0.0930030117431303,82.21368893090461,82.30669194264775
7.053999999999445,-0.03746658148541939,0.25445818288186006,-0.1272058343152953,0.09372552072716131,82.2129018095048,82.30662733023196
7.055999999999445,-0.036956699334611716,0.25542155719712983,-0.1342505509095262,0.09443655066512655,82.2121223276255,82.30655887829062
7.057999999999445,-0.036444909771350155,0.2563655862717784,-0.14127612104814252,0.09513590909017343,82.2113506655745,82.30648657466467
7.0599999999994445,-0.03593125152658203,0.25729022982297467,-0.1482820748300553,0.09582340738504953,82.21058700098774,82.3064104083728
7.061999999999444,-0.035415763410396775,0.2581954489918508,-0.15526794438012903,0.09649886082490823,82.20983150878614,82.30633036961105
7.063999999999444,-0.03489848430917703,0.2590812063444409,-0.1622332638797339,0.09716208861890116,82.20908436113369,82.30624644975259
7.065999999999444,-0.03437945318274802,0.25994746587251627,-0.16917756959711144,0.0978129139505483,82.20834572739602,82.30615864134657
7.067999999999444,-0.0338587090615253,0.2607941929943181,-0.17610039991755233,0.0984511640168769,82.2076157741002,82.30606693811708
7.069999999999443,-0.03333629104366119,0.26162135455518654,-0.18300129537338322,0.09907667006632198,82.2068946648953,82.30597133496163
7.071999999999443,-0.032812238292190044,0.26242891882808694,-0.18987979867376115,0.09968926743538079,82.20618256051388,82.30587182794926
7.073999999999443,-0.03228659003217255,0.26321685551403307,-0.19673545473427345,0.10028879558401402,82.20547961873433,82.30576841431835
7.075999999999443,-0.03175938554783931,0.2639851357424072,-0.2035678107063406,0.10087509812978626,82.20478599434445,82.30566109247424
7.0779999999994425,-0.031230664179733855,0.26473373207117723,-0.21037641600642126,0.10144802288074022,82.20410183910558,82.30554986198632
7.079999999999442,-0.03070046532185536,0.265462618487011,-0.21716082234501594,0.10200742186699928,82.20342730171788,82.30543472358488
7.081999999999442,-0.030168828418801228,0.26617177040528733,-0.22392058375546842,0.10255315137108979,82.20276252778666,82.30531567915774
7.083999999999442,-0.029635792962909715,0.2668611646700045,-0.23065525662256237,0.1030850719569813,82.2021076597894,82.30519273174639
7.085999999999442,-0.0291013984914029,0.267530779553586,-0.23736439971091183,0.10360304849783786,82.20146283704409,82.30506588554192
7.087999999999441,-0.02856568458353011,0.26818059475658357,-0.244047574193143,0.10410695020247605,82.20082819567826,82.30493514588073
7.089999999999441,-0.02802869085771204,0.26881059140727737,-0.25070434367786604,0.10459665064052642,82.20020386859905,82.30480051923958
7.091999999999441,-0.02749045696868579,0.26942075206117394,-0.2573342742374343,0.10507202776629317,82.19958998546446,82.30466201323075
7.093999999999441,-0.02695102260465102,0.27001106070040176,-0.26393693443549,0.10553296394130987,82.19898667265542,82.30451963659674
7.0959999999994405,-0.02641042748441736,0.27058150273300424,-0.2705118953542933,0.10597934595558836,82.19839405324882,82.30437339920441
7.09799999999944,-0.025868711354553417,0.27113206499213094,-0.2770587306218349,0.10641106504755624,82.19781224699182,82.30422331203937
7.09999999999944,-0.025325913986537434,0.2716627357351265,-0.2835770164387277,0.10682801692268404,82.19724137027669,82.30406938719938
7.10199999999944,-0.024782075173909904,0.27217350464251766,-0.29006633160487866,0.1072301017707962,82.19668153611732,82.30391163788812
7.10399999999944,-0.024237234729428313,0.27266436281689876,-0.2965262575459363,0.10761722428206821,82.19613285412612,82.30375007840819
7.105999999999439,-0.0236914324822242,0.27313530278171555,-0.3029563783395144,0.10798929366170598,82.19559543049235,82.30358472415405
7.107999999999439,-0.02314470827496276,0.2735863184799474,-0.3093562807411891,0.1083462236433084,82.19506936796125,82.30341559160456
7.109999999999439,-0.022597101961005187,0.27401740527268875,-0.3157255542102672,0.1086879325009112,82.19455476581446,82.30324269831537
7.111999999999439,-0.02204865340157394,0.27442855993762894,-0.32206379093532567,0.10901434305971446,82.19405171985119,82.3030660629109
7.1139999999994386,-0.021499402462921164,0.2748197806674317,-0.3283705858595185,0.10932538270549141,82.1935603223705,82.302885705076
7.115999999999438,-0.020949389013500457,0.27519106706801355,-0.3346455367056517,0.10962098339268189,82.19308066215481,82.3027016455475
7.117999999999438,-0.020398652921142155,0.27554242015672226,-0.3408882440010225,0.10990108165116862,82.19261282445429,82.30251390610546
7.119999999999438,-0.0198472340502324,0.27587384236041457,-0.34709831110202294,0.11016561859174222,82.1921568909722,82.30232250956394
7.121999999999438,-0.01929517225889611,0.27618533751343444,-0.35327534421850515,0.11041453991025142,82.19171293985147,82.30212747976172
7.1239999999994374,-0.01874250739618412,0.276476910855491,-0.3594189524379078,0.11064779589044582,82.19128104566231,82.30192884155275
7.125999999999437,-0.01818927929926466,0.27674856902943756,-0.3655287477491408,0.11086534140551028,82.19086127939067,82.30172662079619
7.127999999999437,-0.01763552779061938,0.27700032007895115,-0.3716043450662285,0.11106713591829612,82.19045370842797,82.30152084434626
7.129999999999437,-0.01708129267524409,0.2772321734461129,-0.37764536225170847,0.11125314348025055,82.19005839656174,82.301311540042
7.131999999999437,-0.016526613737854478,0.27744413996889006,-0.38365142013978487,0.11142333272905076,82.1896754039674,82.30109873669645
7.133999999999436,-0.015971530740096922,0.2776362318785194,-0.38962214255923533,0.11157767688494367,82.18930478720098,82.30088246408593
7.135999999999436,-0.015416083417764664,0.27780846279679255,-0.39555715635606953,0.11171615374579832,82.18894659919302,82.30066275293882
7.137999999999436,-0.014860311478019491,0.2779608477332437,-0.40145609141593847,0.11183874568087458,82.18860088924336,82.30043963492423
7.139999999999436,-0.014304254596619154,0.2780934030822393,-0.40731858068629245,0.11194543962331334,82.18826770301712,82.30021314264043
7.1419999999994355,-0.013747952415150689,0.27820614661997123,-0.41314426019828704,0.11203622706135367,82.1879470825416,82.29998330960295
7.143999999999435,-0.013191444538269865,0.2782990975013527,-0.4189327690884356,0.11211110402828392,82.18763906620438,82.29975017023267
7.145999999999435,-0.012634770530946918,0.27837227625681754,-0.4246837496200067,0.11217007109113158,82.1873436887522,82.29951375984332
7.147999999999435,-0.012077969915718802,0.2784257047890238,-0.43039684720416593,0.11221313333809899,82.18706098129114,82.29927411462924
7.149999999999435,-0.011521082169948115,0.2784594063694609,-0.43607171042085957,0.11224030036475195,82.18679097128772,82.29903127165247
7.151999999999434,-0.010964146723088913,0.2784734056349621,-0.4417079910394407,0.11225158625896886,82.18653368257101,82.29878526882997
7.153999999999434,-0.01040720295395959,0.2784677285841209,-0.44730534403903505,0.11224700958465732,82.18628913533576,82.29853614492042
7.155999999999434,-0.00985029018802302,0.2784424025736136,-0.4528634276286459,0.11222659336424602,82.1860573461466,82.29828393951084
7.157999999999434,-0.009293447694674157,0.2783974563144271,-0.45838190326699696,0.11219036505996141,82.18583832794326,82.29802869300322
7.1599999999994335,-0.008736714684535258,0.27833291986799297,-0.4638604356821126,0.11213835655389566,82.1856320900468,82.2977704466007
7.161999999999433,-0.008180130306758945,0.2782488246422278,-0.46929869289063336,0.11207060412687765,82.18543863816676,82.29750924229364
7.163999999999433,-0.007623733646339276,0.27814520338748056,-0.47469634621686607,0.11198714843615322,82.18525797440945,82.29724512284561
7.165999999999433,-0.007067563721431006,0.27802209019238733,-0.48005307031156835,0.11188803449188675,82.18509009728714,82.29697813177903
7.167999999999433,-0.0065116594806772414,0.27787952047963366,-0.48536854317046463,0.11177331163249178,82.18493500172835,82.29670831336084
7.169999999999432,-0.005956059800545657,0.2777175310016252,-0.4906424461524949,0.1116430334988032,82.18479267908899,82.2964357125878
7.171999999999432,-0.005400803482673464,0.2775361598360669,-0.4958744639977939,0.11149725800709938,82.18466311716453,82.29616037517164
7.173999999999432,-0.0048459292512213065,0.27733544638145113,-0.5010642848453991,0.11133604732098616,82.18454630020332,82.29588234752431
7.175999999999432,-0.00429147575023628,0.27711543135245587,-0.5062116002506892,0.11115946782215332,82.18444220892057,82.29560167674272
7.1779999999994315,-0.003737481541024237,0.27687615677525224,-0.5113161052025489,0.11096759008001593,82.18435082051353,82.29531841059355
7.179999999999431,-0.0031839850995315708,0.27661766598272297,-0.5163774981402621,0.1107604888202501,82.18427210867758,82.29503259749782
7.181999999999431,-0.002631024813736649,0.27634000360959166,-0.5213954809701302,0.11053824289223825,82.18420604362313,82.29474428651537
7.183999999999431,-0.0020786389810510775,0.27604321558746353,-0.5263697590818168,0.11030093523543255,82.18415259209377,82.2944535273292
7.185999999999431,-0.0015268658057309738,0.27572734913977814,-0.5313000413644163,0.11004865284465197,82.18411171738494,82.29416037022959
7.18799999999943,-0.0009757433962984192,0.2753924527766747,-0.5361860402222466,0.10978148673432472,82.18408337936386,82.29386486609818
7.18999999999943,-0.00042530976297326835,0.27503857628976996,-0.5410274715903651,0.10949953190168808,82.18406753449035,82.29356706639204
7.19199999999943,0.00012439718488450955,0.2746657707468502,-0.5458240549498072,0.10920288728896103,82.18406413583828,82.29326702312724
7.19399999999943,0.0006733396413217882,0.2742740884864769,-0.5505755133425455,0.10889165574450166,82.1840731331183,82.2929647888628
7.1959999999994295,0.0012214799063283675,0.2738635831125067,-0.5552815733861717,0.10856594398296397,82.18409447270105,82.29266041668401
7.197999999999429,0.0017687803883620122,0.27343430948852726,-0.5599419652882971,0.10822586254446714,82.18412809764179,82.29235396018626
7.199999999999429,0.0023152036068622766,0.27298632373220816,-0.5645564228606746,0.10787152575279355,82.18417394770539,82.29204547345819
7.201999999999429,0.0028607121947529486,0.2725196832095681,-0.5691246835330391,0.10750305167262851,82.18423195939235,82.29173501106497
7.203999999999429,0.0034052689009329436,0.27203444652915915,-0.5736464883666657,0.10712056206585611,82.18430206596591,82.29142262803177
7.205999999999428,0.003948836592755486,0.2715306735361681,-0.5781215820676477,0.10672418234692901,82.18438419747962,82.29110837982654
7.207999999999428,0.00449137825849541,0.2710084253064359,-0.5825497129998911,0.10631404153732342,82.18447828080603,82.29079232234335
7.209999999999428,0.005032857009804416,0.27046776414039553,-0.5869306331978259,0.10589027221909855,82.1845842396661,82.2904745118852
7.211999999999428,0.005573236084154126,0.2699087535569292,-0.5912640983788352,0.10545301048757347,82.18470199465938,82.29015500514696
7.2139999999994275,0.006112478847266772,0.269331458287145,-0.5955498679553997,0.10500239590313926,82.18483146329513,82.28983385919827
7.215999999999427,0.006650548795533351,0.26873594426807385,-0.5997877050469577,0.10453857144222109,82.18497256002402,82.28951113146624
7.217999999999427,0.0071874095584191075,0.2681222786362877,-0.6039773764914812,0.10406168344740756,82.18512519627086,82.28918687971827
7.219999999999427,0.007723024900856162,0.26749052972143894,-0.6081186528567665,0.1035718815767632,82.18528928046786,82.28886116204463
7.221999999999427,0.008257358725623146,0.26684076703972226,-0.6122113084514395,0.10306931875234136,82.18546471808887,82.28853403684121
7.223999999999426,0.008790375075711686,0.2661730612872591,-0.616255121335676,0.10255415110791388,82.18565141168408,82.28820556279199
7.225999999999426,0.009322038136679572,0.2654874843334056,-0.6202498733316351,0.10202653793593498,82.18584926091587,82.28787579885181
7.227999999999426,0.009852312238990472,0.2647841092139845,-0.6241953500336068,0.10148664163375651,82.1860581625949,82.28754480422866
7.229999999999426,0.010381161860340037,0.26406301012444217,-0.6280913408178737,0.1009346276491117,82.18627801071725,82.28721263836636
7.2319999999994256,0.010908551627968235,0.2633242624129305,-0.6319376388522847,0.10037066442488538,82.18650869650216,82.28687936092705
7.233999999999425,0.011434446320957786,0.2625679425733151,-0.6357340411055433,0.0997949233431882,82.1867501084304,82.28654503177358
7.235999999999425,0.011958810872518533,0.26179412823811027,-0.6394803483562082,0.09920757866875285,82.18700213228337,82.28620971095212
7.237999999999425,0.012481610372257616,0.26100289817134087,-0.6431763652014059,0.09860880749167002,82.1872646511828,82.28587345867447
7.239999999999425,0.013002810068435292,0.2601943322613329,-0.6468219000652579,0.09799878966948218,82.18753754563129,82.28553633530076
7.2419999999994245,0.013522375370206265,0.25936851151343226,-0.6504167652070186,0.09737770776865476,82.18782069355298,82.28519840132164
7.243999999999424,0.01404027184984639,0.25852551804265317,-0.6539607767289272,0.09674574700544072,82.18811397033559,82.28485971734104
7.245999999999424,0.014556465244964593,0.2576654350662565,-0.6574537545837702,0.0961030951861593,82.18841724887238,82.28452034405855
7.247999999999424,0.01507092146069989,0.25678834689625907,-0.6608955225821589,0.09544994264690677,82.18873039960503,82.28418034225194
7.249999999999424,0.01558360657190335,0.25589433893187413,-0.6642859083995171,0.09478648219271756,82.18905329056703,82.28383977275975
7.251999999999423,0.01609448682530486,0.25498349765188444,-0.6676247435827818,0.09411290903619467,82.18938578742774,82.28349869646394
7.253999999999423,0.016603528641664596,0.2540559106069478,-0.6709118635568174,0.09342942073562993,82.18972775353673,82.28315717427236
7.255999999999423,0.017110698617909013,0.2531116664118365,-0.6741471076305416,0.09273621713263035,82.19007904996896,82.28281526710158
7.257999999999423,0.01761596352925126,0.25215085473761084,-0.6773303190027632,0.09203350028927232,82.19043953557022,82.2824730358595
7.2599999999994225,0.018119290331295876,0.2511735663037278,-0.6804613447677343,0.09132147442480106,82.19080906700334,82.28213054142815
7.261999999999422,0.018620646162127635,0.2501798928700854,-0.6835400359204143,0.09060034585189602,82.19118749879455,82.28178784464644
7.263999999999422,0.019119998344384423,0.2491699272290038,-0.6865662473614471,0.08987032291252033,82.1915746833807,82.28144500629321
7.265999999999422,0.019617314387314008,0.248143763197143,-0.6895398379018518,0.08913161591337489,82.19197047115657,82.28110208706994
7.267999999999422,0.020112561988814583,0.2471014956073592,-0.6924606702674261,0.08838443706097543,82.19237471052296,82.28075914758394
7.269999999999421,0.020605709037458966,0.24604322030049927,-0.6953286111028643,0.08762900039637316,82.19278724793496,82.28041624833133
7.271999999999421,0.02109672361450233,0.24496903411713508,-0.6981435309755882,0.08686552172953795,82.19320792795072,82.28007344968026
7.273999999999421,0.02158557399587332,0.2438790348892376,-0.7009053043792934,0.08609421857342364,82.19363659328073,82.27973081185415
7.275999999999421,0.022072228654148502,0.24277332143179225,-0.7036138097372084,0.08531531007773571,82.19407308483721,82.27938839491495
7.2779999999994205,0.022556656260509927,0.24165199353435574,-0.7062689294050695,0.08452901696242011,82.19451724178428,82.2790462587467
7.27999999999942,0.02303882568668581,0.2405151519525553,-0.7088705496738108,0.08373556145089366,82.19496890158803,82.27870446303892
7.28199999999942,0.02351870600687411,0.2393628983995313,-0.7114185607719687,0.0829351672030359,82.19542790006727,82.2783630672703
7.28399999999942,0.023996266499648942,0.2381953355373235,-0.7139128568678037,0.08212805924796113,82.19589407144446,82.27802213069242
7.28599999999942,0.024471476649849742,0.2370125669682024,-0.7163533360711365,0.0813144639165911,82.19636724839694,82.27768171231352
7.287999999999419,0.024944306150452986,0.23581469722594556,-0.7187399004349022,0.08049460877404843,82.19684726210859,82.27734187088264
7.289999999999419,0.025414724904426457,0.2346018317670607,-0.721072455956421,0.07966872255188968,82.19733394232149,82.27700266487338
7.291999999999419,0.025882703026565868,0.23337407696195536,-0.7233509125783859,0.07883703508019783,82.1978271173882,82.2766641524684
7.293999999999419,0.026348210845313802,0.23213154008605458,-0.7255751841895695,0.07799977721955507,82.19832661432399,82.27632639154355
7.2959999999994185,0.026811218904560806,0.23087432931086704,-0.7277451886252472,0.07715718079291366,82.19883225885941,82.27598943965232
7.297999999999418,0.0272716979654286,0.2296025536950007,-0.7298608476673422,0.07630947851738616,82.19934387549317,82.27565335401056
7.299999999999418,0.027729619008035233,0.2283163231751283,-0.7319220870442874,0.07545690393597385,82.19986128754506,82.27531819148103
7.301999999999418,0.028184953233242147,0.22701574855690387,-0.7339288364306089,0.07459969134925297,82.2003843172091,82.27498400855835
7.303999999999418,0.028637672064383016,0.22570094150583106,-0.7358810294462292,0.07373807574703849,82.20091278560693,82.27465086135398
7.305999999999417,0.029087747148974264,0.2243720145380837,-0.7377786036554923,0.07287229274004446,82.20144651284136,82.2743188055814
7.307999999999417,0.029535150360407204,0.2230290810112797,-0.73962150056591,0.07200257849156115,82.20198531804984,82.2739878965414
7.309999999999417,0.029979853799621644,0.22167225511520902,-0.7414096656266314,0.07112916964916748,82.20252901945844,82.2736581891076
7.311999999999417,0.030421829796760932,0.22030165186251652,-0.7431430482266345,0.0702523032764986,82.20307743443547,82.27332973771198
7.3139999999994165,0.030861050912808316,0.21891738707934022,-0.7448216016926423,0.06937221678508725,82.20363037954557,82.27300259633066
7.315999999999416,0.031297489941204515,0.2175195773959062,-0.7464452832867636,0.06848914786629882,82.2041876706038,82.2726768184701
7.317999999999416,0.03173111990944648,0.21610834023708048,-0.7480140542038576,0.06760333442337835,82.2047491227295,82.27235245715288
7.319999999999416,0.03216191408066716,0.21468379381287916,-0.7495278795686258,0.06671501450362906,82.20531455040069,82.27202956490432
7.321999999999416,0.0325898459551963,0.2132460571089371,-0.7509867284324299,0.06582442623074075,82.205883767508,82.27170819373875
7.323999999999415,0.033014889272102124,0.2117952498769363,-0.7523905737698373,0.06493180773728736,82.20645658740897,82.27138839514625
7.325999999999415,0.03343701801071379,0.21033149262499462,-0.7537393924748939,0.06403739709741156,82.20703282298227,82.27107022007968
7.327999999999415,0.03385620639212465,0.20885490660801578,-0.7550331653571272,0.06314143225971616,82.20761228668162,82.27075371894134
7.329999999999415,0.03427242888067613,0.20736561381800117,-0.7562718771372781,0.06224415098037926,82.20819479059016,82.27043894157053
7.3319999999994145,0.0346856601854222,0.20586373697432456,-0.7574555164427637,0.06134579075651287,82.20878014647437,82.27012593723089
7.333999999999414,0.03509587526157436,0.2043493995139703,-0.758584075802871,0.06044658875978171,82.20936816583814,82.26981475459793
7.335999999999414,0.0355030493119271,0.20282272558173595,-0.7596575516436842,0.059546781770302114,82.20995865997669,82.269505441747
7.337999999999414,0.035907157788263665,0.20128384002040006,-0.7606759442827429,0.05864660611083702,82.21055144003034,82.26919804614118
7.339999999999414,0.03630817639274218,0.19973286836085585,-0.7616392579234368,0.05774629758130631,82.21114631703834,82.26889261461965
7.341999999999413,0.03670608107926197,0.1981699368122118,-0.7625475006491335,0.056846091393628846,82.21174310199241,82.26858919338603
7.343999999999413,0.03710084805481008,0.19659517225185952,-0.7634006844170432,0.05594622210691548,82.21234160589016,82.26828782799707
7.345999999999413,0.037492453780787874,0.19500870221551042,-0.7641988250518198,0.05504692356302793,82.21294163978855,82.26798856335158
7.347999999999413,0.037880874974317684,0.19341065488720108,-0.7649419422388996,0.05414842882252356,82.21354301485681,82.26769144367934
7.349999999999413,0.03826608860952945,0.1918011590892688,-0.765630059517579,0.05325097010100013,82.21414554242963,82.26739651253064
7.351999999999412,0.03864807191882727,0.19018034427229805,-0.7662632042738322,0.05235477870586005,82.21474903405976,82.26710381276563
7.353999999999412,0.039026802394135814,0.188548340505038,-0.7668414077328688,0.05146008497350869,82.21535330157064,82.26681338654416
7.355999999999412,0.03940225778812655,0.1869052784642929,-0.767364704951434,0.05056711820700486,82.21595815710866,82.26652527531566
7.357999999999412,0.03977441611542374,0.18525128942478536,-0.7678331348098513,0.049676106614178574,82.21656341319536,82.26623951980953
7.3599999999994115,0.04014325565379007,0.18358650524899353,-0.7682467400038081,0.04878727724623313,82.21716888277916,82.2659561600254
7.361999999999411,0.040508754945292054,0.1819110583769631,-0.7686055670358878,0.04790085593684698,82.21777437928695,82.2656752352238
7.363999999999411,0.04087089279744489,0.1802250818160947,-0.7689096662068466,0.04701706724179128,82.21837971667539,82.26539678391718
7.365999999999411,0.04122964828433697,0.17852870913090785,-0.7691590916066382,0.04613613437907857,82.21898470948194,82.26512084386103
7.367999999999411,0.041585000747733886,0.1768220744327817,-0.7693539011051854,0.045258279169658584,82.21958917287544,82.2648474520451
7.36999999999941,0.04193692979816182,0.1751053123696739,-0.7694941563429023,0.04438372197867537,82.22019292270659,82.26457664468526
7.37199999999941,0.04228541531597045,0.17337855811581798,-0.769579922720966,0.04351268165730151,82.22079577555783,82.26430845721514
7.37399999999941,0.04263043745237516,0.17164194736140043,-0.7696112693913405,0.04264537548516372,82.22139754879316,82.26404292427833
7.37599999999941,0.042971976630478595,0.1698956163022177,-0.7695882692465524,0.04178201911337477,82.22199806060742,82.26378007972079
7.3779999999994095,0.04331001354627157,0.16813970162931452,-0.7695109989092213,0.040922826508185794,82.22259713007513,82.26351995658331
7.379999999999409,0.043644529169613144,0.16637434051860392,-0.7693795387213447,0.040068009895273066,82.22319457719917,82.26326258709445
7.381999999999409,0.04397550474518999,0.16459967062046985,-0.7691939727333392,0.0392177797046733,82.22379022295887,82.26300800266354
7.383999999999409,0.04430292179345491,0.16281583004935318,-0.7689543886928396,0.038372344516381274,82.22438388935777,82.26275623387414
7.385999999999409,0.044626762111544524,0.1610229573733219,-0.7686608780332554,0.03753191100662256,82.22497539947096,82.26250731047759
7.387999999999408,0.04494700777417611,0.15922119160362622,-0.7683135358620891,0.036696683894815625,82.22556457749192,82.26226126138674
7.389999999999408,0.04526364113452348,0.15741067218423938,-0.7679124609490136,0.035866865891235326,82.22615124877893,82.26201811467017
7.391999999999408,0.045576644825071976,0.15559153898138492,-0.7674577557137136,0.03504265764539074,82.2267352399012,82.2617778975466
7.393999999999408,0.04588600175845247,0.1537639322730513,-0.7669495262134896,0.03422425769513053,82.22731637868412,82.26154063637925
7.3959999999994075,0.04619169512825442,0.1519279927384944,-0.7663878821306274,0.033411862416486915,82.22789449425456,82.26130635667104
7.397999999999407,0.0464937084098179,0.15008386144772892,-0.765772936759533,0.03260566597427141,82.22846941708514,82.26107508305941
7.399999999999407,0.046792025361004574,0.1482316798510093,-0.7651048069936368,0.03180586027343318,82.22904097903842,82.26084683931185
7.401999999999407,0.0470866300229477,0.1463715897683009,-0.7643836133120643,0.031012634911192025,82.22960901341037,82.26062164832156
7.403999999999407,0.04737750672078095,0.14450373337874237,-0.7636094797660787,0.03022617712995721,82.23017335497332,82.26039953210328
7.405999999999406,0.04766464006434627,0.1426282532100998,-0.7627825339652943,0.02944667177104299,82.23073384001833,82.26018051178937
7.407999999999406,0.047948014948880575,0.14074529212821346,-0.7619029070636624,0.028674301229191537,82.23129030639727,82.25996460762646
7.409999999999406,0.0482276165556813,0.13885499332643783,-0.7609707337452327,0.027909245407913882,82.23184259356398,82.2597518389719
7.411999999999406,0.048503430352750926,0.13695750031507586,-0.7599861522096887,0.02715168167565913,82.23239054261511,82.25954222429077
7.4139999999994055,0.04877544209542025,0.135052956910808,-0.7589493041576609,0.02640178482282175,82.23293399633027,82.2593357811531
7.415999999999405,0.04904363782695062,0.13314150722611678,-0.7578603347758185,0.025659727019596595,82.2334727992117,82.2591325262313
7.417999999999405,0.049308003879114916,0.13122329565870797,-0.7567193927217397,0.024925677774691377,82.23400679752314,82.25893247529783
7.419999999999405,0.049568526872757444,0.12929846688092836,-0.755526630108565,0.024199803894905343,82.2345358393284,82.2587356432233
7.421999999999405,0.04982519371833264,0.12736716582918192,-0.7542822024894311,0.02348226944558325,82.23505977452899,82.25854204397457
7.423999999999404,0.050077991616422575,0.1254295376933441,-0.7529862688416902,0.022773235711953378,82.23557845490137,82.25835169061332
7.425999999999404,0.05032690805823334,0.12348572790617567,-0.7516389915509141,0.02207286116135754,82.23609173413342,82.25816459529479
7.427999999999404,0.05057193082607021,0.12153588213273636,-0.7502405363946848,0.021381301406381472,82.23659946786032,82.2579807692667
7.429999999999404,0.05081304799379169,0.1195801462597996,-0.7487910725261748,0.020698709168893246,82.23710151369983,82.25780022286872
7.4319999999994035,0.05105024792724232,0.11761866638526837,-0.7472907724575162,0.02002523424499717,82.23759773128683,82.25762296553182
7.433999999999403,0.051283519284664375,0.11565158880759356,-0.7457398120429599,0.01936102347091054,82.23808798230722,82.25744900577813
7.435999999999403,0.05151285101708839,0.11367906001519505,-0.7441383704618308,0.018706220689769976,82.23857213053124,82.257278351221
7.437999999999403,0.051738232368702515,0.11170122667588661,-0.742486630201274,0.018060966719374252,82.23905004184586,82.25711100856523
7.439999999999403,0.05195965287720073,0.10971823562630503,-0.7407847770387984,0.0174253993208697,82.2395215842868,82.25694698360768
7.441999999999402,0.05217710237410993,0.10773023386134441,-0.7390330000246175,0.016799653168384564,82.23998662806967,82.25678628123806
7.443999999999402,0.05239057098509588,0.10573736852359623,-0.7372314914637881,0.016183859819617882,82.24044504562039,82.25662890544001
7.445999999999402,0.052600049130248065,0.10373978689279593,-0.7353804468981512,0.01557814768738865,82.24089671160503,82.25647485929242
7.447999999999402,0.05280552752434343,0.10173763637527664,-0.7334800650880725,0.01498264201215018,82.24134150295879,82.25632414497095
7.4499999999994015,0.053006997177089024,0.09973106449343085,-0.7315305479939875,0.014397464835475009,82.2417792989144,82.25617676374986
7.451999999999401,0.0532044493933436,0.09772021887518073,-0.7295321007577519,0.013822734974514667,82.24220998102962,82.25603271600413
7.453999999999401,0.05339787577331816,0.09570524724345772,-0.7274849316837975,0.013258567997438844,82.24263343321428,82.25589200121172
7.455999999999401,0.053587268212755446,0.09368629740569206,-0.7253892522200971,0.012705076199858133,82.24304954175622,82.25575461795609
7.457999999999401,0.053772618903088466,0.09166351724331308,-0.7232452769389386,0.012162368582233863,82.24345819534689,82.25562056392913
7.4599999999994,0.05395392033157798,0.08963705470126083,-0.7210532235175108,0.011630550828278883,82.24385928510584,82.25548983593411
7.4619999999994,0.05413116528142906,0.08760705777750981,-0.7188133127183015,0.011109725284352332,82.24425270460465,82.255362429889
7.4639999999994,0.054304346831886674,0.08557367451260534,-0.7165257683693103,0.010599990939851268,82.24463834989012,82.25523834082998
7.4659999999994,0.054473458358310405,0.08353705297921349,-0.7141908173440774,0.01010144340860204,82.24501611950657,82.25511756291517
7.4679999999994,0.05463849353222824,0.08149734127168501,-0.711808689541531,0.009614174911253527,82.24538591451758,82.25500008942883
7.469999999999399,0.054799446321369516,0.07945468749563399,-0.7093796178656524,0.009138274258674537,82.24574763852667,82.25488591278534
7.471999999999399,0.05495631098967706,0.07740923975753208,-0.7069038382049632,0.00867382683635696,82.24610119769747,82.25477502453383
7.473999999999399,0.055109082097298485,0.07536114615431871,-0.7043815894118348,0.008220914589826335,82.24644650077303,82.25466741536286
7.475999999999399,0.05525775450055678,0.07331055476302811,-0.7018131132816223,0.00777961601106096,82.24678345909432,82.25456307510538
7.4779999999993985,0.055402323351900123,0.07125761363043379,-0.6991986545316241,0.007350006125920574,82.24711198661787,82.25446199274379
7.479999999999398,0.05554278409983104,0.069202470762711,-0.6965384607798688,0.006932156482585114,82.24743199993283,82.25436415641542
7.481999999999398,0.055679132488814856,0.06714527411511806,-0.6938327825237323,0.006526135141004053,82.24774341827715,82.25426955341815
7.483999999999398,0.05581136455916761,0.065086171581697,-0.6910818731183846,0.0061320066633563765,82.24804616355287,82.25417817021622
7.485999999999398,0.055939476646923295,0.06302531098499423,-0.6882859887550701,0.005749832105520926,82.24834016034072,82.25408999244624
7.487999999999397,0.05606346538368064,0.06096284006580194,-0.6854453884392213,0.005379669009556726,82.2486253359139,82.25400500492346
7.489999999999397,0.05618332769642935,0.05889890647292079,-0.6825603339684103,0.005021571397192447,82.24890162025119,82.25392319164838
7.491999999999397,0.0562990608073559,0.05683365775294455,-0.6796310899101351,0.004675589764324064,82.24916894604897,82.25384453581329
7.493999999999397,0.05641066223362894,0.054767241340067385,-0.6766579235794481,0.004341771076519313,82.2494272487327,82.25376901980923
7.4959999999993965,0.05651812978716433,0.05269980454591434,-0.6736411050164242,0.004020158765527373,82.24967646646759,82.25369662523312
7.497999999999396,0.05662146157436982,0.05063149454939565,-0.670580906963472,0.003710792726791968,82.2499165401682,82.253627332895
7.499999999999396,0.05672065599586954,0.04856245838658564,-0.6674776048424895,0.003413709317965624,82.25014741350773,82.2535611228257
7.501999999999396,0.05681571174620821,0.04649284294062662,-0.6643314767318667,0.003128941358422813,82.25036903292597,82.2534979742844
7.503999999999396,0.056906627813535206,0.04442279493165856,-0.6611428033433353,0.002856518129769169,82.25058134763678,82.25343786576656
7.505999999999395,0.056993403479268505,0.042352460906775136,-0.6579118679986692,0.0025964653773439253,82.25078430963472,82.25338077501206
7.507999999999395,0.05707603831773859,0.0402819872300067,-0.6546389566062353,0.0023488053127122548,82.25097787370093,82.25332667901364
7.509999999999395,0.057154532195812305,0.03821152007233083,-0.6513243576373993,0.002113556617144131,82.25116199740788,82.25327555402502
7.511999999999395,0.05722888527249682,0.036141205401711056,-0.6479683621027846,0.001890734446075851,82.25133664112384,82.25322737556992
7.5139999999993945,0.05729909799852363,0.03407118897316439,-0.6445712635283903,0.001680350434550289,82.2515017680162,82.25318211845075
7.515999999999394,0.0573651711159128,0.032001616318858214,-0.6411333579315651,0.0014824127036315526,82.25165734405394,82.25313975675758
7.517999999999394,0.05742710565751735,0.029932632738237173,-0.6376549437968444,0.001296925867789533,82.25180333800971,82.2531002638775
7.519999999999394,0.05748490294654799,0.02786438328818063,-0.6341363220516478,0.0011238910432495473,82.25193972146069,82.25306361250394
7.521999999999394,0.05753856459607816,0.02579701277319131,-0.6305777960418412,0.0009633058573020356,82.2520664687888,82.2530297746461
7.523999999999393,0.05758809250852951,0.02373066573561568,-0.6269796715071642,0.0008151644585670057,82.25218355718025,82.25299872163882
7.525999999999393,0.05763348887513783,0.0216654864458967,-0.6233422565565264,0.0006794575282076796,82.25229096662412,82.25297042415232
7.527999999999393,0.057674756175399515,0.01960161889285948,-0.6196658616431717,0.0005561722920875504,82.25238867991033,82.25294485220242
7.529999999999393,0.057711897176498675,0.017539206774030466,-0.6159507995397141,0.0004452925338648047,82.25247668262662,82.25292197516049
7.5319999999993925,0.05774491493271485,0.015478393485990699,-0.6121973853130477,0.0003467986090178223,82.25255496315502,82.25290176176404
7.533999999999392,0.057773812784811536,0.013419322114763734,-0.6084059362991299,0.000260667459795232,82.25262351266718,82.25288418012698
7.535999999999392,0.05779859435940548,0.011362135426238781,-0.6045767720776428,0.00018687263108375598,82.25268232511937,82.25286919775046
7.537999999999392,0.057819263568316855,0.00930697585662966,-0.6007102144465323,0.00012538428718684378,82.25273139724636,82.25285678153355
7.539999999999392,0.05783582460790042,0.007253985502970103,-0.5968065873964279,7.61692295068645e-05,82.2527707285547,82.2528468977842
7.541999999999391,0.05784828195835767,0.005203306113645977,-0.5928662170849445,3.919091512338869e-05,82.25280032131519,82.25283951223031
7.543999999999391,0.057856640383030136,0.003155079078964992,-0.5888894318108687,1.4409476259873729e-05,82.25282018055461,82.25283459003087
7.545999999999391,0.0578609049276738,0.0011094454217644425,-0.5848765619882313,1.7817406308318745e-06,82.2528303140467,82.25283209578734
7.547999999999391,0.0578610809197148,-0.0009334542119424668,-0.5808279401202668,1.2612526613447888e-06,82.25283073230241,82.25283199355508
7.5499999999993905,0.057857173967486505,-0.00297347956228116,-0.5767439007732631,1.2798295570564636e-05,82.2528214485594,82.25283424685497
7.55199999999939,0.057849189959447905,-0.005010490764790544,-0.5726247805503027,3.633991431062791e-05,82.2528024787707,82.25283881868502
7.55399999999939,0.05783713506338358,-0.007044348359657646,-0.5684709180648979,7.182993935219342e-05,82.25277384159286,82.25284567153221
7.55599999999939,0.0578210157255852,-0.00907491330091148,-0.5642826539145205,0.0001192090113076055,82.25273555837315,82.25285476738445
7.55799999999939,0.05780083867001466,-0.011102046965575627,-0.560060330654029,0.00017841460638247668,82.25268765313622,82.2528660677426
7.559999999999389,0.057776610897449024,-0.013125611162778964,-0.5558042927689953,0.0002493810626462794,82.25263015256988,82.25287953363252
7.561999999999389,0.05774833968460719,-0.015145468142824043,-0.5515148866489323,0.0003320396071123341,82.25256308601027,82.25289512561739
7.563999999999389,0.05771603258325857,-0.01716148060621258,-0.5471924605604239,0.0004263183836173847,82.25248648542632,82.25291280380993
7.565999999999389,0.05767969741931363,-0.019173511712627524,-0.5428373646201605,0.000532142481490757,82.25240038540358,82.25293252788506
7.5679999999993885,0.057639342291896656,-0.02118142508987119,-0.5384499507678812,0.0006494339650029034,82.25230482312712,82.25295425709213
7.569999999999388,0.05759497557240059,-0.023185084842758955,-0.5340305727392242,0.0007781119035829523,82.252199838364,82.25297795026759
7.571999999999388,0.057546605903524145,-0.025184355561967957,-0.529579586038488,0.0009180924027946854,82.2520854734451,82.2530035658479
7.573999999999388,0.05749424219829127,-0.02717910233284034,-0.5250973479113055,0.0010692886360602046,82.25196177324584,82.2530310618819
7.575999999999388,0.05743789363905309,-0.029169190744140497,-0.520584217317232,0.0012316108771203477,82.25182878516686,82.25306039604399
7.5779999999993874,0.057377569676472305,-0.031154486896765837,-0.51604055490225,0.001404966533220762,82.25168655911357,82.25309152564678
7.579999999999387,0.057313280028490274,-0.033134857412410526,-0.5114667229711913,0.001589260179012344,82.25153514747521,82.25312440765423
7.581999999999387,0.05724503467927681,-0.03511016944218175,-0.5068630854600817,0.0017843935911546318,82.25137460510342,82.25315899869457
7.583999999999387,0.05717284387816276,-0.037080290675168014,-0.5022300079084046,0.0019902657836105087,82.25120498928985,82.25319525507345
7.585999999999387,0.05709671813855555,-0.039045089346958876,-0.49756785743129156,0.002206773043620485,82.25102635974349,82.25323313278712
7.587999999999386,0.05701666823683765,-0.04100443424811581,-0.4928770026916377,0.002433808968344617,82.2508387785671,82.25327258753545
7.589999999999386,0.05693270521124829,-0.04295819473259354,-0.4881578138721449,0.0026712645021599968,82.25064231023322,82.25331357473537
7.591999999999386,0.056844840360748196,-0.04490624072611142,-0.4834106626472958,0.002919027974601574,82.25043702155952,82.25335604953412
7.593999999999386,0.05675308524386782,-0.04684844273447445,-0.4786359221552591,0.0031769851389339618,82.25022298168349,82.25339996682243
7.5959999999993855,0.056657451677538835,-0.04878467185184333,-0.4738339669697293,0.0034450192113416964,82.25000026203676,82.2534452812481
7.597999999999385,0.05655795173590925,-0.050714799768953156,-0.46900517307170175,0.003723010910725307,82.24976893631849,82.25349194722921
7.599999999999385,0.05645459774914204,-0.0526386987812803,-0.4641499178211862,0.004010838499090414,82.24952908046859,82.25353991896768
7.601999999999385,0.05634740230219757,-0.05455624179715692,-0.45926857992885983,0.0043083778225169326,82.24928077264006,82.25358915046257
7.603999999999385,0.05623637823359982,-0.056467302345832714,-0.45436153942766183,0.004615502352695367,82.24902409317104,82.25363959552374
7.605999999999384,0.056121538634186514,-0.05837175458548344,-0.4494291776443327,0.004932083229016984,82.24875912455607,82.2536912077851
7.607999999999384,0.056002896845843336,-0.06026947331116572,-0.4444718771708983,0.005257989301204621,82.24848595141714,82.25374394071834
7.609999999999384,0.05588046646022224,-0.06216033396271772,-0.439490021836102,0.0055930871724707495,82.24820466047383,82.2537977476463
7.611999999999384,0.055754261317444036,-0.06404421263260517,-0.434483996676787,0.005937241243189228,82.24791534051326,82.25385258175645
7.6139999999993835,0.05562429550478535,-0.06592098607371233,-0.42945418790922996,0.006290313755067163,82.24761808235942,82.2539083961145
7.615999999999383,0.05549058335535004,-0.06779053170707756,-0.4244009829004288,0.006652164835803182,82.2473129788421,82.2539651436779
7.617999999999383,0.055353139446725194,-0.06965272762957282,-0.4193247701393453,0.007022652544218278,82.24700012476505,82.25402277730927
7.619999999999383,0.055211978599621854,-0.07150745262152682,-0.41422593920810635,0.007401632915845298,82.2466796168741,82.25408124978995
7.621999999999383,0.05506711587650051,-0.07335458615429137,-0.409104880753165,0.007788960008963117,82.24635155382447,82.25414051383343
7.623999999999382,0.05491856658018154,-0.07519400839775055,-0.40396198645642234,0.008184485951061367,82.24601603614786,82.25420052209893
7.625999999999382,0.054766346252440694,-0.07702560022777201,-0.3987976490063143,0.008588060985721627,82.2456731662189,82.25426122720461
7.627999999999382,0.054610470672589735,-0.07884924323360037,-0.3936122620688629,0.008999533519900654,82.24532304822142,82.25432258174132
7.629999999999382,0.054450955856042337,-0.08066481972519199,-0.38840622025869664,0.009418750171601611,82.24496578811402,82.25438453828562
7.6319999999993815,0.05428781805286536,-0.0824722127404908,-0.3831799191100394,0.009845555817918577,82.24460149359547,82.25444704941339
7.633999999999381,0.05412107374631568,-0.08427130605264477,-0.37793375504767196,0.010279793643440175,82.24423027406962,82.25451006771306
7.635999999999381,0.05395073965136261,-0.08606198417716268,-0.3726681253578673,0.01072130518899755,82.24385224060993,82.25457354579892
7.637999999999381,0.05377683271319606,-0.08784413237901058,-0.36738342815930075,0.011169930400742309,82.24346750592353,82.25463743632427
7.639999999999381,0.053599370105720606,-0.08961763667964777,-0.3620800623739395,0.011625507679539671,82.24307618431516,82.2547016919947
7.64199999999938,0.0534183692300355,-0.09138238386400176,-0.35675842769791044,0.012087873930662203,82.24267839165054,82.25476626558121
7.64399999999938,0.053233847712900816,-0.0931382614873818,-0.35141892457235147,0.012556864613769397,82.24227424531944,82.2548311099332
7.64599999999938,0.05304582340518984,-0.09488515788233073,-0.34606195415424457,0.013032313793158291,82.24186386419852,82.25489617799168
7.64799999999938,0.05285431438032779,-0.09662296216541458,-0.34068791828723693,0.013514054188270366,82.24144736861376,82.25496142280203
7.6499999999993795,0.05265933893271705,-0.09835156424394957,-0.3352972194724488,0.014001917224439955,82.2410248803026,82.25502679752704
7.651999999999379,0.052460915576148986,-0.10007085482266635,-0.3298902608392713,0.014495733083869039,82.2405965223758,82.25509225545966
7.653999999999379,0.05225906304220253,-0.1017807254103107,-0.3244674461161571,0.014995330756813863,82.24016241927905,82.25515775003586
7.655999999999379,0.05205380027862957,-0.10348106832618068,-0.31902917960140387,0.01550053809296827,82.23972269675419,82.25522323484715
7.657999999999379,0.05184514644772739,-0.1051717767065996,-0.31357586613393434,0.016011181853028793,82.23927748180033,82.25528866365336
7.659999999999378,0.05163312092469822,-0.10685274451132472,-0.30810791106407476,0.016527087760426728,82.23882690263457,82.255353990395
7.661999999999378,0.051417743295995966,-0.10852386652989088,-0.30262572022433276,0.017048080553212087,82.23837108865266,82.25541916920587
7.663999999999378,0.05119903335766041,-0.11018503838788923,-0.2971296999001779,0.01757398403607449,82.23791017038923,82.2554841544253
7.665999999999378,0.05097701111363888,-0.1118361565531803,-0.2916202568008257,0.018104621132486242,82.23744427947794,82.25554890061042
7.6679999999993775,0.05075169677409552,-0.11347711834204113,-0.2860977980300282,0.01863981393695228,82.23697354861143,82.25561336254839
7.669999999999377,0.050523110753708404,-0.11510782192524638,-0.28056273105687296,0.0191793837673525,82.23649811150092,82.25567749526827
7.671999999999377,0.0502912736699545,-0.11672816633408259,-0.27501546368659124,0.01972315121736104,82.23601810283594,82.2557412540533
7.673999999999377,0.05005620634138269,-0.11833805146629578,-0.26945640403137977,0.020270936208928073,82.2355336582436,82.25580459445253
7.675999999999377,0.04981792978587498,-0.1199373780919716,-0.26388596048123536,0.020822558044808953,82.2350449142478,82.2558674722926
7.677999999999376,0.04957646521889598,-0.12152604785934798,-0.25830454167480665,0.021377835461125805,82.23455200822836,82.25592984368949
7.679999999999376,0.04933183405173085,-0.12310396330055988,-0.2527125564702638,0.021936586679947075,82.23405507837994,82.25599166505988
7.681999999999376,0.04908405788971184,-0.12467102783731569,-0.24711041391618874,0.022498629461869615,82.23355426367097,82.25605289313283
7.683999999999376,0.04883315853043351,-0.12622714578650518,-0.24149852322248702,0.02306378115858935,82.23304970380218,82.25611348496076
7.6859999999993756,0.04857915796195682,-0.12777222236573843,-0.23587729373132477,0.023631858765445022,82.2325415391654,82.25617339793084
7.687999999999375,0.04832207836100221,-0.12930616369881567,-0.23024713488809134,0.02420267897392075,82.23202991080205,82.25623258977598
7.689999999999375,0.04806194209113184,-0.13082887682112754,-0.22460845621239078,0.02477605822409285,82.23151496036165,82.25629101858574
7.691999999999375,0.04779877170092102,-0.13234026968498558,-0.21896166726906335,0.025351812757005935,82.23099683006014,82.25634864281714
7.693999999999375,0.04753258992211914,-0.13384025116488252,-0.213307177639239,0.02592975866696427,82.23047566263831,82.25640542130527
7.6959999999993745,0.04726341966780009,-0.1353287310626822,-0.20764539689142636,0.026509711953723442,82.22995160132024,82.25646131327396
7.697999999999374,0.0469912840305024,-0.1368056201127388,-0.20197673455263648,0.027091488574568365,82.2294247897713,82.25651627834587
7.699999999999374,0.0467162062803592,-0.13827082998694504,-0.1963016000795464,0.02767490449626287,82.22889537205684,82.2565702765531
7.701999999999374,0.046438209863218144,-0.13972427329970896,-0.19062040282970188,0.02825977574685711,82.22836349260022,82.25662326834708
7.703999999999374,0.04615731839875149,-0.1411658636128595,-0.18493355203276352,0.028845918467338208,82.22782929614111,82.25667521460845
7.705999999999373,0.0458735556785564,-0.14259551544047971,-0.17924145676179593,0.02943314896311017,82.22729292769398,82.25672607665709
7.707999999999373,0.04558694566424567,-0.14401314425366843,-0.17354452590460456,0.030021283755288997,82.22675453250632,82.25677581626161
7.709999999999373,0.045297512485528976,-0.14541866648522903,-0.16784316813511985,0.030610139631799326,82.22621425601716,82.25682439564896
7.711999999999373,0.045005280438284875,-0.1468119995342859,-0.16213779188483174,0.031199533698258394,82.22567224381537,82.25687177751362
7.7139999999993725,0.044710273982623595,-0.1481930617708279,-0.156428805314277,0.03178928342863367,82.22512864159842,82.25691792502705
7.715999999999372,0.04441251774094082,-0.14956177254017858,-0.15071661628458016,0.03237920671566084,82.2245835951308,82.25696280184646
7.717999999999372,0.04411203649596263,-0.15091805216739315,-0.14500163232905106,0.03296912192100813,82.22403725020278,82.2570063721238
7.719999999999372,0.04380885518878169,-0.1522618219615817,-0.13928426062484,0.033558847925173656,82.22348975258936,82.25704860051454
7.721999999999372,0.04350299891688489,-0.1535930042201585,-0.13356490796465353,0.03414820417710285,82.22294124800891,82.25708945218601
7.723999999999371,0.04319449293217255,-0.15491152223301732,-0.12784398072853187,0.03473701074351214,82.22239188208248,82.25712889282599
7.725999999999371,0.042883362638969344,-0.15621730028663225,-0.12212188485569081,0.03532508835790624,82.22184180029292,82.25716688865083
7.727999999999371,0.04256963359202713,-0.15751026366808402,-0.11639902581642897,0.03591225846927583,82.22129114794414,82.25720340641342
7.729999999999371,0.04225333149451975,-0.1587903386690115,-0.11067580858410331,0.036498343290462885,82.22074007012067,82.25723841341113
7.7319999999993705,0.04193448219603003,-0.1600574525894882,-0.10495263760717455,0.03708316584618074,82.22018871164727,82.25727187749345
7.73399999999937,0.0416131116905291,-0.16131153374182358,-0.09922991678132387,0.037666550020676676,82.2196372170489,82.25730376706957
7.73599999999937,0.04128924611434821,-0.1625525114542888,-0.09350804942164387,0.03824832060502389,82.21908573051059,82.2573340511156
7.73799999999937,0.04096291174414313,-0.16378031607476704,-0.08778743823490448,0.03882830334403117,82.21853439583785,82.25736269918188
7.73999999999937,0.04063413499485131,-0.1649948789743278,-0.0820684852918972,0.039406324982757826,82.21798335641697,82.25738968139973
7.741999999999369,0.04030294241764207,-0.16619613255072538,-0.07635159199985747,0.03998221331262158,82.21743275517579,82.25741496848842
7.743999999999369,0.03996936069785973,-0.16738401023182095,-0.07063715907496992,0.040555797217087866,82.21688273454463,82.25743853176171
7.745999999999369,0.03963341665296009,-0.16855844647892845,-0.06492558651495539,0.04112690671692852,82.21633343641736,82.25746034313428
7.747999999999369,0.03929513723044023,-0.16971937679008375,-0.059217273571744056,0.04169537301503832,82.21578500211294,82.25748037512798
7.7499999999993685,0.03895454950576183,-0.17086673770323724,-0.053512618724234795,0.042261028540798225,82.21523757233689,82.25749860087768
7.751999999999368,0.03861168068026828,-0.17200046679936942,-0.047812019651143844,0.042823706993973025,82.21469128714357,82.25751499413754
7.753999999999368,0.038266558079095514,-0.17312050270552953,-0.04211587320394394,0.04338324338813377,82.21414628589802,82.25752952928616
7.755999999999368,0.037919209149076934,-0.17422678509779693,-0.036424575379896074,0.04393947409359244,82.2136027072389,82.2575421813325
7.757999999999368,0.03756966145664244,-0.1753192547041651,-0.03073852129517546,0.04449223687983916,82.213060689041,82.25755292592083
7.759999999999367,0.037217942685711804,-0.17639785330734822,-0.025058105158094257,0.0450413709574707,82.21252036837858,82.25756173933605
7.761999999999367,0.03686408063558246,-0.1774625237475101,-0.019383720242421576,0.045586717019600105,82.21198188148881,82.25756859850841
7.763999999999367,0.03650810321881198,-0.17851320992491526,-0.01371575886080445,0.04612811728273673,82.21144536373556,82.2575734810183
7.765999999999367,0.036150038459095264,-0.17954985680250232,-0.008054612338289302,0.04666541552712721,82.21091094957357,82.2575763651007
7.7679999999993665,0.03578991448913668,-0.18057241040837915,-0.0024006709859479836,0.04719845713654662,82.210378772513,82.25757722964954
7.769999999999366,0.03542775954851733,-0.18158081783824004,0.003245675925391489,0.047727089137530626,82.20984896508422,82.25757605422174
7.771999999999366,0.0350636019815575,-0.18257502725770458,0.00888404019130673,0.048251160238038965,82.2093216588031,82.25757281904114
7.773999999999366,0.034697470235174555,-0.1835549879045782,0.014514034699834144,0.04877052086554018,82.2087969841367,82.25756750500224
7.775999999999366,0.034329392856736356,-0.1845206500910343,0.02013527345741084,0.049285023204509705,82.2082750704691,82.2575600936736
7.777999999999365,0.03395939849191044,-0.18547196520571788,0.025747371614705028,0.04979452123333076,82.20775604606798,82.25755056730132
7.779999999999365,0.033587515882509,-0.18640888571577033,0.03134994549233139,0.05029887076059026,82.2072400380514,82.25753890881198
7.781999999999365,0.03321377386432999,-0.18733136516877588,0.03694261260645065,0.050797929460760685,82.2067271723549,82.25752510181566
7.783999999999365,0.03283820136499432,-0.18823935819462898,0.042524991694251835,0.05129155690925957,82.20621757369932,82.25750913060858
7.7859999999993645,0.032460827401779434,-0.18913282050732286,0.04809670273931477,0.05177961461687814,82.2057113655588,82.25749098017567
7.787999999999364,0.03208168107944943,-0.19001170890665936,0.05365736699685136,0.052261966063571336,82.20520867012922,82.25747063619279
7.789999999999364,0.03170079158808176,-0.1908759812798796,0.059206607018824464,0.052738476731601105,82.2047096082973,82.25744808502891
7.791999999999364,0.03131818820089083,-0.1917255966032157,0.06474404667894157,0.05320901413802557,82.20421429960992,82.25742331374794
7.793999999999364,0.030933900272048488,-0.19256051494336346,0.07026931119752311,0.05367344786652627,82.20372286224402,82.25739631011055
7.795999999999363,0.030547957234501738,-0.1933806974588758,0.07578202716624205,0.05413164959856647,82.20323541297694,82.2573670625755
7.797999999999363,0.030160388597787673,-0.19418610640147713,0.0812818225727342,0.05458349314387369,82.20275206715722,82.2573355603011
7.799999999999363,0.029771223945845894,-0.1949767051172987,0.08676832682507751,0.0550288544702389,82.20227293867595,82.25730179314618
7.801999999999363,0.029380492934828535,-0.1957524580480344,0.09224117077613847,0.05546761173262671,82.20179813993848,82.2572657516711
7.803999999999363,0.02898822529090804,-0.19651333073201765,0.09769998674778346,0.05589964530158943,82.20132778183678,82.25722742713837
7.805999999999362,0.02859445080808289,-0.19725928980521887,0.10314440855495488,0.056324837790979056,82.2008619737222,82.25718681151318
7.807999999999362,0.028199199345981384,-0.19799030300216378,0.10857407152960885,0.05674307408495136,82.20040082337864,82.25714389746359
7.809999999999362,0.027802500827663692,-0.19870633915677252,0.1139886125445137,0.057154241364255856,82.19994443699663,82.25709867836089
7.811999999999362,0.027404385237422293,-0.1994073682031195,0.11938767003690814,0.05755822913180679,82.19949291914736,82.25705114827916
7.8139999999993615,0.02700488261858097,-0.20009336117611387,0.12477088403201608,0.05795492923752903,82.19904637275776,82.25700130199529
7.815999999999361,0.02660402307129253,-0.20076429021210113,0.13013789616641808,0.05834423590247446,82.19860489908571,82.25694913498819
7.817999999999361,0.0262018367503354,-0.20142012854938524,0.135488349711277,0.05872604574220339,82.19816859769614,82.25689464343834
7.819999999999361,0.025798353862909268,-0.2020608505286718,0.14082188959541647,0.05910025778942682,82.19773756643737,82.25683782422679
7.821999999999361,0.02539360466642988,-0.20268643159343197,0.1461381624282509,0.059466773515904764,82.19731190141816,82.25677867493407
7.82399999999936,0.024987619466323233,-0.20329684829018752,0.15143681652256513,0.05982549685359657,82.19689169698532,82.25671719383891
7.82599999999936,0.024580428613819254,-0.20389207826871658,0.1567175019171427,0.06017633421505909,82.19647704570173,82.25665337991678
7.82799999999936,0.024172062503745147,-0.20447210028218082,0.1619798703992406,0.060519194513089056,82.19606803832521,82.2565872328383
7.82999999999936,0.023762551572318564,-0.20503689418717333,0.16722357552691017,0.060853989179606195,82.19566476378763,82.25651875296724
7.8319999999993595,0.023351926294940772,-0.20558644094368794,0.17244827265116103,0.06118063218377343,82.19526730917475,82.25644794135853
7.833999999999359,0.022940217183989937,-0.20612072261500977,0.17765361893796816,0.061499040049351396,82.19487575970673,82.25637479975609
7.835999999999359,0.02252745478661473,-0.2066397223675269,0.18283927339012018,0.061809131871283965,82.19449019871905,82.25629933059034
7.837999999999359,0.02211366968252838,-0.20714342447046372,0.18800489686890648,0.06211082933151292,82.19411070764404,82.25622153697556
7.839999999999359,0.02169889248180332,-0.20763181429553562,0.19315015211564363,0.06240405671401838,82.19373736599314,82.25614142270716
7.841999999999358,0.021283153822666632,-0.20810487831652535,0.19827470377303805,0.06268874091908334,82.19337025133959,82.25605899225867
7.843999999999358,0.0208664843692964,-0.20856260410878102,0.2033782184063844,0.06296481147678037,82.19300943930179,82.25597425077856
7.845999999999358,0.02044891480961915,-0.20900498034863602,0.20846036452459804,0.06323220055967843,82.19265500352722,82.2558872040869
7.847999999999358,0.020030475853108524,-0.2094319968127508,0.21352081260108052,0.06349084299476868,82.192307015677,82.25579785867177
7.8499999999993575,0.01961119822858535,-0.20984364437737674,0.21855923509441635,0.06374067627460717,82.19196554541114,82.25570622168574
7.851999999999357,0.019191112682019264,-0.21023991501754224,0.2235753064689,0.06398164056767484,82.19163066037409,82.25561230094176
7.853999999999357,0.01877024997433205,-0.21062080180616113,0.22856870321489187,0.06421367872795221,82.19130242618127,82.25551610490922
7.855999999999357,0.018348640879202807,-0.21098629891306345,0.23353910386900179,0.06443673630370932,82.190980906406,82.2554176427097
7.857999999999357,0.017926316180875167,-0.211336401603949,0.23848618903409882,0.06465076154551029,82.19066616256706,82.25531692411256
7.859999999999356,0.017503306671966663,-0.2116711062392636,0.24340964139914634,0.06485570541343204,82.19035825411693,82.25521395953037
7.861999999999356,0.017079643151280424,-0.21199041027299825,0.2483091457588606,0.06505152158349754,82.19005723843055,82.25510876001405
7.863999999999356,0.016655356421619364,-0.2122943122514114,0.2531843890331923,0.06523816645332381,82.18976317079483,82.25500133724816
7.865999999999356,0.01623047728760298,-0.21258281181167463,0.25803506028662915,0.0654155991469845,82.1894761043987,82.25489170354568
7.8679999999993555,0.015805036553486945,-0.21285590968044152,0.26286085074731946,0.06558378151908952,82.1891960903237,82.2547798718428
7.869999999999355,0.015379065020985648,-0.21311360767234044,0.2676614538260136,0.06574267815808037,82.18892317753537,82.25466585569345
7.871999999999355,0.014952593487097814,-0.213355908688391,0.2724365651348244,0.06589225638874396,82.18865741287517,82.25454966926392
7.873999999999355,0.01452565274193537,-0.21358281671434454,0.27718588250580384,0.06603248627394605,82.18839884105297,82.25443132732691
7.875999999999355,0.01409827356655571,-0.21379433681894894,0.2819091060093354,0.06616334061558533,82.18814750464018,82.25431084525577
7.877999999999354,0.013670486730797496,-0.2139904751521378,0.2866059379723408,0.06628479495477017,82.18790344406376,82.25418823901853
7.879999999999354,0.013242322991120168,-0.2141712389431443,0.2912760829963006,0.06639682757122081,82.1876666976003,82.25406352517153
7.881999999999354,0.01281381308844729,-0.21433663649853998,0.29591924797508695,0.066499419481898,82.18743730137139,82.25393672085329
7.883999999999354,0.012384987746013905,-0.2144866772001985,0.30053514211260707,0.06659255443886178,82.18721528933901,82.25380784377786
7.8859999999993535,0.011955877667218028,-0.21462137150318497,0.305123476940258,0.06667621892636198,82.187000693302,82.25367691222836
7.887999999999353,0.011526513533476437,-0.2147407309335706,0.30968396633418965,0.06675040215716412,82.1867935428929,82.25354394505007
7.889999999999353,0.011096926002084912,-0.21484476808617337,0.31421632653237686,0.06681509606811367,82.18659386557545,82.25340896164356
7.891999999999353,0.010667145704083062,-0.21493349662222472,0.3187202761514976,0.06687029531494171,82.1864016866428,82.25327198195774
7.893999999999353,0.010237203242123898,-0.2150069312669626,0.32319553620361885,0.06691599726631521,82.18621702921624,82.25313302648256
7.895999999999352,0.009807129188348286,-0.21506508780715108,0.3276418301126862,0.06695220199713736,82.18603991424459,82.25299211624173
7.897999999999352,0.009376954082264442,-0.21510798308852686,0.3320588837308193,0.06697891228109898,82.18587036050423,82.25284927278533
7.899999999999352,0.0089467084286326,-0.2151356350131729,0.3364464253544093,0.06699613358248822,82.18570838459969,82.25270451818218
7.901999999999352,0.008516422695355009,-0.2151480625368196,0.3408041857400198,0.06700387404726045,82.18555400096488,82.25255787501214
7.9039999999993515,0.0080861273113714,-0.21514528566607344,0.3451318981200891,0.06700214449337448,82.18540722186495,82.25240936635832
7.905999999999351,0.007655852664560063,-0.21512732545557403,0.3494292982184329,0.06699095840039868,82.18526805739877,82.25225901579917
7.907999999999351,0.007225629099644693,-0.215094204005079,0.3536961242655474,0.06697033189839341,82.18513651550188,82.25210684740027
7.909999999999351,0.0067954869161071215,-0.2150459444564779,0.3579321170137111,0.06694028375607235,82.1850126019503,82.25195288570637
7.911999999999351,0.006365456366106106,-0.21498257099073478,0.3621370197518846,0.06690083536825155,82.18489632036471,82.25179715573297
7.91399999999935,0.0059355676524022955,-0.2149041088247601,0.3663105783204085,0.06685201074258824,82.18478767221528,82.25163968295787
7.91599999999935,0.005505850926289529,-0.21481058420821222,0.37045254112549725,0.06679383648561724,82.18468665682722,82.25148049331284
7.91799999999935,0.005076336285532596,-0.21470202442022873,0.37456265915352915,0.06672634178809059,82.18459327138672,82.25131961317481
7.91999999999935,0.004647053772311607,-0.214578457766088,0.3786406859851315,0.06664955840962498,82.18450751094777,82.25115706935739
7.92199999999935,0.004218033371173111,-0.2144399135738013,0.3826863778090599,0.06656352066266584,82.18442936843913,82.2509928891018
7.923999999999349,0.003789305006988095,-0.21428642219063584,0.3866994934358715,0.06646826539577157,82.18435883467238,82.25082710006815
7.925999999999349,0.00336089854291701,-0.2141180149795691,0.3906797943113907,0.06636383197622688,82.18429589835011,82.25065973032635
7.927999999999349,0.0029328437783819527,-0.21393472431567453,0.39462704452996805,0.06625026227199066,82.18424054607507,82.25049080834707
7.929999999999349,0.002505170447046147,-0.21373658358243958,0.3985410108475295,0.06612760063298577,82.18419276235947,82.25032036299245
7.9319999999993485,0.002077908214800857,-0.21352362716801568,0.4024214626944177,0.06599589387173778,82.1841525296353,82.25014842350704
7.933999999999348,0.0016510866777598636,-0.21329589046140127,0.4062681721880228,0.06585519124336986,82.1841198282649,82.24997501950827
7.935999999999348,0.0012247353602616478,-0.21305340984855756,0.41008091414520387,0.06570554442496189,82.18409463655206,82.24980018097702
7.937999999999348,0.0007988837128794044,-0.212796222708458,0.41385946609449864,0.0655470074942799,82.18407693075395,82.24962393824822
7.939999999999348,0.0003735611104390255,-0.21252436740907146,0.41760360828812193,0.06537963690788552,82.18406668509334,82.24944632200123
7.941999999999347,-5.1203149954817814e-05,-0.21223788330327972,0.4213131237137527,0.06520349147863154,82.18406387177154,82.24926736325017
7.943999999999347,-0.0004753798508843627,-0.2119368107247294,0.42498779810610765,0.06501863235255319,82.18406846098168,82.24908709333423
7.945999999999347,-0.0008989398565760808,-0.21162119098361915,0.4286274199583024,0.06482512298516217,82.18408042092265,82.24890554390781
7.947999999999347,-0.0013218541148495144,-0.2112910663624221,0.4322317805329991,0.0646230291171524,82.1840997178137,82.24872274693085
7.9499999999993465,-0.001744093659057493,-0.2109464801115442,0.4358006738733393,0.06441241874952618,82.18412631590915,82.24853873465868
7.951999999999346,-0.002165629610017603,-0.21058747644491882,0.43933389681366336,0.06419336211814869,82.18416017751412,82.24835353963226
7.953999999999346,-0.0025864331779347823,-0.210214100535538,0.4428312489900137,0.06396593166773999,82.18420126300039,82.24816719466813
7.955999999999346,-0.0030064756643149175,-0.20982639851092072,0.4462925328504238,0.06373020202531429,82.18424953082294,82.24797973284825
7.957999999999346,-0.0034257284638693104,-0.20942441744851892,0.4497175536649906,0.06348624997307373,82.1843049375369,82.24779118750996
7.959999999999345,-0.003844163066409898,-0.20900820537106116,0.45310611953573093,0.0632341544207675,82.18436743781511,82.24760159223588
7.961999999999345,-0.004261751058735097,-0.20857781124183497,0.45645804140622126,0.06297399637752507,82.18443698446607,82.2474109808436
7.963999999999345,-0.004678464126506152,-0.2081332849599078,0.4597731330710209,0.0627058589231727,82.18451352845229,82.24721938737545
7.965999999999345,-0.0050942740561138655,-0.20767467735528738,0.46305121118487713,0.0624298271790428,82.18459701890936,82.2470268460884
7.9679999999993445,-0.005509152736535585,-0.20720204018402186,0.46629209527171345,0.0621459882782868,82.18468740316523,82.24683339144352
7.969999999999344,-0.005923072161182335,-0.20671542612323987,0.46949560773339954,0.06185443133569959,82.18478462676015,82.24663905809585
7.971999999999344,-0.006336004429735968,-0.2062148887661316,0.4726615738583031,0.06155524741706746,82.1848886334668,82.24644388088386
7.973999999999344,-0.006747921749976218,-0.20570048261687068,0.47578982182962287,0.06124852950804752,82.18499936531123,82.24624789481928
7.975999999999344,-0.007158796439597538,-0.2051722630854779,0.4788801827335035,0.0609343724825906,82.18511676259388,82.24605113507647
7.977999999999343,-0.007568600928015612,-0.20463028648262666,0.48193249056693116,0.060612873070916264,82.1852407639113,82.24585363698222
7.979999999999343,-0.007977307758163413,-0.20407461001439126,0.48494658224540943,0.060284129827051725,82.18537130617804,82.2456554360051
7.981999999999343,-0.008384889588276712,-0.20350529177693802,0.4879222976104166,0.059948243095943494,82.18550832464929,82.24545656774524
7.983999999999343,-0.008791319193668892,-0.20292239075115995,0.49085947943664315,0.05960531498015403,82.18565175294353,82.24525706792369
7.9859999999993425,-0.009196569468495003,-0.2023259667972553,0.49375797343900885,0.05925544930615237,82.18580152306589,82.24505697237204
7.987999999999342,-0.009600613427504897,-0.20171608064925084,0.49661762827946065,0.05889875159021048,82.18595756543185,82.24485631702206
7.989999999999342,-0.010003424207785359,-0.20109279390946963,0.4994382955735507,0.05853532900391607,82.18611980889105,82.24465513789497
7.991999999999342,-0.010404975070491125,-0.20045616904294478,0.5022198298967928,0.058165290339311615,82.18628818075199,82.2444534710913
7.993999999999342,-0.010805239402564674,-0.19980626937177884,0.5049620887908008,0.05778874597367219,82.18646260680657,82.24425135278024
7.995999999999341,-0.01120419071844467,-0.1991431590694498,0.5076649327692044,0.0574058078339317,82.18664301135534,82.24404881918927
7.997999999999341,-0.011601802661762983,-0.19846690315506388,0.5103282253233463,0.057016589360769664,82.18682931723288,82.24384590659365
7.999999999999341,-0.011998049007030153,-0.19777756748755612,0.5129518329277576,0.05662120547236838,82.18702144583379,82.24364265130616
8.001999999999342,-0.012392903661309202,-0.19707521875983872,0.5155356250454137,0.056219772527853096,82.18721931713877,82.24343908966662
8.003999999999342,-0.012786340665877692,-0.19635992449289794,0.5180794741327694,0.055812408290425726,82.18742284974103,82.24323525803145
8.005999999999343,-0.01317833419787793,-0.1956317530298402,0.5205832556445728,0.05539923189020314,82.18763196087328,82.24303119276348
8.007999999999344,-0.013568858571955207,-0.1948907735298876,0.5230468480384597,0.054980363786772145,82.18784656643471,82.24282693022148
8.009999999999344,-0.013957888241883992,-0.19413705596232353,0.5254701327793272,0.054555925731471874,82.18806658101843,82.24262250674991
8.011999999999345,-0.014345397802181949,-0.19337067110038908,0.527852994343487,0.05412604072941534,82.18829191793937,82.24241795866878
8.013999999999346,-0.014731361989711712,-0.19259169051513045,0.5301953202225976,0.053690833001262234,82.18852248926193,82.2422133222632
8.015999999999346,-0.015115755685270302,-0.19180018656919812,0.532497000927378,0.05325042794475282,82.18875820582863,82.24200863377338
8.017999999999347,-0.015498553915166094,-0.19099623241059827,0.5347579299910993,0.052804952096016745,82.18899897728842,82.24180392938443
8.019999999999348,-0.015879731852783237,-0.19017990196639703,0.5369780039728574,0.05235453309066646,82.18924471212557,82.24159924521624
8.021999999999348,-0.01625926482013345,-0.1893512699363779,0.5391571224606264,0.051899299624687964,82.18949531768874,82.24139461731343
8.023999999999349,-0.016637128289395054,-0.18851041178665331,0.5412951880740904,0.05143938141514023,82.1897507002202,82.24119008163534
8.02599999999935,-0.017013297884439227,-0.18765740374323037,0.5433921064672571,0.05097490916067486,82.19001076488543,82.2409856740461
8.02799999999935,-0.017387749382343307,-0.18679232278553173,0.545447786330853,0.05050601450188781,82.19027541580282,82.24078143030471
8.029999999999351,-0.01776045871489111,-0.18591524663987194,0.5474621393944965,0.050032829981514954,82.1905445560737,82.24057738605522
8.031999999999352,-0.018131401970060156,-0.1850262537728899,0.549435080428655,0.04955548900448311,82.19081808781239,82.24037357681688
8.033999999999352,-0.018500555393495703,-0.184125423384938,0.5513665272463814,0.04907412579782802,82.19109591217669,82.24017003797452
8.035999999999353,-0.018867895389971547,-0.18321283540342856,0.5532564007048331,0.04858887537049177,82.19137792939831,82.23996680476881
8.037999999999354,-0.019233398524837433,-0.18228857047613772,0.5551046247065726,0.04809987347301026,82.1916640388137,82.2397639122867
8.039999999999354,-0.019597041525453062,-0.18135270996446817,0.5569111262006498,0.04760725655710382,82.1919541388948,82.2395613954519
8.041999999999355,-0.019958801282608574,-0.18040533593667038,0.558675835183467,0.04711116173518099,82.19224812728035,82.23935928901554
8.043999999999356,-0.020318654851931423,-0.17944653116102352,0.5603986846994264,0.04661172673976925,82.19254590080676,82.23915762754653
8.045999999999356,-0.020676579455279592,-0.17847637909897646,0.5620796108413613,0.04610908988288242,82.19284735553963,82.2389564454225
8.047999999999357,-0.021032552482121027,-0.17749496389824929,0.5637185527507489,0.04560339001533757,82.19315238680524,82.23875577682058
8.049999999999358,-0.021386551490899262,-0.17650237038589614,0.5653154526177089,0.045094766486033146,82.19346088922212,82.23855565570815
8.051999999999358,-0.021738554210385112,-0.17549868406132973,0.566870255680785,0.04458335910119917,82.19377275673263,82.23835611583382
8.053999999999359,-0.022088538541014387,-0.17448399108930837,0.5683829102265106,0.04406930808363178,82.19408788263495,82.23815719071858
8.05599999999936,-0.02243648255621153,-0.17345837829288582,0.5698533675887606,0.043552754031923824,82.19440615961481,82.23795891364674
8.05799999999936,-0.022782364503699134,-0.17242193314632473,0.5712815821478869,0.04303383787970213,82.19472747977764,82.23776131765734
8.059999999999361,-0.02312616280679325,-0.17137474376797415,0.5726675113296408,0.042512700854884414,82.19505173468048,82.23756443553536
8.061999999999362,-0.023467856065684394,-0.17031689891311189,0.5740111156038807,0.04198948443896571,82.19537881536417,82.23736829980314
8.063999999999362,-0.023807423058704234,-0.16924848796675188,0.5753123584830677,0.04146433032634724,82.19570861238553,82.23717294271188
8.065999999999363,-0.02414484274357782,-0.16816960093641772,0.576571206520546,0.04093738038371799,82.19604101584953,82.23697839623325
8.067999999999364,-0.024480094258661374,-0.1670803284448825,0.5777876293086137,0.0404087766095009,82.19637591544169,82.23678469205119
8.069999999999364,-0.024813156924165483,-0.16598076172287565,0.5789615994763787,0.0398786610933752,82.19671320046017,82.23659186155353
8.071999999999365,-0.0251440102433637,-0.16487099260175767,0.5800930926874062,0.039347175975885156,82.19705275984825,82.23639993582414
8.073999999999366,-0.025472633903786446,-0.16375111350616275,0.5811820876371523,0.03881446340814773,82.19739448222658,82.23620894563473
8.075999999999366,-0.025799007778400194,-0.16262121744661057,0.58222856605019,0.03828066551166902,82.19773825592551,82.23601892143718
8.077999999999367,-0.026123111926771803,-0.16148139801208716,0.5832325126772231,0.03774592433828161,82.19808396901742,82.2358298933557
8.079999999999368,-0.02644492659621802,-0.1603317493625962,0.5841939152918924,0.03721038183021292,82.19843150934892,82.23564189117913
8.081999999999368,-0.026764432222940046,-0.15917236622168054,0.5851127646873726,0.03667417978029621,82.19878076457331,82.2354549443536
8.083999999999369,-0.027081609433143097,-0.15800334386891512,0.5859890546727615,0.036137459792334674,82.19913162218262,82.23526908197495
8.08599999999937,-0.027396439044140953,-0.15682477813237172,0.5868227820692612,0.03560036324162938,82.1994839695399,82.23508433278153
8.08799999999937,-0.02770890206544539,-0.15563676538105603,0.587613946706153,0.03506303123568212,82.19983769391133,82.23490072514701
8.089999999999371,-0.028018979699840452,-0.15443940251731778,0.588362551416566,0.03452560457508339,82.20019268249834,82.23471828707342
8.091999999999372,-0.02832665334444155,-0.1532327869692344,0.58906860203304,0.03398822371459628,82.2005488224695,82.2345370461841
8.093999999999372,-0.02863190459173925,-0.15201701668296896,0.5897321073828843,0.033451028724446503,82.20090600099256,82.234357029717
8.095999999999373,-0.028934715230627815,-0.1507921901151029,0.5903530792833305,0.03291415925182946,82.2012641052662,82.23417826451804
8.097999999999374,-0.02923506724741833,-0.149558406224944,0.5909315325364839,0.03237775448264359,82.2016230225518,82.23400077703444
8.099999999999374,-0.02953294282683645,-0.1483157644668107,0.5914674849240713,0.031841953103461385,82.2019826402051,82.23382459330857
8.101999999999375,-0.029828324353004688,-0.14706436478229254,0.5919609572019859,0.03130689326374734,82.20234284570762,82.23364973897137
8.103999999999376,-0.030121194410409204,-0.14580430759248825,0.592411973094632,0.03077271253833298,82.2027035266981,82.23347623923644
8.105999999999376,-0.030411535784851035,-0.1445356937902213,0.5928205592890685,0.030239547890158886,82.20306457100382,82.23330411889398
8.107999999999377,-0.030699331464381748,-0.14325862473223405,0.593186745428953,0.029707535633293917,82.20342586667162,82.23313340230492
8.109999999999378,-0.03098456464022345,-0.14197320223136084,0.5935105641082856,0.02917681139624025,82.20378730199887,82.23296411339511
8.111999999999378,-0.031267218707673135,-0.14067952854868063,0.5937920508649561,0.02864751008553494,82.20414876556437,82.2327962756499
8.113999999999379,-0.03154727726699131,-0.13937770638564986,0.5940312441740926,0.028119765849656753,82.2045101462589,82.23262991210855
8.11599999999938,-0.03182472412427486,-0.1380678388762162,0.5942281854412128,0.027593712043247665,82.20487133331572,82.23246504535896
8.11799999999938,-0.03209954329231414,-0.13675002957891358,0.594382918995181,0.02706948119165876,82.20523221634089,82.23230169753255
8.119999999999381,-0.03237171899143422,-0.13542438246893918,0.5944954920809685,0.026547204955828685,82.20559268534332,82.23213989029915
8.121999999999382,-0.032641235650320274,-0.13409100193021317,0.5945659548522205,0.026027014097504606,82.20595263076468,82.2319796448622
8.123999999999382,-0.03290807790682708,-0.13274999274742158,0.5945943603636291,0.025509038444813885,82.20631194350912,82.23182098195393
8.125999999999383,-0.03317223060877258,-0.1314014600980429,0.594580764563114,0.02499340685819548,82.20667051497273,82.23166392183093
8.127999999999384,-0.03343367881471547,-0.13004550954435912,0.5945252262838117,0.02448024719669948,82.2070282370728,82.23150848426951
8.129999999999384,-0.03369240779471683,-0.1286822470254517,0.594427807235873,0.023969686284663543,82.20738500227691,82.23135468856157
8.131999999999385,-0.033948403031085664,-0.1273117788491833,0.5942885719980717,0.023461849878774258,82.20774070363154,82.23120255351031
8.133999999999386,-0.03420165021910849,-0.12593421168416546,0.5941075880092233,0.02295686263552173,82.20809523479086,82.23105209742639
8.135999999999386,-0.03445213526776275,-0.12454965255171319,0.5938849255594159,0.02245484807905563,82.2084484900449,82.23090333812395
8.137999999999387,-0.03469984430041419,-0.12315820881778686,0.5936206577810539,0.021955928569450424,82.20880036434757,82.23075629291702
8.139999999999388,-0.034944763655498055,-0.12175998818492216,0.5933148606397156,0.021460225271387637,82.20915075334447,82.23061097861586
8.141999999999388,-0.0351868798871842,-0.1203550986841485,0.5929676129248249,0.0209678581232629,82.20949955340043,82.23046741152369
8.143999999999389,-0.035426179766025946,-0.11894364866689659,0.592578996240139,0.020478945806725143,82.20984666162671,82.23032560743344
8.14599999999939,-0.03566265027959282,-0.11752574679689584,0.5921490949940527,0.019993605716655517,82.21019197590783,82.23018558162448
8.14799999999939,-0.03589627863308701,-0.11610150204206195,0.5916779963897199,0.01951195393159289,82.21053539492839,82.23004734885998
8.149999999999391,-0.03612705224994365,-0.11467102366637555,0.591165790414994,0.019034105184613494,82.21087681819928,82.2299109233839
8.151999999999392,-0.0363549587724148,-0.11323442122175227,0.5906125698321876,0.018560172834671162,82.21121614608377,82.22977631891844
8.153999999999392,-0.03657998606213718,-0.11179180453990498,0.5900184301676525,0.018090268838405334,82.2115532798232,82.22964354866161
8.155999999999393,-0.03680212220068364,-0.11034328372419859,0.5893834697011817,0.01762450372242316,82.21188812156242,82.22951262528484
8.157999999999394,-0.03702135549009831,-0.10888896914149827,0.5887077894552336,0.017162986556062295,82.21222057437488,82.22938356093094
8.159999999999394,-0.03723767445341542,-0.10742897141401145,0.5879914931839796,0.01670582492464082,82.21255054228729,82.22925636721193
8.161999999999395,-0.037451067835161854,-0.10596340141112418,0.5872346873621771,0.016253124903200095,82.21287793030409,82.22913105520729
8.163999999999396,-0.03766152460184333,-0.10449237024123269,0.5864374811738668,0.015804991030747055,82.21320264443153,82.22900763546228
8.165999999999396,-0.03786903394241424,-0.1030159892435704,0.5855999865008986,0.015361526285001271,82.2135245917013,82.2288861179863
8.167999999999397,-0.03807358526873116,-0.10153436998003115,0.5847223179112833,0.014922832057652866,82.21384368019403,82.22876651225168
8.169999999999398,-0.03827516821599,-0.10004762422698923,0.5838045926473739,0.014489008130136602,82.21415981906212,82.22864882719226
8.171999999999398,-0.03847377264314677,-0.09855586396711667,0.5828469306138785,0.014060152649927583,82.21447291855252,82.22853307120245
8.173999999999399,-0.038669388633321984,-0.09705920138119853,0.581849454365701,0.013636362107363704,82.21478289002884,82.2284192521362
8.1759999999994,-0.03886200649418873,-0.09555774883994658,0.5808122890956169,0.013217731313000008,82.2150896459934,82.22830737730641
8.1779999999994,-0.039051616758344315,-0.09405161889581215,0.5797355626217804,0.01280435337549965,82.21539310010859,82.22819745348409
8.179999999999401,-0.03923821018366557,-0.09254092427479844,0.5786194053750675,0.012396319680066404,82.21569316721802,82.22808948689809
8.181999999999402,-0.03942177775364776,-0.09102577786827325,0.5774639503862526,0.011993719867423003,82.21598976336733,82.22798348323475
8.183999999999402,-0.039602310677727126,-0.08950629272478226,0.5762693332730241,0.011596641813339914,82.21628280582438,82.22787944763772
8.185999999999403,-0.03977980039158707,-0.08798258204186382,0.5750356922268358,0.011205171608718626,82.21657221309928,82.227777384708
8.187999999999404,-0.039954238557447945,-0.08645475915786548,0.5737631679995984,0.010819393540233486,82.21685790496385,82.22767729850408
8.189999999999404,-0.040125617064340494,-0.08492293754376314,0.5724519038902104,0.010439390071536101,82.2171398024707,82.22757919254224
8.191999999999405,-0.040293928028362944,-0.08338723079498309,0.5711020457309312,0.010065241825025753,82.21741782797201,82.22748306979705
8.193999999999406,-0.040459163792921714,-0.08184775262322772,0.5697137418735956,0.009697027564189664,82.21769190513784,82.22738893270203
8.195999999999406,-0.04062131692895582,-0.08030461684830531,0.5682871431756726,0.009334824176516232,82.21796195897376,82.22729678315028
8.197999999999407,-0.04078038023514489,-0.07875793738996462,0.5668224029861688,0.008978706656984536,82.21822791583851,82.2272066224955
8.199999999999408,-0.04093634673810092,-0.07720782825973457,0.5653196771313781,0.00862874809213309,82.21848970346095,82.22711845155308
8.201999999999408,-0.04108920969254366,-0.07565440355276991,0.5637791239004784,0.008285019644710822,82.2187472509565,82.22703227060121
8.203999999999409,-0.04123896258145973,-0.0740977774397031,0.5622009040309764,0.007947590538912714,82.21900048884342,82.22694807938234
8.20599999999941,-0.04138559911624542,-0.0725380641585032,0.5605851806940035,0.007616528046202842,82.21924934905849,82.22686587710469
8.20799999999941,-0.04152911323683324,-0.07097537800634214,0.5589321194794605,0.007291897471727034,82.21949376497203,82.22678566244376
8.209999999999411,-0.0416694991118022,-0.06940983333146909,0.5572418883810166,0.006973762141317304,82.21973367140306,82.22670743354438
8.211999999999412,-0.04180675113847185,-0.06784154452509326,0.5555146577809602,0.006662183389090142,82.21996900463336,82.22663118802245
8.213999999999412,-0.04194086394298008,-0.06627062601327587,0.553750600434905,0.006357220545640349,82.2201997024215,82.22655692296713
8.215999999999413,-0.042071832380344745,-0.06469719224883172,0.5519498914563525,0.006058930926832124,82.22042570401626,82.22648463494309
8.217999999999414,-0.04219965153450907,-0.06312135770324095,0.5501127083011108,0.005767369823188971,82.22064695016958,82.22641431999277
8.219999999999414,-0.04232431671837089,-0.06154323685857147,0.5482392307515725,0.005482590489883504,82.22086338314914,82.22634597363903
8.221999999999415,-0.04244582347379581,-0.05996294419941264,0.5463296409008519,0.005204644137328478,82.22107494675045,82.22627959088777
8.223999999999416,-0.042564167571614124,-0.05838059420482074,0.5443841231367834,0.004933579922369955,82.2212815863083,82.22621516623066
8.225999999999416,-0.04267934501160176,-0.05679630134027671,0.5424028641257828,0.004669444940083284,82.22148324870811,82.22615269364819
8.227999999999417,-0.04279135202244508,-0.05521018004965677,0.540386052796571,0.004412284216172677,82.22167988239642,82.22609216661259
8.229999999999418,-0.04290018506168965,-0.053622344747216326,0.5383338803237643,0.0041621406999746684,82.2218714373912,82.22603357809118
8.231999999999418,-0.04300584081567299,-0.0520329098095878,0.5362465401113291,0.00391905525806586,82.22205786529156,82.22597692054963
8.23399999999942,-0.04310831619944138,-0.050441989567792875,0.5341242277759055,0.0036830666684749343,82.22223911928691,82.22592218595538
8.23599999999942,-0.043207608356650606,-0.0488496982992696,0.5319671411299995,0.003454211615498965,82.2224151541659,82.2258693657814
8.23799999999942,-0.04330371465945088,-0.04725615021991502,0.5297754801650453,0.0032325246851237443,82.22258592632464,82.22581845100976
8.239999999999421,-0.0433966327083558,-0.04566145947614368,0.5275494470343388,0.003018038361047711,82.22275139377452,82.22576943213556
8.241999999999422,-0.04348636033209545,-0.044065740136962656,0.5252892460358454,0.0028107830213089566,82.2229115161496,82.2257222991709
8.243999999999422,-0.04357289558745369,-0.042469106186063525,0.5229950835948798,0.0026107869355144813,82.22306625471349,82.225677041649
8.245999999999423,-0.043656236759089626,-0.04087167151393187,0.5206671682466639,0.002418076262670913,82.22321557236577,82.22563364862845
8.247999999999424,-0.04373638235934334,-0.03927354990997472,0.5183057106187601,0.0022326750496154957,82.22335943364784,82.22559210869746
8.249999999999424,-0.04381333112802584,-0.03767485505466655,0.5159109234133828,0.002054605230046195,82.22349780474849,82.22555240997853
8.251999999999425,-0.04388708203219341,-0.03607570051171425,0.5134830213895915,0.0018838866241494814,82.2236306535087,82.22551454013285
8.253999999999426,-0.043957634265906216,-0.034476199720241615,0.5110222213453626,0.0017205369388242308,82.22375794942633,82.22547848636515
8.255999999999426,-0.04402498724997137,-0.032876465986993814,0.5085287420995454,0.0015645717685000228,82.22387966365997,82.22544423542847
8.257999999999427,-0.044089140631670375,-0.03127661247856237,0.5060028044737013,0.0014160045965479384,82.22399576903247,82.22541177362902
8.259999999999428,-0.04415009428447108,-0.029676752213631155,0.5034446312738285,0.0012748467972818122,82.22410624003419,82.22538108683148
8.261999999999428,-0.04420784830772411,-0.028076998055243812,0.5008544472719731,0.001141107638547736,82.22421105282528,82.22535216046383
8.26399999999943,-0.044262403026343905,-0.02647746270309319,0.4982324791877287,0.0010147942848994268,82.22431018523804,82.22532497952294
8.26599999999943,-0.0443137589904743,-0.024878258685833227,0.49557895566962545,0.0008959118013569685,82.22440361677842,82.22529952857977
8.26799999999943,-0.0443619169751388,-0.023279498353413752,0.4928941072764095,0.0007844631577462076,82.22449132862715,82.2252757917849
8.269999999999431,-0.04440687797987549,-0.021681293869438747,0.4901781664582155,0.0006804492336160018,82.22457330364048,82.2252537528741
8.271999999999432,-0.044448643228356795,-0.020083757203548474,0.4874313675376324,0.0005838688237303097,82.22464952635032,82.22523339517404
8.273999999999432,-0.04448721416799388,-0.018487000123825998,0.48465394669066486,0.0004947186441319878,82.22471998296402,82.22521470160815
8.275999999999433,-0.044522592469526015,-0.016891134189228562,0.48184614192759084,0.00041299333877501315,82.22478466136354,82.22519765470231
8.277999999999434,-0.044554780026594756,-0.015296270742044283,0.4790081930737172,0.00033868548672166663,82.22484355110444,82.22518223659117
8.279999999999434,-0.044583778955303105,-0.013702520900374644,0.4761403417500361,0.0002717856099011106,82.22489664341393,82.22516842902382
8.281999999999435,-0.04460959159375962,-0.012109995550643252,0.4732428313537803,0.00021228218142560717,82.22494393118883,82.22515621337025
8.283999999999436,-0.04463222050160762,-0.010518805340131308,0.4703159070388827,0.00016016163446050144,82.22498540899312,82.22514557062757
8.285999999999436,-0.04465166845953941,-0.008929060669540283,0.4673598156963388,0.00011540837164394353,82.22502107305465,82.22513648142629
8.287999999999437,-0.04466793846879579,-0.007340871685582232,0.46437480593447467,7.80047750521774e-05,82.22505092126168,82.22512892603673
8.289999999999438,-0.04468103375065062,-0.0057543482735982155,0.4613611280591224,4.793121670608914e-05,82.22507495315897,82.22512288437568
8.291999999999438,-0.04469095774588075,-0.004169600050205282,0.45831903405370267,2.5166069614564587e-05,82.22509316994315,82.22511833601277
8.29399999999944,-0.04469771411422125,-0.0025867363559724616,0.45524877755921805,9.685719350069811e-06,82.22510557445811,82.22511526017746
8.29599999999944,-0.04470130673380601,-0.0010058662481262277,0.4521506138541574,1.464576151732096e-06,82.2251121711894,82.22511363576555
8.29799999999944,-0.044701739700593796,0.0005729015067141383,0.4490247998343126,4.7508755106402665e-07,82.22511296625851,82.22511344134605
8.299999999999441,-0.044699017327779776,0.0021494584397708278,0.4458715939925097,6.6877515153415924e-06,82.22510796741666,82.22511465516818
8.301999999999442,-0.04469314414519267,0.0037236963873109813,0.4426912563982561,2.007113010351587e-05,82.22509718403819,82.2251172551683
8.303999999999442,-0.04468412489867743,0.00529550749781894,0.4394840486773047,4.059186362940904e-05,82.22508062711327,82.2251212189769
8.305999999999443,-0.04467196454946372,0.006864784239136813,0.43625023399113644,6.821468532681814e-05,82.22505830924051,82.22512652392584
8.307999999999444,-0.044656668273520043,0.008431419405572948,0.43299007701636355,0.00010290243651102519,82.22503024461888,82.22513314705539
8.309999999999444,-0.04463824146089377,0.009995306124977848,0.42970384392405453,0.000144616082231087,82.22499644903934,82.22514106512156
8.311999999999445,-0.04461668971503697,0.011556337865787143,0.426391802358982,0.00019331472740716018,82.22495693987601,82.22515025460342
8.313999999999446,-0.04459201885211825,0.01311440844403114,0.4230542214187954,0.000248955633446992,82.22491173607685,82.2251606917103
8.315999999999447,-0.04456423490032058,0.014669412030310568,0.4196913716331202,0.00031149423533559487,82.22486085815412,82.22517235238945
8.317999999999447,-0.044533344099125224,0.01622124315673809,0.41630352494258466,0.0003808841591920034,82.2248043281741,82.2251852123333
8.319999999999448,-0.04449935289858178,0.01776979672384514,0.4128909546777761,0.0004570772402869016,82.22474216974678,82.22519924698706
8.321999999999449,-0.04446226795856447,0.0193149680074537,0.4094539355381275,0.0005400235415147917,82.22467440801485,82.22521443155637
8.32399999999945,-0.04442209614801475,0.02085665266551256,0.40599274357073734,0.0006296713723142759,82.2246010696424,82.22523074101471
8.32599999999945,-0.0443788445441702,0.02239474674489774,0.4025076561491223,0.0007259673080298993,82.22452218280327,82.2252481501113
8.32799999999945,-0.044332520431779966,0.023929146688176535,0.39899895195190654,0.0008288562097089153,82.22443777716889,82.2252666333786
8.329999999999451,-0.044283131302306586,0.02545974934033489,0.3954669109414466,0.0009382812443262182,82.22434788389587,82.2252861651402
8.331999999999452,-0.044230684853114495,0.026986451955467654,0.3919118143423961,0.0010541839054305868,82.22425253561309,82.22530671951851
8.333999999999453,-0.04417518898664514,0.028509152203431327,0.38833394462020965,0.001176504034205295,82.22415176640841,82.22532827044262
8.335999999999453,-0.044116651809578834,0.030027748176458872,0.3847335854595887,0.0013051798409360364,82.22404561181521,82.22535079165615
8.337999999999454,-0.04405508163198344,0.031542138395736254,0.3811110217428706,0.0014401479268790255,82.22393410879818,82.22537425672506
8.339999999999455,-0.0439904869664499,0.03305222181794025,0.3774665395283619,0.0015813433065220229,82.22381729573917,82.2253986390457
8.341999999999455,-0.043922876527214764,0.03455789784173722,0.3738004260286185,0.0017286994302309954,82.22369521242233,82.22542391185256
8.343999999999456,-0.04385225922926974,0.036059066314242355,0.37011296958867324,0.0018821482072749497,82.22356790001915,82.22545004822642
8.345999999999457,-0.04377864418745839,0.03755562753743911,0.3664044596642127,0.002041620029221489,82.22343540107298,82.2254770211022
8.347999999999457,-0.04370204071555998,0.0390474822745584,0.3626751867997057,0.002207043793695476,82.22329775948323,82.22550480327692
8.349999999999458,-0.043622458325360665,0.040534531756417164,0.35892544260648296,0.0023783469284931547,82.22315502048947,82.22553336741797
8.351999999999459,-0.04353990672571202,0.04201667768771597,0.3551555197407723,0.002555455416043991,82.22300723065472,82.22556268607076
8.35399999999946,-0.043454395821577,0.04349382225329525,0.35136571188168825,0.0027382938182124047,82.2228544378489,82.2255927316671
8.35599999999946,-0.04336593571306343,0.04496586812434981,0.3475563137091795,0.002926785301431515,82.2226966912317,82.22562347653313
8.35799999999946,-0.043274536694445136,0.046432718464601265,0.3437276208819347,0.0031208516621609324,82.2225340412351,82.22565489289725
8.359999999999461,-0.043180209253170766,0.047894276936428004,0.33987993001524885,0.0033204133526605452,82.2223665395458,82.22568695289846
8.361999999999462,-0.043082964068860356,0.04935044770695234,0.33601353865885164,0.0035253895070722465,82.22219423908707,82.22571962859415
8.363999999999463,-0.042982812012289824,0.05080113545408452,0.3321287452746989,0.003735697967801383,82.22201719400054,82.22575289196834
8.365999999999463,-0.04287976414436336,0.05224624537252316,0.3282258492147292,0.003951255312189758,82.22183545962757,82.22578671493976
8.367999999999464,-0.042773831715073915,0.05368568317971188,0.32430515069858734,0.004171976879471858,82.22164909249032,82.2258210693698
8.369999999999465,-0.04266502616245177,0.05511935512175164,0.3203669507913154,0.00439777679800599,82.22145815027262,82.22585592707063
8.371999999999465,-0.04255335911150137,0.05654716797926854,0.3164115513810144,0.004628568012771924,82.22126269180053,82.22589125981331
8.373999999999466,-0.04243884237312642,0.05796902907323674,0.31243925515647664,0.004864262313126591,82.2210627770226,82.22592703933572
8.375999999999467,-0.04232148794304345,0.059384846270756096,0.3084503655847908,0.005104770360809359,82.2208584669899,82.22596323735071
8.377999999999467,-0.04220130800068376,0.06079452799078421,0.30444518688892225,0.005350001718188301,82.22064982383579,82.22599982555397
8.379999999999468,-0.042078314908084086,0.06219798320982259,0.30042402402526913,0.005599864876738923,82.22043691075542,82.22603677563217
8.381999999999469,-0.04195252120876582,0.06359512146755653,0.2963871826611957,0.005854267285746678,82.22021979198506,82.2260740592708
8.38399999999947,-0.041823939626603045,0.06498585287244847,0.2923349691525451,0.006113115381224609,82.2199985327811,82.22611164816233
8.38599999999947,-0.041692583064679455,0.0663700881072844,0.28826769052113355,0.006376314615037428,82.21977319939882,82.22614951401385
8.38799999999947,-0.04155846460413419,0.06774773843467308,0.28418565443222576,0.006643769484223258,82.21954385907104,82.22618762855527
8.389999999999471,-0.041421597502996725,0.06911871570249774,0.2800891691719958,0.006915383560504315,82.21931057998646,82.22622596354697
8.391999999999472,-0.04128199519501092,0.07048293234931989,0.27597854362497176,0.00719105951997767,82.2190734312678,82.22626449078778
8.393999999999473,-0.0411396712884483,0.071840301409735,0.2718540872514694,0.007470699172977271,82.21883248294986,82.22630318212285
8.395999999999473,-0.040994639564910694,0.07319073651967974,0.26771611006501306,0.0077542034940984795,82.21858780595706,82.22634200945116
8.397999999999474,-0.04084691397812224,0.07453415192169037,0.2635649226097475,0.008041472652376024,82.21833947208121,82.22638094473359
8.399999999999475,-0.04069650865271103,0.07587046247011214,0.2594008359378417,0.008332406041606696,82.21808755395882,82.22641996000043
8.401999999999475,-0.040543437882980274,0.07719958363625931,0.255224161586886,0.00862690231080775,82.21783212504835,82.22645902735916
8.403999999999476,-0.04038771613166929,0.07852143151352545,0.2510352115572841,0.00892485939480214,82.21757325960712,82.22649811900192
8.405999999999477,-0.04022935802870425,0.07983592282244381,0.24683429828964204,0.009226174544921594,82.21731103266835,82.22653720721327
8.407999999999477,-0.04006837836993888,0.08114297491569751,0.24262173464215486,0.00953074435981865,82.21704552001775,82.22657626437757
8.409999999999478,-0.03990479211588523,0.0824425057830791,0.23839783386799376,0.009838464816378619,82.2167767981702,82.22661526298658
8.411999999999479,-0.039738614390434523,0.0837344340563994,0.23416290959269415,0.01014923130072262,82.21650494434603,82.22665417564674
8.41399999999948,-0.039569860479568224,0.08501867901434518,0.22991727579154644,0.010462938639292606,82.21623003644757,82.22669297508686
8.41599999999948,-0.03939854583005953,0.08629516058728554,0.2256612467669919,0.010779481130009531,82.21595215303502,82.22673163416503
8.41799999999948,-0.03922468604816519,0.08756379936202659,0.2213951371260242,0.011098752573495609,82.21567137330267,82.22677012587617
8.419999999999481,-0.03904829689830797,0.08882451658651433,0.21711926175759874,0.011420646304351788,82.21538777705483,82.22680842335919
8.421999999999482,-0.038869394301749696,0.09007723417448524,0.21283393581005106,0.011745055222481437,82.2151014446816,82.22684649990407
8.423999999999483,-0.038687994335255056,0.09132187471006453,0.20853947466852646,0.012071871824451352,82.2148124571346,82.22688432895904
8.425999999999483,-0.03850411322974629,0.09255836145231172,0.20423619393242148,0.012400988234881177,82.21452089590271,82.2269218841376
8.427999999999484,-0.03831776736894881,0.09378661833971318,0.19992440939283945,0.012732296237852266,82.2142268429874,82.22695913922526
8.429999999999485,-0.03812897328802792,0.09500656999462158,0.19560443701006178,0.013065687308327127,82.2139303808785,82.22699606818682
8.431999999999485,-0.03793774767221666,0.0962181417276419,0.19127659289103602,0.013401052643570697,82.21363159252927,82.22703264517284
8.433999999999486,-0.037744107355434986,0.09742125954196368,0.1869411932668828,0.013738283194564362,82.21333056133203,82.2270688445266
8.435999999999487,-0.03754806931890032,0.09861585013763946,0.1825985544704225,0.014077269697404183,82.21302737109329,82.2271046407907
8.437999999999487,-0.03734965068972957,0.09980184091580897,0.17824899291372426,0.01441790270467433,82.21272210600897,82.22714000871365
8.439999999999488,-0.037148868739532805,0.10097915998286901,0.17389282506567774,0.014760072616787053,82.21241485063965,82.22717492325643
8.441999999999489,-0.036945740882998596,0.10214773615458864,0.16953036742959002,0.015103669713280428,82.21210568988565,82.22720935959893
8.44399999999949,-0.03674028467647122,0.10330749896016961,0.16516193652080868,0.015448584184065263,82.21179470896229,82.22724329314636
8.44599999999949,-0.03653251781651977,0.10445837864625167,0.16078784884437297,0.015794706160612376,82.2114819933748,82.22727669953542
8.44799999999949,-0.036322458138499346,0.10560030618086261,0.15640842087269438,0.016141925747071767,82.21116762889358,82.22730955464066
8.449999999999491,-0.03611012361510435,0.10673321325731282,0.15202396902326826,0.016490133051314998,82.21085170152914,82.22734183458046
8.451999999999492,-0.03589553235491409,0.10785703229803413,0.14763480963641787,0.016839218215892293,82.21053429750734,82.22737351572323
8.453999999999493,-0.03567870260093075,0.10897169645836274,0.1432412589530727,0.017189071448895952,82.21021550324431,82.22740457469321
8.455999999999493,-0.03545965272910983,0.11007713963026604,0.13884363309258202,0.017539583054721506,82.20989540532167,82.2274349883764
8.457999999999494,-0.03523840124688323,0.1111732964460131,0.13444224803056623,0.017890643464718217,82.20957409046157,82.2274647339263
8.459999999999495,-0.03501496679167501,0.1122601022817887,0.13003741957680612,0.01824214326772085,82.20925164550194,82.22749378876966
8.461999999999495,-0.03478936812941,0.11333749326125057,0.1256294633531727,0.01859397324045414,82.20892815737153,82.22752213061199
8.463999999999496,-0.03456162415301533,0.11440540625902981,0.12121869477159883,0.018946024377801768,82.2086037130653,82.2275497374431
8.465999999999497,-0.03433175388091507,0.11546377890417424,0.11680542901209368,0.019298187922931954,82.2082783996196,82.22757658754253
8.467999999999497,-0.034099776455517976,0.11651254958353444,0.11238998100080225,0.019650355397271262,82.20795230408747,82.22760265948475
8.469999999999498,-0.03386571114169855,0.11755165744509238,0.1079726653881109,0.02000241863031871,82.20762551351409,82.2276279321444
8.471999999999499,-0.033629577325271505,0.11858104240123253,0.10355379652680075,0.02035426978929222,82.20729811491228,82.22765238470157
8.4739999999995,-0.03339139451145974,0.11960064513195505,0.09913368845024997,0.020705801408599532,82.20697019523787,82.22767599664647
8.4759999999995,-0.03315118232335594,0.12061040708803115,0.09471265485068728,0.02105690641912559,82.20664184136558,82.2276987477847
8.4779999999995,-0.032908960500377935,0.12161027049410035,0.09029100905749712,0.021407478177329,82.20631314006442,82.22772061824175
8.479999999999501,-0.032664748896717916,0.12260017835170944,0.08586906401557867,0.021757410494139328,82.20598417797379,82.22774158846794
8.481999999999502,-0.03241856747978564,0.12358007444229309,0.08144713226376027,0.022106597663648222,82.20565504157915,82.2277616392428
8.483999999999503,-0.0321704363286457,0.12454990333009582,0.07702552591327019,0.02245493449158641,82.20532581718814,82.22778075167973
8.485999999999503,-0.031920375632449066,0.12550961036503538,0.07260455662626533,0.0228023163235792,82.20499659090675,82.22779890723032
8.487999999999504,-0.03166840568885892,0.1264591416855073,0.06818453559441989,0.023148639073173365,82.20466744861544,82.22781608768861
8.489999999999505,-0.03141454690247091,0.12739844422113022,0.06376577351757462,0.023493799249627724,82.20433847594563,82.22783227519525
8.491999999999505,-0.03115881978322808,0.12832746569543252,0.059348580582448685,0.02383769398546055,82.20400975825622,82.22784745224168
8.493999999999506,-0.030901244944830344,0.12924615462847938,0.05493326644141577,0.024180221063746548,82.20368138061009,82.22786160167384
8.495999999999507,-0.030641843103138885,0.13015446033944061,0.050520140191344654,0.02452127894515637,82.20335342775113,82.22787470669628
8.497999999999507,-0.030380635074575408,0.13105233294909902,0.0461095103525076,0.024860766794731818,82.20302598408094,82.22788675087567
8.499999999999508,-0.030117641774516465,0.13193972338229912,0.04170168484755604,0.025198584508389757,82.20269913363616,82.22789771814455
8.501999999999509,-0.029852884215682936,0.13281658337033622,0.037296970980566446,0.025534632739148192,82.20237296006563,82.22790759280478
8.50399999999951,-0.029586383506524788,0.13368286545328567,0.0328956754161569,0.02586881292306756,82.20204754660786,82.22791635953092
8.50599999999951,-0.029318160849601236,0.13453852298227212,0.02849810415867654,0.026201027304901075,82.20172297606864,82.22792400337354
8.50799999999951,-0.029048237539956435,0.13538351012167882,0.024104562531468143,0.026531178963447383,82.20139933079885,82.2279305097623
8.509999999999511,-0.028776634963490793,0.13621778185129685,0.019715355156206704,0.026859171836599117,82.20107669267247,82.22793586450908
8.511999999999512,-0.028503374595328073,0.1370412939684141,0.01533078593231424,0.027184910746081425,82.20075514306477,82.22794005381085
8.513999999999513,-0.028228477998178354,0.13785400308984402,0.010951158016452522,0.027508301421874024,82.20043476283071,82.22794306425259
8.515999999999513,-0.027951966820697005,0.13865586665389387,0.006576773802095481,0.02782925052631094,82.20011563228346,82.22794488280977
8.517999999999514,-0.027673862795839787,0.13944684292227266,0.0022079348991823067,0.028147665677851822,82.19979783117324,82.22794549685109
8.519999999999515,-0.027394187739214183,0.14022689098193858,-0.002155057886147449,0.028463455474518992,82.1994814386665,82.22794489414102
8.521999999999515,-0.027112963547427125,0.1409959707468857,-0.0065119045717353385,0.028776529516994977,82.19916653332477,82.22794306284176
8.523999999999516,-0.026830212196429164,0.14175404295987012,-0.010862306019500112,0.029086798431374048,82.19885319308466,82.22793999151604
8.525999999999517,-0.026545955739855288,0.14250106919407554,-0.015205963955448598,0.02939417389156324,82.19854149523701,82.22793566912857
8.527999999999517,-0.02626021630736245,0.1432370118547177,-0.019542580989598213,0.029698568641326552,82.19823151640728,82.2279300850486
8.529999999999518,-0.02597301610296396,0.1439618341805884,-0.023871860635810926,0.02999989651596792,82.19792333253545,82.22792322905143
8.531999999999519,-0.025684377403360825,0.14467550024553835,-0.028193507331537193,0.030298072463647137,82.19761701885662,82.22791509132027
8.53399999999952,-0.025394322556270218,0.14537797495989935,-0.03250722645746845,0.03059301256632411,82.19731264988151,82.22790566244784
8.53599999999952,-0.025102873978751137,0.14606922407184533,-0.03681272435709654,0.03088463406032612,82.19701029937758,82.22789493343791
8.53799999999952,-0.024810054155527415,0.1467492141686925,-0.041109708356179275,0.031172855356534003,82.19671004035008,82.22788289570661
8.539999999999521,-0.02451588563730819,0.1474179126781385,-0.04539788678211082,0.0314575960601815,82.19641194502364,82.22786954108382
8.541999999999522,-0.02422039103910596,0.14807528786944052,-0.0496769689831951,0.031738776990264485,82.1961160848239,82.22785486181417
8.543999999999523,-0.023923593038552324,0.14872130885453225,-0.05394666534782144,0.03201632019855454,82.19582253035955,82.2278388505581
8.545999999999523,-0.023625514374211582,0.14935594558907994,-0.058206687323541256,0.03229014898821315,82.19553135140468,82.22782150039289
8.547999999999524,-0.02332617784389226,0.1499791688734772,-0.06245674743604407,0.03256018793200224,82.19524261688122,82.22780280481322
8.549999999999525,-0.023025606302956712,0.15059095035377884,-0.06669655930803178,0.03282636289008698,82.19495639484198,82.22778275773207
8.551999999999525,-0.022723822662628918,0.1511912625225736,-0.07092583767799054,0.03308860102742673,82.19467275245364,82.22776135348107
8.553999999999526,-0.022420849888300596,0.15178007871979562,-0.075144298418858,0.03334683083075078,82.19439175598023,82.22773858681099
8.555999999999527,-0.022116710997835756,0.15235737313347514,-0.0793516585565853,0.033600982125114566,82.19411347076701,82.22771445289212
8.557999999999527,-0.021811429059873808,0.1529231208004278,-0.08354763628859271,0.03385098609003343,82.19383796122433,82.22768894731436
8.559999999999528,-0.021505027192131352,0.15347729760688308,-0.08773195100211753,0.034096775275190075,82.19356529081207,82.22766206608726
8.561999999999529,-0.021197528559702777,0.15401988028905167,-0.09190432329245266,0.03433828361571263,82.19329552202437,82.22763380564008
8.56399999999953,-0.020888956373359788,0.1545508464336317,-0.09606447498107556,0.03457544644702,82.1930287163746,82.22760416282162
8.56599999999953,-0.020579333887849972,0.15507017447825425,-0.10021212913366553,0.034808200519231856,82.19276493438048,82.22757313489971
8.56799999999953,-0.020268684400194546,0.15557784371186753,-0.10434701007800878,0.03503648401113969,82.19250423554996,82.2275407195611
8.569999999999531,-0.019957031247985382,0.1560738342750605,-0.10846884342178958,0.03526023654373684,82.19224667836701,82.22750691491075
8.571999999999532,-0.01964439780768146,0.15655812716032544,-0.11257735607026717,0.035479399193304346,82.19199232027795,82.22747171947125
8.573999999999533,-0.019330807492904854,0.15703070421225965,-0.11667227624383628,0.03569391450405075,82.19174121767799,82.22743513218204
8.575999999999533,-0.019016283752736368,0.15749154812770652,-0.12075333349547074,0.03590372650030227,82.19149342589827,82.22739715239858
8.577999999999534,-0.01870085007001096,0.15794064245583575,-0.12482025872804936,0.03610878069824295,82.19124899919308,82.22735777989132
8.579999999999535,-0.01838452995961306,0.158377971598163,-0.1288727842115619,0.03630902411720072,82.19100799072741,82.22731701484462
8.581999999999535,-0.018067346966771907,0.15880352080850887,-0.1329106436001954,0.036504405290478784,82.19077045256506,82.22727485785553
8.583999999999536,-0.017749324665357037,0.15921727619289747,-0.13693357194929867,0.03669487427573003,82.19053643565671,82.22723130993244
8.585999999999537,-0.017430486656174027,0.15961922470939433,-0.14094130573222458,0.0368803826648724,82.19030598982886,82.22718637249373
8.587999999999537,-0.01711085656526063,0.1600093541678842,-0.14493358285704838,0.037060883593544446,82.19007916377251,82.22714004736605
8.589999999999538,-0.01679045804218341,0.16038765322978832,-0.1489101426831621,0.03723633175009883,82.18985600503277,82.22709233678286
8.591999999999539,-0.016469314758335,0.1607541114077217,-0.15287072603774254,0.0374066833841332,82.18963655999835,82.22704324338248
8.59399999999954,-0.016147450405232112,0.16110871906509006,-0.15681507523209337,0.037571896314556416,82.18942087389172,82.22699277020628
8.59599999999954,-0.015824888692814412,0.16145146741562696,-0.160742934077859,0.03773192993719009,82.18920899075957,82.22694092069676
8.59799999999954,-0.015501653347744374,0.16178234852287093,-0.1646540479031098,0.0378867452319037,82.1890009534634,82.22688769869531
8.599999999999541,-0.015177768111708251,0.16210135529958278,-0.16854816356829813,0.03803630476928318,82.18879680367077,82.22683310844005
8.601999999999542,-0.014853256739718263,0.1624084815071032,-0.17242502948208305,0.03818057271683153,82.18859658184682,82.22677715456365
8.603999999999543,-0.014528142998416125,0.16270372175465084,-0.17628439561702375,0.03831951484470216,82.18840032724601,82.22671984209072
8.605999999999543,-0.014202450664378053,0.1629870714985609,-0.18012601352514043,0.03845309853096318,82.1882080779044,82.22666117643537
8.607999999999544,-0.013876203522421337,0.16325852704146435,-0.18394963635334127,0.038581292766393785,82.18801987063226,82.22660116339866
8.609999999999545,-0.013549425363912626,0.16351808553140787,-0.18775501885871532,0.038704068158811576,82.18783574100691,82.22653980916571
8.611999999999545,-0.013222139985078025,0.16376574496091495,-0.19154191742368948,0.03882139693693149,82.18765572336612,82.22647712030304
8.613999999999546,-0.012894371185315131,0.16400150416598774,-0.19531009007104966,0.038933252953756194,82.1874798508018,82.22641310375555
8.615999999999547,-0.012566142765507125,0.16422536282505032,-0.19905929647882417,0.03903961168949849,82.18730815515399,82.22634776684349
8.617999999999547,-0.012237478526339038,0.16443732145783319,-0.20278929799502937,0.039140450254035904,82.18714066700535,82.22628111725939
8.619999999999548,-0.011908402266616299,0.16463738142419929,-0.206499857652276,0.03923574738889844,82.18697741567588,82.22621316306478
8.621999999999549,-0.011578937781585698,0.1648255449229117,-0.2101907401822356,0.03932548346878944,82.18681842921818,82.22614391268696
8.62399999999955,-0.01124910886125887,0.16500181499034308,-0.21386171202996646,0.039409640502641535,82.18666373441285,82.22607337491549
8.62599999999955,-0.01091893928873841,0.1651661954991271,-0.21751254136809745,0.03948820213420726,82.18651335676455,82.22600155889876
8.62799999999955,-0.010588452838546756,0.16531869115675196,-0.22114299811087007,0.039561153642186916,82.18636732049815,82.22592847414033
8.629999999999551,-0.01025767327495793,0.16545930750409643,-0.22475285392803634,0.039628481939893344,82.18622564855549,82.22585413049539
8.631999999999552,-0.009926624350332277,0.165588050913908,-0.22834188225861357,0.039690175574456574,82.18608836259227,82.22577853816674
8.633999999999553,-0.009595329803454294,0.16570492858922398,-0.2319098583244932,0.03974622472556823,82.1859554829756,82.22570170770116
8.635999999999553,-0.00926381335787368,0.1658099485617354,-0.235456559143905,0.039796621203768694,82.18582702878166,82.22562364998542
8.637999999999554,-0.008932098720249713,0.16590311969009386,-0.238981763544734,0.03984135844827761,82.18570301779383,82.2255443762421
8.639999999999555,-0.008600209578699074,0.16598445165816164,-0.24248525217769057,0.03988043152437057,82.18558346650127,82.22546389802564
8.641999999999555,-0.008268169601147218,0.16605395497320527,-0.24596680752933253,0.039913837120303094,82.18546839009772,82.22538222721803
8.643999999999556,-0.007936002433683425,0.1661116409640327,-0.24942621393493836,0.03994157354378465,82.18535780248087,82.22529937602465
8.645999999999557,-0.007603731698919629,0.16615752177907425,-0.2528632575912311,0.03996364071800447,82.1852517162518,82.2252153569698
8.647999999999557,-0.007271380994353136,0.16619161038440775,-0.2562777265689522,0.03998004017721206,82.18515014271509,82.2251301828923
8.649999999999558,-0.006938973890733357,0.16621392056172773,-0.2596694108252841,0.03999077506185411,82.1850530918791,82.22504386694095
8.651999999999559,-0.006606533930432648,0.16622446690625933,-0.2630381022161219,0.039995850113270934,82.18496057245677,82.22495642257005
8.65399999999956,-0.006274084625821387,0.1662232648246166,-0.26638359450819216,0.0399952716679554,82.18487259186661,82.22486786353457
8.65599999999956,-0.005941649457647381,0.166210330532606,-0.26970568339101936,0.039989047651375995,82.18478915623419,82.22477820388556
8.65799999999956,-0.005609251873419728,0.16618568105297493,-0.2730041664887382,0.0399771875713685,82.18471027039392,82.22468745796529
8.659999999999561,-0.005276915285797232,0.1661493342131056,-0.27627884337175257,0.03995970251109813,82.18463593789123,82.22459564040233
8.661999999999562,-0.004944663070981487,0.16610130864265463,-0.27952951556823885,0.039936605121595824,82.18456616098509,82.22450276610668
8.663999999999563,-0.004612518567114733,0.16604162377113846,-0.2827559865754944,0.039907909613871924,82.18450094065088,82.22440885026475
8.665999999999563,-0.004280505072682599,0.16597029982546485,-0.2859580618711296,0.03987363175061052,82.18444027658362,82.22431390833422
8.667999999999564,-0.003948645844921835,0.1658873578274108,-0.2891355489241037,0.03983378883744809,82.18438416720157,82.22421795603901
8.669999999999565,-0.0036169640982331407,0.16579281959104702,-0.29228825720560325,0.039788399713839774,82.1843326096502,82.22412100936404
8.671999999999565,-0.003285483002599198,0.1656867077201094,-0.29541599819976266,0.03973748474351735,82.18428559980642,82.22402308454993
8.673999999999566,-0.0029542256820080165,0.16556904560531743,-0.2985185854142268,0.039681065804542656,82.1842431322832,82.22392419808774
8.675999999999567,-0.0026232152128816922,0.16543985742164016,-0.3015958343905547,0.039619166278959936,82.18420520043462,82.22382436671357
8.677999999999567,-0.0022924746225106867,0.16529916812550985,-0.3046475627144634,0.03955181104205177,82.18417179636118,82.22372360740323
8.679999999999568,-0.001962026887493732,0.16514700345198338,-0.3076735900259128,0.03947902645120248,82.18414291091538,82.22362193736659
8.681999999999569,-0.0016318949321834642,0.16498338991185213,-0.3106737380290294,0.03940084033437273,82.18411853370786,82.22351937404223
8.68399999999957,-0.0013021016271378887,0.16480835478870023,-0.3136478305018696,0.03931728197819078,82.18409865311352,82.22341593509171
8.68599999999957,-0.0009726697875777803,0.16462192613591156,-0.3165956933060216,0.03922838211566364,82.18408325627847,82.22331163839414
8.68799999999957,-0.0006436221718501202,0.1644241327736259,-0.31951715439604533,0.0391341729135132,82.18407232912678,82.22320650204028
8.689999999999571,-0.000314981479897671,0.1642150042856444,-0.32241204382875055,0.039034687959142285,82.18406585636787,82.22310054432701
8.691999999999572,1.3229648265208134e-05,0.1639945710162848,-0.3252801937723121,0.03892996224723441,82.1840638215042,82.22299378375143
8.693999999999573,0.00034098863407040704,0.16376286406718654,-0.3281214385152217,0.03882003216599288,82.18406620683925,82.22288623900523
8.695999999999573,0.0006682729619074709,0.163519915294066,-0.33093561447507713,0.038704935483023825,82.1840729934857,82.22277792896872
8.697999999999574,0.0009950601806284671,0.1632657573034227,-0.33372256020720675,0.03858471133086818,82.18408416137412,82.22266887270499
8.699999999999575,0.0013213279050462155,0.1630004234491958,-0.33648211641313003,0.03845940019218728,82.1840996892618,82.22255908945398
8.701999999999575,0.0016470538174257828,0.16272394782937244,-0.33921412594885375,0.03832904388460807,82.18411955474205,82.22244859862666
8.703999999999576,0.001972215668969146,0.16243636528254707,-0.3419184338330027,0.03819368554523225,82.18414373425365,82.22233741979889
8.705999999999577,0.0022967912812929237,0.16213771138443284,-0.3445948872547856,0.03805336961481524,82.18417220309074,82.22222557270555
8.707999999999577,0.002620758547899086,0.1618280224443251,-0.34724333558179493,0.0379081418216203,82.18420493541271,82.22211307723433
8.709999999999578,0.0029440954356385403,0.16150733550151739,-0.34986363036764107,0.03775804916495274,82.18424190425497,82.22199995341992
8.711999999999579,0.0032667799861675053,0.1611756883216702,-0.35245562535942015,0.03760313989838073,82.18428308153939,82.22188622143777
8.71399999999958,0.003588790317396572,0.16083311939313288,-0.35501917650501547,0.03744346351264733,82.18432843808527,82.22177190159792
8.71599999999958,0.003910104624932363,0.16047966792321902,-0.3575541419602315,0.03727907071827995,82.1843779436208,82.22165701433909
8.71799999999958,0.004230701183511701,0.16011537383443566,-0.3600603820957617,0.03711001342790318,82.18443156679437,82.22154158022228
8.719999999999581,0.004550558348428182,0.15974027776066665,-0.36253775950398837,0.036936344738260164,82.1844892751866,82.22142561992487
8.721999999999582,0.004869654556951074,0.15935442104331046,-0.3649861390056151,0.0367581189119492,82.18455103532219,82.22130915423413
8.723999999999583,0.005187968329736448,0.15895784572737287,-0.3674053876561317,0.036575391358880695,82.18461681268246,82.22119220404134
8.725999999999583,0.005505478272230444,0.1585505945575149,-0.3697953747521102,0.03638821861746122,82.18468657171789,82.22107479033535
8.727999999999584,0.0058221630760645965,0.15813271097405623,-0.3721559718373343,0.03619665833551043,82.18476027586101,82.22095693419652
8.729999999999585,0.006138001520443111,0.15770423910893452,-0.37448705270875843,0.03600076925091689,82.18483788753943,82.22083865679035
8.731999999999585,0.006452972473522028,0.15726522378162103,-0.37678849342230014,0.035800611172039226,82.18491936818933,82.22071997936136
8.733999999999586,0.006767054893780168,0.1568157104949929,-0.37906017229846234,0.03559624495785862,82.18500467826894,82.2206009232268
8.735999999999587,0.007080227831381774,0.15635574543116235,-0.3813019699277875,0.03538773249788924,82.18509377727258,82.22048150977048
8.737999999999587,0.007392470429530782,0.15588537544726327,-0.38351376917614244,0.03517513669185276,82.18518662374451,82.22036176043636
8.739999999999588,0.007703761925816612,0.15540464807119558,-0.3856954551898344,0.03495852142912343,82.18528317529338,82.2202416967225
8.741999999999589,0.008014081653551405,0.15491361149732766,-0.38784691540055727,0.03473795156795,82.18538338860674,82.22012134017469
8.74399999999959,0.008323409043098634,0.15441231458215723,-0.38996803953016934,0.034513492914461465,82.18548721946583,82.22000071238028
8.74599999999959,0.008631723623192984,0.1539008068399312,-0.3920587195953008,0.03428521220146239,82.18559462276052,82.21987983496199
8.74799999999959,0.008939005022251438,0.15337913843822465,-0.39411884991179225,0.034053177067025445,82.18570555250444,82.21975872957147
8.749999999999591,0.00924523296967548,0.1528473601934795,-0.3961483270989637,0.03381745603288664,82.18581996185048,82.21963741788338
8.751999999999592,0.009550387297144323,0.1523055235665032,-0.39814705008371376,0.03357811848265087,82.1859378031063,82.21951592158895
8.753999999999593,0.009854447939899124,0.15175368065792771,-0.40011492010444966,0.03333523463981367,82.18605902775013,82.21939426238994
8.755999999999593,0.01015739493801804,0.15119188420362947,-0.4020518407148467,0.03308887554560688,82.18618358644676,82.21927246199236
8.757999999999594,0.010459208437682114,0.15062018757011036,-0.40395771778743933,0.032839113036673695,82.18631142906375,82.21915054210042
8.759999999999595,0.010759868692431875,0.15003864474984036,-0.40583245951704183,0.032586019722581294,82.18644250468766,82.21902852441025
8.761999999999595,0.011059356064414579,0.14944731035656214,-0.40767597642399944,0.032329668963176676,82.18657676164062,82.2189064306038
8.763999999999596,0.011357651025622034,0.1488462396205581,-0.40948818135727005,0.03207013484579324,82.1867141474971,82.2187842823429
8.765999999999597,0.01165473415911891,0.14823548838388004,-0.41126898949733653,0.03180749216231484,82.18685460910065,82.21866210126296
8.767999999999597,0.01195058616026148,0.14761511309554218,-0.4130183183589492,0.031541816386104066,82.18699809258091,82.21853990896702
8.769999999999598,0.012245187837906702,0.14698517080667767,-0.4147360877936992,0.03127318364880155,82.18714454337093,82.21841772701974
8.771999999999599,0.012538520115611589,0.14634571916565917,-0.41642221999242235,0.031001670717003802,82.18729390622431,82.21829557694132
8.7739999999996,0.012830564032822777,0.14569681641318377,-0.41807663948743423,0.030727354968825827,82.18744612523277,82.2181734802016
8.7759999999996,0.013121300746056226,0.14503852137732282,-0.4196992731545953,0.03045031437035584,82.18760114384366,82.21805145821402
8.7779999999996,0.013410711530066993,0.1443708934685369,-0.4212900502152079,0.03017062745200889,82.18775890487782,82.21792953232983
8.779999999999601,0.013698777779008995,0.14369399267465655,-0.42284890223774374,0.02988837328478658,82.18791935054738,82.21780772383217
8.781999999999602,0.013985481007584701,0.14300787955582892,-0.42437576313940306,0.029603631456449675,82.18808242247366,82.21768605393011
8.783999999999603,0.014270802852184685,0.14231261523943112,-0.4258705691875049,0.029316482047610594,82.18824806170537,82.21756454375297
8.785999999999603,0.014554725072016968,0.14160826141495034,-0.42733325900070906,0.029027005607752683,82.18841620873688,82.21744321434464
8.787999999999604,0.014837229550226096,0.14089488032883135,-0.42876377355007034,0.028735283131183714,82.1885868035264,82.21732208665759
8.789999999999605,0.015118298295001872,0.14017253477929176,-0.43016205615992364,0.02844139603293,82.18875978551445,82.21720118154738
8.791999999999605,0.015397913440677693,0.13944128811110543,-0.43152805250860227,0.028145426124578363,82.1889350936424,82.21708051976698
8.793999999999606,0.015676057248818417,0.1387012042103546,-0.4328617106289878,0.027847455590073185,82.18911266637107,82.21696012196115
8.795999999999607,0.015952712109297707,0.13795234749915097,-0.4341629809088934,0.027547566961474895,82.18929244169942,82.2168400086609
8.797999999999607,0.016227860541364783,0.13719478293032636,-0.435431816091279,0.027245843094687663,82.18947435718331,82.216720200278
8.799999999999608,0.016501485194700537,0.13642857598209313,-0.4366681712743006,0.02694236714516252,82.18965834995431,82.21660071709948
8.801999999999609,0.016773568850462918,0.13565379265267508,-0.43787200391119163,0.026637222543583167,82.18984435673872,82.2164815792823
8.80399999999961,0.01704409442232157,0.13487049945490912,-0.4390432738099793,0.026330492971541646,82.19003231387633,82.21636280684787
8.80599999999961,0.01731304495748163,0.13407876341081806,-0.44018194313303394,0.026022262337210125,82.19022215733968,82.21624441967688
8.80799999999961,0.01758040363769665,0.13327865204615527,-0.4412879763964524,0.02571261475101641,82.19041382275299,82.216126437504
8.809999999999611,0.017846153780270588,0.13247023338492112,-0.44236134046927705,0.02540163450132946,82.19060724541139,82.21600887991272
8.811999999999612,0.018110278839048782,0.13165357594385224,-0.4434020045725481,0.02508940603016226,82.19080236029995,82.21589176633012
8.813999999999613,0.0183727624053979,0.13082874872688366,-0.4444099402781923,0.024776013908898387,82.19099910211301,82.21577511602192
8.815999999999613,0.018633588209174774,0.1299958212195843,-0.44538512150774634,0.024461542814049466,82.19119740527327,82.21565894808732
8.817999999999614,0.018892740119684077,0.12915486338356647,-0.44632752453091634,0.024146077503050003,82.19139720395124,82.21554328145429
8.819999999999615,0.019150202146624804,0.12830594565086953,-0.4472371279639737,0.023829702790096594,82.19159843208426,82.21542813487436
8.821999999999615,0.019405958441025488,0.12744913891831847,-0.44811391276798707,0.02351250352203786,82.191801023396,82.21531352691804
8.823999999999616,0.019659993296168105,0.12658451454185754,-0.4489578622468918,0.023194564554322273,82.1920049114156,82.21519947596991
8.825999999999617,0.01991229114850063,0.12571214433085964,-0.4497689620453961,0.022875970727009948,82.19221002949703,82.21508600022405
8.827999999999617,0.020162836578538186,0.12483210054241174,-0.45054720014672556,0.022556806840855467,82.1924163108384,82.21497311767925
8.829999999999618,0.020411614311752733,0.12394445587557693,-0.45129256687020536,0.022237157633468094,82.19262368850111,82.21486084613458
8.831999999999619,0.020658609219451268,0.12304928346563337,-0.45200505486868114,0.021917107755555797,82.19283209542925,82.21474920318481
8.83399999999962,0.02090380631964247,0.12214665687829084,-0.45268465912577943,0.02159674174725984,82.1930414644688,82.21463820621607
8.83599999999962,0.021147190777891765,0.12123665010388497,-0.4533313769530064,0.021276144014586218,82.19325172838678,82.21452787240138
8.83799999999962,0.02138874790816476,0.12031933755155012,-0.4539452079866876,0.020955398805940103,82.1934628198905,82.21441821869644
8.839999999999621,0.02162846317365898,0.11939479404337079,-0.45452615418474784,0.020634590188770206,82.19367467164668,82.21430926183545
8.841999999999622,0.021866322187623924,0.11846309480851246,-0.4550742198233314,0.020313802026328678,82.19388721630055,82.21420101832688
8.843999999999623,0.022102310714169324,0.1175243154773321,-0.45558941149326415,0.019993117954553385,82.19410038649497,82.21409350444952
8.845999999999623,0.022336414669061635,0.11657853207546887,-0.4560717380963574,0.019672621359078327,82.19431411488934,82.21398673624842
8.847999999999624,0.02256862012050866,0.11562582101791542,-0.45652121084155406,0.01935239535237855,82.19452833417861,82.213880729531
8.849999999999625,0.022798913289932325,0.11466625910307034,-0.45693784324091746,0.019032522751055596,82.19474297711214,82.2137754998632
8.851999999999626,0.023027280552729526,0.11369992350677201,-0.45732165110546397,0.018713086053269417,82.19495797651251,82.21367106256578
8.853999999999626,0.023253708439021026,0.11272689177631462,-0.4576726525408393,0.01839416741632287,82.19517326529434,82.21356743271066
8.855999999999627,0.023478183634388364,0.11174724182444654,-0.4579908679428395,0.018075848634404548,82.19538877648286,82.21346462511727
8.857999999999628,0.023700692980598757,0.11076105192335159,-0.45827631999277674,0.017758211116495982,82.1956044432325,82.213362654349
8.859999999999628,0.02392122347631794,0.10976840069861378,-0.45852903365269077,0.017441335864448734,82.19582019884542,82.21326153470987
8.861999999999629,0.024139762277810898,0.10876936712316575,-0.45874903616040696,0.01712530345123724,82.19603597679004,82.21316128024128
8.86399999999963,0.024356296699630527,0.10776403051122155,-0.45893635702444047,0.016810193999393274,82.19625171071901,82.2130619047184
8.86599999999963,0.024570814215294102,0.10675247051219422,-0.45909102801874835,0.01649608715962698,82.19646733448782,82.21296342164744
8.86799999999963,0.02478330245794758,0.10573476710459848,-0.45921308317732945,0.016183062089640876,82.19668278217249,82.21286584426213
8.869999999999632,0.0249937492210177,0.10471100058993907,-0.45930255878867277,0.0158711974331413,82.19689798808793,82.21276918552107
8.871999999999632,0.02520214245885184,0.1036812515865853,-0.4593594933900551,0.015560571299053572,82.19711288680547,82.21267345810452
8.873999999999633,0.025408470287345605,0.10264560102363211,-0.459383927761689,0.015251261240945453,82.19732741317088,82.21257867441183
8.875999999999634,0.025612720984558135,0.10160413013474817,-0.4593759049207202,0.01494334423666464,82.19754150232181,82.21248484655848
8.877999999999634,0.02581488299131509,0.10055692045201144,-0.4593354701150777,0.014636896668195093,82.19775508970532,82.21239198637352
8.879999999999635,0.026014944911799287,0.09950405379973275,-0.45926267081717376,0.014331994301737493,82.19796811109525,82.21230010539699
8.881999999999636,0.026212895514128996,0.0984456122882677,-0.4591575567174584,0.014028712268018663,82.1981805026094,82.21220921487742
8.883999999999636,0.026408723730923817,0.09738167830781752,-0.4590201797178254,0.013727125042835037,82.19839220072662,82.21211932576945
8.885999999999637,0.026602418659858174,0.09631233452221916,-0.4588505939248732,0.013427306427834853,82.19860314230368,82.21203044873151
8.887999999999638,0.026793969564202363,0.09523766386272516,-0.45864885564302005,0.013129329531543863,82.19881326459209,82.21194259412363
8.889999999999638,0.026983365873351157,0.09415774952177386,-0.458415023367474,0.012833266750639368,82.19902250525467,82.21185577200531
8.891999999999639,0.02717059718333995,0.09307267494675019,-0.4581491577770593,0.012539189751476994,82.19923080238195,82.21176999213343
8.89399999999964,0.027355653257348383,0.0919825238337376,-0.4578513217268999,0.012247169451874715,82.19943809450855,82.21168526396042
8.89599999999964,0.02753852402619151,0.09088738012126173,-0.457521580240959,0.011957276003158771,82.19964432062913,82.21160159663229
8.89799999999964,0.02771919958879841,0.08978732798402594,-0.4571600005044385,0.011669578772475443,82.1998494202145,82.21151899898697
8.899999999999642,0.027897670212678267,0.08868245182663954,-0.456766651856036,0.011384146325373334,82.2000533332272,82.21143747955257
8.901999999999642,0.028073926334373916,0.08757283627733883,-0.4563416057800618,0.011101046408659923,82.20025600013723,82.21135704654588
8.903999999999643,0.02824795855990281,0.0864585661817017,-0.45588493589841683,0.010820345933536856,82.20045736193723,82.21127770787076
8.905999999999644,0.02841975766518541,0.08533972659635594,-0.45539671796243153,0.010542110959017522,82.20065736015788,82.2111994711169
8.907999999999644,0.02858931459646099,0.08421640278268208,-0.45487702984456596,0.010266406675631211,82.20085593688276,82.21112234355839
8.909999999999645,0.02875662047069084,0.08308868020051083,-0.45432595152997407,0.009993297389417339,82.20105303476323,82.21104633215265
8.911999999999646,0.028921666575948874,0.08195664450181585,-0.45374356510793007,0.009722846506213625,82.20124859703296,82.21097144353917
8.913999999999646,0.02908444437179959,0.08082038152440216,-0.45312995476312046,0.009455116516241733,82.20144256752236,82.2108976840386
8.915999999999647,0.029244945489663422,0.07967997728559072,-0.4524852067668002,0.009190168978993956,82.20163489067276,82.21082505965175
8.917999999999648,0.029403161733169467,0.07853551797589953,-0.45180940946781567,0.008928064508424278,82.20182551155044,82.21075357605886
8.919999999999648,0.02955908507849554,0.07738708995272181,-0.45110265328349375,0.00866886275844726,82.20201437586024,82.21068323861869
8.921999999999649,0.029712707674695617,0.07623477973400168,-0.450365030690399,0.008412622408747857,82.20220142995929,82.21061405236803
8.92399999999965,0.029864021844014602,0.0750786739919077,-0.4495966362149595,0.00815940115090537,82.20238662087014,82.21054602202105
8.92599999999965,0.030013020082190457,0.07391885954650478,-0.4487975664239614,0.00790925567483451,82.2025698962941,82.21047915196893
8.92799999999965,0.03015969505874366,0.07275542335942503,-0.44796791991491414,0.0076622416555466215,82.20275120462378,82.21041344627933
8.929999999999652,0.030304039617254013,0.07158845252753772,-0.44710779730628664,0.007418413740233738,82.20293049495598,82.21034890869622
8.931999999999652,0.030446046775624788,0.07041803427661902,-0.4462173012276156,0.007177825535678317,82.20310771710409,82.21028554263977
8.933999999999653,0.03058570972633421,0.0692442559550219,-0.4452965363094859,0.006940529595991331,82.20328282161003,82.21022335120603
8.935999999999654,0.03072302183667429,0.06806720502734658,-0.4443456091733859,0.006706577410681076,82.20345575975652,82.2101623371672
8.937999999999654,0.03085797664897697,0.06688696906811205,-0.4433646284214361,0.0064760193930553855,82.20362648357839,82.21010250297145
8.939999999999655,0.03099056788082767,0.06570363575542906,-0.44235370462599377,0.006248904868959322,82.20379494587431,82.21004385074326
8.941999999999656,0.031120789425266117,0.06451729286467497,-0.4413129503191348,0.006025282065850799,82.20396110021791,82.20998638228376
8.943999999999656,0.031248635350974562,0.06332802826217103,-0.4402424799820111,0.005805198102216175,82.20412490096858,82.2099300990708
8.945999999999657,0.03137409990245336,0.062135929898862366,-0.4391424100340877,0.005588698977327782,82.2042863032824,82.20987500225974
8.947999999999658,0.03149717750018389,0.06094108580400127,-0.43801285882225827,0.005375829561345526,82.20444526312237,82.20982109268371
8.949999999999658,0.03161786274077886,0.05974358407883406,-0.4368539466098414,0.0051666335857641224,82.20460173726873,82.20976837085449
8.951999999999659,0.031736150397119994,0.05854351289029211,-0.4356657955654567,0.004961153634207937,82.20475568332878,82.209716836963
8.95399999999966,0.031852035418483096,0.05734096046468734,-0.43444852975178416,0.004759431133574868,82.20490705974672,82.2096664908803
8.95599999999966,0.031965512930650496,0.05613601508141271,-0.4332022751142056,0.004561506345530935,82.20505582581275,82.20961733215827
8.957999999999661,0.03207657823601094,0.054928765066648046,-0.43192715946933036,0.004367418358356881,82.20520194167247,82.20956936003083
8.959999999999662,0.03218522681364686,0.05371929878707173,-0.4306233124934055,0.004177205079148158,82.20534536833571,82.20952257341486
8.961999999999662,0.03229145431940911,0.052507704643578595,-0.4292908657106121,0.003990903226369517,82.20548606768503,82.2094769709114
8.963999999999663,0.032395256585979075,0.05129407106500448,-0.42792995248124827,0.003808548322765262,82.20562400248409,82.20943255080685
8.965999999999664,0.03249662962291836,0.05007848650185792,-0.4265407079897997,0.0036301746886262384,82.20575913638575,82.20938931107437
8.967999999999664,0.03259556961670581,0.048861039420059316,-0.42512326923289945,0.0034558154354143934,82.2058914339398,82.20934724937521
8.969999999999665,0.03269207293076211,0.04764181829468802,-0.42367777500717674,0.0032855024597457385,82.20602086060057,82.20930636306032
8.971999999999666,0.032786136105461855,0.04642091160373783,-0.4222043658969971,0.0031192664377324313,82.20614738273407,82.20926664917181
8.973999999999666,0.032877755858133136,0.04519840782188123,-0.4207031842620942,0.002957136819684527,82.20627096762495,82.20922810444463
8.975999999999667,0.03296692908304468,0.04397439541424283,-0.4191743742250938,0.0027991418251719145,82.20639158348325,82.20919072530843
8.977999999999668,0.03305365285138054,0.04274896283018239,-0.4176180816589325,0.002645308438446817,82.20650919945074,82.20915450788918
8.979999999999668,0.033137924411202335,0.041522198497087943,-0.4160344541741702,0.0024956624042271535,82.20662378560715,82.20911944801138
8.981999999999669,0.033219741187399135,0.04029419081417927,-0.4144236411061992,0.0023502282238409365,82.20673531297581,82.20908554119966
8.98399999999967,0.03329910078162493,0.03906502814632229,-0.4127857935023499,0.0022090291517317642,82.20684375352945,82.20905278268118
8.98599999999967,0.03337600097222375,0.03783479881785467,-0.4111210641088939,0.0020720871923254522,82.20694908019533,82.20902116738766
8.987999999999671,0.03345043971414243,0.03660359110642313,-0.40942960735794687,0.0019394230972575972,82.20705126686019,82.20899068995745
8.989999999999672,0.0335224151388311,0.035371493236832856,-0.4077115793542706,0.0018110563629619159,82.20715028837509,82.20896134473806
8.991999999999672,0.03359192555413135,0.03413859337490931,-0.4059671378619767,0.0016870052286190045,82.20724612055982,82.20893312578843
8.993999999999673,0.033658969444152136,0.03290497962137301,-0.40419644229113205,0.001567286674465104,82.2073387402069,82.20890602688135
8.995999999999674,0.03372354546913349,0.03167074000572759,-0.4023996536842674,0.001451916420460348,82.20742812508558,82.20888004150605
8.997999999999674,0.03378565246529795,0.03043596248016151,-0.40057693470279004,0.0013409089253158565,82.2075142539454,82.20885516287072
8.999999999999675,0.03384528944468987,0.029200734913463918,-0.39872844961330256,0.0012342773858789774,82.20759710651934,82.20883138390522
9.001999999999676,0.033902455595002524,0.027965145084954943,-0.39685436427382653,0.0011320337368758279,82.20767666352698,82.20880869726386
9.003999999999676,0.03395715027939315,0.02672928067843092,-0.39495484611993514,0.0010341886510102391,82.2077529066771,82.2087870953281
9.005999999999677,0.03400937303628584,0.025493229276124883,-0.3930300641507934,0.0009407515394180708,82.20782581867017,82.20876657020959
9.007999999999678,0.03405912357916237,0.024257078352682714,-0.39108018891510815,0.0008517305524757948,82.2078953832004,82.20874711375286
9.009999999999678,0.03410640179634105,0.0230209152691554,-0.38910539249698906,0.0007671325809621267,82.2079615849577,82.20872871753866
9.011999999999679,0.03415120775074353,0.021784827267007683,-0.3871058485017213,0.0006869632575714094,82.20802440962916,82.20871137288673
9.01399999999968,0.03419354167964966,0.02054890146214362,-0.3850817320414507,0.0006112269587773406,82.20808384390041,82.20869507085919
9.01599999999968,0.034233403994440366,0.019313224838949317,-0.3830332197207838,0.0005399268070455552,82.20813987545652,82.20867980226357
9.017999999999681,0.034270795280328746,0.018077884244353297,-0.3809604896223023,0.00047306467339346776,82.2081924929828,82.2086655576562
9.019999999999682,0.034305716296079175,0.016842966381904873,-0.3788637212919941,0.00041064118029569716,82.20824168616517,82.20865232734546
9.021999999999682,0.03433816797371467,0.015608557805870874,-0.3767430957246015,0.0003526557049332985,82.20828744569033,82.20864010139526
9.023999999999683,0.03436815141821241,0.014374744915351132,-0.3745987953488884,0.00029910638278493373,82.20832976324563,82.20862886962841
9.025999999999684,0.03439566790718758,0.013141613948413107,-0.37243100401282636,0.00024999011155802867,82.20836863151864,82.2086186216302
9.027999999999684,0.034420718890565416,0.011909250976246004,-0.37023990696870196,0.000205302555457866,82.20840404419646,82.20860934675191
9.029999999999685,0.034443305990241646,0.010677741897334775,-0.3680256908581462,0.00016503814979248167,82.20843599596465,82.20860103411444
9.031999999999686,0.034463430999731266,0.00944717243165437,-0.365788543697086,0.00012919010591113693,82.20846448250617,82.20859367261208
9.033999999999686,0.034481095883805726,0.008217628114884603,-0.3635286548606214,9.7750416474059e-05,82.20848950049965,82.20858725091612
9.035999999999687,0.0344963027781186,0.006989194292645994,-0.36124621506782645,7.070986105104899e-05,82.20851104761775,82.2085817574788
9.037999999999688,0.03450905398881968,0.005761956114756982,-0.35894141636647797,4.8058012046474935e-05,82.20852912252482,82.20857718053686
9.039999999999688,0.03451935199215768,0.004535998529512832,-0.35661445211771076,2.9783240948081314e-05,82.20854372487489,82.20857350811583
9.041999999999689,0.034527199434071495,0.003311406277986626,-0.35426551698060244,1.5872724896963327e-05,82.20855485530869,82.20857072803359
9.04399999999969,0.03453259912977006,0.002088263888352682,-0.35189480689668823,6.312453575970727e-06,82.20856251545102,82.2085688279046
9.04599999999969,0.034535554063300895,0.000866655670232768,-0.34950251907440594,1.0872364137249448e-06,82.20856670790742,82.20856779514384
9.047999999999691,0.03453606738710737,-0.0003533342909345387,-0.3470888519734745,1.8071010135224863e-07,82.20856743626076,82.20856761697087
9.049999999999692,0.034534142421574744,-0.0015716221395009932,-0.34465400528920465,3.5753464189557423e-06,82.20856470506762,82.20856828041404
9.051999999999692,0.03452978265456499,-0.0027881242551919755,-0.34219817993674545,1.1252460368770693e-05,82.20855851985415,82.20856977231452
9.053999999999693,0.034522991740940465,-0.004002757258665583,-0.3397215780352659,2.3192218611869842e-05,82.20854888711197,82.20857207933058
9.055999999999694,0.034513773502076545,-0.005215438017047173,-0.3372244028920735,3.9373648205208975e-05,82.20853581429373,82.20857518794193
9.057999999999694,0.03450213192536316,-0.006426083649439021,-0.3347068589866711,5.977464563572756e-05,82.20851930980821,82.20857908445385
9.059999999999695,0.034488071163695344,-0.007634611532404738,-0.33216915195475355,8.437198614814507e-05,82.20849938301536,82.20858375500151
9.061999999999696,0.03447159553495286,-0.008840939305428116,-0.32961148857214395,0.00011314133336302053,82.20847604422113,82.20858918555449
9.063999999999696,0.03445270952146894,-0.010044984876346063,-0.32703407673867235,0.00014605724918157045,82.2084493046718,82.20859536192098
9.065999999999697,0.034431417769488146,-0.011246666426755283,-0.3244371254619973,0.00018309320397366988,82.20841917654842,82.20860226975239
9.067999999999698,0.03440772508861347,-0.012445902417392372,-0.3218208448413709,0.00022422158704539288,82.20838567296059,82.20860989454764
9.069999999999698,0.03438163645124272,-0.013642611593487008,-0.31918544605134996,0.00026941371738237635,82.20834880794034,82.20861822165772
9.071999999999699,0.03435315699199416,-0.014836712990087883,-0.3165311413254531,0.00031863985466522993,82.20830859643561,82.20862723629028
9.0739999999997,0.03432229200712165,-0.016028125937361068,-0.31385814393976585,0.00037186921055314446,82.20826505430344,82.20863692351399
9.0759999999997,0.03428904695391904,-0.017216770065860476,-0.3111666681964943,0.0004290699602317851,82.20821819830316,82.20864726826339
9.077999999999701,0.03425342745011423,-0.018402565311770112,-0.30845692940746944,0.0004902092542215009,82.20816804608896,82.20865825534318
9.079999999999702,0.034215439273252636,-0.019585431922117775,-0.305729143877602,0.0005552532304418068,82.2081146162026,82.20866986943304
9.081999999999702,0.03417508836007037,-0.02076529045995989,-0.3029835288882908,0.0006241670265280477,82.20805792806574,82.20868209509227
9.083999999999703,0.03413238080585697,-0.02194206180953717,-0.3002203026807839,0.0006969147923960834,82.20799800197196,82.20869491676436
9.085999999999704,0.03408732286380794,-0.0231156671814008,-0.2974396844394953,0.000773459703050777,82.20793485907869,82.20870831878175
9.087999999999704,0.034039920944367,-0.0242860281175088,-0.2946418942752778,0.0008537639716340238,82.20786852139885,82.20872228537048
9.089999999999705,0.03399018161455824,-0.025453066496292264,-0.29182715320865243,0.0009377888627079858,82.20779901179225,82.20873680065496
9.091999999999706,0.0339381115973081,-0.02661670453769122,-0.2889956831529979,0.0010254947057691454,82.20772635395693,82.2087518486627
9.093999999999706,0.03388371777075736,-0.02777686480815972,-0.28614770689769853,0.001116840908988763,82.20765057242004,82.20876741332903
9.095999999999707,0.033827007167563136,-0.028933470225639944,-0.28328344809125416,0.0012117859731752257,82.20757169252876,82.20878347850193
9.097999999999708,0.03376798697419094,-0.03008644406450493,-0.2804031312243515,0.0013102875059537804,82.20748974044078,82.20880002794674
9.099999999999708,0.033706664530196946,-0.031235709960469735,-0.2775069816128996,0.001412302236159038,82.20740474311474,82.2088170453509
9.101999999999709,0.03364304732750037,-0.03238119191547063,-0.27459522538103,0.0015177860284356411,82.20731672830051,82.20883451432894
9.10399999999971,0.033577143009646204,-0.03352281430251211,-0.2716680894440624,0.0016266938980424072,82.20722572452901,82.20885241842706
9.10599999999971,0.03350895937105827,-0.03466050187048137,-0.2687258014914378,0.0017389800258552175,82.20713176110219,82.20887074112804
9.107999999999711,0.033438504356282664,-0.03579417974893004,-0.26576858996962,0.001854597773563906,82.20703486808257,82.20888946585613
9.109999999999712,0.03336578605922165,-0.03692377345282279,-0.26279668406496653,0.001973499699058327,82.20693507628266,82.20890857598172
9.111999999999712,0.03329081272235815,-0.03804920888725264,-0.25981031368657087,0.0020956375719987613,82.2068324172542,82.2089280548262
9.113999999999713,0.033213592735970784,-0.039170412352122534,-0.2568097094490762,0.0022209623895657784,82.20672692327729,82.20894788566686
9.115999999999714,0.03313413463733961,-0.0402873105467931,-0.2537951026554628,0.002349424392384613,82.20661862734924,82.20896805174162
9.117999999999714,0.03305244710994256,-0.04139983057469613,-0.25076672527980987,0.0024809730806191464,82.20650756317329,82.20898853625391
9.119999999999715,0.032968538982642764,-0.04250789994791368,-0.24772480995003338,0.002615557230230431,82.2063937651472,82.20900932237743
9.121999999999716,0.032882419228866665,-0.04361144659172235,-0.24466958993060028,0.002753124909394815,82.20627726835158,82.20903039326097
9.123999999999716,0.03279409696577312,-0.044710398849102606,-0.24160129910522196,0.002893623495076527,82.2061581085382,82.20905173203329
9.125999999999717,0.03270358145341354,-0.045804685485212826,-0.23852017195952602,0.0030369996897497116,82.20603632211795,82.20907332180771
9.127999999999718,0.03261088209388305,-0.046894235691827796,-0.23542644356370973,0.003183199538264738,82.20591194614894,82.20909514568721
9.129999999999718,0.03251600843046289,-0.04797897909174144,-0.2323203495551749,0.0033321684448537215,82.20578501832402,82.20911718676888
9.131999999999719,0.032418970146753975,-0.049058845743133475,-0.22920212612114596,0.0034838511902699713,82.20565557695868,82.20913942814894
9.13399999999972,0.03231977706580182,-0.05013376614389978,-0.22607200998127283,0.003638191949056328,82.20552366097824,82.2091618529273
9.13599999999972,0.03221843914921279,-0.05120367123594617,-0.2229302383702187,0.0037951343069370334,82.20538930990554,82.20918444421248
9.137999999999721,0.032114966496261804,-0.05226849240944544,-0.21977704902023557,0.003954621278328017,82.20525256384781,82.20920718512613
9.139999999999722,0.03200936934299161,-0.05332816150705724,-0.21661268014372714,0.004116595323960269,82.205113463484,82.20923005880796
9.141999999999722,0.0319016580613036,-0.05438261082811077,-0.21343737041580163,0.004280998368611082,82.20497205005157,82.20925304842018
9.143999999999723,0.03179184315804034,-0.055431773132749836,-0.21025135895681446,0.004447771818937837,82.20482836533348,82.20927613715241
9.145999999999724,0.031679935274059816,-0.0564755816460402,-0.20705488531490374,0.004616856581409086,82.20468245164477,82.20929930822618
9.147999999999724,0.03156594518330152,-0.05751397006203885,-0.2038481894485178,0.004788193080327557,82.2045343518192,82.20932254489954
9.149999999999725,0.03144988379184442,-0.0585468725478251,-0.2006315117089375,0.0049617212759398115,82.20438410919584,82.20934583047178
9.151999999999726,0.03133176213695695,-0.0595742237474931,-0.19740509282279406,0.005137380682627197,82.2042317676053,82.20936914828792
9.153999999999726,0.031211591386139,-0.06059595878610575,-0.19416917387458332,0.005315110387172733,82.20407737135615,82.20939248174332
9.155999999999727,0.031089382836156046,-0.06161201327360961,-0.1909239962891785,0.005494849067098649,82.20392096522102,82.20941581428812
9.157999999999728,0.03096514791206553,-0.06262232330871066,-0.18766980181434123,0.00567653500906912,82.20376259442278,82.20943912943186
9.159999999999728,0.030838898166235484,-0.06362682548271073,-0.18440683250323395,0.005860106127352972,82.20360230462043,82.20946241074779
9.161999999999729,0.030710645277355543,-0.06462545688330425,-0.18113533069693338,0.0060454999823408104,82.2034401418952,82.20948564187754
9.16399999999973,0.0305804010494404,-0.0656181550983353,-0.17785553900694692,0.006232653799111448,82.20327615273615,82.20950880653527
9.16599999999973,0.030448177410825773,-0.06660485821951453,-0.17456770029773339,0.006421504486042046,82.20311038402619,82.20953188851223
9.167999999999731,0.030313986413157003,-0.06758550484609598,-0.17127205766922865,0.00661198865345676,82.20294288302757,82.20955487168104
9.169999999999732,0.030177840230370324,-0.0685600340885133,-0.16796885443937806,0.006804042632308464,82.20277369736769,82.20957774
9.171999999999732,0.030039751157666897,-0.06952838557197552,-0.16465833412667663,0.006997602492888242,82.20260287502445,82.20960047751734
9.173999999999733,0.029899731610479707,-0.07049049944002185,-0.1613407404327179,0.00719260406355724,82.20243046431195,82.2096230683755
9.175999999999734,0.02975779412343338,-0.07144631635803547,-0.15801631722475337,0.007388982949495637,82.20225651386582,82.20964549681531
9.177999999999734,0.029613951349297014,-0.07239577751671615,-0.15468530851826284,0.007586674551463338,82.20208107262864,82.2096677471801
9.179999999999735,0.02946821605793012,-0.07333882463551139,-0.15134795845953783,0.007785614084567069,82.20190418983533,82.2096898039199
9.181999999999736,0.029320601135221724,-0.07427539996600599,-0.1480045113082784,0.007985736597028645,82.20172591499842,82.20971165159546
9.183999999999736,0.02917111958202274,-0.07520544629526982,-0.14465521142020527,0.008186976988949036,82.20154629789327,82.20973327488223
9.185999999999737,0.029019784513071696,-0.07612890694916359,-0.14130030322968778,0.00838927003106299,82.2013653885435,82.20975465857455
9.187999999999738,0.02886660915591387,-0.07704572579560251,-0.13794003123238976,0.008592550383479015,82.2011832372059,82.20977578758938
9.189999999999738,0.02871160684981397,-0.07795584724777756,-0.13457463996793367,0.008796752614399352,82.20099989435582,82.20979664697022
9.191999999999739,0.028554791044662388,-0.07885921626733433,-0.13120437400258458,0.009001811218814836,82.20081541067236,82.20981722189117
9.19399999999974,0.028396175299875155,-0.07975577836750913,-0.1278294779119552,0.00920766063716942,82.20062983702331,82.20983749766049
9.19599999999974,0.02823577328328766,-0.08064547961622227,-0.12445019626373327,0.00941423527398917,82.20044322445048,82.20985745972447
9.197999999999741,0.028073598770042223,-0.08152826663912836,-0.12106677360043203,0.009621469516470495,82.2002556241547,82.20987709367118
9.199999999999742,0.02790966564146962,-0.08240408662262338,-0.11767945442216551,0.009829297753022747,82.20006708748093,82.20989638523396
9.201999999999742,0.02774398788396463,-0.08327288731680851,-0.11428848316944945,0.010037654391759722,82.19987766590353,82.2099153202953
9.203999999999743,0.027576579587855685,-0.08413461703841041,-0.11089410420602924,0.010246473878935321,82.19968741101121,82.20993388489015
9.205999999999744,0.027407454946268762,-0.08498922467365785,-0.10749656180173606,0.010455690717318175,82.19949637449217,82.20995206520949
9.207999999999744,0.027236628253985526,-0.08583665968111469,-0.1040961001153719,0.010665239484500124,82.19930460811939,82.20996984760389
9.209999999999745,0.02706411390629586,-0.08667687209446871,-0.10069296317762591,0.010875054851133863,82.19911216373563,82.20998721858678
9.211999999999746,0.02688992639784488,-0.08750981252527659,-0.09728739487402119,0.011085071599094503,82.19891909323863,82.21000416483773
9.213999999999746,0.026714080321474484,-0.08833543216566456,-0.09387963892789564,0.011295224639560248,82.19872544856646,82.21002067320602
9.215999999999747,0.02653659036705955,-0.08915368279098465,-0.0904699388834157,0.01150544903100748,82.19853128168252,82.21003673071353
9.217999999999748,0.02635747132033888,-0.08996451676242663,-0.08705853808862624,0.011715679997115048,82.198336644561,82.2100523245581
9.219999999999748,0.026176738061740926,-0.09076788702958517,-0.08364567967853556,0.01192585294457333,82.1981415891721,82.21006744211667
9.221999999999749,0.02599440556520447,-0.09156374713298233,-0.08023160655823894,0.012135903480793042,82.19794616746738,82.21008207094818
9.22399999999975,0.025810488896994298,-0.09235205120654519,-0.07681656138608003,0.01234576743150932,82.19775043136511,82.21009619879662
9.22599999999975,0.02562500321451192,-0.09313275398003844,-0.07340078655685262,0.012555380858276021,82.1975544327358,82.21010981359407
9.227999999999751,0.02543796376510152,-0.09390581078145196,-0.06998452418504233,0.012764680075846089,82.19735822338762,82.21012290346347
9.229999999999752,0.025249385884851174,-0.09467117753934312,-0.0665680160881113,0.012973601669432993,82.19716185505202,82.21013545672145
9.231999999999752,0.025059284997389377,-0.09542881078513371,-0.06315150376982548,0.013182082511848906,82.19696537936915,82.210147461881
9.233999999999753,0.02486767661267708,-0.09617866765536152,-0.05973522840362633,0.01339005978051505,82.1967688478738,82.21015890765432
9.235999999999754,0.024674576325795245,-0.09692070589388634,-0.05631943081604776,0.013597470974339769,82.19657231198097,82.21016978295532
9.237999999999754,0.024479999815728026,-0.09765488385405026,-0.05290435147017977,0.01380425393045997,82.19637582297173,82.21018007690219
9.239999999999755,0.02428396284414169,-0.09838116050079232,-0.049490230449179745,0.014010346840841542,82.19617943197909,82.21018977881994
9.241999999999756,0.02408648125415935,-0.09909949541271726,-0.046077307439832266,0.014215688268734374,82.19598318997402,82.21019887824275
9.243999999999756,0.023887570969131605,-0.09980984878411836,-0.042665821716158986,0.014420217164977905,82.19578714775149,82.21020736491647
9.245999999999757,0.023687247991403173,-0.10051218142695424,-0.03925601212307933,0.014623872884152964,82.19559135591655,82.2102152288007
9.247999999999758,0.02348552840107563,-0.10120645477277958,-0.03584811706012325,0.014826595200575525,82.19539586487065,82.21022246007122
9.249999999999758,0.02328242835476633,-0.10189263087462962,-0.03244237446519713,0.015028324324128654,82.19520072479793,82.21022904912206
9.251999999999759,0.02307796408436359,-0.10257067240885843,-0.029039021798404036,0.015229000915928414,82.19500598565166,82.21023498656758
9.25399999999976,0.022872151895778264,-0.10324054267693084,-0.025638296025919022,0.015428566103819746,82.19481169714076,82.21024026324459
9.25599999999976,0.02266500816769177,-0.10390220560716784,-0.022240433603920973,0.01562696149769846,82.19461790871642,82.21024487021413
9.257999999999761,0.022456549350300666,-0.10455562575644572,-0.01884567046258201,0.015824129204655573,82.1944246695589,82.21024879876356
9.259999999999762,0.022246791964057884,-0.10520076831184844,-0.01545424199011522,0.016020011843940064,82.19423202856431,82.21025204040825
9.261999999999762,0.0220357525984107,-0.10583759909227347,-0.012066383016881954,0.016214552561736324,82.19404003433166,82.2102545868934
9.263999999999763,0.02182344791053556,-0.10646608454999104,-0.008682327799560074,0.016407695045752766,82.19384873514991,82.21025643019567
9.265999999999764,0.02160989462406978,-0.1070861917721565,-0.005302310005373512,0.016599383539617873,82.19365817898519,82.2102575625248
9.267999999999764,0.021395109527840343,-0.10769788848227604,-0.0019265626963848037,0.01678956285708012,82.1934684134681,82.21025797632518
9.269999999999765,0.021179109474589747,-0.10830114304162551,0.0014446816861486411,0.01697817839600843,82.19327948588132,82.21025766427732
9.271999999999766,0.0209619113796991,-0.10889592445062238,0.004811191337353554,0.017165176152189644,82.19309144314707,82.21025661929926
9.273999999999766,0.02074353221990849,-0.10948220235015076,0.008172735104253759,0.01735050273291964,82.19290433181486,82.21025483454778
9.275999999999767,0.020523989032034794,-0.11005994702283954,0.01152908250121662,0.017534105370384995,82.19271819804943,82.21025230341982
9.277999999999768,0.020303298911686928,-0.11062912939429345,0.014880003725331131,0.017715931934831675,82.19253308761877,82.2102490195536
9.279999999999768,0.020081479011978716,-0.11118972103427714,0.018225269671717614,0.017895930947517992,82.19234904588221,82.21024497682973
9.281999999999769,0.01985854654223942,-0.11174169415785219,0.02156465194876714,0.018074051593448413,82.19216611777883,82.21024016937227
9.28399999999977,0.01963451876672206,-0.11228502162646706,0.024897922893310165,0.018250243733885466,82.19198434781579,82.21023459154968
9.28599999999977,0.019409413003309582,-0.11281967694899989,0.0282248555857135,0.018424457918636658,82.19180378005709,82.21022823797573
9.287999999999771,0.019183246622219,-0.11334563428275427,0.03154522386490394,0.018596645398113603,82.19162445811222,82.21022110351034
9.289999999999772,0.018956037044703593,-0.11386286843440778,0.034858802343318535,0.01876675813516067,82.19144642512516,82.21021318326032
9.291999999999772,0.018727801741753248,-0.11437135486091346,0.03816536642177962,0.018934748816650096,82.19126972376348,82.21020447258013
9.293999999999773,0.018498558232793044,-0.11487106967035404,0.04146469230429445,0.019100570864841557,82.19109439620753,82.21019496707237
9.295999999999774,0.01826832408438019,-0.1153619896227491,0.04475655701277764,0.01926417844850284,82.1909204841399,82.2101846625884
9.297999999999774,0.01803711690889937,-0.11584409213081498,0.048040738401696315,0.019425526493789706,82.190748028735,82.21017355522879
9.299999999999775,0.01780495436325665,-0.11631735526067759,0.05131701517263626,0.01958457069488242,82.19057707064889,82.21016164134377
9.301999999999776,0.017571854147571963,-0.11678175773253806,0.0545851668887887,0.019741267524376337,82.19040765000909,82.21014891753347
9.303999999999776,0.01733783400387036,-0.1172372789212912,0.05784497398935648,0.01989557424342461,82.19023980640479,82.21013538064821
9.305999999999777,0.017102911714772018,-0.11768389885709685,0.061096217803878805,0.020047448911630582,82.19007357887713,82.21012102778876
9.307999999999778,0.016867105102181208,-0.11812159822590411,0.06433868056647352,0.02019685039668791,82.18990900590966,82.21010585630634
9.309999999999778,0.01663043202597421,-0.11855035836992846,0.06757214542999615,0.02034373838376631,82.18974612541896,82.21008986380274
9.31199999999978,0.01639291038268635,-0.11897016128808179,0.07079639648011482,0.02048807338464094,82.18958497474557,82.21007304813021
9.31399999999978,0.01615455810419823,-0.11938098963635539,0.07401121874930006,0.020629816746563542,82.18942559064497,82.21005540739154
9.31599999999978,0.015915393156421206,-0.11978282672815593,0.07721639823072848,0.02076893066087368,82.18926800927875,82.21003693993963
9.317999999999781,0.015675433537982286,-0.12017565653459439,0.0804117218920998,0.020905378171348136,82.18911226620612,82.21001764437747
9.319999999999782,0.015434697278908453,-0.12055946368472807,0.08359697768936591,0.02103912318228689,82.18895839637547,82.20999751955776
9.321999999999782,0.015193202439310577,-0.12093423346575566,0.08677195458037162,0.021170130466334203,82.18880643411612,82.20997656458245
9.323999999999783,0.014950967108066987,-0.12129995182316547,0.08993644253840555,0.02129836567203319,82.18865641313043,82.20995477880247
9.325999999999784,0.01470800940150677,-0.12165660536083676,0.09309023256566107,0.0214237953311126,82.18850836648588,82.209932161817
9.327999999999784,0.014464347462092937,-0.12200418134109436,0.09623311670660584,0.021546386865504263,82.1883623266076,82.20990871347311
9.329999999999785,0.014219999457105519,-0.12234266768471651,0.09936488806125934,0.021666108594090235,82.18821832527081,82.2098844338649
9.331999999999786,0.013974983577324683,-0.12267205297089598,0.10248534079837782,0.02178292973917825,82.18807639359373,82.2098593233329
9.333999999999786,0.013729318035713993,-0.12299232643715474,0.10559427016854514,0.021896820432704425,82.18793656203059,82.20983338246329
9.335999999999787,0.013483021066103872,-0.12330347797921187,0.10869147251716954,0.02200775172216228,82.1877988603648,82.20980661208695
9.337999999999788,0.01323611092187538,-0.12360549815080511,0.11177674529738502,0.022115695576257137,82.18766331770233,82.20977901327859
9.339999999999788,0.012988605874644399,-0.12389837816346598,0.11484988708285643,0.022220624890284892,82.18752996246552,82.2097505873558
9.34199999999979,0.012740524212946303,-0.12418210988624846,0.11791069758048797,0.02232251349123461,82.18739882238671,82.20972133587794
9.34399999999979,0.01249188424092123,-0.12445668584541157,0.1209589776430339,0.022421336142614136,82.18726992450242,82.20969126064503
9.34599999999979,0.012242704277000034,-0.12472209922405555,0.12399452928161084,0.02251706854899804,82.18714329514762,82.20966036369661
9.347999999999791,0.011993002652590993,-0.12497834386171214,0.12701715567811078,0.022609687360297535,82.18701895995012,82.20962864731042
9.349999999999792,0.011742797710767406,-0.12522541425388864,0.13002666119751435,0.02269917017575182,82.18689694382533,82.20959611400109
9.351999999999792,0.011492107804956136,-0.1254633055515662,0.13302285140010323,0.02278549554764038,82.18677727097123,82.20956276651887
9.353999999999793,0.0112409512976272,-0.12569201356065218,0.13600553305357105,0.02286864298471621,82.18665996486337,82.20952860784809
9.355999999999794,0.010989346558984505,-0.12591153474138678,0.13897451414503237,0.022948592955359524,82.18654504825024,82.2094936412056
9.357999999999794,0.010737311965657819,-0.12612186620770402,0.1419296038929285,0.023025326890451836,82.186432543149,82.20945787003944
9.359999999999795,0.010484865899396057,-0.1263230057265472,0.14487061275882984,0.023098827185970564,82.18632247084098,82.20942129802695
9.361999999999796,0.010232026745761987,-0.12651495171713892,0.14779735245913384,0.023169077205303888,82.18621485186792,82.20938392907323
9.363999999999796,0.009978812892828443,-0.12669770325020574,0.15070963597665799,0.023236061281286222,82.1861097060281,82.20934576730939
9.365999999999797,0.009725242729876129,-0.1268712600471576,0.15360727757212705,0.023299764717954318,82.18600705237277,82.20930681709072
9.367999999999798,0.009471334646093111,-0.12703562247922226,0.15649009279555393,0.02336017379202437,82.18590690920284,82.20926708299487
9.369999999999798,0.009217107029276089,-0.1271907915665346,0.15935789849751342,0.02341727575409042,82.18580929406573,82.20922656981982
9.3719999999998,0.008962578264533531,-0.12733676897718116,0.1622105128403083,0.023471058829544495,82.1857142237525,82.20918528258204
9.3739999999998,0.00870776673299076,-0.12747355702619997,0.165047755309027,0.02352151221921888,82.18562171429515,82.20914322651437
9.3759999999998,0.008452690810497095,-0.12760115867453561,0.16786944672249235,0.023568626099751324,82.18553178096427,82.20910040706401
9.377999999999801,0.00819736886633512,-0.12771957752795002,0.17067540924410027,0.023612391623673533,82.18544443826664,82.20905682989032
9.379999999999802,0.007941819261932171,-0.12782881783588876,0.17346546639254884,0.02365280091922405,82.18535969994335,82.20901250086257
9.381999999999802,0.007686060349574149,-0.12792888449030324,0.1762394430524558,0.023689847089885915,82.18527757896794,82.20896742605782
9.383999999999803,0.007430110471121718,-0.12801978302442868,0.178997165484865,0.023723524213650232,82.18519808754495,82.2089216117586
9.385999999999804,0.0071739879567290004,-0.12810151961151847,0.18173846133764018,0.02375382734200666,82.1851212371084,82.20887506445041
9.387999999999805,0.006917711123564842,-0.12817410106353438,0.18446315965574694,0.0237807524986617,82.18504703832079,82.20882779081946
9.389999999999805,0.0066612982745367436,-0.12823753482979341,0.18717109089142034,0.023804296677985778,82.18497550107222,82.2087797977502
9.391999999999806,0.0064047676970175405,-0.12829182899557115,0.1898620869142194,0.023824457843190715,82.18490663447959,82.20873109232278
9.393999999999807,0.00614813766157492,-0.1283369922806617,0.1925359810209669,0.023841234924238456,82.18484044688627,82.2086816818105
9.395999999999807,0.005891426420703862,-0.12837303403789452,0.1951926079455742,0.023854627815482407,82.18477694586174,82.20863157367722
9.397999999999808,0.005634652207562086,-0.12839996425160835,0.1978318038687504,0.023864637373043122,82.18471613820167,82.2085807755747
9.399999999999809,0.005377833234708597,-0.12841779353608215,0.20045340642759585,0.023871265411919244,82.1846580299281,82.20852929534001
9.40199999999981,0.00512098769284541,-0.12842653313392358,0.20305725472507835,0.023874514702835876,82.18460262628977,82.20847714099261
9.40399999999981,0.0048641337495625445,-0.12842619491441482,0.20564318933939305,0.0238743889688315,82.18454993176283,82.20842432073167
9.40599999999981,0.004607289548086359,-0.1284167913718162,0.2082110523332042,0.023870892881585195,82.18449995005174,82.20837084293333
9.407999999999811,0.004350473206031333,-0.1283983356236276,0.2107606872627688,0.023864032057486346,82.18445268409016,82.20831671614765
9.409999999999812,0.00409370281415536,-0.12837084140880808,0.21329193918694186,0.023853813053447838,82.18440813604242,82.20826194909587
9.411999999999813,0.0038369964351186443,-0.12833432308595352,0.21580465467606258,0.023840243362465624,82.18436630730491,82.20820655066738
9.413999999999813,0.00358037210224629,-0.12828879563143278,0.2182986818207206,0.023823331408925594,82.18432719850783,82.20815052991675
9.415999999999814,0.003323847818294649,-0.12823427463748252,0.22077387024040265,0.023803086543660642,82.18429080951702,82.20809389606069
9.417999999999815,0.0030674415542215287,-0.12817077631026075,0.22323007109201853,0.023779519038759394,82.18425713943624,82.208036658475
9.419999999999815,0.0028111712479603305,-0.12809831746785943,0.2256671370783062,0.023752640082129083,82.18422618660935,82.20797882669147
9.421999999999816,0.0025550548031982043,-0.12801691553827624,0.22808492245611556,0.023722461771814706,82.184197948623,82.2079204103948
9.423999999999817,0.0022991100881582997,-0.12792658855734565,0.23048328304457044,0.023688997110076594,82.18417242230926,82.20786141941933
9.425999999999817,0.0020433549343861963,-0.12782735516662982,0.2328620762331083,0.023652259997228916,82.18414960374866,82.2078018637459
9.427999999999818,0.0017878071355405915,-0.12771923461126908,0.2352211609893977,0.023612265225241506,82.18412948827336,82.2077417534986
9.429999999999819,0.0015324844461883284,-0.12760224673779252,0.23756039786713223,0.023569028471107253,82.1841120704704,82.2076810989415
9.43199999999982,0.0012774045806038413,-0.12747641199188883,0.23987964901370176,0.023522566289977932,82.18409734418545,82.20761991047543
9.43399999999982,0.0010225852115730997,-0.12734175141613752,0.24217877817773925,0.02347289610807066,82.1840853025264,82.20755819863447
9.43599999999982,0.0007680439692021289,-0.12719828664770083,0.24445765071654404,0.023420036215347863,82.18407593786742,82.20749597408276
9.437999999999821,0.0005137984397301863,-0.12704603991597654,0.24671613360338038,0.023364005757973455,82.18406924185315,82.20743324761112
9.439999999999822,0.0002598661643476708,-0.1268850340402119,0.24895409543465122,0.023304824730547805,82.184065205403,82.20737003013355
9.441999999999823,6.264638018842964e-06,-0.12671529242707869,0.2511714064369471,0.023242513968124445,82.18406381871566,82.20730633268379
9.443999999999823,-0.0002469886916905666,-0.12653683906821017,0.25336793847396893,0.02317709513801135,82.18406507127393,82.20724216641194
9.445999999999824,-0.0004998764257807841,-0.1263496985376995,0.255543565053326,0.023108590731359523,82.18406895184962,82.20717754258098
9.447999999999825,-0.0007523812149803787,-0.1261538959895604,0.25769816133320683,0.023037024054542204,82.18407544850866,82.20711247256321
9.449999999999825,-0.0010044857609035314,-0.12594945715514985,0.2598316041289246,0.022962419220327407,82.18408454861635,82.20704696783667
9.451999999999826,-0.0012561728172021133,-0.12573640834055358,0.26194377191933504,0.022884801138846875,82.184096238843,82.20698103998184
9.453999999999827,-0.0015074251907124959,-0.12551477642393397,0.2640345448531283,0.022804195508364856,82.18411050516933,82.2069147006777
9.455999999999827,-0.001758225742597021,-0.1252845888528411,0.2661038047549929,0.022720628805849387,82.18412733289264,82.20684796169849
9.457999999999828,-0.002008557389480056,-0.12504587364148706,0.2681514351316524,0.022634128277349726,82.18414670663262,82.20678083490996
9.459999999999829,-0.0022584031045785606,-0.12479865936798351,0.2701773211777747,0.022544721928183034,82.18416861033755,82.20671333226574
9.46199999999983,-0.0025077459188270934,-0.12454297517154324,0.2721813497817526,0.022452438512933395,82.18419302729079,82.20664546580372
9.46399999999983,-0.0027565689219971844,-0.12427885074964551,0.2741634095313574,0.022357307525266924,82.18421994011722,82.20657724764249
9.46599999999983,-0.0030048552638110024,-0.12400631635516565,0.27612339071926284,0.02225935918756609,82.18424933078995,82.20650868997753
9.467999999999831,-0.0032525881550492476,-0.12372540279346922,0.2780611853484413,0.022158624440386535,82.1842811806373,82.20643980507768
9.469999999999832,-0.0034997508686531956,-0.12343614141947076,0.2799766871374309,0.022055134931740373,82.18431547034972,82.20637060528145
9.471999999999833,-0.0037463267408208247,-0.12313856413465772,0.2818697915254735,0.021948923006208886,82.18435217998699,82.2063011029932
9.473999999999833,-0.003992299172096956,-0.12283270338407955,0.2837403956775237,0.021840021693888528,82.18439128898572,82.20623131067961
9.475999999999834,-0.004237651628457335,-0.12251859215330231,0.28558839848912865,0.021728464699173763,82.18443277616667,82.20616124086585
9.477999999999835,-0.004482367642386595,-0.12219626396532919,0.287413700591178,0.021614286389380337,82.18447661974257,82.20609090613195
9.479999999999835,-0.0047264308139500204,-0.12186575287748698,0.28921620435452433,0.021497521783212452,82.18452279732583,82.20602031910904
9.481999999999836,-0.004969824811859049,-0.12152709347827896,0.29099581389447415,0.021378206539077977,82.18457128593656,82.20594949247564
9.483999999999837,-0.005212533374530455,-0.1211803208842044,0.2927524350751484,0.021256376943254926,82.18462206201075,82.205878438954
9.485999999999837,-0.005454540311139129,-0.12082547073654494,0.29448597551371336,0.02113206989791332,82.1846751014083,82.20580717130622
9.487999999999838,-0.005695829502664403,-0.12046257919811816,0.2961963445844812,0.021005322908996007,82.18473037942167,82.20573570233066
9.489999999999839,-0.005936384902929845,-0.12009168294999861,0.29788345342288036,0.020876174073962302,82.1847878707842,82.20566404485817
9.49199999999984,-0.006176190539636471,-0.11971281918820657,0.2995472149292957,0.020744662069398432,82.18484754967902,82.20559221174842
9.49399999999984,-0.0064152305153892955,-0.11932602562036485,0.30118754377277784,0.020610826138498482,82.18490938974753,82.20552021588603
9.49599999999984,-0.006653489008717167,-0.11893134046232387,0.30280435639462266,0.020474706078419724,82.1849733640986,82.20544807017701
9.497999999999841,-0.006890950275085822,-0.11852880243475543,0.3043975710118194,0.020336342227516457,82.18503944531747,82.205375787545
9.499999999999842,-0.007127598647904095,-0.11811845075971526,0.30596710762036905,0.02019577545245609,82.18510760547497,82.20530338092742
9.501999999999843,-0.007363418539523222,-0.11770032515717482,0.3075128879984715,0.020053047135221554,82.18517781613681,82.20523086327204
9.503999999999843,-0.007598394442229181,-0.11727446584152257,0.3090348357095819,0.01990819916000392,82.185250048373,82.205158247533
9.505999999999844,-0.007832510929227997,-0.116840913518035,0.310532876105337,0.019761273899989436,82.18532427276737,82.20508554666736
9.507999999999845,-0.008065752655623969,-0.11639970937931779,0.31200693632834997,0.01961231420404476,82.1854004594272,82.20501277363124
9.509999999999845,-0.008298104359390738,-0.11595089510171727,0.3134569453148753,0.019461363383304658,82.18547857799292,82.20493994137622
9.511999999999846,-0.008529550862335164,-0.1154945128417026,0.31488283379734194,0.01930846519766599,82.18555859764805,82.20486706284572
9.513999999999847,-0.00876007707105392,-0.11503060523221892,0.31628453430675685,0.019153663842192328,82.18564048712913,82.20479415097132
9.515999999999847,-0.00898966797788278,-0.11455921537901176,0.317661981174977,0.018997003933433107,82.18572421473569,82.20472121866912
9.517999999999848,-0.009218308661838516,-0.11408038685692311,0.31901511053685133,0.01883853049566148,82.18580974834043,82.20464827883609
9.519999999999849,-0.009445984289553365,-0.1135941637061593,0.3203438603322314,0.018678288947034924,82.18589705539956,82.2045753443466
9.52199999999985,-0.009672680116202002,-0.11310059042853117,0.32164817030785225,0.018516325085682895,82.18598610296296,82.20450242804864
9.52399999999985,-0.009898381486420967,-0.1125997119836667,0.32292798201908235,0.018352685075725444,82.18607685768475,82.20442954276048
9.52599999999985,-0.010123073835220486,-0.11209157378519648,0.3241832388315431,0.018187415433227123,82.18616928583369,82.20435670126692
9.527999999999851,-0.010346742688888643,-0.11157622169691238,0.3254138859225978,0.018020563012090186,82.18626335330372,82.2042839163158
9.529999999999852,-0.010569373665887836,-0.11105370202889964,0.3266198702827112,0.017852174989891313,82.18635902562478,82.20421120061468
9.531999999999853,-0.010790952477743474,-0.11052406153364269,0.32780114071667765,0.017682298853666095,82.18645626797333,82.204138566827
9.533999999999853,-0.011011464929924865,-0.10998734740210522,0.32895764784472015,0.017510982385645243,82.18655504518334,82.20406602756898
9.535999999999854,-0.011230896922718222,-0.10944360725978448,0.3300893441034591,0.017338273648946842,82.18665532175696,82.2039935954059
9.537999999999855,-0.011449234452091775,-0.10889288916274048,0.3311961837467512,0.017164220973228818,82.18675706187561,82.20392128284884
9.539999999999855,-0.011666463610552897,-0.10833524159360014,0.3322781228463987,0.01698887294030563,82.18686022941093,82.20384910235123
9.541999999999856,-0.011882570587997224,-0.10777071345753692,0.33333511929272924,0.01681227836973359,82.18696478793571,82.20377706630543
9.543999999999857,-0.01209754167254971,-0.10719935407822606,0.33436713279504604,0.016634486304368746,82.18707070073516,82.20370518703953
9.545999999999857,-0.012311363251397561,-0.10662121319377597,0.33537412488194923,0.016455545995901558,82.18717793081797,82.20363347681386
9.547999999999858,-0.012524021811615016,-0.1060363409526359,0.33635605890152753,0.01627550689037267,82.18728644092744,82.2035619478178
9.549999999999859,-0.012735503940979914,-0.10544478790948031,0.33731290002142195,0.016094418613673635,82.18739619355289,82.20349061216656
9.55199999999986,-0.012945796328782015,-0.10484660502107034,0.33824461522875976,0.01591233095703702,82.18750715094076,82.2034194818978
9.55399999999986,-0.01315488576662301,-0.10424184364209255,0.3391511733299608,0.015729293862519766,82.18761927510607,82.2033485689686
9.55599999999986,-0.013362759149208196,-0.10363055552097539,0.3400325449504152,0.015545357408484164,82.1877325278437,82.20327788525219
9.557999999999861,-0.013569403475129757,-0.10301279279568369,0.34088870253403275,0.015360571795080337,82.18784687073986,82.20320744253495
9.559999999999862,-0.013774805847641612,-0.10238860798949151,0.34171962034266495,0.015174987329734553,82.18796226518326,82.20313725251299
9.561999999999863,-0.013978953475425791,-0.10175805400673363,0.34252527445539915,0.01498865441264715,82.18807867237688,82.20306732678952
9.563999999999863,-0.014181833673350287,-0.10112118412853613,0.3433056427677252,0.01480162352230448,82.18819605334916,82.20299767687146
9.565999999999864,-0.014383433863218354,-0.10047805200852633,0.3440607049905751,0.014613945201008685,82.18831436896566,82.20292831416667
9.567999999999865,-0.014583741574509205,-0.09982871166852236,0.3447904426492362,0.014425670040429474,82.1884335799404,82.20285924998082
9.569999999999865,-0.014782744445110064,-0.09917321749420288,0.34549483908213674,0.014236848667181761,82.18855364684744,82.20279049551462
9.571999999999866,-0.014980430222039539,-0.09851162423075706,0.3461738794395064,0.014047531728433434,82.18867453013237,82.20272206186081
9.573999999999867,-0.015176786762162279,-0.0978439869785154,0.3468275506819095,0.013857769877546987,82.18879619012384,82.20265396000138
9.575999999999867,-0.015371802032894875,-0.09717036118856152,0.3474558415786536,0.013667613759759055,82.18891858704498,82.20258620080475
9.577999999999868,-0.015565464112902957,-0.09649080265832541,0.3480587427060718,0.013477113997901835,82.18904168102512,82.20251879502302
9.579999999999869,-0.01575776119278947,-0.09580536752715836,0.34863624644568036,0.013286321178170352,82.18916543211101,82.20245175328918
9.58199999999987,-0.01594868157577407,-0.09511411227189008,0.34918834698221146,0.013095285835939205,82.18928980027854,82.20238508611449
9.58399999999987,-0.01613821367836363,-0.0944170937023682,0.3497150403015209,0.012904058441633068,82.18941474544414,82.20231880388577
9.58599999999987,-0.016326346031013805,-0.09371436895698049,0.3502163241883727,0.012712689386654394,82.18954022747626,82.20225291686292
9.587999999999871,-0.016513067278781605,-0.09300599549816031,0.350692198224099,0.012521228969372413,82.18966620620681,82.20218743517619
9.589999999999872,-0.016698366181968995,-0.09229203110787552,0.35114266378413667,0.012329727381177059,82.1897926414426,82.20212236882377
9.591999999999873,-0.016882231616757427,-0.0915725338831011,0.351567724035441,0.012138234692601654,82.18991949297671,82.20205772766931
9.593999999999873,-0.01706465257583333,-0.09084756223127606,0.35196738393377647,0.011946800839518044,82.19004672060001,82.20199352143953
9.595999999999874,-0.017245618169004457,-0.09011717486574478,0.35234165022088537,0.011755475609407878,82.1901742841123,82.20192975972171
9.597999999999875,-0.017425117623807152,-0.08938143080118327,0.3526905314215341,0.011564308627713807,82.19030214333377,82.20186645196148
9.599999999999875,-0.01760314028610441,-0.0886403893490106,0.35301403784043806,0.011373349344273946,82.19043025811618,82.20180360746045
9.601999999999876,-0.01777967562067477,-0.08789411011278588,0.3533121815590653,0.011182647019843641,82.19055858835422,82.20174123537406
9.603999999999877,-0.017954713211791977,-0.0871426529835912,0.35358497643231945,0.010992250712707643,82.19068709399657,82.20167934470928
9.605999999999877,-0.0181282427637954,-0.08638607813540077,0.3538324380851022,0.010802209265386557,82.1908157350571,82.20161794432249
9.607999999999878,-0.018300254101651186,-0.08562444602043671,0.35405458390875555,0.010612571291440833,82.19094447162605,82.2015570429175
9.609999999999879,-0.01847073717150408,-0.08485781736451178,0.35425143305738527,0.010423385162375988,82.19107326388094,82.2014966490433
9.61199999999988,-0.018639682041219952,-0.08408625316235938,0.3544230064440643,0.010234698994652177,82.1912020720976,82.20143677109225
9.61399999999988,-0.018807078900918962,-0.08330981467295127,0.35456932673691827,0.010046560636801755,82.19133085666112,82.20137741729792
9.61599999999988,-0.01897291806349934,-0.08252856341480333,0.3546904183550922,0.00985901765665804,82.19145957807682,82.20131859573347
9.617999999999881,-0.019137189965151763,-0.08174256116126953,0.35478630746460005,0.00967211732869856,82.19158819698083,82.20126031430954
9.619999999999882,-0.01929988516586433,-0.0809518699358248,0.35485702197405666,0.009485906621506127,82.19171667415104,82.20120258077255
9.621999999999883,-0.019460994349918066,-0.08015655200733683,0.3549025915302929,0.00930043218535084,82.19184497051764,82.20114540270299
9.623999999999883,-0.019620508326372983,-0.07935666988532737,0.3549230475138543,0.00911574033989627,82.1919730471738,82.2010887875137
9.625999999999884,-0.019778418029544633,-0.07855228631522322,0.3549184230343846,0.008931877062032953,82.19210086538617,82.2010327424482
9.627999999999885,-0.019934714519471163,-0.07774346427359745,0.3548887529258928,0.008748887973842151,82.19222838660524,82.20097727457907
9.629999999999885,-0.02008938898237084,-0.07693026696340097,0.35483407374190656,0.008566818330693109,82.19235557247588,82.20092239080657
9.631999999999886,-0.020242432731090033,-0.07611275780918501,0.35475442375051036,0.008385713009476634,82.19248238484742,82.2008680978569
9.633999999999887,-0.020393837205541634,-0.0752910004523148,0.3546498429292704,0.008205616496977972,82.19260878578403,82.20081440228101
9.635999999999887,-0.020543593973133885,-0.0744650587461746,0.3545203729600459,0.008026572878391999,82.19273473757468,82.20076131045307
9.637999999999888,-0.020691694729189615,-0.07363499675136488,0.354366057223688,0.007848625825983363,82.19286020274322,82.2007088285692
9.639999999999889,-0.020838131297355875,-0.07280087873089154,0.35418694079462587,0.007671818587894535,82.19298514405833,82.20065696264622
9.64199999999989,-0.020982895630003922,-0.07196276914534779,0.35398307043534183,0.007496193977104502,82.19310952454323,82.20060571852034
9.64399999999989,-0.021125979808619567,-0.07112073264808888,0.3537544945907348,0.00732179436054068,82.19323330748554,82.20055510184608
9.64599999999989,-0.021267376044183883,-0.07027483408040029,0.3535012633823734,0.007148661648346832,82.19335645644685,82.2005051180952
9.647999999999891,-0.021407076677544216,-0.06942513846665939,0.35322342860263944,0.006976837283309516,82.19347893527221,82.20045577255551
9.649999999999892,-0.02154507417977553,-0.06857171100949118,0.35292104370876093,0.006806362230445632,82.19360070809954,82.20040707032999
9.651999999999893,-0.021681361152532056,-0.06771461708491831,0.35259416381673764,0.006637276966753507,82.19372173936898,82.20035901633574
9.653999999999893,-0.02181593032838924,-0.0668539222375059,0.3522428456951572,0.006469621471130018,82.1938419938321,82.20031161530322
9.655999999999894,-0.02194877457117595,-0.06598969217550127,0.3518671477589042,0.006303435214456111,82.19396143656087,82.20026487177533
9.657999999999895,-0.022079886876296993,-0.06512199276596915,0.35146713006276203,0.006138757149853062,82.19408003295676,82.20021879010662
9.659999999999895,-0.02220926037104588,-0.06425089002992262,0.3510428542949082,0.005975625703111664,82.1941977487595,82.20017337446262
9.661999999999896,-0.02233688831490785,-0.0633764501374501,0.35059438377030405,0.005814078763296723,82.19431455005585,82.20012862881914
9.663999999999897,-0.022462764099853136,-0.06249873940283881,0.3501217834239787,0.005654153673528882,82.19443040328812,82.20008455696166
9.665999999999897,-0.022586881250620503,-0.061617824279695074,0.34962511980420896,0.005495887221945935,82.19454527526283,82.20004116248477
9.667999999999898,-0.022709233424990993,-0.06073377135606164,0.3491044610655952,0.005339315632845697,82.19465913315884,82.19999844879169
9.669999999999899,-0.022829814414051908,-0.05984664734953257,0.3485598769620332,0.005184474558012404,82.19477194453574,82.19995641909375
9.6719999999999,-0.02294861814245104,-0.05895651910236598,0.3479914388395842,0.005031399068228573,82.1948836773419,82.19991507641014
9.6739999999999,-0.023065638668641107,-0.05806345357659488,0.34739921962924236,0.004880123644974195,82.19499429992246,82.19987442356744
9.6759999999999,-0.023180870185114406,-0.05716751784913658,0.3467832938396008,0.00473068217231515,82.19510378102702,82.19983446319932
9.677999999999901,-0.0232943070186277,-0.05626877910690102,0.3461437375494172,0.0045831079289825015,82.19521208981755,82.19979519774652
9.679999999999902,-0.023405943630417304,-0.055367304641898214,0.34548062840007904,0.0044374335806444285,82.19531919587583,82.19975662945647
9.681999999999903,-0.023515774616404403,-0.05446316184634534,0.34479404558796944,0.004293691172372473,82.19542506921083,82.1997187603832
9.683999999999903,-0.023623794707390563,-0.053556418207773675,0.3440840698567347,0.004151912121303626,82.19552968026605,82.19968159238735
9.685999999999904,-0.023729998769243473,-0.05264714130413584,0.34335078348945297,0.0040121272094997785,82.19563299992673,82.19964512713624
9.687999999999905,-0.023834381803072898,-0.05173539879891358,0.34259427030070644,0.0038743665770061024,82.1957349995266,82.1996093661036
9.689999999999905,-0.023936938945396842,-0.0508212584362265,0.34181461562855614,0.003738659715109586,82.195835650855,82.19957431057011
9.691999999999906,-0.024037665468297942,-0.049904788035942074,0.3410119063264214,0.0036050354597992815,82.1959349261634,82.1995399616232
9.693999999999907,-0.024136556779570065,-0.048986055488787296,0.34018623075486354,0.0034735219854293625,82.196032798172,82.19950632015743
9.695999999999907,-0.02423360842285515,-0.048065128751462224,0.33933767877327525,0.003344146798586332,82.19612924007616,82.19947338687474
9.697999999999908,-0.02432881607777027,-0.04714207584175589,0.33846634173147594,0.0032169367321615012,82.19622422555261,82.19944116228477
9.699999999999909,-0.02442217556002492,-0.04621696483366479,0.33757231246121444,0.0030919179396298405,82.1963177287655,82.19940964670512
9.70199999999991,-0.024513682821528566,-0.045289863852514364,0.3366556852675788,0.002969115889536252,82.19640972437243,82.19937884026197
9.70399999999991,-0.024603333950488422,-0.0443608410700838,0.33571655592031435,0.002848555360190229,82.19650018753019,82.19934874289038
9.70599999999991,-0.024691125171497488,-0.04342996469973444,0.3347550216450518,0.002730260434569858,82.19658909390039,82.19931935433496
9.707999999999911,-0.024777052845612844,-0.04249730299154221,0.33377118111444376,0.002614254495435947,82.19667641965492,82.19929067415036
9.709999999999912,-0.024861113470424218,-0.04156292422743436,0.33276513443921285,0.0025005602206571633,82.19676214148127,82.19926270170193
9.711999999999913,-0.02494330368011283,-0.04062689671633078,0.3317369831591109,0.0023891995787468476,82.19684623658765,82.19923543616639
9.713999999999913,-0.02502362024550053,-0.03968928878929042,0.33068683023378986,0.002280193824612187,82.19692868270805,82.19920887653267
9.715999999999914,-0.025102060074089216,-0.038750168794662906,0.32961478003358613,0.0021735634955163926,82.197009458107,82.19918302160252
9.717999999999915,-0.025178620210090583,-0.037809605093245845,0.328520938330218,0.0020693284072543887,82.19708854158424,82.1991578699915
9.719999999999915,-0.025253297834446173,-0.036867666053448114,0.32740541228739756,0.0019675076505425142,82.19716591247925,82.1991334201298
9.721999999999916,-0.025326090264837776,-0.03592442004645944,0.32626831045135796,0.0018681195876226605,82.19724155067561,82.19910967026324
9.723999999999917,-0.025396994955688167,-0.034979935441426586,0.3251097427412966,0.0017711818490812245,82.19731543660508,82.19908661845416
9.725999999999917,-0.025466009498152194,-0.03403428060063651,0.32392982043973484,0.0016767113308831462,82.19738755125168,82.19906426258257
9.727999999999918,-0.025533131620098265,-0.03308752387470683,0.32272865618279495,0.001584724191621297,82.19745787615545,82.19904260034707
9.729999999999919,-0.025598359186080187,-0.03213973359778381,0.32150636395039633,0.0014952358499813884,82.19752639341627,82.19902162926626
9.73199999999992,-0.025661690197299445,-0.031190978082748403,0.32026305905636954,0.0014082609824225157,82.19759308569722,82.19900134667964
9.73399999999992,-0.02572312279155788,-0.03024132561643041,0.31899885813849127,0.0013238135210734082,82.19765793622794,82.19898174974901
9.73599999999992,-0.025782655243200805,-0.02929084445483132,0.3177138791484396,0.0012419066518443557,82.19772092880781,82.19896283545965
9.737999999999921,-0.02584028596305059,-0.028339602818355965,0.31640824134167067,0.0011625528127547735,82.197782047809,82.19894460062176
9.739999999999922,-0.025896013498330702,-0.02738766888705344,0.3150820652672178,0.0010857636924762619,82.1978412781792,82.19892704187167
9.741999999999923,-0.025949836532580234,-0.026435110795867533,0.31373547275741387,0.0010115502290909874,82.19789860544434,82.19891015567343
9.743999999999923,-0.02600175388555898,-0.02548199662989698,0.3123685869175374,0.0009399226090651257,82.19795401571103,82.1988939383201
9.745999999999924,-0.026051764513142988,-0.024528394419665926,0.31098153211538376,0.0008708902664370763,82.19800749566895,82.19887838593539
9.747999999999925,-0.02609986750721071,-0.023574372136404818,0.30957443397076173,0.0008044618822200685,82.19805903259292,82.19886349447515
9.749999999999925,-0.02614606209551969,-0.022619997687342127,0.30814741934491674,0.0007406453840187547,82.19810861434487,82.19884925972889
9.751999999999926,-0.026190347641573884,-0.02166533891100714,0.30670061632988116,0.0006794479458592761,82.1981562293757,82.19883567732155
9.753999999999927,-0.026232723644481547,-0.020710463572544188,0.30523415423775313,0.0006208759882322959,82.19820186672689,82.19882274271512
9.755999999999927,-0.026273189738803812,-0.01975543935903857,0.30374816358990386,0.000564935178348368,82.19824551603192,82.19881045121026
9.757999999999928,-0.026311745694393898,-0.018800333874854535,0.3022427761061153,0.0005116304306049998,82.19828716751762,82.19879879794823
9.759999999999929,-0.02634839141622702,-0.017845214636985577,0.300718124693648,0.0004609659072646902,82.19832681200523,82.1987877779125
9.76199999999993,-0.026383126944221007,-0.016890149070417387,0.29917434343624133,0.00041294501934315973,82.19836444091143,82.19877738593078
9.76399999999993,-0.026415952453047665,-0.015935204503503737,0.29761156758304486,0.00036757042770695894,82.19840004624902,82.19876761667673
9.76599999999993,-0.026446868251934902,-0.014980448163355625,0.29602993353748414,0.0003248440443795482,82.19843362062755,82.19875846467194
9.767999999999931,-0.02647587478445964,-0.014025947171243964,0.29442957884606025,0.000284767034054922,82.19846515725386,82.19874992428792
9.769999999999932,-0.02650297262833155,-0.013071768538016126,0.29281064218708436,0.0002473398158177677,82.1984946499322,82.19874198974802
9.771999999999933,-0.02652816249516764,-0.01211797915952662,0.29117326335934773,0.00021256206506910962,82.19852209306441,82.19873465512948
9.773999999999933,-0.026551445230257712,-0.011164645812082234,0.28951758327072963,0.00018043271565632582,82.19854748164984,82.19872791436549
9.775999999999934,-0.026572821812320718,-0.010211835147901903,0.2878437439267416,0.0001509499622063759,82.19857081128515,82.19872176124736
9.777999999999935,-0.026592293353252066,-0.009259613690591627,0.286151888419011,0.00012411126266102142,82.19859207816373,82.19871618942639
9.779999999999935,-0.026609861097861884,-0.0083080478306347,0.28444216091370395,9.991334101276531e-05,82.19861127907546,82.19871119241648
9.781999999999936,-0.02662552642360427,-0.007357203820897576,0.2827147066398883,7.83521902401906e-05,82.19862841140562,82.19870676359587
9.783999999999937,-0.026639290840297584,-0.006407147772151629,0.28096967187783783,5.942307544131732e-05,82.19864347313415,82.1987028962096
9.785999999999937,-0.026651155989835803,-0.005457945648611124,0.2792072039472791,4.3120537163551494e-05,82.1986564628346,82.19869958337176
9.787999999999938,-0.026661123645890947,-0.004509663263487659,0.27742745119558027,2.943839492874594e-05,82.19866737967287,82.1986968180678
9.789999999999939,-0.026669195713606646,-0.0035623662745613936,0.27563056298588484,1.8369750951842078e-05,82.19867622340574,82.19869459315669
9.79199999999994,-0.026675374229282865,-0.002616120179769312,0.27381668968518924,9.906994051511557e-06,82.19868299437945,82.1986929013735
9.79399999999994,-0.026679661360051832,-0.0016709903128108356,0.2719859826523673,4.04180375116798e-06,82.19868769352782,82.19869173533156
9.79599999999994,-0.026682059403545167,-0.0007270418387710471,0.27013859422614,7.651545686684225e-07,82.19869032237047,82.19869108752503
9.797999999999941,-0.0266825707875523,0.00021566025023819302,0.26827467771299374,6.732049297737996e-08,82.1986908830108,82.1986909503313
9.799999999999942,-0.02668119806967019,0.0011570511394189535,0.2663943873750466,1.937879646017062e-06,82.19868937813364,82.19869131601328
9.801999999999943,-0.02667794393694436,0.002097066195609493,0.264497878417864,6.365719127881252e-06,82.19868581100303,82.19869217672216
9.803999999999943,-0.026672811205501336,0.0030356409715878,0.26258530697822463,1.333904004354321e-05,82.19868018545971,82.19869352449975
9.805999999999944,-0.02666580282017246,0.003972711210356136,0.26065683011183777,2.2845362709142315e-05,82.19867250591832,82.19869535128103
9.807999999999945,-0.02665692185410919,0.004908212849406311,0.2587126057810123,3.487153203588887e-05,82.19866277736465,82.19869764889668
9.809999999999945,-0.02664617150838987,0.005842082024965434,0.25675279284227925,4.940372308958183e-05,82.19865100535273,82.19870040907583
9.811999999999946,-0.02663355511161803,0.00677425507622185,0.2547775510339678,6.642744682369098e-05,82.19863719600156,82.19870362344838
9.813999999999947,-0.026619076119512253,0.007704668549531015,0.2527870409637366,8.592755598391042e-05,82.19862135599189,82.19870728354788
9.815999999999947,-0.02660273811448766,0.008633259202601041,0.2507814240960605,0.00010788825118205013,82.19860349256282,82.198711380814
9.817999999999948,-0.02658454480522903,0.009559964008657645,0.24876086273967454,0.00013229308713708806,82.19858361350818,82.19871590659531
9.819999999999949,-0.02656450002625563,0.010484720160588242,0.24672552003497503,0.00015912497908116612,82.1985617271728,82.19872085215188
9.82199999999995,-0.026542607737477752,0.01140746507506493,0.24467555994137985,0.00018836620932827214,82.19853784244864,82.19872620865797
9.82399999999995,-0.02651887202374505,0.0123281363966461,0.24261114722464766,0.0002199984340033105,82.19851196877086,82.19873196720486
9.82599999999995,-0.026493297094386685,0.01324667200185642,0.2405324474441583,0.00025400268992922657,82.19848411611343,82.19873811880336
9.827999999999951,-0.026465887282743326,0.014163010003244951,0.23843962694015403,0.00029035940166980827,82.19845429498518,82.19874465438686
9.829999999999952,-0.026436647045691066,0.015077088753421114,0.23633285282094338,0.00032904838872575734,82.19842251642501,82.19875156481373
9.831999999999953,-0.026405580963157288,0.015988846849068296,0.2342122929500684,0.0003700488728815787,82.19838879199759,82.19875884087047
9.833999999999953,-0.026372693737628523,0.016898223134934814,0.2320781159334363,0.0004133394857008079,82.19835313378846,82.19876647327416
9.835999999999954,-0.026337990193650348,0.017805156707802017,0.22993049110641559,0.0004588982761670558,82.1983155543993,82.19877445267547
9.837999999999955,-0.02630147527731937,0.01870958692042926,0.22776958852089943,0.0005067027184683196,82.19827606694291,82.19878276966138
9.839999999999955,-0.02626315405576735,0.01961145338547552,0.22559557893233517,0.000556729719921972,82.19823468503807,82.19879141475799
9.841999999999956,-0.026223031716637507,0.02051069597939741,0.2234086337867225,0.0006089556290378154,82.19819142280447,82.1988003784335
9.843999999999957,-0.026181113567553035,0.021407254846323356,0.22120892520758026,0.0006633562437165464,82.19814629485707,82.19880965110079
9.845999999999957,-0.026137405035577918,0.0223010704019037,0.2189966259828836,0.0007199068195809501,82.19809931630083,82.19881922312041
9.847999999999958,-0.02609191166667005,0.023192083337136488,0.21677190955197181,0.0007785820784371181,82.1980505027251,82.19882908480353
9.849999999999959,-0.026044639125126744,0.024080234622168704,0.21453494999242756,0.000839356216862946,82.1979998701977,82.19883922641456
9.85199999999996,-0.02599559319302264,0.02496546551007275,0.21228592200693003,0.0009022029149211426,82.19794743525932,82.19884963817424
9.85399999999996,-0.025944779769640117,0.025847717540597913,0.21002500091008092,0.000967095344993959,82.19789321491736,82.19886031026235
9.85599999999996,-0.025892204870892204,0.026726932543896582,0.2077523626152053,0.00103400618073681,82.19783722663988,82.19887123282061
9.857999999999961,-0.025837874628738062,0.027603052644225048,0.2054681836211289,0.001102907606147942,82.19777948834954,82.19888239595569
9.859999999999962,-0.025781795290591113,0.028476020263618586,0.2031726409989305,0.0011737713247512846,82.19772001841712,82.19889378974187
9.861999999999963,-0.02572397321871982,0.029345778125540668,0.20086591237867396,0.001246568568889564,82.19765883565519,82.19890540422408
9.863999999999963,-0.025664414889641208,0.030212269258506036,0.19854817593611687,0.0013212701091247863,82.1975959593116,82.19891722942073
9.865999999999964,-0.02560312689350716,0.031075436999677446,0.1962196103794,0.0013978462637431414,82.19753140906278,82.19892925532652
9.867999999999965,-0.025540115933483553,0.03193522499843587,0.1938803949357167,0.001476266908361337,82.1974652050071,82.19894147191546
9.869999999999965,-0.025475388825122264,0.03279157721992391,0.1915307093379638,0.0015565014856314314,82.19739736765798,82.19895386914362
9.871999999999966,-0.025408952495726136,0.03364443794856227,0.18917073381137484,0.0016385190150411083,82.19732791793697,82.19896643695202
9.873999999999967,-0.025340813983706936,0.034493751791539025,0.1868006490601368,0.001722288102806399,82.19725687716678,82.19897916526959
9.875999999999967,-0.02527098043793634,0.03533946368227149,0.1844206362539913,0.0018077769518538302,82.19718426706399,82.19899204401584
9.877999999999968,-0.025199459117090046,0.03618151888384053,0.18203087701482043,0.001894953371888881,82.19711010973208,82.19900506310397
9.879999999999969,-0.025126257388985038,0.037019862992397026,0.1796315534032194,0.001983784789547744,82.19703442765396,82.1990182124435
9.88199999999997,-0.02505138272991006,0.03785444194054038,0.17722284790505635,0.0020742382586292642,82.19695724368466,82.1990314819433
9.88399999999997,-0.02497484272394937,0.03868520200066881,0.17480494341801983,0.002166280470403956,82.1968785810438,82.19904486151421
9.88599999999997,-0.024896645062299813,0.03951208978830126,0.1723780232381561,0.0022598777639969993,82.19679846330811,82.1990583410721
9.887999999999971,-0.024816797542581287,0.0403350522653707,0.16994227104639562,0.002354996136842073,82.19671691440372,82.19907191054057
9.889999999999972,-0.024735308068140643,0.04115403674348869,0.16749787089507145,0.002451601255202891,82.19663395859848,82.19908555985369
9.891999999999973,-0.02465218464734909,0.041968990887180944,0.16504500719442905,0.0025496584647592894,82.19654962049421,82.19909927895897
9.893999999999973,-0.024567435392893168,0.042779862717093727,0.162583864699129,0.0026491328012547243,82.19646392501879,82.19911305782004
9.895999999999974,-0.0244810685210593,0.04358660061317097,0.16011462849474423,0.0027499890012019734,82.19637689741823,82.19912688641944
9.897999999999975,-0.024393092351012075,0.044389153317801786,0.1576374839842511,0.0028521915126439043,82.19628856324873,82.19914075476137
9.899999999999975,-0.024303515304066218,0.04518746993893835,0.15515261687451717,0.0029557045059661097,82.19619894836855,82.19915465287451
9.901999999999976,-0.02421234590295238,0.04598149995318385,0.15266021316278547,0.003060491884758225,82.1961080789299,82.19916857081465
9.903999999999977,-0.024119592771076774,0.04677119320885039,0.15016045912315606,0.0031665172967207268,82.19601598137078,82.1991824986675
9.905999999999977,-0.024025264631774724,0.04755649992898666,0.14765354129306696,0.003273744144614029,82.19592268240675,82.19919642655135
9.907999999999978,-0.02392937030755819,0.04833737071437521,0.1451396464597739,0.0033821355972466663,82.19582820902251,82.19921034461976
9.909999999999979,-0.02383191871935733,0.04911375654649913,0.14261896164683147,0.003491654600499364,82.19573258846368,82.19922424306418
9.91199999999998,-0.02373291888575617,0.04988560879047802,0.14009167410057505,0.003602263888381788,82.19563584822842,82.1992381121168
9.91399999999998,-0.0236323799222224,0.05065287919797299,0.13755797127660563,0.0037139259941187793,82.19553801605873,82.19925194205285
9.91599999999998,-0.02353031104033144,0.05141551991006066,0.13501804082627805,0.0038266032612628473,82.19543911993233,82.19926572319359
9.917999999999981,-0.023426721546984743,0.05217348346007585,0.1324720705831931,0.003940257854829755,82.19533918805375,82.19927944590859
9.919999999999982,-0.02332162084362247,0.05292672277642299,0.12992024854969575,0.004054851772453946,82.19523824884597,82.19929310061842
9.921999999999983,-0.023215018425430573,0.05367519118535584,0.12736276288337872,0.004170346855560666,82.19513633094178,82.19930667779734
9.923999999999984,-0.023106923880542328,0.05441884241372563,0.12479980188359405,0.00428670480055154,82.19503346317501,82.19932016797556
9.925999999999984,-0.02299734688923444,0.05515763059169731,0.12223155397797203,0.004403887170000451,82.194929674572,82.199333561742
9.927999999999985,-0.02288629722311772,0.05589151025543374,0.11965820770894979,0.004521855403856526,82.19482499434267,82.19934684974652
9.929999999999986,-0.022773784744322418,0.05662043634974785,0.1170799517203097,0.0046405708306510324,82.19471945187203,82.19936002270268
9.931999999999986,-0.022659819404678327,0.057344364230722394,0.11449697474372847,0.0047599946787050375,82.19461307671122,82.19937307138993
9.933999999999987,-0.022544411244889633,0.05806324966829733,0.11190946558533849,0.004880088087334681,82.19450589856874,82.19938598665607
9.935999999999988,-0.02242757039370465,0.05877704884882463,0.10931761311230168,0.005000812118050872,82.1943979473017,82.19939875941975
9.937999999999988,-0.02230930706708046,0.05948571837759031,0.10672160623939723,0.0051221277657503,82.19428925290693,82.19941138067267
9.939999999999989,-0.022189631567342563,0.06018921528130374,0.10412163391562396,0.005243995969894615,82.19417984551215,82.19942384148204
9.94199999999999,-0.02206855428233957,0.06088749701055383,0.10151788511081815,0.005366377625674663,82.1940697553671,82.19943613299277
9.94399999999999,-0.021946085684593,0.06158052144223221,0.09891054880228804,0.005489233595156661,82.19395901283471,82.19944824642987
9.94599999999999,-0.021822236330442307,0.06226824688192315,0.09629981396146559,0.005612524718407251,82.19384764838213,82.19946017310053
9.947999999999992,-0.02169701685918511,0.06295063206626009,0.09368586954057677,0.005736211824594298,82.19373569257193,82.19947190439653
9.949999999999992,-0.021570437992212785,0.06362763616524868,0.09106890445933094,0.0058602557430604135,82.19362317605322,82.19948343179628
9.951999999999993,-0.021442510532141416,0.06429921878455627,0.0884491075916305,0.0059846173143661766,82.19351012955264,82.199494746867
9.953999999999994,-0.021313245361938214,0.06496533996776767,0.0858266677523016,0.006109257401299907,82.19339658386559,82.1995058412669
9.955999999999994,-0.02118265344404346,0.06562596019860696,0.08320177368384679,0.0062341368998511835,82.19328256984734,82.19951670674719
9.957999999999995,-0.021050745819488036,0.0662810404031255,0.0805746140432207,0.006359216750144848,82.19316811840413,82.19952733515427
9.959999999999996,-0.0209175336070066,0.0669305419518558,0.07794537738862936,0.006484457947332778,82.19305326048432,82.19953771843166
9.961999999999996,-0.020783028002146514,0.0675744266619312,0.0753142521663544,0.006609821552440306,82.19293802706949,82.19954784862193
9.963999999999997,-0.020647240276372544,0.0682126567991713,0.07268142669760275,0.0067352687031643895,82.19282244916566,82.19955771786883
9.965999999999998,-0.020510181776167438,0.06884519508013304,0.07004708916538285,0.006860760624620657,82.1927065577945,82.19956731841911
9.967999999999998,-0.020371863922128426,0.06947200467412724,0.06741142760140831,0.006986258640036388,82.19259038398442,82.19957664262446
9.969999999999999,-0.02023229820805973,0.07009304920520062,0.06477462987302976,0.007111724181386605,82.19247395876191,82.1995856829433
9.972,-0.020091496200061128,0.07070829275408308,0.06213688367019604,0.007237118799970381,82.19235731314272,82.19959443194269
9.974,-0.019949469535612697,0.07131769986010024,0.059498376492445104,0.0073624041769246255,82.19224047812314,82.19960288230007
9.976,-0.019806229922655714,0.07192123552305116,0.05685929563592648,0.0074875421336724115,82.19212348467138,82.19961102680506
9.978000000000002,-0.01966178913866987,0.07251886520505105,0.054219828180454815,0.007612494642303277,82.19200636371876,82.19961885836106
9.980000000000002,-0.01951615902974683,0.07311055483233898,0.051580160976596595,0.007737223835882562,82.19188914615118,82.19962636998707
9.982000000000003,-0.019369351509660213,0.07369627079705048,0.048940480632790356,0.007861692018687172,82.19177186280055,82.19963355481924
9.984000000000004,-0.019221378558932033,0.0742759799589549,0.046300973502501175,0.0079858616763651,82.19165454443613,82.1996404061125
9.986000000000004,-0.019072252223895757,0.07484964964715753,0.043661825671410553,0.00810969548601594,82.19153722175616,82.19964691724218
9.988000000000005,-0.01892198461575594,0.0754172476617664,0.04102322294464253,0.008233156326189922,82.19141992537925,82.19965308170543
9.990000000000006,-0.018770587909644587,0.07597874227552355,0.03838535083402658,0.008356207286802694,82.19130268583604,82.19965889312284
9.992000000000006,-0.0186180743436743,0.07653410223540093,0.03574839454539877,0.008478811678963466,82.19118553356073,82.1996643452397
9.994000000000007,-0.01846445621798823,0.07708329676416065,0.03311253896594113,0.008600933044713788,82.19106849888288,82.1996694319276
9.996000000000008,-0.01830974589380698,0.07762629556187961,0.030477968651560994,0.00872253516667462,82.19095161201912,82.19967414718579
9.998000000000008,-0.018153955792472483,0.07816306880743851,0.02784486781431056,0.00884358207759918,82.1908349030648,82.1996784851424
10.000000000000009,-0.01799709839448894,0.07869358715997501,0.0252134203098478,0.008964038069829042,82.19071840198589,82.19968244005572
