time,q,dq,u,kinetic_energy,potential_energy,total_energy
0.002,0.7853023318276934,-0.09583124913006227,-3.9269908169872414,0.0004760352105089107,3.3738926624490424,3.3743686976595515
0.004,0.7850185477083684,-0.1879519205589417,-3.7348491608783423,0.0018311326068366563,3.3735974537922613,3.375428586399098
0.006,0.7845541108829722,-0.27648335009773245,-3.5491888974239587,0.003962458442262378,3.373114500149652,3.3770769585919145
0.008,0.7839160823595844,-0.36154303626364664,-3.369803854219396,0.006775588198944443,3.3724513998211996,3.379226988020144
0.01,0.7831112918668451,-0.44324475895435383,-3.196494339270629,0.010183905654676681,3.371615589328753,3.38179949498343
0.012,0.7821463451760481,-0.5216986946555527,-3.0290669414255182,0.014108042130804088,3.3706143399181463,3.3847223820489503
0.014,0.781027631196195,-0.5970115282685268,-2.867334336569135,0.018475353342927534,3.3694547548716938,3.387930108214621
0.016,0.7797613288486853,-0.6692865616431324,-2.711115099443921,0.023219431435916815,3.368143767546767,3.391363198982684
0.018000000000000002,0.7783534137281474,-0.7386238189003465,-2.560233520957162,0.028279649935101,3.3666881400639777,3.3949677899990784
0.020000000000000004,0.7768096645557484,-0.8051201486271555,-2.414519430840044,0.03360073948684995,3.365094462575709,3.3986952020625587
0.022000000000000006,0.7751356694311582,-0.868869323025204,-2.273808025524431,0.03913239239461557,3.3633691530521888,3.402501545446804
0.024000000000000007,0.7733368318891782,-0.9299621340932366,-2.137939701105383,0.04482889408135032,3.3615184575282355,3.4063473516095857
0.02600000000000001,0.7714183767668917,-0.9884864869219663,-2.006759891259418,0.050648779726524935,3.359548450759144,3.410197230485669
0.02800000000000001,0.7693853558870306,-1.0445274901785848,-1.880118909990526,0.05655451443616204,3.357465037239065,3.414019551675227
0.030000000000000013,0.7672426535631065,-1.0981675438566987,-1.7578717990779835,0.06251219540779851,3.3552739525396285,3.417786147947427
0.032000000000000015,0.7649949919316993,-1.1494864243660317,-1.639878180102135,0.06849127464947811,3.352980764930593,3.4214720395800713
0.034000000000000016,0.7626469361171517,-1.1985613670347832,-1.526002110926433,0.07446430090312131,3.3505908772479267,3.425055178151048
0.03600000000000002,0.7602028992337734,-1.245467146096072,-1.4161119465161924,0.0804066795082777,3.3481095289780147,3.4285162084862923
0.03800000000000002,0.7576671472305156,-1.2902761522284258,-1.3100802039767228,0.08629644902265309,3.3455417985297298,3.431838247552383
0.04000000000000002,0.7550438035829415,-1.3330584677188198,-1.2077834316957263,0.09211407349124662,3.3428926056687502,3.4350066791599967
0.04200000000000002,0.7523368538371781,-1.3738819393152886,-1.1091020824770683,0.097842249326708,3.340166714091042,3.43800896341775
0.044000000000000025,0.7495501500104071,-1.4128122488346782,-1.0139203905553131,0.10346572582992385,3.3373687341146208,3.4408344599445444
0.04600000000000003,0.74668741485232,-1.4499129815896403,-0.9221262523826792,0.10897113844211574,3.334503125470747,3.443474263912863
0.04800000000000003,0.7437522459718346,-1.4852456926975133,-0.8336111110823197,0.11434685387813384,3.331574200177547,3.4459210540556806
0.05000000000000003,0.7407481198332511,-1.5188699713322913,-0.7482698444641467,0.11958282634538712,3.328586125480749,3.448168951826136
0.05200000000000003,0.7376783956258987,-1.5508435029794392,-0.6660006565016725,0.12467046410418935,3.3255429268476946,3.450213390951884
0.054000000000000034,0.7345463190112117,-1.5812221297518863,-0.5867049721706148,0.12960250567341747,3.322448491002206,3.4520509966756237
0.056000000000000036,0.7313550257510539,-1.610059908824119,-0.5102873355522859,0.13437290503048022,3.3193065689891124,3.4536794740195926
0.05800000000000004,0.7281075452210004,-1.6374091690398884,-0.4366553111070317,0.13897672519685644,3.316120779258382,3.4550975044552383
0.06000000000000004,0.724806803812175,-1.663320565747668,-0.3657193880252252,0.14341003964005822,3.312894610759853,3.456304650399911
0.06200000000000004,0.721455628225136,-1.6878431339166258,-0.29739288756553917,0.14766984095997338,3.309631426040445,3.4573012670004184
0.06400000000000004,0.7180567486591973,-1.7110243395845286,-0.23159187329242847,0.15175395636228672,3.306334464336642,3.458088420698929
0.06600000000000004,0.7146128019004708,-1.7329101296876614,-0.16823506412692968,0.1556609694542253,3.3030068446557648,3.4586678141099902
0.06800000000000005,0.7111263343118173,-1.7535449803215353,-0.10724375012703113,0.15939014792834827,3.2996515688402623,3.4590417167686107
0.07000000000000005,0.7075998047277976,-1.7729719434798659,-0.048541710916016,0.16294137672863632,3.296271524609913,3.459212901338549
0.07200000000000005,0.7040355872576208,-1.7912326923180364,0.007944863320743956,0.16631509631985494,3.292869488577348,3.4591845848972027
0.07400000000000005,0.7004359739989949,-1.8083675649860076,0.06228744834796851,0.16951224570616674,3.289448129232914,3.4589603749390805
0.07600000000000005,0.6968031776656987,-1.8244156070744144,0.11455525997704052,0.1725342098683825,3.286010009895288,3.45854421976367
0.07800000000000006,0.6931393341316049,-1.8394146127163866,0.16481532582033553,0.17538277131114163,3.2825575916247463,3.457940362935888
0.08000000000000006,0.6894465048938025,-1.8534011643864472,0.21313255477474868,0.17806006543181024,3.2790932360963714,3.4571533015281815
0.08200000000000006,0.6857266794573836,-1.8664106714366908,0.25956980430388166,0.1805685394420678,3.275619208430808,3.456187747872876
0.08400000000000006,0.6819817776443807,-1.8784774074093078,0.30418794558646356,0.1829109145910898,3.272137679980565,3.4550485945716547
0.08600000000000006,0.6782136518292651,-1.8896345461634123,0.34704592659671185,0.18509015145602045,3.268650731070088,3.4537408825261084
0.08800000000000006,0.6744240891033394,-1.8999141968530482,0.38820083318049914,0.18710941808112702,3.2651603536881413,3.4522697717692683
0.09000000000000007,0.6706148133702878,-1.909347437792183,0.4277079481893993,0.18897206076170134,3.2616684541312746,3.4506405148929757
0.09200000000000007,0.6667874873750732,-1.9179643492414666,0.46562080873292677,0.19068157728250876,3.258176855597344,3.4488584328798524
0.09400000000000007,0.6629437146683057,-1.9257940451505118,0.5019912616075675,0.19224159243341024,3.2546873007282984,3.446928893161709
0.09600000000000007,0.6590850415081381,-1.9328647038884723,0.536869516959495,0.19365583563678662,3.2512014541015875,3.444857289738374
0.09800000000000007,0.6552129587016794,-1.9392035979947206,0.5703042002362544,0.19492812053260541,3.2477209046697344,3.4426490252023396
0.10000000000000007,0.6513289033878567,-1.9448371229804877,0.6023424024810442,0.19606232637745244,3.244247168147758,3.4403094945252106
0.10200000000000008,0.6474342607635918,-1.94979082521141,0.6330297290216924,0.19706238112364566,3.2407816893482635,3.4378440704719093
0.10400000000000008,0.6435303657551033,-1.9540894289000277,0.6624103466048612,0.19793224605370038,3.237325844464147,3.435258090517847
0.10600000000000008,0.6396185046360847,-1.9577568622364092,0.6905270290245391,0.19867590185396689,3.2338809432989604,3.432556845152927
0.10800000000000008,0.6356999165944569,-1.960816282684224,0.7174212012923951,0.19929733601924574,3.230448231445103,3.429745567464349
0.11000000000000008,0.6317757952493349,-1.9632901014687545,0.7431329823961632,0.19980053148765328,3.227028892410055,3.426829423897708
0.11200000000000009,0.6278472901198022,-1.9652000072825369,0.7677012266908343,0.2001894564119708,3.223624049691009,3.42381350610298
0.11400000000000009,0.6239155080470303,-1.9665669892335282,0.7911635639660628,0.2004680549802217,3.2202347687982624,3.420702823778484
0.11600000000000009,0.6199815145712357,-1.9674113590599387,0.8135564382319047,0.20064023920429586,3.216862059227851,3.417502298432147
0.11800000000000009,0.6160463352649167,-1.9677527726351205,0.8349151452636989,0.20070988160111083,3.2135068763839234,3.4142167579850344
0.12000000000000009,0.6121109570237677,-1.9676102507851851,0.8552738689456576,0.20068080869609334,3.210170123451439,3.4108509321475324
0.1220000000000001,0.6081763293166238,-1.9670021994413147,0.8746657164515317,0.20055679528370668,3.2068526532197885,3.407409448503495
0.1240000000000001,0.6042433653957442,-1.9659464291480535,0.8931227522995102,0.20034155938435938,3.203555269858,3.4038968292423597
0.12600000000000008,0.600312943468703,-1.9644601739481986,0.9106760313173861,0.20003875784133227,3.2002787306422067,3.4003174884835388
0.12800000000000009,0.5963859078331131,-1.962560109664266,0.9273556305528823,0.19965198250537397,3.1970237476361123,3.396675730141486
0.1300000000000001,0.5924630699753709,-1.960262371595882,0.9431906801629664,0.19918475695836022,3.193790989325177,3.392975746283537
0.1320000000000001,0.5885452096345726,-1.9575825716518396,0.9582093933149096,0.19864053373090007,3.190581082205307,3.389221615936207
0.1340000000000001,0.5846330758327124,-1.9545358149349719,0.9724390951308162,0.19802269197202974,3.1873946123268326,3.3854173042988625
0.1360000000000001,0.5807273878722411,-1.9511367157974187,0.9859062507063818,0.19733453553216834,3.184232126794567,3.3815666623267355
0.1380000000000001,0.5768288363020264,-1.9473994133833086,0.9986364922336319,0.1965792914233397,3.181094135224782,3.3776734266481214
0.1400000000000001,0.5729380838527244,-1.943337586675336,1.0106546452564849,0.19576010862329923,3.1779811111599017,3.373741219783201
0.1420000000000001,0.5690557663425373,-1.9389644690611927,1.02198475408705,0.19488005719266388,3.1748934934417674,3.3697735506344313
0.1440000000000001,0.5651824935543035,-1.9342928624353029,1.0326501064096987,0.1939421276764277,3.171831687544311,3.365773815220739
0.1460000000000001,0.561318850084834,-1.9293351508508174,1.0426732570990884,0.1929492307633832,3.168796066866476,3.361745297629859
0.1480000000000001,0.5574653961673792,-1.9241033137363488,1.052076051277465,0.19190419717894747,3.165786973986234,3.3576911711651816
0.1500000000000001,0.5536226684680847,-1.9186089386914609,1.0608796466358013,0.1908097777887452,3.162804721876549,3.3536144996652943
0.1520000000000001,0.5497911808572625,-1.912863233874482,1.0691045350424981,0.18966864389201923,3.1598495950841246,3.349518238976144
0.1540000000000001,0.5459714251562823,-1.9068770399957722,1.0767705634626514,0.18848338768554082,3.1569218508717842,3.345405238557325
0.1560000000000001,0.5421638718608568,-1.9006608419291555,1.0838969542101329,0.18725652288018074,3.1540217203253267,3.3412782432055073
0.1580000000000001,0.538368970841475,-1.8942247799538179,1.090502324554027,0.18599048545369026,3.1511494094256745,3.337139894879365
0.16000000000000011,0.5345871520217078,-1.887578660638576,1.096604705700261,0.18468763452452847,3.148305100087163,3.3329927346116914
0.16200000000000012,0.5308188260350931,-1.8807319673800396,1.102221561168613,0.18335025333276986,3.145488951162775,3.328839204495545
0.16400000000000012,0.5270643848612773,-1.8736938706058155,1.1073698045846134,0.18198055031524324,3.1427010994171343,3.3246816497323777
0.16600000000000012,0.5233242024420759,-1.8664732376535444,1.1120658169052446,0.1805806602630818,3.139941660468079,3.320522320731161
0.16800000000000012,0.51959863527809,-1.8590786423362111,1.1163254630967092,0.17915264555083332,3.1372107296975833,3.3163633752484167
0.17000000000000012,0.5158880230064946,-1.8515183742038304,1.1201641082819722,0.17769849742716648,3.1345083831328244,3.312206880559991
0.17200000000000013,0.5121926889605983,-1.843800447511288,1.1235966333751874,0.1762201373580386,3.1318346782981745,3.308054815656213
0.17400000000000013,0.5085129407117512,-1.8359326099017919,1.126637450219584,0.17471941841396335,3.129189655038869,3.3039090734528327
0.17600000000000013,0.5048490705941614,-1.8279223508150915,1.1293005162448275,0.1731981266937242,3.126573336317107,3.2997714630108312
0.17800000000000013,0.5012013562131611,-1.8197769096293168,1.131599348659376,0.17165798277754873,3.123985728981315,3.295643711758864
0.18000000000000013,0.4975700609374474,-1.811503283545011,1.133547038192828,0.1701006432033631,3.12142682450932,3.291527467712683
0.18200000000000013,0.49395543437580386,-1.803108235219642,1.1351562624027847,0.16852770196032427,3.11889659972612,3.2874243016864444
0.18400000000000014,0.49035771283879487,-1.7945983001606203,1.1364392985602647,0.16694069199434475,3.1163950174969792,3.283335709491324
0.18600000000000014,0.48677711978590765,-1.7859797938845796,1.1374080361272663,0.16534108672081943,3.1139220273965122,3.279263114117332
0.18800000000000014,0.48321386625860185,-1.777258818850431,1.1380739888396212,0.163730301540209,3.1114775663544565,3.2752078678946654
0.19000000000000014,0.47966815129971213,-1.7684412711734567,1.1384483064078528,0.1621096953525571,3.109061559278777,3.271171254631334
0.19200000000000014,0.4761401623596342,-1.7595328471274687,1.1385417858483526,0.16048057206739913,3.10667391965676,3.267154491724159
0.19400000000000014,0.4726300756897119,-1.750539049441837,1.1383648824567665,0.15884418210587795,3.1043145501347365,3.2631587322406146
0.19600000000000015,0.46913805672322867,-1.7414651933999616,1.1379277204351146,0.15720172389221518,3.1019833430770465,3.2591850669692617
0.19800000000000015,0.4656642604443944,-1.7323164127455593,1.13724010318378,0.155554345331981,3.0996801811048615,3.2552345264368427
0.20000000000000015,0.4622088317457053,-1.7230976654029164,1.1363115232691463,0.153903145274894,3.0974049376154698,3.2513080828903638
0.20200000000000015,0.4587719057740438,-1.713813739017072,1.1351511720773062,0.1522491749601368,3.0951574772825796,3.2474066522427165
0.20400000000000015,0.4553536082658721,-1.7044692563196913,1.133767949163925,0.15059343944240844,3.092937656538244,3.2435310959806523
0.20600000000000016,0.4519540558718628,-1.6950686803262078,1.132170471310022,0.14893689899715642,3.0907453240369396,3.239682223034096
0.20800000000000016,0.44857335647129853,-1.6856163193696305,1.1303670812931017,0.14728047050363108,3.0885803211023504,3.2358607916059814
0.21000000000000016,0.44521160947656196,-1.676116331976233,1.1283658563827683,0.14562502880458664,3.086442482157398,3.2320675109619845
0.21200000000000016,0.4418689061280277,-1.666572731588179,1.1261746165696565,0.1439714080416275,3.084331635138007,3.2283030431796345
0.21400000000000016,0.438545329779657,-1.6569893911379667,1.1238009325362195,0.14232040296534665,3.0822476018911527,3.2245680048564993
0.21600000000000016,0.43524095617558695,-1.6473700474794217,1.1212521333776486,0.1406727702195524,3.0801901985576428,3.2208629687771952
0.21800000000000017,0.4319558537179966,-1.637718305679813,1.118535314080909,0.13902922959900246,3.0781592359401406,3.217188465539143
0.22000000000000017,0.4286900837265234,-1.6280376431775143,1.115657342769643,0.1373904652801866,3.0761545198568863,3.213544985137073
0.22200000000000017,0.4254437006894941,-1.6183314138094966,1.1126248677224115,0.13575712702480802,3.074175851481575,3.209932978506383
0.22400000000000017,0.42221675250722723,-1.6086028517127906,1.1094443241715228,0.13412983135570705,3.07222302766984,3.206352859025547
0.22600000000000017,0.4190092807276542,-1.598855075103931,1.106121940889445,0.1325091627050662,3.070295841272758,3.202805003977824
0.22800000000000017,0.41582132077449985,-1.5890910899402588,1.1026637465695908,0.13089567453481113,3.0683940814378263,3.1992897559726376
0.23000000000000018,0.41265290216825473,-1.579313793466835,1.0990755760080186,0.12928989042919936,3.0665175338977915,3.1958074243269907
0.23200000000000018,0.4095040487401644,-1.569525977652597,1.0953630760923967,0.1276923051596529,3.0646659812477424,3.192358286407395
0.23400000000000018,0.4063747788394533,-1.55973033251927,1.0915317116043721,0.12610338572195037,3.0628392032108653,3.188942588932816
0.23600000000000018,0.403265105533995,-1.5499294493664364,1.0875867708412734,0.12452357234594895,3.0610369768932126,3.1855605492391614
0.23800000000000018,0.40017503680463296,-1.540125823896048,1.0835333710628978,0.12295327947805461,3.0592590770278787,3.1822123565059335
0.24000000000000019,0.39710457573334884,-1.5303218592395689,1.0793764637689311,0.12139289673669927,3.0575052762089183,3.1788981729456176
0.2420000000000002,0.3940537206854718,-1.520519868890827,1.0751208398123935,0.11984278984112529,3.055775345115372,3.175618134956497
0.2440000000000002,0.39102246548611275,-1.5107220795475558,1.0707711343542952,0.1183033015138097,3.0540690527257164,3.172372354239526
0.2460000000000002,0.38801079959100415,-1.500930633864511,1.0663318316645478,0.11677475235688807,3.0523861665230814,3.1691609188799696
0.2480000000000002,0.3850187082519192,-1.4911475931209541,1.0618072697740013,0.11525744170296914,3.0507264526915443,3.1659838943945133
0.25000000000000017,0.3820461726768389,-1.4813749398052038,1.0572016449823123,0.11375164844074756,3.0490896763038107,3.162841324744558
0.25200000000000017,0.37909317018503025,-1.47161458011887,1.0525190162262132,0.11225763181584678,3.047475601500579,3.159733233316426
0.25400000000000017,0.3761596743571941,-1.4618683464033002,1.0477633093125889,0.11077563220733745,3.0458839916618827,3.15665962386922
0.25600000000000017,0.373245655180835,-1.4521379994906891,1.04293832102063,0.10930587188039169,3.0443146095706863,3.153620481451078
0.2580000000000002,0.3703510791910021,-1.4424252309822185,1.0380477230772032,0.10784855571554484,3.042767217569019,3.1506157732845637
0.2600000000000002,0.3674759096065441,-1.432731665455523,1.0330950660094267,0.10640387191504598,3.0412415777068937,3.14764544962194
0.2620000000000002,0.3646201064620182,-1.4230588626037024,1.0280837828783258,0.10497199268678555,3.0397374518842835,3.144709444571069
0.2640000000000002,0.36178362673538694,-1.4134083193080273,1.0230171928973137,0.10355307490629276,3.0382546019863996,3.1418076768926926
0.2660000000000002,0.3589664244716338,-1.4037814716464208,1.01789850493912,0.10214726075730166,3.036792790012511,3.1389400507698126
0.2680000000000002,0.3561684509024244,-1.3941796968397258,1.0127308209346726,0.10075467835138424,3.0353517781985335,3.1361064565499177
0.2700000000000002,0.353389654561935,-1.3846043151377112,1.0075171391673297,0.09937544232715212,3.0339313291336336,3.1333067714607856
0.2720000000000002,0.3506299813989677,-1.3750565916466992,1.0022603574657474,0.09800965442952633,3.032531205871043,3.1305408603005693
0.2740000000000002,0.34788937488546684,-1.3655377381006417,0.9969632762985599,0.09665740406957374,3.031151172033319,3.127808576102893
0.2760000000000002,0.34516777612154764,-1.3560489145774135,0.9916286017739493,0.09531876886540788,3.029790991912232,3.12510976077764
0.2780000000000002,0.3424651239371459,-1.3465912311620325,0.9862589485470887,0.0939938151646444,3.028450430563507,3.1224442457281514
0.2800000000000002,0.33978135499039236,-1.3371657495584643,0.9808568426383355,0.09268259854890258,3.0271292538965877,3.11981185244549
0.2820000000000002,0.3371164038628133,-1.3277734846516136,0.975424724164967,0.09138516432083402,3.0258272287596277,3.117212393080462
0.2840000000000002,0.33447020315145515,-1.3184154060210571,0.9699649499891607,0.09010154797415872,3.0245441230198784,3.114645670994037
0.2860000000000002,0.33184268355802904,-1.3090924394080181,0.9644797962848384,0.08883177564717903,3.0232797056396516,3.1121114812868305
0.2880000000000002,0.32923377397516596,-1.2998054681370412,0.958971461025891,0.0875758645602381,3.0220337467480314,3.1096096113082696
0.2900000000000002,0.3266434015698729,-1.2905553344937735,0.9534420663982526,0.08633382343757949,3.0208060177084914,3.107139841146071
0.2920000000000002,0.32407149186427586,-1.2813428410602168,0.9478936611381823,0.085105652914061,3.019596291182577,3.104701944096638
0.2940000000000002,0.3215179688137333,-1.2721687520087748,0.9423282227990541,0.08389134592716357,3.0184043411898136,3.1022956871169773
0.2960000000000002,0.31898275488240185,-1.263033794356369,0.9367476599488831,0.08269088809473157,3.017229943163977,3.0999208312587085
0.2980000000000002,0.3164657711163322,-1.2539386591798662,0.9311538143007287,0.08150425807887196,3.0160728740058738,3.0975771320847456
0.3000000000000002,0.31396693721417146,-1.2448840027940153,0.9255484627780717,0.08033142793642799,3.014932912132779,3.095264340069207
0.3020000000000002,0.31148617159554653,-1.2358704478930533,0.9199333195171735,0.07917236345644091,3.0138098375246476,3.0929822009810883
0.3040000000000002,0.3090233914671988,-1.2268985846571072,0.9143100378083739,0.07802702448499722,3.0127034317672416,3.090730456252239
0.3060000000000002,0.30657851288694055,-1.2179689718244793,0.9086802119782202,0.07689536523785626,3.0116134780922947,3.088508843330151
0.3080000000000002,0.3041514508254997,-1.2090821377308714,0.9030453792142559,0.07577733460123992,3.0105397614148326,3.0863170960160726
0.3100000000000002,0.3017421192263182,-1.2002385813165688,0.8974070213342442,0.07467287642116,3.009482068367764,3.0841549447889243
0.3120000000000002,0.2993504310633671,-1.1914387731025724,0.8917665665015466,0.07358192978164797,3.0084401873338638,3.0820221171155118
0.3140000000000002,0.2969762983970393,-1.1826831561366389,0.8861253908883091,0.07250442927224458,3.0074139084752436,3.0799183377474884
0.3160000000000002,0.29461963242817957,-1.173972146910155,0.8804848202880811,0.07144030524509645,3.006403023760423,3.0778433290055194
0.3180000000000002,0.2922803435503089,-1.1653061362467445,0.874846131679412,0.07038948406199966,3.0054073269891055,3.0757968110511054
0.32000000000000023,0.28995834140009935,-1.1566854901634809,0.8692105547419444,0.06935188833171944,3.0044266138147435,3.073778502146463
0.32200000000000023,0.2876535349061525,-1.148110550705545,0.8635792733264651,0.06832743713790881,3.003460681764999,3.071788118902908
0.32400000000000023,0.2853658323361348,-1.1395816367551463,0.8579534268803275,0.06731604625793867,3.0025093302601875,3.0698253765181263
0.32600000000000023,0.28309514134231967,-1.131099044815501,0.8523341118296188,0.06631762837294378,3.001572360629788,3.067889989002732
0.32800000000000024,0.28084136900558615,-1.1226630497706267,0.8467223829194035,0.06533209326938139,3.00064957612711,3.0659816693964914
0.33000000000000024,0.278604421877921,-1.1142739056217046,0.8411192545133226,0.06435934803239056,2.999740781942196,3.0641001299745865
0.33200000000000024,0.27638420602347125,-1.1059318462007206,0.835525701853804,0.0633992972312318,2.9988457852130312,3.062245082444263
0.33400000000000024,0.2741806270581909,-1.0976370858620867,0.8299426622840849,0.06245184309707887,2.997964395035155,3.060416238132234
0.33600000000000024,0.2719935901881263,-1.089389820152915,0.8243710364332189,0.06151688569342765,2.997096422469722,3.0586133081631495
0.33800000000000024,0.26982300024638134,-1.0811902264626005,0.8188116893651987,0.06059432307937778,2.996241680550102,3.05683600362948
0.34000000000000025,0.26766876172880355,-1.0730384646523428,0.8132654516932944,0.059684051466036066,2.9953999842870855,3.0550840357531217
0.34200000000000025,0.26553077882843074,-1.0649346776652233,0.8077331206606677,0.05878596536628363,2.9945711506727415,3.053357116039025
0.34400000000000025,0.26340895546873605,-1.0568789921174329,0.802215461188293,0.05789995773814038,2.993754998683015,3.0516549564211553
0.34600000000000025,0.2613031953357092,-1.0488715188712214,0.7967132068911855,0.05702592012195468,2.9929513492791076,3.049977269401062
0.34800000000000025,0.25921340190880937,-1.0409123535901341,0.7912270610638967,0.05616374277163774,2.9921600254077085,3.0483237681793462
0.35000000000000026,0.2571394784908244,-1.0330015772770702,0.7857576976362215,0.055313314780156914,2.9913808520001255,3.0466941667802825
0.35200000000000026,0.2550813282366714,-1.0251392567956905,0.7803057621000185,0.05447452419949379,2.9906136559703733,3.0450881801698673
0.35400000000000026,0.2530388541811697,-1.0173254453756817,0.7748718724080241,0.053647258155268635,2.9898582662122766,3.043505524367545
0.35600000000000026,0.25101195926581976,-1.0095601831023684,0.7694566198455148,0.05283140295622437,2.9891145135956205,3.0419459165518448
0.35800000000000026,0.2490005463646173,-1.0018434973911512,0.764060569875638,0.05202684419875795,2.9883822309614203,3.0404090751601784
0.36000000000000026,0.2470045183089338,-0.9941754034472317,0.7586842629592159,0.05123346686668196,2.987661253116335,3.038894719983017
0.36200000000000027,0.2450237779114916,-0.9865559047110729,0.7533282153497942,0.05045115542639116,2.9869514168262867,3.037402572252678
0.36400000000000027,0.2430582279894619,-0.9789849932900297,0.7479929198646877,0.04967979391760583,2.986252560809311,3.0359323547269166
0.36600000000000027,0.24110777138671283,-0.9714626503765688,0.7426788466327501,0.04891926603985534,2.9855645257276975,3.0344837917675527
0.36800000000000027,0.23917231099523437,-0.9639888466534864,0.7373864438195734,0.04816945523486242,2.984887154179447,3.0330566094143094
0.3700000000000003,0.23725174977576505,-0.9565635426865196,0.732116138330801,0.04743024476498194,2.984220290689089,3.031650535454071
0.3720000000000003,0.23534599077764592,-0.9491866893047324,0.7268683364942139,0.0467015177878431,2.9835637816978893,3.030265299485732
0.3740000000000003,0.23345493715792554,-0.9418582279690504,0.7216434247212351,0.045983157427339445,2.9829174755535006,3.02890063298084
0.3760000000000003,0.23157849219973925,-0.934578091129301,0.7164417701484731,0.04527504684110619,2.982281222499062,3.027556269340168
0.3780000000000003,0.22971655932998575,-0.92734620257011,0.7112637212599058,0.04457706928461879,2.9816548746618063,3.026231943946425
0.3800000000000003,0.22786904213632245,-0.9201624777459915,0.7061096084902914,0.04388910817204381,2.981038286041186,3.02492739421323
0.3820000000000003,0.22603584438350124,-0.9130268241059595,0.7009797448103707,0.04321104713396672,2.9804313124965662,3.023642359630533
0.3840000000000003,0.22421687002906524,-0.905939141407978,0.6958744262944128,0.042542770072119124,2.9798338117344914,3.0223765818066104
0.3860000000000003,0.22241202323842627,-0.8988993220235588,0.6907939326706298,0.04188416121122159,2.9792456432955743,3.021129804506796
0.3880000000000003,0.220621208399343,-0.8919072512328033,0.6857385278549863,0.04123510514805612,2.9786666685410195,3.0199017736890754
0.3900000000000003,0.218844330135818,-0.8849628075101806,0.6807084604688918,0.04059548689787698,2.9780967506388145,3.0186922375366914
0.3920000000000003,0.21708129332143242,-0.8780658628013195,0.6757039643412712,0.03996519193826583,2.9775357545496033,3.017500946487869
0.3940000000000003,0.2153320030921356,-0.8712162827910885,0.6707252589954769,0.03934410625053259,2.9769835470122796,3.0163276532628123
0.3960000000000003,0.21359636485850714,-0.8644139271632264,0.665772550121499,0.03873211635876055,2.976439996529307,3.0151721128880675
0.3980000000000003,0.21187428431750782,-0.857658649851779,0.6608460300339172,0.038129109366590655,2.975904973351794,3.0140340827183847
0.4000000000000003,0.21016566746373555,-0.8509502992845909,0.6559458781160188,0.037534972991835856,2.975378349464353,3.012913322456189
0.4020000000000003,0.20847042060020216,-0.8442887186190908,0.651072261250504,0.03694959559901455,2.9748599985697424,3.011809594168757
0.4040000000000003,0.20678845034864596,-0.8376737459706054,0.6462253342371709,0.03637286622988757,2.9743497960733283,3.0107226623032157
0.4060000000000003,0.205119663659395,-0.8311052146334256,0.6414052401979811,0.035804674632081195,2.973847619067374,3.009652293699455
0.4080000000000003,0.20346396782079512,-0.8245829532948459,0.6366121109698761,0.03524491128587486,2.9733533463151844,3.0085982576010593
0.4100000000000003,0.20182127046821693,-0.8181067862423885,0.631846067485716,0.03469346742923041,2.972866858235103,3.0075603256643335
0.4120000000000003,0.20019147959265476,-0.8116765335644179,0.6271072201436925,0.03415023508113606,2.9723880368843982,3.0065382719655345
0.4140000000000003,0.1985745035489308,-0.8052920113443458,0.6223956691655621,0.03361510706333568,2.9719167659430417,3.0055318730063774
0.4160000000000003,0.19697025106351718,-0.79895303184862,0.6177115049440376,0.03308797702051256,2.971452930697391,3.0045409077179035
0.4180000000000003,0.19537863124198795,-0.7926594037086855,0.6130548083796541,0.03256873943899236,2.970996418023802,3.0035651574627944
0.4200000000000003,0.19379955357611314,-0.7864109320970991,0.6084256512074312,0.03205728966402953,2.9705471163721704,3.0026044060362
0.4220000000000003,0.19223292795060606,-0.7802074188979744,0.6038240963136325,0.03155352391573772,2.9701049157494195,3.001658439665157
0.4240000000000003,0.19067866464953537,-0.7740486628719282,0.5992501980429185,0.03105733930372327,2.969669707702957,3.0007270470066802
0.4260000000000003,0.18913667436241247,-0.7679344598156952,0.5947040024961796,0.030568633840478285,2.9692413853040884,2.999810019144567
0.4280000000000003,0.18760686818996497,-0.761864602716571,0.5901855478193281,0.030087306453587915,2.9688198431314223,2.99890714958501
0.4300000000000003,0.18608915764960615,-0.7558388819018399,0.5856948644833171,0.02961325699680424,2.9684049772542616,2.9980182342510657
0.43200000000000033,0.18458345468061046,-0.7498570851833395,0.581231975555649,0.029146386260037422,2.967996685215992,2.9971430714760294
0.43400000000000033,0.1830896716490047,-0.7439189979973079,0.5767968969636267,0.02868659597831265,2.9675948660174902,2.9962814619958027
0.43600000000000033,0.18160772135218392,-0.7380244035396573,0.5723896377495923,0.028233788839739808,2.9671994201005405,2.9954332089402804
0.43800000000000033,0.18013751702326133,-0.7321730828968114,0.5680102003183949,0.027787868492540883,2.966810249331283,2.994598117823824
0.44000000000000034,0.1786789723351608,-0.7263648151722402,0.5636585806773161,0.02734873955117831,2.9664272569836965,2.993775996534875
0.44200000000000034,0.17723200140446047,-0.7205993776088235,0.5593347686686763,0.026916307601626187,2.966050347723122,2.9929666553247483
0.44400000000000034,0.17579651879499558,-0.714876545707168,0.5550387481953447,0.02649047920582432,2.965679427589832,2.9921699067956564
0.44600000000000034,0.1743724395212288,-0.7091960933400003,0.550770497439358,0.026071161905353572,2.965314403982665,2.9913855658880184
0.44800000000000034,0.17295967905139534,-0.7035577928627562,0.5465299890738566,0.025658264224369832,2.9649551856427103,2.99061344986708
0.45000000000000034,0.1715581533104307,-0.6979614152204785,0.5423171904685358,0.02525169567183216,2.964601682637067,2.989853378308899
0.45200000000000035,0.17016777868268826,-0.6924067300511373,0.5381320638888035,0.024851366743059055,2.964253806342678,2.989105173085737
0.45400000000000035,0.1687884720144535,-0.6868935057854796,0.5339745666888333,0.024457188920646505,2.963911469430238,2.988368658350885
0.45600000000000035,0.16742015061626206,-0.6814215097435147,0.5298446514986918,0.024069074674778628,2.9635745858481872,2.987643660522966
0.45800000000000035,0.16606273226502807,-0.6759905082277353,0.5257422664057191,0.02368693746296203,2.963243070806795,2.986930008269757
0.46000000000000035,0.16471613520598907,-0.670600266613175,0.5216673551303302,0.0233106917292126,2.962916840762334,2.9862275324915464
0.46200000000000035,0.16338027815447406,-0.6652505494343964,0.5176198571964046,0.022940252902723047,2.9625958134013546,2.9855360663040775
0.46400000000000036,0.1620550802975004,-0.659941120469505,0.5135997080964225,0.022575537396038178,2.962279907625054,2.984855445021092
0.46600000000000036,0.1607404612952057,-0.6546717428212763,0.5096068394515081,0.022216462602763505,2.961969043533759,2.9841855061365226
0.46800000000000036,0.15943634128212011,-0.6494421789954855,0.5056411791665241,0.021862946894832418,2.961663142411509,2.9835260893063413
0.47000000000000036,0.15814264086828478,-0.6442521909765252,0.5017026515803704,0.02151490961935544,2.96136212671075,2.982877036330106
0.47200000000000036,0.1568592811402216,-0.6391015403003913,0.4977911776116265,0.021172271095074618,2.961065920037154,2.982238191132229
0.47400000000000037,0.15558618366175972,-0.633989988125119,0.49390667489967466,0.02083495260844503,2.960774447134536,2.9816093997429807
0.47600000000000037,0.1543232704747234,-0.628917295298745,0.4900490579414394,0.020502876409364348,2.960487633869909,2.9809905102792733
0.47800000000000037,0.15307046409948658,-0.6238832224248726,0.4862182382238729,0.02017596570657077,2.9602054072186514,2.980381372925222
0.48000000000000037,0.15182768753539838,-0.6188875299259113,0.48241412435231235,0.019854144662728772,2.9599276952497955,2.9797818399125244
0.4820000000000004,0.15059486426108473,-0.6139299781040625,0.47863662217483083,0.019537338389221007,2.95965442711145,2.9791917655006714
0.4840000000000004,0.1493719182346298,-0.609010327200119,0.4748856349027013,0.01922547294066444,2.9593855330163477,2.978611005957012
0.4860000000000004,0.14815877389364232,-0.604128337450147,0.47116106322708906,0.018918475309167623,2.959120944227517,2.978039419536685
0.4880000000000004,0.14695535615521033,-0.5992837691401125,0.4674628054320825,0.0186162734183457,2.9588605930440885,2.977476866462434
0.4900000000000004,0.1457615904157488,-0.594476382658517,0.4637907575041733,0.018318796117108287,2.958604412787239,2.976923208904347
0.4920000000000004,0.1445774025507439,-0.5897059385471024,0.46014481323829004,0.01802597317323601,2.958352337786258,2.976378310959494
0.4940000000000004,0.14340271891439763,-0.5849721975496845,0.45652486434048534,0.017737735266759393,2.958104303364755,2.9758420386315145
0.4960000000000004,0.14223746633917675,-0.5802749206591717,0.452930800527381,0.01745401398315422,2.957860245827006,2.97531425981016
0.4980000000000004,0.1410815721352693,-0.5756138691628255,0.4493625096224597,0.017174741806366436,2.957620102444426,2.9747948442507925
0.5000000000000003,0.1399349640899524,-0.5709888046858161,0.44581987764930453,0.016899852111679246,2.9573838114421913,2.9742836635538707
0.5020000000000003,0.13879757046687444,-0.5663994892331253,0.44230278892187025,0.016629279158434367,2.9571513119859842,2.9737805911444184
0.5040000000000003,0.13766932000525528,-0.5618456852298483,0.43881112613187845,0.016362958082619124,2.956922544168892,2.9732855022515112
0.5060000000000003,0.13655014191900727,-0.5573271555599426,0.43534477043342035,0.0161008248893302,2.956697448998433,2.972798273887763
0.5080000000000003,0.13543996589578025,-0.5528436636034724,0.43190360152484886,0.015842816445124783,2.9564759683837254,2.9723187848288504
0.5100000000000003,0.1343387220959336,-0.548394973272395,0.4284874977280435,0.015588870470269115,2.956258045122794,2.971846915593063
0.5120000000000003,0.133246341151438,-0.5439808490449338,0.425096336065122,0.015338925530893876,2.9560436228900207,2.9713825484209146
0.5140000000000003,0.13216275416471007,-0.5396010559985824,0.4217299923326777,0.015092921031066025,2.9558326462237248,2.970925567254791
0.5160000000000003,0.13108789270738205,-0.5352553598417803,0.41838834117361445,0.014850797204785287,2.955625060513894,2.970475857718679
0.5180000000000003,0.13002168881900952,-0.5309435269443034,0.4150712561466503,0.014612495107914208,2.9554208119900425,2.9700333070979568
0.5200000000000004,0.12896407500571966,-0.5266653243664087,0.41177860979355907,0.01437795661004932,2.955219847709222,2.9695978043192715
0.5220000000000004,0.12791498423880227,-0.522420519886771,0.408510273704219,0.014147124386341404,2.9550221155441516,2.969169239930493
0.5240000000000004,0.12687434995324623,-0.5182088820292494,0.40526611857953054,0.013919941909271663,2.95482756417151,2.9687475060807813
0.5260000000000004,0.12584210604622353,-0.5140301800885217,0.4020460142922677,0.01369635344039123,2.9546361430603443,2.9683324965007354
0.5280000000000004,0.12481818687552305,-0.5098841841546194,0.39884982994592577,0.013476304022030157,2.954447802460628,2.9679241064826583
0.5300000000000004,0.1238025272579364,-0.5057706651363996,0.3956774339316236,0.01325973946898236,2.954262493391956,2.9675222328609383
0.5320000000000004,0.12279506246759785,-0.5016893947839864,0.39252869398311707,0.013046606360172523,2.954080167632367,2.9671267739925393
0.5340000000000004,0.12179572823428032,-0.4976401457102147,0.3894034772299837,0.012836852030310444,2.953900777707312,2.9667376297376222
0.5360000000000004,0.12080446074164955,-0.49362269141110615,0.38630165024902774,0.012630424561538388,2.9537242768787526,2.966354701440291
0.5380000000000004,0.1198211966254781,-0.48963680628540995,0.3832230791139646,0.012427272775076503,2.9535506191343948,2.9659778919094713
0.5400000000000004,0.11884587297182138,-0.4856822656532361,0.3801676294434294,0.012227346222871138,2.953379759177056,2.965607105399927
0.5420000000000004,0.11787842731515705,-0.48175884577381084,0.3771351664473652,0.012030595179250718,2.9532116524141667,2.9652422475934173
0.5440000000000004,0.11691879763648996,-0.47786632386238176,0.3741255549718364,0.01183697063259351,2.9530462549474024,2.964883225579996
0.5460000000000004,0.11596692236142404,-0.4740044781062994,0.37113865954231373,0.01164642427701147,2.952883523562448,2.9645299478394596
0.5480000000000004,0.11502274035820276,-0.47017308768030186,0.3681743444054786,0.011458908504054085,2.9527234157188924,2.9641823242229464
0.5500000000000004,0.11408619093571985,-0.4663719327610273,0.36523247356959,0.011274376394435882,2.9525658895402525,2.9638402659346883
0.5520000000000004,0.11315721384150179,-0.46260079454077974,0.3623129108434553,0.011092781709791163,2.952410903804127,2.9635036855139183
0.5540000000000004,0.11223574925966337,-0.4588594552405713,0.3594155198740505,0.010914078884459331,2.9522584179324753,2.963172496816935
0.5560000000000004,0.11132173780883797,-0.4551476981224647,0.35654016418282575,0.010738223017303811,2.9521083919820277,2.9628466149993313
0.5580000000000004,0.11041512054008377,-0.45146530750123776,0.35368670720073947,0.010565169863567644,2.951960786634815,2.962525956498383
0.5600000000000004,0.10951583893476735,-0.4478120687553929,0.3508550123020566,0.01039487582676848,2.951815563188829,2.962210439015598
0.5620000000000004,0.1086238349024258,-0.44418776833753165,0.3480449428369491,0.010227297950635596,2.951672683548804,2.96189998149944
0.5640000000000004,0.10773905077860882,-0.44059219378411557,0.3452563621629343,0.010062393911091415,2.95153211021712,2.9615945041282115
0.5660000000000004,0.1068614293227018,-0.43702513372463303,0.3424891336751871,0.009900122008279855,2.951393806284831,2.9612939282931108
0.5680000000000004,0.10599091371573119,-0.4334863778901917,0.3397431208357571,0.009740441158643616,2.9512577354228067,2.9609981765814504
0.5700000000000004,0.10512744755815319,-0.42997571712155497,0.3370181872017274,0.009583310887052507,2.951123861873005,2.9607071727600576
0.5720000000000004,0.10427097486762699,-0.42649294337664106,0.33431419645234395,0.009428691318984671,2.9509921504398497,2.9604208417588342
0.5740000000000004,0.10342144007677342,-0.423037849737502,0.33163101241514725,0.009276543172762488,2.950862566481737,2.9601391096544996
0.5760000000000004,0.10257878803092026,-0.41961023041680046,0.3289684990911369,0.009126827751844792,2.950735075902652,2.9598619036544966
0.5780000000000004,0.10174296398583497,-0.41620988076379967,0.3263265206789996,0.00897950693717699,2.9506096451438992,2.9595891520810764
0.5800000000000004,0.100913913605446,-0.4128365972698844,0.32370494159842444,0.008834543179600432,2.9504862411759527,2.9593207843555533
0.5820000000000004,0.10009158295955349,-0.40949017757362716,0.32110362651253876,0.008691899492322427,2.9503648314904076,2.9590567309827303
0.5840000000000004,0.0992759185215302,-0.4061704204654154,0.31852244034948685,0.008551539443448011,2.950245384092062,2.95879692353551
0.5860000000000004,0.09846686716601373,-0.4028771258916549,0.31596124832317984,0.008413427148574727,2.950127867491089,2.9585412946396636
0.5880000000000004,0.0976643761665907,-0.3996100949585627,0.3134199159532412,0.008277527263451333,2.95001225069533,2.958289777958781
0.5900000000000004,0.09686839319347364,-0.39636912993556433,0.31089830908417193,0.008143804976701426,2.9498985032026925,2.958042308179394
0.5920000000000004,0.09607886631117166,-0.3931540342583085,0.3083962939037605,0.00801222600261281,2.9497865949936566,2.9577988209962696
0.5940000000000004,0.09529574397615528,-0.38996461253131204,0.30591373696075874,0.007882756573993394,2.9496764965238844,2.9575592530978776
0.5960000000000004,0.09451897503451644,-0.3868006705302482,0.3034505051818477,0.007755363435094322,2.9495681787169357,2.95732354215203
0.5980000000000004,0.09374850871962419,-0.3836620152038904,0.3010064658879142,0.0076300138346009246,2.9494616129570868,2.9570916267916876
0.6000000000000004,0.09298429464977694,-0.3805484546757237,0.2985814868096599,0.00750667551869209,2.9493567710822504,2.9568634466009422
0.6020000000000004,0.09222628282585169,-0.3774597982452344,0.2961754361025627,0.007385316724168499,2.949253625377001,2.9566389421011694
0.6040000000000004,0.09147442362895106,-0.37439585638889117,0.2937881823612104,0.007265906171650125,2.9491521485656933,2.9564180547373433
0.6060000000000004,0.09072866781804863,-0.3713564407608261,0.291419594633027,0.0071484130588434615,2.9490523138056837,2.956200726864527
0.6080000000000004,0.08998896652763322,-0.368341364193228,0.28906954243140903,0.0070328070538786085,2.94895409468065,2.9559869017345286
0.6100000000000004,0.08925527126535267,-0.3653504406964578,0.2867378957482899,0.006919058288716662,2.948857465194004,2.955776523482721
0.6120000000000004,0.08852753390965762,-0.3623834854588953,0.28442452506615223,0.006807137352627408,2.9487623997624026,2.95556953711503
0.6140000000000004,0.08780570670744588,-0.3594403148465281,0.28212930136950254,0.006697015285737596,2.948668873209353,2.9553658884950904
0.6160000000000004,0.08708974227170788,-0.35652074640229064,0.27985209615582685,0.006588663572649858,2.9485768607589047,2.9551655243315547
0.6180000000000004,0.08637959357917366,-0.3536245988451639,0.27759278144604194,0.006482054136132263,2.948486338029445,2.954968392165577
0.6200000000000004,0.0856752139679619,-0.3507516920690433,0.2753512297944595,0.00637715933087861,2.9483972810275754,2.954774440358454
0.6220000000000004,0.08497655713523147,-0.34790184714138417,0.273127314298277,0.006273951937339337,2.9483096661420785,2.954583618079418
0.6240000000000004,0.08428357713483584,-0.3450748863016328,0.270920908606611,0.0061724051556230255,2.9482234701379793,2.9543958752936024
0.6260000000000004,0.08359622837498083,-0.34227063295945076,0.26873188692908645,0.0060724925994684095,2.9481386701506875,2.954211162750156
0.6280000000000004,0.08291446561588627,-0.3394889116927408,0.26656012404399737,0.005974188290286664,2.9480552436802316,2.9540294319705183
0.6300000000000004,0.08223824396745152,-0.3367295482454816,0.2644054953060503,0.005877466651273889,2.9479731685855723,2.9538506352368463
0.6320000000000005,0.0815675188869258,-0.3339923695253787,0.26226787665370566,0.0057823025015935215,2.947892423079004,2.9536747255805973
0.6340000000000005,0.08090224617658316,-0.33127720360133867,0.26014714461612837,0.00568867105062848,2.9478129857206365,2.953501656771265
0.6360000000000005,0.08024238198140281,-0.3285838797007735,0.25804317631976154,0.0055965478923027156,2.9477348354129664,2.9533313833052692
0.6380000000000005,0.07958788278675492,-0.3259122282067421,0.255955849494533,0.0055059089994719665,2.9476579513955157,2.9531638603949877
0.6400000000000005,0.07893870541609242,-0.3232620806549344,0.25388504247970956,0.0054167307183833205,2.947582313239561,2.9529990439579445
0.6420000000000005,0.0782948070286488,-0.3206332697305058,0.25183063422940666,0.005328989763203306,2.9475079008429397,2.952836890606143
0.6440000000000005,0.07765614511714253,-0.3180256292647669,0.24979250431776767,0.005242663210614087,2.9474346944249294,2.9526773576355434
0.6460000000000005,0.07702267750548818,-0.3154389942317347,0.24777053294382118,0.005157728494477461,2.9473626745212083,2.9525204030156855
0.6480000000000005,0.07639436234651459,-0.3128732007445512,0.24576460093602853,0.005074163400566202,2.9472918219788906,2.9523659853794566
0.6500000000000005,0.07577115811969032,-0.31032808605177475,0.2437745897565295,0.004991946061362314,2.9472221179516356,2.9522140640129977
0.6520000000000005,0.07515302362885662,-0.3078034885335495,0.24180038150509792,0.004911054950921871,2.9471535438948275,2.9520645988457495
0.6540000000000005,0.07453991799996823,-0.30529924769765815,0.2398418589228159,0.004831468879805809,2.9470860815608373,2.951917550440643
0.6560000000000005,0.07393180067884213,-0.30281520417546326,0.23789890539547515,0.004753166990076403,2.9470197129943427,2.951772879984419
0.6580000000000005,0.07332863142891453,-0.30035119971774155,0.23597140495671587,0.004676128750358796,2.9469544205277307,2.9516305492780894
0.6600000000000005,0.07273037032900637,-0.2979070771904165,0.2340592422909104,0.00460033395096715,2.946890186776565,2.9514905207275324
0.6620000000000005,0.07213697777109726,-0.29548268057019306,0.23216230273580113,0.004525762699094969,2.9468269946351198,2.951352757334215
0.6640000000000005,0.07154841445810849,-0.2930778549401001,0.23028047228489978,0.004452395414068936,2.9467648272719846,2.9512172226860534
0.6660000000000005,0.07096464140169484,-0.29069244648494325,0.22841363758965771,0.00438021282266588,2.946703668125737,2.951083880948403
0.6680000000000005,0.07038561992004569,-0.2883263024866741,0.2265616859614123,0.0043091959544922735,2.946643500900677,2.950952696855169
0.6700000000000005,0.06981131163569543,-0.2859792713196783,0.22472450537311983,0.004239326137425711,2.946584309562631,2.950823635700057
0.6720000000000005,0.06924167847334334,-0.28365120244598746,0.2229019844608795,0.004170584993117855,2.9465260783348155,2.9506966633279332
0.6740000000000005,0.06867668265768319,-0.2813419464104179,0.22109401252525823,0.004102954432558245,2.9464687916937686,2.950571746126327
0.6760000000000005,0.06811628671124258,-0.27905135483564075,0.21930047953241982,0.004036416651698451,2.946412434365339,2.9504488510170375
0.6780000000000005,0.0675604534522322,-0.27677928041718625,0.2175212761150686,0.003970954127135975,2.94635699132074,2.9503279454478757
0.6800000000000005,0.0670091459924052,-0.27452557691838575,0.21575629357321147,0.0039065496118573274,2.9463024477726623,2.95020899738452
0.6820000000000005,0.06646232773492666,-0.27229009916525526,0.21400542387474547,0.003843186131039703,2.9462487891714497,2.9500919753024895
0.6840000000000005,0.0659199623722534,-0.2700727030413233,0.2122685596558772,0.0037808469779106813,2.9461960012013257,2.9499768481792366
0.6860000000000005,0.06538201388402415,-0.26787324548240626,0.21054559422137964,0.0037195157096653426,2.9461440697766887,2.949863585486354
0.6880000000000005,0.0648484465349603,-0.26569158447133434,0.20883642154469179,0.0036591761434402394,2.946092981038456,2.949752157181896
0.6900000000000005,0.06431922487277712,-0.2635275790326311,0.20714093626786717,0.003599812352343605,2.9460427213504667,2.9496425337028103
0.6920000000000005,0.06379431372610575,-0.2613810892271493,0.20545903370137653,0.0035414086615412088,2.945993277295944,2.9495346859574854
0.6940000000000005,0.06327367820242596,-0.2592519761466659,0.20379060982376984,0.003483949644397292,2.945944635674005,2.9494285853184024
0.6960000000000005,0.06275728368600972,-0.25714010190843845,0.20213556128120197,0.0034274201186699294,2.9458967834962295,2.9493242036148994
0.6980000000000005,0.06224509583587569,-0.2550453296497264,0.20049378538682827,0.00337180514276029,2.9458497079832817,2.949221513126042
0.7000000000000005,0.06173708058375476,-0.2529675235222787,0.19886518012007443,0.0033170900120151354,2.9458033965615837,2.949120486573599
0.7020000000000005,0.061233204132066586,-0.25090654868679046,0.1972496441257836,0.0032632602550820063,2.9457578368600372,2.949021097115119
0.7040000000000005,0.06073343295190726,-0.24886227130733182,0.195647076713248,0.0032103016303164458,2.945713016706803,2.9489233183371195
0.7060000000000005,0.060237733781048144,-0.24683455854574982,0.19405737785512733,0.003158200122240749,2.9456689241261227,2.9488271242483632
0.7080000000000005,0.05974607362194596,-0.24482327855604663,0.19248044818625892,0.00310694193805353,2.945625547335197,2.9487324892732505
0.7100000000000005,0.05925841973976407,-0.2428283004787357,0.19091618900236346,0.003056513504189619,2.9455828747411066,2.9486393882452964
0.7120000000000005,0.058774739660405154,-0.24084949443517778,0.18936450225865104,0.003006901462929618,2.9455408949377864,2.948547796400716
0.7140000000000005,0.05829500116855516,-0.23888673152189932,0.1878252905683298,0.002958092669058564,2.9454995967030437,2.9484576893721024
0.7160000000000005,0.05781917230573868,-0.23693988380489442,0.18629845720102284,0.002910074186573113,2.9454589689956223,2.9483690431821956
0.7180000000000005,0.0573472213683857,-0.2350088243139128,0.18478390608109546,0.0028628332854366305,2.9454190009523145,2.948281834237751
0.7200000000000005,0.05687911690590983,-0.23309342703673505,0.18328154178589706,0.0028163574383816207,2.9453796818851177,2.9481960393234994
0.7220000000000005,0.05641482771879794,-0.23119356691343737,0.18179126954392094,0.0027706343177589317,2.945341001278434,2.948111635596193
0.7240000000000005,0.05595432285671134,-0.22930911983064686,0.18031299523288508,0.0027256517924331017,2.9453029487863174,2.9480286005787506
0.7260000000000005,0.0554975716165984,-0.22743996261578964,0.17884662537773705,0.002681397924723342,2.94526551422976,2.9479469121544835
0.7280000000000005,0.055044543540818704,-0.22558597303133268,0.1773920671485873,0.002637860967389535,2.945228687594022,2.9478665485614113
0.7300000000000005,0.05459520841527873,-0.22374702976902133,0.17594922835857185,0.0025950293606626924,2.945192459026002,2.947787488386665
0.7320000000000005,0.05414953626757904,-0.22192301244411364,0.17451801746164902,0.00255289172931931,2.9451568188316566,2.947709710560976
0.7340000000000005,0.05370749736517304,-0.2201138015896131,0.1730983435503321,0.0025114368797990424,2.9451217574734496,2.9476331943532488
0.7360000000000005,0.053269062213537215,-0.2183192786505011,0.171690116353361,0.0024706537973651905,2.9450872655678446,2.94755791936521
0.7380000000000005,0.052834201554352964,-0.21653932597797007,0.17029324623331615,0.0024305316433073662,2.9450533338828455,2.947483865526153
0.7400000000000005,0.052402886363699906,-0.2147738268236591,0.1689076441841753,0.0023910597521858597,2.945019953335559,2.947411013087745
0.7420000000000005,0.05197508785026077,-0.21302266533389275,0.16753322182881863,0.0023522276291171166,2.9449871149898152,2.9473393426189323
0.7440000000000005,0.051550777453537734,-0.21128572654392458,0.16616989141648164,0.0023140249470998066,2.9449548100538094,2.947268835000909
0.7460000000000006,0.05112992684208036,-0.2095628963721861,0.1648175658201605,0.0022764415443809424,2.94492302987779,2.947199471422171
0.7480000000000006,0.05071250791172494,-0.2078540616145427,0.1634761585339704,0.0022394674218615108,2.944891765951778,2.9471312333736397
0.7500000000000006,0.050298492783845364,-0.20615910993855707,0.16214558367046067,0.002203092740541084,2.9448610099033297,2.947064102643871
0.7520000000000006,0.04988785380361544,-0.20447792987776164,0.16082575595788734,0.0021673078190009164,2.9448307534953213,2.9469980613143223
0.7540000000000006,0.04948056353828269,-0.20281041082594062,0.1595165907374461,0.002132103130924957,2.9448009886237863,2.9469330917547114
0.7560000000000006,0.049076594775453515,-0.20115644303142255,0.1582180039604678,0.0020974693026583214,2.9447717073157733,2.946869176618432
0.7580000000000006,0.04867592052138983,-0.1995159175913846,0.15692991218557753,0.0020633971108026702,2.9447429017272406,2.9468062988380432
0.7600000000000006,0.048278513999317006,-0.19788872644616903,0.15565223257582003,0.002029877479848005,2.9447145641409915,2.9467444416208397
0.7620000000000006,0.04788434864774322,-0.19627476237361308,0.15438488289575303,0.001996901479840394,2.9446866869646287,2.946683588444469
0.7640000000000006,0.04749339811879012,-0.19467391898339256,0.15312778150851006,0.0019644603240851076,2.9446592627285564,2.9466237230526415
0.7660000000000006,0.04710563627653479,-0.1930860907113804,0.15188084737283453,0.0019325453668847014,2.9446322840840025,2.946564829450887
0.7680000000000006,0.04672103719536293,-0.1915111728140205,0.15064400004008682,0.0019011481013115384,2.944605743801075,2.9465068919023865
0.7700000000000006,0.04633957515833337,-0.18994906136271797,0.14941715965122637,0.001870260157014283,2.9445796347668574,2.9464498949238718
0.7720000000000006,0.045961224655553704,-0.18839965323824592,0.1482002469337691,0.0018398732980578988,2.9445539499835194,2.946393823281577
0.7740000000000006,0.04558596038256714,-0.18686284612516996,0.14699318319872334,0.0018099794207966627,2.944528682566468,2.9463386619872645
0.7760000000000006,0.04521375723875045,-0.1853385385062906,0.14579589033750423,0.0017805705517797384,2.9445038257425296,2.9462843962943093
0.7780000000000006,0.044844590325723035,-0.18382662965710447,0.14460829081882892,0.001751638845688861,2.9444793728481535,2.9462310116938424
0.7800000000000006,0.04447843494576706,-0.18232701964028478,0.14343030768559378,0.0017231765833076599,2.944455317327646,2.9461784939109537
0.7820000000000006,0.044115266600258565,-0.18083960930018145,0.14226186455173426,0.0016951761695221824,2.9444316527314394,2.9461268289009617
0.7840000000000006,0.04375506098810962,-0.17936430025734162,0.14110288559907008,0.001667630131352173,2.944408372714376,2.9460760028457282
0.7860000000000006,0.04339779400422136,-0.17790099490305103,0.13995329557413516,0.001640531116012656,2.944385471034035,2.9460260021500475
0.7880000000000006,0.04304344173794794,-0.17644959639389654,0.13881301978499525,0.001613871889005413,2.944362941549071,2.9459768134380764
0.7900000000000006,0.04269198047157134,-0.1750100086463504,0.13768198409805338,0.001587645332239899,2.9443407782175868,2.9459284235498266
0.7920000000000006,0.042343386678787,-0.17358213633137679,0.1365601149348441,0.001561844442183182,2.9443189750955354,2.9458808195377184
0.7940000000000006,0.041997637023200175,-0.1721658848690607,0.13544733926881855,0.0015364623280385008,2.944297526335138,2.945833988663176
0.7960000000000006,0.041654708356833055,-0.17076116042326006,0.13434358462212054,0.0015114922099520084,2.944276426183334,2.945787918393286
0.7980000000000006,0.04131457771864252,-0.16936786989628091,0.13324877906235486,0.0014869274172472924,2.944255668980255,2.945742596397502
0.8000000000000006,0.040977222333048555,-0.16798592092357648,0.13216285119934923,0.0014627613866872867,2.9442352491577215,2.9456980105444086
0.8020000000000006,0.040642619608473214,-0.16661522186847005,0.13108573018191017,0.001438987660763153,2.9442151612377643,2.9456541488985275
0.8040000000000006,0.04031074713589014,-0.16525568181690245,0.13001734569457404,0.0014155998860097482,2.944195399831169,2.945610999717179
0.8060000000000006,0.03998158268738453,-0.16390721057220387,0.1289576279543542,0.0013925918113472904,2.9441759596360453,2.9455685514473924
0.8080000000000006,0.039655104214723576,-0.1625697186498909,0.12790650770748507,0.0013699572864488347,2.9441568354364174,2.945526792722866
0.8100000000000006,0.03933128984793724,-0.16124311727248852,0.12686391622616391,0.0013476902601331738,2.944138022100838,2.9454857123609712
0.8120000000000006,0.039010117893909416,-0.15992731836437774,0.12582978530529085,0.0013257847787828036,2.9441195145810246,2.9454452993598075
0.8140000000000006,0.038691566834979305,-0.15862223454666877,0.1248040472592084,0.001304234984786564,2.944101307910516,2.9454055428953025
0.8160000000000006,0.03837561532755306,-0.15732777913210022,0.123786634918441,0.0012830351150066078,2.9440833972033533,2.94536643231836
0.8180000000000006,0.03806224220072563,-0.15604386611996443,0.12277748162643512,0.00126217949926932,2.9440657776527783,2.9453279571520476
0.8200000000000006,0.03775142645491264,-0.15477041019105908,0.12177652123630073,0.0012416625588798492,2.9440484445299537,2.9452901070888338
0.8220000000000006,0.037443147260492436,-0.15350732670266537,0.12078368810755497,0.001221478805159882,2.944031393182708,2.945252871987868
0.8240000000000006,0.0371373839564581,-0.15225453168355285,0.11979891710286855,0.0012016228380083167,2.9440146190342973,2.9452162418723056
0.8260000000000006,0.03683411604907943,-0.1510119418290112,0.11882214358481519,0.0011820893444845167,2.9439981175821845,2.9451802069266693
0.8280000000000006,0.03653332321057482,-0.14977947449590895,0.11785330341262526,0.0011628730974137724,2.943981884396837,2.945144757494251
0.8300000000000006,0.03623498527779305,-0.14855704769777933,0.1168923329389438,0.0011439689540146526,2.9439659151205566,2.9451098840745713
0.8320000000000006,0.035939082250904794,-0.14734458009993354,0.1159391690065934,0.001125371854547926,2.943950205466311,2.9450755773208592
0.8340000000000006,0.035645594292103955,-0.14614199101460126,0.11499374894534309,0.001107076820986717,2.943934751216594,2.9450418280375805
0.8360000000000006,0.03535450172431863,-0.14494920039609877,0.11405601056868275,0.0010890789557075717,2.943919548222303,2.9450086271780105
0.8380000000000006,0.03506578502993173,-0.1437661288360246,0.11312589217060437,0.0010713734402021352,2.9439045924016307,2.9449759658418326
0.8400000000000006,0.03477942484951123,-0.14259269755848303,0.11220333252239054,0.0010539555338091068,2.9438898797389794,2.9449438352727886
0.8420000000000006,0.03449540198054984,-0.1414288284153352,0.1112882708694099,0.0010368205724661914,2.9438754062838894,2.9449122268563555
0.8440000000000006,0.03421369737621424,-0.1402744438814781,0.11038064692792118,0.001019963967481715,2.943861168149986,2.9448811321174677
0.8460000000000006,0.03393429214410371,-0.1391294670501517,0.10948040088188501,0.0010033812043256337,2.943847161513942,2.944850542718268
0.8480000000000006,0.033657167545018074,-0.1379938216282736,0.10858747337978483,0.0009870678414396182,2.9438333826144603,2.9448204504558997
0.8500000000000006,0.03338230499173498,-0.13686743193180215,0.1077018055314568,0.0009710195090659401,2.9438198277512697,2.9447908472603355
0.8520000000000006,0.03310968604779645,-0.13575022288112734,0.1068233389049294,0.0009552319080948649,2.943806493284135,2.9447617251922296
0.8540000000000006,0.032839292426304546,-0.1346421199964899,0.10595201552327244,0.0009397008089302681,2.943793375631888,2.9447330764408184
0.8560000000000006,0.03257110598872627,-0.13354304939342843,0.10508777786145707,0.000924422050373203,2.9437804712714746,2.944704893321848
0.8580000000000007,0.03230510874370744,-0.13245293777825473,0.10423056884322551,0.0009093915385231371,2.9437677767370087,2.9446771682755317
0.8600000000000007,0.03204128284589566,-0.13137171244355725,0.10338033183797224,0.0008946052456965956,2.9437552886188496,2.944649893864546
0.8620000000000007,0.03177961059477223,-0.13029930126373251,0.10253701065763618,0.0008800592093629316,2.9437430035626933,2.944623062772056
0.8640000000000007,0.03152007443349295,-0.129235632690545,0.10170054955360386,0.0008657495310969751,2.9437309182686735,2.9445966677997704
0.8660000000000007,0.03126265694773781,-0.12818063574871486,0.10087089321362525,0.000851672375548291,2.9437190294904845,2.944570701866033
0.8680000000000007,0.03100734086456944,-0.12713424003153384,0.10004798675874066,0.0008378239694267949,2.9437073340345106,2.9445451580039372
0.8700000000000007,0.03075410905130033,-0.12609637569650942,0.09923177574022046,0.0008242006005044734,2.9436958287589725,2.944520029359477
0.8720000000000007,0.030502944514368715,-0.1250669734610367,0.09842220613651717,0.0008107986166329562,2.9436845105730924,2.9444953091897252
0.8740000000000007,0.030253830398223096,-0.12404596459809879,0.09761922435022985,0.0007976144247767057,2.9436733764362626,2.9444709908610394
0.8760000000000007,0.030006749984215333,-0.1230332809319947,0.09682277720508209,0.0007846444900615697,2.9436624233572393,2.944447067847301
0.8780000000000007,0.029761686689502253,-0.12202885483409556,0.09603281194291274,0.0007718853348384748,2.943651648393335,2.9444235337281737
0.8800000000000007,0.02951862406595571,-0.12103261921862857,0.09524927622067986,0.0007593335377620075,2.9436410486496407,2.9444003821874025
0.8820000000000007,0.02927754579908106,-0.12004450753848883,0.09447211810747858,0.0007469857328836674,2.943630621278245,2.9443776070111287
0.8840000000000007,0.029038435706943984,-0.11906445378107908,0.09370128608157235,0.0007348386087595574,2.943620363477477,2.9443552020862365
0.8860000000000007,0.028801277739105596,-0.11809239246417699,0.09293672902743824,0.000722888907572292,2.943610272491155,2.944333161398727
0.8880000000000007,0.028566055975565795,-0.1171282586318304,0.092178396232826,0.000711133424266893,2.9436003456078503,2.9443114790321174
0.8900000000000007,0.028332754625714794,-0.11617198785027993,0.09142623738583183,0.0006995690057004664,2.9435905801601625,2.944290149165863
0.8920000000000007,0.028101358027292786,-0.1152235162039093,0.09068020257198589,0.0006881925498054394,2.943580973524005,2.94426916607381
0.8940000000000007,0.02787185064535767,-0.11428278029122305,0.08994024227135466,0.0006770010047661448,2.943571523117903,2.9442485241226692
0.8960000000000007,0.0276442170712608,-0.11334971722085167,0.08920630735565774,0.0006659913682085519,2.9435622264023045,2.944228217770513
0.8980000000000007,0.027418442021630702,-0.11242426460758415,0.08847834908539934,0.0006551606864029275,2.9435530808788988,2.9442082415653017
0.9000000000000007,0.02719451033736468,-0.11150636056842753,0.08775631910701479,0.0006445060534792372,2.9435440840899507,2.94418859014343
0.9020000000000007,0.026972406982628302,-0.11059594371869387,0.08704016945003165,0.0006340246106550809,2.943535233617638,2.944169258228293
0.9040000000000007,0.026752117043862666,-0.10969295316811409,0.08632985252424621,0.0006237135454759622,2.94352652708341,2.944150240628886
0.9060000000000007,0.02653362572879941,-0.10879732851697885,0.08562532111691484,0.0006135700910677105,2.9435179621473484,2.944131532238416
0.9080000000000007,0.026316918365483437,-0.1079090098523063,0.08492652838996065,0.0006035915254008553,2.9435095365075394,2.9441131280329405
0.9100000000000007,0.02610198040130324,-0.10702793774403656,0.0842334278771954,0.0005937751705667692,2.94350124789946,2.9440950230700267
0.9120000000000007,0.025888797402028853,-0.10615405324125296,0.0835459734815569,0.0005841183920653923,2.943493094095371,2.9440772124874366
0.9140000000000007,0.025677355050857296,-0.10528729786842977,0.08286411947236166,0.0005746185981043626,2.943485072903719,2.944059691501823
0.9160000000000007,0.025467639147465526,-0.10442761362170641,0.08218782048257306,0.0005652732389093624,2.9434771821685524,2.9440424554074616
0.9180000000000007,0.025259635607070795,-0.10357494296518806,0.08151703150608519,0.0005560798060455171,2.9434694197689404,2.9440254995749857
0.9200000000000007,0.02505333045949839,-0.10272922882727246,0.08085170789502213,0.0005470358317496604,2.943461783618408,2.9440088194501577
0.9220000000000007,0.024848709848256687,-0.10189041459700297,0.08019180535705298,0.0005381388882733032,2.943454271664378,2.9439924105526516
0.9240000000000007,0.024645760029619487,-0.10105844412044747,0.07953727995272251,0.0005293865872361351,2.9434468818876174,2.9439762684748536
0.9260000000000007,0.024444467371715545,-0.10023326169710335,0.0788880880927975,0.0005207765789898903,2.943439612301698,2.943960388880688
0.9280000000000007,0.024244818353625283,-0.09941481207632821,0.07824418653562898,0.0005123065519924176,2.943432460952465,2.9439447675044574
0.9300000000000007,0.024046799564484606,-0.09860304045379627,0.07760553238453001,0.0005039742321917887,2.9434254259175163,2.9439294001497083
0.9320000000000007,0.023850397702595786,-0.09779789246798028,0.07697208308516951,0.0004957773824202972,2.94341850530568,2.9439142826881
0.9340000000000007,0.023655599574545355,-0.096999314196659,0.07634379642298163,0.00048771380179817465,2.9434116972565123,2.9438994110583105
0.9360000000000007,0.023462392094328946,-0.09620725215344984,0.07572063052059122,0.00047978132514688726,2.943404999939801,2.9438847812649476
0.9380000000000007,0.023270762282483065,-0.09542165328436686,0.07510254383525496,0.00047197782241185004,2.9433984115550706,2.9438703893774827
0.9400000000000007,0.02308069726522371,-0.09464246496440369,0.07448949515631839,0.0004643011980944169,2.9433919303311034,2.943856231529198
0.9420000000000007,0.022892184273591788,-0.0938696349941415,0.07388144360268883,0.0004567493906929928,2.943385554525461,2.9438423039161536
0.9440000000000007,0.02270521064260532,-0.09310311159638172,0.07327834862032406,0.0004493203721531293,2.94337928242402,2.943828602796173
0.9460000000000007,0.022519763810418324,-0.09234284341280358,0.07268016997973685,0.00044201214732646,2.9433731123405114,2.9438151244878377
0.9480000000000007,0.02233583131748639,-0.09158877950064599,0.07208686777351553,0.00043482275343833046,2.943367042616069,2.9438018653695077
0.9500000000000007,0.022153400805738827,-0.0908408693294141,0.07149840241386005,0.0004277502595639933,2.9433610716187864,2.9437888218783503
0.9520000000000007,0.02197246001775742,-0.09009906277761,0.07091473463013406,0.0004207927661132266,2.9433551977432746,2.943775990509388
0.9540000000000007,0.021792996795961667,-0.08936331012948764,0.0703358254664329,0.00041394840432324115,2.9433494194102354,2.9437633678145585
0.9560000000000007,0.02161499908180049,-0.08863356207183185,0.06976163627916696,0.0004072153357597493,2.9433437350660383,2.9437509504017982
0.9580000000000007,0.021438454914950368,-0.08790976969076113,0.06919212873466124,0.00040059175182606446,2.9433381431823,2.943738734934126
0.9600000000000007,0.021263352432519842,-0.08719188446855441,0.06862726480677042,0.000394075873280097,2.943332642255481,2.943726718128761
0.9620000000000007,0.02108967986826034,-0.08647985828050128,0.06806700677450962,0.0003876659497591348,2.9433272308064726,2.943714896756232
0.9640000000000007,0.020917425551783275,-0.0857736433917758,0.06751131721970087,0.0003813602593122668,2.9433219073802115,2.9437032676395236
0.9660000000000007,0.020746577907783382,-0.08507319245433373,0.06696015902463523,0.0003751571079403456,2.943316670545282,2.9436918276532222
0.9680000000000007,0.02057712545526822,-0.0843784585038329,0.06641349536975055,0.00036905482914335506,2.9433115188935317,2.943680573722675
0.9700000000000008,0.020409056806793828,-0.08368939495657676,0.0658712897313247,0.00036305178347507266,2.943306451039699,2.943669502823174
0.9720000000000008,0.020242360667706467,-0.08300595560648093,0.06533350587918438,0.0003571463581049083,2.9433014656210377,2.9436586119791426
0.9740000000000008,0.020077025835390394,-0.08232809462206243,0.06480010787442952,0.0003513369663868042,2.943296561296952,2.943647898263339
0.9760000000000008,0.01991304119852165,-0.08165576654345182,0.0642710600671729,0.0003456220474350852,2.9432917367486366,2.943637358796072
0.9780000000000008,0.01975039573632779,-0.08098892627942769,0.06374632709429538,0.00034000006570714575,2.9432869906787236,2.9436269907444306
0.9800000000000008,0.019589078517853534,-0.08032752910447377,0.06322587387721643,0.000334469510592868,2.943282321810934,2.9436167913215265
0.9820000000000008,0.019429078701232262,-0.07967153065585819,0.06270966561967987,0.0003290288960106597,2.943277728889735,2.9436067577857457
0.9840000000000008,0.01927038553296336,-0.07902088693073493,0.06219766780555508,0.00032367676001001066,2.943273210680004,2.9435968874400142
0.9860000000000008,0.019112988347195294,-0.07837555428326731,0.061689846196653075,0.0003184116643804579,2.943268765966695,2.9435871776310756
0.9880000000000008,0.01895687656501447,-0.07773548942177336,0.06118616683055815,0.00031323219426686235,2.9432643935545166,2.9435776257487833
0.9900000000000008,0.01880203969373974,-0.07710064940589285,0.06068659601847437,0.0003081369577908944,2.943260092267604,2.943568229225395
0.9920000000000008,0.01864846732622256,-0.07647099164377606,0.060191100343087015,0.00030312458567862603,2.943255860949214,2.9435589855348927
0.9940000000000008,0.018496149140152778,-0.07584647388929391,0.059699646656439315,0.00029819373089413757,2.943251698461402,2.9435498921922965
0.9960000000000008,0.018345074897369935,-0.07522705423926945,0.05921220207782393,0.00029334306827903694,2.9432476036847284,2.9435409467530076
0.9980000000000008,0.018195234443180115,-0.07461269113073056,0.058728733991689236,0.0002885712941978017,2.9432435755179482,2.9435321468121463
1.0000000000000007,0.01804661770567826,-0.07400334333818369,0.05824921004556055,0.0002838771261888465,2.943239612877724,2.943523490003913
1.0020000000000007,0.01789921469507591,-0.07339896997090856,0.057773598147976085,0.00027925930262122703,2.943235714698328,2.943514974000949
1.0040000000000007,0.017753015503034344,-0.07279953047027359,0.05730186646643756,0.0002747165823568905,2.94323187993136,2.943506596513717
1.0060000000000007,0.01760801030200306,-0.07220498460707199,0.05683398342537545,0.0002702477444183796,2.943228107545465,2.9434983552898832
1.0080000000000007,0.017464189344563556,-0.07161529247887842,0.05636991770412869,0.0002658515876619076,2.9432243965260545,2.9434902481137164
1.0100000000000007,0.01732154296277841,-0.07103041450742598,0.05590963823493905,0.0002615269304557154,2.9432207458750383,2.943482272805494
1.0120000000000007,0.01718006156754555,-0.07045031143600342,0.0554531142009599,0.0002572726103636275,2.9432171546105526,2.943474427220916
1.0140000000000007,0.017039735647957705,-0.06987494432687251,0.05500031503427909,0.0002530874838337224,2.9432136217666955,2.9434667092505293
1.0160000000000007,0.016900555770667052,-0.0693042745587054,0.0545512104139565,0.00024897042589203317,2.9432101463932754,2.9434591168191675
1.0180000000000007,0.01676251257925491,-0.06873826382404175,0.05410577026407554,0.0002449203298412051,2.943206727555543,2.943451647885384
1.0200000000000007,0.01662559679360654,-0.06817687412676557,0.05366396475180893,0.00024093610696402002,2.9432033643339524,2.9434443004409165
1.0220000000000007,0.01648979920929095,-0.06762006777960174,0.05322576428549844,0.0002370166862317182,2.9432000558239086,2.9434370725101404
1.0240000000000007,0.016355110696945688,-0.06706780740163183,0.05279113951274873,0.00023316101401703684,2.943196801135523,2.94342996214954
1.0260000000000007,0.016221522201666606,-0.06652005591582934,0.052360061318535225,0.0002293680538118878,2.943193599393379,2.943422967447191
1.0280000000000007,0.016089024742402508,-0.065976776546614,0.05193250082332565,0.00022563678594960507,2.943190449736293,2.9434160865222427
1.0300000000000007,0.015957609411354684,-0.06543793281742526,0.05150842938121547,0.00022196620733168284,2.9431873513170848,2.9434093175244165
1.0320000000000007,0.01582726737338128,-0.0649034885483145,0.05108781857807709,0.00021835533115893628,2.94318430330235,2.943402658633509
1.0340000000000007,0.015697989865406447,-0.06437340785355623,0.050670640229722605,0.0002148031866670114,2.943181304872235,2.943396108058902
1.0360000000000007,0.015569768195834279,-0.0638476551392778,0.05025686638008023,0.00021130881886617485,2.943178355220219,2.9433896640390853
1.0380000000000007,0.015442593743967444,-0.06332619510110762,0.0498464692993842,0.00020787128828531564,2.9431754535528962,2.9433833248411814
1.0400000000000007,0.01531645795943052,-0.06280899272184189,0.049439421482378024,0.0002044896707200893,2.943172599089759,2.943377088760479
1.0420000000000007,0.015191352361597967,-0.06229601326912943,0.04903569564653118,0.00020116305698513894,2.9431697910629966,2.9433709541199815
1.0440000000000007,0.015067268539026719,-0.061787222293174814,0.04863526473026902,0.00019789055267032727,2.943167028717282,2.9433649192699525
1.0460000000000007,0.014944198148893348,-0.06128258562445935,0.04823810189121604,0.00019467127790091595,2.94316431130957,2.943358982587471
1.0480000000000007,0.014822132916435768,-0.060782069371480056,0.047844180504451966,0.00019150436710162633,2.9431616381088994,2.943353142476001
1.0500000000000007,0.014701064634399444,-0.06028563991850628,0.04745347416078127,0.0001883889687645217,2.943159008396196,2.94334739736496
1.0520000000000007,0.014580985162488075,-0.059793263923354045,0.04706595666501534,0.00018532424522064753,2.943156421464078,2.9433417457092985
1.0540000000000007,0.014461886426818697,-0.05930490831517782,0.046681602034267716,0.00018230937241537113,2.9431538766166683,2.9433361859890836
1.0560000000000007,0.014343760419381206,-0.058820540292279684,0.046300384496262156,0.00017934353968735835,2.9431513731694072,2.9433307167090947
1.0580000000000007,0.014226599197502226,-0.05834012731993574,0.045922278487653345,0.00017642594955113167,2.9431489104488655,2.9433253363984164
1.0600000000000007,0.014110394883313315,-0.05786363712823966,0.04554725865236035,0.00017355581748315012,2.9431464877925664,2.9433200436100497
1.0620000000000007,0.013995139663223473,-0.05739103770996317,0.04517529983991274,0.00017073237171135412,2.9431441045488067,2.943314836920518
1.0640000000000007,0.013880825787395898,-0.056922297318433526,0.044806377103808984,0.00016795485300812087,2.9431417600764824,2.9433097149294905
1.0660000000000007,0.013767445569228983,-0.056457384465427606,0.04444046569988756,0.00016522251448657373,2.9431394537449145,2.943304676259401
1.0680000000000007,0.013654991384841504,-0.055996267919082736,0.04407754108471029,0.00016253462140019233,2.9431371849336827,2.9432997195550827
1.0700000000000007,0.013543455672561969,-0.05553891670182399,0.04371757891395796,0.0001598904509456699,2.943134953032454,2.9432948434834
1.0720000000000007,0.013432830932422092,-0.05508530008830786,0.043360555040838134,0.00015728929206896568,2.943132757440823,2.943290046732892
1.0740000000000007,0.013323109725654377,-0.05463538760338222,0.04300644551450525,0.00015473044527449995,2.9431305975681497,2.9432853280134244
1.0760000000000007,0.013214284674193744,-0.05418914902006245,0.042655226578492564,0.0001522132224374427,2.9431284728333966,2.943280686055834
1.0780000000000007,0.013106348460183213,-0.053746554357523554,0.04230687466915618,0.0001497369466190437,2.9431263826649814,2.9432761196116006
1.0800000000000007,0.012999293825483567,-0.053307573879108214,0.04196136641413105,0.0001473009518849576,2.9431243265006124,2.9432716274524973
1.0820000000000007,0.01289311357118699,-0.052872178090350636,0.041618678630798586,0.00014490458312651233,2.943122303787146,2.9432672083702722
1.0840000000000007,0.012787800557134642,-0.052440337737016084,0.04127878832476632,0.0001425471958848769,2.943120313980434,2.943262861176319
1.0860000000000007,0.012683347701438148,-0.052012023803155956,0.04094167268835895,0.00014022815617807912,2.9431183565451784,2.9432585847013564
1.0880000000000007,0.01257974798000494,-0.05158720750917833,0.04060730909912118,0.00013794684033082813,2.943116430954787,2.9432543777951174
1.0900000000000007,0.012476994426067464,-0.0511658603099338,0.04027567511833195,0.00013570263480709667,2.943114536691233,2.94325023932604
1.0920000000000007,0.012375080129716191,-0.050747953892816604,0.03994674848953028,0.00013349493604541783,2.9431126732449133,2.9432461681809587
1.0940000000000007,0.012273998237436409,-0.05033346017588076,0.03962050713705225,0.00013132315029685317,2.9431108401145156,2.9432421632648125
1.0960000000000008,0.01217374195164877,-0.04992235130597128,0.03929692916457947,0.00012918669346558863,2.943109036806879,2.9432382235003445
1.0980000000000008,0.012074304530253563,-0.04951459965687021,0.03897599285369871,0.0001270849909521156,2.943107262836865,2.943234347827817
1.1000000000000008,0.011975679286178672,-0.04911017782745745,0.038657676662472606,0.00012501747749895582,2.9431055177272247,2.943230535204724
1.1020000000000008,0.01187785958693121,-0.04870905863988623,0.03834195922402153,0.00012298359703888817,2.9431038010084722,2.9432267846055113
1.1040000000000008,0.011780838854152771,-0.04831121513777314,0.038028819345116406,0.0001209828025456383,2.9431021122187584,2.943223095021304
1.1060000000000008,0.011684610563178304,-0.04791662058440259,0.03771823600478242,0.0001190145558869897,2.943100450903746,2.943219465459633
1.1080000000000008,0.011589168242598554,-0.047525248460945586,0.037410188352913654,0.00011707832768027847,2.943098816616484,2.9432158949441645
1.1100000000000008,0.011494505473826055,-0.047137072464692745,0.0371046557088984,0.00011517359715023131,2.943097208917297,2.943212382514447
1.1120000000000008,0.011400615890664637,-0.04675206650730138,0.03680161756025521,0.00011329985198911188,2.943095627373656,2.9432089272256454
1.1140000000000008,0.011307493178882437,-0.046370204713056674,0.036501053561279584,0.00011145658821913418,2.9430940715600715,2.9432055281482907
1.1160000000000008,0.011215131075788358,-0.04599146141714663,0.036202943531701164,0.0001096433100571111,2.943092541057969,2.943202184368026
1.1180000000000008,0.011123523369811981,-0.04561581116395091,0.035907267455351465,0.00010785952978129633,2.9430910354555895,2.943198894985371
1.1200000000000008,0.01103266390008687,-0.045243228705343336,0.03561400547884191,0.00010610476760038961,2.9430895543478655,2.943195659115466
1.1220000000000008,0.01094254655603727,-0.04487368899900795,0.03532313791025232,0.00010437855152466675,2.943088097336321,2.943192475887846
1.1240000000000008,0.010853165276968153,-0.04450716720676856,0.03503464521782955,0.0001026804172392009,2.9430866640289612,2.9431893444462003
1.1260000000000008,0.010764514051658597,-0.0441436386929317,0.034748508028696355,0.00010100990797914217,2.943085254040167,2.9431862639481463
1.1280000000000008,0.010676586917958456,-0.04378307902264278,0.03446470712757041,9.936657440702094e-05,2.9430838669905914,2.9431832335649983
1.1300000000000008,0.010589377962388317,-0.043425463960255505,0.03418322345549328,9.774997449204293e-05,2.9430825025070586,2.9431802524815507
1.1320000000000008,0.010502881319742696,-0.04307076946771429,0.03390403810856942,9.615967339134369e-05,2.9430811602224622,2.9431773198958537
1.1340000000000008,0.010417091172696461,-0.04271897170294969,0.033627132336715104,9.45952433331702e-05,2.943079839775668,2.9431744350190012
1.1360000000000008,0.010332001751414448,-0.04237004701828666,0.033352487542417084,9.30562635019594e-05,2.9430785408114146,2.9431715970749166
1.1380000000000008,0.010247607333164252,-0.04202397195886561,0.03308008527950107,9.154231992528192e-05,2.9430772629802213,2.9431688053001466
1.1400000000000008,0.010163902241932156,-0.041680723261076164,0.032809907251909964,9.005300536262136e-05,2.9430760059382903,2.943166058943653
1.1420000000000008,0.010080880848042189,-0.0413402778510034,0.03254193531249155,8.858791919595939e-05,2.943074769347417,2.943163357266613
1.1440000000000008,0.009998537567778272,-0.041002612842886685,0.032276151461795854,8.714666732213692e-05,2.9430735528748975,2.9431606995422195
1.1460000000000008,0.009916866863009438,-0.04066770553759078,0.03201253784688201,8.572886204696337e-05,2.9430723561934418,2.943158085055489
1.1480000000000008,0.009835863240818095,-0.04033553342108933,0.031751076760134375,8.433412198104497e-05,2.943071178981081,2.943155513103062
1.1500000000000008,0.009755521253131309,-0.040006074162960446,0.031491750638088185,8.296207193730467e-05,2.943070020921086,2.943152982993023
1.1520000000000008,0.009675835496355091,-0.03967930561489448,0.031234542060264346,8.161234283016626e-05,2.943068881701878,2.943150494044708
1.1540000000000008,0.009596800611011648,-0.039355205809213714,0.030979433748013506,8.028457157637517e-05,2.943067761016946,2.943148045588522
1.1560000000000008,0.009518411281379582,-0.039033752957404015,0.03072640856336919,7.897840099743032e-05,2.9430666585647685,2.943145636965766
1.1580000000000008,0.009440662235137023,-0.03871492544865829,0.03047544950791012,7.769347972360022e-05,2.943065574048724,2.9431432675284475
1.1600000000000008,0.009363548243007658,-0.038398701848431645,0.03022653972163146,7.64294620994979e-05,2.9430645071770205,2.94314093663912
1.1620000000000008,0.009287064118409636,-0.038085060897008215,0.029979662481825,7.518600809118937e-05,2.94306345766261,2.943138643670701
1.1640000000000008,0.009211204717107329,-0.03777398150807948,0.029734801201968253,7.396278319481097e-05,2.943062425223113,2.943136388006308
1.1660000000000008,0.009135964936865927,-0.037465442767334094,0.02949193943062231,7.275945834667024e-05,2.9430614095807464,2.943134169039093
1.1680000000000008,0.009061339717108843,-0.03715942393105904,0.029251060850338552,7.157570983480773e-05,2.943060410462244,2.943131986172079
1.1700000000000008,0.008987324038577901,-0.03685590442475204,0.029012149276573862,7.041121921199521e-05,2.9430594275987856,2.9431298388179976
1.1720000000000008,0.008913912922996287,-0.03655486384174522,0.028775188656614575,6.926567321014629e-05,2.943058460725922,2.943127726399132
1.1740000000000008,0.008841101432734245,-0.03625628194183979,0.02854016306850901,6.813876365611826e-05,2.943057509583509,2.9431256483471655
1.1760000000000008,0.008768884670477496,-0.03596013864995176,0.028307056720008356,6.703018738888108e-05,2.943056573915632,2.943123604103021
1.1780000000000008,0.008697257778898343,-0.03566641405476865,0.028075853947516043,6.593964617803224e-05,2.943055653470539,2.943121593116717
1.1800000000000008,0.008626215940329465,-0.035375088407416905,0.027846539215045582,6.486684664363489e-05,2.9430547480005758,2.943119614847219
1.1820000000000008,0.008555754376440355,-0.0350861421201402,0.027619097113186483,6.381150017735884e-05,2.9430538572621145,2.9431176687622917
1.1840000000000008,0.008485868347916398,-0.03479955576498829,0.027393512358078617,6.277332286490223e-05,2.9430529810154917,2.943115754338357
1.1860000000000008,0.008416553154140555,-0.03451531007251657,0.027169769790394593,6.175203540967366e-05,2.943052119024942,2.9431138710603517
1.1880000000000008,0.008347804132877643,-0.03423338593049601,0.026947854374330366,6.07473630577142e-05,2.943051271058537,2.9431120184215946
1.1900000000000008,0.008279616659961183,-0.03395376438263362,0.02672775119660381,5.975903552383955e-05,2.9430504368881176,2.9431101959236416
1.1920000000000008,0.008211986148982792,-0.033676426627303156,0.026509445465461315,5.8786786918981524e-05,2.9430496162892403,2.943108403076159
1.1940000000000008,0.008144908050984109,-0.03340135401628617,0.026292922509692354,5.7830355678710714e-05,2.9430488090411107,2.9431066393967895
1.1960000000000008,0.008078377854151223,-0.03312852805352315,0.02607816777765179,5.688948449292011e-05,2.9430480149265255,2.9431049044110185
1.1980000000000008,0.008012391083511603,-0.03285793039387482,0.025865166836290185,5.596392023665147e-05,2.9430472337318174,2.943103197652054
1.2000000000000008,0.007946943300633473,-0.03258954284189342,0.025653905370191632,5.505341390204564e-05,2.943046465246792,2.943101518660694
1.2020000000000008,0.007882030103327652,-0.03232334735060394,0.02544436918061948,5.415772053139856e-05,2.9430457092646773,2.9430998669852086
1.2040000000000008,0.007817647125351814,-0.032059326020295154,0.025236544184569616,5.327659915130523e-05,2.9430449655820623,2.9430982421812137
1.2060000000000008,0.007753790036117163,-0.03179746109732055,0.025030416413831233,5.240981270787361e-05,2.943044233998847,2.943096643811555
1.2080000000000009,0.007690454540397484,-0.031537734972908814,0.02482597201405528,5.1557128002991684e-05,2.9430435143181857,2.9430950714461885
1.2100000000000009,0.007627636378040576,-0.03128013018198408,0.024623197243830205,5.071831563162979e-05,2.9430428063464333,2.943093524662065
1.2120000000000009,0.0075653313236820315,-0.03102462940199559,0.02442207847376527,4.989314992016196e-05,2.9430421098931,2.94309200304302
1.2140000000000009,0.00750353518646134,-0.03077121545175696,0.024222602185581026,4.908140886569013e-05,2.9430414247707892,2.943090506179655
1.2160000000000009,0.007442243809740313,-0.030519871290294726,0.02402475497120722,4.828287407635352e-05,2.943040750795156,2.9430890336692324
1.2180000000000009,0.007381453070823802,-0.0302705800157063,0.023828523531887885,4.749733071260889e-05,2.943040087784854,2.9430875851155665
1.2200000000000009,0.007321158880682681,-0.030023324864027114,0.023633894677293585,4.672456742946472e-05,2.9430394355614866,2.943086160128916
1.2220000000000009,0.0072613571836790975,-0.02977808920810698,0.023440855324640825,4.5964376319654416e-05,2.9430387939495595,2.9430847583258792
1.2240000000000009,0.007202043957293958,-0.02953485655649552,0.023249392497818475,4.521655285773289e-05,2.943038162776434,2.943083379329292
1.2260000000000009,0.007143215211856628,-0.029293610552336657,0.023059493326521255,4.448089584508208e-05,2.9430375418722776,2.943082022768123
1.2280000000000009,0.0070848669902768445,-0.02905433497227202,0.022871145045390173,4.375720735580996e-05,2.943036931070024,2.9430806882773797
1.2300000000000009,0.007026995367778801,-0.028817013725353283,0.02268433499315982,4.304529268352912e-05,2.9430363302053233,2.943079375498007
1.2320000000000009,0.0069695964516374095,-0.02858163085196329,0.022499050611812565,4.23449602890004e-05,2.9430357391164974,2.9430780840767863
1.2340000000000009,0.006912666380916706,-0.028348170522745922,0.02231527944573953,4.165602174862743e-05,2.943035157644502,2.9430768136662504
1.2360000000000009,0.006856201326210387,-0.028116617037544665,0.022133009140908315,4.097829170378843e-05,2.9430345856328772,2.943075563924581
1.2380000000000009,0.006800197489384465,-0.027886954824349757,0.021952227444037395,4.0311587810991546e-05,2.9430340229277108,2.9430743345155217
1.2400000000000009,0.006744651103322014,-0.027659168438253882,0.021772922201777185,3.965573069284061e-05,2.9430334693775926,2.9430731251082856
1.2420000000000009,0.0066895584316700035,-0.027433242560416345,0.021595081359897697,3.9010543889797736e-05,2.943032924833576,2.943071935377466
1.2440000000000009,0.006634915768588188,-0.027209161997035623,0.021418692962482673,3.8375853812730076e-05,2.943032389149139,2.9430707650029517
1.2460000000000009,0.0065807194385000475,-0.026986911678330276,0.02124374515113031,3.775148969622817e-05,2.9430318621801406,2.9430696136698367
1.2480000000000009,0.00652696579584576,-0.026766476657528113,0.021070226164160315,3.713728355268282e-05,2.943031343784788,2.943068481068341
1.2500000000000009,0.0064736512248371805,-0.026547842109863558,0.020898124335827425,3.6533070127108924e-05,2.943030833823593,2.9430673668937204
1.252000000000001,0.006420772139214823,-0.026330993331583157,0.020727428095541213,3.5938686852703315e-05,2.943030332159337,2.94306627084619
1.254000000000001,0.0063683249820068195,-0.026115915738959154,0.0205581259670922,3.535397380712529e-05,2.9430298386570337,2.943065192630841
1.256000000000001,0.006316306225289851,-0.025902594867311075,0.020390206567884213,3.477877366948779e-05,2.9430293531838947,2.943064131957564
1.258000000000001,0.006264712369952016,-0.025691016370035253,0.020223658608172893,3.421293167804805e-05,2.943028875609288,2.943063088540966
1.260000000000001,0.006213539945457642,-0.025481166017642227,0.020058470890310424,3.36562955885857e-05,2.9430284058047103,2.943062062100299
1.262000000000001,0.006162785509614012,-0.02527302969680197,0.019894632307996242,3.3108715633457674e-05,2.9430279436437474,2.943061052359381
1.264000000000001,0.006112445648339986,-0.025066593409396848,0.01973213184553388,3.2570044481319054e-05,2.9430274890020423,2.9430600590465237
1.266000000000001,0.006062516975436521,-0.024861843271582296,0.019570958577093765,3.2040137197498396e-05,2.9430270417572606,2.943059081894458
1.268000000000001,0.006012996132359051,-0.0246587655128551,0.01941110166598199,3.151885120501751e-05,2.9430266017890587,2.9430581206402637
1.270000000000001,0.00596387978799173,-0.024457346475129257,0.019252550363914947,3.1006046246245e-05,2.9430261689790504,2.9430571750252965
1.272000000000001,0.005915164638423511,-0.024257572611819343,0.019095294010299864,3.0501584345173054e-05,2.9430257432107756,2.943056244795121
1.274000000000001,0.005866847406726054,-0.024059430486931325,0.018939322031521134,3.0005329770307905e-05,2.9430253243696676,2.9430553296994377
1.276000000000001,0.005818924842733446,-0.02386290677416076,0.01878462394023238,2.95171489981633e-05,2.9430249123430268,2.943054429492025
1.278000000000001,0.005771393722823711,-0.02366798825599832,0.01863118933465429,2.9036910677347854e-05,2.9430245070199845,2.9430535439306618
1.280000000000001,0.005724250849702109,-0.023474661822842597,0.018479007897878087,2.8564485593236113e-05,2.943024108291476,2.9430526727770694
1.282000000000001,0.0056774930521861985,-0.023282914472120095,0.01832806939717465,2.809974663321415e-05,2.9430237160502117,2.943051815796845
1.284000000000001,0.005631117184992653,-0.0230927333074124,0.018178363683309197,2.7642568752490143e-05,2.9430233301906465,2.943050972759399
1.286000000000001,0.005585120128525814,-0.022904105537590418,0.018029880689861534,2.7192828940461103e-05,2.943022950608953,2.9430501434378935
1.288000000000001,0.0055394987886679715,-0.02271701847595569,0.017882610432551765,2.6750406187626143e-05,2.9430225772029948,2.9430493276091823
1.290000000000001,0.005494250096571353,-0.022531459539388638,0.017736543008571522,2.6315181453038092e-05,2.943022209872294,2.943048525053747
1.292000000000001,0.00544937100845181,-0.022347416247503776,0.01759166859592051,2.5887037632284206e-05,2.9430218485180077,2.94304773555564
1.294000000000001,0.005404858505384185,-0.022164876221811774,0.017447977452748502,2.5465859525987396e-05,2.9430214930429037,2.9430469589024297
1.296000000000001,0.005360709593099353,-0.021983827184888328,0.017305459916702622,2.505153380881993e-05,2.9430211433513294,2.943046194885138
1.298000000000001,0.00531692130178291,-0.021804256959549812,0.017164106404279893,2.4643948999020732e-05,2.9430207993491893,2.943045443298188
1.300000000000001,0.005273490685875513,-0.021626153468035612,0.017023907410185075,2.4242995428408595e-05,2.943020460943918,2.9430447039393464
1.302000000000001,0.005230414823874841,-0.021449504731197118,0.016884853506693658,2.384856521288283e-05,2.9430201280444575,2.9430439766096703
1.304000000000001,0.005187690818139175,-0.021274298867693317,0.016746935343020034,2.3460552223403746e-05,2.94301980056123,2.9430432611134534
1.306000000000001,0.005145315794692583,-0.021100524093192928,0.016610143644690756,2.3078852057444947e-05,2.9430194784061143,2.9430425572581718
1.308000000000001,0.005103286903031684,-0.020928168719583022,0.01647446921292294,2.2703362010909896e-05,2.9430191614924253,2.943041864854436
1.310000000000001,0.0050616013159340036,-0.02075722115418408,0.016339902924007624,2.233398105050517e-05,2.943018849734886,2.9430411837159363
1.312000000000001,0.005020256229267877,-0.020587669898971463,0.016206435728698145,2.1970609786562947e-05,2.943018543049608,2.9430405136593945
1.314000000000001,0.004979248861803918,-0.02041950354980316,0.01607405865160354,2.1613150446305544e-05,2.943018241354067,2.943039854504513
1.316000000000001,0.004938576455028012,-0.020252710795653894,0.01594276279058673,2.1261506847544595e-05,2.943017944567082,2.9430392060739297
1.318000000000001,0.0048982362729558466,-0.020087280417855395,0.015812539316167728,2.0915584372808087e-05,2.9430176526087912,2.943038568193164
1.320000000000001,0.004858225601948948,-0.0199232012893429,0.01568337947093156,2.057528994388801e-05,2.9430173654006357,2.9430379406905796
1.322000000000001,0.004818541750532219,-0.01976046237390776,0.015555274568941055,2.0240531996802093e-05,2.94301708286533,2.9430373233973266
1.324000000000001,0.00477918204921297,-0.019599052725456145,0.015428215995154423,1.991122045716258e-05,2.9430168049268484,2.9430367161473057
1.326000000000001,0.0047401438503014235,-0.01943896148727378,0.015302195204847439,1.958726671594565e-05,2.9430165315104033,2.9430361187771195
1.328000000000001,0.004701424527732681,-0.019280177891296657,0.015177203723040447,1.9268583605654928e-05,2.943016262542421,2.943035531126027
1.330000000000001,0.004663021476890148,-0.019122691257387688,0.015053233143929909,1.895508537687254e-05,2.943015997950527,2.943034953035904
1.332000000000001,0.004624932114430392,-0.01896649099261927,0.014930275130324636,1.864668767519168e-05,2.9430157376635235,2.943034384351199
1.334000000000001,0.004587153878109443,-0.018811566590561653,0.014808321413086578,1.8343307518524226e-05,2.94301548161137,2.9430338249188885
1.336000000000001,0.0045496842266104925,-0.018657907630577127,0.014687363790576093,1.8044863274777366e-05,2.9430152297251686,2.9430332745884433
1.338000000000001,0.004512520639373017,-0.01850550377711995,0.01456739412810179,1.775127463989346e-05,2.9430149819371385,2.9430327332117785
1.340000000000001,0.0044756606164232824,-0.01835434477904198,0.014448404357374815,1.7462462616246847e-05,2.9430147381806044,2.943032200643221
1.342000000000001,0.004439101678206239,-0.018204420468903946,0.014330386475967544,1.7178349491392173e-05,2.9430144983899758,2.943031676739467
1.344000000000001,0.004402841365418787,-0.018055720762292362,0.014213332546776695,1.6898858817158234e-05,2.9430142625007254,2.9430311613595426
1.346000000000001,0.004366877238844396,-0.017908235657141964,0.014097234697490791,1.66239153890819e-05,2.943014030449381,2.94303065436477
1.348000000000001,0.004331206879189091,-0.017761955233063693,0.013982085120061945,1.635344522617649e-05,2.9430138021734997,2.9430301556187257
1.350000000000001,0.004295827886918753,-0.017616869650678144,0.013867876070181931,1.6087375551029223e-05,2.9430135776116564,2.943029664987207
1.352000000000001,0.0042607378820977695,-0.017472969150954438,0.013754599866762522,1.582563477022242e-05,2.943013356703424,2.943029182338194
1.354000000000001,0.0042259345042289865,-0.017330244054554488,0.013642248891420027,1.556815245507299e-05,2.9430131393893597,2.943028707541815
1.356000000000001,0.004191415412094977,-0.01718868476118261,0.013530815587964044,1.5314859322685373e-05,2.9430129256109847,2.943028240470307
1.358000000000001,0.004157178283600596,-0.017048281748940415,0.013420292461890335,1.5065687217312476e-05,2.9430127153107772,2.9430277809979946
1.360000000000001,0.004123220815616831,-0.01690902557368698,0.01331067207987785,1.4820569092019877e-05,2.9430125084321466,2.9430273290012385
1.362000000000001,0.004089540723825916,-0.016770906868404215,0.013201947069289805,1.457943899064824e-05,2.9430123049194243,2.943026884358415
1.364000000000001,0.004056135742567714,-0.016633916342567404,0.013094110117678852,1.4342232030069037e-05,2.9430121047178477,2.9430264469498777
1.366000000000001,0.004023003624687358,-0.01649804478152088,0.012987153972296238,1.410888438272902e-05,2.943011907773544,2.9430260166579267
1.368000000000001,0.00399014214138413,-0.016363283045858785,0.012881071439604968,1.3879333259478397e-05,2.9430117140335215,2.943025593366781
1.370000000000001,0.003957549082061571,-0.016229622070810877,0.012775855384796923,1.3653516892678575e-05,2.943011523445643,2.9430251769625357
1.372000000000001,0.003925222254178826,-0.016097052865633336,0.012671498731313898,1.3431374519584417e-05,2.943011335958625,2.943024767333145
1.374000000000001,0.0038931594831031874,-0.015965566513004542,0.012567994460372541,1.321284636599692e-05,2.9430111515220183,2.943024364368384
1.376000000000001,0.0038613586119638516,-0.015835154168425774,0.012465335610493147,1.2997873630181766e-05,2.9430109700861915,2.943023967959822
1.378000000000001,0.0038298175015068683,-0.0157058070596268,0.012363515277032291,1.2786398467049462e-05,2.9430107916023234,2.9430235780007905
1.380000000000001,0.0037985340299512707,-0.015577516485976292,0.012262526611719254,1.2578363972592724e-05,2.943010616022386,2.9430231943863587
1.382000000000001,0.0037675060928463837,-0.015450273817897077,0.01216236282219623,1.2373714168577081e-05,2.943010443299132,2.9430228170133006
1.384000000000001,0.0037367316029302926,-0.015324070496286127,0.012063017171562235,1.2172393987480483e-05,2.9430102733860832,2.9430224457800707
1.386000000000001,0.0037062084899894708,-0.015198898031939289,0.011964482977920791,1.1974349257677774e-05,2.94301010623752,2.9430220805867773
1.388000000000001,0.003675934700719552,-0.015074748004980704,0.011866753613931223,1.1779526688866355e-05,2.9430099418084623,2.943021721335151
1.390000000000001,0.003645908198587238,-0.01495161206429688,0.011769822506363648,1.158787385772869e-05,2.943009780054665,2.9430213679285226
1.392000000000001,0.003616126963693336,-0.014829481926975367,0.01167368313565757,1.1399339193828168e-05,2.9430096209326027,2.9430210202717966
1.394000000000001,0.003586588992636911,-0.01470834937774802,0.011578329035484052,1.1213871965734364e-05,2.943009464399456,2.943020678271422
1.396000000000001,0.0035572922983805504,-0.014588206268438797,0.011483753792311483,1.1031422267373913e-05,2.9430093104131045,2.9430203418353718
1.398000000000001,0.0035282349101167254,-0.014469044517416062,0.011389951044974842,1.0851941004603501e-05,2.9430091589321115,2.943020010873116
1.400000000000001,0.003499414873135246,-0.014350856109049343,0.011296914484248497,1.0675379882001188e-05,2.943009009915716,2.9430196852955977
1.402000000000001,0.003470830248691796,-0.014233633093170533,0.011204637852422455,1.0501691389872654e-05,2.943008863323818,2.943019365015208
1.404000000000001,0.0034424791138775424,-0.014117367584539473,0.011113114942882085,1.0330828791468708e-05,2.943008719116972,2.9430190499457636
1.406000000000001,0.0034143595614898087,-0.014002051762313904,0.011022339599691233,1.0162746110410846e-05,2.9430085772563728,2.943018740002483
1.408000000000001,0.0033864696999038046,-0.013887677869523732,0.010932305717178764,9.997398118321253e-06,2.9430084377038477,2.943018435101966
1.410000000000001,0.0033588076529454027,-0.013774238212549576,0.01084300723952844,9.834740322654056e-06,2.943008300421845,2.9430181351621676
1.412000000000001,0.0033313715597649528,-0.013661725160605587,0.010754438160372137,9.674728954724544e-06,2.9430081653734224,2.943017840102377
1.414000000000001,0.0033041595747121282,-0.013550131145226466,0.010666592522386411,9.517320957933092e-06,2.94300803252224,2.943017549843198
1.416000000000001,0.0032771698672117923,-0.01343944865975867,0.010579464416892292,9.36247397618059e-06,2.9430079018325492,2.9430172643065253
1.418000000000001,0.0032504006216408786,-0.013329670258855774,0.010493047983458376,9.210146342472428e-06,2.943007773269183,2.9430169834155255
1.420000000000001,0.003223850037206278,-0.013220788557977944,0.010407337409507153,9.06029706770779e-06,2.9430076467975455,2.943016707094613
1.422000000000001,0.003197516327823719,-0.01311279623289549,0.010322326929924498,8.91288582965128e-06,2.943007522383605,2.943016435269435
1.424000000000001,0.003171397721997643,-0.013005686019196473,0.010238010826672386,8.767872962084028e-06,2.943007399993882,2.943016167866844
1.426000000000001,0.0031454924627020526,-0.012899450711798323,0.010154383428404731,8.625219444131186e-06,2.943007279595444,2.943015904814888
1.428000000000001,0.0031197988072623386,-0.012794083164463446,0.010071439110086382,8.484886889763138e-06,2.943007161155892,2.943015646042782
1.430000000000001,0.0030943150272380706,-0.012689576289318773,0.009989172292615199,8.34683753746739e-06,2.943007044643355,2.9430153914808925
1.432000000000001,0.0030690394083067426,-0.012585923056379242,0.009907577442447194,8.211034240088532e-06,2.9430069300264807,2.943015141060721
1.434000000000001,0.0030439702501484692,-0.012483116493075154,0.009826649071224772,8.077440454833456e-06,2.9430068172744277,2.9430148947148824
1.436000000000001,0.0030191058663316243,-0.012381149683783392,0.009746381735407962,7.946020233439171e-06,2.9430067063568535,2.943014652377087
1.438000000000001,0.0029944445841994113,-0.012280015769362456,0.009666770035908663,7.816738212500548e-06,2.943006597243912,2.943014413982125
1.440000000000001,0.0029699847447573605,-0.012179707946691303,0.009587808617727855,7.689559603955394e-06,2.943006489906244,2.943014179465848
1.442000000000001,0.002945724702561746,-0.012080219468211941,0.009509492169595804,7.564450185724384e-06,2.943006384314963,2.9430139487651488
1.444000000000001,0.0029216628256089113,-0.011981543641475752,0.009431815423615153,7.441376292503144e-06,2.9430062804416557,2.943013721817948
1.446000000000001,0.0028977974952255014,-0.011883673828693524,0.009354773154906947,7.32030480670419e-06,2.9430061782583725,2.9430134985631793
1.448000000000001,0.0028741271059595885,-0.01178660344628915,0.009278360181259541,7.201203149546254e-06,2.943006077737615,2.9430132789407644
1.450000000000001,0.0028506500654726895,-0.011690325964456965,0.009202571362780356,7.084039272288453e-06,2.943005978852335,2.943013062891607
1.452000000000001,0.002827364794432662,-0.011594834906722704,0.009127401601550483,6.968781647607185e-06,2.9430058815759232,2.943012850357571
1.454000000000001,0.002804269726407478,-0.011500123849508027,0.009052845841282096,6.8553992611132155e-06,2.9430057858822027,2.943012641281464
1.456000000000001,0.0027813633077598617,-0.011406186421698614,0.008978899066978666,6.743861603006777e-06,2.9430056917454244,2.9430124356070273
1.458000000000001,0.002758643997542791,-0.011313016304215771,0.00890555630459792,6.63413865986847e-06,2.943005599140255,2.943012233278915
1.460000000000001,0.0027361102673958498,-0.011220607229591539,0.008832812620717587,6.5262009065836286e-06,2.9430055080417765,2.9430120342426833
1.462000000000001,0.0027137606014424275,-0.011128952981547266,0.008760663122203829,6.420019298398114e-06,2.9430054184254755,2.943011838444774
1.464000000000001,0.002691593496187759,-0.011038047394575617,0.008689102955882395,6.315565263103359e-06,2.943005330267236,2.9430116458324993
1.466000000000001,0.002669607460417794,-0.010947884353525998,0.008618127308212441,6.212810693348467e-06,2.943005243543336,2.9430114563540295
1.468000000000001,0.0026478010150988956,-0.010858457793193362,0.008547731404963028,6.111727939077471e-06,2.9430051582304375,2.943011269958377
1.470000000000001,0.002626172693278358,-0.01076976169791037,0.008477910510892245,6.012289800089534e-06,2.9430050743055856,2.943011086595386
1.472000000000001,0.0026047210399857313,-0.010681790101142874,0.00840865992942895,5.914469518720266e-06,2.9430049917461956,2.943010906215714
1.474000000000001,0.0025834446121349598,-0.010594537085088717,0.008339975002357091,5.818240772642037e-06,2.943004910530051,2.943010728770824
1.476000000000001,0.002562341978427313,-0.010507996780279789,0.008271851109502635,5.72357766778143e-06,2.943004830635299,2.9430105542129668
1.478000000000001,0.0025414117192551124,-0.010422163365187339,0.008204283668423015,5.630454731351952e-06,2.9430047520404385,2.94301038249517
1.480000000000001,0.0025206524266062455,-0.010337031065830506,0.008137268134099115,5.538846905000027e-06,2.9430046747243206,2.9430102135712257
1.482000000000001,0.0025000627039694543,-0.010252594155388053,0.008070799998629785,5.448729538062526e-06,2.9430045986661413,2.9430100473956795
1.484000000000001,0.002479641166240404,-0.010168846953813253,0.008004874790928835,5.360078380934012e-06,2.9430045238454334,2.9430098839238146
1.486000000000001,0.0024593864396285138,-0.010085783827451933,0.007939488076424485,5.272869578541817e-06,2.943004450242063,2.9430097231116417
1.488000000000001,0.0024392971615645504,-0.010003399188663624,0.007874635456761297,5.187079663927346e-06,2.9430043778362234,2.9430095649158874
1.490000000000001,0.002419371980608977,-0.00992168749544582,0.007810312569504497,5.102685551931723e-06,2.943004306608432,2.943009409293984
1.492000000000001,0.0023996095563610475,-0.009840643251061276,0.007746515087846757,5.019664532984249e-06,2.943004236539522,2.943009256204055
1.494000000000001,0.0023800085593686476,-0.009760261003668376,0.007683238720317313,4.937994266991839e-06,2.943004167610636,2.943009105604903
1.496000000000001,0.002360567671038868,-0.0096805353459545,0.007620479210493513,4.85765277732789e-06,2.9430040998032294,2.9430089574560068
1.498000000000001,0.0023412855835493107,-0.009601460914772394,0.007558232336714659,4.77861844491896e-06,2.943004033099053,2.943008811717498
1.500000000000001,0.002322160999760117,-0.009523032390779495,0.007496493911798234,4.700870002427632e-06,2.9430039674801587,2.9430086683501613
1.5020000000000011,0.0023031926331267176,-0.009445244498080214,0.007435259782758405,4.6243865285300025e-06,2.9430039029288877,2.943008527315416
1.5040000000000011,0.0022843792076132916,-0.009368092003871132,0.007374525830526842,4.549147442286283e-06,2.9430038394278712,2.9430083885753135
1.5060000000000011,0.002265719457606934,-0.009291569718089091,0.007314287969675808,4.475132497602989e-06,2.9430037769600195,2.943008252092517
1.5080000000000011,0.0022472121278325234,-0.009215672493062156,0.007254542148143512,4.402321777785194e-06,2.943003715508525,2.9430081178303027
1.5100000000000011,0.0022288559732682863,-0.009140395223163435,0.007195284346961695,4.330695690177442e-06,2.943003655056851,2.943007985752541
1.5120000000000011,0.0022106497590620496,-0.009065732844467713,0.007136510579985437,4.260234960891822e-06,2.943003595588731,2.9430078558236916
1.5140000000000011,0.002192592260448176,-0.008991680334410898,0.007078216893625177,4.190920629621827e-06,2.94300353708816,2.94300772800879
1.5160000000000011,0.002174682262665182,-0.008918232711452244,0.007020399366580915,4.122734044540562e-06,2.9430034795393976,2.943007602273442
1.5180000000000011,0.0021569185608740224,-0.008845385034739323,0.006963054109578579,4.055656857281973e-06,2.9430034229269584,2.943007478583816
1.5200000000000011,0.002139299960077049,-0.008773132403775748,0.006906177265108535,3.989671018003714e-06,2.943003367235608,2.943007356906626
1.5220000000000011,0.0021218252750376254,-0.008701469958091596,0.006849765007166251,3.924758770530343e-06,2.9430033124503603,2.9430072372091307
1.5240000000000011,0.0021044933302004016,-0.008630392876916521,0.006793813540995064,3.860902647575524e-06,2.9430032585564723,2.9430071194591196
1.5260000000000011,0.0020873029596122374,-0.008559896378855548,0.006738319102831035,3.7980854660419435e-06,2.943003205539443,2.943007003624909
1.5280000000000011,0.002070253006843775,-0.008489975721567497,0.0066832779596499095,3.736290322397745e-06,2.9430031533850034,2.943006889675326
1.5300000000000011,0.002053342324911648,-0.008420626201446041,0.00662868640891612,3.6755005881281042e-06,2.943003102079122,2.9430067775797104
1.5320000000000011,0.002036569776201329,-0.008351843153303371,0.006574540778333842,3.615699905260879e-06,2.943003051607991,2.943006667307896
1.5340000000000011,0.002019934232390605,-0.008283621950056438,0.006520837425600097,3.5568721819650005e-06,2.943003001958029,2.943006558830211
1.5360000000000011,0.0020034345743736794,-0.008215958002415752,0.0064675727381598505,3.499001588220487e-06,2.9430029531158755,2.9430064521174635
1.5380000000000011,0.0019870696921858925,-0.008148846758576736,0.006414743132963108,3.4420725515589156e-06,2.9430029050683886,2.94300634714094
1.5400000000000011,0.0019708384849290586,-0.008082283703913581,0.006362345056224008,3.3860697528731796e-06,2.943002857802638,2.943006243872391
1.5420000000000011,0.0019547398606974105,-0.008016264360675618,0.00631037498318187,3.3309781222954154e-06,2.9430028113059046,2.943006142284027
1.5440000000000011,0.0019387727365041507,-0.007950784287686159,0.006258829417864185,3.276782835141982e-06,2.943002765565678,2.943006042348513
1.5460000000000012,0.0019229360382086015,-0.007885839080043793,0.006207704892851563,3.2234693079244563e-06,2.9430027205696487,2.9430059440389567
1.5480000000000012,0.0019072287004439506,-0.007821424368826133,0.006156997969044578,3.171023194425461e-06,2.9430026763057073,2.9430058473289016
1.5500000000000012,0.0018916496665455865,-0.007757535820795973,0.006106705235432514,3.119430381838376e-06,2.9430026327619445,2.9430057521923265
1.5520000000000012,0.0018761978884800194,-0.007694169138109842,0.006056823308864014,3.06867698696985e-06,2.943002589926643,2.94300565860363
1.5540000000000012,0.0018608723267743818,-0.007631320058028947,0.006007348833819587,3.018749352504083e-06,2.943002547788274,2.943005566537627
1.5560000000000012,0.0018456719504465066,-0.007568984352632464,0.005958278482185985,2.969634043327886e-06,2.9430025063355014,2.9430054759695445
1.5580000000000012,0.001830595736935574,-0.007507157828533183,0.0059096089530323945,2.921317842915542e-06,2.943002465557169,2.943005386875012
1.5600000000000012,0.0018156426720333267,-0.00744583632659546,0.005861336972388496,2.8737877497724625e-06,2.9430024254423026,2.9430052992300526
1.5620000000000012,0.0018008117498158464,-0.007385015721655486,0.005813459293024285,2.827030973936717e-06,2.9430023859801095,2.9430052130110833
1.5640000000000012,0.0017861019725758866,-0.00732469192224383,0.005765972694231741,2.781034933537472e-06,2.9430023471599696,2.943005128194903
1.5660000000000012,0.001771512350755759,-0.00726486087031025,0.005718873981608228,2.7357872514094288e-06,2.9430023089714363,2.9430050447586877
1.5680000000000012,0.0017570419028807677,-0.007205518540950752,0.005672159986841705,2.691275751762333e-06,2.9430022714042345,2.943004962679986
1.5700000000000012,0.001742689655493188,-0.00714666094213688,0.005625827567497665,2.6474884569046745e-06,2.9430022344482536,2.9430048819367105
1.5720000000000012,0.0017284546430867812,-0.007088284114447207,0.00557987360680782,2.604413584020687e-06,2.94300219809355,2.943004802507134
1.5740000000000012,0.0017143359080418496,-0.007030384130801032,0.005534295013460509,2.5620395419997805e-06,2.943002162330341,2.943004724369883
1.5760000000000012,0.0017003325005608162,-0.006972957096194238,0.005489088721392817,2.52035492831757e-06,2.943002127149003,2.9430046475039315
1.5780000000000012,0.001686443478604335,-0.006915999147437313,0.005444251689584394,2.4793485259676283e-06,2.9430020925400684,2.9430045718885944
1.5800000000000012,0.0016726679078279201,-0.006859506452895517,0.0053997809018529516,2.439009300443172e-06,2.943002058494223,2.9430044975035234
1.5820000000000012,0.0016590048615190947,-0.006803475212231153,0.005355673366651433,2.3993263967678384e-06,2.943002025002309,2.9430044243287057
1.5840000000000012,0.0016454534205350515,-0.00674790165614796,0.005311926116866832,2.360289136574794e-06,2.94300199205531,2.9430043523444467
1.5860000000000012,0.0016320126732408233,-0.006692782046137584,0.005268536209620664,2.321887015233335e-06,2.943001959644362,2.943004281531377
1.5880000000000012,0.0016186817154479585,-0.0066381126742281185,0.0052255007260710515,2.284109699022254e-06,2.943001927760743,2.9430042118704423
1.5900000000000012,0.0016054596503536972,-0.006583889862734706,0.005182816771216445,2.2469470223491924e-06,2.9430018963958733,2.9430041433428955
1.5920000000000012,0.001592345588480644,-0.006530109964012164,0.0051404814737009245,2.2103889850152248e-06,2.9430018655413135,2.9430040759302987
1.5940000000000012,0.001579338647616934,-0.006476769360209642,0.005098491985621107,2.174425749523954e-06,2.94300183518876,2.94300400961451
1.5960000000000012,0.0015664379527568874,-0.006423864463027278,0.005056845482334614,2.1390476384343797e-06,2.9430018053300455,2.943003944377684
1.5980000000000012,0.001553642636042148,-0.006371391713474837,0.005015539162270119,2.1042451317568447e-06,2.943001775957135,2.943003880202267
1.6000000000000012,0.0015409518367033035,-0.006319347581632331,0.004974570246738934,2.070008864391329e-06,2.9430017470621244,2.9430038170709887
1.6020000000000012,0.0015283647010019817,-0.006267728566412583,0.004933935979748145,2.036329623607439e-06,2.9430017186372397,2.9430037549668633
1.6040000000000012,0.001515880382173421,-0.006216531195325734,0.004893633627815258,2.003198346565395e-06,2.9430016906748295,2.9430036938731763
1.6060000000000012,0.0015034980403695081,-0.006165752024245677,0.0048536604797843625,1.97060611787733e-06,2.94300166316737,2.943003633773488
1.6080000000000012,0.0014912168426022823,-0.00611538763717839,0.004814013846643813,1.9385441672082913e-06,2.94300163610746,2.943003574651627
1.6100000000000012,0.001479035962687901,-0.00606543464603217,0.004774691061345368,1.9070038669162567e-06,2.943001609487817,2.9430035164916837
1.6120000000000012,0.0014669545811910624,-0.006015889690389736,0.0047356894786248355,1.8759767297305506e-06,2.943001583301279,2.9430034592780085
1.6140000000000012,0.0014549718853698824,-0.005966749437282194,0.004697006474824159,1.8454544064680356e-06,2.9430015575407977,2.9430034029952044
1.6160000000000012,0.0014430870691212222,-0.005918010580964854,0.004658639447714976,1.8154286837864472e-06,2.9430015321994425,2.9430033476281263
1.6180000000000012,0.0014312993329264614,-0.005869669842694867,0.004620585816323597,1.7858914819742965e-06,2.9430015072703934,2.9430032931618753
1.6200000000000012,0.001419607883797715,-0.005821723970510689,0.0045828430207574275,1.7568348527767191e-06,2.9430014827469417,2.9430032395817944
1.6220000000000012,0.0014080119352244892,-0.0057741697390133375,0.004545408522032803,1.7282509772567022e-06,2.9430014586224895,2.943003186873467
1.6240000000000012,0.001396510707120773,-0.005727003949149439,0.004508279801904229,1.7001321636911026e-06,2.943001434890545,2.9430031350227086
1.6260000000000012,0.001385103425772562,-0.005680223427996047,0.004471454362695013,1.6724708455009043e-06,2.9430014115447216,2.943003084015567
1.6280000000000012,0.00137378932378581,-0.005633825028547215,0.004434929727129285,1.6452595792151446e-06,2.943001388578737,2.943003033838316
1.6300000000000012,0.0013625676400348078,-0.005587805629502317,0.00439870343816538,1.6184910424679585e-06,2.943001365986411,2.9430029844774537
1.6320000000000012,0.001351437619610981,-0.00554216213505609,0.004362773058830595,1.5921580320282293e-06,2.943001343761664,2.943002935919696
1.6340000000000012,0.001340398513772108,-0.0054968914746904,0.004327136172057275,1.5662534618612737e-06,2.9430013218985165,2.9430028881519785
1.6360000000000012,0.0013294495798919514,-0.0054519906029676995,0.0042917903805202605,1.540770361222086e-06,2.9430013003910847,2.9430028411614457
1.6380000000000012,0.0013185900814103025,-0.005407456499326177,0.004256733306475642,1.5157018727795807e-06,2.94300127923358,2.943002794935453
1.6400000000000012,0.0013078192877834316,-0.005363286167876579,0.004221962591600842,1.49104125077137e-06,2.9430012584203102,2.943002749461561
1.6420000000000012,0.0012971364744349453,-0.005319476637200689,0.004187475896836,1.466781859188554e-06,2.943001237945676,2.943002704727535
1.6440000000000012,0.0012865409227070426,-0.005276024960151453,0.004153270902226652,1.4429171699900518e-06,2.9430012178041647,2.943002660721335
1.6460000000000012,0.0012760319198121723,-0.00523292821365474,0.004119345306767693,1.41944076134597e-06,2.943001197990358,2.9430026174311195
1.6480000000000012,0.0012656087587850822,-0.005190183498512717,0.004085696828248619,1.3963463159095667e-06,2.9430011784989243,2.94300257484524
1.6500000000000012,0.001255270738435262,-0.005147787939208835,0.004052323203100024,1.3736276191173215e-06,2.943001159324618,2.9430025329522373
1.6520000000000012,0.0012450171632997736,-0.0051057386837144,0.00401922218624136,1.351278557516666e-06,2.9430011404622793,2.943002491740837
1.6540000000000012,0.0012348473435964673,-0.005064032903296732,0.003986391550929931,1.3292931171209168e-06,2.9430011219068337,2.9430024511999506
1.6560000000000012,0.0012247605951775798,-0.005022667792328886,0.003953829088611128,1.3076653817909817e-06,2.943001103653286,2.943002411318668
1.6580000000000013,0.0012147562394837109,-0.004981640568100928,0.003921532608769873,1.2863895316433816e-06,2.943001085696727,2.9430023720862586
1.6600000000000013,0.0012048336034981766,-0.0049409484706327495,0.0038894999387833022,1.2654598414841936e-06,2.9430010680323213,2.9430023334921627
1.6620000000000013,0.001194992019701735,-0.004900588762488418,0.003857728923774616,1.2448706792684467e-06,2.9430010506553193,2.9430022955259987
1.6640000000000013,0.001185230826027682,-0.004860558728592036,0.003826217426468161,1.2246165045846137e-06,2.9430010335610413,2.943002258177546
1.6660000000000013,0.0011755493658173134,-0.004820855676045107,0.0037949633270456615,1.2046918671637284e-06,2.9430010167448892,2.9430022214367564
1.6680000000000013,0.0011659469877757511,-0.004781476933945393,0.0037639645230036463,1.1850914054127854e-06,2.9430010002023375,2.943002185293743
1.6700000000000013,0.0011564230459281302,-0.004742419853207253,0.0037332189290120305,1.1658098449719814e-06,2.9430009839289353,2.9430021497387804
1.6720000000000013,0.001146976899576143,-0.004703681806383442,0.003702724476773854,1.1468419972954434e-06,2.943000967920303,2.9430021147623004
1.6740000000000013,0.0011376079132549403,-0.004665260187488378,0.0036724791148861693,1.1281827582550424e-06,2.9430009521721328,2.943002080354891
1.6760000000000013,0.0011283154566903819,-0.004627152411822839,0.003642480808702055,1.109827106766921e-06,2.943000936680187,2.9430020465072935
1.6780000000000013,0.0011190989047566375,-0.004589355915800097,0.003612727540193768,1.0917701034403722e-06,2.9430009214402966,2.9430020132104002
1.6800000000000013,0.0011099576374341347,-0.004551868156773478,0.0035832173078170068,1.074006889248693e-06,2.943000906448361,2.94300198045525
1.6820000000000013,0.0011008910397678497,-0.004514686612865316,0.0035539481263762813,1.0565326842216712e-06,2.9430008917003456,2.9430019482330296
1.6840000000000013,0.001091898501825938,-0.004477808782797323,0.0035249180268913834,1.039342786159341e-06,2.9430008771922824,2.9430019165350685
1.6860000000000013,0.0010829794186587042,-0.004441232185722325,0.003496125056464957,1.022432569366666e-06,2.9430008629202664,2.9430018853528357
1.6880000000000013,0.0010741331902579068,-0.004404954361057386,0.0034675672781511293,1.0057974834088038e-06,2.9430008488804584,2.943001854677942
1.6900000000000013,0.0010653592215163939,-0.004368972868318288,0.003439242770825239,9.894330518866334e-07,2.9430008350690784,2.9430018245021303
1.6920000000000013,0.001056656922188071,-0.0043332852869553675,0.0034111496290546075,9.733348712321944e-07,2.943000821482412,2.9430017948172833
1.6940000000000013,0.0010480257068481936,-0.004297889216190686,0.0033832859629703803,9.574986095237286e-07,2.943000808116801,2.943001765615411
1.6960000000000013,0.0010394649948539862,-0.004262782274856539,0.0033556498981404037,9.419200053199966e-07,2.943000794968651,2.943001736888656
1.6980000000000013,0.0010309742103055805,-0.004227962101235276,0.0033282395754431473,9.265948665135694e-07,2.943000782034422,2.943001708629289
1.7000000000000013,0.0010225527820072746,-0.004193426352900435,0.00330105315094265,9.115190692027627e-07,2.943000769310635,2.943001680829704
1.7020000000000013,0.0010142001434291083,-0.004159172706559168,0.0032740887957644965,8.966885565819372e-07,2.9430007567938654,2.943001653482422
1.7040000000000013,0.0010059157326687512,-0.004125198857895961,0.0032473446959727943,8.820993378498474e-07,2.9430007444807447,2.9430016265800827
1.7060000000000013,0.0009976989924137037,-0.004091502521417624,0.0032208190524481654,8.677474871357513e-07,2.9430007323679592,2.9430016001154464
1.7080000000000013,0.0009895493699038054,-0.00405808143029955,0.0031945100807667295,8.536291424429916e-07,2.943000720452251,2.9430015740813933
1.7100000000000013,0.0009814663168940506,-0.004024933336233231,0.003168416011080073,8.397405046097706e-07,2.943000708730412,2.943001548470917
1.7120000000000013,0.0009734492896177065,-0.003992056009275014,0.0031425350879962094,8.26077836286826e-07,2.9430006971992895,2.943001523277126
1.7140000000000013,0.000965497748749734,-0.003959447237696098,0.0031168655704614957,8.126374609317423e-07,2.9430006858557785,2.9430014984932393
1.7160000000000013,0.0009576111593705065,-0.003927104827833753,0.0030914057316435255,7.994157618196246e-07,2.9430006746968282,2.9430014741125903
1.7180000000000013,0.0009497889909298249,-0.0038950266039437568,0.0030661538588149725,7.864091810698694e-07,2.943000663719435,2.943001450128616
1.7200000000000013,0.0009420307172112268,-0.003863210408054033,0.0030411082532383893,7.736142186887699e-07,2.9430006529206456,2.9430014265348645
1.7220000000000013,0.0009343358162965874,-0.003831654099819488,0.003016267230051932,7.61027431627695e-07,2.9430006422975534,2.943001403324985
1.7240000000000013,0.0009267037705310094,-0.0038003555563780314,0.0029916291181560388,7.486454328565948e-07,2.9430006318473,2.9430013804927326
1.7260000000000013,0.0009191340664879993,-0.003769312672207774,0.002967192260101016,7.364648904525792e-07,2.9430006215670734,2.943001358031964
1.7280000000000013,0.0009116261949349287,-0.003738523358985391,0.002942955011975552,7.244825267033245e-07,2.9430006114541065,2.9430013359366334
1.7300000000000013,0.0009041796507987775,-0.003707985545445642,0.0029189157432961384,7.12695117225067e-07,2.94300060150568,2.943001314200797
1.7320000000000013,0.0008967939331321566,-0.003677697177242039,0.0028950728368973963,7.01099490094949e-07,2.9430005917191155,2.9430012928186056
1.7340000000000013,0.0008894685450796092,-0.003647656216808652,0.0028714246888232944,6.896925249974807e-07,2.9430005820917784,2.9430012717843033
1.7360000000000013,0.0008822029938441856,-0.0036178606432230444,0.002847969708219258,6.784711523848853e-07,2.943000572621079,2.9430012510922317
1.7380000000000013,0.0008749967906542925,-0.0035883084520703244,0.002824706317225161,6.674323526511102e-07,2.9430005633044702,2.9430012307368227
1.7400000000000013,0.0008678494507308129,-0.003558997655308312,0.0028016329508691864,6.565731553192764e-07,2.943000554139442,2.9430012107125973
1.7420000000000013,0.0008607604932544936,-0.003529926281133802,0.00277874805696256,6.458906382423428e-07,2.9430005451235313,2.9430011910141696
1.7440000000000013,0.0008537294413336001,-0.003501092373849925,0.0027560500959951367,6.353819268167841e-07,2.94300053625431,2.9430011716362365
1.7460000000000013,0.0008467558219718355,-0.0034724939937345843,0.002733537541031849,6.250441932090532e-07,2.943000527529392,2.943001152573585
1.7480000000000013,0.0008398391660365208,-0.0034441292169099754,0.0027112088776099913,6.148746555946358e-07,2.9430005189464294,2.943001133821085
1.7500000000000013,0.000832979008227036,-0.0034159961352131655,0.0026890626036373466,6.048705774094819e-07,2.943000510503112,2.9430011153736895
1.7520000000000013,0.0008261748870435185,-0.003388092856067732,0.0026670972292911505,5.95029266613618e-07,2.9430005021971684,2.943001097226435
1.7540000000000013,0.0008194263447558173,-0.00336041750235645,0.0026453112769178715,5.853480749667383e-07,2.9430004940263634,2.9430010793744383
1.7560000000000013,0.0008127329273727002,-0.0033329682122950188,0.0026237032809338133,5.758243973155845e-07,2.9430004859884993,2.943001061812897
1.7580000000000013,0.0008060941846113137,-0.0033057431393068194,0.0026022717877265365,5.664556708929206e-07,2.943000478081411,2.943001044537082
1.7600000000000013,0.0007995096698668916,-0.003278740451898697,0.0025810153555570706,5.572393746279065e-07,2.943000470302972,2.943001027542347
1.7620000000000013,0.0007929789401827108,-0.003251958333537755,0.0025599325544629356,5.481730284677021e-07,2.943000462651089,2.9430010108241174
1.7640000000000013,0.0007865015562202933,-0.003225394982529157,0.002539021966161956,5.392541927100988e-07,2.943000455123704,2.943000994377897
1.7660000000000013,0.0007800770822298506,-0.0031990486118949283,0.0025182821839568473,5.304804673470185e-07,2.9430004477187897,2.943000978199257
1.7680000000000013,0.0007737050860209706,-0.003172917449253744,0.0024977118126406034,5.218494914186849e-07,2.943000440434355,2.9430009622838464
1.7700000000000014,0.0007673851389335428,-0.0031469997367017015,0.002477309468402635,5.133589423783091e-07,2.943000433268437,2.9430009466273797
1.7720000000000014,0.0007611168158089223,-0.0031212937306940667,0.002457073778735689,5.050065354671069e-07,2.9430004262191107,2.943000931225646
1.7740000000000014,0.0007548996949613279,-0.003095797701927984,0.002437003382343522,4.967900230994898e-07,2.943000419284477,2.9430009160745
1.7760000000000014,0.000748733358149475,-0.003070509935226147,0.0024170969290493284,4.887071942582534e-07,2.943000412462671,2.9430009011698655
1.7780000000000014,0.0007426173905484397,-0.0030454287294214167,0.0023973530797049185,4.807558738996092e-07,2.9430004057518566,2.9430008865077304
1.7800000000000014,0.0007365513807217525,-0.003020552397242386,0.002377770506100635,4.729339223678974e-07,2.943000399150228,2.9430008720841503
1.7820000000000014,0.0007305349205937205,-0.0029958792651998732,0.002358347890876009,4.6523923481981823e-07,2.943000392656008,2.943000857895243
1.7840000000000014,0.0007245676054219752,-0.0029714076734743485,0.0023390839274311436,4.5766974065803544e-07,2.94300038626745,2.943000843937191
1.7860000000000014,0.0007186490337702449,-0.0029471359758042755,0.0023199773198388208,4.502234029739926e-07,2.9430003799828346,2.9430008302062376
1.7880000000000014,0.0007127788074813491,-0.002923062539375367,0.0023010267827573267,4.428982179997943e-07,2.943000373800471,2.943000816698689
1.7900000000000014,0.0007069565316504141,-0.0028991857447107448,0.0022822310413439886,4.3569221456900904e-07,2.9430003677186947,2.9430008034109094
1.7920000000000014,0.0007011818145983065,-0.002875503985561997,0.002263588831169419,4.2860345358623817e-07,2.9430003617358698,2.9430007903393234
1.7940000000000014,0.0006954542678452846,-0.002852015668801125,0.0022450988981324617,4.216300275053221e-07,2.943000355850386,2.9430007774804134
1.7960000000000014,0.0006897735060848643,-0.0028287192143133712,0.0022267599983758274,4.1477005981603107e-07,2.9430003500606587,2.9430007648307184
1.7980000000000014,0.0006841391471578992,-0.0028056130548909258,0.002208570898202421,4.080217045391091e-07,2.943000344365132,2.9430007523868364
1.8000000000000014,0.0006785508120268716,-0.0027826956361274987,0.0021905303739923557,4.013831457295346e-07,2.943000338762272,2.943000740145418
1.8020000000000014,0.0006730081247503942,-0.0027599654163137535,0.0021726372121206395,3.9485259698786113e-07,2.943000333250571,2.943000728103168
1.8040000000000014,0.0006675107124579193,-0.0027374208663335955,0.0021548902088755362,3.884283009795095e-07,2.9430003278285466,2.9430007162568477
1.8060000000000014,0.000662058205324656,-0.002715060469561308,0.002137288170377594,3.8210852896188154e-07,2.9430003224947394,2.9430007046032682
1.8080000000000014,0.0006566502365466904,-0.0026928827217595256,0.002119829912499336,3.758915803191664e-07,2.9430003172477126,2.943000693139293
1.8100000000000014,0.0006512864423163103,-0.0026708861309780456,0.0021025142607855995,3.69775782104716e-07,2.943000312086056,2.943000681861838
1.8120000000000014,0.0006459664617975313,-0.0026490692174534615,0.00208534005037454,3.6375948859086776e-07,2.9430003070083797,2.9430006707678684
1.8140000000000014,0.0006406899371018226,-0.0026274305135096186,0.0020683061259192666,3.5784108082608787e-07,2.9430003020133184,2.943000659854399
1.8160000000000014,0.000635456513264031,-0.0026059685634588817,0.002051411341510124,3.520189661993246e-07,2.9430002970995273,2.9430006491184937
1.8180000000000014,0.0006302658382185013,-0.0025846819235042107,0.0020346545605976086,3.462915780114457e-07,2.943000292265684,2.9430006385572622
1.8200000000000014,0.000625117562775393,-0.0025635691616420334,0.002018034655915915,3.406573750536503e-07,2.9430002875104884,2.9430006281678636
1.8220000000000014,0.000620011340597189,-0.002542628857565915,0.002001550509407102,3.3511484119273983e-07,2.9430002828326605,2.9430006179475017
1.8240000000000014,0.0006149468281753966,-0.002521859602571011,0.001985201012145885,3.296624849631368e-07,2.9430002782309397,2.9430006078934245
1.8260000000000014,0.0006099236848074397,-0.0025012599994593035,0.0019689850642650385,3.242988391655399e-07,2.943000273704091,2.9430005980029303
1.8280000000000014,0.0006049415725737381,-0.00248082866244561,0.001952901574881409,3.190224604721116e-07,2.9430002692508936,2.943000588273354
1.8300000000000014,0.0006000001563149757,-0.0024605642170643597,0.00193694946202253,3.1383192903808753e-07,2.9430002648701508,2.9430005787020797
1.8320000000000014,0.0005950991036095532,-0.0024404653000771313,0.0019211276525538412,3.0872584811970477e-07,2.943000260560683,2.943000569286531
1.8340000000000014,0.0005902380847512257,-0.0024205305593809475,0.0019054350821064965,3.037028436983479e-07,2.9430002563213313,2.943000560024175
1.8360000000000014,0.0005854167727269222,-0.0024007586539173172,0.0018898706950057666,2.987615641108089e-07,2.9430002521509535,2.9430005509125174
1.8380000000000014,0.0005806348431947474,-0.002381148253582021,0.0018744334442000231,2.939006796855632e-07,2.943000248048429,2.9430005419491088
1.8400000000000014,0.000575891974462162,-0.002361698039135632,0.0018591222911903045,2.891188823849646e-07,2.943000244012652,2.943000533131534
1.8420000000000014,0.0005711878474643421,-0.0023424067021147713,0.0018439362059604536,2.844148854532582e-07,2.9430002400425384,2.9430005244574238
1.8440000000000014,0.0005665221457427146,-0.0023232729447440845,0.001828874166907832,2.7978742307032503e-07,2.943000236137019,2.943000515924442
1.8460000000000014,0.0005618945554236688,-0.0023042954798489393,0.001813935160774596,2.7523525001105685e-07,2.9430002322950424,2.9430005075302925
1.8480000000000014,0.0005573047651974413,-0.0022854730307688355,0.0017991181825795345,2.707571413102735e-07,2.943000228515575,2.943000499272716
1.8500000000000014,0.0005527524662971734,-0.0022668043312715222,0.0017844222355504645,2.663518919330926e-07,2.943000224797601,2.943000491149493
1.8520000000000014,0.0005482373524781396,-0.0022482881254678173,0.0017698463310571776,2.620183164506634e-07,2.943000221140118,2.943000483158434
1.8540000000000014,0.0005437591199971463,-0.0022299231677271212,0.0017553894885449367,2.577552487211735e-07,2.9430002175421426,2.9430004752973913
1.8560000000000014,0.0005393174675920981,-0.002211708222593622,0.0017410507354685108,2.5356154157604803e-07,2.943000214002707,2.9430004675642487
1.8580000000000014,0.0005349120964617307,-0.002193642064703185,0.001726829107226754,2.494360665112543e-07,2.9430002105208586,2.943000459956925
1.8600000000000014,0.0005305427102455109,-0.0021757234787009205,0.0017127236470977168,2.4537771338362684e-07,2.94300020709566,2.943000452473373
1.8620000000000014,0.000526209015003699,-0.002157951259159425,0.0016987334061742865,2.4138539011213644e-07,2.9430002037261898,2.9430004451115797
1.8640000000000014,0.0005219107191975752,-0.00214032421049769,0.0016848574433003544,2.3745802238401703e-07,2.943000200411541,2.943000437869564
1.8660000000000014,0.0005176475336698268,-0.0021228411469006742,0.0016710948250075039,2.3359455336567417e-07,2.943000197150823,2.9430004307453763
1.8680000000000014,0.0005134191716250965,-0.0021055008922395324,0.0016574446254522144,2.297939434182983e-07,2.943000193943156,2.9430004237370992
1.8700000000000014,0.0005092253486106883,-0.0020883022799924942,0.0016439059263535826,2.2605516981810426e-07,2.9430001907876786,2.9430004168428483
1.8720000000000014,0.0005050657824974324,-0.0020712441531663913,0.0016304778169315471,2.2237722648112195e-07,2.943000187683541,2.9430004100607676
1.8740000000000014,0.0005009401934607053,-0.002054325364218824,0.001617159393845621,2.1875912369246606e-07,2.9430001846299083,2.943000403389032
1.8760000000000014,0.0004968483039616058,-0.0020375447749809653,0.0016039497611341214,2.1519988784000907e-07,2.9430001816259588,2.9430003968258465
1.8780000000000014,0.0004927898387282839,-0.0020209012565809937,0.0015908480301539017,2.1169856115238805e-07,2.943000178670883,2.9430003903694444
1.8800000000000014,0.0004887645247374227,-0.0020043936893681526,0.0015778533195205681,2.0825420144127483e-07,2.943000175763888,2.9430003840180894
1.8820000000000014,0.00048477209119587194,-0.001988020962837429,0.0015649647550491914,2.0486588184783836e-07,2.943000172904189,2.943000377770071
1.8840000000000015,0.0004808122695224305,-0.0019717819755548493,0.0015521814696954988,2.0153269059333236e-07,2.9430001700910178,2.9430003716237083
1.8860000000000015,0.0004768847933297788,-0.001955675635083382,0.001539502603497546,1.9825373073374104e-07,2.9430001673236172,2.943000365577348
1.8880000000000015,0.00047298939840655806,-0.0019397008579094504,0.0015269273035178705,1.9502811991841763e-07,2.943000164601243,2.943000359629363
1.8900000000000015,0.0004691258226995965,-0.00192385656937004,0.0015144547237861106,1.9185499015264818e-07,2.943000161923162,2.943000353778152
1.8920000000000015,0.00046529380629628005,-0.001908141703580406,0.0015020840252420974,1.8873348756407957e-07,2.9430001592886534,2.943000348022141
1.8940000000000015,0.0004614930914070676,-0.001892555203362369,0.001489814375679412,1.8566277217294746e-07,2.9430001566970083,2.9430003423597806
1.8960000000000015,0.0004577234223481491,-0.0018770960201731962,0.0014776449496893998,1.8264201766604322e-07,2.94300015414753,2.9430003367895474
1.8980000000000015,0.00045398454552424475,-0.001861763114035065,0.0014655749286056467,1.7967041117435686e-07,2.943000151639532,2.943000331309943
1.9000000000000015,0.0004502762094115453,-0.0018465554534651013,0.0014536035004489062,1.7674715305433988e-07,2.9430001491723394,2.9430003259194923
1.9020000000000015,0.0004465981645407914,-0.00183147201540599,0.0014417298598724763,1.7387145667272524e-07,2.9430001467452884,2.943000320616745
1.9040000000000015,0.0004429501634804913,-0.0018165117851571524,0.0014299532081080233,1.7104254819484895e-07,2.9430001443577254,2.9430003154002735
1.9060000000000015,0.00043933196082027545,-0.001801673756306485,0.0014182727529118483,1.682596663764159e-07,2.943000142009008,2.9430003102686744
1.9080000000000015,0.0004357433131543872,-0.0017869569306626569,0.001406687708511593,1.655220623586533e-07,2.9430001396985057,2.943000305220568
1.9100000000000015,0.00043218397906530836,-0.0017723603181879588,0.0013951972955533777,1.6282899946679745e-07,2.9430001374255945,2.943000300254594
1.9120000000000015,0.0004286537191075185,-0.0017578829369317025,0.0013838007410493756,1.601797530118581e-07,2.943000135189665,2.943000295369418
1.9140000000000015,0.0004251522957913868,-0.0017435238129641624,0.0013724972783258124,1.5757361009560987e-07,2.943000132990113,2.9430002905637234
1.9160000000000015,0.0004216794735671957,-0.001729281980311058,0.001361286146971391,1.5500986941875452e-07,2.943000130826349,2.9430002858362183
1.9180000000000015,0.00041823501880929476,-0.0017151564808885707,0.0013501665927861378,1.5248784109220596e-07,2.943000128697789,2.94300028118563
1.9200000000000015,0.0004148186998003842,-0.0017011463644388918,0.0013391378677306675,1.5000684645144466e-07,2.9430001266038612,2.9430002766107077
1.9220000000000015,0.00041143028671592683,-0.0016872506884662965,0.0013281992298758627,1.4756621787389348e-07,2.943000124544002,2.9430002721102198
1.9240000000000015,0.00040806955160868706,-0.0016734685181737413,0.001317349943352959,1.4516529859926351e-07,2.9430001225176565,2.943000267682955
1.9260000000000015,0.0004047362683933963,-0.0016597989263999779,0.0013065892783040473,1.428034425528242e-07,2.9430001205242804,2.943000263327723
1.9280000000000015,0.00040143021283154393,-0.0016462409935571812,0.0012959165108329743,1.4048001417154836e-07,2.9430001185633357,2.94300025904335
1.9300000000000015,0.00039815116251629194,-0.0016327938075690867,0.0012853309229566429,1.381943882330854e-07,2.9430001166342965,2.943000254828685
1.9320000000000015,0.0003948988968575134,-0.0016194564638096342,0.0012748318025567135,1.3594594968751763e-07,2.9430001147366434,2.943000250682593
1.9340000000000015,0.00039167319706695253,-0.0016062280650421107,0.0012644184433317014,1.337340934918542e-07,2.943000112869865,2.9430002466039586
1.9360000000000015,0.0003884738461435065,-0.0015931077213587927,0.0012540901447494588,1.3155822444721734e-07,2.9430001110334594,2.9430002425916837
1.9380000000000015,0.0003853006288586272,-0.001580094550121079,0.0012438462120000528,1.294177570386773e-07,2.9430001092269316,2.9430002386446885
1.9400000000000015,0.0003821533317418423,-0.0015671876759001159,0.0012336859559490222,1.2731211527769384e-07,2.9430001074497976,2.9430002347619126
1.9420000000000015,0.0003790317430663946,-0.0015543862304179027,0.00122360869309102,1.2524073254712154e-07,2.9430001057015764,2.943000230942309
1.9440000000000015,0.0003759356528349985,-0.001541689352488883,0.0012136137455038324,1.232030514487352e-07,2.9430001039818,2.9430002271848514
1.9460000000000015,0.0003728648527657133,-0.0015290961879620105,0.0012037004408027737,1.2119852365323828e-07,2.9430001022900036,2.9430002234885273
1.9480000000000015,0.0003698191362779313,-0.001516605889663288,0.0011938681120954547,1.1922660975270945e-07,2.943000100625734,2.943000219852344
1.9500000000000015,0.0003667982984784807,-0.0015042176173387766,0.0011841160979369197,1.1728677911545202e-07,2.943000098988541,2.94300021627532
1.9520000000000015,0.000363802136147842,-0.0014919305375980705,0.0011744437422851499,1.1537850974320313e-07,2.943000097377986,2.943000212756496
1.9540000000000015,0.0003608304477264769,-0.0014797438238582324,0.001164850394456931,1.1350128813066742e-07,2.9430000957936353,2.9430002092949232
1.9560000000000015,0.0003578830333012689,-0.0014676566562881884,0.0011553354090840804,1.1165460912733532e-07,2.943000094235062,2.943000205889671
1.9580000000000015,0.0003549596945920746,-0.0014556682217535756,0.0011458981460700324,1.0983797580155005e-07,2.9430000927018467,2.9430002025398223
1.9600000000000015,0.00035206023493838517,-0.001443777713762041,0.0011365379705467781,1.0805089930678613e-07,2.943000091193577,2.9430001992444765
1.9620000000000015,0.0003491844592860961,-0.0014319843324089873,0.0011272542528321563,1.0629289875010318e-07,2.943000089709847,2.943000196002746
1.9640000000000015,0.0003463321741743857,-0.0014202872843237615,0.0011180463683874943,1.0456350106274079e-07,2.943000088250257,2.943000192813758
1.9660000000000015,0.00034350318772270066,-0.0014086857826162832,0.0011089136977755942,1.0286224087281782e-07,2.943000086814415,2.9430001896766558
1.9680000000000015,0.00034069730961784747,-0.001397179046824109,0.0010998556266190631,1.0118866038010388e-07,2.9430000854019345,2.943000186590595
1.9700000000000015,0.00033791435110118977,-0.0013857663028599286,0.0010908715455589806,9.954230923282756e-08,2.9430000840124353,2.9430001835547444
1.9720000000000015,0.00033515412495595,-0.0013744467829594914,0.0010819608502139085,9.792274440648928e-08,2.9430000826455434,2.943000180568288
1.9740000000000015,0.00033241644549461503,-0.0013632197256299562,0.0010731229411392329,9.632953008464593e-08,2.943000081300891,2.943000177630421
1.9760000000000015,0.00032970112854644433,-0.0013520843755986647,0.0010643572237868373,9.47622375416351e-08,2.9430000799781153,2.943000174740353
1.9780000000000015,0.0003270079914450804,-0.0013410399837623323,0.0010556631084651079,9.322044502720713e-08,2.9430000786768624,2.9430001718973076
1.9800000000000015,0.00032433685301626054,-0.0013300858071366543,0.0010470400102992625,9.170373765303475e-08,2.9430000773967815,2.943000169100519
1.9820000000000015,0.0003216875335656285,-0.0013192211088063242,0.0010384873491920059,9.021170728106874e-08,2.943000076137526,2.9430001663492336
1.9840000000000015,0.00031905985486664623,-0.0013084451578754593,0.0010300045497845058,8.874395241371018e-08,2.94300007489876,2.9430001636427128
1.9860000000000015,0.0003164536401486041,-0.001297757229418432,0.0010215910414176875,8.730007808576988e-08,2.9430000736801483,2.9430001609802265
1.9880000000000015,0.00031386871408472904,-0.0012871566044311026,0.0010132462580938434,8.587969575818522e-08,2.943000072481363,2.943000158361059
1.9900000000000015,0.0003113049027803899,-0.00127664256978245,0.0010049696384385601,8.448242321346617e-08,2.9430000713020843,2.9430001557845076
1.9920000000000015,0.00030876203376139924,-0.001266214418166598,0.0009967606256629504,8.31078844528435e-08,2.943000070141991,2.9430001532498755
1.9940000000000015,0.00030623993596241037,-0.001255871448055233,0.0009886186675261998,8.175570959508854e-08,2.9430000690007727,2.9430001507564825
1.9960000000000016,0.0003037384397154095,-0.0012456129636504115,0.0009805432162984145,8.042553477698086e-08,2.943000067878122,2.9430001483036565
1.9980000000000016,0.0003012573767383018,-0.001235438274837751,0.0009725337287237756,7.911700205539434e-08,2.943000066773737,2.9430001458907387
2.0000000000000013,0.00029879658012359043,-0.0012253466971400054,0.0009645896659839933,7.782975931097678e-08,2.9430000656873205,2.94300014351708
2.002000000000001,0.0002963558843271485,-0.0012153375516710185,0.0009567104936620587,7.656346015339639e-08,2.94300006461858,2.94300014118204
2.004000000000001,0.0002939351251570824,-0.0012054101650900535,0.0009488956817062944,7.531776382813006e-08,2.9430000635672284,2.9430001388849925
2.0060000000000007,0.0002915341397626862,-0.001195563869556496,0.000941144704394695,7.409233512476835e-08,2.9430000625329824,2.9430001366253173
2.0080000000000005,0.00028915276662348636,-0.0011857980026849272,0.000933457040299561,7.288684428681184e-08,2.9430000615155634,2.9430001344024075
2.0100000000000002,0.0002867908455383757,-0.0011761119075005635,0.0009258321722524225,7.170096692293577e-08,2.943000060514698,2.943000132215665
2.012,0.00028444821761483633,-0.00116650493239506,0.0009182695873092485,7.053438391969783e-08,2.943000059530117,2.943000130064501
2.014,0.0002821247252582507,-0.0011569764310826764,0.0009107687767159385,6.938678135566674e-08,2.943000058561555,2.9430001279483364
2.0159999999999996,0.00027982021216129967,-0.0011475257625567982,0.0009033292358740991,6.825785041694751e-08,2.9430000576087516,2.943000125866602
2.0179999999999993,0.0002775345232934473,-0.0011381522910468163,0.0008959504643070982,6.714728731408117e-08,2.9430000566714507,2.943000123818738
2.019999999999999,0.00027526750489051166,-0.0011288553859753563,0.0008886319656263963,6.6054793200297e-08,2.9430000557493994,2.9430001218041926
2.021999999999999,0.0002730190044443207,-0.0011196344219158588,0.0008813732474981543,6.498007409109411e-08,2.943000054842351,2.9430001198224254
2.0239999999999987,0.00027078887069245276,-0.001110488778550505,0.0008741738216101139,6.392284078513225e-08,2.9430000539500587,2.9430001178728995
2.0259999999999985,0.0002685769536080604,-0.001101417840628487,0.0008670332036387464,6.288280878640873e-08,2.9430000530722853,2.943000115955094
2.0279999999999982,0.00026638310438977815,-0.0010924209979246175,0.0008599509132166719,6.185969822770255e-08,2.943000052208793,2.943000114068491
2.029999999999998,0.0002642071754517121,-0.00108349764519828,0.0008529264739003443,6.085323379526333e-08,2.9430000513593497,2.9430001122125837
2.031999999999998,0.00026204902041351136,-0.001074647182152712,0.0008459594131379998,5.986314465472603e-08,2.943000050523727,2.9430001103868717
2.0339999999999976,0.00025990849409052077,-0.0010658690133946212,0.000839049262237867,5.888916437823085e-08,2.9430000497017006,2.943000108590865
2.0359999999999974,0.000257785452484014,-0.001057162548394133,0.0008321955563366386,5.793103087272885e-08,2.943000048893048,2.943000106824079
2.037999999999997,0.0002556797527715062,-0.0010485272014450636,0.0008253978343681961,5.6988486309454186e-08,2.9430000480975527,2.943000105086039
2.039999999999997,0.0002535912532971463,-0.0010399623916255184,0.0008186556390325963,5.606127705454372e-08,2.943000047315,2.943000103376277
2.0419999999999967,0.00025151981356218714,-0.0010314675427588122,0.0008119685167653054,5.5149153600785506e-08,2.9430000465451793,2.943000101694333
2.0439999999999965,0.000249465294215534,-0.0010230420833747076,0.0008053360177066886,5.425187050047786e-08,2.9430000457878833,2.943000100039754
2.0459999999999963,0.00024742755704437,-0.001014685446670972,0.000798757695671745,5.336918629938046e-08,2.94300004504291,2.9430000984120963
2.047999999999996,0.0002454064649648581,-0.0010063970704752472,0.0007922331081200943,5.2500863471740535e-08,2.9430000443100566,2.9430000968109202
2.049999999999996,0.00024340188201291938,-0.0009981763972072297,0.0007857618161262038,5.164666835637582e-08,2.9430000435891266,2.943000095235795
2.0519999999999956,0.00024141367333508612,-0.0009900228738411625,0.0007793433843498625,5.0806371093797544e-08,2.943000042879927,2.943000093686298
2.0539999999999954,0.00023944170517943003,-0.000981935951868631,0.0007729773810068944,4.997974556435666e-08,2.9430000421822653,2.943000092162011
2.055999999999995,0.00023748584488656434,-0.0009739150872616632,0.0007666633778401117,4.9166569327396006e-08,2.943000041495955,2.9430000906625247
2.057999999999995,0.00023554596088071954,-0.0009659597404361324,0.0007604009500905046,4.836662356139291e-08,2.9430000408208112,2.943000089187435
2.0599999999999947,0.00023362192266089188,-0.0009580693762154576,0.000754189676468667,4.7579693005075333e-08,2.9430000401566514,2.9430000877363445
2.0619999999999945,0.0002317136007920643,-0.0009502434637946013,0.0007480291391264559,4.680556589949627e-08,2.9430000395032985,2.9430000863088646
2.0639999999999943,0.000229820866896499,-0.0009424814767043603,0.0007419189236288811,4.604403393105064e-08,2.9430000388605744,2.9430000849046083
2.065999999999994,0.00022794359364510108,-0.0009347828927759498,0.0007358586189262256,4.529489217541895e-08,2.9430000382283086,2.943000083523201
2.067999999999994,0.00022608165474885287,-0.0009271471941058752,0.0007298478173263943,4.455793904242354e-08,2.9430000376063297,2.943000082164269
2.0699999999999936,0.0002242349249503181,-0.0009195738670210915,0.000723886114467486,4.383297622178149e-08,2.9430000369944707,2.943000080827447
2.0719999999999934,0.00022240328001521558,-0.0009120624020444477,0.0007179731092905924,4.3119808629740564e-08,2.9430000363925664,2.943000079512375
2.073999999999993,0.00022058659672406157,-0.0009046122938604128,0.0007121084040128175,4.24182443565831e-08,2.943000035800455,2.9430000782186996
2.075999999999993,0.0002187847528638805,-0.0008972230412810821,0.0007062916041005178,4.172809461498413e-08,2.9430000352179775,2.9430000769460722
2.0779999999999927,0.0002169976272199835,-0.0008898941472124609,0.0007005223182427617,4.1049173689209756e-08,2.9430000346449767,2.9430000756941506
2.0799999999999925,0.0002152250995678138,-0.0008826251186210239,0.0006948001583250043,4.038129888514192e-08,2.9430000340812987,2.9430000744625975
2.0819999999999923,0.00021346705066485914,-0.0008754154665005479,0.0006891247394029787,3.972429048111652e-08,2.9430000335267925,2.943000073251083
2.083999999999992,0.00021172336224262983,-0.0008682647058392148,0.0006834956796768,3.907797167956123e-08,2.943000032981308,2.9430000720592795
2.085999999999992,0.00020999391699870265,-0.0008611723555869839,0.0006779126004652803,3.8442168559420146e-08,2.9430000324446977,2.943000070886866
2.0879999999999916,0.00020827859858882955,-0.0008541379386232305,0.0006723751261804546,3.7816710029352525e-08,2.9430000319168186,2.943000069733529
2.0899999999999914,0.0002065772916191109,-0.0008471609817246489,0.0006668828843023132,3.720142778169312e-08,2.943000031397528,2.943000068598956
2.091999999999991,0.00020488988163823273,-0.000840241015533417,0.0006614355053537432,3.6596156247161424e-08,2.943000030886687,2.9430000674828434
2.093999999999991,0.00020321625512976713,-0.0008333775745256226,0.0006560326228756705,3.60007325503078e-08,2.943000030384157,2.9430000663848896
2.0959999999999908,0.00020155629950453584,-0.000826570196979945,0.0006506738734024095,3.541499646568463e-08,2.943000029889803,2.9430000653047994
2.0979999999999905,0.00019990990309303613,-0.0008198184249465953,0.0006453588964372109,3.483879037473046e-08,2.943000029403493,2.9430000642422836
2.0999999999999903,0.00019827695513792835,-0.000813121804216508,0.0006400873344280099,3.4271959223355634e-08,2.9430000289250944,2.9430000631970534
2.10199999999999,0.00019665734578658514,-0.0008064798842907858,0.0006348588327433743,3.3714350480218135e-08,2.9430000284544797,2.94300006216883
2.10399999999999,0.0001950509660837013,-0.0007998922183503932,0.000629673039648646,3.3165814095678116e-08,2.943000027991523,2.943000061157337
2.1059999999999897,0.00019345770796396408,-0.0007933583632260979,0.0006245296062822799,3.262620246142048e-08,2.9430000275360966,2.943000060162299
2.1079999999999894,0.00019187746424478348,-0.0007868778793686579,0.0006194281866323755,3.209537037073397e-08,2.9430000270880816,2.943000059183452
2.109999999999989,0.0001903101286190816,-0.0007804503308192519,0.0006143684375133985,3.157317497943718e-08,2.9430000266473555,2.9430000582205307
2.111999999999989,0.00018875559564814125,-0.000774075285180151,0.0006093500185430958,3.105947576743961e-08,2.9430000262137996,2.9430000572732755
2.1139999999999888,0.00018721376075451278,-0.0007677523135856308,0.0006043725921195958,3.0554134500928674e-08,2.943000025787298,2.9430000563414325
2.1159999999999886,0.00018568452021497882,-0.0007614809906731199,0.0005994358233986977,3.005701519517155e-08,2.9430000253677355,2.9430000554247506
2.1179999999999883,0.00018416777115357668,-0.0007552608945545852,0.0005945393802713456,2.9567984077922467e-08,2.943000024955,2.943000054522984
2.119999999999988,0.0001826634115346775,-0.0007490916067881504,0.0005896829333412871,2.9086909553425366e-08,2.943000024548979,2.9430000536358887
2.121999999999988,0.00018117134015612215,-0.0007429727123499462,0.0005848661559029135,2.8613662167001987e-08,2.9430000241495646,2.9430000527632267
2.1239999999999877,0.00017969145664241304,-0.0007369037996061907,0.0005800887239192817,2.814811457021653e-08,2.943000023756648,2.9430000519047623
2.1259999999999875,0.00017822366143796162,-0.0007308844602854979,0.0005753503160003163,2.7690141486606608e-08,2.9430000233701246,2.943000051060266
2.1279999999999872,0.00017676785580039107,-0.0007249142894514121,0.0005706506133811877,2.723961967797224e-08,2.94300002298989,2.94300005022951
2.129999999999987,0.00017532394179389357,-0.0007189928854751668,0.0005659892999008688,2.6796427911212893e-08,2.943000022615842,2.94300004941227
2.131999999999987,0.00017389182228264193,-0.0007131198500086667,0.0005613660619808659,2.6360446925704473e-08,2.943000022247879,2.943000048608326
2.1339999999999866,0.00017247140092425508,-0.0007072947879576888,0.0005567805886041237,2.5931559401206733e-08,2.943000021885904,2.9430000478174634
2.1359999999999864,0.0001710625821633168,-0.0007015173074553046,0.0005522325712941022,2.550964992629318e-08,2.943000021529818,2.943000047039468
2.137999999999986,0.0001696652712249475,-0.0006957870198355174,0.0005477217040940252,2.5094604967294338e-08,2.9430000211795253,2.9430000462741304
2.139999999999986,0.00016827937410842845,-0.000690103539607116,0.0005432476835462972,2.4686312837746495e-08,2.9430000208349316,2.9430000455212446
2.1419999999999857,0.00016690479758087813,-0.000684466484427742,0.0005388102086720898,2.4284663668337438e-08,2.9430000204959446,2.943000044780608
2.1439999999999855,0.0001655414491709802,-0.0006788754750781682,0.0005344089809510932,2.388954937734118e-08,2.9430000201624735,2.943000044052023
2.1459999999999853,0.00016418923716276273,-0.0006733301354367884,0.0005300437043014354,2.3500863641533757e-08,2.943000019834428,2.9430000433352914
2.147999999999985,0.00016284807058942823,-0.0006678300924543137,0.0005257140850597631,2.311850186758221e-08,2.9430000195117194,2.943000042630221
2.149999999999985,0.00016151785922723409,-0.0006623749761286775,0.0005214198319614863,2.2742361163899048e-08,2.9430000191942614,2.9430000419366227
2.1519999999999846,0.00016019851358942296,-0.0006569644194801439,0.0005171606561211846,2.2372340312954632e-08,2.9430000188819685,2.943000041254309
2.1539999999999844,0.00015888994492020282,-0.0006515980585266204,0.0005129362710131729,2.2008339744040103e-08,2.943000018574757,2.9430000405830965
2.155999999999984,0.00015759206518877608,-0.0006462755322591717,0.0005087463924522267,2.165026150647344e-08,2.9430000182725435,2.943000039922805
2.157999999999984,0.00015630478708341755,-0.0006409964826177341,0.0005045907385744631,2.1298009243241372e-08,2.943000017975247,2.9430000392732563
2.1599999999999837,0.00015502802400560076,-0.0006357605544670274,0.0005004690298183804,2.0951488165070284e-08,2.943000017682787,2.943000038634275
2.1619999999999835,0.0001537616900641723,-0.0006305673955726644,0.000496380988906051,2.061060502491884e-08,2.9430000173950863,2.9430000380056915
2.1639999999999833,0.00015250570006957356,-0.0006254166565774553,0.0004923263408244674,2.0275268092885783e-08,2.9430000171120665,2.9430000373873346
2.165999999999983,0.00015125996952811,-0.0006203079909779053,0.0004883048128070429,1.9945387131525802e-08,2.943000016833651,2.943000036779038
2.167999999999983,0.0001500244146362669,-0.0006152410551009043,0.00048431613431526056,1.9620873371567162e-08,2.943000016559766,2.9430000361806394
2.1699999999999826,0.00014879895227507177,-0.0006102155080806079,0.00048036003702047413,1.930163948802435e-08,2.9430000162903363,2.9430000355919756
2.1719999999999824,0.00014758350000450263,-0.0006052310118355057,0.0004764362547858569,1.898759957669935e-08,2.9430000160252905,2.94300003501289
2.173999999999982,0.00014637797605794218,-0.000600287231045678,0.00047254452364849824,1.8678669131065287e-08,2.9430000157645577,2.943000034443227
2.175999999999982,0.00014518229933667702,-0.0005953838331302384,0.0004686845818016452,1.8374765019526163e-08,2.9430000155080664,2.9430000338828313
2.1779999999999817,0.00014399638940444206,-0.0005905204882249592,0.00046485616957709177,1.8075805463046585e-08,2.9430000152557487,2.943000033331554
2.1799999999999815,0.0001428201664820093,-0.0005856968691600819,0.0004610590294277082,1.7781710013145396e-08,2.9430000150075357,2.9430000327892456
2.1819999999999813,0.0001416535514418208,-0.0005809126514383068,0.0004572929059101174,1.749239953024748e-08,2.9430000147633613,2.943000032255761
2.183999999999981,0.00014049646580266577,-0.0005761675132129633,0.0004535575456675095,1.7207796162387686e-08,2.943000014523159,2.9430000317309553
2.185999999999981,0.00013934883172440072,-0.0005714611352663589,0.00044985269741259766,1.692782332426123e-08,2.9430000142868655,2.9430000312146887
2.1879999999999806,0.0001382105720027131,-0.0005667932009883043,0.0004461781119107142,1.665240567661504e-08,2.943000014054417,2.9430000307068225
2.1899999999999804,0.0001370816100639275,-0.0005621633963548146,0.0004425335419630432,1.6381469105974327e-08,2.9430000138257504,2.9430000302072195
2.19199999999998,0.00013596186995985435,-0.0005575714099069833,0.00043891874238999177,1.6114940704699053e-08,2.9430000136008037,2.943000029715744
2.19399999999998,0.00013485127636268075,-0.0005530169327300307,0.0004353334700146949,1.585274875136484e-08,2.9430000133795167,2.9430000292322656
2.1959999999999797,0.00013374975455990285,-0.0005484996584325218,0.0004317774836466577,1.5594822691463115e-08,2.94300001316183,2.9430000287566527
2.1979999999999795,0.0001326572304492999,-0.0005440192831257545,0.0004282505440655292,1.5341093118415257e-08,2.9430000129476857,2.943000028288779
2.1999999999999793,0.00013157363053394906,-0.0005395755054033168,0.00042475241400500956,1.5091491754895645e-08,2.9430000127370253,2.943000027828517
2.201999999999979,0.00013049888191728122,-0.0005351680263208099,0.0004212828581368882,1.4845951434458601e-08,2.943000012529793,2.9430000273757444
2.203999999999979,0.0001294329122981769,-0.0005307965493757379,0.00041784164305521375,1.460440608346423e-08,2.9430000123259314,2.9430000269303376
2.2059999999999786,0.0001283756499661025,-0.0005264607804875607,0.00041442853726059116,1.436679070329834e-08,2.943000012125387,2.943000026492178
2.2079999999999784,0.0001273270237962861,-0.0005221604279779112,0.00041104331114460903,1.413304135288165e-08,2.9430000119281057,2.943000026061147
2.209999999999978,0.00012628696324493266,-0.0005178952025509726,0.00040768573697439186,1.390309513146361e-08,2.9430000117340342,2.9430000256371294
2.211999999999978,0.00012525539834447848,-0.0005136648172740176,0.0004043555888772819,1.3676890161696092e-08,2.9430000115431203,2.9430000252200106
2.2139999999999778,0.0001242322596988842,-0.000509468987558105,0.0004010526428256428,1.345436557298255e-08,2.943000011355312,2.9430000248096775
2.2159999999999775,0.00012321747847896636,-0.000505307431138935,0.00039777667662178895,1.3235461485098024e-08,2.94300001117056,2.9430000244060217
2.2179999999999773,0.00012221098641776717,-0.0005011798680578604,0.00039452746988303806,1.3020118992075724e-08,2.9430000109888135,2.9430000240089327
2.219999999999977,0.00012121271580596189,-0.0004970860206430534,0.0003913048040268851,1.2808280146355692e-08,2.9430000108100245,2.9430000236183047
2.221999999999977,0.00012022259948730393,-0.0004930256134908255,0.00038810846225629744,1.2599887943191447e-08,2.9430000106341443,2.943000023234032
2.2239999999999767,0.00011924057085410708,-0.0004889983734471008,0.0003849382295451314,1.2394886305310284e-08,2.943000010461125,2.9430000228560114
2.2259999999999764,0.00011826656384276462,-0.00048500402958903964,0.0003817938926236661,1.2193220067823183e-08,2.943000010290922,2.943000022484142
2.227999999999976,0.00011730051292930502,-0.0004810423132068138,0.00037867523996425623,1.1994834963380214e-08,2.943000010123487,2.943000022118322
2.229999999999976,0.00011634235312498403,-0.00047711295778552886,0.00037558206176710246,1.179967760756748e-08,2.943000009958777,2.9430000217584547
2.231999999999976,0.00011539201997191268,-0.0004732156989872957,0.00037251414994613754,1.1607695484541635e-08,2.9430000097967466,2.9430000214044423
2.2339999999999756,0.00011444944953872108,-0.0004693502746334474,0.000369471298115028,1.1418836932898165e-08,2.9430000096373523,2.9430000210561893
2.2359999999999753,0.00011351457841625752,-0.00046551642468690193,0.0003664533015732893,1.123305113176954e-08,2.9430000094805506,2.9430000207136016
2.237999999999975,0.00011258734371332282,-0.000461713891234669,0.0003634599572925163,1.1050288087149593e-08,2.9430000093263016,2.94300002037659
2.239999999999975,0.00011166768305243948,-0.0004579424184704994,0.00036049106390272393,1.0870498618440418e-08,2.9430000091745616,2.9430000200450603
2.2419999999999747,0.00011075553456565539,-0.00045420175267767615,0.0003575464216788014,1.0693634345218082e-08,2.9430000090252904,2.9430000197189248
2.2439999999999745,0.00010985083689038177,-0.0004504916422119467,0.0003546258325270754,1.0519647674213729e-08,2.943000008878448,2.9430000193980956
2.2459999999999742,0.00010895352916526521,-0.0004468118374845938,0.00035172909997198453,1.0348491786506475e-08,2.9430000087339945,2.9430000190824863
2.247999999999974,0.00010806355102609332,-0.00044316209094564537,0.00034885602914286155,1.0180120624924664e-08,2.943000008591891,2.9430000187720116
2.249999999999974,0.00010718084260173391,-0.00043954215706722084,0.0003460064267608241,1.0014488881652136e-08,2.9430000084521004,2.943000018466589
2.2519999999999736,0.00010630534451010728,-0.0004359517923270141,0.00034318010112577215,9.851551986036131e-09,2.9430000083145837,2.9430000181661358
2.2539999999999734,0.00010543699785419146,-0.0004323907551919112,0.0003403768621034919,9.691266092593528e-09,2.943000008179305,2.943000017870571
2.255999999999973,0.00010457574421806002,-0.0004288588061017414,0.0003375965211128651,9.533588069212287e-09,2.9430000080462255,2.9430000175798137
2.257999999999973,0.0001037215256629523,-0.0004253557074531619,0.00033483889111318276,9.378475485544783e-09,2.9430000079153134,2.9430000172937887
2.2599999999999727,0.00010287428472337575,-0.00042188122358367326,0.0003321037865915623,9.225886601590072e-09,2.9430000077865297,2.9430000170124164
2.2619999999999725,0.00010203396440324004,-0.00041843512075576594,0.00032939102355046773,9.075780356461814e-09,2.9430000076598426,2.943000016735623
2.2639999999999723,0.00010120050817202277,-0.0004150171671411961,0.0003267004194953317,8.928116357339033e-09,2.9430000075352156,2.943000016463332
2.265999999999972,0.00010037385996096657,-0.0004116271328053901,0.0003240317934222784,8.782854868596606e-09,2.943000007412617,2.9430000161954717
2.267999999999972,9.955396415930718e-05,-0.0004082647896919759,0.00032138496580594734,8.639956801112614e-09,2.943000007292013,2.9430000159319696
2.2699999999999716,9.874076561053235e-05,-0.0004049299116074415,0.0003187597585874159,8.499383701749674e-09,2.9430000071733713,2.943000015672755
2.2719999999999714,9.793420960867138e-05,-0.00040162227420591803,0.0003161559951622212,8.361097743007368e-09,2.9430000070566593,2.943000015417757
2.273999999999971,9.713424189461483e-05,-0.0003983416549740876,0.0003135735003684792,8.225061712843086e-09,2.9430000069418467,2.9430000151669082
2.275999999999971,9.634080865246445e-05,-0.0003950878332162141,0.000311012100475101,8.091239004658436e-09,2.9430000068289024,2.943000014920141
2.2779999999999707,9.555385650591278e-05,-0.0003918605900392967,0.00030847162317010595,7.959593607448623e-09,2.943000006717795,2.9430000146773883
2.2799999999999705,9.477333251465243e-05,-0.00038865970833834416,0.0003059518975490295,7.83009009611204e-09,2.9430000066084956,2.9430000144385855
2.2819999999999703,9.399918417081462e-05,-0.00038548497278176954,0.00030345275410342614,7.702693621917571e-09,2.943000006500975,2.9430000142036685
2.28399999999997,9.323135939543686e-05,-0.00038233616979690456,0.000300974024709466,7.577369903127e-09,2.9430000063952035,2.9430000139725734
2.28599999999997,9.246980653495946e-05,-0.0003792130875556318,0.0002985155426166248,7.454085215769928e-09,2.9430000062911525,2.943000013745238
2.2879999999999696,9.171447435775068e-05,-0.00037611551596013453,0.00029607714243646627,7.3328063845688635e-09,2.9430000061887944,2.943000013521601
2.2899999999999694,9.096531205066018e-05,-0.000373043246628763,0.00029365866013151567,7.2135007740118924e-09,2.9430000060881025,2.9430000133016034
2.291999999999969,9.022226921560079e-05,-0.00036999607288201605,0.00029125993300422513,7.096136279570666e-09,2.9430000059890484,2.9430000130851846
2.293999999999969,8.948529586615799e-05,-0.000366973789728637,0.00028888079968602816,6.980681319061215e-09,2.9430000058916055,2.943000012872287
2.2959999999999687,8.875434242422729e-05,-0.00036397619385182377,0.00028652110012648407,6.867104824145344e-09,2.943000005795749,2.9430000126628535
2.2979999999999685,8.802935971667894e-05,-0.0003610030835955509,0.0002841806755825111,6.755376231970326e-09,2.9430000057014505,2.9430000124568267
2.2999999999999683,8.73102989720499e-05,-0.00035805425895100377,0.00028185936860770705,6.6454654769445536e-09,2.9430000056086874,2.943000012254153
2.301999999999968,8.659711181726294e-05,-0.00035512952154312356,0.000279557023041758,6.537342982647091e-09,2.9430000055174337,2.943000012054777
2.303999999999968,8.588975027437235e-05,-0.00035222867461726196,0.00027727348399993244,6.43097965386877e-09,2.9430000054276646,2.9430000118586443
2.3059999999999676,8.518816675733644e-05,-0.00034935152302594495,0.00027500859786266213,6.32634686878286e-09,2.9430000053393557,2.9430000116657027
2.3079999999999674,8.449231406881623e-05,-0.0003464978732157449,0.0002727622122652077,6.223416471243038e-09,2.943000005252484,2.9430000114759003
2.309999999999967,8.380214539700042e-05,-0.0003436675332142595,0.00027053417608740866,6.1221607632067434e-09,2.943000005167025,2.9430000112891856
2.311999999999967,8.311761431245621e-05,-0.00034086031261719744,0.0002683243394435169,6.022552497281774e-09,2.9430000050829577,2.9430000111055103
2.3139999999999668,8.243867476500585e-05,-0.00033807602257556943,0.00026613255367211383,5.9245648693941415e-09,2.9430000050002567,2.9430000109248216
2.3159999999999665,8.176528108062877e-05,-0.0003353144757829838,0.0002639586713261096,5.828171511575239e-09,2.9430000049189022,2.943000010747074
2.3179999999999663,8.109738795838895e-05,-0.0003325754864630458,0.00026180254616282373,5.7333464848663605e-09,2.943000004838871,2.943000010572218
2.319999999999966,8.043495046738741e-05,-0.0003298588703568602,0.0002596640331341468,5.640064272338661e-09,2.943000004760142,2.9430000104002065
2.321999999999966,7.977792404373959e-05,-0.0003271644447106356,0.00025754298837678334,5.5482997722266705e-09,2.9430000046826943,2.943000010230994
2.3239999999999656,7.912626448757743e-05,-0.0003244920282633901,0.0002554392692025733,5.458028291173551e-09,2.9430000046065055,2.9430000100645337
2.3259999999999654,7.847992796007592e-05,-0.0003218414412347573,0.00025335273408889306,5.3692255375862275e-09,2.9430000045315574,2.943000009900783
2.327999999999965,7.783887098050396e-05,-0.00031921250531289226,0.000251283242669135,5.281867615098662e-09,2.943000004457829,2.9430000097396967
2.329999999999965,7.72030504232993e-05,-0.0003166050436424758,0.0002492306557232647,5.195931016141455e-09,2.9430000043852993,2.94300000958123
2.3319999999999648,7.657242351516735e-05,-0.00031401888081281705,0.00024719483516845507,5.1113926156160744e-09,2.9430000043139497,2.9430000094253423
2.3339999999999645,7.594694783220375e-05,-0.0003114538428460532,0.00024517564404979736,5.02822966467202e-09,2.943000004243761,2.943000009271991
2.3359999999999643,7.532658129704036e-05,-0.00030890975718544553,0.00024317294653108766,4.946419784585216e-09,2.943000004174715,2.9430000091211346
2.337999999999964,7.471128217601465e-05,-0.0003063864526837709,0.00024118660788568927,4.865940960736027e-09,2.943000004106792,2.943000008972733
2.339999999999964,7.410100907636211e-05,-0.0003038837595918085,0.0002392164944874686,4.786771536685212e-09,2.9430000040399737,2.943000008826745
2.3419999999999637,7.349572094343174e-05,-0.00030140150954692025,0.0002372624738018065,4.7088902083463085e-09,2.9430000039742428,2.943000008683133
2.3439999999999634,7.289537705792411e-05,-0.00029893953556172454,0.0002353244143766818,4.632276018252809e-09,2.9430000039095816,2.9430000085418575
2.3459999999999632,7.22999370331521e-05,-0.0002964976720128628,0.00023340218583382854,4.5569083499185984e-09,2.9430000038459725,2.9430000084028807
2.347999999999963,7.1709360812324e-05,-0.0002940757546298573,0.00023149565885996509,4.482766922290196e-09,2.9430000037833977,2.9430000082661647
2.349999999999963,7.112360866584879e-05,-0.0002916736204840604,0.00022960470519809453,4.4098317842891895e-09,2.9430000037218416,2.943000008131673
2.3519999999999626,7.054264118866338e-05,-0.00028929110797769407,0.0002277291976388768,4.338083309443526e-09,2.943000003661287,2.94300000799937
2.3539999999999623,6.996641929758178e-05,-0.00028692805683297847,0.0002258690100120712,4.267502190606135e-09,2.943000003601717,2.9430000078692196
2.355999999999962,6.939490422866585e-05,-0.00028458430808134987,0.00022402401717804807,4.198069434759448e-09,2.943000003543117,2.9430000077411864
2.357999999999962,6.882805753461756e-05,-0.00028225970405276643,0.00022219409501937046,4.129766357904498e-09,2.94300000348547,2.9430000076152365
2.3599999999999617,6.826584108219251e-05,-0.00027995408836510116,0.0002203791204324451,4.062574580033147e-09,2.943000003428761,2.9430000074913356
2.3619999999999615,6.770821704963466e-05,-0.0002776673059136219,0.00021857897131923975,3.996476020182105e-09,2.9430000033729744,2.9430000073694504
2.3639999999999612,6.715514792413193e-05,-0.000275399202860557,0.0002167935265790705,3.931452891567465e-09,2.9430000033180956,2.9430000072495486
2.365999999999961,6.66065964992926e-05,-0.00027314962662474594,0.0002150226661004543,3.867487696798338e-09,2.94300000326411,2.9430000071315976
2.367999999999961,6.606252587264241e-05,-0.0002709184258713753,0.00021326627075302887,3.804563223168416e-09,2.943000003211002,2.9430000070155655
2.3699999999999606,6.552289944314193e-05,-0.0002687054505017978,0.0002115242223795386,3.7426625380241155e-09,2.9430000031587595,2.943000006901422
2.3719999999999604,6.49876809087244e-05,-0.00026651055164343473,0.000209796403787886,3.6817689842080897e-09,2.943000003107366,2.943000006789135
2.37399999999996,6.445683426385358e-05,-0.000264333581639761,0.00020808269874324746,3.621866175576867e-09,2.9430000030568086,2.943000006678675
2.37599999999996,6.393032379710151e-05,-0.0002621743940403719,0.00020638299196025408,3.562937992591427e-09,2.9430000030070738,2.9430000065700117
2.3779999999999597,6.34081140887462e-05,-0.000260032843591131,0.00020469716909523624,3.5049685779795146e-09,2.9430000029581485,2.943000006463117
2.3799999999999595,6.289017000838877e-05,-0.0002579087862243986,0.00020302511673853108,3.4479423324685334e-09,2.9430000029100194,2.9430000063579618
2.3819999999999593,6.237645671259019e-05,-0.00025580207904933984,0.00020136672240685338,3.391843910587859e-09,2.943000002862673,2.9430000062545165
2.383999999999959,6.186693964252725e-05,-0.000253712580342312,0.0001997218745357287,3.3366582165394525e-09,2.9430000028160967,2.943000006152755
2.385999999999959,6.136158452166768e-05,-0.00025164014953733046,0.00019809046247198773,3.2823704001356504e-09,2.9430000027702783,2.9430000060526487
2.3879999999999586,6.0860357353464335e-05,-0.0002495846472166126,0.00019647237646632252,3.2289658528030655e-09,2.9430000027252063,2.9430000059541723
2.3899999999999584,6.036322441906812e-05,-0.0002475459351011987,0.00019486750766590355,3.1764302036514983e-09,2.9430000026808663,2.9430000058572965
2.391999999999958,5.987015227505963e-05,-0.0002455238760416493,0.0001932757481070568,3.1247493156067857e-09,2.9430000026372483,2.9430000057619976
2.393999999999958,5.938110775119935e-05,-0.00024351833400881932,0.0001916969907080005,3.073909281606606e-09,2.9430000025943404,2.9430000056682495
2.3959999999999577,5.8896057948196175e-05,-0.00024152917408470662,0.00019013112926164193,3.0238964208581524e-09,2.94300000255213,2.9430000055760264
2.3979999999999575,5.841497023549423e-05,-0.00023955626245337585,0.00018857805842843235,2.974697275156701e-09,2.943000002510606,2.9430000054853034
2.3999999999999573,5.7937812249077694e-05,-0.00023759946639195637,0.00018703767372928057,2.9262986052640725e-09,2.9430000024697587,2.9430000053960574
2.401999999999957,5.7464551889293614e-05,-0.00023565865426171352,0.00018550987153852428,2.878687387346034e-09,2.9430000024295757,2.9430000053082632
2.403999999999957,5.6995157318692455e-05,-0.00023373369549919303,0.00018399454907695896,2.8318508094676414e-09,2.943000002390046,2.9430000052218968
2.4059999999999566,5.652959695988632e-05,-0.00023182446060743768,0.0001824916044049238,2.785776268145617e-09,2.9430000023511598,2.943000005136936
2.4079999999999564,5.606783949342468e-05,-0.00022993082114727565,0.00018100093641544378,2.740451364956813e-09,2.9430000023129055,2.943000005053357
2.409999999999956,5.5609853855687404e-05,-0.0002280526497286801,0.00017952244482742787,2.6958639032018667e-09,2.9430000022752743,2.9430000049711382
2.411999999999956,5.5155609236795035e-05,-0.0002261898200021994,0.00017805603017892322,2.6520018846231237e-09,2.943000002238256,2.9430000048902576
2.4139999999999557,5.470507507853614e-05,-0.00022434220665045712,0.00017660159382042363,2.6088535061759766e-09,2.9430000022018388,2.9430000048106923
2.4159999999999555,5.4258221072311575e-05,-0.00022250968537972175,0.00017515903790823355,2.5664071568527165e-09,2.9430000021660145,2.9430000047324216
2.4179999999999553,5.381501715709555e-05,-0.00022069213291154506,0.00017372826539788564,2.524651414558076e-09,2.943000002130774,2.9430000046554254
2.419999999999955,5.3375433517413336e-05,-0.00021888942697446888,0.00017230918003761236,2.483575043035606e-09,2.9430000020961056,2.9430000045796807
2.421999999999955,5.2939440581335516e-05,-0.00021710144629579959,0.0001709016863618711,2.4431669888440444e-09,2.9430000020620017,2.9430000045051687
2.4239999999999546,5.2507009018488597e-05,-0.00021532807059344974,0.0001695056896849216,2.4034163783829057e-09,2.943000002028453,2.9430000044318696
2.4259999999999544,5.207810973808187e-05,-0.00021356918056784642,0.00016812109609445653,2.364312514966441e-09,2.9430000019954496,2.943000004359762
2.427999999999954,5.1652713886950415e-05,-0.0002118246578939056,0.0001667478124452835,2.3258448759452207e-09,2.9430000019629827,2.9430000042888276
2.429999999999954,5.123079284761407e-05,-0.00021009438521307224,0.00016538574635305915,2.2880031098745365e-09,2.9430000019310456,2.9430000042190487
2.4319999999999538,5.0812318236352235e-05,-0.00020837824612542508,0.00016403480618807417,2.25077703372889e-09,2.943000001899627,2.943000004150404
2.4339999999999535,5.0397261901294474e-05,-0.0002066761251818463,0.00016269490106908898,2.214156630161786e-09,2.9430000018687195,2.943000004082876
2.4359999999999533,4.998559592052662e-05,-0.0002049879078762548,0.00016136594085722021,2.1781320448101163e-09,2.9430000018383153,2.9430000040164472
2.437999999999953,4.957729260021242e-05,-0.00020331348063790325,0.00016004783614987652,2.142693583642403e-09,2.9430000018084064,2.9430000039511
2.439999999999953,4.917232447273049e-05,-0.0002016527308237377,0.00015874049827474442,2.10783171035019e-09,2.943000001778983,2.9430000038868145
2.4419999999999527,4.8770664294826506e-05,-0.00020000554671082,0.00015744383928382294,2.0735370437818535e-09,2.9430000017500393,2.943000003823576
2.4439999999999524,4.837228504578046e-05,-0.0001983718174888117,0.00015615777194750744,2.039800355418204e-09,2.943000001721566,2.9430000037613664
2.445999999999952,4.797715992558893e-05,-0.00019675143325251974,0.0001548822097487211,2.0066125668891276e-09,2.943000001693555,2.943000003700168
2.447999999999952,4.7585262353162164e-05,-0.00019514428499450273,0.00015361706687709483,1.973964747530637e-09,2.943000001666001,2.9430000036399657
2.4499999999999518,4.71965659645359e-05,-0.00019355026459773775,0.00015236225822319463,1.941848111981693e-09,2.943000001638895,2.943000003580743
2.4519999999999516,4.6811044611097785e-05,-0.00019196926482834708,0.00015111769937279601,1.910254017820093e-09,2.94300000161223,2.943000003522484
2.4539999999999513,4.6428672357828325e-05,-0.0001904011793283843,0.00014988330660120524,1.879173963236847e-09,2.9430000015859985,2.9430000034651727
2.455999999999951,4.604942348155612e-05,-0.00018884590260867922,0.00014865899686762696,1.8485995847483825e-09,2.9430000015601947,2.943000003408794
2.457999999999951,4.5673272469227446e-05,-0.0001873033300417415,0.0001474446878095778,1.8185226549459776e-09,2.9430000015348097,2.9430000033533323
2.4599999999999507,4.5300194016189883e-05,-0.00018577335785472195,0.00014624029773734575,1.7889350802817975e-09,2.943000001509838,2.9430000032987733
2.4619999999999505,4.4930163024490044e-05,-0.0001842558831224316,0.0001450457456284945,1.7598288988909747e-09,2.943000001485273,2.9430000032451016
2.4639999999999502,4.4563154601185146e-05,-0.00018275080376041754,0.00014386095112241297,1.7311962784491043e-09,2.943000001461107,2.943000003192303
2.46599999999995,4.419914405666841e-05,-0.00018125801851809548,0.00014268583451490936,1.703029514064606e-09,2.943000001437335,2.943000003140365
2.46799999999995,4.3838106903008116e-05,-0.00017977742697193838,0.0001415203167528489,1.6753210262053826e-09,2.9430000014139495,2.9430000030892707
2.4699999999999496,4.348001885230025e-05,-0.00017830892951872066,0.00014036431942883616,1.6480633586592005e-09,2.943000001390944,2.9430000030390073
2.4719999999999493,4.3124855815034585e-05,-0.00017685242736881766,0.00013921776477594008,1.621249176527263e-09,2.9430000013683135,2.943000002989563
2.473999999999949,4.277259389847411e-05,-0.00017540782253955978,0.0001380805756624624,1.5948712642504286e-09,2.943000001346051,2.9430000029409222
2.475999999999949,4.242320940504773e-05,-0.000173975017848641,0.000136952675586749,1.568922523667538e-09,2.943000001324151,2.9430000028930734
2.4779999999999487,4.207667883075603e-05,-0.00017255391690758115,0.00013583398867204338,1.5433959721053408e-09,2.9430000013026065,2.9430000028460026
2.4799999999999485,4.173297886359015e-05,-0.0001711444241152415,0.00013472443966138214,1.5182847404994856e-09,2.943000001281413,2.9430000027996974
2.4819999999999482,4.139208638196348e-05,-0.00016974644465139356,0.00013362395391253222,1.4935820715460972e-09,2.9430000012605646,2.9430000027541467
2.483999999999948,4.105397845315622e-05,-0.00016835988447034023,0.00013253245739296973,1.4692813178834173e-09,2.9430000012400552,2.9430000027093364
2.485999999999948,4.071863233177267e-05,-0.00016698465029458916,0.00013144987667489938,1.4453759403030349e-09,2.9430000012198785,2.9430000026652543
2.4879999999999476,4.038602545821105e-05,-0.00016562064960857757,0.00013037613893031498,1.4218595059902173e-09,2.9430000012000317,2.943000002621891
2.4899999999999474,4.005613545714587e-05,-0.00016426779065244865,0.00012931117192609989,1.3987256867928725e-09,2.943000001180507,2.9430000025792324
2.491999999999947,3.972894013602269e-05,-0.00016292598241587862,0.00012825490401916796,1.37596825751868e-09,2.9430000011613,2.9430000025372682
2.493999999999947,3.940441748356517e-05,-0.0001615951346319541,0.00012720726415164379,1.3535810942599172e-09,2.9430000011424053,2.9430000024959866
2.4959999999999467,3.90825456682943e-05,-0.00016027515777109982,0.00012616818184608234,1.3315581727455525e-09,2.9430000011238184,2.9430000024553764
2.4979999999999465,3.876330303705975e-05,-0.00015896596303505554,0.00012513758720072814,1.3098935667201407e-09,2.9430000011055335,2.943000002415427
2.4999999999999463,3.8446668113583206e-05,-0.00015766746235090252,0.00012411541088481234,1.2885814463491016e-09,2.943000001087546,2.9430000023761274
2.501999999999946,3.8132619597013616e-05,-0.0001563795683651385,0.00012310158413388902,1.2676160766499402e-09,2.9430000010698514,2.9430000023374676
2.503999999999946,3.78211363604942e-05,-0.00015510219443780134,0.00012209603874520895,1.2469918159489883e-09,2.9430000010524457,2.9430000022994376
2.5059999999999456,3.751219744974122e-05,-0.00015383525463664037,0.00012109870707313169,1.226703114363268e-09,2.9430000010353217,2.943000002262025
2.5079999999999454,3.7205782081634304e-05,-0.0001525786637313356,0.00012010952202457463,1.2067445123070362e-09,2.943000001018477,2.9430000022252214
2.509999999999945,3.690186964281835e-05,-0.00015133233718776407,0.00011912841705449969,1.1871106390226462e-09,2.943000001001906,2.943000002189017
2.511999999999945,3.660043968831676e-05,-0.00015009619116231296,0.0001181553261614364,1.1677962111353001e-09,2.9430000009856054,2.9430000021534015
2.5139999999999447,3.6301471940156094e-05,-0.00014887014249623928,0.00011719018388304213,1.14879603123132e-09,2.943000000969569,2.943000002118365
2.5159999999999445,3.600494628600191e-05,-0.0001476541087100755,0.0001162329252916981,1.1301049864595528e-09,2.943000000953794,2.943000002083899
2.5179999999999443,3.5710842777805756e-05,-0.000146448007998081,0.00011528348599014143,1.1117180471555254e-09,2.9430000009382757,2.9430000020499936
2.519999999999944,3.54191416304632e-05,-0.0001452517592227387,0.00011434180210713319,1.0936302654879904e-09,2.94300000092301,2.9430000020166402
2.521999999999944,3.512982322048284e-05,-0.0001440652819092969,0.00011340781029316145,1.0758367741274877e-09,2.943000000907992,2.9430000019838287
2.5239999999999436,3.4842868084666185e-05,-0.00014288849624035534,0.00011248144771617961,1.0583327849365727e-09,2.9430000008932193,2.9430000019515523
2.5259999999999434,3.455825691879833e-05,-0.00014172132305049579,0.00011156265205737977,1.0411135876813513e-09,2.9430000008786865,2.9430000019198
2.527999999999943,3.4275970576349284e-05,-0.00014056368382095634,0.00011065136150699992,1.0241745487639833e-09,2.9430000008643904,2.943000001888565
2.529999999999943,3.399599006718594e-05,-0.0001394155006743493,0.00010974751476016626,1.0075111099758018e-09,2.943000000850326,2.943000001857837
2.5319999999999427,3.3718296556294575e-05,-0.00013827669636942212,0.00010885105101276891,9.911187872707225e-10,2.9430000008364914,2.94300000182761
2.5339999999999425,3.3442871362513756e-05,-0.0001371471942958612,0.00010796190995737137,9.749931695586123e-10,2.9430000008228814,2.9430000017978744
2.5359999999999423,3.3169695957277614e-05,-0.00013602691846913812,0.00010708003177915362,9.591299175182857e-10,2.943000000809494,2.943000001768624
2.537999999999942,3.289875196336938e-05,-0.00013491579352539794,0.00010620535715188817,9.435247624298182e-10,2.943000000796323,2.943000001739848
2.539999999999942,3.2630021153685104e-05,-0.00013381374471638935,0.00010533782723394898,9.281735050258504e-10,2.9430000007833663,2.94300000171154
2.5419999999999416,3.2363485450007465e-05,-0.00013272069790443605,0.00010447738366435317,9.130720143615923e-10,2.943000000770621,2.943000001683693
2.5439999999999414,3.2099126921789605e-05,-0.00013163657955744945,0.00010362396855883479,8.982162267032039e-10,2.9430000007580834,2.9430000016562996
2.545999999999941,3.18369277849489e-05,-0.0001305613167439818,0.00010277752450595087,8.836021444342674e-10,2.9430000007457493,2.9430000016293514
2.547999999999941,3.1576870400670576e-05,-0.0001294948371283201,0.0001019379945632191,8.692258349800464e-10,2.9430000007336155,2.9430000016028415
2.5499999999999408,3.131893727422108e-05,-0.00012843706896561977,0.00010110532225328733,8.550834297492522e-10,2.943000000721679,2.943000001576763
2.5519999999999405,3.1063111053771204e-05,-0.0001273879410970782,0.00010027945156013414,8.411711230930252e-10,2.943000000709938,2.943000001551109
2.5539999999999403,3.080937452922875e-05,-0.0001263473829451477,9.946032692530036e-05,8.274851712808549e-10,2.943000000698387,2.9430000015258724
2.55599999999994,3.055771063108078e-05,-0.00012531532450878763,9.864789324415162e-05,8.140218914931596e-10,2.9430000006870243,2.943000001501046
2.55799999999994,3.030810242924529e-05,-0.00012429169635875525,9.784209586217134e-05,8.007776608302598e-10,2.943000000675846,2.9430000014766238
2.5599999999999397,3.006053313193229e-05,-0.00012327642963293493,9.704288057128406e-05,7.877489153374747e-10,2.9430000006648496,2.9430000014525985
2.5619999999999394,2.9814986084514186e-05,-0.00012226945603170572,9.625019360620841e-05,7.749321490460779e-10,2.9430000006540324,2.9430000014289646
2.563999999999939,2.957144476840536e-05,-0.00012127070781334663,9.54639816408405e-05,7.623239130298631e-10,2.9430000006433916,2.9430000014057156
2.565999999999939,2.9329892799950933e-05,-0.00012028011778947944,9.468419178466645e-05,7.499208144770522e-10,2.9430000006329236,2.9430000013828446
2.5679999999999388,2.9090313929324597e-05,-0.00011929761932054882,9.391077157920423e-05,7.377195157773088e-10,2.9430000006226265,2.943000001360346
2.5699999999999386,2.885269203943544e-05,-0.00011832314631133924,9.314366899447466e-05,7.257167336236043e-10,2.943000000612496,2.9430000013382127
2.5719999999999383,2.8617011144843705e-05,-0.00011735663320652863,9.238283242550129e-05,7.139092381286957e-10,2.9430000006025305,2.94300000131644
2.573999999999938,2.8383255390685422e-05,-0.00011639801498627831,9.162821068883873e-05,7.0229385195598e-10,2.943000000592727,2.9430000012950206
2.575999999999938,2.81514090516058e-05,-0.0001154472271618589,9.087975301912951e-05,6.908674494644897e-10,2.9430000005830834,2.943000001273951
2.5779999999999377,2.792145653070134e-05,-0.00011450420577131202,9.013740906568877e-05,6.796269558677995e-10,2.9430000005735963,2.9430000012532234
2.5799999999999375,2.76933823584706e-05,-0.0001135688873751474,8.940112888911734e-05,6.685693464066142e-10,2.943000000564264,2.943000001232833
2.5819999999999372,2.746717119177351e-05,-0.00011264120905207511,8.867086295794179e-05,6.57691645534825e-10,2.9430000005550836,2.9430000012127753
2.583999999999937,2.7242807812799205e-05,-0.00011172110839477275,8.794656214528268e-05,6.469909261188019e-10,2.943000000546052,2.943000001193043
2.585999999999937,2.702027712804229e-05,-0.0001108085235056871,8.722817772554949e-05,6.364643086497206e-10,2.9430000005371677,2.943000001173632
2.5879999999999366,2.6799564167287454e-05,-0.00010990339299287009,8.651566137116273e-05,6.261089604686975e-10,2.943000000528428,2.943000001154537
2.5899999999999364,2.6580654082602377e-05,-0.00010900565596584889,8.580896514930292e-05,6.159220950045392e-10,2.94300000051983,2.943000001135752
2.591999999999936,2.6363532147338888e-05,-0.00010811525203152953,8.51080415186859e-05,6.059009710238877e-10,2.943000000511373,2.943000001117274
2.593999999999936,2.6148183755142254e-05,-0.00010723212129013423,8.441284332636462e-05,5.960428918935711e-10,2.9430000005030528,2.9430000010990955
2.5959999999999357,2.593459441896858e-05,-0.00010635620433117168,8.372332380455718e-05,5.863452048549519e-10,2.943000000494868,2.9430000010812134
2.5979999999999355,2.572274977011021e-05,-0.00010548744222944038,8.303943656750047e-05,5.768053003100825e-10,2.9430000004868164,2.9430000010636217
2.5999999999999353,2.5512635557229138e-05,-0.00010462577654106463,8.236113560832972e-05,5.674206111194772e-10,2.943000000478896,2.943000001046317
2.601999999999935,2.5304237645398257e-05,-0.0001037711492995628,8.168837529598356e-05,5.581886119113077e-10,2.943000000471104,2.9430000010292927
2.603999999999935,2.5097542015150475e-05,-0.00010292350301194783,8.102111037213433e-05,5.49106818401839e-10,2.943000000463439,2.943000001012546
2.6059999999999346,2.489253476153559e-05,-0.00010208278065485944,8.035929594814328e-05,5.401727867269193e-10,2.9430000004558994,2.943000000996072
2.6079999999999344,2.4689202093184866e-05,-0.00010124892567072813,7.970288750204095e-05,5.313841127843516e-10,2.9430000004484813,2.9430000009798656
2.609999999999934,2.4487530331383258e-05,-0.00010042188196397033,7.905184087553192e-05,5.227384315869595e-10,2.943000000441185,2.9430000009639232
2.611999999999934,2.4287505909149198e-05,-9.960159389721473e-05,7.840611227102437e-05,5.142334166261835e-10,2.9430000004340067,2.94300000094824
2.6139999999999337,2.408911537032192e-05,-9.878800628755941e-05,7.776565824868346e-05,5.058667792460271e-10,2.9430000004269448,2.9430000009328117
2.6159999999999335,2.3892345368656225e-05,-9.798106440285956e-05,7.713043572350922e-05,4.976362680271932e-10,2.9430000004199983,2.9430000009176345
2.6179999999999333,2.3697182666924637e-05,-9.718071395804548e-05,7.6500401962438e-05,4.895396681812379e-10,2.943000000413165,2.9430000009027046
2.619999999999933,2.3503614136026916e-05,-9.638690111147066e-05,7.587551458146777e-05,4.815748009545819e-10,2.9430000004064434,2.943000000888018
2.621999999999933,2.3311626754106823e-05,-9.55995724612898e-05,7.525573154280674e-05,4.737395230422202e-10,2.94300000039983,2.9430000008735697
2.6239999999999326,2.3121207605676093e-05,-9.481867504186624e-05,7.464101115204549e-05,4.660317260109682e-10,2.943000000393325,2.9430000008593566
2.6259999999999324,2.2932343880745602e-05,-9.404415632020886e-05,7.4031312055352e-05,4.584493357320941e-10,2.943000000386925,2.9430000008453745
2.627999999999932,2.274502287396358e-05,-9.327596419243808e-05,7.342659323668971e-05,4.509903118231814e-10,2.9430000003806307,2.943000000831621
2.629999999999932,2.2559231983760908e-05,-9.251404698028064e-05,7.282681401505825e-05,4.4365264709907256e-10,2.943000000374437,2.9430000008180897
2.6319999999999317,2.2374958711503363e-05,-9.17583534275931e-05,7.223193404175675e-05,4.364343670317448e-10,2.943000000368345,2.9430000008047794
2.6339999999999315,2.219219066065082e-05,-9.10088326969137e-05,7.164191329766939e-05,4.29333529218976e-10,2.943000000362352,2.9430000007916854
2.6359999999999313,2.201091553592329e-05,-9.02654343660424e-05,7.105671209057328e-05,4.2234822286165307e-10,2.9430000003564563,2.9430000007788046
2.637999999999931,2.1831121142473787e-05,-8.952810842464886e-05,7.047629105246836e-05,4.154765682495865e-10,2.9430000003506573,2.943000000766134
2.639999999999931,2.1652795385067958e-05,-8.879680527090807e-05,6.990061113692879e-05,4.087167162556903e-10,2.9430000003449517,2.9430000007536683
2.6419999999999306,2.1475926267270394e-05,-8.807147570816354e-05,6.932963361647634e-05,4.020668478383898e-10,2.9430000003393393,2.943000000741406
2.6439999999999304,2.1300501890637604e-05,-8.735207094161773e-05,6.87633200799751e-05,3.95525173552128e-10,2.9430000003338184,2.9430000007293438
2.64599999999993,2.1126510453917576e-05,-8.663854257504946e-05,6.820163243004745e-05,3.8908993306583585e-10,2.943000000328387,2.9430000007174772
2.64799999999993,2.095394025225588e-05,-8.593084260755819e-05,6.764453288051103e-05,3.827593946892336e-10,2.943000000323044,2.9430000007058035
2.6499999999999297,2.0782779676408243e-05,-8.522892343033487e-05,6.709198395383697e-05,3.765318549068441e-10,2.943000000317788,2.9430000006943198
2.6519999999999295,2.061301721195957e-05,-8.45327378234592e-05,6.654394847862854e-05,3.7040563791958465e-10,2.9430000003126175,2.943000000683023
2.6539999999999293,2.0444641438549343e-05,-8.384223895272297e-05,6.600038958712054e-05,3.643790951938181e-10,2.943000000307531,2.94300000067191
2.655999999999929,2.0277641029103336e-05,-8.315738036647943e-05,6.546127071269922e-05,3.584506050177407e-10,2.9430000003025283,2.943000000660979
2.657999999999929,2.011200474907162e-05,-8.24781159925184e-05,6.492655558744219e-05,3.5261857206498853e-10,2.943000000297605,2.9430000006502235
2.6599999999999286,1.9947721455672785e-05,-8.18044001349668e-05,6.43962082396787e-05,3.468814269653416e-10,2.9430000002927637,2.9430000006396453
2.6619999999999284,1.978478009714433e-05,-8.113618747121465e-05,6.387019299156969e-05,3.41237625882417e-10,2.943000000288001,2.9430000006292385
2.663999999999928,1.9623169711999196e-05,-8.047343304886604e-05,6.334847445670764e-05,3.356856500982279e-10,2.9430000002833143,2.943000000619
2.665999999999928,1.9462879428288338e-05,-7.98160922827151e-05,6.28310175377361e-05,3.3022400560450564e-10,2.9430000002787047,2.9430000006089285
2.6679999999999278,1.9303898462869358e-05,-7.916412095174661e-05,6.231778742398851e-05,3.2485122270066966e-10,2.9430000002741705,2.943000000599022
2.6699999999999275,1.914621612068109e-05,-7.851747519616118e-05,6.180874958914644e-05,3.19565855598338e-10,2.9430000002697096,2.9430000005892754
2.6719999999999273,1.8989821794024117e-05,-7.787611151442465e-05,6.130386978891691e-05,3.14366482032274e-10,2.9430000002653216,2.943000000579688
2.673999999999927,1.8834704961847157e-05,-7.723998676034162e-05,6.0803114058728696e-05,3.092517028776611e-10,2.9430000002610046,2.9430000005702563
2.675999999999927,1.8680855189039288e-05,-7.660905814015295e-05,6.030644871144745e-05,3.042201417736064e-10,2.943000000256758,2.943000000560978
2.6779999999999267,1.8528262125727956e-05,-7.598328320965688e-05,5.981384033510947e-05,2.992704447527672e-10,2.943000000252581,2.9430000005518515
2.6799999999999264,1.837691550658271e-05,-7.536261987135366e-05,5.932525579067398e-05,2.944012798770083e-10,2.943000000248471,2.9430000005428725
2.681999999999926,1.822680515012462e-05,-7.47470263716136e-05,5.884066220979377e-05,2.8961133687898155e-10,2.943000000244428,2.9430000005340395
2.683999999999926,1.807792095804135e-05,-7.413646129786817e-05,5.8360026992604106e-05,2.848993268095403e-10,2.9430000002404513,2.9430000005253505
2.685999999999926,1.7930252914507818e-05,-7.35308835758241e-05,5.788331780552959e-05,2.8026398169089114e-10,2.9430000002365393,2.943000000516803
2.6879999999999256,1.77837910855124e-05,-7.293025246670014e-05,5.7410502579109115e-05,2.757040541753857e-10,2.943000000232691,2.9430000005083947
2.6899999999999253,1.763852561818865e-05,-7.233452756448652e-05,5.694154950583829e-05,2.7121831720986704e-10,2.9430000002289045,2.9430000005001227
2.691999999999925,1.7494446740152465e-05,-7.174366879322671e-05,5.647642703802981e-05,2.668055637054752e-10,2.9430000002251804,2.943000000491986
2.693999999999925,1.7351544758844683e-05,-7.115763640432141e-05,5.601510388569109e-05,2.6246460621282615e-10,2.943000000221517,2.943000000483982
2.6959999999999247,1.7209810060879026e-05,-7.057639097385454e-05,5.55575490144194e-05,2.581942766024758e-10,2.943000000217913,2.943000000476107
2.6979999999999245,1.706923311139539e-05,-6.999989339994111e-05,5.5103731643313945e-05,2.539934257505805e-10,2.9430000002143673,2.9430000004683605
2.6999999999999242,1.6929804453418406e-05,-6.942810490009673e-05,5.465362124290527e-05,2.498609232296757e-10,2.94300000021088,2.943000000460741
2.701999999999924,1.6791514707221254e-05,-6.886098700862864e-05,5.420718753310144e-05,2.457956570044831e-10,2.9430000002074483,2.943000000453244
2.703999999999924,1.665435456969465e-05,-6.829850157404795e-05,5.3764400481151004e-05,2.417965331326665e-10,2.9430000002040733,2.9430000004458696
2.7059999999999236,1.651831481372102e-05,-6.774061075650318e-05,5.332523029962264e-05,2.378624754704594e-10,2.9430000002007533,2.943000000438616
2.7079999999999234,1.638338628755375e-05,-6.718727702523461e-05,5.288964744440125e-05,2.3399242538307875e-10,2.943000000197487,2.9430000004314794
2.709999999999923,1.6249559914201537e-05,-6.663846315604953e-05,5.245762261270047e-05,2.301853414598527e-10,2.9430000001942735,2.9430000004244588
2.711999999999923,1.6116826690817743e-05,-6.609413222881803e-05,5.2029126741091376e-05,2.2644019923398157e-10,2.943000000191113,2.943000000417553
2.7139999999999227,1.5985177688094768e-05,-6.555424762498932e-05,5.1604131003547355e-05,2.2275599090685947e-10,2.9430000001880035,2.9430000004107595
2.7159999999999225,1.585460404966334e-05,-6.50187730251283e-05,5.118260680950481e-05,2.1913172507688104e-10,2.9430000001849446,2.9430000004040764
2.7179999999999223,1.5725096991496726e-05,-6.448767240647227e-05,5.07645258019399e-05,2.1556642647265964e-10,2.943000000181935,2.943000000397501
2.719999999999922,1.559664780131981e-05,-6.396091004050753e-05,5.034985985546091e-05,2.1205913569058777e-10,2.943000000178975,2.9430000003910344
2.721999999999922,1.5469247838022993e-05,-6.343845049056588e-05,4.993858107441601e-05,2.0860890893666575e-10,2.943000000176063,2.943000000384672
2.7239999999999216,1.5342888531080885e-05,-6.292025860944073e-05,4.95306617910168e-05,2.0521481777253162e-10,2.9430000001731993,2.9430000003784142
2.7259999999999214,1.5217561379975746e-05,-6.240629953702258e-05,4.9126074563477046e-05,2.01875948865624e-10,2.9430000001703807,2.9430000003722565
2.727999999999921,1.5093257953625629e-05,-6.189653869795395e-05,4.8724792174166436e-05,1.9859140374340745e-10,2.943000000167608,2.9430000003661996
2.729999999999921,1.4969969889817202e-05,-6.139094179930337e-05,4.832678762777977e-05,1.9536029855159962e-10,2.9430000001648815,2.9430000003602417
2.7319999999999207,1.4847688894643203e-05,-6.0889474828258444e-05,4.793203414952074e-05,1.921817638163294e-10,2.9430000001621988,2.9430000003543806
2.7339999999999205,1.4726406741944478e-05,-6.039210404983768e-05,4.754050518330088e-05,1.8905494421016697e-10,2.9430000001595604,2.9430000003486154
2.7359999999999203,1.46061152727566e-05,-5.989879600462108e-05,4.715217438995297e-05,1.8597899832195877e-10,2.9430000001569643,2.943000000342943
2.73799999999992,1.4486806394760979e-05,-5.940951750649921e-05,4.676701564545915e-05,1.8295309843040843e-10,2.9430000001544103,2.9430000003373635
2.73999999999992,1.4368472081740485e-05,-5.892423564044071e-05,4.638500303919353e-05,1.7997643028134127e-10,2.9430000001518977,2.943000000331874
2.7419999999999196,1.4251104373039494e-05,-5.8442917760278026e-05,4.6006110872179e-05,1.770481928685921e-10,2.9430000001494268,2.943000000326475
2.7439999999999194,1.4134695373028358e-05,-5.796553148651116e-05,4.5630313655358585e-05,1.7416759821845985e-10,2.943000000146995,2.9430000003211627
2.745999999999919,1.4019237250572247e-05,-5.749204470412948e-05,4.525758610788052e-05,1.7133387117766607e-10,2.9430000001446035,2.9430000003159376
2.747999999999919,1.390472223850432e-05,-5.7022425560451235e-05,4.4887903155397724e-05,1.6854624920476673e-10,2.943000000142251,2.9430000003107972
2.7499999999999187,1.3791142633103219e-05,-5.6556642462980736e-05,4.452123992838088e-05,1.658039821649555e-10,2.943000000139936,2.94300000030574
2.7519999999999185,1.3678490793574811e-05,-5.6094664077283054e-05,4.4157571760445376e-05,1.6310633212820624e-10,2.9430000001376597,2.943000000300766
2.7539999999999183,1.356675914153818e-05,-5.563645932487607e-05,4.3796874186692055e-05,1.6045257317070018e-10,2.94300000013542,2.9430000002958727
2.755999999999918,1.34559401605158e-05,-5.518199738113974e-05,4.343912294206124e-05,1.5784199117948334e-10,2.9430000001332166,2.943000000291059
2.757999999999918,1.334602639542789e-05,-5.473124767324247e-05,4.308429395970048e-05,1.552738836603022e-10,2.943000000131049,2.943000000286323
2.7599999999999176,1.3237010452090887e-05,-5.428417987808436e-05,4.273236336934549e-05,1.5274755954856644e-10,2.9430000001289165,2.943000000281664
2.7619999999999174,1.3128884996720024e-05,-5.3840763920257326e-05,4.238330749571429e-05,1.502623390233866e-10,2.9430000001268195,2.943000000277082
2.763999999999917,1.3021642755435962e-05,-5.340096997002183e-05,4.203710285691453e-05,1.4781755332463863e-10,2.9430000001247563,2.943000000272574
2.765999999999917,1.2915276513775463e-05,-5.296476844130016e-05,4.1693726162863844e-05,1.4541254457300247e-10,2.9430000001227263,2.943000000268139
2.7679999999999167,1.280977911620605e-05,-5.253212998968611e-05,4.1353154313722996e-05,1.430466655929317e-10,2.9430000001207293,2.9430000002637757
2.7699999999999165,1.2705143465644639e-05,-5.210302551047088e-05,4.101536439834196e-05,1.4071927973850055e-10,2.943000000118766,2.9430000002594854
2.7719999999999163,1.2601362522980095e-05,-5.167742613668515e-05,4.0680333692718555e-05,1.3842976072208687e-10,2.9430000001168337,2.9430000002552634
2.773999999999916,1.2498429306599703e-05,-5.125530323715712e-05,4.034803965846983e-05,1.3617749244584052e-10,2.943000000114932,2.9430000002511094
2.775999999999916,1.2396336891919482e-05,-5.083662841458642e-05,4.001845994131573e-05,1.3396186883589492e-10,2.943000000113062,2.943000000247024
2.7779999999999156,1.2295078410918363e-05,-5.0421373503633726e-05,3.9691572369575425e-05,1.317822936792757e-10,2.9430000001112226,2.943000000243005
2.7799999999999154,1.2194647051676156e-05,-5.000951056902603e-05,3.936735495267564e-05,1.2963818046346285e-10,2.943000000109413,2.943000000239051
2.781999999999915,1.2095036057915289e-05,-4.9601011903677366e-05,3.9045785879671285e-05,1.27528952218563e-10,2.943000000107633,2.943000000235162
2.783999999999915,1.1996238728546302e-05,-4.919585002682485e-05,3.8726843517778285e-05,1.254540413620501e-10,2.9430000001058816,2.9430000002313355
2.7859999999999148,1.1898248417217046e-05,-4.8793997682180026e-05,3.84105064109182e-05,1.2341288954603138e-10,2.943000000104159,2.943000000227572
2.7879999999999145,1.1801058531865565e-05,-4.839542783609521e-05,3.809675327827482e-05,1.214049475069995e-10,2.9430000001024643,2.9430000002238694
2.7899999999999143,1.170466253427663e-05,-4.800011367574492e-05,3.77855630128626e-05,1.1942967491802774e-10,2.9430000001007968,2.9430000002202266
2.791999999999914,1.1609053939641897e-05,-4.760802860732206e-05,3.7476914680106686e-05,1.1748654024337147e-10,2.9430000000991576,2.943000000216644
2.793999999999914,1.1514226316123658e-05,-4.7219146254248915e-05,3.717078751643463e-05,1.1557502059543423e-10,2.943000000097544,2.943000000213119
2.7959999999999137,1.1420173284422155e-05,-4.683344045540274e-05,3.686716092787954e-05,1.1369460159406147e-10,2.943000000095957,2.9430000002096515
2.7979999999999134,1.1326888517346425e-05,-4.645088526335579e-05,3.6566014488694704e-05,1.1184477722812338e-10,2.9430000000943957,2.9430000002062404
2.7999999999999132,1.1234365739388658e-05,-4.607145494262981e-05,3.626732793997945e-05,1.1002504971935004e-10,2.9430000000928596,2.9430000002028844
2.801999999999913,1.1142598726302021e-05,-4.569512396796474e-05,3.5971081188316336e-05,1.0823492938838175e-10,2.9430000000913488,2.9430000001995835
2.803999999999913,1.1051581304681945e-05,-4.5321867022601536e-05,3.567725430441938e-05,1.0647393452299885e-10,2.9430000000898633,2.9430000001963372
2.8059999999999126,1.0961307351550817e-05,-4.495165899657907e-05,3.5385827521793346e-05,1.0474159124849545e-10,2.9430000000884005,2.943000000193142
2.8079999999999123,1.0871770793946075e-05,-4.458447498504491e-05,3.5096781235404057e-05,1.0303743340016201e-10,2.943000000086962,2.9430000001899996
2.809999999999912,1.0782965608511663e-05,-4.4220290286579917e-05,3.481009600035945e-05,1.0136100239784294e-10,2.9430000000855476,2.9430000001869088
2.811999999999912,1.0694885821092826e-05,-4.385908040153649e-05,3.452575253060151e-05,9.97118471225351e-11,2.943000000084156,2.9430000001838676
2.8139999999999117,1.060752550633421e-05,-4.350082103039045e-05,3.424373169760885e-05,9.808952379499381e-11,2.9430000000827867,2.9430000001808763
2.8159999999999115,1.052087878728125e-05,-4.314548807210631e-05,3.396401452910985e-05,9.649359585631431e-11,2.9430000000814394,2.943000000177933
2.8179999999999112,1.0434939834984812e-05,-4.279305762251596e-05,3.368658220780637e-05,9.492363385045586e-11,2.9430000000801146,2.9430000001750383
2.819999999999911,1.0349702868109064e-05,-4.244350597271056e-05,3.341141607010786e-05,9.337921530867727e-11,2.943000000078811,2.94300000017219
2.821999999999911,1.026516215254255e-05,-4.2096809607445597e-05,3.31384976048758e-05,9.185992463585285e-11,2.9430000000775283,2.943000000169388
2.8239999999999106,1.0181312001012445e-05,-4.175294520355893e-05,3.286780845217844e-05,9.036535299863792e-11,2.9430000000762675,2.943000000166633
2.8259999999999104,1.009814677270195e-05,-4.1411889628401796e-05,3.259933040205564e-05,8.889509821545372e-11,2.9430000000750263,2.9430000001639214
2.82799999999991,1.001566087287083e-05,-4.107361993828261e-05,3.233304539329384e-05,8.744876464826244e-11,2.9430000000738055,2.943000000161254
2.82999999999991,9.933848752479033e-06,-4.0738113376923486e-05,3.206893551221107e-05,8.602596309610314e-11,2.943000000072605,2.943000000158631
2.8319999999999097,9.852704907813393e-06,-4.040534737392937e-05,3.180698299145181e-05,8.462631069035951e-11,2.943000000071424,2.9430000001560503
2.8339999999999095,9.772223880117384e-06,-4.0075299543269656e-05,3.154717020879177e-05,8.324943079173233e-11,2.943000000070261,2.9430000001535106
2.8359999999999093,9.692400255223892e-06,-3.974794768177224e-05,3.1289479685952395e-05,8.189495288888731e-11,2.943000000069118,2.943000000151013
2.837999999999909,9.613228663190995e-06,-3.942326976762983e-05,3.103389408742502e-05,8.056251249875264e-11,2.9430000000679937,2.9430000001485563
2.839999999999909,9.534703777940707e-06,-3.91012439589185e-05,3.078039621930469e-05,7.925175106843841e-11,2.9430000000668874,2.943000000146139
2.8419999999999086,9.456820316900683e-06,-3.878184859212833e-05,3.052896902813347e-05,7.796231587875179e-11,2.943000000065799,2.9430000001437615
2.8439999999999084,9.379573040648842e-06,-3.846506218070603e-05,3.0279595599753246e-05,7.669385994928218e-11,2.943000000064729,2.943000000141423
2.845999999999908,9.302956752560906e-06,-3.81508634136095e-05,3.0032259158167853e-05,7.544604194503067e-11,2.9430000000636753,2.943000000139121
2.847999999999908,9.226966298460802e-06,-3.7839231153874174e-05,2.9786943064414472e-05,7.421852608455817e-11,2.9430000000626397,2.943000000136858
2.8499999999999077,9.15159656627393e-06,-3.7530144437191064e-05,2.954363081544434e-05,7.301098204962883e-11,2.94300000006162,2.943000000134631
2.8519999999999075,9.07684248568326e-06,-3.722358247049647e-05,2.9302306043012477e-05,7.182308489632257e-11,2.943000000060618,2.943000000132441
2.8539999999999073,9.002699027788239e-06,-3.691952463057316e-05,2.906295251257664e-05,7.065451496759485e-11,2.943000000059632,2.9430000001302865
2.855999999999907,8.929161204766484e-06,-3.6617950462662986e-05,2.882555412220512e-05,6.950495780725819e-11,2.9430000000586616,2.9430000001281664
2.857999999999907,8.856224069538236e-06,-3.631883967909085e-05,2.8590094901493554e-05,6.83741040753639e-11,2.9430000000577063,2.9430000001260805
2.8599999999999066,8.783882715433563e-06,-3.60221721578999e-05,2.8356559010490523e-05,6.726164946496003e-11,2.9430000000567684,2.94300000012403
2.8619999999999064,8.71213227586227e-06,-3.572792794149787e-05,2.812493073863199e-05,6.616729462020422e-11,2.9430000000558443,2.943000000122012
2.863999999999906,8.640967923986511e-06,-3.543608723531447e-05,2.7895194503684395e-05,6.509074505580825e-11,2.9430000000549357,2.9430000001200263
2.865999999999906,8.570384872396078e-06,-3.5146630406469775e-05,2.7667334850696383e-05,6.403171107779385e-11,2.943000000054042,2.943000000118074
2.8679999999999057,8.50037837278634e-06,-3.4859537982453466e-05,2.7441336450959158e-05,6.298990770553736e-11,2.943000000053163,2.943000000116153
2.8699999999999055,8.430943715638806e-06,-3.457479064981484e-05,2.7217184100975235e-05,6.196505459508294e-11,2.943000000052298,2.943000000114263
2.8719999999999053,8.362076229904314e-06,-3.429236925286359e-05,2.699486272143565e-05,6.095687596370345e-11,2.943000000051447,2.943000000112404
2.873999999999905,8.293771282688785e-06,-3.40122547923811e-05,2.677435735620562e-05,5.996510051568875e-11,2.94300000005061,2.9430000001105747
2.875999999999905,8.226024278941568e-06,-3.3734428424342355e-05,2.655565317131828e-05,5.898946136934134e-11,2.9430000000497865,2.9430000001087757
2.8779999999999046,8.158830661146311e-06,-3.3458871458648236e-05,2.633873545397687e-05,5.8029695985160055e-11,2.9430000000489764,2.943000000107006
2.8799999999999044,8.09218590901437e-06,-3.31855653578682e-05,2.6123589611564915e-05,5.708554609519173e-11,2.9430000000481797,2.943000000105265
2.881999999999904,8.026085539180713e-06,-3.2914491735993216e-05,2.5910201170664553e-05,5.6156757633532886e-11,2.943000000047395,2.943000000103552
2.883999999999904,7.960525104902314e-06,-3.264563235719889e-05,2.5698555776082867e-05,5.524308066796167e-11,2.943000000046624,2.943000000101867
2.8859999999999038,7.895500195759014e-06,-3.237896913461868e-05,2.5488639189886205e-05,5.4344269332682664e-11,2.9430000000458656,2.9430000001002097
2.8879999999999035,7.83100643735681e-06,-3.211448412912718e-05,2.528043729044229e-05,5.34600817621653e-11,2.943000000045119,2.943000000098579
2.8899999999999033,7.767039491033592e-06,-3.185215954813327e-05,2.5073936071470305e-05,5.259028002605942e-11,2.9430000000443854,2.943000000096976
2.891999999999903,7.703595053567256e-06,-3.159197774438318e-05,2.4869121641098577e-05,5.173463006516917e-11,2.9430000000436634,2.943000000095398
2.893999999999903,7.640668856886226e-06,-3.1333921214773334e-05,2.466598022093008e-05,5.089290162846902e-11,2.943000000042953,2.943000000093846
2.8959999999999027,7.578256667782323e-06,-3.1077972599172824e-05,2.446449814511554e-05,5.006486821114443e-11,2.943000000042254,2.9430000000923187
2.8979999999999024,7.516354287625991e-06,-3.082411467925558e-05,2.426466185943403e-05,4.925030699364036e-11,2.9430000000415664,2.9430000000908167
2.899999999999902,7.454957552083839e-06,-3.057233037734206e-05,2.406645792038121e-05,4.844899878170184e-11,2.94300000004089,2.943000000089339
2.901999999999902,7.3940623308385e-06,-3.0322602755250357e-05,2.3869872994264922e-05,4.766072794738987e-11,2.9430000000402248,2.9430000000878853
2.9039999999999018,7.3336645273107725e-06,-3.007491501315675e-05,2.367489385630821e-05,4.688528237105708e-11,2.9430000000395706,2.943000000086456
2.9059999999999016,7.273760078384032e-06,-2.982925048846552e-05,2.3481507389759637e-05,4.61224533842674e-11,2.9430000000389267,2.9430000000850494
2.9079999999999013,7.214344954130895e-06,-2.9585592654688026e-05,2.3289700585010876e-05,4.537203571364438e-11,2.943000000038293,2.943000000083665
2.909999999999901,7.155415157542117e-06,-2.934392512033092e-05,2.3099460538721576e-05,4.463382742563323e-11,2.9430000000376704,2.943000000082304
2.911999999999901,7.096966724257701e-06,-2.9104231627793448e-05,2.2910774452951255e-05,4.3907629872161584e-11,2.9430000000370575,2.943000000080965
2.9139999999999007,7.038995722300207e-06,-2.886649605227376e-05,2.2723629634298386e-05,4.319324763718426e-11,2.943000000036454,2.9430000000796475
2.9159999999999004,6.981498251810236e-06,-2.863070240068415e-05,2.2538013493046483e-05,4.249048848409777e-11,2.9430000000358616,2.943000000078352
2.9179999999999002,6.924470444784075e-06,-2.839683481057517e-05,2.2353913542317126e-05,4.179916330401055e-11,2.943000000035278,2.943000000077077
2.9199999999999,6.867908464813491e-06,-2.816487754906851e-05,2.2171317397229967e-05,4.1119086064854597e-11,2.943000000034704,2.943000000075823
2.9219999999999,6.8118085068276426e-06,-2.7934815011798613e-05,2.199021277406956e-05,4.045007376132529e-11,2.94300000003414,2.9430000000745897
2.9239999999998996,6.756166796837102e-06,-2.7706631721862923e-05,2.1810587489459014e-05,3.979194636563553e-11,2.9430000000335843,2.943000000073376
2.9259999999998993,6.700979591679973e-06,-2.7480312328780722e-05,2.1632429459540337e-05,3.9144526779071254e-11,2.943000000033037,2.943000000072182
2.927999999999899,6.646243178770073e-06,-2.725584160746046e-05,2.1455726699161577e-05,3.850764078433491e-11,2.9430000000325,2.9430000000710073
2.929999999999899,6.591953875847184e-06,-2.7033204457175515e-05,2.1280467321070553e-05,3.7881116998664777e-11,2.9430000000319714,2.9430000000698526
2.9319999999998987,6.5381080307293325e-06,-2.6812385900548347e-05,2.110663953511511e-05,3.726478682771646e-11,2.9430000000314513,2.943000000068716
2.9339999999998985,6.4847020210671015e-06,-2.6593371082542913e-05,2.0934231647450028e-05,3.6658484420195114e-11,2.9430000000309398,2.9430000000675984
2.9359999999998982,6.431732254099942e-06,-2.6376145269465337e-05,2.076323205975032e-05,3.606204662322576e-11,2.943000000030436,2.9430000000664984
2.937999999999898,6.379195166414483e-06,-2.6160693847972743e-05,2.059362926843096e-05,3.547531293844956e-11,2.943000000029941,2.943000000065416
2.939999999999898,6.3270872237048075e-06,-2.5947002324090164e-05,2.0425411863873073e-05,3.4898125478834714e-11,2.943000000029454,2.943000000064352
2.9419999999998976,6.275404920534691e-06,-2.57350563222355e-05,2.025856852965629e-05,3.4330328926189655e-11,2.9430000000289747,2.943000000063305
2.9439999999998974,6.224144780101786e-06,-2.5524841584252446e-05,2.0093088041797545e-05,3.377177048936788e-11,2.9430000000285026,2.9430000000622742
2.945999999999897,6.173303354003723e-06,-2.5316343968451296e-05,1.9928959267995966e-05,3.3222299863152544e-11,2.9430000000280394,2.9430000000612617
2.947999999999897,6.122877222006129e-06,-2.5109549448657595e-05,1.9766171166883978e-05,3.268176918781015e-11,2.9430000000275833,2.943000000060265
2.9499999999998967,6.072862991812544e-06,-2.4904444113268575e-05,1.9604712787284543e-05,3.2150033009302234e-11,2.943000000027135,2.9430000000592846
2.9519999999998965,6.0232572988362065e-06,-2.4701014164317264e-05,1.9444573267474427e-05,3.1626948240144394e-11,2.943000000026693,2.94300000005832
2.9539999999998963,5.974056805973711e-06,-2.4499245916544287e-05,1.9285741834453494e-05,3.111237412090222e-11,2.9430000000262586,2.943000000057371
2.955999999999896,5.925258203380513e-06,-2.42991257964772e-05,1.912820780322002e-05,3.060617218231366e-11,2.943000000025831,2.943000000056437
2.957999999999896,5.876858208248268e-06,-2.410064034151738e-05,1.8971960576051835e-05,3.010820620802761e-11,2.9430000000254113,2.9430000000555196
2.9599999999998956,5.828853564583988e-06,-2.3903776199034356e-05,1.8816989641793418e-05,2.961834219794881e-11,2.943000000024998,2.9430000000546164
2.9619999999998954,5.781241042990998e-06,-2.370852012546755e-05,1.8663284575148772e-05,2.9136448332179094e-11,2.943000000024591,2.9430000000537273
2.963999999999895,5.734017440451696e-06,-2.3514858985435345e-05,1.851083503598011e-05,2.866239493554539e-11,2.9430000000241905,2.943000000052853
2.965999999999895,5.687179580112066e-06,-2.3322779750851423e-05,1.8359630768612213e-05,2.8196054442704686e-11,2.943000000023797,2.943000000051993
2.9679999999998947,5.6407243110679725e-06,-2.3132269500048347e-05,1.8209661601142514e-05,2.7737301363816925e-11,2.9430000000234102,2.9430000000511476
2.9699999999998945,5.594648508153185e-06,-2.294331541690828e-05,1.8060917444756833e-05,2.728601225077635e-11,2.943000000023029,2.9430000000503154
2.9719999999998943,5.548949071729143e-06,-2.2755904790000817e-05,1.7913388293050636e-05,2.6842065663992183e-11,2.943000000022654,2.943000000049496
2.973999999999894,5.503622927476434e-06,-2.2570025011727846e-05,1.776706422135592e-05,2.6405342139709873e-11,2.943000000022286,2.9430000000486913
2.975999999999894,5.458667026187976e-06,-2.2385663577475405e-05,1.762193538607352e-05,2.597572415786405e-11,2.943000000021923,2.9430000000478986
2.9779999999998936,5.41407834356389e-06,-2.220280808477247e-05,1.7477992024010934e-05,2.5553096110454424e-11,2.943000000021567,2.9430000000471197
2.9799999999998934,5.369853880008047e-06,-2.2021446232456596e-05,1.733522445172549e-05,2.5137344270436337e-11,2.9430000000212155,2.9430000000463528
2.981999999999893,5.325990660426279e-06,-2.1841565819846407e-05,1.7193623064872956e-05,2.47283567611173e-11,2.9430000000208705,2.9430000000455987
2.983999999999893,5.282485734026235e-06,-2.1663154745920802e-05,1.7053178337561418e-05,2.4326023526051608e-11,2.9430000000205307,2.9430000000448566
2.9859999999998927,5.2393361741188736e-06,-2.1486201008504896e-05,1.691388082171043e-05,2.393023629942472e-11,2.9430000000201972,2.9430000000441274
2.9879999999998925,5.196539077921576e-06,-2.131069270346261e-05,1.6775721146415425e-05,2.354088857691945e-11,2.9430000000198686,2.9430000000434093
2.9899999999998923,5.154091566362874e-06,-2.1136618023895846e-05,1.663869001731734e-05,2.3157875587056238e-11,2.943000000019545,2.943000000042703
2.991999999999892,5.111990783888758e-06,-2.0963965259350195e-05,1.6502778215977322e-05,2.2781094262999616e-11,2.9430000000192273,2.9430000000420082
2.993999999999892,5.0702338982705865e-06,-2.079272279502716e-05,1.6367976599256597e-05,2.2410443214823542e-11,2.9430000000189147,2.9430000000413252
2.9959999999998916,5.028818100414546e-06,-2.0622879111002785e-05,1.6234276098701384e-05,2.2045822702227814e-11,2.9430000000186065,2.9430000000406524
2.9979999999998914,4.987740604172681e-06,-2.045442278145269e-05,1.610166771993284e-05,2.168713460769848e-11,2.9430000000183036,2.9430000000399907
2.999999999999891,4.946998646155463e-06,-2.0287342473883427e-05,1.5970142542041977e-05,2.1334282410104967e-11,2.943000000018006,2.9430000000393406
3.001999999999891,4.906589485545889e-06,-2.01216269483701e-05,1.5839691716989536e-05,2.0987171158726665e-11,2.9430000000177134,2.9430000000387007
3.0039999999998908,4.866510403915095e-06,-1.9957265056800244e-05,1.5710306469010756e-05,2.064570744770222e-11,2.9430000000174252,2.943000000038071
3.0059999999998905,4.826758705039489e-06,-1.979424574212385e-05,1.5581978094025015e-05,2.030979939089452e-11,2.9430000000171415,2.9430000000374514
3.0079999999998903,4.7873317147193634e-06,-1.963255803760953e-05,1.545469795905025e-05,1.9979356597164504e-11,2.943000000016862,2.9430000000368417
3.00999999999989,4.748226780598995e-06,-1.9472191066106766e-05,1.5328457501622245e-05,1.9654290146047496e-11,2.9430000000165877,2.943000000036242
3.01199999999989,4.709441271988216e-06,-1.9313134039314166e-05,1.5203248229218556e-05,1.933451256382507e-11,2.943000000016318,2.9430000000356524
3.0139999999998897,4.670972579685438e-06,-1.915537625705371e-05,1.5079061718687252e-05,1.901993779998635e-11,2.943000000016053,2.943000000035073
3.0159999999998894,4.632818115802128e-06,-1.8998907106550922e-05,1.495588961568023e-05,1.8710481204072303e-11,2.943000000015791,2.9430000000345014
3.017999999999889,4.594975313588712e-06,-1.8843716061720917e-05,1.4833723634091205e-05,1.8406059502896636e-11,2.9430000000155343,2.9430000000339405
3.019999999999889,4.557441627261903e-06,-1.8689792682460297e-05,1.4712555555498273e-05,1.8106590778137496e-11,2.9430000000152816,2.943000000033388
3.0219999999998888,4.520214531833439e-06,-1.85371266139448e-05,1.4592377228611079e-05,1.7811994444293627e-11,2.9430000000150334,2.9430000000328453
3.0239999999998886,4.483291522940223e-06,-1.838570758593272e-05,1.4473180568722411e-05,1.752219122699924e-11,2.9430000000147882,2.94300000003231
3.0259999999998883,4.4466701166758465e-06,-1.8235525412073987e-05,1.4354957557164323e-05,1.7237103141691656e-11,2.943000000014548,2.9430000000317853
3.027999999999888,4.4103478494234896e-06,-1.808656998922492e-05,1.4237700240768743e-05,1.6956653472626118e-11,2.9430000000143113,2.943000000031268
3.029999999999888,4.37432227769019e-06,-1.793883129676855e-05,1.412140073133239e-05,1.6680766752231917e-11,2.9430000000140786,2.9430000000307595
3.0319999999998877,4.3385909779424606e-06,-1.7792299395940513e-05,1.4006051205086149e-05,1.6409368740804508e-11,2.9430000000138494,2.943000000030259
3.0339999999998875,4.3031515464432514e-06,-1.7646964429160444e-05,1.3891643902168723e-05,1.6142386406527902e-11,2.943000000013624,2.943000000029766
3.0359999999998872,4.268001599090246e-06,-1.750281661936883e-05,1.3778171126104632e-05,1.5879747905822293e-11,2.9430000000134022,2.943000000029282
3.037999999999887,4.2331387712554765e-06,-1.7359846269369276e-05,1.3665625243286428e-05,1.5621382564011233e-11,2.9430000000131846,2.943000000028806
3.039999999999887,4.198560717626248e-06,-1.7218043761176164e-05,1.3553998682461168e-05,1.5367220856303453e-11,2.9430000000129692,2.9430000000283365
3.0419999999998866,4.164265112047364e-06,-1.707739955536762e-05,1.3443283934221085e-05,1.5117194389084128e-11,2.9430000000127583,2.9430000000278755
3.0439999999998864,4.130249647364639e-06,-1.6937904190443757e-05,1.3333473550498418e-05,1.487123588151047e-11,2.943000000012552,2.943000000027423
3.045999999999886,4.096512035269692e-06,-1.6799548282190204e-05,1.3224560144064318e-05,1.4629279147406835e-11,2.943000000012347,2.9430000000269763
3.047999999999886,4.063050006146004e-06,-1.6662322523046784e-05,1.3116536388031947e-05,1.439125907745432e-11,2.943000000012146,2.943000000026537
3.0499999999998857,4.029861308916236e-06,-1.6526217681481372e-05,1.3009395015363545e-05,1.41571116216702e-11,2.9430000000119483,2.9430000000261054
3.0519999999998855,3.996943710890794e-06,-1.6391224601368878e-05,1.2903128818381562e-05,1.392677377217241e-11,2.943000000011754,2.943000000025681
3.0539999999998853,3.964294997617629e-06,-1.6257334201375284e-05,1.2797730648283785e-05,1.3700183546224443e-11,2.9430000000115624,2.9430000000252625
3.055999999999885,3.931912972733266e-06,-1.6124537474346713e-05,1.2693193414662421e-05,1.3477279969556106e-11,2.9430000000113745,2.9430000000248517
3.057999999999885,3.899795457815047e-06,-1.59928254867035e-05,1.2589510085027098e-05,1.3258003059955655e-11,2.9430000000111893,2.943000000024447
3.0599999999998846,3.867940292234585e-06,-1.5862189377839214e-05,1.2486673684331768e-05,1.3042293811128892e-11,2.9430000000110077,2.94300000002405
3.0619999999998844,3.8363453330124124e-06,-1.573262035952457e-05,1.2384677294505503e-05,1.2830094176820908e-11,2.9430000000108283,2.9430000000236585
3.063999999999884,3.805008454673818e-06,-1.5604109715316227e-05,1.2283514053987082e-05,1.2621347055196051e-11,2.9430000000106524,2.943000000023274
3.065999999999884,3.7739275491058582e-06,-1.5476648799970412e-05,1.2183177157263365e-05,1.241599627347219e-11,2.9430000000104792,2.943000000022895
3.0679999999998837,3.743100525415541e-06,-1.535022903886133e-05,1.2083659854411535e-05,1.2213986572804888e-11,2.9430000000103087,2.9430000000225225
3.0699999999998835,3.7125253097891665e-06,-1.5224841927404325e-05,1.1984955450644955e-05,1.2015263593417502e-11,2.943000000010141,2.943000000022156
3.0719999999998833,3.6821998453528136e-06,-1.5100479030483762e-05,1.1887057305862817e-05,1.1819773859973266e-11,2.943000000009976,2.943000000021796
3.073999999999883,3.652122092033972e-06,-1.4977131981885564e-05,1.1789958834203457e-05,1.1627464767185377e-11,2.9430000000098135,2.943000000021441
3.075999999999883,3.6222900264242988e-06,-1.4854792483734406e-05,1.1693653503601268e-05,1.1438284565661117e-11,2.9430000000096537,2.943000000021092
3.0779999999998826,3.5927016416434992e-06,-1.4733452305935486e-05,1.1598134835347318e-05,1.125218234797642e-11,2.943000000009497,2.9430000000207492
3.0799999999998824,3.56335494720432e-06,-1.4613103285620872e-05,1.1503396403653475e-05,1.1069108034976923e-11,2.943000000009342,2.943000000020411
3.081999999999882,3.534247968878641e-06,-1.4493737326600362e-05,1.1409431835220146e-05,1.0889012362301892e-11,2.9430000000091905,2.9430000000200796
3.083999999999882,3.5053787485646677e-06,-1.4375346398816832e-05,1.1316234808807517e-05,1.0711846867127488e-11,2.943000000009041,2.9430000000197527
3.0859999999998817,3.4767453441552013e-06,-1.4257922537806034e-05,1.1223799054810326e-05,1.0537563875125623e-11,2.943000000008894,2.943000000019431
3.0879999999998815,3.44834582940699e-06,-1.4141457844160805e-05,1.1132118354836061e-05,1.0366116487635079e-11,2.9430000000087486,2.9430000000191145
3.0899999999998813,3.420178293811145e-06,-1.4025944482999655e-05,1.1041186541286661e-05,1.0197458569041275e-11,2.9430000000086065,2.943000000018804
3.091999999999881,3.3922408424646154e-06,-1.3911374683439693e-05,1.0950997496943587e-05,1.0031544734361456e-11,2.943000000008466,2.9430000000184977
3.093999999999881,3.3645315959427143e-06,-1.3797740738073862e-05,1.086154515455631e-05,9.868330337031798e-12,2.943000000008329,2.9430000000181975
3.0959999999998806,3.337048690172683e-06,-1.3685035002452438e-05,1.0772823496434154e-05,9.707771456893254e-12,2.9430000000081935,2.9430000000179013
3.0979999999998804,3.309790276308293e-06,-1.3573249894568766e-05,1.068482655404146e-05,9.549824888372863e-12,2.9430000000080603,2.94300000001761
3.09999999999988,3.2827545206054654e-06,-1.346237789434921e-05,1.0597548407596069e-05,9.394448128857354e-12,2.943000000007929,2.943000000017323
3.10199999999988,3.255939604298914e-06,-1.3352411543147244e-05,1.051098318567109e-05,9.241599367255893e-12,2.9430000000078,2.9430000000170415
3.1039999999998797,3.2293437234797896e-06,-1.3243343443241703e-05,1.0425125064799919e-05,9.091237472748967e-12,2.9430000000076735,2.943000000016765
3.1059999999998795,3.2029650889743277e-06,-1.3135166257339105e-05,1.0339968269084456e-05,8.943321983720265e-12,2.9430000000075482,2.9430000000164918
3.1079999999998793,3.176801926223486e-06,-1.3027872708080067e-05,1.0255507069806573e-05,8.797813096868668e-12,2.9430000000074257,2.9430000000162235
3.109999999999879,3.1508524751635653e-06,-1.2921455577549724e-05,1.0171735785042704e-05,8.654671656497382e-12,2.9430000000073044,2.9430000000159593
3.111999999999879,3.1251149901078043e-06,-1.2815907706792173e-05,1.008864877928162e-05,8.513859143977357e-12,2.943000000007186,2.9430000000157
3.1139999999998786,3.0995877396289444e-06,-1.2711221995328865e-05,1.0006240463045325e-05,8.375337667382098e-12,2.9430000000070686,2.943000000015444
3.1159999999998784,3.074269006442751e-06,-1.260739140068094e-05,9.92450529251301e-06,8.239069951291156e-12,2.943000000006954,2.9430000000151932
3.117999999999878,3.049157087292487e-06,-1.250440893789546e-05,9.843437769148128e-06,8.105019326759503e-12,2.9430000000068404,2.9430000000149454
3.119999999999878,3.024250292834332e-06,-1.2402267679075509e-05,9.763032439328484e-06,7.973149721450102e-12,2.94300000000673,2.943000000014703
3.1219999999998778,2.999546947523735e-06,-1.2300960752914145e-05,9.683283893979356e-06,7.843425649927028e-12,2.9430000000066197,2.943000000014463
3.1239999999998775,2.9750453895026947e-06,-1.2200481344232144e-05,9.604186768209615e-06,7.715812204106509e-12,2.943000000006512,2.943000000014228
3.1259999999998773,2.950743970487964e-06,-1.2100822693519523e-05,9.525735740950815e-06,7.590275043863359e-12,2.943000000006406,2.9430000000139964
3.127999999999877,2.926641055660165e-06,-1.2001978096480815e-05,9.447925534599227e-06,7.466780387790207e-12,2.943000000006302,2.943000000013769
3.129999999999877,2.90273502355381e-06,-1.1903940903584047e-05,9.370750914660805e-06,7.345295004107114e-12,2.9430000000061995,2.943000000013545
3.1319999999998767,2.8790242659482217e-06,-1.180670451961342e-05,9.294206689399045e-06,7.22578620171905e-12,2.9430000000060983,2.943000000013324
3.1339999999998764,2.855507187759345e-06,-1.1710262403225618e-05,9.21828770948573e-06,7.108221821418887e-12,2.943000000005999,2.943000000013107
3.135999999999876,2.8321822069324395e-06,-1.1614608066509766e-05,9.14298886765451e-06,6.992570227233541e-12,2.9430000000059016,2.943000000012894
3.137999999999876,2.8090477543356524e-06,-1.1519735074550968e-05,9.068305098357335e-06,6.878800297910883e-12,2.9430000000058056,2.9430000000126846
3.139999999999876,2.786102273654458e-06,-1.1425637044997408e-05,8.994231377423674e-06,6.766881418545166e-12,2.943000000005711,2.943000000012478
3.1419999999998756,2.7633442212869604e-06,-1.1332307647631002e-05,8.920762721722528e-06,6.656783472338717e-12,2.943000000005618,2.9430000000122747
3.1439999999998753,2.7407720662400523e-06,-1.1239740603941543e-05,8.847894188827202e-06,6.548476832497644e-12,2.943000000005527,2.9430000000120757
3.145999999999875,2.71838429002642e-06,-1.1147929686704328e-05,8.775620876682825e-06,6.4419323542594534e-12,2.9430000000054366,2.9430000000118786
3.147999999999875,2.6961793865623914e-06,-1.1056868719561238e-05,8.703937923276557e-06,6.3371213670502975e-12,2.9430000000053487,2.943000000011686
3.1499999999998747,2.674155862066618e-06,-1.096655157660524e-05,8.632840506310518e-06,6.234015666769915e-12,2.9430000000052616,2.9430000000114958
3.1519999999998745,2.6523122349595834e-06,-1.0876972181968279e-05,8.56232384287739e-06,6.132587508202005e-12,2.9430000000051755,2.943000000011308
3.1539999999998742,2.630647035763935e-06,-1.078812450941254e-05,8.49238318913864e-06,6.032809597548174e-12,2.943000000005092,2.943000000011125
3.155999999999874,2.609158807005628e-06,-1.0700002581925046e-05,8.423013840005404e-06,5.9346550850833e-12,2.943000000005009,2.9430000000109438
3.157999999999874,2.5878461031158763e-06,-1.0612600471315574e-05,8.354211128821953e-06,5.8380975579303935e-12,2.9430000000049272,2.9430000000107652
3.1599999999998736,2.566707490333907e-06,-1.052591229781784e-05,8.285970427051765e-06,5.743111032953046e-12,2.943000000004847,2.94300000001059
3.1619999999998734,2.545741546610506e-06,-1.043993222969396e-05,8.218287143966145e-06,5.649669949763487e-12,2.9430000000047687,2.9430000000104184
3.163999999999873,2.5249468615123544e-06,-1.0354654482842136e-05,8.151156726335391e-06,5.557749163844437e-12,2.9430000000046905,2.9430000000102483
3.165999999999873,2.504322036127144e-06,-1.0270073320407535e-05,8.0845746581225e-06,5.4673239397828214e-12,2.9430000000046146,2.9430000000100818
3.1679999999998727,2.4838656829694697e-06,-1.0186183052396365e-05,8.01853646017935e-06,5.3783699446136044e-12,2.9430000000045395,2.943000000009918
3.1699999999998725,2.4635764258874893e-06,-1.0102978035293086e-05,7.95303768994538e-06,5.290863241271924e-12,2.9430000000044654,2.9430000000097563
3.1719999999998723,2.443452899970346e-06,-1.0020452671680766e-05,7.888073941148726e-06,5.204780282151734e-12,2.943000000004393,2.9430000000095977
3.173999999999872,2.423493751456348e-06,-9.938601409864523e-06,7.823640843509802e-06,5.120097902769284e-12,2.9430000000043215,2.9430000000094414
3.175999999999872,2.4036976376418966e-06,-9.857418743498044e-06,7.759734062447307e-06,5.0367933155296535e-12,2.943000000004251,2.9430000000092877
3.1779999999998716,2.3840632267911597e-06,-9.776899211213166e-06,7.696349298786605e-06,4.954844103594741e-12,2.9430000000041816,2.9430000000091363
3.1799999999998714,2.364589198046482e-06,-9.697037396252472e-06,7.633482288470534e-06,4.8742282148509985e-12,2.9430000000041137,2.943000000008988
3.181999999999871,2.345274241339528e-06,-9.617827926104893e-06,7.571128802272534e-06,4.794923955975327e-12,2.943000000004047,2.943000000008842
3.183999999999871,2.32611705730315e-06,-9.539265472144282e-06,7.509284645512146e-06,4.7169099865975204e-12,2.943000000003981,2.943000000008698
3.1859999999998707,2.3071163571839762e-06,-9.461344749270951e-06,7.447945657772814e-06,4.64016531355766e-12,2.9430000000039165,2.9430000000085568
3.1879999999998705,2.288270862755713e-06,-9.38406051555612e-06,7.387107712622022e-06,4.56466928525699e-12,2.9430000000038525,2.9430000000084173
3.1899999999998703,2.2695793062331563e-06,-9.307407571889283e-06,7.326766717333674e-06,4.4904015861006495e-12,2.9430000000037895,2.9430000000082797
3.19199999999987,2.251040430186902e-06,-9.23138076162845e-06,7.2669186126127835e-06,4.4173422310308736e-12,2.943000000003728,2.9430000000081455
3.19399999999987,2.232652987458758e-06,-9.155974970253246e-06,7.207559372322388e-06,4.345471560149103e-12,2.9430000000036673,2.9430000000080128
3.1959999999998696,2.214415741077844e-06,-9.08118512502085e-06,7.148685003212702e-06,4.274770233425612e-12,2.943000000003608,2.9430000000078826
3.1979999999998694,2.196327464177376e-06,-9.007006194624722e-06,7.0902915446524775e-06,4.205219225495206e-12,2.943000000003549,2.9430000000077543
3.199999999999869,2.1783869399121324e-06,-8.933433188856155e-06,7.032375068362564e-06,4.136799820537585e-12,2.9430000000034915,2.943000000007628
3.201999999999869,2.160592961376595e-06,-8.860461158268556e-06,6.974931678151648e-06,4.0694936072410215e-12,2.9430000000034346,2.9430000000075043
3.2039999999998687,2.1429443315237554e-06,-8.78808519384449e-06,6.917957509654137e-06,4.00328247384797e-12,2.9430000000033787,2.943000000007382
3.2059999999998685,2.125439863084588e-06,-8.716300426665434e-06,6.8614487300702025e-06,3.938148603281274e-12,2.9430000000033236,2.943000000007262
3.2079999999998683,2.1080783784881784e-06,-8.645102027584234e-06,6.805401537907928e-06,3.8740744683497005e-12,2.9430000000032694,2.9430000000071437
3.209999999999868,2.0908587097825058e-06,-8.574485206900242e-06,6.749812162727576e-06,3.811042827031442e-12,2.9430000000032166,2.9430000000070278
3.211999999999868,2.073779698555871e-06,-8.504445214037087e-06,6.694676864887954e-06,3.749036717834399e-12,2.9430000000031646,2.9430000000069136
3.2139999999998676,2.0568401958589682e-06,-8.434977337223102e-06,6.639991935294818e-06,3.688039455231908e-12,2.9430000000031127,2.943000000006801
3.2159999999998674,2.040039062127591e-06,-8.36607690317435e-06,6.585753695151363e-06,3.6280346251727657e-12,2.943000000003062,2.9430000000066903
3.217999999999867,2.0233751671059725e-06,-8.297739276780237e-06,6.531958495710746e-06,3.56900608066429e-12,2.943000000003012,2.943000000006581
3.219999999999867,2.0068473897707486e-06,-8.229959860791693e-06,6.47860271803061e-06,3.5109379374272348e-12,2.943000000002963,2.943000000006474
3.2219999999998667,1.990454618255544e-06,-8.162734095511915e-06,6.425682772729644e-06,3.453814569621426e-12,2.943000000002915,2.9430000000063687
3.2239999999998665,1.9741957497761755e-06,-8.09605745848961e-06,6.37319509974611e-06,3.3976206056409317e-12,2.9430000000028675,2.9430000000062653
3.2259999999998663,1.958069690556463e-06,-8.029925464214766e-06,6.321136168098342e-06,3.342340923977617e-12,2.9430000000028214,2.9430000000061636
3.227999999999866,1.942075355754649e-06,-7.964333663816903e-06,6.269502475647218e-06,3.2879606491520527e-12,2.9430000000027756,2.9430000000060637
3.229999999999866,1.926211669390419e-06,-7.899277644765777e-06,6.218290548860562e-06,3.2344651477105835e-12,2.9430000000027294,2.9430000000059637
3.2319999999998656,1.9104775642725173e-06,-7.834753030574543e-06,6.16749694257946e-06,3.181840024287538e-12,2.9430000000026855,2.9430000000058674
3.2339999999998654,1.8948719819269543e-06,-7.77075548050534e-06,6.1171182397865e-06,3.130071117731518e-12,2.9430000000026424,2.9430000000057723
3.235999999999865,1.8793938725257995e-06,-7.707280689277272e-06,6.067151051375909e-06,3.0791444972947098e-12,2.943000000002599,2.943000000005678
3.237999999999865,1.8640421948165578e-06,-7.644324386776785e-06,6.017592015925547e-06,3.0290464588841745e-12,2.9430000000025562,2.9430000000055854
3.2399999999998648,1.8488159160521214e-06,-7.581882337770404e-06,5.968437799470782e-06,2.9797635213741606e-12,2.943000000002515,2.9430000000054948
3.2419999999998645,1.833714011921294e-06,-7.519950341619819e-06,5.919685095280201e-06,2.931282422978394e-12,2.9430000000024745,2.943000000005406
3.2439999999998643,1.818735466479883e-06,-7.458524231999294e-06,5.871330623633167e-06,2.8835901176814076e-12,2.9430000000024337,2.943000000005317
3.245999999999864,1.8038792720823545e-06,-7.3975998766153916e-06,5.823371131599172e-06,2.836673771727918e-12,2.9430000000023946,2.9430000000052314
3.247999999999864,1.7891444293140454e-06,-7.337173176928981e-06,5.77580339281901e-06,2.79052076016933e-12,2.943000000002355,2.9430000000051457
3.2499999999998637,1.7745299469239316e-06,-7.277240067879517e-06,5.7286242072877345e-06,2.745118663466429e-12,2.9430000000023164,2.9430000000050613
3.2519999999998634,1.7600348417579432e-06,-7.217796517611576e-06,5.681830401139375e-06,2.7004552641473388e-12,2.943000000002279,2.9430000000049796
3.2539999999998632,1.745658138692825e-06,-7.158838527203622e-06,5.635418826433436e-06,2.6565185435198792e-12,2.943000000002242,2.9430000000048984
3.255999999999863,1.7313988705705377e-06,-7.100362130398986e-06,5.58938636094312e-06,2.6132966784373796e-12,2.943000000002206,2.9430000000048193
3.257999999999863,1.7172560781331948e-06,-7.042363393339048e-06,5.543729907945284e-06,2.5707780381171403e-12,2.9430000000021694,2.9430000000047403
3.2599999999998626,1.7032288099585307e-06,-6.984838414298597e-06,5.498446396012122e-06,2.528951181010646e-12,2.9430000000021344,2.9430000000046634
3.2619999999998623,1.6893161223958961e-06,-6.92778332342335e-06,5.45353277880454e-06,2.487804851724704e-12,2.9430000000020997,2.9430000000045875
3.263999999999862,1.675517079502776e-06,-6.871194282469617e-06,5.4089860348672205e-06,2.4473279779926755e-12,2.9430000000020655,2.943000000004513
3.265999999999862,1.6618307529818265e-06,-6.8150674845460936e-06,5.364803167425354e-06,2.407509667694987e-12,2.9430000000020313,2.9430000000044387
3.2679999999998617,1.6482562221184262e-06,-6.7593991538577604e-06,5.320981204183055e-06,2.3683392059281093e-12,2.943000000001999,2.9430000000043672
3.2699999999998615,1.6347925737187367e-06,-6.704185545451876e-06,5.277517197123389e-06,2.329806052121246e-12,2.9430000000019665,2.943000000004296
3.2719999999998612,1.6214389020482704e-06,-6.649422944966044e-06,5.234408222310067e-06,2.291899837199904e-12,2.9430000000019345,2.9430000000042265
3.273999999999861,1.6081943087709588e-06,-6.59510766837834e-06,5.191651379690736e-06,2.254610360795637e-12,2.943000000001903,2.9430000000041576
3.275999999999861,1.5950579028887194e-06,-6.541236061759475e-06,5.149243792901886e-06,2.2179275885011812e-12,2.9430000000018723,2.94300000000409
3.2779999999998606,1.5820288006815159e-06,-6.487804501026987e-06,5.107182609075353e-06,2.1818416491702398e-12,2.9430000000018417,2.9430000000040235
3.2799999999998604,1.5691061256479078e-06,-6.434809391701444e-06,5.065464998646396e-06,2.1463428322612147e-12,2.9430000000018115,2.943000000003958
3.28199999999986,1.5562890084460865e-06,-6.382247168664624e-06,5.024088155163348e-06,2.1114215852241446e-12,2.943000000001782,2.9430000000038934
3.28399999999986,1.5435765868353917e-06,-6.330114295919692e-06,4.983049295098815e-06,2.077068510930167e-12,2.9430000000017533,2.9430000000038303
3.2859999999998597,1.5309680056183069e-06,-6.278407266353315e-06,4.942345657662426e-06,2.043274365142797e-12,2.9430000000017245,2.9430000000037677
3.2879999999998595,1.5184624165829276e-06,-6.227122601499736e-06,4.901974504615096e-06,2.010030054030348e-12,2.9430000000016965,2.9430000000037064
3.2899999999998593,1.5060589784459e-06,-6.176256851306764e-06,4.861933120084834e-06,1.9773266317188308e-12,2.943000000001669,2.9430000000036465
3.291999999999859,1.493756856795826e-06,-6.125806593903682e-06,4.822218810384027e-06,1.945155297884669e-12,2.9430000000016414,2.9430000000035865
3.293999999999859,1.4815552240371292e-06,-6.07576843537105e-06,4.7828289038282344e-06,1.9135073953865666e-12,2.9430000000016148,2.9430000000035283
3.2959999999998586,1.469453259334382e-06,-6.026139009512385e-06,4.7437607505564536e-06,1.8823744079359247e-12,2.9430000000015886,2.943000000003471
3.2979999999998584,1.4574501485570843e-06,-5.97691497762771e-06,4.70501172235286e-06,1.8517479578051467e-12,2.9430000000015633,2.943000000003415
3.299999999999858,1.4455450842248957e-06,-5.928093028288949e-06,4.666579212469998e-06,1.8216198035732397e-12,2.9430000000015375,2.943000000003359
3.301999999999858,1.4337372654533146e-06,-5.8796698771171604e-06,4.6284606354534196e-06,1.7919818379080838e-12,2.9430000000015126,2.9430000000033045
3.3039999999998577,1.422025897899799e-06,-5.83164226656159e-06,4.590653426967748e-06,1.7628260853847942e-12,2.9430000000014878,2.943000000003251
3.3059999999998575,1.4104101937103308e-06,-5.7840069656805204e-06,4.553155043624184e-06,1.734144700339576e-12,2.943000000001464,2.943000000003198
3.3079999999998573,1.398889371466414e-06,-5.736760769923927e-06,4.515962962809386e-06,1.705929964758496e-12,2.9430000000014394,2.943000000003145
3.309999999999857,1.3874626561325066e-06,-5.68990050091789e-06,4.479074682515784e-06,1.6781742862005996e-12,2.943000000001416,2.943000000003094
3.311999999999857,1.3761292790038822e-06,-5.643423006250784e-06,4.442487721173247e-06,1.6508701957548307e-12,2.943000000001393,2.943000000003044
3.3139999999998566,1.364888477654917e-06,-5.597325159261205e-06,4.4061996174821575e-06,1.624010346030185e-12,2.94300000000137,2.943000000002994
3.3159999999998564,1.3537394958877999e-06,-5.551603858827628e-06,4.370207930247824e-06,1.5975875091785589e-12,2.9430000000013483,2.9430000000029457
3.317999999999856,1.3426815836816602e-06,-5.5062560291597925e-06,4.334510238216257e-06,1.571594574949778e-12,2.9430000000013266,2.943000000002898
3.319999999999856,1.331713997142113e-06,-5.461278619591782e-06,4.299104139911284e-06,1.5460245487782644e-12,2.9430000000013052,2.943000000002851
3.3219999999998557,1.3208359984512145e-06,-5.416668604376801e-06,4.263987253473e-06,1.5208705499008341e-12,2.9430000000012835,2.9430000000028045
3.3239999999998555,1.3100468558178277e-06,-5.372422982483622e-06,4.229157216497529e-06,1.496125809505117e-12,2.9430000000012626,2.9430000000027587
3.3259999999998553,1.2993458434283924e-06,-5.328538777394699e-06,4.194611685878106e-06,1.4717836689081083e-12,2.943000000001242,2.943000000002714
3.327999999999855,1.2887322413980983e-06,-5.285013036905932e-06,4.160348337647436e-06,1.4478375777643466e-12,2.943000000001222,2.94300000000267
3.329999999999855,1.278205335722456e-06,-5.241842832928061e-06,4.126364866821372e-06,1.424281092303253e-12,2.943000000001202,2.9430000000026264
3.3319999999998546,1.267764418229265e-06,-5.199025261289689e-06,4.0926589872438415e-06,1.4011078735951436e-12,2.943000000001183,2.943000000002584
3.3339999999998544,1.2574087865309716e-06,-5.15655744154191e-06,4.0592284314330536e-06,1.378311685845457e-12,2.9430000000011636,2.943000000002542
3.335999999999854,1.2471377439774187e-06,-5.114436516764531e-06,4.026070950428961e-06,1.355886394716731e-12,2.943000000001144,2.9430000000025
3.337999999999854,1.2369505996089803e-06,-5.0726596533738835e-06,3.9931843136419674e-06,1.3338259656778872e-12,2.9430000000011263,2.9430000000024603
3.3399999999998538,1.2268466681100782e-06,-5.0312240409322e-06,3.960566308702865e-06,1.3121244623803698e-12,2.9430000000011076,2.94300000000242
3.3419999999998535,1.2168252697630795e-06,-4.990126891958546e-06,3.928214741314009e-06,1.290776045060702e-12,2.9430000000010894,2.9430000000023804
3.3439999999998533,1.20688573040257e-06,-4.949365441741301e-06,3.896127435101694e-06,1.2697749689690358e-12,2.9430000000010716,2.9430000000023413
3.345999999999853,1.1970273813700014e-06,-4.9089369481521715e-06,3.864302231469752e-06,1.2491155828232714e-12,2.9430000000010543,2.9430000000023036
3.347999999999853,1.1872495594687094e-06,-4.868838691461716e-06,3.832736989454336e-06,1.228792327288323e-12,2.943000000001037,2.943000000002266
3.3499999999998527,1.177551606919298e-06,-4.829067974156384e-06,3.8014295855798845e-06,1.2087997334801346e-12,2.94300000000102,2.943000000002229
3.3519999999998524,1.1679328713153893e-06,-4.789622120757049e-06,3.7703779137162775e-06,1.1891324214940265e-12,2.943000000001004,2.9430000000021934
3.353999999999852,1.1583927055797347e-06,-4.75049847763902e-06,3.7395798849371514e-06,1.1697850989569933e-12,2.9430000000009877,2.9430000000021574
3.355999999999852,1.1489304679206835e-06,-4.711694412853527e-06,3.7090334273793672e-06,1.150752559603554e-12,2.943000000000971,2.9430000000021215
3.3579999999998518,1.1395455217890092e-06,-4.673207315950659e-06,3.6787364861036358e-06,1.1320296818747691e-12,2.9430000000009557,2.9430000000020877
3.3599999999998515,1.1302372358350858e-06,-4.635034597803758e-06,3.6486870229562723e-06,1.113611427540059e-12,2.9430000000009398,2.9430000000020535
3.3619999999998513,1.1210049838664166e-06,-4.5971736904352376e-06,3.6188830164320863e-06,1.0954928403414398e-12,2.9430000000009247,2.9430000000020202
3.363999999999851,1.1118481448055072e-06,-4.55962204684383e-06,3.5893224615383925e-06,1.0776690446598216e-12,2.9430000000009096,2.9430000000019874
3.365999999999851,1.1027661026480854e-06,-4.522377140833243e-06,3.5600033696601246e-06,1.0601352442030022e-12,2.943000000000895,2.943000000001955
3.3679999999998507,1.0937582464216602e-06,-4.485436466842214e-06,3.5309237684260595e-06,1.0428867207150093e-12,2.9430000000008802,2.943000000001923
3.3699999999998504,1.08482397014442e-06,-4.4487975397759586e-06,3.5020817015761276e-06,1.0259188327064452e-12,2.943000000000866,2.943000000001892
3.3719999999998502,1.0759626727844673e-06,-4.4124578948389874e-06,3.4734752288298164e-06,1.0092270142054817e-12,2.943000000000852,2.9430000000018612
3.37399999999985,1.067173758219385e-06,-4.376415087369295e-06,3.445102425755638e-06,9.928067735291824e-13,2.9430000000008376,2.9430000000018306
3.37599999999985,1.0584566351961341e-06,-4.340666692673901e-06,3.4169613836416654e-06,9.766536920748153e-13,2.943000000000824,2.9430000000018004
3.3779999999998496,1.0498107172912787e-06,-4.305210305865735e-06,3.3890502093671308e-06,9.60763423130825e-13,2.943000000000811,2.9430000000017715
3.3799999999998493,1.0412354228715351e-06,-4.270043541701853e-06,3.3613670252750763e-06,9.451316907071606e-13,2.9430000000007976,2.9430000000017427
3.381999999999849,1.032730175054645e-06,-4.235164034422977e-06,3.3339099690460308e-06,9.297542883846244e-13,2.943000000000785,2.943000000001715
3.383999999999849,1.024294401670566e-06,-4.200569437594342e-06,3.3066771935727296e-06,9.146270781829478e-13,2.943000000000772,2.9430000000016867
3.3859999999998487,1.0159275352229803e-06,-4.166257423947847e-06,3.2796668668358547e-06,8.99745989447279e-13,2.9430000000007595,2.943000000001659
3.3879999999998485,1.007629012851119e-06,-4.132225685225495e-06,3.2528771717807934e-06,8.851070177527977e-13,2.943000000000747,2.943000000001632
3.3899999999998482,9.993982762918954e-07,-4.098471932024107e-06,3.226306306195396e-06,8.707062238271361e-13,2.9430000000007355,2.9430000000016063
3.391999999999848,9.912347718423505e-07,-4.06499389364131e-06,3.1999524825887362e-06,8.565397324903486e-13,2.9430000000007226,2.9430000000015792
3.393999999999848,9.83137950322403e-07,-4.03178931792278e-06,3.1738139280708667e-06,8.426037316121142e-13,2.943000000000711,2.9430000000015535
3.3959999999998476,9.75107267037905e-07,-3.998855971110737e-06,3.1478888842335446e-06,8.288944710859155e-13,2.9430000000007,2.943000000001529
3.3979999999998474,9.671421817439988e-07,-3.96619163769367e-06,3.1221756070319497e-06,8.154082618199054e-13,2.943000000000688,2.9430000000015033
3.399999999999847,9.59242158608774e-07,-3.933794120257296e-06,3.096672366667346e-06,8.021414747441871e-13,2.943000000000677,2.943000000001479
3.401999999999847,9.514066661772192e-07,-3.901661239336732e-06,3.0713774474707224e-06,7.890905398342533e-13,2.943000000000666,2.9430000000014553
3.4039999999998467,9.436351773354714e-07,-3.869790833269882e-06,3.0462891477873676e-06,7.76251945150309e-13,2.9430000000006555,2.943000000001432
3.4059999999998465,9.35927169275354e-07,-3.838180758052012e-06,3.0214057798624077e-06,7.636222358922297e-13,2.9430000000006444,2.9430000000014083
3.4079999999998463,9.282821234592074e-07,-3.806828887191516e-06,2.9967256697272535e-06,7.511980134698868e-13,2.9430000000006338,2.943000000001385
3.409999999999846,9.20699525585005e-07,-3.7757331115668654e-06,2.9722471570869945e-06,7.389759345886097e-13,2.9430000000006236,2.9430000000013625
3.411999999999846,9.131788655517551e-07,-3.7448913392847216e-06,2.9479685952087056e-06,7.269527103495192e-13,2.9430000000006133,2.9430000000013403
3.4139999999998456,9.057196374251849e-07,-3.714301495539208e-06,2.9238883508106677e-06,7.151251053645034e-13,2.943000000000604,2.943000000001319
3.4159999999998454,8.983213394037047e-07,-3.6839615224723324e-06,2.900004803952491e-06,7.034899368855903e-13,2.9430000000005943,2.9430000000012977
3.417999999999845,8.909834737846513e-07,-3.6538693790355515e-06,2.8763163479261407e-06,6.920440739484871e-13,2.943000000000584,2.943000000001276
3.419999999999845,8.837055469308053e-07,-3.6240230408524612e-06,2.8528213891478466e-06,6.807844365300527e-13,2.9430000000005747,2.9430000000012555
3.4219999999998447,8.764870692371832e-07,-3.5944205000826146e-06,2.829518347050896e-06,6.697079947194806e-13,2.9430000000005654,2.943000000001235
3.4239999999998445,8.693275550981006e-07,-3.5650597652864475e-06,2.8064056539793132e-06,6.588117679029649e-13,2.9430000000005565,2.9430000000012155
3.4259999999998443,8.62226522874504e-07,-3.5359388612913096e-06,2.7834817550823923e-06,6.480928239616323e-13,2.9430000000005467,2.9430000000011947
3.427999999999844,8.551834948615698e-07,-3.5070558290585893e-06,2.760745108210099e-06,6.375482784825238e-13,2.943000000000538,2.9430000000011756
3.429999999999844,8.481979972565678e-07,-3.4784087255519248e-06,2.73819418380933e-06,6.271752939824138e-13,2.9430000000005294,2.9430000000011565
3.4319999999998436,8.412695601269874e-07,-3.4499956236064903e-06,2.7158274648210104e-06,6.169710791442589e-13,2.9430000000005205,2.9430000000011374
3.4339999999998434,8.343977173789238e-07,-3.421814611799351e-06,2.6936434465780434e-06,6.069328880660676e-13,2.943000000000512,2.943000000001119
3.435999999999843,8.275820067257229e-07,-3.3938637943208772e-06,2.671640636704083e-06,5.970580195219925e-13,2.9430000000005037,2.9430000000011005
3.437999999999843,8.208219696568818e-07,-3.3661412908472065e-06,2.64981755501314e-06,5.873438162354439e-13,2.943000000000496,2.9430000000010836
3.4399999999998427,8.141171514072038e-07,-3.3386452364137518e-06,2.6281727334100044e-06,5.777876641640325e-13,2.9430000000004877,2.9430000000010654
3.4419999999998425,8.074671009262053e-07,-3.3113737812897385e-06,2.6067047157914848e-06,5.683869917961395e-13,2.9430000000004797,2.943000000001048
3.4439999999998423,8.008713708477722e-07,-3.2843250908537696e-06,2.5854120579484506e-06,5.591392694589402e-13,2.9430000000004717,2.943000000001031
3.445999999999842,7.943295174600646e-07,-3.257497345470405e-06,2.564293327468678e-06,5.500420086376808e-13,2.943000000000464,2.9430000000010144
3.447999999999842,7.878411006756668e-07,-3.230888740367751e-06,2.5433471036404875e-06,5.410927613060298e-13,2.9430000000004566,2.9430000000009975
3.4499999999998416,7.814056840019821e-07,-3.2044974855160473e-06,2.522571977357168e-06,5.322891192673301e-13,2.9430000000004486,2.943000000000981
3.4519999999998414,7.750228345118683e-07,-3.1783218055072486e-06,2.501966551022184e-06,5.236287135065625e-13,2.943000000000442,2.9430000000009655
3.453999999999841,7.686921228145138e-07,-3.1523599394355864e-06,2.481529438455156e-06,5.151092135528577e-13,2.9430000000004344,2.9430000000009495
3.455999999999841,7.624131230265514e-07,-3.12661014077911e-06,2.461259264798604e-06,5.067283268523779e-13,2.9430000000004273,2.943000000000934
3.4579999999998408,7.561854127434077e-07,-3.1010706772821925e-06,2.441154666425463e-06,4.984837981514023e-13,2.943000000000421,2.9430000000009193
3.4599999999998405,7.500085730108872e-07,-3.075739830838998e-06,2.421214290847347e-06,4.9037340888945e-13,2.9430000000004135,2.943000000000904
3.4619999999998403,7.438821882969882e-07,-3.0506158973779e-06,2.40143679662356e-06,4.823949766022767e-13,2.9430000000004073,2.9430000000008896
3.46399999999984,7.378058464639486e-07,-3.025697186746844e-06,2.3818208532708586e-06,4.745463543345845e-13,2.9430000000004006,2.9430000000008754
3.46599999999984,7.317791387405204e-07,-3.0009820225996463e-06,2.362365141173945e-06,4.668254300622877e-13,2.943000000000394,2.9430000000008607
3.4679999999998397,7.258016596944709e-07,-2.9764687422832225e-06,2.3430683514966905e-06,4.592301261241774e-13,2.9430000000003873,2.9430000000008465
3.4699999999998394,7.198730072053077e-07,-2.9521556967257367e-06,2.3239291860940906e-06,4.5175839866283404e-13,2.943000000000381,2.9430000000008327
3.471999999999839,7.139927824372274e-07,-2.9280412503256622e-06,2.304946357424935e-06,4.444082370746349e-13,2.9430000000003753,2.94300000000082
3.473999999999839,7.08160589812285e-07,-2.9041237808417535e-06,2.286118588465187e-06,4.3717766346871253e-13,2.9430000000003695,2.9430000000008065
3.4759999999998388,7.023760369837819e-07,-2.8804016792839113e-06,2.267444612622082e-06,4.3006473213471333e-13,2.943000000000363,2.9430000000007928
3.4779999999998386,6.96638734809872e-07,-2.856873349804943e-06,2.248923173648913e-06,4.2306752901921604e-13,2.943000000000357,2.9430000000007803
3.4799999999998383,6.90948297327383e-07,-2.833537209593205e-06,2.230553025560526e-06,4.161841712106714e-13,2.943000000000352,2.943000000000768
3.481999999999838,6.85304341725852e-07,-2.8103916887661237e-06,2.212332932549495e-06,4.0941280643272035e-13,2.943000000000346,2.9430000000007555
3.483999999999838,6.797064883217723e-07,-2.7874352302645846e-06,2.1942616689029877e-06,4.027516125457542e-13,2.9430000000003402,2.943000000000743
3.4859999999998377,6.741543605330516e-07,-2.764666289748186e-06,2.1763380189203075e-06,3.961987970565872e-13,2.943000000000335,2.943000000000731
3.4879999999998375,6.686475848536779e-07,-2.742083335491346e-06,2.158560776831114e-06,3.8975259663610673e-13,2.9430000000003287,2.9430000000007186
3.4899999999998372,6.631857908285932e-07,-2.71968484828026e-06,2.140928746714302e-06,3.834112766447684e-13,2.9430000000003234,2.9430000000007066
3.491999999999837,6.577686110287718e-07,-2.6974693213106997e-06,2.123440742417554e-06,3.7717313066581544e-13,2.943000000000318,2.943000000000695
3.493999999999837,6.523956810265026e-07,-2.675435260086646e-06,2.1060955874775405e-06,3.710364800460893e-13,2.9430000000003127,2.9430000000006835
3.4959999999998366,6.470666393708727e-07,-2.653581182319749e-06,2.0888921150407786e-06,3.649996734443138e-13,2.9430000000003083,2.9430000000006733
3.4979999999998364,6.417811275634519e-07,-2.631905617829614e-06,2.071829167785135e-06,3.590610863867257e-13,2.9430000000003034,2.9430000000006626
3.499999999999836,6.365387900341759e-07,-2.6104071084448947e-06,2.054905597841968e-06,3.532191208299405e-13,2.943000000000298,2.943000000000651
3.501999999999836,6.313392741174257e-07,-2.5890842079052016e-06,2.0381202667189095e-06,3.4747220473092284e-13,2.9430000000002936,2.943000000000641
3.5039999999998357,6.261822300283029e-07,-2.5679354817638063e-06,2.0214720452232747e-06,3.4181879162396217e-13,2.9430000000002883,2.9430000000006302
3.5059999999998355,6.210673108390992e-07,-2.546959507291143e-06,2.004959813386098e-06,3.362573602045225e-13,2.9430000000002834,2.9430000000006196
3.5079999999998353,6.159941724559571e-07,-2.5261548733790986e-06,1.98858246038679e-06,3.307864139198708e-13,2.9430000000002794,2.9430000000006102
3.509999999999835,6.109624735957224e-07,-2.505520180446082e-06,1.9723388844784116e-06,3.254044805663603e-13,2.9430000000002745,2.9430000000006
3.511999999999835,6.059718757629846e-07,-2.485054040342873e-06,1.9562279929135525e-06,3.2011011189326807e-13,2.9430000000002696,2.94300000000059
3.5139999999998346,6.010220432273059e-07,-2.4647550762592355e-06,1.9402487018708227e-06,3.149018832130786e-13,2.943000000000266,2.943000000000581
3.5159999999998344,5.961126430006357e-07,-2.4446219226312983e-06,1.9243999363819415e-06,3.0977839301810853e-13,2.9430000000002616,2.9430000000005716
3.517999999999834,5.912433448149093e-07,-2.424653225049688e-06,1.908680630259418e-06,3.0473826260336595e-13,2.9430000000002576,2.9430000000005623
3.519999999999834,5.864138210998302e-07,-2.404847640168416e-06,1.8930897260248298e-06,2.997801356955504e-13,2.943000000000253,2.943000000000553
3.5219999999998337,5.816237469608335e-07,-2.385203835614506e-06,1.8776261748376808e-06,2.9490267808808436e-13,2.9430000000002488,2.9430000000005436
3.5239999999998335,5.768728001572296e-07,-2.365720489898365e-06,1.8622889364248442e-06,2.9010457728208696e-13,2.943000000000245,2.943000000000535
3.5259999999998333,5.721606610805258e-07,-2.34639629232488e-06,1.847076979010582e-06,2.853845421331862e-13,2.9430000000002408,2.9430000000005263
3.527999999999833,5.674870127329256e-07,-2.3272299429052465e-06,1.8319892792471314e-06,2.8074130250407914e-13,2.943000000000237,2.943000000000518
3.529999999999833,5.62851540706004e-07,-2.3082201522695136e-06,1.8170248221458648e-06,2.761736089227436e-13,2.9430000000002337,2.94300000000051
3.5319999999998326,5.582539331595555e-07,-2.2893656415798455e-06,1.8021826010090075e-06,2.716802322462129e-13,2.943000000000229,2.943000000000501
3.5339999999998324,5.536938808006164e-07,-2.27066514244449e-06,1.7874616173619137e-06,2.6725996332981896e-13,2.9430000000002257,2.943000000000493
3.535999999999832,5.491710768626576e-07,-2.252117396832451e-06,1.7728608808858978e-06,2.6291161270181734e-13,2.943000000000222,2.943000000000485
3.537999999999832,5.446852170849479e-07,-2.2337211569888576e-06,1.7583794093516137e-06,2.586340102433077e-13,2.9430000000002186,2.943000000000477
3.5399999999998317,5.402359996920852e-07,-2.2154751853510243e-06,1.7440162285529759e-06,2.544260048733594e-13,2.943000000000215,2.9430000000004695
3.5419999999998315,5.358231253736956e-07,-2.1973782544651964e-06,1.7297703722416225e-06,2.5028646423926287e-13,2.943000000000211,2.9430000000004615
3.5439999999998313,5.314462972642981e-07,-2.179429146903977e-06,1.7156408820619147e-06,2.4621427441181745e-13,2.943000000000208,2.943000000000454
3.545999999999831,5.271052209233332e-07,-2.161626655184427e-06,1.7016268074864636e-06,2.4220833958558105e-13,2.943000000000205,2.943000000000447
3.547999999999831,5.227996043153557e-07,-2.1439695816868343e-06,1.687727205752188e-06,2.3826758178399267e-13,2.9430000000002017,2.94300000000044
3.5499999999998306,5.185291577903881e-07,-2.126456738574147e-06,1.6739411417968901e-06,2.3439094056929543e-13,2.943000000000198,2.9430000000004326
3.5519999999998304,5.142935940644359e-07,-2.109086947712065e-06,1.6602676881963538e-06,2.305773727571777e-13,2.9430000000001946,2.943000000000425
3.55399999999983,5.100926282001604e-07,-2.0918590405897834e-06,1.6467059251019506e-06,2.2682585213605745e-13,2.9430000000001915,2.9430000000004184
3.55599999999983,5.059259775877108e-07,-2.0747718582413834e-06,1.6332549401787652e-06,2.2313536919093467e-13,2.9430000000001884,2.9430000000004113
3.5579999999998297,5.017933619257123e-07,-2.0578242511678667e-06,1.6199138285442129e-06,2.1950493083173544e-13,2.943000000000185,2.943000000000404
3.5599999999998295,4.976945032024091e-07,-2.041015079259825e-06,1.606681692707172e-06,2.1593356012607624e-13,2.943000000000182,2.943000000000398
3.5619999999998293,4.936291256769622e-07,-2.0243432117207416e-06,1.5935576425076046e-06,2.124202960363775e-13,2.943000000000179,2.9430000000003913
3.563999999999829,4.895969558608994e-07,-2.007807526990921e-06,1.5805407950566722e-06,2.089641931612521e-13,2.9430000000001764,2.9430000000003855
3.565999999999829,4.855977224997171e-07,-1.991406912672037e-06,1.567630274677345e-06,2.055643214811036e-13,2.9430000000001733,2.943000000000379
3.5679999999998286,4.816311565546323e-07,-1.9751402654523e-06,1.5548252128454883e-06,2.0221976610786207e-13,2.9430000000001706,2.9430000000003727
3.5699999999998284,4.776969911844838e-07,-1.9590064910322344e-06,1.5421247481314388e-06,1.9892962703879263e-13,2.943000000000168,2.943000000000367
3.571999999999828,4.7379496172778067e-07,-1.943004504051061e-06,1.5295280261420501e-06,1.9569301891430978e-13,2.9430000000001653,2.943000000000361
3.573999999999828,4.699248056848984e-07,-1.927133228013684e-06,1.5170341994632187e-06,1.9250907077973088e-13,2.9430000000001626,2.943000000000355
3.5759999999998278,4.660862627004193e-07,-1.91139159521827e-06,1.5046424276028755e-06,1.8937692585090727e-13,2.94300000000016,2.943000000000349
3.5779999999998275,4.6227907454561814e-07,-1.8957785466844234e-06,1.4923518769344436e-06,1.8629574128366782e-13,2.9430000000001577,2.9430000000003442
3.5799999999998273,4.5850298510109027e-07,-1.8802930320819438e-06,1.4801617206407562e-06,1.8326468794701377e-13,2.943000000000155,2.9430000000003385
3.581999999999827,4.5475774033952165e-07,-1.8649340096601692e-06,1.4680711386584365e-06,1.8028295020000414e-13,2.9430000000001524,2.9430000000003327
3.583999999999827,4.5104308830860007e-07,-1.8497004461778934e-06,1.45607931762273e-06,1.7734972567227058e-13,2.9430000000001497,2.943000000000327
3.5859999999998267,4.4735877911406545e-07,-1.8345913168338589e-06,1.4441854508127866e-06,1.7446422504810392e-13,2.943000000000147,2.9430000000003216
3.5879999999998264,4.437045649028989e-07,-1.819605605197814e-06,1.4323887380973906e-06,1.7162567185405303e-13,2.943000000000145,2.9430000000003163
3.589999999999826,4.40080199846649e-07,-1.804742303142136e-06,1.4206883858811336e-06,1.688333022499803e-13,2.943000000000142,2.943000000000311
3.591999999999826,4.3648544012489426e-07,-1.790000410774012e-06,1.409083607051027e-06,1.660863648235153e-13,2.943000000000141,2.943000000000307
3.593999999999826,4.329200439088406e-07,-1.7753789363681726e-06,1.3975736209235526e-06,1.6338412038785473e-13,2.943000000000138,2.9430000000003016
3.5959999999998256,4.2938377134505313e-07,-1.7608768963001768e-06,1.3861576531921422e-06,1.607258417828498e-13,2.943000000000136,2.9430000000002967
3.5979999999998253,4.258763845393204e-07,-1.7464933149802408e-06,1.374834935875088e-06,1.581108136793322e-13,2.9430000000001333,2.9430000000002914
3.599999999999825,4.2239764754065066e-07,-1.732227224787607e-06,1.3636047072638793e-06,1.5553833238662187e-13,2.943000000000131,2.9430000000002865
3.601999999999825,4.1894732632539895e-07,-1.7180776660054509e-06,1.3524662118719608e-06,1.5300770566316802e-13,2.9430000000001297,2.943000000000283
3.6039999999998247,4.1552518878152356e-07,-1.7040436867563172e-06,1.3414187003839071e-06,1.5051825253027032e-13,2.943000000000127,2.9430000000002776
3.6059999999998245,4.1213100469297133e-07,-1.690124342938085e-06,1.3304614296050165e-06,1.4806930308883069e-13,2.943000000000125,2.9430000000002727
3.6079999999998242,4.0876454572419044e-07,-1.6763186981604562e-06,1.3195936624113134e-06,1.456601983390873e-13,2.943000000000123,2.9430000000002687
3.609999999999824,4.054255854047697e-07,-1.662625823681961e-06,1.30881466769996e-06,1.4329029000328083e-13,2.943000000000121,2.9430000000002643
3.611999999999824,4.021138991142032e-07,-1.6490447983474797e-06,1.2981237203400735e-06,1.4095894035120668e-13,2.943000000000119,2.94300000000026
3.6139999999998236,3.988292640667795e-07,-1.6355747085262743e-06,1.2875201011239433e-06,1.3866552202860431e-13,2.943000000000117,2.9430000000002554
3.6159999999998234,3.9557145929659456e-07,-1.6222146480505256e-06,1.2770030967186511e-06,1.3640941788834002e-13,2.943000000000115,2.9430000000002514
3.617999999999823,3.923402656426863e-07,-1.608963718154374e-06,1.2665719996180783e-06,1.341900208243356e-13,2.943000000000113,2.943000000000247
3.619999999999823,3.891354657342915e-07,-1.595821027413456e-06,1.2562261080953164e-06,1.3200673360819917e-13,2.943000000000111,2.943000000000243
3.6219999999998227,3.8595684397622244e-07,-1.5827856916849367e-06,1.2459647261554544e-06,1.2985896872851408e-13,2.9430000000001098,2.9430000000002394
3.6239999999998225,3.8280418653436344e-07,-1.5698568340480305e-06,1.235787163488761e-06,1.2774614823274284e-13,2.9430000000001075,2.9430000000002354
3.6259999999998223,3.796772813212856e-07,-1.557033584745009e-06,1.2256927354242436e-06,1.256677035717026e-13,2.943000000000106,2.943000000000232
3.627999999999822,3.7657591798197897e-07,-1.54431508112269e-06,1.2156807628835902e-06,1.2362307544657178e-13,2.9430000000001044,2.943000000000228
3.629999999999822,3.7349988787970175e-07,-1.5317004675744037e-06,1.205750572335485e-06,1.2161171365838567e-13,2.943000000000103,2.9430000000002248
3.6319999999998216,3.7044898408194457e-07,-1.5191888954824353e-06,1.1959014957502987e-06,1.1963307695998038e-13,2.9430000000001013,2.9430000000002208
3.6339999999998214,3.674230013465095e-07,-1.5067795231609353e-06,1.1861328705551477e-06,1.1768663291034637e-13,2.943000000000099,2.9430000000002168
3.635999999999821,3.644217361077032e-07,-1.4944715157992975e-06,1.176444039589323e-06,1.15771857731351e-13,2.943000000000098,2.943000000000214
3.637999999999821,3.6144498646264206e-07,-1.4822640454059989e-06,1.1668343510600792e-06,1.1388823616679288e-13,2.943000000000096,2.9430000000002097
3.6399999999998207,3.584925521576702e-07,-1.4701562907528985e-06,1.1573031584987874e-06,1.120352613437485e-13,2.943000000000095,2.943000000000207
3.6419999999998205,3.5556423457488745e-07,-1.4581474373199918e-06,1.1478498207174462e-06,1.10212434636176e-13,2.943000000000093,2.943000000000203
3.6439999999998203,3.526598367187881e-07,-1.446236677240615e-06,1.1384737017655462e-06,1.0841926553073681e-13,2.9430000000000915,2.9430000000002
3.64599999999982,3.497791632030083e-07,-1.4344232092470981e-06,1.1291741708872893e-06,1.0665527149480153e-13,2.94300000000009,2.943000000000197
3.64799999999982,3.4692202023718204e-07,-1.4227062386168622e-06,1.1199506024791547e-06,1.0491997784660246e-13,2.943000000000089,2.9430000000001937
3.6499999999998196,3.4408821561390427e-07,-1.4110849771189556e-06,1.1108023760478143e-06,1.0321291762749965e-13,2.943000000000087,2.94300000000019
3.6519999999998194,3.4127755869580075e-07,-1.3995586429610273e-06,1.1017288761683898e-06,1.0153363147632408e-13,2.9430000000000858,2.9430000000001875
3.653999999999819,3.384898604027033e-07,-1.3881264607367348e-06,1.0927294924430507e-06,9.988166750576648e-14,2.9430000000000844,2.9430000000001844
3.655999999999819,3.3572493319892986e-07,-1.3767876613735798e-06,1.083803619459953e-06,9.825658118077662e-14,2.943000000000083,2.9430000000001812
3.6579999999998187,3.329825910806685e-07,-1.3655414820811708e-06,1.0749506567525102e-06,9.665793519894095e-14,2.9430000000000818,2.9430000000001786
3.6599999999998185,3.3026264956346444e-07,-1.3543871662999085e-06,1.066170008758999e-06,9.508529937280712e-14,2.9430000000000804,2.9430000000001755
3.6619999999998183,3.2756492566980944e-07,-1.3433239636500892e-06,1.0574610847824947e-06,9.353825051412247e-14,2.943000000000079,2.943000000000173
3.663999999999818,3.248892379168322e-07,-1.3323511298814263e-06,1.0488232989511312e-06,9.20163723199563e-14,2.9430000000000778,2.9430000000001697
3.665999999999818,3.2223540630408977e-07,-1.3214679268229813e-06,1.0402560701786917e-06,9.051925526067505e-14,2.9430000000000764,2.943000000000167
3.6679999999998176,3.1960325230145825e-07,-1.310673622333506e-06,1.0317588221255137e-06,8.904649646973978e-14,2.943000000000075,2.9430000000001644
3.6699999999998174,3.169925988371227e-07,-1.2999674902521885e-06,1.0233309831597206e-06,8.759769963529689e-14,2.9430000000000742,2.9430000000001617
3.671999999999817,3.1440327028566516e-07,-1.2893488103498035e-06,1.0149719863187633e-06,8.617247489353261e-14,2.9430000000000724,2.9430000000001586
3.673999999999817,3.1183509245624964e-07,-1.2788168682802605e-06,1.0066812692712813e-06,8.477043872376274e-14,2.9430000000000716,2.9430000000001564
3.6759999999998167,3.092878925809041e-07,-1.268370955532547e-06,9.984582742792728e-07,8.339121384522902e-14,2.9430000000000702,2.9430000000001537
3.6779999999998165,3.067614993028977e-07,-1.258010369383066e-06,9.903024481605734e-07,8.203442911557517e-14,2.9430000000000693,2.9430000000001515
3.6799999999998163,3.042557426652134e-07,-1.2477344128483622e-06,9.822132422516436e-07,8.069971943097382e-14,2.9430000000000685,2.9430000000001493
3.681999999999816,3.017704540991142e-07,-1.2375423946382324e-06,9.741901123706572e-07,7.938672562787952e-14,2.943000000000067,2.9430000000001466
3.683999999999816,2.993054664128035e-07,-1.227433629109223e-06,9.662325187808936e-07,7.809509438637924e-14,2.9430000000000662,2.9430000000001444
3.6859999999998156,2.968606137801772e-07,-1.217407436218503e-06,9.583399261544285e-07,7.682447813511599e-14,2.9430000000000645,2.9430000000001413
3.6879999999998154,2.9443573172966855e-07,-1.2074631414781172e-06,9.5051180353612e-07,7.557453495775908e-14,2.943000000000064,2.9430000000001395
3.689999999999815,2.9203065713318355e-07,-1.1976000759096106e-06,9.427476243078917e-07,7.434492850099631e-14,2.943000000000063,2.9430000000001373
3.691999999999815,2.8964522819512685e-07,-1.1878175759990252e-06,9.350468661533036e-07,7.313532788402276e-14,2.9430000000000613,2.9430000000001346
3.6939999999998148,2.872792844415175e-07,-1.178114983652263e-06,9.274090110224161e-07,7.194540760950275e-14,2.943000000000061,2.943000000000133
3.6959999999998145,2.8493266670919335e-07,-1.1684916461508152e-06,9.198335450969384e-07,7.077484747597999e-14,2.9430000000000596,2.94300000000013
3.6979999999998143,2.8260521713510364e-07,-1.1589469161078514e-06,9.123199587556636e-07,6.9623332491713e-14,2.9430000000000587,2.9430000000001284
3.699999999999814,2.802967791456893e-07,-1.1494801514246685e-06,9.048677465401846e-07,6.849055278991264e-14,2.943000000000058,2.943000000000126
3.701999999999814,2.780071974463498e-07,-1.1400907152474948e-06,8.974764071208906e-07,6.73762035453582e-14,2.943000000000057,2.9430000000001244
3.7039999999998137,2.7573631801099617e-07,-1.1307779759246477e-06,8.901454432632404e-07,6.627998489237087e-14,2.943000000000056,2.943000000000122
3.7059999999998134,2.7348398807168895e-07,-1.1215413069640407e-06,8.828743617943146e-07,6.520160184412119e-14,2.943000000000055,2.9430000000001204
3.7079999999998132,2.7125005610836144e-07,-1.1123800869910371e-06,8.756626735696366e-07,6.414076421324964e-14,2.9430000000000542,2.943000000000118
3.709999999999813,2.690343718386264e-07,-1.1032936997066493e-06,8.68509893440267e-07,6.309718653377872e-14,2.943000000000053,2.943000000000116
3.711999999999813,2.6683678620766613e-07,-1.0942815338460782e-06,8.614155402201667e-07,6.207058798429554e-14,2.9430000000000525,2.9430000000001146
3.7139999999998126,2.646571513782053e-07,-1.0853429831375922e-06,8.543791366538257e-07,6.106069231238416e-14,2.9430000000000516,2.9430000000001124
3.7159999999998123,2.6249532072056547e-07,-1.0764774462617416e-06,8.474002093841578e-07,6.006722776028761e-14,2.943000000000051,2.943000000000111
3.717999999999812,2.603511488028009e-07,-1.067684326810906e-06,8.404782889206558e-07,5.90899269917791e-14,2.94300000000005,2.943000000000109
3.719999999999812,2.58224491380915e-07,-1.0589630332491732e-06,8.336129096078076e-07,5.812852702022326e-14,2.943000000000049,2.943000000000107
3.7219999999998117,2.5611520538915665e-07,-1.0503129788725439e-06,8.268036095937715e-07,5.718276913780786e-14,2.9430000000000485,2.9430000000001058
3.7239999999998115,2.540231489303959e-07,-1.0417335817694636e-06,8.200499307993046e-07,5.625239884592679e-14,2.943000000000048,2.9430000000001044
3.7259999999998112,2.51948181266578e-07,-1.0332242647816757e-06,8.133514188869478e-07,5.5337165786695835e-14,2.9430000000000462,2.9430000000001018
3.727999999999811,2.498901628092557e-07,-1.024784455465394e-06,8.067076232304614e-07,5.4436823675582515e-14,2.943000000000046,2.9430000000001004
3.729999999999811,2.478489551101988e-07,-1.0164135860527935e-06,8.001180968845095e-07,5.355113023513239e-14,2.9430000000000454,2.943000000000099
3.7319999999998106,2.458244208520803e-07,-1.0081110934138152e-06,7.935823965545931e-07,5.26798471297733e-14,2.9430000000000445,2.9430000000000973
3.7339999999998104,2.438164238392388e-07,-9.998764190182824e-07,7.871000825672289e-07,5.18227399016805e-14,2.9430000000000436,2.9430000000000955
3.73599999999981,2.4182482898851606e-07,-9.917090088983274e-07,7.806707188403709e-07,5.0979577907685277e-14,2.943000000000043,2.943000000000094
3.73799999999981,2.3984950232016994e-07,-9.836083136111245e-07,7.742938728540745e-07,5.015013425721001e-14,2.9430000000000427,2.943000000000093
3.7399999999998097,2.3789031094886095e-07,-9.755737882019274e-07,7.679691156213992e-07,4.93341857512132e-14,2.943000000000042,2.943000000000091
3.7419999999998095,2.359471230747128e-07,-9.67604892167409e-07,7.6169602165955e-07,4.853151282212759e-14,2.943000000000041,2.9430000000000893
3.7439999999998093,2.340198079744459e-07,-9.597010894193e-07,7.554741689612542e-07,4.774189947477574e-14,2.9430000000000405,2.9430000000000884
3.745999999999809,2.321082359925833e-07,-9.518618482483252e-07,7.493031389663707e-07,4.696513322824684e-14,2.94300000000004,2.943000000000087
3.747999999999809,2.3021227853272838e-07,-9.440866412884336e-07,7.431825165337339e-07,4.620100505871914e-14,2.9430000000000396,2.9430000000000858
3.7499999999998086,2.2833180804891375e-07,-9.363749454813216e-07,7.371118899132253e-07,4.5449309343212784e-14,2.9430000000000383,2.9430000000000835
3.7519999999998084,2.264666980370211e-07,-9.287262420412452e-07,7.310908507180744e-07,4.4709843804257636e-14,2.943000000000038,2.9430000000000827
3.753999999999808,2.2461682302627083e-07,-9.2114001642012e-07,7.251189938973848e-07,4.398240945546145e-14,2.9430000000000374,2.9430000000000813
3.755999999999808,2.2278205857078127e-07,-9.136157582729063e-07,7.191959177088858e-07,4.3266810547963726e-14,2.943000000000037,2.94300000000008
3.7579999999998077,2.2096228124119692e-07,-9.061529614232768e-07,7.133212236919063e-07,4.2562854517760614e-14,2.9430000000000356,2.943000000000078
3.7599999999998075,2.191573686163851e-07,-8.987511238295648e-07,7.074945166405691e-07,4.187035193388701e-14,2.943000000000035,2.943000000000077
3.7619999999998073,2.1736719927520026e-07,-8.914097475509906e-07,7.017154045772042e-07,4.1189116447441546e-14,2.9430000000000347,2.943000000000076
3.763999999999807,2.1559165278831575e-07,-8.841283387141638e-07,6.959834987259799e-07,4.051896474144114e-14,2.9430000000000343,2.9430000000000747
3.765999999999807,2.1383060971012216e-07,-8.769064074798589e-07,6.902984134867488e-07,3.985971648149131e-14,2.943000000000034,2.943000000000074
3.7679999999998066,2.1208395157069193e-07,-8.697434680100628e-07,6.846597664091069e-07,3.921119426725905e-14,2.943000000000034,2.943000000000073
3.7699999999998064,2.103515608678096e-07,-8.626390384352912e-07,6.79067178166666e-07,3.857322358473548e-14,2.9430000000000325,2.943000000000071
3.771999999999806,2.086333210590671e-07,-8.55592640822172e-07,6.735202725315344e-07,3.79456327592748e-14,2.943000000000032,2.94300000000007
3.773999999999806,2.0692911655402361e-07,-8.486038011412931e-07,6.680186763490085e-07,3.7328252909397687e-14,2.9430000000000316,2.943000000000069
3.7759999999998057,2.0523883270642964e-07,-8.416720492353138e-07,6.62562019512468e-07,3.672091790134602e-14,2.943000000000031,2.943000000000068
3.7779999999998055,2.0356235580651422e-07,-8.347969187873357e-07,6.571499349384794e-07,3.612346430437726e-14,2.943000000000031,2.943000000000067
3.7799999999998053,2.0189957307333562e-07,-8.279779472895328e-07,6.517820585421004e-07,3.5535731346786067e-14,2.94300000000003,2.9430000000000653
3.781999999999805,2.0025037264719411e-07,-8.212146760120366e-07,6.464580292123876e-07,3.4957560872641317e-14,2.9430000000000294,2.9430000000000645
3.783999999999805,1.9861464358210694e-07,-8.145066499720769e-07,6.411774887881027e-07,3.4388797299227274e-14,2.943000000000029,2.943000000000063
3.7859999999998046,1.9699227583834468e-07,-8.078534179033736e-07,6.359400820336192e-07,3.382928757517707e-14,2.943000000000029,2.9430000000000627
3.7879999999998044,1.9538316027502858e-07,-8.01254532225779e-07,6.307454566150237e-07,3.3278881139287344e-14,2.9430000000000285,2.943000000000062
3.789999999999804,1.9378718864278838e-07,-7.947095490151678e-07,6.255932630764153e-07,3.273742988000296e-14,2.9430000000000276,2.9430000000000605
3.791999999999804,1.922042535764801e-07,-7.882180279735733e-07,6.204831548163938e-07,3.220478809556098e-14,2.9430000000000276,2.94300000000006
3.7939999999998038,1.9063424858796333e-07,-7.817795323995671e-07,6.154147880647461e-07,3.1680812454783136e-14,2.9430000000000267,2.9430000000000582
3.7959999999998035,1.8907706805893745e-07,-7.753936291588815e-07,6.103878218593176e-07,3.116536195850597e-14,2.9430000000000263,2.9430000000000573
3.7979999999998033,1.8753260723383643e-07,-7.690598886552711e-07,6.054019180230756e-07,3.06582979016388e-14,2.9430000000000263,2.943000000000057
3.799999999999803,1.8600076221278167e-07,-7.627778848016131e-07,6.0045674114136e-07,3.015948383583895e-14,2.943000000000026,2.943000000000056
3.801999999999803,1.8448142994459237e-07,-7.565471949912429e-07,5.955519585393178e-07,2.966878553279403e-14,2.943000000000025,2.9430000000000547
3.8039999999998027,1.8297450821985298e-07,-7.503674000695245e-07,5.90687240259524e-07,2.918607094810189e-14,2.943000000000025,2.9430000000000542
3.8059999999998024,1.814798956640374e-07,-7.44238084305653e-07,5.858622590397842e-07,2.871121018573818e-14,2.943000000000024,2.943000000000053
3.807999999999802,1.7999749173068914e-07,-7.381588353646868e-07,5.810766902911189e-07,2.8244075463101914e-14,2.9430000000000236,2.943000000000052
3.809999999999802,1.7852719669465738e-07,-7.321292442798093e-07,5.763302120759279e-07,2.7784541076629828e-14,2.9430000000000236,2.9430000000000516
3.8119999999998018,1.7706891164538818e-07,-7.261489054248166e-07,5.716225050863318e-07,2.7332483367970265e-14,2.943000000000023,2.9430000000000507
3.8139999999998015,1.7562253848027052e-07,-7.202174164868297e-07,5.669532526226923e-07,2.68877806907073e-14,2.943000000000023,2.9430000000000502
3.8159999999998013,1.7418797989803661e-07,-7.143343784392299e-07,5.623221405723069e-07,2.6450313377626302e-14,2.9430000000000223,2.943000000000049
3.817999999999801,1.727651393922163e-07,-7.084993955148153e-07,5.577288573882767e-07,2.601996370851211e-14,2.9430000000000223,2.9430000000000485
3.819999999999801,1.7135392124464476e-07,-7.027120751791769e-07,5.531730940685491e-07,2.5596615878471175e-14,2.9430000000000214,2.943000000000047
3.8219999999998007,1.6995423051902328e-07,-6.969720281042913e-07,5.486545441351301e-07,2.5180155966768922e-14,2.9430000000000214,2.9430000000000467
3.8239999999998004,1.6856597305453268e-07,-6.912788681423294e-07,5.441729036134661e-07,2.4770471906174454e-14,2.943000000000021,2.943000000000046
3.8259999999998002,1.6718905545949885e-07,-6.856322122996802e-07,5.397278710119955e-07,2.4367453452803644e-14,2.9430000000000205,2.943000000000045
3.8279999999998,1.6582338510511007e-07,-6.800316807111847e-07,5.353191473018661e-07,2.3970992156453192e-14,2.9430000000000205,2.9430000000000445
3.8299999999998,1.6446887011918566e-07,-6.744768966145822e-07,5.309464358968191e-07,2.3580981331417218e-14,2.9430000000000196,2.943000000000043
3.8319999999997996,1.6312541937999538e-07,-6.689674863251642e-07,5.266094426332362e-07,2.319731602777861e-14,2.9430000000000196,2.9430000000000427
3.8339999999997993,1.6179294251012956e-07,-6.635030792106353e-07,5.223078757503515e-07,2.281989300316765e-14,2.943000000000019,2.943000000000042
3.835999999999799,1.6047134987041916e-07,-6.580833076661808e-07,5.180414458706229e-07,2.24486106949799e-14,2.943000000000019,2.943000000000042
3.837999999999799,1.591605525539054e-07,-6.527078070897361e-07,5.138098659802659e-07,2.208336919304633e-14,2.943000000000019,2.9430000000000414
3.8399999999997987,1.5786046237985896e-07,-6.473762158574591e-07,5.096128514099452e-07,2.1724070212747958e-14,2.9430000000000183,2.94300000000004
3.8419999999997985,1.565709918878476e-07,-6.420881752994031e-07,5.054501198156235e-07,2.137061706856792e-14,2.9430000000000183,2.9430000000000396
3.8439999999997982,1.5529205433185266e-07,-6.368433296753881e-07,5.013213911595683e-07,2.102291464807397e-14,2.943000000000018,2.9430000000000387
3.845999999999798,1.5402356367443331e-07,-6.31641326151069e-07,4.972263876915129e-07,2.068086938632418e-14,2.943000000000018,2.9430000000000387
3.847999999999798,1.5276543458093868e-07,-6.264818147741997e-07,4.931648339299714e-07,2.0344389240689064e-14,2.943000000000017,2.9430000000000374
3.8499999999997976,1.515175824137671e-07,-6.21364448451091e-07,4.891364566437061e-07,2.0013383666083412e-14,2.943000000000017,2.943000000000037
3.8519999999997974,1.502799232266724e-07,-6.162888829232604e-07,4.851409848333464e-07,1.9687763590601074e-14,2.9430000000000165,2.943000000000036
3.853999999999797,1.4905237375911647e-07,-6.112547767442735e-07,4.811781497131589e-07,1.936744139154613e-14,2.9430000000000165,2.943000000000036
3.855999999999797,1.478348514306683e-07,-6.062617912567732e-07,4.772476846929647e-07,1.9052330871854123e-14,2.9430000000000165,2.9430000000000356
3.8579999999997967,1.4662727433544847e-07,-6.013095905696979e-07,4.7334932536020486e-07,1.8742347236896827e-14,2.9430000000000156,2.9430000000000343
3.8599999999997965,1.454295612366191e-07,-5.963978415356853e-07,4.6948280946215337e-07,1.8437407071664433e-14,2.9430000000000156,2.9430000000000343
3.8619999999997963,1.4424163156091894e-07,-5.915262137286604e-07,4.6564787688827505e-07,1.813742831831909e-14,2.943000000000015,2.9430000000000334
3.863999999999796,1.4306340539324296e-07,-5.86694379421607e-07,4.6184426965272606e-07,1.7842330254113425e-14,2.943000000000015,2.943000000000033
3.865999999999796,1.4189480347126617e-07,-5.819020135645208e-07,4.5807173187699923e-07,1.755203346966856e-14,2.943000000000015,2.943000000000033
3.8679999999997956,1.4073574718011156e-07,-5.771487937625422e-07,4.543300097727106e-07,1.726645984760546e-14,2.9430000000000143,2.9430000000000316
3.8699999999997954,1.395861585470614e-07,-5.724344002542681e-07,4.5061885162452656e-07,1.698553254152387e-14,2.9430000000000143,2.943000000000031
3.871999999999795,1.3844596023631185e-07,-5.677585158902409e-07,4.469380077732293e-07,1.6709175955323414e-14,2.9430000000000143,2.943000000000031
3.873999999999795,1.3731507554377037e-07,-5.631208261116125e-07,4.432872305989225e-07,1.6437315722861054e-14,2.943000000000014,2.9430000000000303
3.8759999999997947,1.361934283918956e-07,-5.585210189289836e-07,4.3966627450437313e-07,1.616987868793948e-14,2.943000000000014,2.94300000000003
3.8779999999997945,1.3508094332457947e-07,-5.539587849014154e-07,4.360748958984893e-07,1.5906792884621266e-14,2.943000000000014,2.94300000000003
3.8799999999997943,1.3397754550207108e-07,-5.494338171156123e-07,4.3251285317993354e-07,1.5647987517863122e-14,2.9430000000000134,2.943000000000029
3.881999999999794,1.3288316069594197e-07,-5.449458111652754e-07,4.289799067208693e-07,1.5393392944465302e-14,2.9430000000000134,2.943000000000029
3.883999999999794,1.317977152840927e-07,-5.40494465130624e-07,4.2547581885084094e-07,1.5142940654331043e-14,2.9430000000000134,2.9430000000000285
3.8859999999997936,1.3072113624579997e-07,-5.360794795580851e-07,4.2200035384078444e-07,1.4896563252030796e-14,2.9430000000000125,2.9430000000000276
3.8879999999997934,1.296533511568044e-07,-5.317005574401479e-07,4.1855327788717027e-07,1.4654194438666467e-14,2.9430000000000125,2.943000000000027
3.889999999999793,1.2859428818443839e-07,-5.273574041953837e-07,4.1513435909627373e-07,1.4415768994030732e-14,2.9430000000000125,2.9430000000000267
3.891999999999793,1.2754387608279363e-07,-5.230497276486285e-07,4.1174336746857544e-07,1.4181222759056625e-14,2.9430000000000116,2.943000000000026
3.8939999999997927,1.2650204418792835e-07,-5.187772380113275e-07,4.0838007488328883e-07,1.3950492618552623e-14,2.9430000000000116,2.9430000000000254
3.8959999999997925,1.2546872241311347e-07,-5.145396478620406e-07,4.050442550830133e-07,1.3723516484218716e-14,2.9430000000000116,2.9430000000000254
3.8979999999997923,1.2444384124411776e-07,-5.103366721271066e-07,4.0173568365851386e-07,1.3500233277938741e-14,2.943000000000011,2.9430000000000245
3.899999999999792,1.2342733173453132e-07,-5.061680280614653e-07,3.984541380336243e-07,1.3280582915344565e-14,2.943000000000011,2.9430000000000245
3.901999999999792,1.2241912550112754e-07,-5.020334352296372e-07,3.951993974502741e-07,1.30645062896477e-14,2.943000000000011,2.943000000000024
3.9039999999997916,1.2141915471926265e-07,-4.979326154868571e-07,3.919712429536366e-07,1.2851945255733984e-14,2.943000000000011,2.943000000000024
3.9059999999997914,1.2042735211831304e-07,-4.938652929603632e-07,3.887694573774011e-07,1.2642842614517e-14,2.9430000000000107,2.943000000000023
3.907999999999791,1.1944365097714978e-07,-4.898311940308381e-07,3.8559382532916135e-07,1.2437142097546096e-14,2.9430000000000107,2.943000000000023
3.909999999999791,1.184679851196501e-07,-4.858300473140016e-07,3.824441331759273e-07,1.2234788351864862e-14,2.9430000000000107,2.943000000000023
3.9119999999997908,1.175002889102456e-07,-4.818615836423544e-07,3.793201690297527e-07,1.203572692511591e-14,2.9430000000000107,2.9430000000000227
3.9139999999997905,1.1654049724950672e-07,-4.779255360470703e-07,3.762217227334808e-07,1.1839904250888028e-14,2.94300000000001,2.943000000000022
3.9159999999997903,1.1558854556976336e-07,-4.7402163974003624e-07,3.731485858466069e-07,1.1647267634301724e-14,2.94300000000001,2.9430000000000214
3.91799999999979,1.1464436983076124e-07,-4.701496320960399e-07,3.701005516312557e-07,1.1457765237829322e-14,2.94300000000001,2.9430000000000214
3.91999999999979,1.1370790651535372e-07,-4.6630925263510153e-07,3.670774150382736e-07,1.1271346067345741e-14,2.94300000000001,2.943000000000021
3.9219999999997897,1.1277909262522892e-07,-4.625002430049514e-07,3.640789726934344e-07,1.1087959958406231e-14,2.943000000000009,2.94300000000002
3.9239999999997894,1.1185786567667157e-07,-4.587223469636494e-07,3.611050228837582e-07,1.0907557562747366e-14,2.943000000000009,2.94300000000002
3.925999999999789,1.1094416369635962e-07,-4.5497531036234714e-07,3.5815536554394084e-07,1.0730090335007717e-14,2.943000000000009,2.9430000000000196
3.927999999999789,1.1003792521719508e-07,-4.512588811281907e-07,3.5522980224289623e-07,1.055551051966451e-14,2.943000000000009,2.9430000000000196
3.9299999999997888,1.0913908927416904e-07,-4.4757280924736295e-07,3.52328136170406e-07,1.0383771138182881e-14,2.9430000000000085,2.9430000000000187
3.9319999999997886,1.0824759540026037e-07,-4.439168467482645e-07,3.4945017212388067e-07,1.021482597637416e-14,2.9430000000000085,2.9430000000000187
3.9339999999997883,1.073633836223679e-07,-4.402907476848321e-07,3.4659571649522725e-07,1.004862957195991e-14,2.9430000000000085,2.9430000000000187
3.935999999999788,1.0648639445727597e-07,-4.36694268119993e-07,3.437645772578247e-07,9.885137202338238e-15,2.9430000000000085,2.9430000000000183
3.937999999999788,1.0561656890765272e-07,-4.3312716610925497e-07,3.409565639536062e-07,9.724304872549168e-15,2.9430000000000085,2.9430000000000183
3.9399999999997877,1.047538484580813e-07,-4.295892016844298e-07,3.3817148768024635e-07,9.566089303435844e-15,2.943000000000008,2.943000000000018
3.9419999999997875,1.0389817507112331e-07,-4.2608013683749025e-07,3.3540916107845313e-07,9.410447919998297e-15,2.943000000000008,2.9430000000000174
3.9439999999997872,1.0304949118341454e-07,-4.2259973550455834e-07,3.32669398319364e-07,9.257338839936767e-15,2.943000000000008,2.9430000000000174
3.945999999999787,1.0220773970179241e-07,-4.19147763550025e-07,3.29952015092044e-07,9.106720862381363e-15,2.943000000000008,2.9430000000000174
3.947999999999787,1.0137286399945533e-07,-4.157239887507991e-07,3.27256828591088e-07,8.958553456805134e-15,2.943000000000008,2.943000000000017
3.9499999999997866,1.0054480791215315e-07,-4.12328180780685e-07,3.2458365750432145e-07,8.812796752117516e-15,2.943000000000007,2.943000000000016
3.9519999999997864,9.972351573440887e-08,-4.089601111948882e-07,3.2193232200060423e-07,8.66941152593519e-15,2.943000000000007,2.943000000000016
3.953999999999786,9.890893221577122e-08,-4.056195534146471e-07,3.193026437177321e-07,8.528359194027589e-15,2.943000000000007,2.9430000000000156
3.955999999999786,9.810100255709778e-08,-4.0230628271199045e-07,3.166944457504381e-07,8.389601799934058e-15,2.943000000000007,2.9430000000000156
3.9579999999997857,9.729967240686855e-08,-3.990200761946194e-07,3.14107552638492e-07,8.253102004749949e-15,2.943000000000007,2.9430000000000156
3.9599999999997855,9.65048878575295e-08,-3.9576071279091297e-07,3.115417903548961e-07,8.118823077078946e-15,2.9430000000000063,2.9430000000000143
3.9619999999997852,9.571659544186617e-08,-3.925279732350558e-07,3.0899698629417846e-07,7.986728883148789e-15,2.9430000000000063,2.9430000000000143
3.963999999999785,9.49347421294067e-08,-3.893216400522879e-07,3.0647296926078084e-07,7.856783877087908e-15,2.9430000000000063,2.9430000000000143
3.965999999999785,9.41592753228544e-08,-3.861414975442741e-07,3.039695694575423e-07,7.728953091360185e-15,2.9430000000000063,2.943000000000014
3.9679999999997846,9.339014285454936e-08,-3.82987331774594e-07,3.0148661847427624e-07,7.60320212735537e-15,2.9430000000000063,2.943000000000014
3.9699999999997844,9.262729298295901e-08,-3.7985893055434955e-07,2.9902394927644124e-07,7.479497146132597e-15,2.9430000000000063,2.943000000000014
3.971999999999784,9.187067438919733e-08,-3.767560834278906e-07,2.9658139619390406e-07,7.357804859314501e-15,2.9430000000000063,2.943000000000014
3.973999999999784,9.112023617357248e-08,-3.7367858165865704e-07,2.941587949097945e-07,7.238092520129473e-15,2.943000000000006,2.943000000000013
3.9759999999997837,9.037592785216267e-08,-3.706262182151367e-07,2.9175598244945167e-07,7.120327914599677e-15,2.943000000000006,2.943000000000013
3.9779999999997835,8.963769935341996e-08,-3.675987877569376e-07,2.8937279716946004e-07,7.00447935287245e-15,2.943000000000006,2.943000000000013
3.9799999999997833,8.890550101480184e-08,-3.645960866209741e-07,2.8700907874677534e-07,6.890515660692696e-15,2.943000000000006,2.943000000000013
3.981999999999783,8.817928357943026e-08,-3.6161791280776633e-07,2.84664668167939e-07,6.778406171014077e-15,2.943000000000006,2.9430000000000125
3.983999999999783,8.745899819277802e-08,-3.586640659678508e-07,2.823394077183814e-07,6.668120715746655e-15,2.943000000000006,2.9430000000000125
3.9859999999997826,8.674459639938222e-08,-3.5573434738830247e-07,2.800331409718115e-07,6.559629617638827e-15,2.9430000000000054,2.943000000000012
3.9879999999997824,8.603603013958447e-08,-3.5282855997936695e-07,2.7774571277969385e-07,6.452903682291296e-15,2.9430000000000054,2.943000000000012
3.989999999999782,8.533325174629788e-08,-3.4994650826120153e-07,2.7547696926081155e-07,6.347914190301049e-15,2.9430000000000054,2.9430000000000116
3.991999999999782,8.463621394180031e-08,-3.47087998350725e-07,2.7322675779091363e-07,6.2446328895330915e-15,2.9430000000000054,2.9430000000000116
3.9939999999997817,8.394486983455388e-08,-3.4425283794857446e-07,2.7099492699244844e-07,6.1430319875179466e-15,2.9430000000000054,2.9430000000000116
3.9959999999997815,8.325917291605047e-08,-3.4144083632616886e-07,2.687813267243795e-07,6.04308414397283e-15,2.9430000000000054,2.9430000000000116
3.9979999999997813,8.257907705768297e-08,-3.386518043128783e-07,2.6658580807208536e-07,5.944762463444549e-15,2.9430000000000054,2.943000000000011
3.999999999999781,8.190453650764211e-08,-3.358855542832979e-07,2.6440822333734176e-07,5.848040488072044e-15,2.9430000000000054,2.943000000000011
4.001999999999781,8.123550588783855e-08,-3.331419001446258e-07,2.6224842602838526e-07,5.752892190466735e-15,2.943000000000005,2.9430000000000107
4.003999999999781,8.057194019085027e-08,-3.3042065732414423e-07,2.601062708500588e-07,5.659291966708663e-15,2.943000000000005,2.9430000000000107
4.005999999999781,7.991379477689472e-08,-3.2772164275680287e-07,2.579816136940371e-07,5.56721462945663e-15,2.943000000000005,2.9430000000000107
4.007999999999781,7.926102537082585e-08,-3.2504467487290347e-07,2.5587431162913213e-07,5.4766354011704004e-15,2.943000000000005,2.9430000000000103
4.00999999999978,7.861358805915556e-08,-3.2238957358588533e-07,2.5378422289167773e-07,5.387529907443194e-15,2.943000000000005,2.9430000000000103
4.01199999999978,7.797143928709956e-08,-3.1975616028021035e-07,2.517112068759929e-07,5.299874170442656e-15,2.943000000000005,2.9430000000000103
4.01399999999978,7.733453585564732e-08,-3.17144257799347e-07,2.496551241249229e-07,5.213644602458555e-15,2.943000000000005,2.9430000000000103
4.01599999999978,7.670283491865591e-08,-3.1455369043385267e-07,2.4761583632045737e-07,5.128817999555433e-15,2.943000000000005,2.9430000000000103
4.0179999999997795,7.607629397996773e-08,-3.1198428390955323e-07,2.455932062744258e-07,5.045371535328563e-15,2.943000000000005,2.94300000000001
4.019999999999779,7.54548708905516e-08,-3.0943586537581913e-07,2.435870979192678e-07,4.9632827547614745e-15,2.9430000000000036,2.9430000000000085
4.021999999999779,7.483852384566731e-08,-3.069082633939373e-07,2.415973762988803e-07,4.882529568183408e-15,2.9430000000000036,2.9430000000000085
4.023999999999779,7.42272113820533e-08,-3.0440130792557786e-07,2.39623907559538e-07,4.803090245325129e-15,2.9430000000000036,2.9430000000000085
4.025999999999779,7.362089237513735e-08,-3.0191483032135554e-07,2.3766655894088922e-07,4.7249434094713914e-15,2.9430000000000036,2.9430000000000085
4.027999999999778,7.301952603626999e-08,-2.9944866330948394e-07,2.3572519876702434e-07,4.648068031708599e-15,2.9430000000000036,2.943000000000008
4.029999999999778,7.242307190998055e-08,-2.9700264098452277e-07,2.3379969643761793e-07,4.572443425266013e-15,2.9430000000000036,2.943000000000008
4.031999999999778,7.183148987125562e-08,-2.9457659879621703e-07,2.318899224191428e-07,4.498049239949063e-15,2.9430000000000036,2.943000000000008
4.033999999999778,7.124474012283973e-08,-2.921703735384272e-07,2.2999574823615596e-07,4.424865456663198e-15,2.9430000000000036,2.943000000000008
4.0359999999997775,7.066278319255811e-08,-2.897838033381501e-07,2.281170464626558e-07,4.352872382026865e-15,2.9430000000000036,2.943000000000008
4.037999999999777,7.008557993066126e-08,-2.8741672764462897e-07,2.2625369071350958e-07,4.282050643072117e-15,2.9430000000000036,2.943000000000008
4.039999999999777,6.951309150719125e-08,-2.8506898721855316e-07,2.2440555563595165e-07,4.212381182031441e-15,2.943000000000003,2.943000000000007
4.041999999999777,6.894527940936956e-08,-2.827404241213454e-07,2.2257251690115008e-07,4.14384525120941e-15,2.943000000000003,2.943000000000007
4.043999999999777,6.83821054390062e-08,-2.804308817045371e-07,2.2075445119584303e-07,4.076424407937783e-15,2.943000000000003,2.943000000000007
4.045999999999776,6.782353170993002e-08,-2.7814020459923004e-07,2.1895123621404324e-07,4.010100509612671e-15,2.943000000000003,2.943000000000007
4.047999999999776,6.726952064543999e-08,-2.758682387056443e-07,2.1716275064881002e-07,3.944855708812457e-15,2.943000000000003,2.943000000000007
4.049999999999776,6.672003497577738e-08,-2.7361483118275173e-07,2.1538887418408865e-07,3.880672448495145e-15,2.943000000000003,2.943000000000007
4.051999999999776,6.617503773561848e-08,-2.713798304379937e-07,2.1362948748661654e-07,3.81753345727385e-15,2.943000000000003,2.943000000000007
4.053999999999776,6.563449226158782e-08,-2.691630861170833e-07,2.11884472197895e-07,3.755421744769159e-15,2.943000000000003,2.9430000000000067
4.055999999999775,6.509836218979181e-08,-2.669644490938905e-07,2.1015371092622743e-07,3.694320597037097e-15,2.943000000000003,2.9430000000000067
4.057999999999775,6.456661145337235e-08,-2.6478377146041e-07,2.084370872388219e-07,3.634213572071509e-15,2.943000000000003,2.9430000000000067
4.059999999999775,6.403920428008062e-08,-2.626209065168113e-07,2.067344856539582e-07,3.575084495379577e-15,2.943000000000003,2.9430000000000067
4.061999999999775,6.35161051898705e-08,-2.604757087615695e-07,2.0504579163321947e-07,3.516917455629369e-15,2.943000000000003,2.9430000000000067
4.0639999999997745,6.29972789925118e-08,-2.5834803388167733e-07,2.0337089157378647e-07,3.4596968003681645e-15,2.9430000000000027,2.9430000000000063
4.065999999999774,6.248269078522288e-08,-2.5623773874293665e-07,2.0170967280079564e-07,3.4034071318104665e-15,2.9430000000000027,2.9430000000000063
4.067999999999774,6.197230595032266e-08,-2.541446813803295e-07,2.000620235597589e-07,3.3480333026945365e-15,2.9430000000000027,2.9430000000000063
4.069999999999774,6.146609015290183e-08,-2.520687209884678e-07,1.9842783300904571e-07,3.2935604122063415e-15,2.9430000000000027,2.943000000000006
4.071999999999774,6.0964009338513e-08,-2.5000971791212084e-07,1.968069912124264e-07,3.2399738019698257e-15,2.9430000000000027,2.943000000000006
4.073999999999773,6.046602973087979e-08,-2.4796753363682067e-07,1.9519938913167673e-07,3.187259052102408e-15,2.9430000000000027,2.943000000000006
4.075999999999773,5.997211782962465e-08,-2.4594203077954337e-07,1.9360491861924237e-07,3.135401977334678e-15,2.9430000000000027,2.943000000000006
4.077999999999773,5.948224040801514e-08,-2.439330730794674e-07,1.920234724109635e-07,3.0843886231931984e-15,2.9430000000000027,2.943000000000006
4.079999999999773,5.899636451072873e-08,-2.419405253888066e-07,1.9045494411885905e-07,3.0342052622454402e-15,2.9430000000000027,2.943000000000006
4.0819999999997725,5.851445745163578e-08,-2.399642536637189e-07,1.8889922822396955e-07,2.98483839040579e-15,2.9430000000000027,2.943000000000006
4.083999999999772,5.8036486811600666e-08,-2.3800412495528825e-07,1.8735622006925887e-07,2.936274723301679e-15,2.9430000000000027,2.943000000000006
4.085999999999772,5.756242043630089e-08,-2.3606000740058135e-07,1.8582581585257315e-07,2.8885011926988206e-15,2.9430000000000027,2.943000000000006
4.087999999999772,5.709222643406394e-08,-2.341317702137766e-07,1.843079126196582e-07,2.8415049429846162e-15,2.9430000000000027,2.9430000000000054
4.089999999999772,5.662587317372185e-08,-2.3221928367736586e-07,1.828024082572335e-07,2.7952733277087787e-15,2.9430000000000027,2.9430000000000054
4.091999999999771,5.6163329282483324e-08,-2.3032241913342807e-07,1.8130920148612247e-07,2.749793906180233e-15,2.9430000000000027,2.9430000000000054
4.093999999999771,5.570456364382319e-08,-2.2844104897497398e-07,1.798281918544395e-07,2.7050544401193965e-15,2.9430000000000023,2.943000000000005
4.095999999999771,5.5249545395389096e-08,-2.265750466373618e-07,1.7835927973083204e-07,2.661042890364906e-15,2.9430000000000023,2.943000000000005
4.097999999999771,5.4798243926925346e-08,-2.247242865897829e-07,1.7690236629777815e-07,2.6177474136339616e-15,2.9430000000000023,2.943000000000005
4.0999999999997705,5.435062887821365e-08,-2.2288864432681685e-07,1.7545735354493906e-07,2.575156359335346e-15,2.9430000000000023,2.943000000000005
4.10199999999977,5.3906670137030715e-08,-2.210679963600558e-07,1.7402414426256546e-07,2.5332582664343116e-15,2.9430000000000023,2.943000000000005
4.10399999999977,5.346633783712254e-08,-2.1926222020979704e-07,1.72602642034958e-07,2.492041860368478e-15,2.9430000000000023,2.943000000000005
4.10599999999977,5.302960235619519e-08,-2.1747119439680343e-07,1.7119275123398138e-07,2.451496050013904e-15,2.9430000000000023,2.943000000000005
4.10799999999977,5.2596434313922086e-08,-2.1569479843413123e-07,1.6979437701263089e-07,2.4116099247005217e-15,2.9430000000000023,2.9430000000000045
4.109999999999769,5.216680456996746e-08,-2.1393291281902462e-07,1.6840742529865205e-07,2.372372751276133e-15,2.9430000000000023,2.9430000000000045
4.111999999999769,5.1740684222026055e-08,-2.121854190248764e-07,1.6703180278821192e-07,2.3337739712181698e-15,2.9430000000000023,2.9430000000000045
4.113999999999769,5.131804460387875e-08,-2.1045219949325443e-07,1.6566741693962257e-07,2.2958031977924534e-15,2.9430000000000023,2.9430000000000045
4.115999999999769,5.089885728346414e-08,-2.087331376259932e-07,1.6431417596711514e-07,2.2584502132581752e-15,2.9430000000000023,2.9430000000000045
4.1179999999997685,5.048309406096582e-08,-2.0702811777734992e-07,1.6297198883466573e-07,2.221704966118357e-15,2.9430000000000023,2.9430000000000045
4.119999999999768,5.0070726966915324e-08,-2.0533702524622474e-07,1.6164076524987078e-07,2.185557568415042e-15,2.9430000000000023,2.9430000000000045
4.121999999999768,4.966172826031054e-08,-2.0365974626844453e-07,1.6032041565787288e-07,2.1499982930684967e-15,2.9430000000000023,2.9430000000000045
4.123999999999768,4.92560704267495e-08,-2.0199616800910966e-07,1.5901085123533636e-07,2.1150175712597054e-15,2.9430000000000023,2.9430000000000045
4.125999999999768,4.885372617657942e-08,-2.0034617855500333e-07,1.577119838844718e-07,2.0806059898554476e-15,2.9430000000000023,2.9430000000000045
4.127999999999767,4.845466844306083e-08,-1.987096669070628e-07,1.5642372622710958e-07,2.046754288875274e-15,2.9430000000000023,2.9430000000000045
4.129999999999767,4.8058870380546775e-08,-1.9708652297291227e-07,1.5514599159882146e-07,2.013453358999692e-15,2.9430000000000023,2.9430000000000045
4.131999999999767,4.766630536267678e-08,-1.9547663755945666e-07,1.5387869404309066e-07,1.9806942391188923e-15,2.9430000000000023,2.943000000000004
4.133999999999767,4.727694698058568e-08,-1.9387990236553593e-07,1.526217483055294e-07,1.948468113921366e-15,2.9430000000000023,2.943000000000004
4.1359999999997665,4.689076904112698e-08,-1.9229620997463932e-07,1.5137506982814345e-07,1.9167663115217443e-15,2.943000000000001,2.9430000000000027
4.137999999999766,4.6507745565110806e-08,-1.907254538476792e-07,1.5013857474364374e-07,1.885580301127238e-15,2.943000000000001,2.9430000000000027
4.139999999999766,4.612785078555621e-08,-1.8916752831582394e-07,1.4891217986980436e-07,1.854901690742049e-15,2.943000000000001,2.9430000000000027
4.141999999999766,4.5751059145957746e-08,-1.8762232857338925e-07,1.4769580270386683e-07,1.824722224909126e-15,2.943000000000001,2.9430000000000027
4.143999999999766,4.537734529856624e-08,-1.860897506707876e-07,1.4648936141698976e-07,1.7950337824886593e-15,2.943000000000001,2.9430000000000027
4.145999999999765,4.5006684102683553e-08,-1.845696915075354e-07,1.45292774848744e-07,1.7658283744727295e-15,2.943000000000001,2.9430000000000027
4.147999999999765,4.4639050622971335e-08,-1.83062048825317e-07,1.4410596250165304e-07,1.7370981418355021e-15,2.943000000000001,2.9430000000000027
4.149999999999765,4.427442012777352e-08,-1.8156672120110557e-07,1.429288445357773e-07,1.7088353534184045e-15,2.943000000000001,2.9430000000000027
4.151999999999765,4.3912768087452614e-08,-1.8008360804034018e-07,1.4176134176334354e-07,1.6810324038497122e-15,2.943000000000001,2.9430000000000027
4.1539999999997645,4.355407017273947e-08,-1.786126095701584e-07,1.4060337564341728e-07,1.6536818114979833e-15,2.943000000000001,2.9430000000000027
4.155999999999764,4.3198302253096625e-08,-1.7715362683268447e-07,1.3945486827661944e-07,1.6267762164587845e-15,2.943000000000001,2.9430000000000027
4.157999999999764,4.284544039509498e-08,-1.7570656167837206e-07,1.383157423998858e-07,1.6003083785741852e-15,2.943000000000001,2.9430000000000027
4.159999999999764,4.249546086080371e-08,-1.742713167594015e-07,1.3718592138126922e-07,1.5742711754844628e-15,2.943000000000001,2.9430000000000027
4.161999999999764,4.214834010619339e-08,-1.7284779552313097e-07,1.3606532921478447e-07,1.5486576007115147e-15,2.943000000000001,2.9430000000000023
4.1639999999997634,4.1804054779552095e-08,-1.7143590220560114e-07,1.3495389051529498e-07,1.5234607617734502e-15,2.943000000000001,2.9430000000000023
4.165999999999763,4.146258171991448e-08,-1.7003554182509287e-07,1.3385153051344182e-07,1.4986738783298608e-15,2.943000000000001,2.9430000000000023
4.167999999999763,4.112389795550368e-08,-1.6864662017573756e-07,1.3275817505061334e-07,1.4742902803572598e-15,2.943000000000001,2.9430000000000023
4.169999999999763,4.078798070218595e-08,-1.672690438211797e-07,1.3167375057395674e-07,1.4503034063542212e-15,2.943000000000001,2.9430000000000023
4.171999999999763,4.04548073619379e-08,-1.6590272008829113e-07,1.305981841314297e-07,1.4267068015757061e-15,2.943000000000001,2.9430000000000023
4.173999999999762,4.01243555213263e-08,-1.6454755706093662e-07,1.2953140336689275e-07,1.4034941162961276e-15,2.943000000000001,2.9430000000000023
4.175999999999762,3.979660295000021e-08,-1.6320346357379054e-07,1.2847333651524174e-07,1.3806591041006712e-15,2.943000000000001,2.9430000000000023
4.177999999999762,3.9471527599195556e-08,-1.6187034920620393e-07,1.2742391239758002e-07,1.3581956202044158e-15,2.943000000000001,2.9430000000000023
4.179999999999762,3.91491076002518e-08,-1.6054812427612159e-07,1.2638306041643007e-07,1.336097619798805e-15,2.943000000000001,2.9430000000000023
4.1819999999997615,3.882932126314081e-08,-1.5923669983404897e-07,1.253507105509842e-07,1.31435915642502e-15,2.943000000000001,2.9430000000000023
4.183999999999761,3.851214707500769e-08,-1.579359876570683e-07,1.243267933523939e-07,1.292974380373816e-15,2.943000000000001,2.9430000000000023
4.185999999999761,3.81975636987236e-08,-1.566459002429037e-07,1.2331123993909818e-07,1.2719375371113964e-15,2.943000000000001,2.9430000000000023
4.187999999999761,3.788554997145028e-08,-1.553663508040345e-07,1.2230398199218943e-07,1.2512429657308996e-15,2.943000000000001,2.9430000000000023
4.189999999999761,3.757608490321645e-08,-1.5409725326185695e-07,1.213049517508176e-07,1.2308850974290734e-15,2.943000000000001,2.9430000000000023
4.19199999999976,3.7269147675505697e-08,-1.5283852224089347e-07,1.2031408200763164e-07,1.2108584540077424e-15,2.943000000000001,2.9430000000000023
4.19399999999976,3.6964717639855994e-08,-1.5159007306304916e-07,1.1933130610425845e-07,1.1911576463996505e-15,2.943000000000001,2.9430000000000023
4.19599999999976,3.6662774316470617e-08,-1.5035182174191537e-07,1.1835655792681836e-07,1.1717773732182923e-15,2.943000000000001,2.9430000000000023
4.19799999999976,3.636329739284041e-08,-1.4912368497711968e-07,1.1738977190147767e-07,1.1527124193313371e-15,2.9430000000000005,2.943000000000002
4.1999999999997595,3.606626672237733e-08,-1.47905580148722e-07,1.164308829900373e-07,1.1339576544572598e-15,2.9430000000000005,2.943000000000002
4.201999999999759,3.5771662323059096e-08,-1.4669742531165665e-07,1.1547982668555737e-07,1.1155080317848126e-15,2.9430000000000005,2.943000000000002
4.203999999999759,3.5479464376084976e-08,-1.454991391902196e-07,1.1453653900801781e-07,1.0973585866149537e-15,2.9430000000000005,2.9430000000000014
4.205999999999759,3.518965322454253e-08,-1.4431064117260083e-07,1.1360095650001431e-07,1.07950443502487e-15,2.9430000000000005,2.9430000000000014
4.207999999999759,3.490220937208521e-08,-1.4313185130546147e-07,1.12673016222489e-07,1.0619407725537399e-15,2.9430000000000005,2.9430000000000014
4.209999999999758,3.4617113481620814e-08,-1.4196269028855506e-07,1.117526557504969e-07,1.0446628729098761e-15,2.9430000000000005,2.9430000000000014
4.211999999999758,3.4334346374010627e-08,-1.408030794693928e-07,1.1083981316900606e-07,1.0276660866989073e-15,2.9430000000000005,2.9430000000000014
4.213999999999758,3.405388902677918e-08,-1.3965294083795244e-07,1.0993442706873246e-07,1.0109458401726473e-15,2.9430000000000005,2.9430000000000014
4.215999999999758,3.377572257283457e-08,-1.385121970214303e-07,1.0903643654200899e-07,9.944976339983235e-16,2.9430000000000005,2.9430000000000014
4.2179999999997575,3.3499828299199215e-08,-1.3738077127903623e-07,1.0814578117868771e-07,9.78317042047831e-16,2.9430000000000005,2.9430000000000014
4.219999999999757,3.322618764575098e-08,-1.362585874968311e-07,1.072624010620764e-07,9.623997102066822e-16,2.9430000000000005,2.9430000000000014
4.221999999999757,3.29547822039746e-08,-1.3514557018260631e-07,1.0638623676490733e-07,9.467413552023377e-16,2.9430000000000005,2.9430000000000014
4.223999999999757,3.268559371572329e-08,-1.3404164446080533e-07,1.0551722934533961e-07,9.313377634515994e-16,2.9430000000000005,2.9430000000000014
4.225999999999757,3.241860407199047e-08,-1.3294673606748658e-07,1.0465532034299422e-07,9.161847899267576e-16,2.9430000000000005,2.9430000000000014
4.227999999999756,3.2153795311691504e-08,-1.318607713453275e-07,1.0380045177502081e-07,9.01278357040184e-16,2.9430000000000005,2.9430000000000014
4.229999999999756,3.189114962045546e-08,-1.3078367723866946e-07,1.0295256613219749e-07,8.866144535470742e-16,2.9430000000000005,2.9430000000000014
4.231999999999756,3.163064932942664e-08,-1.2971538128860313e-07,1.0211160637506162e-07,8.721891334660429e-16,2.9430000000000005,2.9430000000000014
4.233999999999756,3.137227691407599e-08,-1.286558116280939e-07,1.0127751593007304e-07,8.579985150172803e-16,2.9430000000000005,2.9430000000000014
4.2359999999997555,3.111601499302214e-08,-1.2760489697714727e-07,1.0045023868580784e-07,8.440387795779836e-16,2.9430000000000005,2.9430000000000014
4.237999999999755,3.086184632686217e-08,-1.2656256663801368e-07,9.962971898918383e-08,8.303061706547873e-16,2.9430000000000005,2.9430000000000014
4.239999999999755,3.06097538170118e-08,-1.2552875049043243e-07,9.881590164171649e-08,8.167969928729086e-16,2.9430000000000005,2.9430000000000014
4.241999999999755,3.0359720504555185e-08,-1.245033789869145e-07,9.800873189580584e-08,8.035076109817416e-16,2.9430000000000005,2.9430000000000014
4.243999999999755,3.011172956910401e-08,-1.2348638314806396e-07,9.720815545105305e-08,7.904344488766292e-16,2.9430000000000005,2.9430000000000014
4.245999999999754,2.986576432766595e-08,-1.2247769455793758e-07,9.641411845060788e-08,7.775739886365531e-16,2.9430000000000005,2.9430000000000014
4.247999999999754,2.9621808233522362e-08,-1.2147724535944218e-07,9.562656747754543e-08,7.649227695774779e-16,2.9430000000000005,2.9430000000000014
4.249999999999754,2.9379844875115146e-08,-1.2048496824976982e-07,9.484544955127253e-08,7.524773873210987e-16,2.9430000000000005,2.9430000000000014
4.251999999999754,2.9139857974942693e-08,-1.1950079647587016e-07,9.407071212396392e-08,7.402344928787414e-16,2.9430000000000005,2.9430000000000014
4.2539999999997535,2.8901831388464856e-08,-1.1852466382995976e-07,9.330230307702686e-08,7.281907917501666e-16,2.9430000000000005,2.9430000000000014
4.255999999999753,2.8665749103016868e-08,-1.1755650464506813e-07,9.254017071759524e-08,7.163430430370356e-16,2.9430000000000005,2.9430000000000014
4.257999999999753,2.8431595236732123e-08,-1.1659625379062015e-07,9.178426377505193e-08,7.046880585708022e-16,2.9430000000000005,2.9430000000000014
4.259999999999753,2.8199354037473767e-08,-1.1564384666805458e-07,9.10345313975797e-08,6.932227020547926e-16,2.9430000000000005,2.9430000000000014
4.261999999999753,2.796900988177501e-08,-1.146992192064783e-07,9.029092314874032e-08,6.81943888220244e-16,2.9430000000000005,2.9430000000000014
4.263999999999752,2.7740547273788092e-08,-1.1376230785835616e-07,8.955338900408155e-08,6.708485819960739e-16,2.9430000000000005,2.9430000000000014
4.265999999999752,2.7513950844241843e-08,-1.1283304959523593e-07,8.882187934777186e-08,6.599337976921597e-16,2.9430000000000005,2.943000000000001
4.267999999999752,2.7289205349407744e-08,-1.1191138190350823e-07,8.809634496926266e-08,6.491965981959026e-16,2.9430000000000005,2.943000000000001
4.269999999999752,2.7066295670074447e-08,-1.1099724278020106e-07,8.737673705997774e-08,6.386340941818675e-16,2.9430000000000005,2.943000000000001
4.2719999999997516,2.684520681053067e-08,-1.1009057072880871e-07,8.666300721002988e-08,6.282434433342794e-16,2.9430000000000005,2.943000000000001
4.273999999999751,2.6625923897556393e-08,-1.0919130475515475e-07,8.595510740496407e-08,6.180218495821705e-16,2.9430000000000005,2.943000000000001
4.275999999999751,2.640843217942229e-08,-1.0829938436328874e-07,8.525299002252752e-08,6.079665623469729e-16,2.9430000000000005,2.943000000000001
4.277999999999751,2.6192717024897356e-08,-1.0741474955141658e-07,8.455660782946602e-08,5.980748758023505e-16,2.9430000000000005,2.943000000000001
4.279999999999751,2.597876392226462e-08,-1.0653734080786399e-07,8.38659139783464e-08,5.883441281460765e-16,2.9430000000000005,2.943000000000001
4.2819999999997505,2.5766558478344903e-08,-1.05667099107073e-07,8.318086200440487e-08,5.787717008837549e-16,2.9430000000000005,2.943000000000001
4.28399999999975,2.555608641752855e-08,-1.048039659056312e-07,8.25014058224215e-08,5.693550181241977e-16,2.9430000000000005,2.943000000000001
4.28599999999975,2.534733358081508e-08,-1.0394788313833329e-07,8.182749972361963e-08,5.600915458862654e-16,2.9430000000000005,2.943000000000001
4.28799999999975,2.5140285924860664e-08,-1.0309879321427496e-07,8.115909837259119e-08,5.509787914169858e-16,2.9430000000000005,2.943000000000001
4.28999999999975,2.4934929521033403e-08,-1.0225663901297857e-07,8.04961568042466e-08,5.420143025207672e-16,2.9430000000000005,2.943000000000001
4.291999999999749,2.4731250554476302e-08,-1.0142136388055049e-07,7.983863042079012e-08,5.331956668995245e-16,2.9430000000000005,2.943000000000001
4.293999999999749,2.4529235323177916e-08,-1.0059291162586988e-07,7.918647498871946e-08,5.245205115035426e-16,2.9430000000000005,2.943000000000001
4.295999999999749,2.4328870237050585e-08,-9.977122651680855e-08,7.853964663585019e-08,5.159865018929006e-16,2.9430000000000005,2.943000000000001
4.297999999999749,2.4130141817016178e-08,-9.895625327648171e-08,7.789810184836419e-08,5.075913416092865e-16,2.9430000000000005,2.943000000000001
4.2999999999997485,2.3933036694099334e-08,-9.814793707952936e-08,7.726179746788252e-08,4.993327715580311e-16,2.9430000000000005,2.943000000000001
4.301999999999748,2.373754160852809e-08,-9.734622354842806e-08,7.663069068856206e-08,4.912085694001981e-16,2.9430000000000005,2.943000000000001
4.303999999999748,2.3543643408841867e-08,-9.655105874983277e-08,7.600473905421567e-08,4.832165489545637e-16,2.9430000000000005,2.943000000000001
4.305999999999748,2.3351329051006733e-08,-9.576238919094865e-08,7.53839004554562e-08,4.753545596093261e-16,2.9430000000000005,2.943000000000001
4.307999999999748,2.31605855975379e-08,-9.498016181593247e-08,7.476813312686364e-08,4.676204857433871e-16,2.9430000000000005,2.943000000000001
4.309999999999747,2.2971400216629377e-08,-9.420432400232338e-08,7.415739564417546e-08,4.600122461570499e-16,2.9430000000000005,2.943000000000001
4.311999999999747,2.278376018129076e-08,-9.343482355750285e-08,7.355164692149988e-08,4.525277935119779e-16,2.9430000000000005,2.943000000000001
4.313999999999747,2.259765286849103e-08,-9.267160871518359e-08,7.295084620855191e-08,4.451651137802667e-16,2.9430000000000005,2.943000000000001
4.315999999999747,2.2413065758309394e-08,-9.191462813192705e-08,7.235495308791203e-08,4.3792222570248046e-16,2.9430000000000005,2.943000000000001
4.3179999999997465,2.222998643309301e-08,-9.116383088368941e-08,7.176392747230713e-08,4.3079718025450397e-16,2.9430000000000005,2.943000000000001
4.319999999999746,2.2048402576621652e-08,-9.041916646239585e-08,7.117772960191376e-08,4.237880601230701e-16,2.9430000000000005,2.943000000000001
4.321999999999746,2.1868301973279136e-08,-8.968058477254264e-08,7.059632004168343e-08,4.1689297918982206e-16,2.9430000000000005,2.943000000000001
4.323999999999746,2.168967250723156e-08,-8.89480361278272e-08,7.00196596786896e-08,4.1011008202376705e-16,2.9430000000000005,2.943000000000001
4.325999999999746,2.151250216161224e-08,-8.822147124780549e-08,6.94477097194966e-08,4.0343754338199013e-16,2.9430000000000005,2.943000000000001
4.327999999999745,2.1336779017713295e-08,-8.75008412545768e-08,6.888043168754978e-08,3.9687356771849044e-16,2.9430000000000005,2.943000000000001
4.329999999999745,2.1162491254183856e-08,-8.678609766949565e-08,6.831778742058713e-08,3.9041638870100883e-16,2.9430000000000005,2.943000000000001
4.331999999999745,2.0989627146234807e-08,-8.607719240991046e-08,6.775973906807201e-08,3.8406426873571757e-16,2.943,2.9430000000000005
4.333999999999745,2.0818175064850028e-08,-8.537407778592893e-08,6.720624908864687e-08,3.778154984996414e-16,2.943,2.9430000000000005
4.3359999999997445,2.0648123476004078e-08,-8.46767064972098e-08,6.665728024760771e-08,3.7166839648068884e-16,2.943,2.9430000000000005
4.337999999999744,2.0479460939886286e-08,-8.398503162978086e-08,6.611279561439921e-08,3.656213085251653e-16,2.943,2.9430000000000005
4.339999999999744,2.0312176110131144e-08,-8.329900665288289e-08,6.557275856013028e-08,3.5967260739264886e-16,2.943,2.9430000000000005
4.341999999999744,2.0146257733055022e-08,-8.261858541583947e-08,6.503713275511005e-08,3.538206923181078e-16,2.943,2.9430000000000005
4.343999999999744,1.99816946468991e-08,-8.194372214495221e-08,6.450588216640382e-08,3.480639885811439e-16,2.943,2.9430000000000005
4.345999999999743,1.981847578107849e-08,-8.127437144042156e-08,6.397897105540892e-08,3.4240094708224183e-16,2.943,2.9430000000000005
4.347999999999743,1.9656590155437478e-08,-8.061048827329252e-08,6.345636397545066e-08,3.368300439259161e-16,2.943,2.9430000000000005
4.349999999999743,1.9496026879510877e-08,-7.995202798242553e-08,6.293802576939765e-08,3.3134978001063674e-16,2.943,2.9430000000000005
4.351999999999743,1.933677515179139e-08,-7.929894627149194e-08,6.242392156729667e-08,3.259586806254305e-16,2.943,2.9430000000000005
4.3539999999997425,1.9178824259002955e-08,-7.865119920599411e-08,6.191401678402694e-08,3.206552950530422e-16,2.943,2.9430000000000005
4.355999999999742,1.9022163575380053e-08,-7.80087432103098e-08,6.140827711697345e-08,3.1543819617955525e-16,2.943,2.9430000000000005
4.357999999999742,1.886678256195287e-08,-7.737153506476074e-08,6.090666854371933e-08,3.1030598011036213e-16,2.943,2.9430000000000005
4.359999999999742,1.8712670765838325e-08,-7.673953190270513e-08,6.040915731975713e-08,3.0525726579238337e-16,2.943,2.9430000000000005
4.361999999999742,1.8559817819536865e-08,-7.611269120765388e-08,5.991570997621864e-08,3.0029069464243343e-16,2.943,2.9430000000000005
4.363999999999741,1.8408213440235028e-08,-7.549097081041041e-08,5.942629331762343e-08,2.9540493018163303e-16,2.943,2.9430000000000005
4.365999999999741,1.8257847429113685e-08,-7.487432888623387e-08,5.894087441964568e-08,2.9059865767576923e-16,2.943,2.9430000000000005
4.367999999999741,1.8108709670661944e-08,-7.426272395202539e-08,5.845942062689931e-08,2.858705837815077e-16,2.943,2.9430000000000005
4.369999999999741,1.7960790131996645e-08,-7.36561148635375e-08,5.798189955074106e-08,2.8121943619835975e-16,2.943,2.9430000000000005
4.3719999999997405,1.781407886218743e-08,-7.30544608126062e-08,5.750827906709178e-08,2.766439633263138e-16,2.943,2.9430000000000005
4.37399999999974,1.766856599158732e-08,-7.245772132440566e-08,5.7038527314275233e-08,2.7214293392903567e-16,2.943,2.9430000000000005
4.37599999999974,1.7524241731168746e-08,-7.186585625472545e-08,5.6572612690874716e-08,2.67715136802549e-16,2.943,2.9430000000000005
4.37799999999974,1.7381096371865026e-08,-7.127882578726989e-08,5.611050385360717e-08,2.63359380449307e-16,2.943,2.9430000000000005
4.37999999999974,1.723912028391721e-08,-7.069659043097949e-08,5.565216971521464e-08,2.590744927575662e-16,2.943,2.9430000000000005
4.381999999999739,1.7098303916226257e-08,-7.011911101737433e-08,5.519757944237293e-08,2.548593206859774e-16,2.943,2.9430000000000005
4.383999999999739,1.6958637795710516e-08,-6.954634869791903e-08,5.474670245361736e-08,2.5071272995330756e-16,2.943,2.9430000000000005
4.385999999999739,1.6820112526668434e-08,-6.897826494140939e-08,5.429950841728548e-08,2.466336047332115e-16,2.943,2.9430000000000005
4.387999999999739,1.6682718790146496e-08,-6.841482153138021e-08,5.38559672494766e-08,2.4262084735396783e-16,2.943,2.9430000000000005
4.3899999999997386,1.6546447343312305e-08,-6.785598056353445e-08,5.341604911202794e-08,2.3867337800310174e-16,2.943,2.9430000000000005
4.391999999999738,1.6411289018832805e-08,-6.730170444319326e-08,5.297972441050738e-08,2.347901344368125e-16,2.943,2.9430000000000005
4.393999999999738,1.6277234724257552e-08,-6.67519558827669e-08,5.25469637922225e-08,2.309700716941296e-16,2.943,2.9430000000000005
4.395999999999738,1.614427544140706e-08,-6.620669789924629e-08,5.2117738144246025e-08,2.2721216181571854e-16,2.943,2.9430000000000005
4.397999999999738,1.6012402225766117e-08,-6.566589381171511e-08,5.169201859145727e-08,2.2351539356726276e-16,2.943,2.9430000000000005
4.3999999999997375,1.5881606205882058e-08,-6.512950723888215e-08,5.126977649459963e-08,2.198787721673453e-16,2.943,2.943
4.401999999999737,1.5751878582767974e-08,-6.459750209663385e-08,5.085098344835401e-08,2.1630131901975835e-16,2.943,2.943
4.403999999999737,1.5623210629310766e-08,-6.406984259560682e-08,5.0435611279427826e-08,2.1278207145016803e-16,2.943,2.943
4.405999999999737,1.5495593689684058e-08,-6.354649323878022e-08,5.002363204465981e-08,2.0932008244706347e-16,2.943,2.943
4.407999999999737,1.53690191787659e-08,-6.302741881908778e-08,4.9615018029140154e-08,2.059144204069212e-16,2.943,2.943
4.409999999999736,1.5243478581561214e-08,-6.251258441704927e-08,4.9209741744346047e-08,2.0256416888351525e-16,2.943,2.943
4.411999999999736,1.511896345262898e-08,-6.200195539842149e-08,4.880777592629247e-08,1.9926842634130586e-16,2.943,2.943
4.413999999999736,1.4995465415514076e-08,-6.149549741186823e-08,4.840909353369808e-08,1.9602630591284157e-16,2.943,2.943
4.415999999999736,1.4872976162183791e-08,-6.099317638664943e-08,4.8013667746166085e-08,1.9283693516010692e-16,2.943,2.943
4.4179999999997355,1.4751487452468904e-08,-6.049495853032911e-08,4.76214719623799e-08,1.896994558397544e-16,2.943,2.943
4.419999999999735,1.4630991113509354e-08,-6.000081032650208e-08,4.72324797983137e-08,1.8661302367215546e-16,2.943,2.943
4.421999999999735,1.4511479039204432e-08,-5.951069853253924e-08,4.684666508545739e-08,1.835768081142089e-16,2.943,2.943
4.423999999999735,1.439294318966746e-08,-5.902459017735122e-08,4.646400186905632e-08,1.8058999213584642e-16,2.943,2.943
4.425999999999735,1.427537559068493e-08,-5.854245255917033e-08,4.6084464406365135e-08,1.7765177200017373e-16,2.943,2.943
4.427999999999734,1.415876833318005e-08,-5.806425324335066e-08,4.570802716491601e-08,1.7476135704718892e-16,2.943,2.943
4.429999999999734,1.404311357268069e-08,-5.758996006018608e-08,4.533466482080108e-08,1.7191796948102038e-16,2.943,2.943
4.431999999999734,1.392840352879166e-08,-5.711954110274612e-08,4.496435225696871e-08,1.6912084416062547e-16,2.943,2.943
4.433999999999734,1.38146304846713e-08,-5.6652964724729515e-08,4.459706456153395e-08,1.6636922839389504e-16,2.943,2.943
4.4359999999997335,1.3701786786512354e-08,-5.6190199538335253e-08,4.423277702610253e-08,1.636623817351081e-16,2.943,2.943
4.437999999999733,1.3589864843027073e-08,-5.5731214412151065e-08,4.3871465144108735e-08,1.6099957578568143e-16,2.943,2.943
4.439999999999733,1.347885712493653e-08,-5.5275978469059104e-08,4.351310460916677e-08,1.583800939981613e-16,2.943,2.943
4.441999999999733,1.3368756164464108e-08,-5.482446108415879e-08,4.315767131343556e-08,1.5580323148340424e-16,2.943,2.943
4.443999999999733,1.3259554554833126e-08,-5.437663188270658e-08,4.280514134599704e-08,1.5326829482089493e-16,2.943,2.943
4.445999999999732,1.3151244949768559e-08,-5.393246073807258e-08,4.245549099124754e-08,1.5077460187215045e-16,2.943,2.943
4.447999999999732,1.3043820063002841e-08,-5.349191776971384e-08,4.210869672730236e-08,1.4832148159716012e-16,2.943,2.943
4.449999999999732,1.2937272667785697e-08,-5.305497334116423e-08,4.1764735224413474e-08,1.459082738738121e-16,2.943,2.943
4.451999999999732,1.2831595596397976e-08,-5.2621598058040706e-08,4.1423583343399965e-08,1.4353432932025788e-16,2.943,2.943
4.4539999999997315,1.272678173966947e-08,-5.219176276606589e-08,4.108521813409153e-08,1.411990091201672e-16,2.943,2.943
4.455999999999731,1.2622824046500653e-08,-5.176543854910676e-08,4.0749616833784426e-08,1.3890168485082546e-16,2.943,2.943
4.457999999999731,1.2519715523388339e-08,-5.1342596727229403e-08,4.041675686571025e-08,1.366417383140287e-16,2.943,2.943
4.459999999999731,1.2417449233955212e-08,-5.092320885476965e-08,4.0086615837517114e-08,1.3441856136972942e-16,2.943,2.943
4.461999999999731,1.2316018298483194e-08,-5.050724671841945e-08,3.975917153976324e-08,1.3223155577238934e-16,2.943,2.943
4.46399999999973,1.2215415893450631e-08,-5.0094682335328867e-08,3.943440194442292e-08,1.300801330099945e-16,2.943,2.943
4.46599999999973,1.211563525107326e-08,-4.9685487951223655e-08,3.9112285203404574e-08,1.2796371414568973e-16,2.943,2.943
4.46799999999973,1.2016669658848914e-08,-4.927963603853812e-08,3.879279964708101e-08,1.2588172966198976e-16,2.943,2.943
4.46999999999973,1.1918512459105965e-08,-4.8877099294563255e-08,3.8475923782831667e-08,1.2383361930752483e-16,2.943,2.943
4.4719999999997295,1.1821157048555438e-08,-4.8477850639610054e-08,3.8161636293596685e-08,1.2181883194628003e-16,2.943,2.943
4.473999999999729,1.1724596877846796e-08,-4.808186321518777e-08,3.7849916036442915e-08,1.1983682540928744e-16,2.943,2.943
4.475999999999729,1.162882545112734e-08,-4.768911038219707e-08,3.754074204114155e-08,1.1788706634873108e-16,2.943,2.943
4.477999999999729,1.1533836325605225e-08,-4.7299565719137964e-08,3.723409350875743e-08,1.1596903009442598e-16,2.943,2.943
4.479999999999729,1.1439623111116033e-08,-4.691320302033237e-08,3.69299498102498e-08,1.1408220051263189e-16,2.943,2.943
4.481999999999728,1.1346179469692887e-08,-4.6529996294161174e-08,3.662829048508458e-08,1.1222606986716442e-16,2.943,2.943
4.483999999999728,1.1253499115140087e-08,-4.6149919761315705e-08,3.6329095239857914e-08,1.1040013868276598e-16,2.943,2.943
4.485999999999728,1.1161575812610216e-08,-4.577294785306351e-08,3.6032343946930976e-08,1.086039156106992e-16,2.943,2.943
4.487999999999728,1.1070403378184703e-08,-4.539905520952827e-08,3.573801664307595e-08,1.0683691729652785e-16,2.943,2.943
4.4899999999997275,1.0979975678457823e-08,-4.502821667798378e-08,3.544609352813303e-08,1.0509866825004843e-16,2.943,2.943
4.491999999999727,1.0890286630124082e-08,-4.466040731116184e-08,3.515655496367844e-08,1.0338870071733829e-16,2.943,2.943
4.493999999999727,1.0801330199568976e-08,-4.429560236557402e-08,3.486938147170327e-08,1.0170655455488534e-16,2.943,2.943
4.495999999999727,1.0713100402463094e-08,-4.393377729984708e-08,3.4584553733303165e-08,1.0005177710576586e-16,2.943,2.943
4.497999999999727,1.0625591303359544e-08,-4.357490777307203e-08,3.430205258737869e-08,9.842392307783685e-17,2.943,2.943
4.499999999999726,1.053879701529465e-08,-4.32189696431666e-08,3.402185902934633e-08,9.682255442391021e-17,2.943,2.943
4.501999999999726,1.0452711699391928e-08,-4.286593896525121e-08,3.374395420985995e-08,9.524724022387638e-17,2.943,2.943
4.503999999999726,1.0367329564469284e-08,-4.2515791990038093e-08,3.346831943354279e-08,9.369755656874599e-17,2.943,2.943
4.505999999999726,1.0282644866649434e-08,-4.2168505162233626e-08,3.3194936157729764e-08,9.217308644657814e-17,2.943,2.943
4.507999999999726,1.0198651908973488e-08,-4.182405511895371e-08,3.292378599122008e-08,9.067341963026466e-17,2.943,2.943
4.509999999999725,1.011534504101771e-08,-4.1482418688152094e-08,3.2654850693039984e-08,8.919815256714006e-17,2.943,2.943
4.511999999999725,1.0032718658513398e-08,-4.114357288706151e-08,3.2388112171215635e-08,8.774688827038749e-17,2.943,2.943
4.513999999999725,9.950767202969862e-09,-4.080749492064758e-08,3.212355248155604e-08,8.631923621221178e-17,2.943,2.943
4.515999999999725,9.869485161300502e-09,-4.047416218007535e-08,3.1861153826445854e-08,8.491481221875025e-17,2.943,2.943
4.5179999999997245,9.788867065451918e-09,-4.014355224118828e-08,3.1600898553648184e-08,8.353323836669361e-17,2.943,2.943
4.519999999999724,9.708907492036069e-09,-3.981564286299977e-08,3.1342769155116966e-08,8.217414288158864e-17,2.943,2.943
4.521999999999724,9.62960106196542e-09,-3.949041198619694e-08,3.10867482658192e-08,8.083716003779567e-17,2.943,2.943
4.523999999999724,9.550942440091079e-09,-3.916783773165662e-08,3.0832818662566784e-08,7.952193006007364e-17,2.943,2.943
4.525999999999724,9.472926334843893e-09,-3.88478983989735e-08,3.058096326285784e-08,7.82280990267664e-17,2.943,2.943
4.527999999999723,9.395547497878462e-09,-3.853057246500029e-08,3.033116512372754e-08,7.695531877456428e-17,2.943,2.943
4.529999999999723,9.318800723720076e-09,-3.821583858239978e-08,3.008340744060827e-08,7.570324680481499e-17,2.943,2.943
4.531999999999723,9.242680849414524e-09,-3.7903675578208796e-08,2.983767354619919e-08,7.447154619135912e-17,2.943,2.943
4.533999999999723,9.167182754180772e-09,-3.7594062452413796e-08,2.9593946909344975e-08,7.325988548986501e-17,2.943,2.943
4.5359999999997225,9.092301359066476e-09,-3.7286978376538155e-08,2.9352211133923726e-08,7.206793864863874e-17,2.943,2.943
4.537999999999722,9.018031626606304e-09,-3.6982402692240994e-08,2.911244995774393e-08,7.089538492088527e-17,2.943,2.943
4.539999999999722,8.944368560483055e-09,-3.668031490992742e-08,2.8874647251450468e-08,6.974190877839716e-17,2.943,2.943
4.541999999999722,8.871307205191543e-09,-3.638069470737016e-08,2.8638787017439572e-08,6.860719982664755e-17,2.943,2.943
4.543999999999722,8.798842645705229e-09,-3.608352192834241e-08,2.8404853388782602e-08,6.749095272126455e-17,2.943,2.943
4.545999999999721,8.72697000714557e-09,-3.5788776581261886e-08,2.8172830628158676e-08,6.639286708586465e-17,2.943,2.943
4.547999999999721,8.655684454454079e-09,-3.5496438837845945e-08,2.7942703126795924e-08,6.531264743122293e-17,2.943,2.943
4.549999999999721,8.584981192067054e-09,-3.5206489031777663e-08,2.7714455403421492e-08,6.425000307575855e-17,2.943,2.943
4.551999999999721,8.514855463592971e-09,-3.4918907657382856e-08,2.7488072103220055e-08,6.320464806731364e-17,2.943,2.943
4.5539999999997205,8.445302551492507e-09,-3.463367536831787e-08,2.7263537996800853e-08,6.217630110620523e-17,2.943,2.943
4.55599999999972,8.376317776761178e-09,-3.435077297626808e-08,2.70408379791732e-08,6.116468546952878e-17,2.943,2.943
4.55799999999972,8.307896498614574e-09,-3.40701814496571e-08,2.6819957068730266e-08,6.016952893669348e-17,2.943,2.943
4.55999999999972,8.240034114176157e-09,-3.379188191236643e-08,2.6600880406241332e-08,5.919056371616927e-17,2.943,2.943
4.56199999999972,8.172726058167619e-09,-3.351585564246562e-08,2.638359325385208e-08,5.822752637342526e-17,2.943,2.943
4.563999999999719,8.105967802601757e-09,-3.3242084070952814e-08,2.6168080994093145e-08,5.728015776004098e-17,2.943,2.943
4.565999999999719,8.039754856477871e-09,-3.297054878050555e-08,2.595432912889684e-08,5.634820294397088e-17,2.943,2.943
4.567999999999719,7.974082765479638e-09,-3.270123150424178e-08,2.574232327862174e-08,5.5431411140943376e-17,2.943,2.943
4.569999999999719,7.908947111675457e-09,-3.243411412449101e-08,2.5532049181085366e-08,5.452953564697605e-17,2.943,2.943
4.5719999999997185,7.844343513221249e-09,-3.216917867157549e-08,2.5323492690604728e-08,5.3642333771988925e-17,2.943,2.943
4.573999999999718,7.780267624065674e-09,-3.190640732260134e-08,2.511663977704474e-08,5.276956677449786e-17,2.943,2.943
4.575999999999718,7.716715133657765e-09,-3.164578240025955e-08,2.4911476524874312e-08,5.191099979737034e-17,2.943,2.943
4.577999999999718,7.653681766656941e-09,-3.1387286371636785e-08,2.470798913223028e-08,5.1066401804626653e-17,2.943,2.943
4.579999999999718,7.5911632826454e-09,-3.11309018470359e-08,2.450616390998886e-08,5.0235545519269273e-17,2.943,2.943
4.581999999999717,7.529155475842851e-09,-3.08766115788061e-08,2.4305987280844797e-08,4.941820736212386e-17,2.943,2.943
4.583999999999717,7.467654174823579e-09,-3.062439846018263e-08,2.410744577839794e-08,4.861416739167513e-17,2.943,2.943
4.585999999999717,7.406655242235825e-09,-3.0374245524135974e-08,2.3910526046247366e-08,4.782320924488183e-17,2.943,2.943
4.587999999999717,7.346154574523458e-09,-3.012613594223043e-08,2.3715214837092823e-08,4.7045120078954505e-17,2.943,2.943
4.5899999999997165,7.2861481016499126e-09,-2.988005302349203e-08,2.352149901184357e-08,4.6279690514080577e-17,2.943,2.943
4.591999999999716,7.22663178682439e-09,-2.9635980213285664e-08,2.3329365538734498e-08,4.552671457708134e-17,2.943,2.943
4.593999999999716,7.167601626230293e-09,-2.9393901092201445e-08,2.3138801492449377e-08,4.4785989645985595e-17,2.943,2.943
4.595999999999716,7.109053648755878e-09,-2.9153799374950105e-08,2.2949794053251424e-08,4.405731639550516e-17,2.943,2.943
4.597999999999716,7.0509839157271085e-09,-2.8915658909267458e-08,2.2762330506120822e-08,4.3340498743397384e-17,2.943,2.943
4.599999999999715,6.99338852064269e-09,-2.8679463674827784e-08,2.2576398239899375e-08,4.263534379770052e-17,2.943,2.943
4.601999999999715,6.93626358891127e-09,-2.844519778216611e-08,2.239198474644212e-08,4.194166180482742e-17,2.943,2.943
4.603999999999715,6.879605277590783e-09,-2.8212845471609273e-08,2.2209077619775872e-08,4.1259266098503793e-17,2.943,2.943
4.605999999999715,6.823409775129928e-09,-2.7982391112215743e-08,2.202766455526463e-08,4.058797304953732e-17,2.943,2.943
4.6079999999997145,6.767673301111754e-09,-2.775381920072407e-08,2.1847733348781846e-08,3.992760201640397e-17,2.943,2.943
4.609999999999714,6.71239210599934e-09,-2.7527114360509953e-08,2.1669271895889375e-08,3.927797529663826e-17,2.943,2.943
4.611999999999714,6.657562470883559e-09,-2.730226134055181e-08,2.1492268191023205e-08,3.863891807901445e-17,2.943,2.943
4.613999999999714,6.603180707232891e-09,-2.7079245014404797e-08,2.1316710326685823e-08,3.801025839650575e-17,2.943,2.943
4.615999999999714,6.5492431566452905e-09,-2.6858050379183227e-08,2.1142586492645142e-08,3.7391827080008845e-17,2.943,2.943
4.6179999999997134,6.495746190602075e-09,-2.6638662554551272e-08,2.096988497514e-08,3.678345771282137e-17,2.943,2.943
4.619999999999713,6.442686210223826e-09,-2.6421066781721933e-08,2.0798594156092167e-08,3.618498658586003e-17,2.943,2.943
4.621999999999713,6.39005964602828e-09,-2.6205248422464173e-08,2.0628702512324738e-08,3.559625265360734e-17,2.943,2.943
4.623999999999713,6.337862957690204e-09,-2.599119295811817e-08,2.0460198614786945e-08,3.501709749077501e-17,2.943,2.943
4.625999999999713,6.286092633803226e-09,-2.577888598861861e-08,2.0293071127785317e-08,3.444736524967267e-17,2.943,2.943
4.627999999999712,6.2347451916436146e-09,-2.556831323152595e-08,2.0127308808221088e-08,3.3886902618269895e-17,2.943,2.943
4.629999999999712,6.1838171769359875e-09,-2.5359460521065605e-08,1.9962900504833826e-08,3.333555877894085e-17,2.943,2.943
4.631999999999712,6.133305163620933e-09,-2.5152313807174988e-08,1.979983515745127e-08,3.2793185367879914e-17,2.943,2.943
4.633999999999712,6.083205753624531e-09,-2.4946859154558307e-08,1.963810179624531e-08,3.2259636435177865e-17,2.943,2.943
4.6359999999997115,6.033515576629753e-09,-2.4743082741749123e-08,1.9477689540993962e-08,3.173476840554741e-17,2.943,2.943
4.637999999999711,5.984231289849736e-09,-2.4540970860180528e-08,1.9318587600349484e-08,3.121844003968786e-17,2.943,2.943
4.639999999999711,5.9353495778029016e-09,-2.4340509913262948e-08,1.9160785271112373e-08,3.071051239627834e-17,2.943,2.943
4.641999999999711,5.886867152089916e-09,-2.4141686415469447e-08,1.900427193751139e-08,3.0210848794589417e-17,2.943,2.943
4.643999999999711,5.838780751172472e-09,-2.394448699142854e-08,1.8849037070489312e-08,2.971931477770296e-17,2.943,2.943
4.64599999999971,5.791087140153875e-09,-2.374889837502438e-08,1.8695070226994717e-08,2.9235778076330515e-17,2.943,2.943
4.64799999999971,5.743783110561423e-09,-2.355490740850433e-08,1.8542361049279385e-08,2.876010857322031e-17,2.943,2.943
4.64999999999971,5.696865480130567e-09,-2.3362501041593793e-08,1.8390899264201547e-08,2.829217826814337e-17,2.943,2.943
4.65199999999971,5.65033109259083e-09,-2.3171666330618287e-08,1.8240674682534748e-08,2.783186124344928e-17,2.943,2.943
4.6539999999997095,5.604176817453474e-09,-2.2982390437632697e-08,1.8091677198282426e-08,2.737903363018245e-17,2.943,2.943
4.655999999999709,5.558399549800909e-09,-2.2794660629557633e-08,1.7943896787998025e-08,2.6933573574749528e-17,2.943,2.943
4.657999999999709,5.512996210077814e-09,-2.2608464277322837e-08,1.779732351011072e-08,2.649536120612933e-17,2.943,2.943
4.659999999999709,5.4679637438839686e-09,-2.2423788855017597e-08,1.7651947504256605e-08,2.6064278603616066e-17,2.943,2.943
4.661999999999709,5.4232991217687734e-09,-2.2240621939048094e-08,1.750775899061535e-08,2.564020976508752e-17,2.943,2.943
4.663999999999708,5.378999339027454e-09,-2.2058951207301636e-08,1.736474826925232e-08,2.522304057578947e-17,2.943,2.943
4.665999999999708,5.335061415498924e-09,-2.1878764438317717e-08,1.7222905719466004e-08,2.4812658777627994e-17,2.943,2.943
4.667999999999708,5.2914823953653045e-09,-2.1700049510465853e-08,1.7082221799140816e-08,2.4408953938961402e-17,2.943,2.943
4.669999999999708,5.248259346953077e-09,-2.1522794401130118e-08,1.6942687044105182e-08,2.4011817424883617e-17,2.943,2.943
4.6719999999997075,5.205389362535862e-09,-2.134698718590036e-08,1.680429206749485e-08,2.36211423679911e-17,2.943,2.943
4.673999999999707,5.162869558138809e-09,-2.1172616037770013e-08,1.666702755912141e-08,2.3236823639625378e-17,2.943,2.943
4.675999999999707,5.120697073344585e-09,-2.099966922634046e-08,1.6530884284845984e-08,2.2858757821583458e-17,2.943,2.943
4.677999999999707,5.078869071100945e-09,-2.0828135117031908e-08,1.6395853085957998e-08,2.2486843178288498e-17,2.943,2.943
4.679999999999707,5.037382737529877e-09,-2.065800217030069e-08,1.6261924878559093e-08,2.2120979629413308e-17,2.943,2.943
4.681999999999706,4.996235281738306e-09,-2.0489258940862964e-08,1.612909065295199e-08,2.1761068722949266e-17,2.943,2.943
4.683999999999706,4.9554239356303415e-09,-2.0321894076924787e-08,1.59973414730344e-08,2.1407013608713306e-17,2.943,2.943
4.685999999999706,4.9149459537210635e-09,-2.0155896319418416e-08,1.5866668475697865e-08,2.1058719012286128e-17,2.943,2.943
4.687999999999706,4.874798612951824e-09,-1.9991254501244907e-08,1.5737062870231516e-08,2.071609120937428e-17,2.943,2.943
4.6899999999997055,4.8349792125070585e-09,-1.9827957546522863e-08,1.5608515937730696e-08,2.0379038000589438e-17,2.943,2.943
4.691999999999705,4.7954850736326006e-09,-1.966599446984333e-08,1.5481019030510432e-08,2.0047468686638033e-17,2.943,2.943
4.693999999999705,4.75631353945547e-09,-1.950535437553079e-08,1.5354563571523656e-08,1.972129404391454e-17,2.943,2.943
4.695999999999705,4.717461974805141e-09,-1.9346026456910167e-08,1.522914105378423e-08,1.940042630049184e-17,2.943,2.943
4.697999999999705,4.678927766036264e-09,-1.9187999995579847e-08,1.510474303979463e-08,1.9084779112502256e-17,2.943,2.943
4.699999999999704,4.640708320852843e-09,-1.903126436069062e-08,1.4981361160978376e-08,1.8774267540902882e-17,2.943,2.943
4.701999999999704,4.602801068133844e-09,-1.88758090082305e-08,1.4858987117117022e-08,1.846880802861888e-17,2.943,2.943
4.703999999999704,4.5652034577602265e-09,-1.872162348031543e-08,1.4737612675791775e-08,1.816831837805872e-17,2.943,2.943
4.705999999999704,4.527912960443394e-09,-1.8568697404485726e-08,1.4617229671829726e-08,1.787271772899524e-17,2.943,2.943
4.7079999999997035,4.490927067555039e-09,-1.841702049300832e-08,1.4497830006754483e-08,1.758192653680655e-17,2.943,2.943
4.709999999999703,4.454243290958384e-09,-1.8266582542184648e-08,1.4379405648241441e-08,1.7295866551071e-17,2.943,2.943
4.711999999999703,4.417859162840796e-09,-1.811737343166425e-08,1.4261948629577374e-08,1.701446079451037e-17,2.943,2.943
4.713999999999703,4.381772235547771e-09,-1.7969383123763935e-08,1.4145451049124523e-08,1.6737633542275713e-17,2.943,2.943
4.715999999999703,4.345980081418274e-09,-1.7822601662792507e-08,1.4029905069789013e-08,1.6465310301570156e-17,2.943,2.943
4.717999999999702,4.310480292621424e-09,-1.7677019174381045e-08,1.3915302918493642e-08,1.6197417791603262e-17,2.943,2.943
4.719999999999702,4.275270480994513e-09,-1.7532625864818613e-08,1.3801636885654966e-08,1.5933883923871585e-17,2.943,2.943
4.721999999999702,4.240348277882349e-09,-1.7389412020393413e-08,1.368889932466466e-08,1.5674637782759988e-17,2.943,2.943
4.723999999999702,4.2057113339779065e-09,-1.7247368006739325e-08,1.3577082651375082e-08,1.541960960645863e-17,2.943,2.943
4.7259999999997016,4.171357319164288e-09,-1.7106484268187773e-08,1.3466179343589118e-08,1.5168730768190394e-17,2.943,2.943
4.727999999999701,4.137283922357969e-09,-1.6966751327124888e-08,1.3356181940554108e-08,1.4921933757743835e-17,2.943,2.943
4.729999999999701,4.103488851353322e-09,-1.6828159783353928e-08,1.3247083042459931e-08,1.4679152163306444e-17,2.943,2.943
4.731999999999701,4.06996983266842e-09,-1.6690700313462903e-08,1.3138875309941246e-08,1.444032065359362e-17,2.943,2.943
4.733999999999701,4.0367246113920885e-09,-1.6554363670197366e-08,1.3031551463583706e-08,1.420537496026836e-17,2.943,2.943
4.7359999999997004,4.0037509510322145e-09,-1.6419140681838326e-08,1.2925104283434289e-08,1.3974251860646957e-17,2.943,2.943
4.7379999999997,3.97104663336529e-09,-1.6285022251585233e-08,1.281952660851558e-08,1.3746889160686111e-17,2.943,2.943
4.7399999999997,3.938609458287188e-09,-1.615199935694403e-08,1.2714811336344016e-08,1.3523225678246805e-17,2.943,2.943
4.7419999999997,3.906437243665155e-09,-1.602006304912017e-08,1.2610951422452121e-08,1.3303201226630564e-17,2.943,2.943
4.7439999999997,3.874527825191013e-09,-1.588920445241662e-08,1.2507939879914567e-08,1.3086756598383454e-17,2.943,2.943
4.745999999999699,3.842879056235562e-09,-1.5759414763636755e-08,1.2405769778878173e-08,1.28738335493637e-17,2.943,2.943
4.747999999999699,3.81148880770417e-09,-1.563068525149217e-08,1.2304434246095703e-08,1.2664374783068468e-17,2.943,2.943
4.749999999999699,3.780354967893542e-09,-1.5503007256015274e-08,1.2203926464463493e-08,1.2458323935215689e-17,2.943,2.943
4.751999999999699,3.749475442349663e-09,-1.5376372187976726e-08,1.2104239672562838e-08,1.22556255585767e-17,2.943,2.943
4.7539999999996985,3.7188481537268975e-09,-1.525077152830762e-08,1.2005367164205134e-08,1.2056225108055678e-17,2.943,2.943
4.755999999999698,3.688471041648239e-09,-1.5126196827526376e-08,1.1907302287980752e-08,1.1860068926011849e-17,2.943,2.943
4.757999999999698,3.6583420625667064e-09,-1.5002639705170324e-08,1.1810038446811557e-08,1.1667104227820488e-17,2.943,2.943
4.759999999999698,3.6284591896278668e-09,-1.4880091849231928e-08,1.1713569097507114e-08,1.1477279087668828e-17,2.943,2.943
4.761999999999698,3.5988204125334852e-09,-1.4758545015599623e-08,1.1617887750324521e-08,1.1290542424583107e-17,2.943,2.943
4.763999999999697,3.5694237374062862e-09,-1.46379910275032e-08,1.1522987968531819e-08,1.1106843988682948e-17,2.943,2.943
4.765999999999697,3.5402671866558204e-09,-1.4518421774963744e-08,1.142886336797497e-08,1.0926134347659345e-17,2.943,2.943
4.767999999999697,3.511348798845427e-09,-1.4399829214248049e-08,1.1335507616648388e-08,1.074836487347271e-17,2.943,2.943
4.769999999999697,3.4826666285602826e-09,-1.4282205367327497e-08,1.1242914434268964e-08,1.0573487729267296e-17,2.943,2.943
4.7719999999996965,3.4542187462765285e-09,-1.4165542321341353e-08,1.1151077591853581e-08,1.0401455856498556e-17,2.943,2.943
4.773999999999696,3.4260032382314667e-09,-1.4049832228064453e-08,1.1059990911300065e-08,1.0232222962269923e-17,2.943,2.943
4.775999999999696,3.3980182062948156e-09,-1.3935067303379227e-08,1.0969648264971572e-08,1.0065743506875636e-17,2.943,2.943
4.777999999999696,3.370261767841018e-09,-1.3821239826752042e-08,1.0880043575284375e-08,9.901972691546226e-18,2.943,2.943
4.779999999999696,3.342732055622593e-09,-1.3708342140713824e-08,1.0791170814298993e-08,9.740866446393414e-18,2.943,2.943
4.781999999999695,3.3154272176445193e-09,-1.3596366650344921e-08,1.0703024003314682e-08,9.582381418551102e-18,2.943,2.943
4.783999999999695,3.2883454170396488e-09,-1.3485305822764169e-08,1.0615597212467244e-08,9.426474960509378e-18,2.943,2.943
4.785999999999695,3.261484831945135e-09,-1.337515218662214e-08,1.0528884560330093e-08,9.273105118638245e-18,2.943,2.943
4.787999999999695,3.2348436553798718e-09,-1.326589833159852e-08,1.0442880213518604e-08,9.122230621898156e-18,2.943,2.943
4.7899999999996945,3.208420095122932e-09,-1.3157536907903604e-08,1.035757838629768e-08,8.973810870734152e-18,2.943,2.943
4.791999999999694,3.182212373593002e-09,-1.3050060625783852e-08,1.0272973340192549e-08,8.827805926150759e-18,2.943,2.943
4.793999999999694,3.1562187277287974e-09,-1.2943462255031488e-08,1.0189059383602695e-08,8.684176498964585e-18,2.943,2.943
4.795999999999694,3.1304374088704584e-09,-1.2837734624498109e-08,1.010583087141899e-08,8.542883939231819e-18,2.943,2.943
4.797999999999694,3.1048666826419127e-09,-1.273287062161226e-08,1.0023282204643925e-08,8.403890225847722e-18,2.943,2.943
4.799999999999693,3.0795048288341995e-09,-1.2628863191900953e-08,9.941407830014957e-09,8.267157956315341e-18,2.943,2.943
4.801999999999693,3.0543501412897463e-09,-1.2525705338515097e-08,9.86020223963091e-09,8.132650336680694e-18,2.943,2.943
4.803999999999693,3.029400927787592e-09,-1.24233901217588e-08,9.779659970581463e-09,8.000331171631691e-18,2.943,2.943
4.805999999999693,3.0046555099295456e-09,-1.2321910658622517e-08,9.699775604579641e-09,7.870164854758186e-18,2.943,2.943
4.8079999999996925,2.980112223027278e-09,-1.2221260122320012e-08,9.620543767597308e-09,7.742116358970449e-18,2.943,2.943
4.809999999999692,2.9557694159903312e-09,-1.2121431741829106e-08,9.541959129503635e-09,7.61615122707357e-18,2.943,2.943
4.811999999999692,2.931625451215048e-09,-1.2022418801436167e-08,9.464016403706556e-09,7.4922355624952e-18,2.943,2.943
4.813999999999692,2.907678704474405e-09,-1.1924214640284333e-08,9.386710346797093e-09,7.370336020164155e-18,2.943,2.943
4.815999999999692,2.8839275648087453e-09,-1.1826812651925413e-08,9.310035758196641e-09,7.25041979753743e-18,2.943,2.943
4.817999999999691,2.860370434417408e-09,-1.1730206283875458e-08,9.2339874798071e-09,7.132454625773209e-18,2.943,2.943
4.819999999999691,2.837005728551238e-09,-1.1634389037173958e-08,9.158560395663876e-09,7.016408761047468e-18,2.943,2.943
4.821999999999691,2.813831875405976e-09,-1.1539354465946637e-08,9.083749431591727e-09,6.902250976011893e-18,2.943,2.943
4.823999999999691,2.790847316016519e-09,-1.1445096176971828e-08,9.009549554863396e-09,6.789950551390746e-18,2.943,2.943
4.8259999999996905,2.7680505041520454e-09,-1.1351607829250376e-08,8.935955773861062e-09,6.6794772677144784e-18,2.943,2.943
4.82799999999969,2.745439906211996e-09,-1.1258883133579072e-08,8.862963137740524e-09,6.570801397187811e-18,2.943,2.943
4.82999999999969,2.7230140011229044e-09,-1.1166915852127557e-08,8.790566736098164e-09,6.463893695690152e-18,2.943,2.943
4.83199999999969,2.70077128023607e-09,-1.1075699798018687e-08,8.718761698640592e-09,6.35872539490614e-18,2.943,2.943
4.83399999999969,2.6787102472260687e-09,-1.0985228834912325e-08,8.647543194857023e-09,6.25526819458425e-18,2.943,2.943
4.835999999999689,2.656829417990089e-09,-1.0895496876592536e-08,8.576906433694307e-09,6.153494254921331e-18,2.943,2.943
4.837999999999689,2.6351273205480947e-09,-1.0806497886558154e-08,8.506846663234628e-09,6.053376189071062e-18,2.943,2.943
4.839999999999689,2.6136024949438003e-09,-1.0718225877616681e-08,8.437359170375833e-09,5.954887055774289e-18,2.943,2.943
4.841999999999689,2.5922534931464553e-09,-1.0630674911481523e-08,8.36843928051436e-09,5.858000352109276e-18,2.943,2.943
4.8439999999996886,2.5710788789534322e-09,-1.0543839098372502e-08,8.30008235723077e-09,5.762690006359896e-18,2.943,2.943
4.845999999999688,2.550077227893609e-09,-1.0457712596619637e-08,8.232283801977843e-09,5.6689303709998716e-18,2.943,2.943
4.847999999999688,2.529247127131542e-09,-1.0372289612270156e-08,8.165039053771226e-09,5.576696215791154e-18,2.943,2.943
4.849999999999688,2.5085871753724193e-09,-1.0287564398698723e-08,8.098343588882601e-09,5.485962720994602e-18,2.943,2.943
4.851999999999688,2.488095982767794e-09,-1.0203531256220857e-08,8.03219292053535e-09,5.396705470691102e-18,2.943,2.943
4.8539999999996875,2.4677721708220835e-09,-1.012018453170948e-08,7.966582598602743e-09,5.3089004462113875e-18,2.943,2.943
4.855999999999687,2.4476143722998365e-09,-1.0037518618214639e-08,7.901508209308544e-09,5.222524019672721e-18,2.943,2.943
4.857999999999687,2.427621231133754e-09,-9.95552795458629e-09,7.836965374930094e-09,5.137552947620767e-18,2.943,2.943
4.859999999999687,2.4077914023334633e-09,-9.874207025100205e-09,7.772949753503812e-09,5.053964364774886e-18,2.943,2.943
4.861999999999687,2.3881235518950382e-09,-9.7935503590869e-09,7.709457038533092e-09,4.97173577787521e-18,2.943,2.943
4.863999999999686,2.368616356711256e-09,-9.713552530563617e-09,7.646482958698609e-09,4.890845059629823e-18,2.943,2.943
4.865999999999686,2.3492685044825886e-09,-9.634208157869303e-09,7.584023277570954e-09,4.811270442760413e-18,2.943,2.943
4.867999999999686,2.3300786936289212e-09,-9.55551190330257e-09,7.522073793325663e-09,4.732990514144813e-18,2.943,2.943
4.869999999999686,2.3110456332019917e-09,-9.47745847276261e-09,7.460630338460533e-09,4.655984209054842e-18,2.943,2.943
4.8719999999996855,2.292168042798545e-09,-9.400042615393059e-09,7.399688779515261e-09,4.580230805487892e-18,2.943,2.943
4.873999999999685,2.2734446524741967e-09,-9.323259123228745e-09,7.339245016793392e-09,4.5057099185907405e-18,2.943,2.943
4.875999999999685,2.2548742026580016e-09,-9.247102830845345e-09,7.279294984086507e-09,4.432401495174092e-18,2.943,2.943
4.877999999999685,2.236455444067718e-09,-9.171568615011886e-09,7.2198346484006816e-09,4.360285808316373e-18,2.943,2.943
4.879999999999685,2.218187137625766e-09,-9.096651394346096e-09,7.160860009685182e-09,4.289343452055314e-18,2.943,2.943
4.881999999999684,2.200068054375871e-09,-9.022346128972568e-09,7.102367100563362e-09,4.2195553361659e-18,2.943,2.943
4.883999999999684,2.182096975400389e-09,-8.948647820183706e-09,7.04435198606578e-09,4.150902681023296e-18,2.943,2.943
4.885999999999684,2.1642726917383066e-09,-8.875551510103462e-09,6.9868107633654686e-09,4.08336701254934e-18,2.943,2.943
4.887999999999684,2.146594004303912e-09,-8.803052281353797e-09,6.929739561515392e-09,4.016930157241272e-18,2.943,2.943
4.8899999999996835,2.1290597238061273e-09,-8.731145256723876e-09,6.873134541188034e-09,3.951574237281328e-18,2.943,2.943
4.891999999999683,2.1116686706685043e-09,-8.659825598841974e-09,6.816991894417116e-09,3.8872816657259134e-18,2.943,2.943
4.893999999999683,2.0944196749498693e-09,-8.589088509850044e-09,6.761307844341426e-09,3.82403514177305e-18,2.943,2.943
4.895999999999683,2.0773115762656197e-09,-8.518929231080956e-09,6.706078644950741e-09,3.761817646106815e-18,2.943,2.943
4.897999999999683,2.060343223709661e-09,-8.449343042738374e-09,6.651300580833814e-09,3.700612436317528e-18,2.943,2.943
4.899999999999682,2.043513475776982e-09,-8.380325263579235e-09,6.5969699669284454e-09,3.6404030423964646e-18,2.943,2.943
4.901999999999682,2.026821200286864e-09,-8.311871250598835e-09,6.54308314827356e-09,3.5811732623038476e-18,2.943,2.943
4.903999999999682,2.010265274306715e-09,-8.24397639871848e-09,6.489636499763351e-09,3.5229071576089735e-18,2.943,2.943
4.905999999999682,1.993844584076529e-09,-8.176636140475692e-09,6.436626425903386e-09,3.46558904920125e-18,2.943,2.943
4.9079999999996815,1.9775580249339564e-09,-8.109845945716942e-09,6.384049360568739e-09,3.409203513071041e-18,2.943,2.943
4.909999999999681,1.961404501239996e-09,-8.043601321292896e-09,6.331901766764103e-09,3.353735376159132e-18,2.943,2.943
4.911999999999681,1.9453829263052834e-09,-7.977897810756148e-09,6.2801801363858125e-09,3.2991697122737486e-18,2.943,2.943
4.913999999999681,1.9294922223169905e-09,-7.912730994061427e-09,6.228880989985879e-09,3.245491838073985e-18,2.943,2.943
4.915999999999681,1.9137313202663156e-09,-7.848096487268244e-09,6.1780008765379015e-09,3.192687309118597e-18,2.943,2.943
4.91799999999968,1.89809915987657e-09,-7.783989942245976e-09,6.12753637320491e-09,3.1407419159790787e-18,2.943,2.943
4.91999999999968,1.8825946895318495e-09,-7.720407046381355e-09,6.0774840851091005e-09,3.0896416804159733e-18,2.943,2.943
4.92199999999968,1.86721686620629e-09,-7.657343522288348e-09,6.027840645103462e-09,3.039372851617404e-18,2.943,2.943
4.92399999999968,1.8519646553939001e-09,-7.594795127520405e-09,5.9786027135452455e-09,2.9899219024987972e-18,2.943,2.943
4.9259999999996795,1.8368370310389676e-09,-7.532757654285062e-09,5.929766978071309e-09,2.9412755260628183e-18,2.943,2.943
4.927999999999679,1.821832975467034e-09,-7.471226929160867e-09,5.881330153375286e-09,2.893420631818522e-18,2.943,2.943
4.929999999999679,1.8069514793164327e-09,-7.410198812816626e-09,5.833288980986563e-09,2.8463443422587716e-18,2.943,2.943
4.931999999999679,1.7921915414703864e-09,-7.34966919973294e-09,5.78564022905109e-09,2.8000339893949666e-18,2.943,2.943
4.933999999999679,1.77755216898966e-09,-7.2896340179260124e-09,5.738380692113948e-09,2.75447711134815e-18,2.943,2.943
4.935999999999678,1.7630323770457626e-09,-7.230089228673722e-09,5.6915071909037254e-09,2.7096614489955833e-18,2.943,2.943
4.937999999999678,1.7486311888546958e-09,-7.171030826243921e-09,5.645016572118631e-09,2.6655749426718773e-18,2.943,2.943
4.939999999999678,1.7343476356112422e-09,-7.1124548376249674e-09,5.598905708214364e-09,2.6222057289238e-18,2.943,2.943
4.941999999999678,1.7201807564237926e-09,-7.0543573222584406e-09,5.553171497193724e-09,2.5795421373178786e-18,2.943,2.943
4.9439999999996775,1.7061295982497033e-09,-6.996734371774057e-09,5.5078108623979175e-09,2.537572687299949e-18,2.943,2.943
4.945999999999677,1.6921932158311826e-09,-6.9395821097267395e-09,5.4628207522995975e-09,2.496286085105797e-18,2.943,2.943
4.947999999999677,1.6783706716317014e-09,-6.8828966913358436e-09,5.4181981402975656e-09,2.45567122072206e-18,2.943,2.943
4.949999999999677,1.6646610357729222e-09,-6.826674303226504e-09,5.3739400245131796e-09,2.415717164896586e-18,2.943,2.943
4.951999999999677,1.6510633859721438e-09,-6.770911163173102e-09,5.330043427588397e-09,2.3764131661974225e-18,2.943,2.943
4.953999999999676,1.6375768074802572e-09,-6.715603519844825e-09,5.286505396485486e-09,2.3377486481196625e-18,2.943,2.943
4.955999999999676,1.6242003930202082e-09,-6.6607476525533046e-09,5.243323002288365e-09,2.2997132062393617e-18,2.943,2.943
4.957999999999676,1.6109332427259616e-09,-6.606339871002316e-09,5.200493340005568e-09,2.262296605413763e-18,2.943,2.943
4.959999999999676,1.5977744640819663e-09,-6.5523765150395206e-09,5.158013528374823e-09,2.2254887770270683e-18,2.943,2.943
4.961999999999676,1.5847231718631122e-09,-6.498853954410243e-09,5.11588070966921e-09,2.189279816281028e-18,2.943,2.943
4.963999999999675,1.5717784880751793e-09,-6.445768588513249e-09,5.074092049504926e-09,2.153659979529609e-18,2.943,2.943
4.965999999999675,1.558939541895773e-09,-6.393116846158527e-09,5.0326447366506015e-09,2.1186196816570324e-18,2.943,2.943
4.967999999999675,1.5462054696157416e-09,-6.340895185327043e-09,4.991535982838188e-09,2.084149493498462e-18,2.943,2.943
4.969999999999675,1.5335754145810714e-09,-6.289100092932461e-09,4.950763022575378e-09,2.0502401393026725e-18,2.943,2.943
4.9719999999996745,1.521048527135259e-09,-6.237728084584809e-09,4.9103231129595654e-09,2.016882494235984e-18,2.943,2.943
4.973999999999674,1.5086239645621513e-09,-6.186775704356073e-09,4.870213533493322e-09,1.984067581926823e-18,2.943,2.943
4.975999999999674,1.4963008910292544e-09,-6.1362395245477086e-09,4.830431585901389e-09,1.95178657205022e-18,2.943,2.943
4.977999999999674,1.484078477531505e-09,-6.086116145460054e-09,4.7909745939491456e-09,1.920030777951621e-18,2.943,2.943
4.979999999999674,1.471955901835501e-09,-6.0364021951636175e-09,4.751839903262582e-09,1.888791654309348e-18,2.943,2.943
4.981999999999673,1.4599323484241877e-09,-5.987094329272245e-09,4.7130248811497295e-09,1.8580607948350995e-18,2.943,2.943
4.983999999999673,1.4480070084419956e-09,-5.9381892307181295e-09,4.6745269164235505e-09,1.82782993001186e-18,2.943,2.943
4.985999999999673,1.4361790796404272e-09,-5.8896836095286676e-09,4.636343419226281e-09,1.7980909248686172e-18,2.943,2.943
4.987999999999673,1.4244477663240875e-09,-5.841574202605131e-09,4.598471820855199e-09,1.76883577679128e-18,2.943,2.943
4.9899999999996725,1.412812279297155e-09,-5.793857773503152e-09,4.560909573589825e-09,1.740056613369218e-18,2.943,2.943
4.991999999999672,1.4012718358102909e-09,-5.746531112214998e-09,4.523654150520529e-09,1.7117456902768351e-18,2.943,2.943
4.993999999999672,1.3898256595079812e-09,-5.699591034953626e-09,4.4867030453785415e-09,1.6838953891896133e-18,2.943,2.943
4.995999999999672,1.37847298037631e-09,-5.653034383938502e-09,4.450053772367346e-09,1.656498215734057e-18,2.943,2.943
4.997999999999672,1.367213034691158e-09,-5.606858027183168e-09,4.413703865995454e-09,1.6295467974709982e-18,2.943,2.943
4.999999999999671,1.3560450649668242e-09,-5.561058858284545e-09,4.377650880910547e-09,1.6030338819117091e-18,2.943,2.943
5.001999999999671,1.3449683199050698e-09,-5.51563379621396e-09,4.34189239173497e-09,1.5769523345662979e-18,2.943,2.943
5.003999999999671,1.3339820543445745e-09,-5.470579785109872e-09,4.306425992902571e-09,1.551295137023848e-18,2.943,2.943
5.005999999999671,1.3230855292108087e-09,-5.4258937940723014e-09,4.271249298496871e-09,1.526055385063806e-18,2.943,2.943
5.0079999999996705,1.3122780114663133e-09,-5.381572816958931e-09,4.23635994209056e-09,1.5012262867980877e-18,2.943,2.943
5.00999999999967,1.3015587740613868e-09,-5.337613872182874e-09,4.2017555765862954e-09,1.4768011608434153e-18,2.943,2.943
5.01199999999967,1.290927095885175e-09,-5.294014002512097e-09,4.167433874058813e-09,1.4527734345233937e-18,2.943,2.943
5.01399999999967,1.2803822617171596e-09,-5.250770274870479e-09,4.133392525598318e-09,1.429136642099835e-18,2.943,2.943
5.01599999999967,1.2699235621790432e-09,-5.207879780140497e-09,4.099629241155161e-09,1.4058844230328628e-18,2.943,2.943
5.017999999999669,1.2595502936870287e-09,-5.165339632967517e-09,4.066141749385778e-09,1.3830105202693231e-18,2.943,2.943
5.019999999999669,1.249261758404486e-09,-5.123146971565695e-09,4.03292779749989e-09,1.3605087785590414e-18,2.943,2.943
5.021999999999669,1.2390572641950077e-09,-5.081298957525453e-09,3.99998515110896e-09,1.3383731427984804e-18,2.943,2.943
5.023999999999669,1.2289361245758471e-09,-5.039792775622535e-09,3.967311594075867e-09,1.3165976564013384e-18,2.943,2.943
5.0259999999996685,1.2188976586717364e-09,-4.998625633628616e-09,3.934904928365834e-09,1.2951764596956655e-18,2.943,2.943
5.027999999999668,1.2089411911690828e-09,-4.9577947621234655e-09,3.90276297389855e-09,1.2741037883470535e-18,2.943,2.943
5.029999999999668,1.199066052270538e-09,-4.917297414308637e-09,3.870883568401517e-09,1.2533739718074852e-18,2.943,2.943
5.031999999999668,1.18927157764994e-09,-4.877130865822689e-09,3.839264567264584e-09,1.232981431789417e-18,2.943,2.943
5.033999999999668,1.1795571084076208e-09,-4.837292414557905e-09,3.8079038433956775e-09,1.2129206807646918e-18,2.943,2.943
5.035999999999667,1.1699219910260824e-09,-4.79777938047852e-09,3.776799287077706e-09,1.1931863204878732e-18,2.943,2.943
5.037999999999667,1.160365577326031e-09,-4.758589105440424e-09,3.745948805826628e-09,1.1737730405436032e-18,2.943,2.943
5.039999999999667,1.1508872244227738e-09,-4.719718953012345e-09,3.7153503242506936e-09,1.1546756169175991e-18,2.943,2.943
5.041999999999667,1.1414862946829697e-09,-4.681166308298486e-09,3.685001783910821e-09,1.135888910590897e-18,2.943,2.943
5.0439999999996665,1.1321621556817343e-09,-4.642928577762617e-09,3.6549011431821237e-09,1.1174078661569672e-18,2.943,2.943
5.045999999999666,1.122914180160095e-09,-4.6050031890536e-09,3.625046377116562e-09,1.0992275104613329e-18,2.943,2.943
5.047999999999666,1.113741745982794e-09,-4.5673875908323415e-09,3.595435477306726e-09,1.0813429512633166e-18,2.943,2.943
5.049999999999666,1.1046442360964345e-09,-4.530079252600155e-09,3.5660664517507137e-09,1.063749375919564e-18,2.943,2.943
5.051999999999666,1.0956210384879716e-09,-4.4930756645285285e-09,3.5369373247181373e-09,1.0464420500889886e-18,2.943,2.943
5.053999999999665,1.0866715461435392e-09,-4.4563743372902836e-09,3.5080461366171993e-09,1.0294163164587819e-18,2.943,2.943
5.055999999999665,1.0777951570076155e-09,-4.41997280189211e-09,3.4793909438628714e-09,1.0126675934911548e-18,2.943,2.943
5.057999999999665,1.0689912739425206e-09,-4.38386860950847e-09,3.450969818746142e-09,9.961913741904713e-19,2.943,2.943
5.059999999999665,1.0602593046882459e-09,-4.348059331316863e-09,3.4227808493043377e-09,9.799832248904363e-19,2.943,2.943
5.0619999999996645,1.0515986618226108e-09,-4.312542558334427e-09,3.394822139192497e-09,9.64038784061021e-19,2.943,2.943
5.063999999999664,1.0430087627217457e-09,-4.277315901255884e-09,3.3670918075558e-09,9.483537611347959e-19,2.943,2.943
5.065999999999664,1.0344890295208972e-09,-4.242376990292804e-09,3.3395879889030394e-09,9.329239353523618e-19,2.943,2.943
5.067999999999664,1.0260388890755536e-09,-4.207723475014183e-09,3.312308832981122e-09,9.177451546265654e-19,2.943,2.943
5.069999999999664,1.0176577729228884e-09,-4.173353024188324e-09,3.2852525046505984e-09,9.02813334425192e-19,2.943,2.943
5.0719999999996634,1.0093451172435174e-09,-4.139263325626008e-09,3.2584171837622063e-09,8.881244566718416e-19,2.943,2.943
5.073999999999663,1.00110036282357e-09,-4.105452086024947e-09,3.2318010650344285e-09,8.736745686646834e-19,2.943,2.943
5.075999999999663,9.929229550170692e-10,-4.071917030815511e-09,3.205402357932044e-09,8.594597820128029e-19,2.943,2.943
5.077999999999663,9.848123437086191e-10,-4.038655904007707e-09,3.179219286545676e-09,8.454762715898597e-19,2.943,2.943
5.079999999999663,9.76767983276397e-10,-4.005666468039414e-09,3.153250089472318e-09,8.317202745047602e-19,2.943,2.943
5.081999999999662,9.687893325554484e-10,-3.972946503625859e-09,3.1274930196968418e-09,8.181880890890877e-19,2.943,2.943
5.083999999999662,9.608758548012808e-10,-3.940493809610319e-09,3.1019463444744762e-09,8.048760739009991e-19,2.943,2.943
5.085999999999662,9.53027017653756e-10,-3.90830620281604e-09,3.0766083452142333e-09,7.91780646745334e-19,2.943,2.943
5.087999999999662,9.452422931012775e-10,-3.876381517899373e-09,3.051477317363299e-09,7.788982837096621e-19,2.943,2.943
5.0899999999996615,9.37521157445268e-10,-3.844717607204105e-09,3.026551570292358e-09,7.662255182160179e-19,2.943,2.943
5.091999999999661,9.298630912649408e-10,-3.81331234061698e-09,3.001829427181871e-09,7.537589400880612e-19,2.943,2.943
5.093999999999661,9.222675793823555e-10,-3.782163605424401e-09,2.977309224909257e-09,7.414951946334178e-19,2.943,2.943
5.095999999999661,9.147341108277617e-10,-3.7512693061703e-09,2.9529893139370246e-09,7.294309817409471e-19,2.943,2.943
5.097999999999661,9.072621788052242e-10,-3.7206273645151757e-09,2.9288680582017913e-09,7.175630549926997e-19,2.943,2.943
5.09999999999966,8.998512806585294e-10,-3.6902357190962752e-09,2.904943835004231e-09,7.05888220790324e-19,2.943,2.943
5.10199999999966,8.925009178373709e-10,-3.6600923253889215e-09,2.8812150348999033e-09,6.944033374956828e-19,2.943,2.943
5.10399999999966,8.852105958638101e-10,-3.6301951555689726e-09,2.8576800615909887e-09,6.8310531458545805e-19,2.943,2.943
5.10599999999966,8.779798242990118e-10,-3.6005421983764057e-09,2.834337331818895e-09,6.719911118195028e-19,2.943,2.943
5.1079999999996595,8.708081167102511e-10,-3.571131458980013e-09,2.811185275257752e-09,6.610577384227318e-19,2.943,2.943
5.109999999999659,8.636949906381896e-10,-3.541960958843205e-09,2.78822233440877e-09,6.503022522803167e-19,2.943,2.943
5.111999999999659,8.566399675644191e-10,-3.5130287355909098e-09,2.7654469644954622e-09,6.397217591459794e-19,2.943,2.943
5.113999999999659,8.496425728792707e-10,-3.4843328428775582e-09,2.7428576333597237e-09,6.293134118631646e-19,2.943,2.943
5.115999999999659,8.427023358498863e-10,-3.4558713502561485e-09,2.720452821358763e-09,6.190744095988845e-19,2.943,2.943
5.117999999999658,8.358187895885513e-10,-3.4276423430483794e-09,2.698231021262866e-09,6.090019970900294e-19,2.943,2.943
5.119999999999658,8.28991471021286e-10,-3.399643922215846e-09,2.6761907381540026e-09,5.9909346390194015e-19,2.943,2.943
5.121999999999658,8.22219920856693e-10,-3.3718742042322857e-09,2.6543304893252628e-09,5.89346143699044e-19,2.943,2.943
5.123999999999658,8.1550368355506e-10,-3.3443313209568683e-09,2.632648804181106e-09,5.797574135273575e-19,2.943,2.943
5.1259999999996575,8.088423072977142e-10,-3.3170134195085226e-09,2.6111442241384362e-09,5.703246931086633e-19,2.943,2.943
5.127999999999657,8.02235343956627e-10,-3.2899186621412864e-09,2.5898153025284746e-09,5.6104544414617e-19,2.943,2.943
5.129999999999657,7.956823490642679e-10,-3.2630452261206787e-09,2.568660604499438e-09,5.519171696414694e-19,2.943,2.943
5.131999999999657,7.891828817837034e-10,-3.2363913036010777e-09,2.5476787069200177e-09,5.429374132226076e-19,2.943,2.943
5.133999999999657,7.827365048789414e-10,-3.209955101504103e-09,2.5268681982836385e-09,5.341037584830875e-19,2.943,2.943
5.135999999999656,7.763427846855164e-10,-3.1837348413979917e-09,2.5062276786134992e-09,5.254138283316259e-19,2.943,2.943
5.137999999999656,7.700012910813165e-10,-3.157728759377957e-09,2.485755759368401e-09,5.168652843524913e-19,2.943,2.943
5.139999999999656,7.637115974576477e-10,-3.131935105947527e-09,2.465451063349332e-09,5.08455826176247e-19,2.943,2.943
5.141999999999656,7.574732806905346e-10,-3.1063521459008502e-09,2.445312224606816e-09,5.001831908607344e-19,2.943,2.943
5.1439999999996555,7.512859211122561e-10,-3.0809781582059655e-09,2.4253378883490275e-09,4.9204515228212625e-19,2.943,2.943
5.145999999999655,7.451491024831131e-10,-3.0558114358890226e-09,2.4055267108506507e-09,4.840395205358889e-19,2.943,2.943
5.147999999999655,7.390624119634271e-10,-3.0308502859194498e-09,2.3858773593624798e-09,4.761641413474891e-19,2.943,2.943
5.149999999999655,7.330254400857673e-10,-3.006093029096059e-09,2.3663885120217637e-09,4.684168954926908e-19,2.943,2.943
5.151999999999655,7.270377807274045e-10,-2.981537999934083e-09,2.3470588577632815e-09,4.607956982272819e-19,2.943,2.943
5.153999999999654,7.210990310829904e-10,-2.9571835465531324e-09,2.3278870962311437e-09,4.532984987260807e-19,2.943,2.943
5.155999999999654,7.1520879163746e-10,-2.9330280305660697e-09,2.308871937691313e-09,4.459232795310698e-19,2.943,2.943
5.157999999999654,7.093666661391548e-10,-2.9090698269687913e-09,2.2900121029448394e-09,4.3866805600850715e-19,2.943,2.943
5.159999999999654,7.035722615731662e-10,-2.885307324030909e-09,2.2713063232418083e-09,4.3153087581487244e-19,2.943,2.943
5.1619999999996535,6.978251881348962e-10,-2.861738923187324e-09,2.252753340195987e-09,4.2450981837150116e-19,2.943,2.943
5.163999999999653,6.921250592038344e-10,-2.838363038930689e-09,2.234351905700167e-09,4.176029943477665e-19,2.943,2.943
5.165999999999653,6.864714913175488e-10,-2.8151780987047456e-09,2.2161007818422065e-09,4.108085451526703e-19,2.943,2.943
5.167999999999653,6.808641041458895e-10,-2.792182542798534e-09,2.197998740821747e-09,4.041246424347056e-19,2.943,2.943
5.169999999999653,6.75302520465403e-10,-2.769374824241469e-09,2.18004456486762e-09,3.9754948758985696e-19,2.943,2.943
5.171999999999652,6.69786366133955e-10,-2.746753408699269e-09,2.162237046155923e-09,3.910813112776048e-19,2.943,2.943
5.173999999999652,6.643152700655613e-10,-2.7243167743707403e-09,2.1445749867287636e-09,3.847183729448052e-19,2.943,2.943
5.175999999999652,6.588888642054236e-10,-2.7020634118853983e-09,2.127057198413674e-09,3.7845896035731596e-19,2.943,2.943
5.177999999999652,6.535067835051699e-10,-2.679991824201931e-09,2.1096825027436783e-09,3.723013891392435e-19,2.943,2.943
5.1799999999996515,6.481686658982959e-10,-2.6581005265074865e-09,2.0924497308780125e-09,3.66244002319685e-19,2.943,2.943
5.181999999999651,6.42874152275809e-10,-2.6363880461177887e-09,2.0753577235234936e-09,3.6028516988684684e-19,2.943,2.943
5.183999999999651,6.376228864620694e-10,-2.614852922378064e-09,2.058405330856532e-09,3.5442328834941656e-19,2.943,2.943
5.185999999999651,6.324145151908292e-10,-2.5934937065647802e-09,2.0415914124457812e-09,3.4865678030507125e-19,2.943,2.943
5.187999999999651,6.272486880814674e-10,-2.572308961788186e-09,2.0249148371754146e-09,3.4298409401600746e-19,2.943,2.943
5.1899999999996504,6.221250576154193e-10,-2.551297262895649e-09,2.0083744831690347e-09,3.374037029913751e-19,2.943,2.943
5.19199999999965,6.170432791127971e-10,-2.5304571963757813e-09,1.991969237714202e-09,3.3191410557650803e-19,2.943,2.943
5.19399999999965,6.120030107092034e-10,-2.5097873602633496e-09,1.975697997187577e-09,3.2651382454883575e-19,2.943,2.943
5.19599999999965,6.070039133327324e-10,-2.48928636404496e-09,1.959559666980682e-09,3.212014067203704e-19,2.943,2.943
5.19799999999965,6.020456506811601e-10,-2.4689528285655164e-09,1.943553161426258e-09,3.1597542254666116e-19,2.943,2.943
5.199999999999649,5.9712788919932e-10,-2.4487853859354393e-09,1.9276774037252324e-09,3.108344657421119e-19,2.943,2.943
5.201999999999649,5.922502980566641e-10,-2.4287826794386458e-09,1.9119313258742787e-09,3.0577715290155564e-19,2.943,2.943
5.203999999999649,5.874125491250073e-10,-2.408943363441279e-09,1.896313868593971e-09,3.0080212312798886e-19,2.943,2.943
5.205999999999649,5.826143169564532e-10,-2.389266103301184e-09,1.880823981257521e-09,2.959080376663597e-19,2.943,2.943
5.2079999999996485,5.778552787615001e-10,-2.369749575278123e-09,1.865460621820102e-09,2.9109357954331665e-19,2.943,2.943
5.209999999999648,5.731351143873267e-10,-2.3503924664447238e-09,1.8502227567487452e-09,2.863574532128174e-19,2.943,2.943
5.211999999999648,5.68453506296254e-10,-2.331193474598156e-09,1.8351093609528144e-09,2.8169838420750435e-19,2.943,2.943
5.213999999999648,5.638101395443842e-10,-2.3121513081725284e-09,1.8201194177150422e-09,2.7711511879575134e-19,2.943,2.943
5.215999999999648,5.592047017604135e-10,-2.2932646861520017e-09,1.805251918623136e-09,2.726064236442918e-19,2.943,2.943
5.217999999999647,5.546368831246176e-10,-2.2745323379846113e-09,1.7905058635019361e-09,2.6817108548633415e-19,2.943,2.943
5.219999999999647,5.501063763480101e-10,-2.2559530034967948e-09,1.7758802603461348e-09,2.6380791079507857e-19,2.943,2.943
5.221999999999647,5.456128766516696e-10,-2.237525432808615e-09,1.7613741252535389e-09,2.595157254625449e-19,2.943,2.943
5.223999999999647,5.411560817462371e-10,-2.2192483862496804e-09,1.7469864823588826e-09,2.5529337448362584e-19,2.943,2.943
5.2259999999996465,5.367356918115799e-10,-2.201120634275745e-09,1.732716363768175e-09,2.5113972164528166e-19,2.943,2.943
5.227999999999646,5.323514094766217e-10,-2.183140957385998e-09,1.7185628094935907e-09,2.470536492207902e-19,2.943,2.943
5.229999999999646,5.280029397993383e-10,-2.1653081460410223e-09,1.7045248673888876e-09,2.4303405766897317e-19,2.943,2.943
5.231999999999646,5.236899902469153e-10,-2.1476210005814256e-09,1.6906015930853529e-09,2.3907986533831484e-19,2.943,2.943
5.233999999999646,5.194122706760693e-10,-2.1300783311471377e-09,1.676792049928275e-09,2.3519000817589504e-19,2.943,2.943
5.235999999999645,5.15169493313529e-10,-2.1126789575973647e-09,1.6630953089139286e-09,2.3136343944105814e-19,2.943,2.943
5.237999999999645,5.109613727366757e-10,-2.0954217094311973e-09,1.6495104486270847e-09,2.275991294237409e-19,2.943,2.943
5.239999999999645,5.067876258543428e-10,-2.078305425708869e-09,1.6360365551790157e-09,2.2389606516738184e-19,2.943,2.943
5.241999999999645,5.026479718877708e-10,-2.061328954973657e-09,1.6226727221460244e-09,2.202532501963405e-19,2.943,2.943
5.2439999999996445,4.985421323517189e-10,-2.0444911551744194e-09,1.6094180505084603e-09,2.1666970424775089e-19,2.943,2.943
5.245999999999644,4.94469831035731e-10,-2.027790893588767e-09,1.596271648590244e-09,2.1314446300773741e-19,2.943,2.943
5.247999999999644,4.904307939855533e-10,-2.0112270467468634e-09,1.5832326319988795e-09,2.0967657785192324e-19,2.943,2.943
5.249999999999644,4.864247494847058e-10,-1.994798500355844e-09,1.5703001235659603e-09,2.0626511559016058e-19,2.943,2.943
5.251999999999644,4.824514280362024e-10,-1.978504149224857e-09,1.5574732532881594e-09,2.0290915821541308e-19,2.943,2.943
5.253999999999643,4.785105623444216e-10,-1.9623428971907124e-09,1.5447511582687026e-09,1.9960780265672603e-19,2.943,2.943
5.255999999999643,4.746018872971247e-10,-1.946313657044141e-09,1.5321329826593168e-09,1.9636016053621361e-19,2.943,2.943
5.257999999999643,4.70725139947621e-10,-1.930415350456656e-09,1.5196178776026584e-09,1.9316535793000143e-19,2.943,2.943
5.259999999999643,4.668800594970786e-10,-1.9146469079080092e-09,1.5072050011752068e-09,1.9002253513305815e-19,2.943,2.943
5.2619999999996425,4.6306638727698e-10,-1.8990072686142426e-09,1.4948935183306254e-09,1.8693084642785277e-19,2.943,2.943
5.263999999999642,4.592838667317205e-10,-1.883495380456327e-09,1.4826826008435854e-09,1.8388945985677688e-19,2.943,2.943
5.265999999999642,4.5553224340134944e-10,-1.8681101999093833e-09,1.4705714272540517e-09,1.8089755699826887e-19,2.943,2.943
5.267999999999642,4.5181126490445176e-10,-1.8528506919724805e-09,1.4585591828120196e-09,1.7795433274658118e-19,2.943,2.943
5.269999999999642,4.481206809211696e-10,-1.8377158300990098e-09,1.446645059422702e-09,1.7505899509512992e-19,2.943,2.943
5.271999999999641,4.444602431763628e-10,-1.8227045961276263e-09,1.4348282555921714e-09,1.7221076492337032e-19,2.943,2.943
5.273999999999641,4.408297054229067e-10,-1.8078159802137536e-09,1.4231079763734385e-09,1.6940887578713945e-19,2.943,2.943
5.275999999999641,4.372288234251264e-10,-1.7930489807616496e-09,1.4114834333129737e-09,1.6665257371240974e-19,2.943,2.943
5.277999999999641,4.3365735494236664e-10,-1.7784026043570268e-09,1.3999538443976673e-09,1.639411169923987e-19,2.943,2.943
5.2799999999996405,4.3011505971269533e-10,-1.763875865700222e-09,1.3885184340022202e-09,1.6127377598797917e-19,2.943,2.943
5.28199999999964,4.266016994367407e-10,-1.7494677875399136e-09,1.3771764328369673e-09,1.5864983293133734e-19,2.943,2.943
5.28399999999964,4.231170377616602e-10,-1.7351774006073782e-09,1.3659270778961239e-09,1.5606858173282512e-19,2.943,2.943
5.28599999999964,4.196608402652405e-10,-1.7210037435512864e-09,1.3547696124064553e-09,1.5352932779095484e-19,2.943,2.943
5.28799999999964,4.162328744401273e-10,-1.7069458628730296e-09,1.34370328577637e-09,1.5103138780548576e-19,2.943,2.943
5.289999999999639,4.128329096781839e-10,-1.6930028128625763e-09,1.3327273535454229e-09,1.4857408959355126e-19,2.943,2.943
5.291999999999639,4.094607172549775e-10,-1.679173655534851e-09,1.3218410773342334e-09,1.4615677190877815e-19,2.943,2.943
5.293999999999639,4.0611607031439264e-10,-1.6654574605666338e-09,1.3110437247948145e-09,1.4377878426334845e-19,2.943,2.943
5.295999999999639,4.0279874385336967e-10,-1.6518533052339755e-09,1.3003345695613044e-09,1.4143948675295635e-19,2.943,2.943
5.2979999999996386,3.995085147067684e-10,-1.638360274350123e-09,1.2897128912011026e-09,1.3913824988461347e-19,2.943,2.943
5.299999999999638,3.962451615323551e-10,-1.624977460203953e-09,1.2791779751664042e-09,1.3687445440725555e-19,2.943,2.943
5.301999999999638,3.930084647959122e-10,-1.6117039624989068e-09,1.2687291127461304e-09,1.3464749114510484e-19,2.943,2.943
5.303999999999638,3.897982067564699e-10,-1.5985388882924264e-09,1.2583656010182526e-09,1.3245676083374432e-19,2.943,2.943
5.305999999999638,3.866141714516579e-10,-1.585481351935883e-09,1.2480867428025031e-09,1.3030167395885848e-19,2.943,2.943
5.3079999999996375,3.834561446831772e-10,-1.5725304750149975e-09,1.2378918466134766e-09,1.281816505975983e-19,2.943,2.943
5.309999999999637,3.803239140023903e-10,-1.5596853862907471e-09,1.2277802266141091e-09,1.2609612026252683e-19,2.943,2.943
5.311999999999637,3.772172686960294e-10,-1.546945221640755e-09,1.217751202569543e-09,1.2404452174810378e-19,2.943,2.943
5.313999999999637,3.74135999772021e-10,-1.5343091240011585e-09,1.2078040998013633e-09,1.2202630297966836e-19,2.943,2.943
5.315999999999637,3.710798999454266e-10,-1.521776243308952e-09,1.197938249142212e-09,1.2004092086487843e-19,2.943,2.943
5.317999999999636,3.6804876362449807e-10,-1.5093457364448015e-09,1.1881529868907711e-09,1.1808784114756738e-19,2.943,2.943
5.319999999999636,3.6504238689684693e-10,-1.4970167671763252e-09,1.1784476547671127e-09,1.1616653826397847e-19,2.943,2.943
5.321999999999636,3.620605675157266e-10,-1.4847885061018383e-09,1.1688215998684158e-09,1.142764952013382e-19,2.943,2.943
5.323999999999636,3.591031048864268e-10,-1.472660130594557e-09,1.1592741746250437e-09,1.1241720335873098e-19,2.943,2.943
5.3259999999996355,3.5616980005277904e-10,-1.4606308247472585e-09,1.14980473675698e-09,1.1058816241023717e-19,2.943,2.943
5.327999999999635,3.5326045568377225e-10,-1.448699779317392e-09,1.1404126492306217e-09,1.0878888017029786e-19,2.943,2.943
5.329999999999635,3.503748760602779e-10,-1.4368661916726399e-09,1.1310972802159227e-09,1.070188724612704e-19,2.943,2.943
5.331999999999635,3.475128670618834e-10,-1.4251292657369217e-09,1.1218580030438903e-09,1.0527766298313852e-19,2.943,2.943
5.333999999999635,3.4467423615383316e-10,-1.4134882119368409e-09,1.1126941961644265e-09,1.0356478318534256e-19,2.943,2.943
5.335999999999634,3.418587923740762e-10,-1.401942247148567e-09,1.103605243104516e-09,1.018797721406948e-19,2.943,2.943
5.337999999999634,3.3906634632041983e-10,-1.3904905946451545e-09,1.094590532426753e-09,1.0022217642134642e-19,2.943,2.943
5.339999999999634,3.3629671013778776e-10,-1.3791324840442885e-09,1.0856494576882098e-09,9.85915499767723e-20,2.943,2.943
5.341999999999634,3.3354969750558285e-10,-1.367867151256461e-09,1.0767814173996382e-09,9.698745401374117e-20,2.943,2.943
5.3439999999996335,3.3082512362515286e-10,-1.356693838433567e-09,1.0679858149850076e-09,9.540945687823855e-20,2.943,2.943
5.345999999999633,3.2812280520735834e-10,-1.345611793917923e-09,1.0592620587413696e-09,9.38571339393109e-20,2.943,2.943
5.347999999999633,3.2544256046024256e-10,-1.3346202721917011e-09,1.0506095617990542e-09,9.233006747479956e-20,2.943,2.943
5.349999999999633,3.227842090768017e-10,-1.3237185338267757e-09,1.0420277420821894e-09,9.082784655893394e-20,2.943,2.943
5.351999999999633,3.201475722228552e-10,-1.3129058454349801e-09,1.033516022269543e-09,8.935006695175337e-20,2.943,2.943
5.353999999999632,3.175324725250152e-10,-1.3021814796187702e-09,1.025073829755684e-09,8.789633099032833e-20,2.943,2.943
5.355999999999632,3.14938734058754e-10,-1.29154471492229e-09,1.0167005966124642e-09,8.646624748175124e-20,2.943,2.943
5.357999999999632,3.123661823365693e-10,-1.2809948357828378e-09,1.0083957595508098e-09,8.505943159786865e-20,2.943,2.943
5.359999999999632,3.098146442962459e-10,-1.2705311324827285e-09,1.000158759882829e-09,8.367550477172573e-20,2.943,2.943
5.3619999999996315,3.0728394828921344e-10,-1.2601529011015483e-09,9.919890434842273e-10,8.231409459569604e-20,2.943,2.943
5.363999999999631,3.0477392406899905e-10,-1.249859443468801e-09,9.838860607570293e-10,8.097483472126839e-20,2.943,2.943
5.365999999999631,3.022844027797745e-10,-1.23965006711694e-09,9.758492665926066e-10,7.965736476046441e-20,2.943,2.943
5.367999999999631,2.998152169449968e-10,-1.229524085234784e-09,9.678781203350076e-10,7.836133018886002e-20,2.943,2.943
5.369999999999631,2.973662004561417e-10,-1.219480816621314e-09,9.599720857445842e-10,7.70863822501846e-20,2.943,2.943
5.37199999999963,2.9493718856152905e-10,-1.209519585639846e-09,9.521306309619192e-10,7.58321778624726e-20,2.943,2.943
5.37399999999963,2.9252801785523947e-10,-1.1996397221725806e-09,9.443532284720467e-10,7.459837952574182e-20,2.943,2.943
5.37599999999963,2.9013852626612177e-10,-1.1898405615755213e-09,9.366393550689638e-10,7.338465523117399e-20,2.943,2.943
5.37799999999963,2.877685530468899e-10,-1.180121444633763e-09,9.289884918204337e-10,7.219067837177283e-20,2.943,2.943
5.3799999999996295,2.8541793876330905e-10,-1.1704817175171445e-09,9.214001240330767e-10,7.101612765447585e-20,2.943,2.943
5.381999999999629,2.8308652528347023e-10,-1.1609207317362634e-09,9.138737412177436e-10,6.986068701369589e-20,2.943,2.943
5.383999999999629,2.807741557671521e-10,-1.151437844098851e-09,9.064088370551756e-10,6.87240455262697e-20,2.943,2.943
5.385999999999629,2.784806746552702e-10,-1.142032416666503e-09,8.990049093619413e-10,6.760589732778994e-20,2.943,2.943
5.387999999999629,2.762059276594119e-10,-1.1327038167117636e-09,8.916614600566547e-10,6.65059415302986e-20,2.943,2.943
5.389999999999628,2.7394976175145696e-10,-1.1234514166755603e-09,8.843779951264677e-10,6.542388214131984e-20,2.943,2.943
5.391999999999628,2.7171202515328314e-10,-1.1142745941249864e-09,8.771540245938358e-10,6.43594279842096e-20,2.943,2.943
5.393999999999628,2.6949256732655556e-10,-1.1051727317114284e-09,8.699890624835572e-10,6.331229261980175e-20,2.943,2.943
5.395999999999628,2.672912389625996e-10,-1.0961452171290354e-09,8.628826267900791e-10,6.228219426932853e-20,2.943,2.943
5.3979999999996275,2.6510789197235663e-10,-1.0871914430735273e-09,8.558342394450726e-10,6.126885573859552e-20,2.943,2.943
5.399999999999627,2.6294237947642143e-10,-1.0783108072013405e-09,8.488434262852716e-10,6.027200434339005e-20,2.943,2.943
5.401999999999627,2.607945557951615e-10,-1.0695027120891062e-09,8.419097170205741e-10,5.92913718361031e-20,2.943,2.943
5.403999999999627,2.586642764389167e-10,-1.0607665651934603e-09,8.35032645202405e-10,5.832669433354556e-20,2.943,2.943
5.405999999999627,2.56551398098279e-10,-1.0521017788111816e-09,8.282117481923371e-10,5.737771224593833e-20,2.943,2.943
5.407999999999626,2.5445577863445177e-10,-1.0435077700396553e-09,8.214465671309682e-10,5.644417020705813e-20,2.943,2.943
5.409999999999626,2.5237727706968775e-10,-1.03498396073766e-09,8.147366469070517e-10,5.552581700551991e-20,2.943,2.943
5.411999999999626,2.503157535778051e-10,-1.026529777486474e-09,8.080815361268813e-10,5.462240551717691e-20,2.943,2.943
5.413999999999626,2.4827106947478076e-10,-1.0181446515513007e-09,8.014807870839226e-10,5.373369263862092e-20,2.943,2.943
5.415999999999626,2.462430872094211e-10,-1.0098280188430077e-09,7.949339557286975e-10,5.285943922176446e-20,2.943,2.943
5.417999999999625,2.442316703541082e-10,-1.0015793198801792e-09,7.884406016389099e-10,5.199941000948716e-20,2.943,2.943
5.419999999999625,2.4223668359562237e-10,-9.933979997514786e-10,7.820002879898174e-10,5.11533735723293e-20,2.943,2.943
5.421999999999625,2.402579927260389e-10,-9.85283508078318e-10,7.756125815248453e-10,5.032110224621534e-20,2.943,2.943
5.423999999999625,2.382954646336998e-10,-9.772352989778324e-10,7.692770525264416e-10,4.950237207119073e-20,2.943,2.943
5.4259999999996245,2.36348967294259e-10,-9.692528310261574e-10,7.629932747871657e-10,4.8696962731155295e-20,2.943,2.943
5.427999999999624,2.3441836976180055e-10,-9.613355672220055e-10,7.567608255810198e-10,4.790465749457744e-20,2.943,2.943
5.429999999999624,2.3250354216002976e-10,-9.534829749505416e-10,7.505792856350083e-10,4.712524315617272e-20,2.943,2.943
5.431999999999624,2.3060435567353602e-10,-9.456945259475518e-10,7.444482391009346e-10,4.635850997953145e-20,2.943,2.943
5.433999999999624,2.2872068253912704e-10,-9.379696962639055e-10,7.383672735274235e-10,4.560425164067964e-20,2.943,2.943
5.435999999999623,2.2685239603723387e-10,-9.303079662303092e-10,7.323359798321759e-10,4.486226517255833e-20,2.943,2.943
5.437999999999623,2.2499937048338616e-10,-9.227088204223455e-10,7.26353952274449e-10,4.4132350910406175e-20,2.943,2.943
5.439999999999623,2.231614812197571e-10,-9.151717476258007e-10,7.204207884277603e-10,4.3414312438030655e-20,2.943,2.943
5.441999999999623,2.2133860460677728e-10,-9.076962408022724e-10,7.145360891528157e-10,4.2707956534953526e-20,2.943,2.943
5.4439999999996225,2.1953061801481716e-10,-9.002817970550614e-10,7.086994585706585e-10,4.2013093124416117e-20,2.943,2.943
5.445999999999622,2.1773739981593746e-10,-8.929279175953393e-10,7.029105040360371e-10,4.1329535222230735e-20,2.943,2.943
5.447999999999622,2.1595882937570697e-10,-8.856341077085943e-10,6.971688361109913e-10,4.0657098886464104e-20,2.943,2.943
5.449999999999622,2.1419478704508712e-10,-8.783998767213502e-10,6.914740685386537e-10,3.9995603167939544e-20,2.943,2.943
5.451999999999622,2.1244515415238288e-10,-8.712247379681577e-10,6.858258182172648e-10,3.934487006154449e-20,2.943,2.943
5.453999999999621,2.1070981299525946e-10,-8.641082087588551e-10,6.802237051744011e-10,3.8704724458330253e-20,2.943,2.943
5.455999999999621,2.0898864683282405e-10,-8.570498103460964e-10,6.746673525414129e-10,3.807499409839102e-20,2.943,2.943
5.457999999999621,2.072815398777725e-10,-8.500490678931449e-10,6.691563865280726e-10,3.745550952450966e-20,2.943,2.943
5.459999999999621,2.055883772885999e-10,-8.431055104419295e-10,6.636904363974273e-10,3.684610403655764e-20,2.943,2.943
5.4619999999996205,2.0390904516187496e-10,-8.362186708813622e-10,6.582691344408594e-10,3.624661364663688e-20,2.943,2.943
5.46399999999962,2.0224343052457741e-10,-8.293880859159145e-10,6.528921159533497e-10,3.5656877034951416e-20,2.943,2.943
5.46599999999962,2.00591421326498e-10,-8.226132960344501e-10,6.475590192089419e-10,3.507673550639711e-20,2.943,2.943
5.46799999999962,1.9895290643270061e-10,-8.158938454793123e-10,6.422694854364101e-10,3.450603294785757e-20,2.943,2.943
5.46999999999962,1.9732777561604593e-10,-8.092292822156646e-10,6.370231587951216e-10,3.394461578619494e-20,2.943,2.943
5.471999999999619,1.9571591954977613e-10,-8.026191579010802e-10,6.318196863510996e-10,3.339233294692417e-20,2.943,2.943
5.473999999999619,1.9411722980016024e-10,-7.960630278553816e-10,6.266587180532797e-10,3.2849035813559583e-20,2.943,2.943
5.475999999999619,1.9253159881919947e-10,-7.895604510307257e-10,6.21539906709962e-10,3.2314578187622964e-20,2.943,2.943
5.477999999999619,1.9095891993739223e-10,-7.83110989981933e-10,6.16462907965454e-10,3.178881624930237e-20,2.943,2.943
5.4799999999996185,1.893990873565582e-10,-7.767142108370599e-10,6.114273802769049e-10,3.1271608518750833e-20,2.943,2.943
5.481999999999618,1.8785199614272096e-10,-7.703696832682108e-10,6.064329848913286e-10,3.076281581801496e-20,2.943,2.943
5.483999999999618,1.8631754221904882e-10,-7.640769804625889e-10,6.014793858228167e-10,3.0262301233582785e-20,2.943,2.943
5.485999999999618,1.8479562235885335e-10,-7.578356790937836e-10,5.965662498299335e-10,2.976993007954109e-20,2.943,2.943
5.487999999999618,1.8328613417864503e-10,-7.516453592932917e-10,5.916932463933004e-10,2.928556986133212e-20,2.943,2.943
5.489999999999617,1.817889761312456e-10,-7.455056046222725e-10,5.868600476933583e-10,2.8809090240099904e-20,2.943,2.943
5.491999999999617,1.803040474989568e-10,-7.394160020435323e-10,5.82066328588317e-10,2.8340362997616835e-20,2.943,2.943
5.493999999999617,1.7883124838678478e-10,-7.333761418937384e-10,5.773117665922806e-10,2.787926200178074e-20,2.943,2.943
5.495999999999617,1.773704797157199e-10,-7.273856178558601e-10,5.725960418535528e-10,2.7425663172673375e-20,2.943,2.943
5.4979999999996165,1.7592164321607144e-10,-7.214440269318349e-10,5.679188371331208e-10,2.6979444449171188e-20,2.943,2.943
5.499999999999616,1.7448464142085676e-10,-7.155509694154574e-10,5.632798377833127e-10,2.654048575609928e-20,2.943,2.943
5.501999999999616,1.7305937765924443e-10,-7.097060488654902e-10,5.586787317266309e-10,2.6108668971919752e-20,2.943,2.943
5.503999999999616,1.7164575605005092e-10,-7.039088720789942e-10,5.541152094347581e-10,2.568387789694589e-20,2.943,2.943
5.505999999999616,1.7024368149529044e-10,-6.981590490648772e-10,5.495889639077339e-10,2.5265998222073324e-20,2.943,2.943
5.507999999999615,1.6885305967377747e-10,-6.924561930176574e-10,5.450996906533022e-10,2.4854917498020114e-20,2.943,2.943
5.509999999999615,1.6747379703478148e-10,-6.867999202914429e-10,5.406470876664276e-10,2.445052510506717e-20,2.943,2.943
5.511999999999615,1.6610580079173356e-10,-6.811898503741223e-10,5.362308554089785e-10,2.4052712223291093e-20,2.943,2.943
5.513999999999615,1.6474897891598447e-10,-6.756256058617665e-10,5.318506967895768e-10,2.366137180328126e-20,2.943,2.943
5.5159999999996145,1.6340324013061353e-10,-6.701068124332404e-10,5.275063171436107e-10,2.3276398537333374e-20,2.943,2.943
5.517999999999614,1.620684939042883e-10,-6.646330988250209e-10,5.231974242134132e-10,2.2897688831111726e-20,2.943,2.943
5.519999999999614,1.6074465044517417e-10,-6.59204096806221e-10,5.189237281286004e-10,2.2525140775772472e-20,2.943,2.943
5.521999999999614,1.5943162069489403e-10,-6.538194411538182e-10,5.146849413865712e-10,2.2158654120540488e-20,2.943,2.943
5.523999999999614,1.5812931632253684e-10,-6.484787696280848e-10,5.104807788331662e-10,2.1798130245732384e-20,2.943,2.943
5.525999999999613,1.568376497187156e-10,-6.431817229482194e-10,5.063109576434855e-10,2.14434721362185e-20,2.943,2.943
5.527999999999613,1.5555653398967348e-10,-6.379279447681767e-10,5.021751973028608e-10,2.109458435531656e-20,2.943,2.943
5.529999999999613,1.5428588295143835e-10,-6.327170816526954e-10,4.980732195879859e-10,2.0751373019110214e-20,2.943,2.943
5.531999999999613,1.5302561112402487e-10,-6.275487830535219e-10,4.94004748548199e-10,2.0413745771185304e-20,2.943,2.943
5.533999999999613,1.5177563372568415e-10,-6.224227012858278e-10,4.899695104869196e-10,2.0081611757777293e-20,2.943,2.943
5.535999999999612,1.505358666672002e-10,-6.173384915048201e-10,4.859672339432348e-10,1.9754881603322897e-20,2.943,2.943
5.537999999999612,1.4930622654623296e-10,-6.122958116825427e-10,4.819976496736392e-10,1.9433467386409636e-20,2.943,2.943
5.539999999999612,1.4808663064170775e-10,-6.072943225848678e-10,4.780604906339206e-10,1.9117282616116632e-20,2.943,2.943
5.541999999999612,1.468769969082503e-10,-6.023336877486737e-10,4.741554919611968e-10,1.8806242208740313e-20,2.943,2.943
5.5439999999996115,1.4567724397066737e-10,-5.974135734592112e-10,4.702823909560959e-10,1.8500262464898843e-20,2.943,2.943
5.545999999999611,1.4448729111847248e-10,-5.925336487276527e-10,4.664409270650855e-10,1.8199261047009052e-20,2.943,2.943
5.547999999999611,1.4330705830045623e-10,-5.876935852688267e-10,4.626308418629431e-10,1.7903156957129793e-20,2.943,2.943
5.549999999999611,1.4213646611930113e-10,-5.828930574791323e-10,4.588518790353722e-10,1.7611870515165847e-20,2.943,2.943
5.551999999999611,1.4097543582624026e-10,-5.781317424146356e-10,4.5510378436175883e-10,1.7325323337426373e-20,2.943,2.943
5.55399999999961,1.3982388931575966e-10,-5.734093197693444e-10,4.5138630569806993e-10,1.704343831553228e-20,2.943,2.943
5.55599999999961,1.38681749120344e-10,-5.687254718536599e-10,4.476991929598904e-10,1.676613959566677e-20,2.943,2.943
5.55799999999961,1.3754893840526515e-10,-5.640798835730056e-10,4.440421981055998e-10,1.6493352558163428e-20,2.943,2.943
5.55999999999961,1.364253809634132e-10,-5.594722424066296e-10,4.404150751196855e-10,1.6225003797426503e-20,2.943,2.943
5.5619999999996095,1.3531100121016997e-10,-5.549022383865804e-10,4.3681757999619303e-10,1.5961021102177795e-20,2.943,2.943
5.563999999999609,1.342057241783241e-10,-5.50369564076855e-10,4.332494707223109e-10,1.5701333436024966e-20,2.943,2.943
5.565999999999609,1.3310947551302787e-10,-5.458739145527167e-10,4.297105072620896e-10,1.5445870918346042e-20,2.943,2.943
5.567999999999609,1.3202218146679517e-10,-5.414149873801819e-10,4.2620045154029413e-10,1.5194564805484893e-20,2.943,2.943
5.569999999999609,1.3094376889454033e-10,-5.369924825956747e-10,4.2271906742638795e-10,1.4947347472252624e-20,2.943,2.943
5.571999999999608,1.2987416524865737e-10,-5.326061026858475e-10,4.192661207186477e-10,1.4704152393730047e-20,2.943,2.943
5.573999999999608,1.2881329857413965e-10,-5.282555525675666e-10,4.158413791284081e-10,1.4464914127366103e-20,2.943,2.943
5.575999999999608,1.2776109750373915e-10,-5.23940539568061e-10,4.124446122644349e-10,1.422956829536766e-20,2.943,2.943
5.577999999999608,1.2671749125316554e-10,-5.196607734052341e-10,4.0907559161742637e-10,1.399805156737573e-20,2.943,2.943
5.5799999999996075,1.2568240961632425e-10,-5.154159661681349e-10,4.0573409054464056e-10,1.3770301643423632e-20,2.943,2.943
5.581999999999607,1.2465578296059354e-10,-5.112058322975899e-10,4.024198842546486e-10,1.3546257237172378e-20,2.943,2.943
5.583999999999607,1.2363754222214017e-10,-5.070300885669928e-10,3.99132749792212e-10,1.3325858059418817e-20,2.943,2.943
5.585999999999607,1.2262761890127322e-10,-5.02888454063251e-10,3.958724660232847e-10,1.3109044801872143e-20,2.943,2.943
5.587999999999607,1.21625945057836e-10,-4.987806501678881e-10,3.9263881362013586e-10,1.2895759121194321e-20,2.943,2.943
5.589999999999606,1.2063245330663558e-10,-4.947064005383e-10,3.8943157504659617e-10,1.26859436233002e-20,2.943,2.943
5.591999999999606,1.1964707681290949e-10,-4.906654310891653e-10,3.8625053454342214e-10,1.2479541847913048e-20,2.943,2.943
5.593999999999606,1.1866974928782966e-10,-4.866574699740061e-10,3.8309547811378313e-10,1.2276498253371413e-20,2.943,2.943
5.595999999999606,1.17700404984043e-10,-4.82682247566901e-10,3.7996619350886394e-10,1.207675820168309e-20,2.943,2.943
5.5979999999996055,1.167389786912484e-10,-4.787394964443459e-10,3.7686247021358695e-10,1.1880267943822385e-20,2.943,2.943
5.599999999999605,1.1578540573180978e-10,-4.748289513672644e-10,3.7378409943244986e-10,1.1686974605266455e-20,2.943,2.943
5.601999999999605,1.148396219564052e-10,-4.70950349263164e-10,3.7073087407547987e-10,1.1496826171767114e-20,2.943,2.943
5.603999999999605,1.139015637397113e-10,-4.671034292084386e-10,3.677025887443019e-10,1.1309771475354013e-20,2.943,2.943
5.605999999999605,1.12971167976123e-10,-4.6328793241081577e-10,3.6469903971832066e-10,1.112576018056562e-20,2.943,2.943
5.607999999999604,1.1204837207550834e-10,-4.595036021919469e-10,3.617200249410165e-10,1.0944742770904218e-20,2.943,2.943
5.609999999999604,1.1113311395899775e-10,-4.5575018397013987e-10,3.587653440063521e-10,1.0766670535511246e-20,2.943,2.943
5.611999999999604,1.1022533205480799e-10,-4.520274252432325e-10,3.5583479814529096e-10,1.059149555605947e-20,2.943,2.943
5.613999999999604,1.0932496529409992e-10,-4.4833507557160637e-10,3.529281902124251e-10,1.0419170693858398e-20,2.943,2.943
5.6159999999996035,1.0843195310687036e-10,-4.446728865613388e-10,3.5004532467271307e-10,1.0249649577169513e-20,2.943,2.943
5.617999999999603,1.0754623541787726e-10,-4.4104061184749305e-10,3.471860075883259e-10,1.0082886588727858e-20,2.943,2.943
5.619999999999603,1.0666775264259841e-10,-4.374380070775444e-10,3.443500466055998e-10,9.918836853466675e-21,2.943,2.943
5.621999999999603,1.0579644568322295e-10,-4.338648298949421e-10,3.415372509420968e-10,9.757456226441753e-21,2.943,2.943
5.623999999999603,1.0493225592467575e-10,-4.3032083992280553e-10,3.387474313737695e-10,9.598701280952249e-21,2.943,2.943
5.625999999999602,1.0407512523067419e-10,-4.268057987477532e-10,3.3598040022223234e-10,9.44252929685478e-21,2.943,2.943
5.627999999999602,1.0322499593981722e-10,-4.233194699038641e-10,3.332359713421354e-10,9.288898249067658e-21,2.943,2.943
5.629999999999602,1.0238181086170629e-10,-4.1986161885677013e-10,3.305139601086421e-10,9.137766796262149e-21,2.943,2.943
5.631999999999602,1.0154551327309804e-10,-4.1643201298787836e-10,3.278141834050088e-10,8.98909426973774e-21,2.943,2.943
5.6339999999996015,1.0071604691408834e-10,-4.130304215787221e-10,3.2513645961026654e-10,8.842840662478399e-21,2.943,2.943
5.635999999999601,9.989335598432758e-11,-4.0965661579543986e-10,3.2248060858700246e-10,8.69896661838688e-21,2.943,2.943
5.637999999999601,9.907738513926681e-11,-4.0631036867338113e-10,3.198464516692418e-10,8.55743342169422e-21,2.943,2.943
5.639999999999601,9.826807948643457e-11,-4.02991455101838e-10,3.1723381165042825e-10,8.418202986541496e-21,2.943,2.943
5.641999999999601,9.746538458174415e-11,-3.996996518089012e-10,3.1464251277150315e-10,8.281237846731143e-21,2.943,2.943
5.6439999999996004,9.6669246425831e-11,-3.9643473734644013e-10,3.1207238070908165e-10,8.14650114564498e-21,2.943,2.943
5.6459999999996,9.587961146041998e-11,-3.9319649207520536e-10,3.0952324256372527e-10,8.013956626326272e-21,2.943,2.943
5.6479999999996,9.509642656472249e-11,-3.899846981500531e-10,3.069949268483108e-10,7.883568621723186e-21,2.943,2.943
5.6499999999996,9.431963905186277e-11,-3.8679913950529e-10,3.0448726347649375e-10,7.755302045090966e-21,2.943,2.943
5.6519999999996,9.354919666533358e-11,-3.836396018401381e-10,3.020000837512661e-10,7.629122380550257e-21,2.943,2.943
5.653999999999599,9.278504757548075e-11,-3.8050587260431795e-10,2.995332203536083e-10,7.504995673799077e-21,2.943,2.943
5.655999999999599,9.202714037601647e-11,-3.7739774098375005e-10,2.9708650733123216e-10,7.382888522975873e-21,2.943,2.943
5.657999999999599,9.127542408056109e-11,-3.7431499788637276e-10,2.9465978008741774e-10,7.262768069671258e-21,2.943,2.943
5.659999999999599,9.052984811921306e-11,-3.712574359280761e-10,2.9225287536994007e-10,7.14460199008598e-21,2.943,2.943
5.6619999999995985,8.979036233514703e-11,-3.682248494187505e-10,2.8986563126008685e-10,7.028358486332754e-21,2.943,2.943
5.663999999999598,8.905691698123963e-11,-3.652170343484496e-10,2.874978871617659e-10,6.914006277879614e-21,2.943,2.943
5.665999999999598,8.832946271672287e-11,-3.6223378837366575e-10,2.8514948379070105e-10,6.801514593132479e-21,2.943,2.943
5.667999999999598,8.760795060386488e-11,-3.5927491080371804e-10,2.8282026316371715e-10,6.690853161154671e-21,2.943,2.943
5.669999999999598,8.689233210467766e-11,-3.5634020258725127e-10,2.8051006858811167e-10,6.58199220352117e-21,2.943,2.943
5.671999999999597,8.618255907765193e-11,-3.5342946629884524e-10,2.7821874465111423e-10,6.474902426305391e-21,2.943,2.943
5.673999999999597,8.54785837745184e-11,-3.505425061257333e-10,2.759461372094308e-10,6.3695550121963344e-21,2.943,2.943
5.675999999999597,8.478035883703572e-11,-3.476791278546297e-10,2.736920933788746e-10,6.265921612743987e-21,2.943,2.943
5.677999999999597,8.408783729380451e-11,-3.4483913885866443e-10,2.7145646152408086e-10,6.163974340730916e-21,2.943,2.943
5.6799999999995965,8.340097255710747e-11,-3.4202234808442434e-10,2.692390912483063e-10,6.063685762667955e-21,2.943,2.943
5.681999999999596,8.271971841977535e-11,-3.3922856603910087e-10,2.670398333833113e-10,5.965028891411983e-21,2.943,2.943
5.683999999999596,8.204402905207843e-11,-3.3645760477774223e-10,2.64858539979325e-10,5.867977178903837e-21,2.943,2.943
5.685999999999596,8.137385899864346e-11,-3.337092778906098e-10,2.626950642950923e-10,5.77250450902436e-21,2.943,2.943
5.687999999999596,8.070916317539575e-11,-3.309834004906379e-10,2.605492607880023e-10,5.678585190566677e-21,2.943,2.943
5.689999999999595,8.004989686652624e-11,-3.2827978920099613e-10,2.584209851042971e-10,5.586193950322837e-21,2.943,2.943
5.691999999999595,7.939601572148337e-11,-3.255982621427528e-10,2.563100940693611e-10,5.495305926282917e-21,2.943,2.943
5.693999999999595,7.874747575198949e-11,-3.229386389226397e-10,2.5421644567808876e-10,5.405896660944779e-21,2.943,2.943
5.695999999999595,7.810423332908166e-11,-3.2030074062091657e-10,2.52139899085332e-10,5.3179420947326864e-21,2.943,2.943
5.6979999999995945,7.74662451801766e-11,-3.1768438977933463e-10,2.5008031459642487e-10,5.2314185595229865e-21,2.943,2.943
5.699999999999594,7.683346838615967e-11,-3.150894103891985e-10,2.4803755365778626e-10,5.146302772275153e-21,2.943,2.943
5.701999999999594,7.620586037849757e-11,-3.1251562787952575e-10,2.460114788475987e-10,5.0625718287664315e-21,2.943,2.943
5.703999999999594,7.558337893637462e-11,-3.0996286910530294e-10,2.4400195386656363e-10,4.980203197428426e-21,2.943,2.943
5.705999999999594,7.496598218385247e-11,-3.074309623358377e-10,2.420088435287328e-10,4.8991747132839735e-21,2.943,2.943
5.707999999999593,7.435362858705303e-11,-3.0491973724320616e-10,2.4003201375241314e-10,4.819464571982669e-21,2.943,2.943
5.709999999999593,7.374627695136436e-11,-3.0242902489079423e-10,2.3807133155114714e-10,4.741051323933416e-21,2.943,2.943
5.711999999999593,7.314388641866935e-11,-2.99958657721933e-10,2.3612666502476664e-10,4.663913868532455e-21,2.943,2.943
5.713999999999593,7.254641646459718e-11,-2.975084695486268e-10,2.3419788335051926e-10,4.588031448485294e-21,2.943,2.943
5.7159999999995925,7.195382689579707e-11,-2.950782955403733e-10,2.3228485677426774e-10,4.513383644221043e-21,2.943,2.943
5.717999999999592,7.13660778472344e-11,-2.9266797221307467e-10,2.3038745660176123e-10,4.439950368397595e-21,2.943,2.943
5.719999999999592,7.078312977950889e-11,-2.9027733741803993e-10,2.2850555518997735e-10,4.367711860496227e-21,2.943,2.943
5.721999999999592,7.020494347619465e-11,-2.879062303310766e-10,2.266390259385354e-10,4.2966486815041555e-21,2.943,2.943
5.723999999999592,6.963148004120202e-11,-2.855544914416717e-10,2.2478774328118e-10,4.2267417086835854e-21,2.943,2.943
5.725999999999591,6.906270089616092e-11,-2.8322196254226106e-10,2.2295158267733326e-10,4.157972130425895e-21,2.943,2.943
5.727999999999591,6.849856777782559e-11,-2.809084867175862e-10,2.211304206037175e-10,4.090321441189511e-21,2.943,2.943
5.729999999999591,6.793904273550052e-11,-2.786139083341384e-10,2.1932413454604446e-10,4.023771436520168e-21,2.943,2.943
5.731999999999591,6.738408812848737e-11,-2.763380730296887e-10,2.1753260299077426e-10,3.958304208152192e-21,2.943,2.943
5.7339999999995905,6.683366662355286e-11,-2.7408082770290364e-10,2.1575570541694058e-10,3.8939021391894664e-21,2.943,2.943
5.73599999999959,6.628774119241722e-11,-2.718420205030456e-10,2.13993322288043e-10,3.83054789936482e-21,2.943,2.943
5.73799999999959,6.574627510926317e-11,-2.6962150081975755e-10,2.1224533504400515e-10,3.768224440376538e-21,2.943,2.943
5.73999999999959,6.520923194826535e-11,-2.674191192729311e-10,2.1051162609319924e-10,3.7069149913007554e-21,2.943,2.943
5.74199999999959,6.467657558113982e-11,-2.652347277026571e-10,2.0879207880453544e-10,3.646603054078489e-21,2.943,2.943
5.743999999999589,6.41482701747136e-11,-2.630681791592589e-10,2.0708657749961511e-10,3.587272399076083e-21,2.943,2.943
5.745999999999589,6.362428018851412e-11,-2.609193278934064e-10,2.053950074449498e-10,3.52890706071791e-21,2.943,2.943
5.747999999999589,6.31045703723783e-11,-2.5878802934631107e-10,2.0371725484424217e-10,3.4714913331901126e-21,2.943,2.943
5.749999999999589,6.258910576408118e-11,-2.566741401400014e-10,2.020532068307306e-10,3.415009766214242e-21,2.943,2.943
5.7519999999995886,6.207785168698392e-11,-2.5457751806767717e-10,2.004027514595969e-10,3.3594471608896818e-21,2.943,2.943
5.753999999999588,6.157077374770102e-11,-2.52498022084143e-10,1.9876577770043474e-10,3.3047885656036845e-21,2.943,2.943
5.755999999999588,6.106783783378658e-11,-2.504355122963199e-10,1.971421754297809e-10,3.2510192720079834e-21,2.943,2.943
5.757999999999588,6.056901011143949e-11,-2.483898499538342e-10,1.9553183542370688e-10,3.1981248110608418e-21,2.943,2.943
5.759999999999588,6.00742570232273e-11,-2.463608974396835e-10,1.939346493504709e-10,3.146090949133516e-21,2.943,2.943
5.7619999999995875,5.958354528582875e-11,-2.443485182609789e-10,1.9235050976323057e-10,3.09490368418005e-21,2.943,2.943
5.763999999999587,5.909684188779473e-11,-2.4235257703976255e-10,1.9077931009281413e-10,3.044549241969404e-21,2.943,2.943
5.765999999999587,5.861411408732748e-11,-2.4037293950390063e-10,1.8922094464055147e-10,2.9950140723788743e-21,2.943,2.943
5.767999999999587,5.813532941007798e-11,-2.384094724780505e-10,1.876753085711639e-10,2.9462848457478265e-21,2.943,2.943
5.769999999999587,5.766045564696134e-11,-2.364620438747014e-10,1.861422979057111e-10,2.8983484492907534e-21,2.943,2.943
5.771999999999586,5.718946085198997e-11,-2.345305226852891e-10,1.8462180951459612e-10,2.851191983568688e-21,2.943,2.943
5.773999999999586,5.672231334012452e-11,-2.32614778971382e-10,1.8311374111062833e-10,2.8048027590180376e-21,2.943,2.943
5.775999999999586,5.6258981685142335e-11,-2.3071468385594025e-10,1.8161799124214138e-10,2.7591682925358753e-21,2.943,2.943
5.777999999999586,5.579943471752332e-11,-2.2883010951464575e-10,1.8013445928616882e-10,2.7142763041208126e-21,2.943,2.943
5.7799999999995855,5.534364152235312e-11,-2.2696092916730304e-10,1.786630454416749e-10,2.6701147135685083e-21,2.943,2.943
5.781999999999585,5.4891571437243354e-11,-2.2510701706931049e-10,1.7720365072284046e-10,2.6266716372209474e-21,2.943,2.943
5.783999999999585,5.4443194050268907e-11,-2.232682485032011e-10,1.7575617695240421e-10,2.583935384768611e-21,2.943,2.943
5.785999999999585,5.3998479197922014e-11,-2.2144449977025255e-10,1.7432052675505768e-10,2.541894456104672e-21,2.943,2.943
5.787999999999585,5.3557396963083114e-11,-2.1963564818216551e-10,1.7289660355089503e-10,2.5005375382303778e-21,2.943,2.943
5.789999999999584,5.311991767300822e-11,-2.1784157205281023e-10,1.7148431154891548e-10,2.459853502210778e-21,2.943,2.943
5.791999999999584,5.268601189733277e-11,-2.1606215069004026e-10,1.7008355574057936e-10,2.4198314001799856e-21,2.943,2.943
5.793999999999584,5.2255650446091776e-11,-2.1429726438757325e-10,1.6869424189341666e-10,2.3804604623951637e-21,2.943,2.943
5.795999999999584,5.182880436775612e-11,-2.12546794416938e-10,1.6731627654468762e-10,2.3417300943384396e-21,2.943,2.943
5.7979999999995835,5.1405444947284924e-11,-2.1081062301948734e-10,1.6594956699509543e-10,2.303629873865977e-21,2.943,2.943
5.799999999999583,5.0985543704193824e-11,-2.0908863339847604e-10,1.6459402130255006e-10,2.26614954840343e-21,2.943,2.943
5.801999999999583,5.0569072390638985e-11,-2.0738070971120374e-10,1.6324954827598297e-10,2.2292790321870286e-21,2.943,2.943
5.803999999999583,5.015600298951682e-11,-2.0568673706122187e-10,1.6191605746921255e-10,2.193008403549547e-21,2.943,2.943
5.805999999999583,4.974630771257921e-11,-2.0400660149060423e-10,1.6059345917485965e-10,2.15732790225044e-21,2.943,2.943
5.807999999999582,4.933995899856408e-11,-2.023401899722808e-10,1.5928166441831244e-10,2.122227926849408e-21,2.943,2.943
5.809999999999582,4.893692951134134e-11,-2.006873904024341e-10,1.5798058495174123e-10,2.0876990321226983e-21,2.943,2.943
5.811999999999582,4.8537192138073856e-11,-1.9904809159295767e-10,1.5669013324816152e-10,2.053731926521447e-21,2.943,2.943
5.813999999999582,4.814071998739353e-11,-1.9742218326397608e-10,1.5541022249554604e-10,2.020317469671369e-21,2.943,2.943
5.8159999999995815,4.774748638759225e-11,-1.958095560364263e-10,1.541407665909845e-10,1.987446669913127e-21,2.943,2.943
5.817999999999581,4.73574648848276e-11,-1.942101014246993e-10,1.5288168013489132e-10,1.9551106818827285e-21,2.943,2.943
5.819999999999581,4.697062924134325e-11,-1.926237118293421e-10,1.5163287842526063e-10,1.9233008041312786e-21,2.943,2.943
5.821999999999581,4.658695343370387e-11,-1.9105028052981912e-10,1.503942774519679e-10,1.8920084767834637e-21,2.943,2.943
5.823999999999581,4.6206411651044467e-11,-1.8948970167733295e-10,1.491657938911189e-10,1.8612252792341398e-21,2.943,2.943
5.82599999999958,4.582897829333403e-11,-1.8794187028770353e-10,1.4794734509944358e-10,1.8309429278823825e-21,2.943,2.943
5.82799999999958,4.545462796965334e-11,-1.8640668223430567e-10,1.4673884910873693e-10,1.8011532739024167e-21,2.943,2.943
5.82999999999958,4.508333549648685e-11,-1.848840342410641e-10,1.4554022462034464e-10,1.7718483010508093e-21,2.943,2.943
5.83199999999958,4.4715075896028557e-11,-1.8337382387550592e-10,1.4435139099969395e-10,1.7430201235093385e-21,2.943,2.943
5.8339999999995795,4.4349824394501636e-11,-1.8187594954186958e-10,1.4317226827086905e-10,1.71466098376296e-21,2.943,2.943
5.835999999999579,4.3987556420491874e-11,-1.8039031047427038e-10,1.42002777111231e-10,1.6867632505122996e-21,2.943,2.943
5.837999999999579,4.362824760329468e-11,-1.7891680672992167e-10,1.408428388460814e-10,1.6593194166201095e-21,2.943,2.943
5.839999999999579,4.3271873771275596e-11,-1.7745533918241135e-10,1.3969237544336994e-10,1.6323220970911378e-21,2.943,2.943
5.841999999999579,4.291841095024423e-11,-1.760058095150335e-10,1.385513095084447e-10,1.605764027084861e-21,2.943,2.943
5.843999999999578,4.256783536184143e-11,-1.745681202141743e-10,1.3741956427884585e-10,1.5796380599605561e-21,2.943,2.943
5.845999999999578,4.2220123421939645e-11,-1.7314217456275202e-10,1.3629706361914146e-10,1.5539371653541718e-21,2.943,2.943
5.847999999999578,4.1875251739056396e-11,-1.7172787663371064e-10,1.3518373201580582e-10,1.5286544272864986e-21,2.943,2.943
5.849999999999578,4.1533197112780637e-11,-1.7032513128356657e-10,1.340794945721393e-10,1.5037830423021094e-21,2.943,2.943
5.8519999999995775,4.119393653221201e-11,-1.6893384414600816e-10,1.3298427700322996e-10,1.4793163176385878e-21,2.943,2.943
5.853999999999577,4.0857447174412856e-11,-1.6755392162554734e-10,1.3189800563095624e-10,1.4552476694255396e-21,2.943,2.943
5.855999999999577,4.052370640287283e-11,-1.6618527089122328e-10,1.308206073790304e-10,1.4315706209129038e-21,2.943,2.943
5.857999999999577,4.019269176598612e-11,-1.648277998703574e-10,1.2975200976808242e-10,1.4082788007280968e-21,2.943,2.943
5.859999999999577,3.9864380995541045e-11,-1.6348141724235934e-10,1.2869214091078416e-10,1.3853659411615065e-21,2.943,2.943
5.861999999999576,3.9538752005222014e-11,-1.621460324325837e-10,1.2764092950701345e-10,1.3628258764798825e-21,2.943,2.943
5.863999999999576,3.921578288912373e-11,-1.6082155560623676e-10,1.2659830483905733e-10,1.3406525412671712e-21,2.943,2.943
5.865999999999576,3.889545192027753e-11,-1.595078976623331e-10,1.2556419676685487e-10,1.3188399687923416e-21,2.943,2.943
5.867999999999576,3.8577737549189736e-11,-1.582049702277015e-10,1.2453853572327856e-10,1.2973822894037705e-21,2.943,2.943
5.869999999999576,3.8262618402391985e-11,-1.569126856510399e-10,1.235212527094543e-10,1.2762737289497457e-21,2.943,2.943
5.871999999999575,3.795007328100337e-11,-1.5563095699701888e-10,1.2251227929011985e-10,1.2555086072246756e-21,2.943,2.943
5.873999999999575,3.7640081159304336e-11,-1.5435969804043323e-10,1.215115475890209e-10,1.2350813364405728e-21,2.943,2.943
5.875999999999575,3.7332621183322226e-11,-1.530988232604014e-10,1.2051899028434477e-10,1.2149864197234079e-21,2.943,2.943
5.877999999999575,3.7027672669428385e-11,-1.5184824783461234e-10,1.195345406041917e-10,1.195218449633931e-21,2.943,2.943
5.8799999999995745,3.6725215102946714e-11,-1.5060788763361912e-10,1.1855813232208276e-10,1.175772106712557e-21,2.943,2.943
5.881999999999574,3.642522813677359e-11,-1.4937765921517954e-10,1.1758969975250468e-10,1.1566421580479239e-21,2.943,2.943
5.883999999999574,3.612769159000908e-11,-1.4815747981864256e-10,1.166291777464911e-10,1.1378234558687474e-21,2.943,2.943
5.885999999999574,3.5832585446599304e-11,-1.4694726735938092e-10,1.1567650168723972e-10,1.1193109361585776e-21,2.943,2.943
5.887999999999574,3.5539889853989906e-11,-1.45746940423269e-10,1.1473160748576531e-10,1.101099617293101e-21,2.943,2.943
5.889999999999573,3.524958512179053e-11,-1.4455641826120593e-10,1.1379443157658848e-10,1.08318459869961e-21,2.943,2.943
5.891999999999573,3.496165172045019e-11,-1.433756207836834e-10,1.1286491091345921e-10,1.065561059538283e-21,2.943,2.943
5.893999999999573,3.4676070279943455e-11,-1.4220446855539776e-10,1.1194298296511588e-10,1.0482242574049235e-21,2.943,2.943
5.895999999999573,3.43928215884674e-11,-1.410428827899063e-10,1.1102858571107825e-10,1.0311695270547997e-21,2.943,2.943
5.8979999999995725,3.411188659114917e-11,-1.39890785344327e-10,1.1012165763747563e-10,1.0143922791472562e-21,2.943,2.943
5.899999999999572,3.3833246388764097e-11,-1.387480987140817e-10,1.0922213773290818e-10,9.978879990107388e-22,2.943,2.943
5.901999999999572,3.3556882236464314e-11,-1.3761474602768213e-10,1.0832996548434292e-10,9.816522454279272e-22,2.943,2.943
5.903999999999572,3.328277554251773e-11,-1.3649065104155865e-10,1.0744508087304269e-10,9.6568064944062e-22,2.943,2.943
5.905999999999572,3.3010907867057346e-11,-1.35375738134931e-10,1.0656742437052861e-10,9.499689131740745e-22,2.943,2.943
5.907999999999571,3.27412609208407e-11,-1.3426993230472127e-10,1.0569693693457528e-10,9.34512808680468e-22,2.943,2.943
5.909999999999571,3.247381656401956e-11,-1.331731591605081e-10,1.0483356000523903e-10,9.193081768011803e-22,2.943,2.943
5.911999999999571,3.220855680491958e-11,-1.3208534491952233e-10,1.039772355009184e-10,9.04350926047584e-22,2.943,2.943
5.913999999999571,3.194546379882995e-11,-1.310064164016834e-10,1.0312790581444677e-10,8.89637031500048e-22,2.943,2.943
5.9159999999995705,3.168451984680296e-11,-1.2993630102467637e-10,1.0228551380921705e-10,8.751625337248485e-22,2.943,2.943
5.91799999999957,3.142570739446332e-11,-1.2887492679906912e-10,1.0145000281533796e-10,8.609235377087103e-22,2.943,2.943
5.91999999999957,3.116900903082724e-11,-1.2782222232346935e-10,1.0062131662582166e-10,8.469162118106757e-22,2.943,2.943
5.92199999999957,3.091440748713117e-11,-1.2677811677972136e-10,9.97993994928025e-11,8.331367867310295e-22,2.943,2.943
5.92399999999957,3.066188563567005e-11,-1.2574253992814183e-10,9.898419612378685e-11,8.195815544970007e-22,2.943,2.943
5.925999999999569,3.04114264886451e-11,-1.2471542210279466e-10,9.817565167793342e-11,8.062468674649663e-22,2.943,2.943
5.927999999999569,3.0163013197021016e-11,-1.2369669420680432e-10,9.737371176236382e-11,7.931291373388883e-22,2.943,2.943
5.929999999999569,2.991662904939248e-11,-1.2268628770770756e-10,9.657832242850356e-11,7.802248342047211e-22,2.943,2.943
5.931999999999569,2.9672257470859946e-11,-1.2168413463284307e-10,9.578943016845273e-11,7.675304855805307e-22,2.943,2.943
5.9339999999995685,2.9429882021914604e-11,-1.2069016756477873e-10,9.500698191138641e-11,7.550426754820677e-22,2.943,2.943
5.935999999999568,2.9189486397332445e-11,-1.197043196367763e-10,9.423092501998446e-11,7.427580435035426e-22,2.943,2.943
5.937999999999568,2.8951054425077372e-11,-1.187265245282931e-10,9.346120728689039e-11,7.3067328391335825e-22,2.943,2.943
5.939999999999568,2.8714570065213267e-11,-1.1775671646052053e-10,9.269777693119936e-11,7.187851447645544e-22,2.943,2.943
5.941999999999568,2.848001740882494e-11,-1.1679483019195882e-10,9.194058259497474e-11,7.070904270197252e-22,2.943,2.943
5.943999999999567,2.824738067694789e-11,-1.1584080101402816e-10,9.118957333979293e-11,6.95585983690175e-22,2.943,2.943
5.945999999999567,2.801664421950683e-11,-1.1489456474671561e-10,9.044469864331686e-11,6.842687189890791e-22,2.943,2.943
5.947999999999567,2.7787792514262843e-11,-1.1395605773425749e-10,8.970590839589708e-11,6.731355874984244e-22,2.943,2.943
5.949999999999567,2.7560810165769178e-11,-1.1302521684085708e-10,8.897315289720077e-11,6.621835933495018e-22,2.943,2.943
5.9519999999995665,2.733568190433555e-11,-1.1210197944643737e-10,8.824638285286826e-11,6.514097894167343e-22,2.943,2.943
5.953999999999566,2.711239258500091e-11,-1.111862834424284e-10,8.7525549371197e-11,6.408112765246202e-22,2.943,2.943
5.955999999999566,2.6890927186514613e-11,-1.1027806722758905e-10,8.681060395985224e-11,6.303852026675793e-22,2.943,2.943
5.957999999999566,2.6671270810325883e-11,-1.0937726970386302e-10,8.610149852260502e-11,6.201287622424934e-22,2.943,2.943
5.959999999999566,2.6453408679581563e-11,-1.0848383027226855e-10,8.539818535609664e-11,6.100391952937332e-22,2.943,2.943
5.961999999999565,2.6237326138132033e-11,-1.075976888288218e-10,8.470061714662928e-11,6.001137867704674e-22,2.943,2.943
5.963999999999565,2.602300864954525e-11,-1.0671878576049346e-10,8.400874696698343e-11,5.903498657960569e-22,2.943,2.943
5.965999999999565,2.5810441796128845e-11,-1.058470619411985e-10,8.332252827326068e-11,5.80744804949336e-22,2.943,2.943
5.967999999999565,2.5599611277960215e-11,-1.0498245872781852e-10,8.264191490175277e-11,5.712960195575858e-22,2.943,2.943
5.9699999999995645,2.539050291192452e-11,-1.0412491795625674e-10,8.196686106583597e-11,5.62000967001013e-22,2.943,2.943
5.971999999999564,2.518310263076056e-11,-1.0327438193752512e-10,8.129732135289088e-11,5.528571460285432e-22,2.943,2.943
5.973999999999564,2.497739648211442e-11,-1.0243079345386348e-10,8.063325072124743e-11,5.438620960847473e-22,2.943,2.943
5.975999999999564,2.4773370627600868e-11,-1.0159409575489031e-10,7.997460449715486e-11,5.350133966477192e-22,2.943,2.943
5.977999999999564,2.4571011341872407e-11,-1.0076423255378503e-10,7.932133837177628e-11,5.263086665777246e-22,2.943,2.943
5.979999999999563,2.4370305011695943e-11,-9.994114802350144e-11,7.867340839820803e-11,5.177455634764496e-22,2.943,2.943
5.981999999999563,2.4171238135036976e-11,-9.912478679301204e-11,7.803077098852315e-11,5.093217830566718e-22,2.943,2.943
5.983999999999563,2.3973797320151293e-11,-9.831509394358317e-11,7.739338291083921e-11,5.010350585221907e-22,2.943,2.943
5.985999999999563,2.377796928468406e-11,-9.751201500508038e-11,7.676120128640988e-11,4.928831599578426e-22,2.943,2.943
5.987999999999563,2.3583740854776303e-11,-9.671549595230416e-11,7.613418358674045e-11,4.84863893729442e-22,2.943,2.943
5.989999999999562,2.339109896417864e-11,-9.592548320135549e-11,7.551228763072681e-11,4.769751018934864e-22,2.943,2.943
5.991999999999562,2.320003065337231e-11,-9.514192360603112e-11,7.489547158181777e-11,4.692146616164651e-22,2.943,2.943
5.993999999999562,2.301052306869733e-11,-9.436476445424828e-11,7.42836939452007e-11,4.615804846036144e-22,2.943,2.943
5.995999999999562,2.2822563461487804e-11,-9.359395346449863e-11,7.367691356500992e-11,4.540705165369692e-22,2.943,2.943
5.9979999999995615,2.2636139187214298e-11,-9.28294387823311e-11,7.307508962155824e-11,4.466827365225561e-22,2.943,2.943
5.999999999999561,2.245123770463319e-11,-9.207116897686356e-11,7.247818162859071e-11,4.394151565465811e-22,2.943,2.943
6.001999999999561,2.2267846574943005e-11,-9.131909303732288e-11,7.188614943056116e-11,4.322658209404654e-22,2.943,2.943
6.003999999999561,2.208595346094761e-11,-9.057316036961334e-11,7.129895319993074e-11,4.252328058545853e-22,2.943,2.943
6.005999999999561,2.190554612622627e-11,-8.983332079291303e-11,7.071655343448865e-11,4.1831421874057343e-22,2.943,2.943
6.00799999999956,2.1726612434310474e-11,-8.909952453629803e-11,7.013891095469471e-11,4.115081978420444e-22,2.943,2.943
6.00999999999956,2.1549140347867472e-11,-8.837172223539422e-11,6.956598690104369e-11,4.048129116936051e-22,2.943,2.943
6.01199999999956,2.1373117927890498e-11,-8.764986492905641e-11,6.899774273145109e-11,3.982265586280171e-22,2.943,2.943
6.01399999999956,2.1198533332895605e-11,-8.693390405607457e-11,6.843414021866034e-11,3.917473662913768e-22,2.943,2.943
6.0159999999995595,2.1025374818125055e-11,-8.622379145190702e-11,6.787514144767111e-11,3.853735911661848e-22,2.943,2.943
6.017999999999559,2.085363073475722e-11,-8.551947934544025e-11,6.732070881318875e-11,3.791035181021735e-22,2.943,2.943
6.019999999999559,2.0683289529122938e-11,-8.482092035577527e-11,6.67708050170944e-11,3.729354598547692e-22,2.943,2.943
6.021999999999559,2.0514339741928254e-11,-8.412806748904014e-11,6.622539306593584e-11,3.668677566310635e-22,2.943,2.943
6.023999999999559,2.034677000748354e-11,-8.344087413522858e-11,6.5684436268439e-11,3.6089877564317127e-22,2.943,2.943
6.025999999999558,2.0180569052938894e-11,-8.275929406506441e-11,6.514789823303947e-11,3.5502691066885575e-22,2.943,2.943
6.027999999999558,2.0015725697525774e-11,-8.208328142689158e-11,6.461574286543435e-11,3.4925058161930235e-22,2.943,2.943
6.029999999999558,1.985222885180485e-11,-8.141279074358958e-11,6.40879343661543e-11,3.4356823411392506e-22,2.943,2.943
6.031999999999558,1.969006751691999e-11,-8.074777690951411e-11,6.35644372281549e-11,3.3797833906209023e-22,2.943,2.943
6.0339999999995575,1.9529230783858328e-11,-8.008819518746273e-11,6.304521623442827e-11,3.324793922516466e-22,2.943,2.943
6.035999999999557,1.9369707832716392e-11,-7.943400120566519e-11,6.253023645563383e-11,3.270699139441491e-22,2.943,2.943
6.037999999999557,1.9211487931972227e-11,-7.878515095479851e-11,6.201946324774843e-11,3.217484484766687e-22,2.943,2.943
6.039999999999557,1.9054560437763445e-11,-7.814160078502633e-11,6.15128622497359e-11,3.1651356387008177e-22,2.943,2.943
6.041999999999557,1.88989147931712e-11,-7.750330740306244e-11,6.101039938123544e-11,3.113638514437307e-22,2.943,2.943
6.043999999999556,1.8744540527509977e-11,-7.687022786925837e-11,6.051204084026888e-11,3.0629792543635603e-22,2.943,2.943
6.045999999999556,1.8591427255623228e-11,-7.624231959471472e-11,6.001775310096686e-11,3.0131442263319457e-22,2.943,2.943
6.047999999999556,1.8439564677184708e-11,-7.56195403384161e-11,5.952750291131331e-11,2.964120019991459e-22,2.943,2.943
6.049999999999556,1.8288942576005567e-11,-7.500184820438943e-11,5.904125729090867e-11,2.9158934431790623e-22,2.943,2.943
6.0519999999995555,1.813955081934707e-11,-7.438920163888555e-11,5.855898352875103e-11,2.868451518369741e-22,2.943,2.943
6.053999999999555,1.7991379357238942e-11,-7.378155942758371e-11,5.808064918103574e-11,2.8217814791843184e-22,2.943,2.943
6.055999999999555,1.7844418221803283e-11,-7.317888069281908e-11,5.760622206897271e-11,2.775870766954092e-22,2.943,2.943
6.057999999999555,1.7698657526584003e-11,-7.258112489083272e-11,5.713567027662175e-11,2.7307070273413533e-22,2.943,2.943
6.059999999999555,1.755408746588173e-11,-7.198825180904412e-11,5.666896214874542e-11,2.686278107014906e-22,2.943,2.943
6.061999999999554,1.7410698314094163e-11,-7.1400221563346e-11,5.620606628867957e-11,2.642572050379659e-22,2.943,2.943
6.063999999999554,1.72684804250618e-11,-7.081699459542123e-11,5.5746951556221194e-11,2.599577096359446e-22,2.943,2.943
6.065999999999554,1.7127424231419014e-11,-7.023853167008157e-11,5.5291587065533464e-11,2.5572816752321713e-22,2.943,2.943
6.067999999999554,1.6987520243950436e-11,-6.96647938726283e-11,5.483994218306808e-11,2.5156744055164613e-22,2.943,2.943
6.0699999999995535,1.6848759050952597e-11,-6.909574260623424e-11,5.439198652550441e-11,2.474744090908968e-22,2.943,2.943
6.071999999999553,1.671113131760076e-11,-6.853133958934735e-11,5.394768995770551e-11,2.4344797172714956e-22,2.943,2.943
6.073999999999553,1.657462778532096e-11,-6.797154685311532e-11,5.350702259069092e-11,2.394870449667158e-22,2.943,2.943
6.075999999999553,1.6439239271167144e-11,-6.741632673883139e-11,5.306995477962585e-11,2.3559056294447485e-22,2.943,2.943
6.077999999999553,1.6304956667203423e-11,-6.686564189540088e-11,5.263645712182706e-11,2.317574771370552e-22,2.943,2.943
6.079999999999552,1.6171770939891343e-11,-6.631945527682855e-11,5.220650045478465e-11,2.2798675608068263e-22,2.943,2.943
6.081999999999552,1.6039673129482183e-11,-6.57777301397264e-11,5.178005585420039e-11,2.2427738509361786e-22,2.943,2.943
6.083999999999552,1.590865434941421e-11,-6.524043004084182e-11,5.135709463204189e-11,2.2062836600311153e-22,2.943,2.943
6.085999999999552,1.577870578571486e-11,-6.470751883460598e-11,5.09375883346126e-11,2.1703871687680077e-22,2.943,2.943
6.0879999999995515,1.5649818696407788e-11,-6.417896067070223e-11,5.052150874063766e-11,2.135074717584761e-22,2.943,2.943
6.089999999999551,1.5521984410924785e-11,-6.365471999165436e-11,5.0108827859365535e-11,2.1003368040814794e-22,2.943,2.943
6.091999999999551,1.5395194329522478e-11,-6.313476153043451e-11,4.969951792868479e-11,2.066164080463415e-22,2.943,2.943
6.093999999999551,1.526943992270381e-11,-6.261905030809074e-11,4.9293551413256636e-11,2.0325473510255257e-22,2.943,2.943
6.095999999999551,1.514471273064423e-11,-6.210755163139384e-11,4.889090100266243e-11,1.9994775696779575e-22,2.943,2.943
6.0979999999995504,1.5021004362622582e-11,-6.160023109050347e-11,4.849153960956654e-11,1.9669458375117902e-22,2.943,2.943
6.09999999999955,1.4898306496456652e-11,-6.109705455665328e-11,4.809544036789403e-11,1.9349434004043817e-22,2.943,2.943
6.10199999999955,1.4776610877943292e-11,-6.059798817985502e-11,4.77025766310233e-11,1.9034616466636845e-22,2.943,2.943
6.10399999999955,1.465590932030315e-11,-6.010299838662135e-11,4.731292196999359e-11,1.8724921047108777e-22,2.943,2.943
6.10599999999955,1.4536193703629924e-11,-5.961205187770726e-11,4.692645017172695e-11,1.8420264408007142e-22,2.943,2.943
6.107999999999549,1.4417455974344115e-11,-5.912511562586995e-11,4.65431352372649e-11,1.812056456778948e-22,2.943,2.943
6.109999999999549,1.429968814465124e-11,-5.864215687364696e-11,4.6162951380019326e-11,1.7825740878762537e-22,2.943,2.943
6.111999999999549,1.418288229200447e-11,-5.816314313115258e-11,4.578587302403772e-11,1.75357140053804e-22,2.943,2.943
6.113999999999549,1.4067030558571667e-11,-5.768804217389209e-11,4.541187480228281e-11,1.725040590289569e-22,2.943,2.943
6.1159999999995485,1.395212515070676e-11,-5.721682204059396e-11,4.5040931554925844e-11,1.6969739796358135e-22,2.943,2.943
6.117999999999548,1.383815833842545e-11,-5.6749451031059744e-11,4.467301832765412e-11,1.6693640159954808e-22,2.943,2.943
6.119999999999548,1.3725122454885194e-11,-5.628589770403153e-11,4.4308110369992235e-11,1.6422032696686537e-22,2.943,2.943
6.121999999999548,1.3613009895869434e-11,-5.582613087507677e-11,4.394618313363709e-11,1.6154844318374944e-22,2.943,2.943
6.123999999999548,1.3501813119276043e-11,-5.537011961449047e-11,4.358721227080638e-11,1.5892003125994797e-22,2.943,2.943
6.125999999999547,1.3391524644609952e-11,-5.4917833245214415e-11,4.323117363260072e-11,1.563343839032635e-22,2.943,2.943
6.127999999999547,1.3282137052479911e-11,-5.4469241340773495e-11,4.2878043267379076e-11,1.5379080532922481e-22,2.943,2.943
6.129999999999547,1.3173642984099373e-11,-5.4024313723228805e-11,4.252779741914743e-11,1.5128861107385464e-22,2.943,2.943
6.131999999999547,1.3066035140791446e-11,-5.3583020461147514e-11,4.2180412525960746e-11,1.4882712780948428e-22,2.943,2.943
6.1339999999995465,1.2959306283497894e-11,-5.314533186758929e-11,4.183586521833779e-11,1.4640569316356426e-22,2.943,2.943
6.135999999999546,1.2853449232292144e-11,-5.271121849810918e-11,4.1494132317689103e-11,1.440236555404233e-22,2.943,2.943
6.137999999999546,1.2748456865896278e-11,-5.228065114877683e-11,4.1155190834757644e-11,1.4168037394592755e-22,2.943,2.943
6.139999999999546,1.2644322121201964e-11,-5.185360085421181e-11,4.081901796807227e-11,1.393752178149919e-22,2.943,2.943
6.141999999999546,1.2541037992795301e-11,-5.143003888563511e-11,4.04855911024138e-11,1.3710756684189852e-22,2.943,2.943
6.143999999999545,1.2438597532485548e-11,-5.1009936748936405e-11,4.015488780729371e-11,1.3487681081337552e-22,2.943,2.943
6.145999999999545,1.2336993848837704e-11,-5.059326618275724e-11,3.982688583544506e-11,1.3268234944439182e-22,2.943,2.943
6.147999999999545,1.2236220106708897e-11,-5.0179999156589795e-11,3.9501563121325964e-11,1.3052359221662354e-22,2.943,2.943
6.149999999999545,1.2136269526788573e-11,-4.9770107868891185e-11,3.91788977796351e-11,1.2839995821954835e-22,2.943,2.943
6.1519999999995445,1.203713538514243e-11,-4.9363564745213205e-11,3.88588681038395e-11,1.2631087599412573e-22,2.943,2.943
6.153999999999544,1.193881101276008e-11,-4.896034243634731e-11,3.854145256471427e-11,1.2425578337901985e-22,2.943,2.943
6.155999999999544,1.1841289795106413e-11,-4.856041381648475e-11,3.8226629808894214e-11,1.2223412735932535e-22,2.943,2.943
6.157999999999544,1.1744565171676618e-11,-4.816375198139179e-11,3.7914378657437434e-11,1.202453639177533e-22,2.943,2.943
6.159999999999544,1.1648630635554838e-11,-4.777033024659974e-11,3.7604678104400485e-11,1.1828895788823938e-22,2.943,2.943
6.161999999999543,1.1553479732976434e-11,-4.7380122145609865e-11,3.7297507315425285e-11,1.1636438281193325e-22,2.943,2.943
6.163999999999543,1.1459106062893827e-11,-4.699310142811288e-11,3.6992845626337554e-11,1.1447112079553117e-22,2.943,2.943
6.165999999999543,1.136550327654588e-11,-4.6609242058223056e-11,3.669067254175662e-11,1.126086623719135e-22,2.943,2.943
6.167999999999543,1.1272665077030798e-11,-4.622851821272669e-11,3.639096773371671e-11,1.1077650636304986e-22,2.943,2.943
6.1699999999995425,1.1180585218882524e-11,-4.5850904279344935e-11,3.60937110402994e-11,1.089741597451346e-22,2.943,2.943
6.171999999999542,1.1089257507650589e-11,-4.547637485501077e-11,3.579888246427725e-11,1.0720113751591652e-22,2.943,2.943
6.173999999999542,1.0998675799483392e-11,-4.51049047441601e-11,3.550646217176859e-11,1.0545696256418746e-22,2.943,2.943
6.175999999999542,1.0908834000714894e-11,-4.473646895703676e-11,3.5216430490903236e-11,1.03741165541394e-22,2.943,2.943
6.177999999999542,1.0819726067454672e-11,-4.4371042708011395e-11,3.492876791049905e-11,1.0205328473533812e-22,2.943,2.943
6.179999999999541,1.073134600518134e-11,-4.4008601413914075e-11,3.464345507874943e-11,1.0039286594593286e-22,2.943,2.943
6.181999999999541,1.0643687868339274e-11,-4.364912069238052e-11,3.436047280192145e-11,9.875946236297935e-23,2.943,2.943
6.183999999999541,1.0556745759938645e-11,-4.329257636021183e-11,3.407980204306467e-11,9.715263444593268e-23,2.943,2.943
6.185999999999541,1.0470513831158714e-11,-4.293894443174761e-11,3.380142392073044e-11,9.557194980562346e-23,2.943,2.943
6.1879999999995405,1.0384986280954359e-11,-4.2588201117252426e-11,3.3525319707701655e-11,9.40169830879044e-23,2.943,2.943
6.18999999999954,1.030015735566583e-11,-4.224032282131536e-11,3.3251470829733056e-11,9.248731585918955e-23,2.943,2.943
6.19199999999954,1.0216021348631687e-11,-4.1895286141262724e-11,3.2979858864301565e-11,9.098253649385583e-23,2.943,2.943
6.19399999999954,1.013257259980489e-11,-4.155306786558368e-11,3.2710465539367015e-11,8.950224006347705e-23,2.943,2.943
6.19599999999954,1.0049805495372043e-11,-4.1213644972368765e-11,3.244327273214291e-11,8.80460282278594e-23,2.943,2.943
6.197999999999539,9.96771446737573e-12,-4.0876994627761114e-11,3.2178262467877314e-11,8.66135091278502e-23,2.943,2.943
6.199999999999539,9.886293993339948e-12,-4.0543094184420395e-11,3.1915416918643583e-11,8.520429727989086e-23,2.943,2.943
6.201999999999539,9.805538595898596e-12,-4.021192117999926e-11,3.165471840214105e-11,8.381801347228481e-23,2.943,2.943
6.203999999999539,9.725442842426996e-12,-3.988345333563222e-11,3.1396149380505534e-11,8.245428466315405e-23,2.943,2.943
6.2059999999995386,9.646001344676431e-12,-3.955766855443693e-11,3.113969245912947e-11,8.111274388005504e-23,2.943,2.943
6.207999999999538,9.567208758411656e-12,-3.9234544920027626e-11,3.0885330385491706e-11,7.979303012122855e-23,2.943,2.943
6.209999999999538,9.489059783051385e-12,-3.8914060695040806e-11,3.063304604799697e-11,7.849478825845593e-23,2.943,2.943
6.211999999999538,9.411549161311703e-12,-3.8596194319672854e-11,3.038282247482469e-11,7.721766894149582e-23,2.943,2.943
6.213999999999538,9.334671678852396e-12,-3.8280924410229684e-11,3.013464283278719e-11,7.596132850407586e-23,2.943,2.943
6.2159999999995375,9.258422163926168e-12,-3.796822975768819e-11,2.9888490426197386e-11,7.472542887141388e-23,2.943,2.943
6.217999999999537,9.182795487030725e-12,-3.765808932626948e-11,2.9644348695745545e-11,7.350963746924355e-23,2.943,2.943
6.219999999999537,9.1077865605637e-12,-3.735048225202371e-11,2.9402201217385334e-11,7.231362713432056e-23,2.943,2.943
6.221999999999537,9.0333903384804e-12,-3.704538784142654e-11,2.916203170122891e-11,7.113707602638451e-23,2.943,2.943
6.223999999999537,8.959601815954335e-12,-3.674278556998703e-11,2.8923823990451084e-11,6.997966754155343e-23,2.943,2.943
6.225999999999536,8.886416029040546e-12,-3.644265508086688e-11,2.8687562060202387e-11,6.884109022712726e-23,2.943,2.943
6.227999999999536,8.813828054341652e-12,-3.6144976183511e-11,2.8453230016531036e-11,6.772103769777749e-23,2.943,2.943
6.229999999999536,8.741833008676655e-12,-3.584972885228921e-11,2.8220812095313745e-11,6.661920855310053e-23,2.943,2.943
6.231999999999536,8.67042604875242e-12,-3.555689322514909e-11,2.799029266119515e-11,6.553530629651224e-23,2.943,2.943
6.2339999999995355,8.599602370837872e-12,-3.526644960227979e-11,2.776165620653608e-11,6.446903925546248e-23,2.943,2.943
6.235999999999535,8.529357210440817e-12,-3.497837844478679e-11,2.7534887350370228e-11,6.34201205029472e-23,2.943,2.943
6.237999999999535,8.459685841987438e-12,-3.4692660373377453e-11,2.7309970837369496e-11,6.238826778029811e-23,2.943,2.943
6.239999999999535,8.390583578504387e-12,-3.440927616705734e-11,2.7086891536817718e-11,6.13732034212282e-23,2.943,2.943
6.241999999999535,8.322045771303481e-12,-3.412820676183715e-11,2.6865634441592742e-11,6.037465427711316e-23,2.943,2.943
6.243999999999534,8.254067809668972e-12,-3.384943324945026e-11,2.66461846671569e-11,5.939235164348851e-23,2.943,2.943
6.245999999999534,8.186645120547373e-12,-3.357293687608069e-11,2.642852745055566e-11,5.842603118774265e-23,2.943,2.943
6.247999999999534,8.119773168239817e-12,-3.3298699041101496e-11,2.6212648149424513e-11,5.747543287798619e-23,2.943,2.943
6.249999999999534,8.053447454096927e-12,-3.3026701295823475e-11,2.5998532241003905e-11,5.65403009130788e-23,2.943,2.943
6.2519999999995335,7.987663516216184e-12,-3.2756925342254044e-11,2.5786165321162313e-11,5.562038365379437e-23,2.943,2.943
6.253999999999533,7.922416929141758e-12,-3.24893530318663e-11,2.5575533103427165e-11,5.471543355510628e-23,2.943,2.943
6.255999999999533,7.857703303566803e-12,-3.2223966364378134e-11,2.5366621418023813e-11,5.38252070995741e-23,2.943,2.943
6.257999999999533,7.793518286038167e-12,-3.196074748654129e-11,2.5159416210922254e-11,5.294946473181455e-23,2.943,2.943
6.259999999999533,7.729857558663536e-12,-3.169967869094032e-11,2.495390354289174e-11,5.20879707940382e-23,2.943,2.943
6.261999999999532,7.66671683882095e-12,-3.1440742414801394e-11,2.4750069588562955e-11,5.1240493462635224e-23,2.943,2.943
6.263999999999532,7.604091878870702e-12,-3.118392123881078e-11,2.4547900635498034e-11,5.040680468579275e-23,2.943,2.943
6.265999999999532,7.541978465869588e-12,-3.092919788594302e-11,2.4347383083268052e-11,4.958668012212751e-23,2.943,2.943
6.267999999999532,7.480372421287491e-12,-3.0676555220298624e-11,2.4148503442538097e-11,4.877989908031651e-23,2.943,2.943
6.2699999999995315,7.419269600726283e-12,-3.0425976245951346e-11,2.3951248334159792e-11,4.798624445971023e-23,2.943,2.943
6.271999999999531,7.358665893641017e-12,-3.017744410580478e-11,2.375560448827128e-11,4.720550269191185e-23,2.943,2.943
6.273999999999531,7.298557223063404e-12,-2.993094208045836e-11,2.3561558743404473e-11,4.643746368330727e-23,2.943,2.943
6.275999999999531,7.238939545327541e-12,-2.96864535870826e-11,2.3369098045599703e-11,4.568192075852977e-23,2.943,2.943
6.277999999999531,7.179808849797885e-12,-2.944396217830353e-11,2.3178209447527502e-11,4.493867060484489e-23,2.943,2.943
6.27999999999953,7.121161158599448e-12,-2.920345154109621e-11,2.2988880107617628e-11,4.4207513217439985e-23,2.943,2.943
6.28199999999953,7.062992526350192e-12,-2.8964905495687362e-11,2.2801097289195184e-11,4.348825184560387e-23,2.943,2.943
6.28399999999953,7.005299039895616e-12,-2.8728307994466866e-11,2.2614848359623764e-11,4.2780692939782335e-23,2.943,2.943
6.28599999999953,6.948076818045508e-12,-2.8493643120908217e-11,2.243012078945565e-11,4.2084646099494826e-23,2.943,2.943
6.2879999999995295,6.891322011312843e-12,-2.826089508849778e-11,2.2246902151588895e-11,4.139992402209876e-23,2.943,2.943
6.289999999999529,6.835030801654825e-12,-2.8030048239672785e-11,2.2065180120431343e-11,4.072634245238726e-23,2.943,2.943
6.291999999999529,6.77919940221603e-12,-2.7801087044768008e-11,2.1884942471071445e-11,4.006372013300705e-23,2.943,2.943
6.293999999999529,6.723824057073661e-12,-2.757399610097104e-11,2.1706177078455863e-11,3.941187875568307e-23,2.943,2.943
6.295999999999529,6.668901040984872e-12,-2.734876013128611e-11,2.1528871916573772e-11,3.877064291323655e-23,2.943,2.943
6.297999999999528,6.614426659136165e-12,-2.712536398350636e-11,2.1353015057647856e-11,3.81398400523839e-23,2.943,2.943
6.299999999999528,6.560397246894828e-12,-2.6903792629194516e-11,2.1178594671331895e-11,3.75193004273035e-23,2.943,2.943
6.301999999999528,6.506809169562407e-12,-2.6684031162671878e-11,2.100559902391489e-11,3.6908857053957924e-23,2.943,2.943
6.303999999999528,6.453658822130191e-12,-2.646606480001559e-11,2.0834016477531722e-11,3.630834566515942e-23,2.943,2.943
6.3059999999995275,6.400942629036692e-12,-2.6249878878064082e-11,2.0663835489380226e-11,3.571760466636649e-23,2.943,2.943
6.307999999999527,6.348657043927108e-12,-2.6035458853430637e-11,2.04950446109447e-11,3.513647509219955e-23,2.943,2.943
6.309999999999527,6.29679854941475e-12,-2.5822790301525023e-11,2.0327632487225736e-11,3.456480056366418e-23,2.943,2.943
6.311999999999527,6.245363656844422e-12,-2.5611858915583116e-11,2.0161587855976298e-11,3.40024272460704e-23,2.943,2.943
6.313999999999527,6.1943489060577255e-12,-2.540265050570444e-11,1.999689954694412e-11,3.344920380763646e-23,2.943,2.943
6.315999999999526,6.143750865160289e-12,-2.519515099789758e-11,1.9833556481120254e-11,3.290498137876628e-23,2.943,2.943
6.317999999999526,6.093566130290892e-12,-2.4989346433133398e-11,1.967154766999372e-11,3.2369613511989363e-23,2.943,2.943
6.319999999999526,6.043791325392484e-12,-2.4785222966405947e-11,1.9510862214812335e-11,3.1842956142552597e-23,2.943,2.943
6.321999999999526,5.994423101985061e-12,-2.4582766865801108e-11,1.935148930584948e-11,3.132486754965311e-23,2.943,2.943
6.323999999999526,5.945458138940412e-12,-2.4381964511572797e-11,1.919341822167691e-11,3.0815208318301917e-23,2.943,2.943
6.325999999999525,5.896893142258693e-12,-2.4182802395226728e-11,1.903663832844353e-11,3.031384130180814e-23,2.943,2.943
6.327999999999525,5.848724844846833e-12,-2.3985267118611668e-11,1.888113907915999e-11,2.9820631584873444e-23,2.943,2.943
6.329999999999525,5.800950006298748e-12,-2.37893453930181e-11,1.8726910012989168e-11,2.933544644728707e-23,2.943,2.943
6.331999999999525,5.753565412677351e-12,-2.3595024038284266e-11,1.857394075454246e-11,2.885815532821149e-23,2.943,2.943
6.3339999999995245,5.7065678762983415e-12,-2.3402289981909497e-11,1.8422221013181778e-11,2.838862979104917e-23,2.943,2.943
6.335999999999524,5.659954235515761e-12,-2.3211130258174798e-11,1.8271740582327288e-11,2.792674348888092e-23,2.943,2.943
6.337999999999524,5.613721354509304e-12,-2.3021532007270602e-11,1.812248933877079e-11,2.747237213046659e-23,2.943,2.943
6.339999999999524,5.567866123073358e-12,-2.2833482474431667e-11,1.7974457241994685e-11,2.702539344679894e-23,2.943,2.943
6.341999999999524,5.522385456407777e-12,-2.264696900907902e-11,1.7827634333496542e-11,2.6585687158201675e-23,2.943,2.943
6.343999999999523,5.477276294910356e-12,-2.246197906396893e-11,1.7682010736119156e-11,2.615313494196278e-23,2.943,2.943
6.345999999999523,5.432535603971005e-12,-2.2278500194348815e-11,1.7537576653386083e-11,2.572762040049453e-23,2.943,2.943
6.347999999999523,5.3881603737676024e-12,-2.2096520057120053e-11,1.7394322368842606e-11,2.5309029030011413e-23,2.943,2.943
6.349999999999523,5.3441476190635164e-12,-2.1916026410007632e-11,1.7252238245402094e-11,2.4897248189717858e-23,2.943,2.943
6.3519999999995225,5.300494379006781e-12,-2.173700711073658e-11,1.7111314724697683e-11,2.4492167071497076e-23,2.943,2.943
6.353999999999522,5.257197716930911e-12,-2.155945011621512e-11,1.6971542326439254e-11,2.4093676670093223e-23,2.943,2.943
6.355999999999522,5.214254720157344e-12,-2.1383343481724497e-11,1.6832911647775683e-11,2.3701669753778595e-23,2.943,2.943
6.357999999999522,5.171662499799501e-12,-2.1208675360115436e-11,1.6695413362662275e-11,2.331604083549817e-23,2.943,2.943
6.359999999999522,5.1294181905684385e-12,-2.103543400101115e-11,1.655903822123337e-11,2.2936686144483533e-23,2.943,2.943
6.361999999999521,5.087518950580096e-12,-2.086360775001686e-11,1.642377704918011e-11,2.256350359832875e-23,2.943,2.943
6.363999999999521,5.045961961164115e-12,-2.0693185047935764e-11,1.628962074713324e-11,2.219639277552046e-23,2.943,2.943
6.365999999999521,5.004744426674218e-12,-2.052415442999144e-11,1.6156560290050953e-11,2.1835254888414982e-23,2.943,2.943
6.367999999999521,4.963863574300139e-12,-2.0356504525056567e-11,1.6024586726611794e-11,2.1479992756655064e-23,2.943,2.943
6.3699999999995205,4.923316653881092e-12,-2.019022405488796e-11,1.589369117861244e-11,2.1130510781019155e-23,2.943,2.943
6.37199999999952,4.883100937720756e-12,-2.002530183336786e-11,1.576386484037046e-11,2.0786714917696134e-23,2.943,2.943
6.37399999999952,4.843213720403778e-12,-1.9861726765751415e-11,1.563509897813194e-11,2.0448512652978612e-23,2.943,2.943
6.37599999999952,4.803652318613775e-12,-1.9699487847920294e-11,1.550738492948394e-11,2.0115812978367936e-23,2.943,2.943
6.37799999999952,4.7644140709528155e-12,-1.9538574165642425e-11,1.5380714102771712e-11,1.9788526366084318e-23,2.943,2.943
6.379999999999519,4.7254963377623846e-12,-1.937897489383777e-11,1.5255077976520772e-11,1.9466564744975306e-23,2.943,2.943
6.381999999999519,4.686896500945805e-12,-1.922067929585008e-11,1.5130468098863618e-11,1.914984147681636e-23,2.943,2.943
6.383999999999519,4.648611963792111e-12,-1.9063676722724622e-11,1.5006876086971138e-11,1.8838271332996895e-23,2.943,2.943
6.385999999999519,4.610640150801364e-12,-1.890795661249179e-11,1.4884293626488687e-11,1.85317704715857e-23,2.943,2.943
6.3879999999995185,4.572978507511386e-12,-1.875350848945658e-11,1.476271247097676e-11,1.8230256414769538e-23,2.943,2.943
6.389999999999518,4.535624500325921e-12,-1.860032196349386e-11,1.464212444135623e-11,1.793364802665875e-23,2.943,2.943
6.391999999999518,4.498575616344188e-12,-1.8448386729349403e-11,1.4522521425358117e-11,1.7641865491454037e-23,2.943,2.943
6.393999999999518,4.4618293631918354e-12,-1.8297692565946616e-11,1.4403895376977867e-11,1.7354830291968413e-23,2.943,2.943
6.395999999999518,4.425383268853271e-12,-1.814822933569895e-11,1.4286238315934054e-11,1.7072465188498643e-23,2.943,2.943
6.397999999999517,4.3892348815053626e-12,-1.7999986983827916e-11,1.4169542327131542e-11,1.679469419804041e-23,2.943,2.943
6.399999999999517,4.3533817693524975e-12,-1.785295553768668e-11,1.4053799560129018e-11,1.652144257384172e-23,2.943,2.943
6.401999999999517,4.3178215204629914e-12,-1.7707125106089165e-11,1.3939002228610874e-11,1.625263678528891e-23,2.943,2.943
6.403999999999517,4.282551742606829e-12,-1.7562485878644655e-11,1.3825142609863372e-11,1.598820449811992e-23,2.943,2.943
6.4059999999995165,4.247570063094734e-12,-1.7419028125097824e-11,1.3712213044255163e-11,1.5728074554959548e-23,2.943,2.943
6.407999999999516,4.212874128618551e-12,-1.727674219467415e-11,1.3600205934721978e-11,1.5472176956171344e-23,2.943,2.943
6.409999999999516,4.178461605092933e-12,-1.7135618515430685e-11,1.3489113746255545e-11,1.5220442841021062e-23,2.943,2.943
6.411999999999516,4.144330177498323e-12,-1.6995647593612134e-11,1.3378929005396703e-11,1.4972804469146592e-23,2.943,2.943
6.413999999999516,4.110477549725213e-12,-1.6856820013012175e-11,1.3269644299732654e-11,1.4729195202329396e-23,2.943,2.943
6.415999999999515,4.076901444419683e-12,-1.6719126434340007e-11,1.3161252277398284e-11,1.4489549486562476e-23,2.943,2.943
6.417999999999515,4.043599602830193e-12,-1.658255759459208e-11,1.3053745646581597e-11,1.4253802834410123e-23,2.943,2.943
6.419999999999515,4.010569784655634e-12,-1.644710430642894e-11,1.2947117175033196e-11,1.4021891807654733e-23,2.943,2.943
6.421999999999515,3.977809767894619e-12,-1.6312757457557177e-11,1.2841359689579706e-11,1.3793754000225828e-23,2.943,2.943
6.4239999999995145,3.945317348695996e-12,-1.6179508010116422e-11,1.2736466075641261e-11,1.3569328021406954e-23,2.943,2.943
6.425999999999514,3.913090341210599e-12,-1.6047347000071334e-11,1.263242927675286e-11,1.3348553479315745e-23,2.943,2.943
6.427999999999514,3.881126577444191e-12,-1.591626553660858e-11,1.2529242294089671e-11,1.313137096465277e-23,2.943,2.943
6.429999999999514,3.849423907111623e-12,-1.5786254801538712e-11,1.2426898185996203e-11,1.2917722034714799e-23,2.943,2.943
6.431999999999514,3.817980197492178e-12,-1.5657306048702966e-11,1.2325390067519308e-11,1.270754919766815e-23,2.943,2.943
6.433999999999513,3.786793333286096e-12,-1.5529410603384864e-11,1.222471110994504e-11,1.2500795897077975e-23,2.943,2.943
6.435999999999513,3.755861216472274e-12,-1.540255986172665e-11,1.2124854540339246e-11,1.2297406496689165e-23,2.943,2.943
6.437999999999513,3.725181766167123e-12,-1.5276745290150498e-11,1.2025813641091932e-11,1.209732626545495e-23,2.943,2.943
6.439999999999513,3.694752918484588e-12,-1.5151958424784416e-11,1.1927581749465379e-11,1.1900501362809047e-23,2.943,2.943
6.441999999999513,3.664572626397298e-12,-1.5028190870892876e-11,1.1830152257145892e-11,1.1706878824177429e-23,2.943,2.943
6.443999999999512,3.634638859598862e-12,-1.4905434302312068e-11,1.1733518609799263e-11,1.1516406546725841e-23,2.943,2.943
6.445999999999512,3.6049496043672835e-12,-1.4783680460889784e-11,1.1637674306629826e-11,1.1329033275339188e-23,2.943,2.943
6.447999999999512,3.575502863429492e-12,-1.466292115592987e-11,1.154261289994315e-11,1.1144708588829051e-23,2.943,2.943
6.449999999999512,3.5462966558269814e-12,-1.4543148263641209e-11,1.1448327994712278e-11,1.0963382886365594e-23,2.943,2.943
6.4519999999995115,3.5173290167825456e-12,-1.4424353726591225e-11,1.1354813248147512e-11,1.0785007374130246e-23,2.943,2.943
6.453999999999511,3.4885979975681035e-12,-1.4306529553163827e-11,1.126206236926972e-11,1.0609534052185522e-23,2.943,2.943
6.455999999999511,3.4601016653736023e-12,-1.41896678170218e-11,1.1170069118487137e-11,1.0436915701558499e-23,2.943,2.943
6.457999999999511,3.431838103176993e-12,-1.4073760656573578e-11,1.1078827307175589e-11,1.026710587153442e-23,2.943,2.943
6.459999999999511,3.4038054096152666e-12,-1.3958800274444368e-11,1.0988330797262192e-11,1.0100058867157047e-23,2.943,2.943
6.46199999999951,3.3760016988565455e-12,-1.3844778936951614e-11,1.0898573500812404e-11,9.935729736932396e-24,2.943,2.943
6.46399999999951,3.3484251004732177e-12,-1.3731688973584717e-11,1.08095493796205e-11,9.774074260732491e-24,2.943,2.943
6.46599999999951,3.321073759316109e-12,-1.361952277648903e-11,1.0721252444803345e-11,9.615048937895987e-24,2.943,2.943
6.46799999999951,3.293945835389682e-12,-1.3508272799954056e-11,1.0633676756397516e-11,9.458610975522343e-24,2.943,2.943
6.4699999999995095,3.2670395037282548e-12,-1.3397931559905826e-11,1.0546816422959703e-11,9.304718276956469e-24,2.943,2.943
6.471999999999509,3.240352954273231e-12,-1.3288491633403427e-11,1.0460665601170378e-11,9.153329430460758e-24,2.943,2.943
6.473999999999509,3.2138843917513317e-12,-1.3179945658139642e-11,1.03752184954407e-11,9.004403698071365e-24,2.943,2.943
6.475999999999509,3.1876320355538243e-12,-1.307228633194567e-11,1.0290469357522628e-11,8.857901004635854e-24,2.943,2.943
6.477999999999509,3.1615941196167353e-12,-1.2965506412299887e-11,1.0206412486122216e-11,8.713781927029168e-24,2.943,2.943
6.479999999999508,3.1357688923020418e-12,-1.2859598715840624e-11,1.0123042226516097e-11,8.572007683545072e-24,2.943,2.943
6.481999999999508,3.1101546162798364e-12,-1.2754556117882927e-11,1.0040352970171039e-11,8.432540123460196e-24,2.943,2.943
6.483999999999508,3.0847495684114506e-12,-1.2650371551939253e-11,9.958339154366673e-12,8.295341716767866e-24,2.943,2.943
6.485999999999508,3.059552039633536e-12,-1.25470380092441e-11,9.876995261821252e-12,8.160375544078967e-24,2.943,2.943
6.4879999999995075,3.0345603348430908e-12,-1.2444548538282499e-11,9.79631582032052e-12,8.02760528668714e-24,2.943,2.943
6.489999999999507,3.009772772783425e-12,-1.2342896244322374e-11,9.716295402349542e-12,7.896995216795593e-24,2.943,2.943
6.491999999999507,2.985187685931059e-12,-1.2242074288950713e-11,9.636928624727624e-12,7.768510187902929e-24,2.943,2.943
6.493999999999507,2.960803420383545e-12,-1.2142075889613533e-11,9.558210148246131e-12,7.642115625345415e-24,2.943,2.943
6.495999999999507,2.9366183357482042e-12,-1.2042894319159595e-11,9.48013467730934e-12,7.517777516993108e-24,2.943,2.943
6.497999999999506,2.912630805031773e-12,-1.1944522905387852e-11,9.402696959578169e-12,7.395462404097369e-24,2.943,2.943
6.499999999999506,2.8888392145309526e-12,-1.18469550305986e-11,9.32589178561684e-12,7.275137372287278e-24,2.943,2.943
6.501999999999506,2.8652419637238484e-12,-1.1750184131148279e-11,9.249713988542437e-12,7.15677004271256e-24,2.943,2.943
6.503999999999506,2.841837465162301e-12,-1.1654203697007924e-11,9.174158443677316e-12,7.040328563330584e-24,2.943,2.943
6.5059999999995055,2.8186241443650933e-12,-1.155900727132522e-11,9.099220068204344e-12,6.925781600335155e-24,2.943,2.943
6.507999999999505,2.7956004397120318e-12,-1.146458844999013e-11,9.024893820824976e-12,6.81309832972474e-24,2.943,2.943
6.509999999999505,2.7727648023388915e-12,-1.1370940881204072e-11,8.9511747014201e-12,6.702248429007888e-24,2.943,2.943
6.511999999999505,2.750115696033221e-12,-1.1278058265052625e-11,8.878057750713687e-12,6.59320206904361e-24,2.943,2.943
6.513999999999505,2.7276515971309956e-12,-1.1185934353081708e-11,8.805538049939145e-12,6.485929906014494e-24,2.943,2.943
6.515999999999504,2.7053709944141188e-12,-1.1094562947877238e-11,8.733610720508436e-12,6.3804030735304534e-24,2.943,2.943
6.517999999999504,2.6832723890087567e-12,-1.1003937902648207e-11,8.662270923683882e-12,6.276593174860912e-24,2.943,2.943
6.519999999999504,2.6613542942845065e-12,-1.0914053120813177e-11,8.59151386025263e-12,6.1744722752934015e-24,2.943,2.943
6.521999999999504,2.639615235754386e-12,-1.0824902555590147e-11,8.521334770203822e-12,6.074012894616466e-24,2.943,2.943
6.5239999999995035,2.6180537509756412e-12,-1.0736480209589765e-11,8.451728932408365e-12,5.975187999724876e-24,2.943,2.943
6.525999999999503,2.5966683894513643e-12,-1.0648780134411875e-11,8.382691664301325e-12,5.877970997345167e-24,2.943,2.943
6.527999999999503,2.5754577125329147e-12,-1.0561796430245347e-11,8.314218321566929e-12,5.782335726879525e-24,2.943,2.943
6.529999999999503,2.554420293323138e-12,-1.0475523245471184e-11,8.24630429782612e-12,5.68825645336609e-24,2.943,2.943
6.531999999999503,2.5335547165803735e-12,-1.0389954776268869e-11,8.178945024326679e-12,5.595707860553827e-24,2.943,2.943
6.533999999999502,2.512859578623249e-12,-1.0305085266225924e-11,8.11213596963587e-12,5.504665044090035e-24,2.943,2.943
6.535999999999502,2.4923334872362507e-12,-1.0220909005950667e-11,8.045872639335604e-12,5.415103504818731e-24,2.943,2.943
6.537999999999502,2.471975061576065e-12,-1.013742033268812e-11,7.980150575720082e-12,5.3269991421880405e-24,2.943,2.943
6.539999999999502,2.4517829320786853e-12,-1.0054613629939065e-11,7.914965357495916e-12,5.240328247764863e-24,2.943,2.943
6.5419999999995015,2.4317557403672795e-12,-9.972483327082204e-12,7.850312599484704e-12,5.1550674988550635e-24,2.943,2.943
6.543999999999501,2.411892139160807e-12,-9.891023898999416e-12,7.78618795232801e-12,5.07119395222744e-24,2.943,2.943
6.545999999999501,2.392190792183384e-12,-9.810229865704058e-12,7.722587102194795e-12,4.988685037939833e-24,2.943,2.943
6.547999999999501,2.3726503740743887e-12,-9.730095791972317e-12,7.659505770491194e-12,4.9075185532656544e-24,2.943,2.943
6.549999999999501,2.353269570299301e-12,-9.650616286977575e-12,7.596939713572692e-12,4.827672656719261e-24,2.943,2.943
6.5519999999995004,2.3340470770612703e-12,-9.57178600392774e-12,7.534884722458646e-12,4.7491258621785145e-24,2.943,2.943
6.5539999999995,2.314981601213406e-12,-9.493599639705567e-12,7.473336622549129e-12,4.671857033102979e-24,2.943,2.943
6.5559999999995,2.2960718601717836e-12,-9.416051934511895e-12,7.412291273344104e-12,4.5958453768461836e-24,2.943,2.943
6.5579999999995,2.2773165818291622e-12,-9.33913767151181e-12,7.351744568164871e-12,4.521070439060428e-24,2.943,2.943
6.5599999999995,2.2587145044694066e-12,-9.262851676483692e-12,7.291692433877808e-12,4.447512098192627e-24,2.943,2.943
6.561999999999499,2.2402643766826086e-12,-9.187188817471139e-12,7.23213083062035e-12,4.3751505600696976e-24,2.943,2.943
6.563999999999499,2.2219649572809015e-12,-9.112144004437717e-12,7.173055751529235e-12,4.303966352572052e-24,2.943,2.943
6.565999999999499,2.203815015214961e-12,-9.03771218892455e-12,7.1144632224709266e-12,4.233940320393743e-24,2.943,2.943
6.567999999999499,2.1858133294911903e-12,-8.963888363710691e-12,7.056349301774296e-12,4.165053619887883e-24,2.943,2.943
6.5699999999994985,2.167958689089582e-12,-8.890667562476272e-12,6.9987100799654305e-12,4.097287713995904e-24,2.943,2.943
6.571999999999498,2.1502498928822465e-12,-8.818044859468412e-12,6.941541679504635e-12,4.030624367259327e-24,2.943,2.943
6.573999999999498,2.132685749552612e-12,-8.746015369169847e-12,6.884840254525593e-12,3.96504564091271e-24,2.943,2.943
6.575999999999498,2.115265077515279e-12,-8.674574245970265e-12,6.828601990576634e-12,3.900533888056398e-24,2.943,2.943
6.577999999999498,2.097986704836535e-12,-8.603716683840335e-12,6.772823104364135e-12,3.8370717489078454e-24,2.943,2.943
6.579999999999497,2.080849469155512e-12,-8.533437916008387e-12,6.717499843497995e-12,3.7746421461301836e-24,2.943,2.943
6.581999999999497,2.0638522176059945e-12,-8.463733214639745e-12,6.662628486239215e-12,3.7132282802367975e-24,2.943,2.943
6.583999999999497,2.046993806738862e-12,-8.39459789051867e-12,6.608205341249518e-12,3.6528136250706676e-24,2.943,2.943
6.585999999999497,2.030273102445166e-12,-8.326027292732901e-12,6.5542267473430294e-12,3.593381923357271e-24,2.943,2.943
6.5879999999994965,2.0136889798798348e-12,-8.258016808360784e-12,6.500689073239973e-12,3.534917182329826e-24,2.943,2.943
6.589999999999496,1.9972403233860045e-12,-8.190561862160945e-12,6.447588717322395e-12,3.477403669425722e-24,2.943,2.943
6.591999999999496,1.980926026419964e-12,-8.123657916264497e-12,6.394922107391868e-12,3.420825908052971e-24,2.943,2.943
6.593999999999496,1.9647449914767152e-12,-8.057300469869775e-12,6.3426857004291745e-12,3.365168673425532e-24,2.943,2.943
6.595999999999496,1.948696130016142e-12,-7.991485058939545e-12,6.290875982355973e-12,3.3104169884664e-24,2.943,2.943
6.597999999999495,1.9327783623897806e-12,-7.926207255900707e-12,6.239489467798379e-12,3.256556119777351e-24,2.943,2.943
6.599999999999495,1.9169906177681884e-12,-7.861462669346435e-12,6.188522699852512e-12,3.2035715736742636e-24,2.943,2.943
6.601999999999495,1.901331834068907e-12,-7.797246943740752e-12,6.137972249851928e-12,3.1514490922869353e-24,2.943,2.943
6.603999999999495,1.885800957885014e-12,-7.733555759125532e-12,6.087834717136968e-12,3.100174649722368e-24,2.943,2.943
6.6059999999994945,1.8703969444142554e-12,-7.670384830829878e-12,6.038106728825994e-12,3.049734448290474e-24,2.943,2.943
6.607999999999494,1.8551187573887617e-12,-7.60772990918188e-12,5.9887849395884795e-12,3.0001149147911797e-24,2.943,2.943
6.609999999999494,1.8399653690053333e-12,-7.545586779222735e-12,5.939866031419953e-12,2.9513026968619583e-24,2.943,2.943
6.611999999999494,1.8249357598562985e-12,-7.483951260423189e-12,5.891346713418802e-12,2.9032846593847655e-24,2.943,2.943
6.613999999999494,1.8100289188609354e-12,-7.422819206402306e-12,5.843223721564885e-12,2.8560478809514567e-24,2.943,2.943
6.615999999999493,1.7952438431974536e-12,-7.36218650464853e-12,5.795493818499935e-12,2.8095796503866943e-24,2.943,2.943
6.617999999999493,1.780579538235532e-12,-7.302049076243026e-12,5.748153793309792e-12,2.7638674633274422e-24,2.943,2.943
6.619999999999493,1.766035017469407e-12,-7.2424028755852755e-12,5.701200461308391e-12,2.7188990188581027e-24,2.943,2.943
6.621999999999493,1.7516093024515081e-12,-7.183243890120926e-12,5.654630663823515e-12,2.674662216200399e-24,2.943,2.943
6.6239999999994925,1.7373014227266351e-12,-7.124568140071852e-12,5.608441267984311e-12,2.6311451514571243e-24,2.943,2.943
6.625999999999492,1.7231104157666733e-12,-7.066371678168424e-12,5.562629166510529e-12,2.5883361144088608e-24,2.943,2.943
6.627999999999492,1.7090353269058412e-12,-7.008650589383968e-12,5.5171912775034805e-12,2.546223585362821e-24,2.943,2.943
6.629999999999492,1.6950752092764678e-12,-6.951400990671391e-12,5.472124544238731e-12,2.5047962320529535e-24,2.943,2.943
6.631999999999492,1.681229123745295e-12,-6.894619030701958e-12,5.4274259349604425e-12,2.464042906590494e-24,2.943,2.943
6.633999999999491,1.667496138850299e-12,-6.8383008896062015e-12,5.38309244267744e-12,2.4239526424641206e-24,2.943,2.943
6.635999999999491,1.6538753307380285e-12,-6.7824427787169526e-12,5.3391210849609075e-12,2.384514651588925e-24,2.943,2.943
6.637999999999491,1.6403657831014548e-12,-6.727040940314464e-12,5.295508903743762e-12,2.3457183214033912e-24,2.943,2.943
6.639999999999491,1.6269665871183298e-12,-6.67209164737362e-12,5.2522529651216545e-12,2.3075532120136127e-24,2.943,2.943
6.6419999999994905,1.6136768413900467e-12,-6.617591203313211e-12,5.209350359155591e-12,2.270009053383967e-24,2.943,2.943
6.64399999999949,1.6004956518810004e-12,-6.563535941747252e-12,5.166798199676188e-12,2.233075742573505e-24,2.943,2.943
6.64599999999949,1.5874221318584444e-12,-6.509922226238339e-12,5.1245936240895025e-12,2.196743341017298e-24,2.943,2.943
6.64799999999949,1.5744554018328367e-12,-6.456746450053014e-12,5.0827337931844565e-12,2.1610020718520235e-24,2.943,2.943
6.64999999999949,1.561594589498675e-12,-6.40400503591913e-12,5.041215890941846e-12,2.125842317285061e-24,2.943,2.943
6.651999999999489,1.5488388296758147e-12,-6.351694435785201e-12,5.000037124344884e-12,2.0912546160063906e-24,2.943,2.943
6.653999999999489,1.5361872642512653e-12,-6.299811130581714e-12,4.959194723191329e-12,2.057229660642605e-24,2.943,2.943
6.655999999999489,1.5236390421214635e-12,-6.248351629984392e-12,4.918685939907101e-12,2.023758295252344e-24,2.943,2.943
6.657999999999489,1.5111933191350169e-12,-6.197312472179391e-12,4.878508049361467e-12,1.9908315128624754e-24,2.943,2.943
6.6599999999994886,1.4988492580359159e-12,-6.146690223630415e-12,4.838658348683696e-12,1.9584404530443644e-24,2.943,2.943
6.661999999999488,1.486606028407209e-12,-6.096481478847735e-12,4.799134157081251e-12,1.9265763995295805e-24,2.943,2.943
6.663999999999488,1.4744628066151392e-12,-6.046682860159088e-12,4.759932815659424e-12,1.895230777864392e-24,2.943,2.943
6.665999999999488,1.4624187757537355e-12,-5.997291017482458e-12,4.7210516872424796e-12,1.8643951531024228e-24,2.943,2.943
6.667999999999488,1.4504731255898573e-12,-5.948302628100702e-12,4.682488156196239e-12,1.8340612275348562e-24,2.943,2.943
6.6699999999994874,1.4386250525086888e-12,-5.899714396438027e-12,4.644239628252118e-12,1.8042208384575602e-24,2.943,2.943
6.671999999999487,1.4268737594596768e-12,-5.851523053838285e-12,4.606303530332611e-12,1.7748659559745448e-24,2.943,2.943
6.673999999999487,1.4152184559029115e-12,-5.803725358345082e-12,4.568677310378187e-12,1.745988680837163e-24,2.943,2.943
6.675999999999487,1.4036583577559449e-12,-5.7563180944836855e-12,4.531358437175607e-12,1.717581242318459e-24,2.943,2.943
6.677999999999487,1.3921926873410433e-12,-5.709298073044708e-12,4.4943444001876465e-12,1.689635996122105e-24,2.943,2.943
6.679999999999486,1.3808206733328711e-12,-5.662662130869565e-12,4.4576327093842e-12,1.6621454223253637e-24,2.943,2.943
6.681999999999486,1.3695415507066018e-12,-5.6164071306376756e-12,4.421220895074773e-12,1.635102123355513e-24,2.943,2.943
6.683999999999486,1.3583545606864523e-12,-5.5705299606554115e-12,4.385106507742342e-12,1.6084988219991989e-24,2.943,2.943
6.685999999999486,1.347258950694639e-12,-5.525027534646764e-12,4.349287117878562e-12,1.5823283594441712e-24,2.943,2.943
6.6879999999994855,1.3362539743007486e-12,-5.479896791545721e-12,4.3137603158203334e-12,1.556583693352888e-24,2.943,2.943
6.689999999999485,1.3253388911715256e-12,-5.435134695290341e-12,4.278523711587699e-12,1.5312578959674552e-24,2.943,2.943
6.691999999999485,1.3145129670210664e-12,-5.390738234618512e-12,4.2435749347230536e-12,1.5063441522454059e-24,2.943,2.943
6.693999999999485,1.3037754735614232e-12,-5.3467044228653735e-12,4.208911634131691e-12,1.4818357580258025e-24,2.943,2.943
6.695999999999485,1.2931256884536095e-12,-5.303030297762397e-12,4.174531477923631e-12,1.457726118225187e-24,2.943,2.943
6.697999999999484,1.2825628952590066e-12,-5.2597129212381075e-12,4.140432153256747e-12,1.4340087450628723e-24,2.943,2.943
6.699999999999484,1.2720863833911675e-12,-5.216749379220427e-12,4.1066113661811815e-12,1.4106772563151186e-24,2.943,2.943
6.701999999999484,1.261695448068013e-12,-5.174136781440645e-12,4.073066841485017e-12,1.3877253735977047e-24,2.943,2.943
6.703999999999484,1.2513893902644199e-12,-5.131872261238976e-12,4.039796322541224e-12,1.3651469206764514e-24,2.943,2.943
6.7059999999994835,1.2411675166651953e-12,-5.089952975371715e-12,4.006797571155852e-12,1.3429358218052256e-24,2.943,2.943
6.707999999999483,1.2310291396184358e-12,-5.048376103819965e-12,3.974068367417453e-12,1.3210861000909898e-24,2.943,2.943
6.709999999999483,1.2209735770892672e-12,-5.007138849599925e-12,3.941606509547751e-12,1.2995918758854491e-24,2.943,2.943
6.711999999999483,1.2110001526139627e-12,-4.966238438574734e-12,3.909409813753514e-12,1.2784473652028697e-24,2.943,2.943
6.713999999999483,1.2011081952544344e-12,-4.925672119267844e-12,3.877476114079655e-12,1.2576468781636366e-24,2.943,2.943
6.715999999999482,1.1912970395530987e-12,-4.885437162677919e-12,3.8458032622635155e-12,1.2371848174631378e-24,2.943,2.943
6.717999999999482,1.1815660254881088e-12,-4.845530862095255e-12,3.814389127590345e-12,1.217055676865555e-24,2.943,2.943
6.719999999999482,1.1719144984289528e-12,-4.8059505329196865e-12,3.783231596749967e-12,1.197254039722168e-24,2.943,2.943
6.721999999999482,1.162341809092416e-12,-4.766693512479988e-12,3.75232857369461e-12,1.1777745775137584e-24,2.943,2.943
6.7239999999994815,1.1528473134989011e-12,-4.727757159854752e-12,3.721677979497896e-12,1.1586120484167349e-24,2.943,2.943
6.725999999999481,1.1434303729291066e-12,-4.6891388556947234e-12,3.691277752214999e-12,1.1397612958925847e-24,2.943,2.943
6.727999999999481,1.134090353881058e-12,-4.65083600204659e-12,3.661125846743914e-12,1.1212172473002745e-24,2.943,2.943
6.729999999999481,1.1248266280274908e-12,-4.612846022178215e-12,3.6312202346878905e-12,1.1029749125312298e-24,2.943,2.943
6.731999999999481,1.1156385721735815e-12,-4.575166360405289e-12,3.6015589042189766e-12,1.0850293826665223e-24,2.943,2.943
6.73399999999948,1.106525568215023e-12,-4.537794481919404e-12,3.572139859942671e-12,1.0673758286559038e-24,2.943,2.943
6.73599999999948,1.0974870030964437e-12,-4.500727872617532e-12,3.5429611227636937e-12,1.0500095000183347e-24,2.943,2.943
6.73799999999948,1.0885222687701655e-12,-4.463964038932893e-12,3.514020729752846e-12,1.0329257235636532e-24,2.943,2.943
6.73999999999948,1.079630762155299e-12,-4.427500507667205e-12,3.4853167340149577e-12,1.0161199021350434e-24,2.943,2.943
6.7419999999994795,1.0708118850971724e-12,-4.39133482582431e-12,3.4568472045579148e-12,9.995875133719654e-25,2.943,2.943
6.743999999999479,1.062065044327092e-12,-4.35546456044515e-12,3.428610226162758e-12,9.8332410849321e-25,2.943,2.943
6.745999999999479,1.0533896514224324e-12,-4.3198872984441e-12,3.40060389925484e-12,9.673253110997542e-25,2.943,2.943
6.747999999999479,1.0447851227670502e-12,-4.284600646446626e-12,3.3728263397760373e-12,9.515868159970954e-25,2.943,2.943
6.749999999999479,1.0362508795120243e-12,-4.249602230628286e-12,3.345275679058001e-12,9.36104388036746e-25,2.943,2.943
6.751999999999478,1.027786347536714e-12,-4.21488969655503e-12,3.3179500636964506e-12,9.208738609765745e-25,2.943,2.943
6.753999999999478,1.019390957410137e-12,-4.1804607090248124e-12,3.2908476554264895e-12,9.058911363596939e-25,2.943,2.943
6.755999999999478,1.0110641443526624e-12,-4.1463129519105005e-12,3.26396663099894e-12,8.911521824115854e-25,2.943,2.943
6.757999999999478,1.002805348198016e-12,-4.112444128004057e-12,3.2373051820576893e-12,8.766530329551706e-25,2.943,2.943
6.7599999999994775,9.946140133555968e-13,-4.078851958862006e-12,3.210861515018035e-12,8.62389786343532e-25,2.943,2.943
6.761999999999477,9.864895887731012e-13,-4.045534184652151e-12,3.184633850946028e-12,8.483586044100008e-25,2.943,2.943
6.763999999999477,9.784315278994518e-13,-4.0124885640015565e-12,3.1586204254387963e-12,8.345557114353245e-25,2.943,2.943
6.765999999999477,9.704392886480298e-13,-3.979712873845759e-12,3.132819488505854e-12,8.209773931316424e-25,2.943,2.943
6.767999999999477,9.625123333602073e-13,-3.9472049092792204e-12,3.10722930445137e-12,8.076199956429878e-25,2.943,2.943
6.769999999999476,9.546501287691776e-13,-3.914962483406994e-12,3.0818481517574046e-12,7.944799245620548e-25,2.943,2.943
6.771999999999476,9.468521459640812e-13,-3.88298342719761e-12,3.0566743229681e-12,7.815536439629615e-25,2.943,2.943
6.773999999999476,9.391178603544243e-13,-3.851265589337157e-12,3.0317061245748146e-12,7.688376754497512e-25,2.943,2.943
6.775999999999476,9.314467516347884e-13,-3.819806836084558e-12,3.0069418769021923e-12,7.563285972203719e-25,2.943,2.943
6.7779999999994756,9.23838303749828e-13,-3.78860505112803e-12,2.9823799139951742e-12,7.440230431458892e-25,2.943,2.943
6.779999999999475,9.162920048595543e-13,-3.757658135442712e-12,2.9580185835069204e-12,7.319177018646776e-25,2.943,2.943
6.781999999999475,9.088073473049019e-13,-3.726964007149458e-12,2.9338562465876534e-12,7.200093158913487e-25,2.943,2.943
6.783999999999475,9.013838275735779e-13,-3.696520601374784e-12,2.9098912777744063e-12,7.082946807401796e-25,2.943,2.943
6.785999999999475,8.940209462661892e-13,-3.666325870111961e-12,2.8861220648816786e-12,6.967706440628029e-25,2.943,2.943
6.7879999999994745,8.867182080626463e-13,-3.636377782083236e-12,2.8625470088929756e-12,6.854341047999244e-25,2.943,2.943
6.789999999999474,8.794751216888422e-13,-3.606674322603186e-12,2.83916452385324e-12,6.742820123468445e-25,2.943,2.943
6.791999999999474,8.722911998836026e-13,-3.5772134934431843e-12,2.8159730367621617e-12,6.633113657325565e-25,2.943,2.943
6.793999999999474,8.651659593659072e-13,-3.5479933126969736e-12,2.792970987468356e-12,6.525192128122004e-25,2.943,2.943
6.795999999999474,8.580989208023778e-13,-3.519011814647338e-12,2.7701568285644115e-12,6.419026494726555e-25,2.943,2.943
6.797999999999473,8.510896087750323e-13,-3.4902670496338657e-12,2.747529025282787e-12,6.314588188510589e-25,2.943,2.943
6.799999999999473,8.441375517493021e-13,-3.4617570839217882e-12,2.72508605539257e-12,6.211849105660382e-25,2.943,2.943
6.801999999999473,8.37242282042311e-13,-3.4334799995718945e-12,2.702826409097066e-12,6.110781599614519e-25,2.943,2.943
6.803999999999473,8.304033357914126e-13,-3.4054338943115058e-12,2.6807485889322344e-12,6.011358473624351e-25,2.943,2.943
6.8059999999994725,8.236202529229853e-13,-3.3776168814065043e-12,2.6588511096659483e-12,5.913552973435484e-25,2.943,2.943
6.807999999999472,8.168925771214817e-13,-3.3500270895344083e-12,2.6371324981980823e-12,5.817338780088353e-25,2.943,2.943
6.809999999999472,8.102198557987316e-13,-3.3226626626584833e-12,2.615591293461408e-12,5.722690002835914e-25,2.943,2.943
6.811999999999472,8.036016400634946e-13,-3.2955217599028818e-12,2.5942260463233083e-12,5.629581172176589e-25,2.943,2.943
6.813999999999472,7.970374846912624e-13,-3.2686025554288024e-12,2.573035319488291e-12,5.537987233000543e-25,2.943,2.943
6.815999999999471,7.905269480943071e-13,-3.2419032383116613e-12,2.552017687401293e-12,5.447883537847488e-25,2.943,2.943
6.817999999999471,7.840695922919749e-13,-3.215422012419266e-12,2.5311717361517875e-12,5.359245840274181e-25,2.943,2.943
6.819999999999471,7.776649828812218e-13,-3.189157096290986e-12,2.510496063378657e-12,5.272050288329813e-25,2.943,2.943
6.821999999999471,7.713126890073898e-13,-3.163106723017909e-12,2.4899892781758634e-12,5.186273418137596e-25,2.943,2.943
6.8239999999994705,7.650122833352228e-13,-3.1372691401239748e-12,2.4696500009988687e-12,5.101892147580737e-25,2.943,2.943
6.82599999999947,7.587633420201182e-13,-3.111642609448084e-12,2.4494768635718354e-12,5.018883770091159e-25,2.943,2.943
6.82799999999947,7.525654446796141e-13,-3.0862254070271663e-12,2.429468508795577e-12,4.937225948539287e-25,2.943,2.943
6.82999999999947,7.464181743651088e-13,-3.0610158229802045e-12,2.409623590656262e-12,4.856896709223238e-25,2.943,2.943
6.83199999999947,7.403211175338119e-13,-3.0360121613932074e-12,2.389940774134865e-12,4.777874435955805e-25,2.943,2.943
6.833999999999469,7.342738640209239e-13,-3.011212740205121e-12,2.370418735117355e-12,4.700137864247663e-25,2.943,2.943
6.835999999999469,7.282760070120434e-13,-2.9866158910946714e-12,2.351056160305623e-12,4.623666075585188e-25,2.943,2.943
6.837999999999469,7.223271430157998e-13,-2.962219959368133e-12,2.331851747129126e-12,4.54843849180141e-25,2.943,2.943
6.839999999999469,7.164268718367095e-13,-2.9380233038480126e-12,2.3128042036572664e-12,4.474434869538517e-25,2.943,2.943
6.8419999999994685,7.105747965482533e-13,-2.9140242967626443e-12,2.293912248512478e-12,4.401635294800485e-25,2.943,2.943
6.843999999999468,7.047705234661743e-13,-2.890221323636683e-12,2.275174610784022e-12,4.330020177594313e-25,2.943,2.943
6.845999999999468,6.99013662121994e-13,-2.866612783182496e-12,2.256590029942494e-12,4.2595702466584585e-25,2.943,2.943
6.847999999999468,6.933038252367441e-13,-2.84319708719244e-12,2.238157255755022e-12,4.190266544277046e-25,2.943,2.943
6.849999999999468,6.876406286949135e-13,-2.8199726604320182e-12,2.2198750482011596e-12,4.1220904211784358e-25,2.943,2.943
6.851999999999467,6.820236915186078e-13,-2.79693794053391e-12,2.201742177389469e-12,4.055023531516801e-25,2.943,2.943
6.853999999999467,6.764526358419197e-13,-2.7740913778928662e-12,2.183757423474781e-12,3.9890478279353583e-25,2.943,2.943
6.855999999999467,6.709270868855095e-13,-2.7514314355614644e-12,2.165919576576134e-12,3.924145556709916e-25,2.943,2.943
6.857999999999467,6.65446672931392e-13,-2.728956589146713e-12,2.1482274366953812e-12,3.8602992529714317e-25,2.943,2.943
6.8599999999994665,6.600110252979307e-13,-2.7066653267075015e-12,2.1306798136364656e-12,3.7974917360063114e-25,2.943,2.943
6.861999999999466,6.546197783150355e-13,-2.6845561486528897e-12,2.1132755269253492e-12,3.7357061046331667e-25,2.943,2.943
6.863999999999466,6.492725692995629e-13,-2.662627567641225e-12,2.096013405730602e-12,3.674925732654791e-25,2.943,2.943
6.865999999999466,6.439690385309173e-13,-2.6408781084800853e-12,2.0788922887846357e-12,3.615134264384137e-25,2.943,2.943
6.867999999999466,6.387088292268523e-13,-2.6193063080270394e-12,2.0619110243055837e-12,3.556315610243084e-25,2.943,2.943
6.869999999999465,6.334915875194681e-13,-2.5979107150912174e-12,2.045068469919817e-12,3.498453942432814e-25,2.943,2.943
6.871999999999465,6.283169624314067e-13,-2.576689890335685e-12,2.0283634925850945e-12,3.4415336906746368e-25,2.943,2.943
6.873999999999465,6.231846058522402e-13,-2.5556424061806164e-12,2.0117949685143364e-12,3.385539538020099e-25,2.943,2.943
6.875999999999465,6.180941725150531e-13,-2.5347668467072564e-12,1.9953617831000316e-12,3.3304564167292802e-25,2.943,2.943
6.8779999999994645,6.130453199732147e-13,-2.5140618075626685e-12,1.979062830839247e-12,3.276269504216137e-25,2.943,2.943
6.879999999999464,6.080377085773418e-13,-2.49352589586526e-12,1.9628970152592636e-12,3.2229642190598195e-25,2.943,2.943
6.881999999999464,6.030710014524504e-13,-2.4731577301110798e-12,1.946863248843811e-12,3.1705262170808904e-25,2.943,2.943
6.883999999999464,5.981448644752925e-13,-2.4529559400808804e-12,1.9309604529599074e-12,3.1189413874813754e-25,2.943,2.943
6.885999999999464,5.932589662518787e-13,-2.4329191667479404e-12,1.9151875577852986e-12,3.068195849047622e-25,2.943,2.943
6.887999999999463,5.884129780951851e-13,-2.4130460621866385e-12,1.8995435022364874e-12,3.018275946414934e-25,2.943,2.943
6.889999999999463,5.836065740030412e-13,-2.3933352894817758e-12,1.8840272338973518e-12,2.969168246392986e-25,2.943,2.943
6.891999999999463,5.78839430636199e-13,-2.3737855226386376e-12,1.8686377089483456e-12,2.920859534351017e-25,2.943,2.943
6.893999999999463,5.741112272965813e-13,-2.35439544649379e-12,1.85337389209628e-12,2.873336810661844e-25,2.943,2.943
6.895999999999463,5.694216459057071e-13,-2.335163756626606e-12,1.8382347565046735e-12,2.826587287203725e-25,2.943,2.943
6.897999999999462,5.647703709832942e-13,-2.3160891592715145e-12,1.8232192837246766e-12,2.780598383919145e-25,2.943,2.943
6.899999999999462,5.601570896260353e-13,-2.2971703712309627e-12,1.808326463626558e-12,2.7353577254295847e-25,2.943,2.943
6.901999999999462,5.555814914865489e-13,-2.2784061197890953e-12,1.7935552943317489e-12,2.690853137705369e-25,2.943,2.943
6.903999999999462,5.510432687525011e-13,-2.2597951426261333e-12,1.7789047821454462e-12,2.647072644789701e-25,2.943,2.943
6.9059999999994615,5.465421161258983e-13,-2.2413361877334556e-12,1.764373941489761e-12,2.6040044655759885e-25,2.943,2.943
6.907999999999461,5.420777308025489e-13,-2.223028013329373e-12,1.7499617948374198e-12,2.561637010637612e-25,2.943,2.943
6.909999999999461,5.37649812451693e-13,-2.2048693877755902e-12,1.735667372646002e-12,2.5199588791092707e-25,2.943,2.943
6.911999999999461,5.332580631957984e-13,-2.1868590894943495e-12,1.7214897132927157e-12,2.4789588556190627e-25,2.943,2.943
6.913999999999461,5.289021875905218e-13,-2.1689959068862538e-12,1.707427863009707e-12,2.4386259072704903e-25,2.943,2.943
6.91599999999946,5.245818926048328e-13,-2.1512786382487577e-12,1.6934808758198986e-12,2.3989491806735617e-25,2.943,2.943
6.91799999999946,5.202968876013018e-13,-2.1337060916953267e-12,1.6796478134733512e-12,2.359917999024202e-25,2.943,2.943
6.91999999999946,5.160468843165475e-13,-2.1162770850752556e-12,1.6659277453841446e-12,2.3215218592311757e-25,2.943,2.943
6.92199999999946,5.118315968418448e-13,-2.098990445894142e-12,1.6523197485677738e-12,2.283750429089763e-25,2.943,2.943
6.9239999999994595,5.076507416038911e-13,-2.08184501123501e-12,1.6388229075790603e-12,2.246593544501412e-25,2.943,2.943
6.925999999999459,5.035040373457295e-13,-2.0648396276800766e-12,1.625436314450564e-12,2.210041206738637e-25,2.943,2.943
6.927999999999459,4.993912051078281e-13,-2.0479731512331603e-12,1.6121590686315055e-12,2.1740835797544067e-25,2.943,2.943
6.929999999999459,4.953119682093132e-13,-2.03124444724272e-12,1.5989902769271802e-12,2.1387109875353172e-25,2.943,2.943
6.931999999999459,4.912660522293568e-13,-2.0146523903255244e-12,1.5859290534388743e-12,2.103913911497827e-25,2.943,2.943
6.933999999999458,4.872531849887152e-13,-1.9981958642909447e-12,1.572974519504265e-12,2.069682987926854e-25,2.943,2.943
6.935999999999458,4.83273096531419e-13,-1.9818737620658656e-12,1.5601258036383133e-12,2.036009005456045e-25,2.943,2.943
6.937999999999458,4.793255191066127e-13,-1.9656849856202093e-12,1.5473820414746361e-12,2.0028829025890497e-25,2.943,2.943
6.939999999999458,4.754101871505416e-13,-1.949628445893068e-12,1.534742375707355e-12,1.9702957652611139e-25,2.943,2.943
6.9419999999994575,4.715268372686877e-13,-1.9337030627194414e-12,1.5222059560334278e-12,1.9382388244403502e-25,2.943,2.943
6.943999999999457,4.676752082180496e-13,-1.9179077647575695e-12,1.5097719390954442e-12,1.9067034537680416e-25,2.943,2.943
6.945999999999457,4.638550408895685e-13,-1.9022414894168612e-12,1.4974394884248908e-12,1.8756811672373252e-25,2.943,2.943
6.947999999999457,4.600660782906972e-13,-1.8867031827864117e-12,1.48520777438588e-12,1.8451636169096567e-25,2.943,2.943
6.949999999999457,4.563080655281111e-13,-1.871291799564102e-12,1.4730759741193375e-12,1.815142590668422e-25,2.943,2.943
6.951999999999456,4.525807497905616e-13,-1.8560063029862797e-12,1.4610432714876484e-12,1.7856100100090952e-25,2.943,2.943
6.953999999999456,4.4888388033186826e-13,-1.840845664758013e-12,1.4491088570197514e-12,1.7565579278653574e-25,2.943,2.943
6.955999999999456,4.452172084540507e-13,-1.8258088649839148e-12,1.4372719278566847e-12,1.7279785264705824e-25,2.943,2.943
6.957999999999456,4.41580487490598e-13,-1.8108948920995307e-12,1.4255316876975759e-12,1.6998641152541145e-25,2.943,2.943
6.9599999999994555,4.379734727898747e-13,-1.79610274280329e-12,1.4138873467460716e-12,1.6722071287717737e-25,2.943,2.943
6.961999999999455,4.3439592169866277e-13,-1.7814314219890097e-12,1.4023381216572064e-12,1.645000124670036e-25,2.943,2.943
6.963999999999455,4.3084759354583725e-13,-1.7668799426789518e-12,1.3908832354847054e-12,1.618235781683334e-25,2.943,2.943
6.965999999999455,4.27328249626176e-13,-1.7524473259574266e-12,1.3795219176287174e-12,1.5919068976639396e-25,2.943,2.943
6.967999999999455,4.2383765318430134e-13,-1.7381326009049383e-12,1.3682534037839731e-12,1.5660063876439044e-25,2.943,2.943
6.969999999999454,4.203755693987528e-13,-1.7239348045328692e-12,1.3570769358883698e-12,1.5405272819285326e-25,2.943,2.943
6.971999999999454,4.169417653661901e-13,-1.7098529817186967e-12,1.3459917620719746e-12,1.515462724220868e-25,2.943,2.943
6.973999999999454,4.1353601008572525e-13,-1.6958861851417394e-12,1.3349971366064428e-12,1.4908059697767035e-25,2.943,2.943
6.975999999999454,4.101580744433823e-13,-1.6820334752194287e-12,1.3240923198548526e-12,1.4665503835896015e-25,2.943,2.943
6.9779999999994535,4.068077311966846e-13,-1.668293920044101e-12,1.313276578221946e-12,1.4426894386054513e-25,2.943,2.943
6.979999999999453,4.034847549593671e-13,-1.6546665953203056e-12,1.3025491841047793e-12,1.4192167139660692e-25,2.943,2.943
6.981999999999453,4.001889221862146e-13,-1.641150584302624e-12,1.2919094158437758e-12,1.3961258932813795e-25,2.943,2.943
6.983999999999453,3.9692001115802294e-13,-1.627744977734e-12,1.2813565576741751e-12,1.3734107629297058e-25,2.943,2.943
6.985999999999453,3.9367780196668334e-13,-1.61444887378457e-12,1.2708898996778854e-12,1.3510652103857191e-25,2.943,2.943
6.987999999999452,3.904620765003889e-13,-1.601261377990995e-12,1.2605087377357234e-12,1.3290832225755859e-25,2.943,2.943
6.989999999999452,3.8727261842896125e-13,-1.588181603196288e-12,1.2502123734800455e-12,1.3074588842588825e-25,2.943,2.943
6.991999999999452,3.841092131892979e-13,-1.5752086694901327e-12,1.2400001142477697e-12,1.2861863764368328e-25,2.943,2.943
6.993999999999452,3.809716479709377e-13,-1.5623417041496892e-12,1.2298712730337762e-12,1.2652599747864473e-25,2.943,2.943
6.9959999999994515,3.7785971170174466e-13,-1.549579841580884e-12,1.2198251684446899e-12,1.244674048120136e-25,2.943,2.943
6.997999999999451,3.7477319503370853e-13,-1.5369222232601794e-12,1.209861124653045e-12,1.2244230568703834e-25,2.943,2.943
6.999999999999451,3.717118903288615e-13,-1.5243679976768178e-12,1.1999784713518163e-12,1.2045015515990822e-25,2.943,2.943
7.001999999999451,3.6867559164530975e-13,-1.511916320275539e-12,1.190176543709328e-12,1.1849041715311148e-25,2.943,2.943
7.003999999999451,3.656640947233793e-13,-1.4995663533997644e-12,1.180454682324529e-12,1.1656256431117965e-25,2.943,2.943
7.0059999999994504,3.6267719697187487e-13,-1.4873172662352457e-12,1.1708122331826322e-12,1.1466607785877913e-25,2.943,2.943
7.00799999999945,3.597146974544511e-13,-1.4751682347541744e-12,1.161248547611117e-12,1.1280044746111097e-25,2.943,2.943
7.00999999999945,3.567763968760949e-13,-1.4631184416597465e-12,1.1517629822360932e-12,1.109651710865829e-25,2.943,2.943
7.01199999999945,3.5386209756971864e-13,-1.4511670763311815e-12,1.1423548989390184e-12,1.0915975487171477e-25,2.943,2.943
7.01399999999945,3.5097160348286223e-13,-1.4393133347691892e-12,1.1330236648137698e-12,1.073837129882426e-25,2.943,2.943
7.015999999999449,3.4810472016450444e-13,-1.427556419541883e-12,1.1237686521240671e-12,1.0563656751238473e-25,2.943,2.943
7.017999999999449,3.452612547519815e-13,-1.4158955397311348e-12,1.1145892382612438e-12,1.0391784829623482e-25,2.943,2.943
7.019999999999449,3.424410159580129e-13,-1.4043299108793677e-12,1.105484805702362e-12,1.022270928412476e-25,2.943,2.943
7.021999999999449,3.3964381405783276e-13,-1.3928587549367828e-12,1.096454741968671e-12,1.005638461737828e-25,2.943,2.943
7.0239999999994485,3.368694608764268e-13,-1.3814813002090192e-12,1.0874984395844017e-12,9.89276607226741e-26,2.943,2.943
7.025999999999448,3.341177697758732e-13,-1.3701967813052389e-12,1.0786152960359043e-12,9.731809619879008e-26,2.943,2.943
7.027999999999448,3.3138855564278697e-13,-1.3590044390866373e-12,1.0698047137311118e-12,9.573471947655443e-26,2.943,2.943
7.029999999999448,3.286816348758669e-13,-1.3479035206153744e-12,1.06106609995934e-12,9.417710447739435e-26,2.943,2.943
7.031999999999448,3.259968253735443e-13,-1.3368932791039222e-12,1.0523988668514143e-12,9.264483205508495e-26,2.943,2.943
7.033999999999447,3.2333394652173244e-13,-1.3259729738648264e-12,1.0438024313401227e-12,9.113748988295891e-26,2.943,2.943
7.035999999999447,3.2069281918167623e-13,-1.3151418702608792e-12,1.0352762151209907e-12,8.965467234295177e-26,2.943,2.943
7.037999999999447,3.180732656779012e-13,-1.3043992396556972e-12,1.0268196446133773e-12,8.819598041645208e-26,2.943,2.943
7.039999999999447,3.154751097862605e-13,-1.293744359364705e-12,1.0184321509218885e-12,8.676102157692746e-26,2.943,2.943
7.0419999999994465,3.1289817672208034e-13,-1.2831765126065177e-12,1.0101131697981073e-12,8.534940968429777e-26,2.943,2.943
7.043999999999446,3.103422931284012e-13,-1.2726949884547217e-12,1.0018621416026336e-12,8.396076488102683e-26,2.943,2.943
7.045999999999446,3.078072870643161e-13,-1.2622990817900488e-12,9.936785112674373e-13,8.259471348990465e-26,2.943,2.943
7.047999999999446,3.0529298799340355e-13,-1.2519880932529407e-12,9.855617282585172e-13,8.125088791349283e-26,2.943,2.943
7.049999999999446,3.02799226772255e-13,-1.2417613291965012e-12,9.775112465388637e-13,7.992892653520599e-26,2.943,2.943
7.051999999999445,3.0032583563909627e-13,-1.2316181016398333e-12,9.695265245317275e-13,7.862847362200256e-26,2.943,2.943
7.053999999999445,2.9787264820250173e-13,-1.2215577282217566e-12,9.616070250841853e-13,7.734917922865879e-26,2.943,2.943
7.055999999999445,2.954394994302008e-13,-1.211579532154903e-12,9.537522154310046e-13,7.609069910360044e-26,2.943,2.943
7.057999999999445,2.930262256379757e-13,-1.2016828421801875e-12,9.459615671588018e-13,7.485269459626631e-26,2.943,2.943
7.0599999999994445,2.906326644786499e-13,-1.1918669925216513e-12,9.382345561704967e-13,7.36348325659791e-26,2.943,2.943
7.061999999999444,2.8825865493116695e-13,-1.1821313228416726e-12,9.30570662650053e-13,7.243678529229907e-26,2.943,2.943
7.063999999999444,2.8590403728975777e-13,-1.1724751781965447e-12,9.229693710275104e-13,7.125823038683603e-26,2.943,2.943
7.065999999999444,2.8356865315319705e-13,-1.1628979089924156e-12,9.154301699443005e-13,7.009885070649632e-26,2.943,2.943
7.067999999999444,2.812523454141472e-13,-1.1533988709415884e-12,9.07952552218846e-13,6.895833426814128e-26,2.943,2.943
7.069999999999443,2.7895495824858925e-13,-1.143977425019179e-12,9.005360148124408e-13,6.783637416463406e-26,2.943,2.943
7.071999999999443,2.766763371053402e-13,-1.1346329374201258e-12,8.931800587954115e-13,6.673266848225259e-26,2.943,2.943
7.073999999999443,2.7441632869565593e-13,-1.1253647795165537e-12,8.858841893135507e-13,6.564692021944615e-26,2.943,2.943
7.075999999999443,2.7217478098291914e-13,-1.1161723278154833e-12,8.786479155548278e-13,6.457883720691363e-26,2.943,2.943
7.0779999999994425,2.699515431724114e-13,-1.107054963916888e-12,8.714707507163709e-13,6.352813202898243e-26,2.943,2.943
7.079999999999442,2.6774646570116885e-13,-1.0980120744720912e-12,8.643522119717189e-13,6.249452194626637e-26,2.943,2.943
7.081999999999442,2.655594002279206e-13,-1.0890430511425068e-12,8.572918204383381e-13,6.147772881958172e-26,2.943,2.943
7.083999999999442,2.6339019962310954e-13,-1.0801472905587124e-12,8.502891011454106e-13,6.047747903510173e-26,2.943,2.943
7.085999999999442,2.6123871795899453e-13,-1.071324194279861e-12,8.43343583001877e-13,5.94935034307283e-26,2.943,2.943
7.087999999999441,2.591048104998334e-13,-1.0625731687534212e-12,8.364547987647494e-13,5.852553722366193e-26,2.943,2.943
7.089999999999441,2.569883336921463e-13,-1.0538936252752477e-12,8.296222850076755e-13,5.757331993915001e-26,2.943,2.943
7.091999999999441,2.548891451550584e-13,-1.0452849799499778e-12,8.22845582089764e-13,5.663659534039435e-26,2.943,2.943
7.093999999999441,2.528071036707216e-13,-1.036746653651751e-12,8.161242341246636e-13,5.571511135959926e-26,2.943,2.943
7.0959999999994405,2.507420691748145e-13,-1.0282780719852498e-12,8.094577889498941e-13,5.480862003014132e-26,2.943,2.943
7.09799999999944,2.4869390274711973e-13,-1.0198786652470589e-12,8.028457980964271e-13,5.391687741984285e-26,2.943,2.943
7.09999999999944,2.4666246660217863e-13,-1.0115478683873391e-12,7.96287816758519e-13,5.303964356533106e-26,2.943,2.943
7.10199999999944,2.44647624080022e-13,-1.0032851209718159e-12,7.897834037637851e-13,5.217668240746507e-26,2.943,2.943
7.10399999999944,2.426492396369765e-13,-9.950898671440768e-13,7.833321215435217e-13,5.1327761727813615e-26,2.943,2.943
7.105999999999439,2.4066717883654644e-13,-9.869615555881775e-13,7.769335361032712e-13,5.049265308616626e-26,2.943,2.943
7.107999999999439,2.387013083403699e-13,-9.78899639491554e-13,7.705872169936228e-13,4.967113175906133e-26,2.943,2.943
7.109999999999439,2.3675149589924856e-13,-9.709035765082369e-13,7.642927372812585e-13,4.886297667931392e-26,2.943,2.943
7.111999999999439,2.348176103442511e-13,-9.629728287223656e-13,7.58049673520231e-13,4.8067970376527955e-26,2.943,2.943
7.1139999999994386,2.3289952157788896e-13,-9.551068626120026e-13,7.518576057234757e-13,4.728589891857588e-26,2.943,2.943
7.115999999999438,2.309971005653646e-13,-9.47305149013241e-13,7.457161173345604e-13,4.651655185403072e-26,2.943,2.943
7.117999999999438,2.2911021932589077e-13,-9.395671630846069e-13,7.396247951996588e-13,4.5759722155534664e-26,2.943,2.943
7.119999999999438,2.2723875092408096e-13,-9.31892384271752e-13,7.335832295397599e-13,4.501520616408901e-26,2.943,2.943
7.121999999999438,2.2538256946141023e-13,-9.242802962724337e-13,7.275910139230989e-13,4.4282803534250646e-26,2.943,2.943
7.1239999999994374,2.2354155006774557e-13,-9.167303870017835e-13,7.216477452378164e-13,4.356231718022003e-26,2.943,2.943
7.125999999999437,2.217155688929456e-13,-9.092421485578564e-13,7.157530236648392e-13,4.2853553222806475e-26,2.943,2.943
7.127999999999437,2.1990450309852888e-13,-9.018150771874639e-13,7.099064526509849e-13,4.2156320937256255e-26,2.943,2.943
7.129999999999437,2.1810823084941025e-13,-8.944486732522847e-13,7.041076388822832e-13,4.1470432701929497e-26,2.943,2.943
7.131999999999437,2.163266313057046e-13,-8.871424411952532e-13,6.983561922575183e-13,4.079570394781221e-26,2.943,2.943
7.133999999999436,2.1455958461459774e-13,-8.798958895072216e-13,6.926517258619833e-13,4.0131953108849676e-26,2.943,2.943
7.135999999999436,2.1280697190228353e-13,-8.727085306938952e-13,6.869938559414545e-13,3.9479001573087966e-26,2.943,2.943
7.137999999999436,2.1106867526596696e-13,-8.655798812430372e-13,6.813822018763727e-13,3.883667363461038e-26,2.943,2.943
7.139999999999436,2.0934457776593252e-13,-8.585094615919415e-13,6.758163861562396e-13,3.820479644625587e-26,2.943,2.943
7.1419999999994355,2.0763456341767738e-13,-8.514967960951716e-13,6.702960343542204e-13,3.758319997310676e-26,2.943,2.943
7.143999999999435,2.0593851718410876e-13,-8.445414129925624e-13,6.648207751019563e-13,3.697171694673324e-26,2.943,2.943
7.145999999999435,2.0425632496780516e-13,-8.376428443774837e-13,6.59390240064581e-13,3.637018282018227e-26,2.943,2.943
7.147999999999435,2.0258787360334068e-13,-8.308006261653632e-13,6.540040639159417e-13,3.577843572369881e-26,2.943,2.943
7.149999999999435,2.0093305084967209e-13,-8.240142980624658e-13,6.486618843140231e-13,3.5196316421167554e-26,2.943,2.943
7.151999999999434,1.9929174538258808e-13,-8.172834035349291e-13,6.433633418765711e-13,3.4623668267263255e-26,2.943,2.943
7.153999999999434,1.9766384678722024e-13,-8.106074897780504e-13,6.381080801569177e-13,3.4060337165298314e-26,2.943,2.943
7.155999999999434,1.960492455506151e-13,-8.039861076858264e-13,6.328957456199997e-13,3.3506171525756124e-26,2.943,2.943
7.157999999999434,1.94447833054367e-13,-7.974188118207395e-13,6.277259876185773e-13,3.2961022225499076e-26,2.943,2.943
7.1599999999994335,1.9285950156731093e-13,-7.909051603837929e-13,6.22598458369644e-13,3.242474256764038e-26,2.943,2.943
7.161999999999433,1.9128414423827528e-13,-7.844447151847895e-13,6.175128129310312e-13,3.189718824206856e-26,2.943,2.943
7.163999999999433,1.897216550888936e-13,-7.780370416128533e-13,6.124687091782026e-13,3.1378217286614454e-26,2.943,2.943
7.165999999999433,1.8817192900647524e-13,-7.716817086071924e-13,6.074658077812386e-13,3.0867690048849855e-26,2.943,2.943
7.167999999999433,1.8663486173693413e-13,-7.653782886281004e-13,6.025037721820086e-13,3.036546914850776e-26,2.943,2.943
7.169999999999432,1.8511034987777526e-13,-7.591263576281946e-13,5.975822685715302e-13,2.987141944051409e-26,2.943,2.943
7.171999999999432,1.835982908711386e-13,-7.529254950238892e-13,5.927009658675129e-13,2.9385407978620777e-26,2.943,2.943
7.173999999999432,1.820985829968998e-13,-7.467752836671015e-13,5.878595356920853e-13,2.890730397963066e-26,2.943,2.943
7.175999999999432,1.806111253658271e-13,-7.406753098171896e-13,5.830576523497041e-13,2.843697878820437e-26,2.943,2.943
7.1779999999994315,1.7913581791279436e-13,-7.346251631131185e-13,5.782949928052436e-13,2.797430584223986e-26,2.943,2.943
7.179999999999431,1.7767256139004936e-13,-7.286244365458543e-13,5.735712366622651e-13,2.751916063881516e-26,2.943,2.943
7.181999999999431,1.7622125736053715e-13,-7.226727264309841e-13,5.688860661414619e-13,2.707142070068527e-26,2.943,2.943
7.183999999999431,1.7478180819127799e-13,-7.167696323815583e-13,5.642391660592825e-13,2.6630965543324245e-26,2.943,2.943
7.185999999999431,1.7335411704679924e-13,-7.109147572811558e-13,5.596302238067267e-13,2.619767664250332e-26,2.943,2.943
7.18799999999943,1.7193808788262104e-13,-7.051077072571693e-13,5.550589293283155e-13,2.5771437402396678e-26,2.943,2.943
7.18999999999943,1.7053362543879519e-13,-6.993480916543082e-13,5.505249751012335e-13,2.535213312420617e-26,2.943,2.943
7.19199999999943,1.691406352334966e-13,-6.93635523008318e-13,5.460280561146404e-13,2.4939650975296365e-26,2.943,2.943
7.19399999999943,1.6775902355666753e-13,-6.87969617019915e-13,5.41567869849153e-13,2.4533879958831937e-26,2.943,2.943
7.1959999999994295,1.6638869746371315e-13,-6.823499925289334e-13,5.371441162564924e-13,2.4134710883908938e-26,2.943,2.943
7.197999999999429,1.6502956476924917e-13,-6.767762714886833e-13,5.327564977393011e-13,2.3742036336172112e-26,2.943,2.943
7.199999999999429,1.636815340409002e-13,-6.712480789405188e-13,5.284047191311207e-13,2.3355750648910223e-26,2.943,2.943
7.201999999999429,1.6234451459314883e-13,-6.657650429886137e-13,5.240884876765366e-13,2.2975749874621698e-26,2.943,2.943
7.203999999999429,1.61018416481235e-13,-6.603267947749431e-13,5.198075130114833e-13,2.26019317570429e-26,2.943,2.943
7.205999999999428,1.597031504951052e-13,-6.549329684544686e-13,5.155615071437111e-13,2.2234195703631432e-26,2.943,2.943
7.207999999999428,1.5839862815341109e-13,-6.495832011705284e-13,5.113501844334113e-13,2.1872442758497267e-26,2.943,2.943
7.209999999999428,1.5710476169755706e-13,-6.442771330304255e-13,5.071732615740014e-13,2.151657557577419e-26,2.943,2.943
7.211999999999428,1.558214640857966e-13,-6.390144070812177e-13,5.030304575730657e-13,2.1166498393424535e-26,2.943,2.943
7.2139999999994275,1.545486489873766e-13,-6.337946692857043e-13,4.989214937334525e-13,2.0822117007470093e-26,2.943,2.943
7.215999999999427,1.5328623077672987e-13,-6.286175684986088e-13,4.948460936345255e-13,2.0483338746642325e-26,2.943,2.943
7.217999999999427,1.5203412452771475e-13,-6.234827564429568e-13,4.908039831135682e-13,2.0150072447444982e-26,2.943,2.943
7.219999999999427,1.507922460079019e-13,-6.183898876866463e-13,4.867948902473398e-13,1.9822228429622502e-26,2.943,2.943
7.221999999999427,1.4956051167290785e-13,-6.133386196192097e-13,4.828185453337832e-13,1.9499718472027456e-26,2.943,2.943
7.223999999999426,1.4833883866077468e-13,-6.083286124287654e-13,4.788746808738801e-13,1.9182455788880753e-26,2.943,2.943
7.225999999999426,1.4712714478639573e-13,-6.033595290791578e-13,4.749630315536574e-13,1.8870355006417994e-26,2.943,2.943
7.227999999999426,1.4592534853598675e-13,-5.984310352872841e-13,4.71083334226337e-13,1.856333213991583e-26,2.943,2.943
7.229999999999426,1.447333690616023e-13,-5.935427995006061e-13,4.672353278946344e-13,1.826130457109213e-26,2.943,2.943
7.2319999999994256,1.4355112617569688e-13,-5.886944928748458e-13,4.634187536932006e-13,1.796419102587378e-26,2.943,2.943
7.233999999999425,1.423785403457305e-13,-5.838857892518634e-13,4.596333548712072e-13,1.7671911552526286e-26,2.943,2.943
7.235999999999425,1.4121553268881835e-13,-5.791163651377154e-13,4.558788767750742e-13,1.7384387500139152e-26,2.943,2.943
7.237999999999425,1.4006202496642408e-13,-5.743858996808928e-13,4.5215506683133896e-13,1.7101541497461314e-26,2.943,2.943
7.239999999999425,1.3891793957909656e-13,-5.696940746507361e-13,4.4846167452966507e-13,1.682329743208096e-26,2.943,2.943
7.2419999999994245,1.3778319956124952e-13,-5.650405744160278e-13,4.4479845140598944e-13,1.6549580429944044e-26,2.943,2.943
7.243999999999424,1.366577285759839e-13,-5.60425085923758e-13,4.411651510258079e-13,1.6280316835206096e-26,2.943,2.943
7.245999999999424,1.3554145090995247e-13,-5.558472986780656e-13,4.375615289675965e-13,1.6015434190411747e-26,2.943,2.943
7.247999999999424,1.3443429146826637e-13,-5.513069047193498e-13,4.339873428063688e-13,1.5754861216996852e-26,2.943,2.943
7.249999999999424,1.3333617576944334e-13,-5.468035986035529e-13,4.304423520973676e-13,1.5498527796107795e-26,2.943,2.943
7.251999999999423,1.3224702994039706e-13,-5.423370773816128e-13,4.269263183598892e-13,1.5246364949732827e-26,2.943,2.943
7.253999999999423,1.3116678071146763e-13,-5.379070405790822e-13,4.234390050612404e-13,1.4998304822140474e-26,2.943,2.943
7.255999999999423,1.3009535541149242e-13,-5.335131901759151e-13,4.199801776008262e-13,1.4754280661619883e-26,2.943,2.943
7.257999999999423,1.290326819629174e-13,-5.291552305864184e-13,4.16549603294368e-13,1.4514226802518275e-26,2.943,2.943
7.2599999999994225,1.279786888769482e-13,-5.248328686393669e-13,4.131470513582498e-13,1.4278078647570692e-26,2.943,2.943
7.261999999999422,1.2693330524874097e-13,-5.205458135582809e-13,4.0977229289399266e-13,1.4045772650517136e-26,2.943,2.943
7.263999999999422,1.2589646075263233e-13,-5.162937769418653e-13,4.06425100872857e-13,1.3817246299002671e-26,2.943,2.943
7.265999999999422,1.248680856374084e-13,-5.120764727446075e-13,4.03105250120569e-13,1.3592438097755615e-26,2.943,2.943
7.267999999999422,1.2384811072161257e-13,-5.078936172575348e-13,3.9981251730217294e-13,1.3371287552039506e-26,2.943,2.943
7.269999999999421,1.2283646738889133e-13,-5.037449290891282e-13,3.965466809070067e-13,1.3153735151374255e-26,2.943,2.943
7.271999999999421,1.2183308758337834e-13,-4.99630129146393e-13,3.9330752123379977e-13,1.2939722353522194e-26,2.943,2.943
7.273999999999421,1.2083790380511616e-13,-4.95548940616083e-13,3.9009482037589434e-13,1.2729191568734663e-26,2.943,2.943
7.275999999999421,1.198508491055153e-13,-4.915010889460789e-13,3.869083622065852e-13,1.2522086144254897e-26,2.943,2.943
7.2779999999994205,1.1887185708285043e-13,-4.874863018269181e-13,3.837479323645814e-13,1.2318350349073064e-26,2.943,2.943
7.27999999999942,1.179008618777934e-13,-4.835043091734761e-13,3.8061331823958405e-13,1.2117929358929316e-26,2.943,2.943
7.28199999999942,1.1693779816898267e-13,-4.795548431067969e-13,3.7750430895798517e-13,1.1920769241560893e-26,2.943,2.943
7.28399999999942,1.15982601168629e-13,-4.756376379360722e-13,3.744206953686804e-13,1.1726816942189209e-26,2.943,2.943
7.28599999999942,1.1503520661815698e-13,-4.71752430140768e-13,3.713622700289994e-13,1.1536020269243067e-26,2.943,2.943
7.287999999999419,1.1409555078388224e-13,-4.678989583528962e-13,3.6832882719075113e-13,1.1348327880314223e-26,2.943,2.943
7.289999999999419,1.1316357045272382e-13,-4.640769633394324e-13,3.653201627863813e-13,1.1163689268341344e-26,2.943,2.943
7.291999999999419,1.122392029279518e-13,-4.60286187984876e-13,3.623360744152456e-13,1.0982054748018862e-26,2.943,2.943
7.293999999999419,1.1132238602496942e-13,-4.56526377273954e-13,3.5937636132999306e-13,1.0803375442426915e-26,2.943,2.943
7.2959999999994185,1.1041305806712978e-13,-4.52797278274465e-13,3.5644082442306103e-13,1.0627603269878765e-26,2.943,2.943
7.297999999999418,1.0951115788158675e-13,-4.490986401202638e-13,3.535292662132811e-13,1.0454690930982326e-26,2.943,2.943
7.299999999999418,1.0861662479517967e-13,-4.4543021399438546e-13,3.506414908325939e-13,1.02845918959121e-26,2.943,2.943
7.301999999999418,1.0772939863035168e-13,-4.417917531123061e-13,3.477773040128726e-13,1.0117260391888255e-26,2.943,2.943
7.303999999999418,1.0684941970110148e-13,-4.3818301270534166e-13,3.449365130728538e-13,9.9526513908594e-27,2.943,2.943
7.305999999999417,1.0597662880896808e-13,-4.346037500041811e-13,3.421189269051759e-13,9.790720597385772e-27,2.943,2.943
7.307999999999417,1.0511096723904833e-13,-4.3105372422255523e-13,3.3932435596352187e-13,9.631424436719542e-27,2.943,2.943
7.309999999999417,1.0425237675604707e-13,-4.27532696541038e-13,3.3655261224986885e-13,9.4747200430791e-27,2.943,2.943
7.311999999999417,1.0340079960035943e-13,-4.2404043009098064e-13,3.338035093018406e-13,9.320565248114076e-27,2.943,2.943
7.3139999999994165,1.0255617848418528e-13,-4.2057668993857693e-13,3.310768621801641e-13,9.168918569558047e-27,2.943,2.943
7.315999999999416,1.0171845658767523e-13,-4.1714124306905854e-13,3.2837248745622745e-13,9.01973920006589e-27,2.943,2.943
7.317999999999416,1.0088757755510829e-13,-4.1373385837101953e-13,3.256902031997409e-13,8.872986996232721e-27,2.943,2.943
7.319999999999416,1.0006348549110064e-13,-4.103543066208689e-13,3.2302982896649763e-13,8.728622467791511e-27,2.943,2.943
7.321999999999416,9.924612495684539e-14,-4.070023604674101e-13,3.2039118578623464e-13,8.586606766986464e-27,2.943,2.943
7.323999999999415,9.84354409663831e-14,-4.0367779441654656e-13,3.1777409615059326e-13,8.446901678119275e-27,2.943,2.943
7.325999999999415,9.763137898290273e-14,-4.003803848161121e-13,3.1517838400117763e-13,8.309469607265494e-27,2.943,2.943
7.327999999999415,9.683388491507277e-14,-3.971099098408253e-13,3.126038747177106e-13,8.174273572158176e-27,2.943,2.943
7.329999999999415,9.60429051134024e-14,-3.938661494773666e-13,3.100503951062867e-13,8.041277192236162e-27,2.943,2.943
7.3319999999994145,9.52583863666324e-14,-3.906488855095778e-13,3.075177733877212e-13,7.91044467885424e-27,2.943,2.943
7.333999999999414,9.448027589815537e-14,-3.8745790150378153e-13,3.0500583918599356e-13,7.781740825652613e-27,2.943,2.943
7.335999999999414,9.370852136246545e-14,-3.8429298279422173e-13,3.025144235167862e-13,7.655130999083046e-27,2.943,2.943
7.337999999999414,9.294307084163678e-14,-3.8115391646862223e-13,3.000433587761162e-13,7.53058112908915e-27,2.943,2.943
7.339999999999414,9.218387284183095e-14,-3.7804049135386366e-13,2.975924787290605e-13,7.408057699938312e-27,2.943,2.943
7.341999999999413,9.143087628983279e-14,-3.7495249800177727e-13,2.951616184985726e-13,7.287527741202778e-27,2.943,2.943
7.343999999999413,9.068403052961458e-14,-3.718897286750549e-13,2.927506145543906e-13,7.16895881888748e-27,2.943,2.943
7.345999999999413,8.994328531892834e-14,-3.688519773332738e-13,2.903593047020369e-13,7.052319026702215e-27,2.943,2.943
7.347999999999413,8.920859082592579e-14,-3.65839039619036e-13,2.8798752807190595e-13,6.937576977475827e-27,2.943,2.943
7.349999999999413,8.847989762580614e-14,-3.6285071284422025e-13,2.85635125108443e-13,6.824701794710076e-27,2.943,2.943
7.351999999999412,8.775715669749108e-14,-3.5988679597634714e-13,2.833019375594098e-13,6.713663104270939e-27,2.943,2.943
7.353999999999412,8.704031942032704e-14,-3.569470896250548e-13,2.809878084652389e-13,6.604431026215068e-27,2.943,2.943
7.355999999999412,8.632933757081438e-14,-3.5403139602868554e-13,2.7869258214847443e-13,6.496976166749271e-27,2.943,2.943
7.357999999999412,8.56241633193632e-14,-3.511395190409818e-13,2.7641610420329917e-13,6.39126961032078e-27,2.943,2.943
7.3599999999994115,8.492474922707579e-14,-3.4827126411789107e-13,2.741582214851476e-13,6.2872829118362285e-27,2.943,2.943
7.361999999999411,8.423104824255521e-14,-3.4542643830447817e-13,2.7191878210040323e-13,6.184988089007221e-27,2.943,2.943
7.363999999999411,8.354301369874014e-14,-3.426048502219448e-13,2.6969763539618026e-13,6.084357614820441e-27,2.943,2.943
7.365999999999411,8.286059930976537e-14,-3.398063100547551e-13,2.674946319501889e-13,5.985364410130277e-27,2.943,2.943
7.367999999999411,8.218375916784803e-14,-3.37030629537866e-13,2.653096235606833e-13,5.887981836371954e-27,2.943,2.943
7.36999999999941,8.151244774019931e-14,-3.3427762194406247e-13,2.6314246323649194e-13,5.7921836883932465e-27,2.943,2.943
7.37199999999941,8.084661986596133e-14,-3.315471020713955e-13,2.6099300518712835e-13,5.6979441874027935e-27,2.943,2.943
7.37399999999941,8.018623075316903e-14,-3.2883888623072346e-13,2.588611048129843e-13,5.605237974033159e-27,2.943,2.943
7.37599999999941,7.953123597573692e-14,-3.261527922333547e-13,2.567466186956018e-13,5.514040101516766e-27,2.943,2.943
7.3779999999994095,7.888159147047041e-14,-3.234886393787911e-13,2.5464940458802476e-13,5.424326028972835e-27,2.943,2.943
7.379999999999409,7.823725353410158e-14,-3.2084624844257223e-13,2.525693214052302e-13,5.336071614803567e-27,2.943,2.943
7.381999999999409,7.759817882034915e-14,-3.1822544166421814e-13,2.5050622921463653e-13,5.2492531101977666e-27,2.943,2.943
7.383999999999409,7.696432433700241e-14,-3.1562604273527105e-13,2.4845998922669053e-13,5.163847152740148e-27,2.943,2.943
7.385999999999409,7.633564744302912e-14,-3.130478767874347e-13,2.4643046378553006e-13,5.079830760124636e-27,2.943,2.943
7.387999999999408,7.571210584570685e-14,-3.104907703808104e-13,2.4441751635972385e-13,4.997181323969944e-27,2.943,2.943
7.389999999999408,7.509365759777788e-14,-3.079545514922294e-13,2.424210115330866e-13,4.915876603735773e-27,2.943,2.943
7.391999999999408,7.44802610946273e-14,-3.0543904950368024e-13,2.4044081499556937e-13,4.8358947207379954e-27,2.943,2.943
7.393999999999408,7.387187507148413e-14,-3.0294409519083105e-13,2.38476793534224e-13,4.757214152261215e-27,2.943,2.943
7.3959999999994075,7.326845860064537e-14,-3.004695207116453e-13,2.365288150242415e-13,4.6798137257671125e-27,2.943,2.943
7.397999999999407,7.266997108872266e-14,-2.9801515959509064e-13,2.3459674842006375e-13,4.603672613197025e-27,2.943,2.943
7.399999999999407,7.207637227391149e-14,-2.9558084672993994e-13,2.32680463746568e-13,4.528770325367225e-27,2.943,2.943
7.401999999999407,7.148762222328264e-14,-2.9316641835366387e-13,2.307798320903224e-13,4.455086706455379e-27,2.943,2.943
7.403999999999407,7.090368133009582e-14,-2.9077171204141414e-13,2.288947255909145e-13,4.382601928576722e-27,2.943,2.943
7.405999999999406,7.032451031113522e-14,-2.8839656669509676e-13,2.270250174323492e-13,4.311296486448481e-27,2.943,2.943
7.407999999999406,6.975007020406679e-14,-2.860408225325346e-13,2.2517058183451743e-13,4.241151192141091e-27,2.943,2.943
7.409999999999406,6.91803223648172e-14,-2.8370432107671837e-13,2.2333129404473525e-13,4.172147169914836e-27,2.943,2.943
7.411999999999406,6.861522846497412e-14,-2.8138690514514545e-13,2.2150703032935074e-13,4.104265851140469e-27,2.943,2.943
7.4139999999994055,6.805475048920777e-14,-2.7908841883924596e-13,2.1969766796542033e-13,4.0374889693025024e-27,2.943,2.943
7.415999999999405,6.749885073271354e-14,-2.7680870753389485e-13,2.1790308523245305e-13,3.971798555083771e-27,2.943,2.943
7.417999999999405,6.694749179867548e-14,-2.7454761786701e-13,2.1612316140422197e-13,3.907176931529989e-27,2.943,2.943
7.419999999999405,6.640063659575052e-14,-2.7230499772923515e-13,2.143577767406426e-13,3.8436067092929696e-27,2.943,2.943
7.421999999999405,6.585824833557325e-14,-2.7008069625370703e-13,2.1260681247971773e-13,3.7810707819512375e-27,2.943,2.943
7.423999999999404,6.532029053028106e-14,-2.6787456380590625e-13,2.1087015082954783e-13,3.719552321406779e-27,2.943,2.943
7.425999999999404,6.478672699005952e-14,-2.6568645197359097e-13,2.0914767496040715e-13,3.659034773356695e-27,2.943,2.943
7.427999999999404,6.425752182070777e-14,-2.6351621355681275e-13,2.0743926899688434e-13,3.5995018528385084e-27,2.943,2.943
7.429999999999404,6.373263942122386e-14,-2.6136370255801416e-13,2.0574481801008668e-13,3.540937539847977e-27,2.943,2.943
7.4319999999994035,6.321204448140976e-14,-2.5922877417220703e-13,2.04064208009909e-13,3.483326075028185e-27,2.943,2.943
7.433999999999403,6.269570197949594e-14,-2.5711128477723115e-13,2.0239732593736522e-13,3.426651955428784e-27,2.943,2.943
7.435999999999403,6.21835771797854e-14,-2.550110919240923e-13,2.007440596569826e-13,3.370899930334229e-27,2.943,2.943
7.437999999999403,6.167563563031687e-14,-2.5292805432737947e-13,1.9910429794925764e-13,3.316054997159885e-27,2.943,2.943
7.439999999999403,6.117184316054715e-14,-2.5086203185576017e-13,1.974779305031746e-13,3.262102397414911e-27,2.943,2.943
7.441999999999402,6.06721658790524e-14,-2.4881288552255333e-13,1.9586484790878458e-13,3.2090276127308255e-27,2.943,2.943
7.443999999999402,6.017657017124812e-14,-2.467804774763796e-13,1.9426494164984467e-13,3.156816360954687e-27,2.943,2.943
7.445999999999402,5.968502269712786e-14,-2.447646709918873e-13,1.9267810409651854e-13,3.1054545923058422e-27,2.943,2.943
7.447999999999402,5.919749038902033e-14,-2.4276533046055497e-13,1.9110422849813528e-13,3.0549284855951964e-27,2.943,2.943
7.4499999999994015,5.871394044936484e-14,-2.407823213815684e-13,1.895432089760083e-13,3.0052244445060097e-27,2.943,2.943
7.451999999999401,5.823434034850495e-14,-2.388155103527725e-13,1.8799494051631265e-13,2.9563290939351918e-27,2.943,2.943
7.453999999999401,5.77586578225001e-14,-2.368647650616968e-13,1.8645931896302022e-13,2.9082292763941322e-27,2.943,2.943
7.455999999999401,5.728686087095513e-14,-2.3492995427665484e-13,1.849362410108931e-13,2.8609120484680897e-27,2.943,2.943
7.457999999999401,5.6818917754867555e-14,-2.3301094783791545e-13,1.8342560419853402e-13,2.81436467733318e-27,2.943,2.943
7.4599999999994,5.635479699449234e-14,-2.3110761664894686e-13,1.8192730690149316e-13,2.768574637330043e-27,2.943,2.943
7.4619999999994,5.589446736722425e-14,-2.2921983266773184e-13,1.8044124832543202e-13,2.7235296065932535e-27,2.943,2.943
7.4639999999994,5.543789790549737e-14,-2.2734746889815418e-13,1.7896732849934246e-13,2.6792174637355618e-27,2.943,2.943
7.4659999999994,5.498505789470187e-14,-2.2549039938145518e-13,1.775054482688215e-13,2.6356262845860982e-27,2.943,2.943
7.4679999999994,5.453591687111773e-14,-2.2364849918776016e-13,1.7605550928940104e-13,2.5927443389816383e-27,2.943,2.943
7.469999999999399,5.409044461986539e-14,-2.2182164440767407e-13,1.7461741401993164e-13,2.5505600876100742e-27,2.943,2.943
7.471999999999399,5.364861117287309e-14,-2.2000971214394575e-13,1.7319106571602117e-13,2.509062178905245e-27,2.943,2.943
7.473999999999399,5.3210386806860857e-14,-2.1821258050320041e-13,1.7177636842352606e-13,2.46823944599229e-27,2.943,2.943
7.475999999999399,5.277574204134095e-14,-2.1643012858773944e-13,1.7037322697209653e-13,2.4280809036826987e-27,2.943,2.943
7.4779999999993985,5.234464763663461e-14,-2.1466223648740738e-13,1.6898154696877412e-13,2.3885757455182503e-27,2.943,2.943
7.479999999999398,5.191707459190504e-14,-2.1290878527152525e-13,1.6760123479164171e-13,2.349713340863058e-27,2.943,2.943
7.481999999999398,5.1492994143206465e-14,-2.1116965698088973e-13,1.6623219758352528e-13,2.311483232042913e-27,2.943,2.943
7.483999999999398,5.1072377761549075e-14,-2.0944473461983776e-13,1.6487434324574715e-13,2.2738751315311775e-27,2.943,2.943
7.485999999999398,5.065519715097981e-14,-2.0773390214837598e-13,1.6352758043193012e-13,2.2368789191804698e-27,2.943,2.943
7.487999999999397,5.024142424667885e-14,-2.0603704447437435e-13,1.6219181854185288e-13,2.2004846394993795e-27,2.943,2.943
7.489999999999397,4.9831031213071575e-14,-2.0435404744582366e-13,1.6086696771535444e-13,2.164682498973497e-27,2.943,2.943
7.491999999999397,4.9423990441956034e-14,-2.0268479784315618e-13,1.5955293882628944e-13,2.1294628634300285e-27,2.943,2.943
7.493999999999397,4.9020274550645646e-14,-2.0102918337162917e-13,1.582496434765322e-13,2.0948162554452917e-27,2.943,2.943
7.4959999999993965,4.861985638012711e-14,-1.993870926537704e-13,1.569569939900301e-13,2.0607333517943855e-27,2.943,2.943
7.497999999999396,4.822270899323333e-14,-1.9775841522188562e-13,1.5567490340690525e-13,2.027204980942362e-27,2.943,2.943
7.499999999999396,4.78288056728313e-14,-1.96143041510627e-13,1.544032854776046e-13,1.9942221205762114e-27,2.943,2.943
7.501999999999396,4.743811992002477e-14,-1.9454086284962249e-13,1.531420546570975e-13,1.961775895177003e-27,2.943,2.943
7.503999999999396,4.7050625452371586e-14,-1.929517714561652e-13,1.518911260991211e-13,1.9298575736315294e-27,2.943,2.943
7.505999999999395,4.6666296202115614e-14,-1.9137566042796268e-13,1.5065041565047246e-13,1.89845856688281e-27,2.943,2.943
7.507999999999395,4.6285106314433086e-14,-1.8981242373594518e-13,1.4941983984534728e-13,1.867570425618817e-27,2.943,2.943
7.509999999999395,4.5907030145693283e-14,-1.882619562171329e-13,1.481993158997249e-13,1.8371848379988097e-27,2.943,2.943
7.511999999999395,4.553204226173343e-14,-1.8672415356756138e-13,1.4698876170579938e-13,1.8072936274166635e-27,2.943,2.943
7.5139999999993945,4.516011743614764e-14,-1.8519891233526475e-13,1.4578809582645562e-13,1.7778887503005823e-27,2.943,2.943
7.515999999999394,4.4791230648589935e-14,-1.8368612991331618e-13,1.4459723748979129e-13,1.748962293948618e-27,2.943,2.943
7.517999999999394,4.442535708309098e-14,-1.8218570453292524e-13,1.434161065836827e-13,1.7205064743994004e-27,2.943,2.943
7.519999999999394,4.406247212638872e-14,-1.806975352565917e-13,1.4224462365039559e-13,1.6925136343375168e-27,2.943,2.943
7.521999999999394,4.370255136627253e-14,-1.7922152197131523e-13,1.4108270988123983e-13,1.6649762410329623e-27,2.943,2.943
7.523999999999393,4.334557058994098e-14,-1.7775756538186042e-13,1.3993028711126783e-13,1.6378868843141264e-27,2.943,2.943
7.525999999999393,4.299150578237295e-14,-1.7630556700407704e-13,1.3878727781401596e-13,1.6112382745737489e-27,2.943,2.943
7.527999999999393,4.26403331247121e-14,-1.748654291582747e-13,1.3765360509628932e-13,1.5850232408073266e-27,2.943,2.943
7.529999999999393,4.2292028992664486e-14,-1.7343705496265174e-13,1.365291926929889e-13,1.559234728683432e-27,2.943,2.943
7.5319999999993925,4.194656995490933e-14,-1.7202034832677766e-13,1.3541396496198106e-13,1.5338657986454287e-27,2.943,2.943
7.533999999999392,4.1603932771522695e-14,-1.7061521394512898e-13,1.3430784687900868e-13,1.5089096240440723e-27,2.943,2.943
7.535999999999392,4.1264094392414106e-14,-1.6922155729067768e-13,1.3321076403264449e-13,1.4843594893004947e-27,2.943,2.943
7.537999999999392,4.0927031955775896e-14,-1.6783928460853215e-13,1.3212264261928483e-13,1.4602087880990743e-27,2.943,2.943
7.539999999999392,4.059272278654523e-14,-1.664683029096301e-13,1.3104340943818482e-13,1.4364510216097137e-27,2.943,2.943
7.541999999999391,4.02611443948787e-14,-1.651085199644829e-13,1.2997299188653405e-13,1.4130797967390329e-27,2.943,2.943
7.543999999999391,3.993227447463939e-14,-1.6375984429697115e-13,1.2891131795457232e-13,1.390088824410025e-27,2.943,2.943
7.545999999999391,3.9606090901896246e-14,-1.6242218517819066e-13,1.2785831622074534e-13,1.3674719178696961e-27,2.943,2.943
7.547999999999391,3.9282571733435786e-14,-1.6109545262034908e-13,1.268139158469001e-13,1.345222991024241e-27,2.943,2.943
7.5499999999993905,3.8961695205285895e-14,-1.597795573707121e-13,1.2577804657351925e-13,1.3233360568013076e-27,2.943,2.943
7.55199999999939,3.864343973125171e-14,-1.5847441090559912e-13,1.2475063871499472e-13,1.3018052255389058e-27,2.943,2.943
7.55399999999939,3.8327783901463473e-14,-1.571799254244282e-13,1.237316231549397e-13,1.2806247034005305e-27,2.943,2.943
7.55599999999939,3.801470648093622e-14,-1.5589601384380935e-13,1.2272093134153903e-13,1.259788790816067e-27,2.943,2.943
7.55799999999939,3.770418640814125e-14,-1.5462258979168622e-13,1.217184952829376e-13,1.2392918809480714e-27,2.943,2.943
7.559999999999389,3.739620279358928e-14,-1.5335956760152572e-13,1.207242475426662e-13,1.2191284581829918e-27,2.943,2.943
7.561999999999389,3.709073491842513e-14,-1.521068623065549e-13,1.1973812123510504e-13,1.1992930966469532e-27,2.943,2.943
7.563999999999389,3.678776223303391e-14,-1.5086438963404508e-13,1.1876005002098417e-13,1.1797804587456754e-27,2.943,2.943
7.565999999999389,3.648726435565863e-14,-1.4963206599964259e-13,1.1778996810292063e-13,1.160585293728158e-27,2.943,2.943
7.5679999999993885,3.618922107102903e-14,-1.4840980850174578e-13,1.1682781022099202e-13,1.1417024362737288e-27,2.943,2.943
7.569999999999388,3.5893612329001665e-14,-1.4719753491592817e-13,1.158735116483464e-13,1.1231268051020817e-27,2.943,2.943
7.571999999999388,3.560041824321107e-14,-1.4599516368940678e-13,1.14927008186848e-13,1.104853401605933e-27,2.943,2.943
7.573999999999388,3.530961908973196e-14,-1.4480261393555607e-13,1.139882361627582e-13,1.086877308505917e-27,2.943,2.943
7.575999999999388,3.5021195305752343e-14,-1.4361980542846633e-13,1.1305713242245234e-13,1.069193688527377e-27,2.943,2.943
7.5779999999993874,3.4735127488257486e-14,-1.424466585975468e-13,1.1213363432817095e-13,1.051797783098674e-27,2.943,2.943
7.579999999999387,3.445139639272463e-14,-1.4128309452217267e-13,1.112176797538062e-13,1.0346849110706843e-27,2.943,2.943
7.581999999999387,3.4169982931828336e-14,-1.4012903492637588e-13,1.1030920708072219e-13,1.0178504674571213e-27,2.943,2.943
7.583999999999387,3.389086817415646e-14,-1.3898440217357935e-13,1.0940815519361009e-13,1.0012899221953627e-27,2.943,2.943
7.585999999999387,3.361403334293657e-14,-1.378491192613741e-13,1.0851446347637641e-13,9.849988189274277e-28,2.943,2.943
7.587999999999386,3.333945981477279e-14,-1.367231098163392e-13,1.0762807180806538e-13,9.689727738008e-28,2.943,2.943
7.589999999999386,3.306712911839297e-14,-1.356062980889038e-13,1.0674892055881444e-13,9.532074742887513e-28,2.943,2.943
7.591999999999386,3.279702293340603e-14,-1.3449860894825138e-13,1.0587695058584277e-13,9.376986780298634e-28,2.943,2.943
7.593999999999386,3.252912308906956e-14,-1.3339996787726543e-13,1.050121032294726e-13,9.224422116864322e-28,2.943,2.943
7.5959999999993855,3.2263411563067385e-14,-1.323103009675165e-13,1.0415432030918306e-13,9.074339698214418e-28,2.943,2.943
7.597999999999385,3.1999870480297174e-14,-1.3122953491429023e-13,1.0330354411969609e-13,8.926699137938124e-28,2.943,2.943
7.599999999999385,3.173848211166793e-14,-1.3015759701165588e-13,1.0245971742709459e-13,8.781460706716242e-28,2.943,2.943
7.601999999999385,3.1479228872907316e-14,-1.290944151475753e-13,1.016227834649721e-13,8.638585321630209e-28,2.943,2.943
7.603999999999385,3.12220933233787e-14,-1.2803991779905174e-13,1.0079268593061402e-13,8.498034535645082e-28,2.943,2.943
7.605999999999384,3.0967058164907894e-14,-1.2699403402731826e-13,9.996936898120997e-14,8.359770527263646e-28,2.943,2.943
7.607999999999384,3.071410624061945e-14,-1.2595669347306553e-13,9.915277723009703e-14,8.223756090348821e-28,2.943,2.943
7.609999999999384,3.046322053378249e-14,-1.249278263517086e-13,9.83428557430338e-14,8.089954624111714e-28,2.943,2.943
7.611999999999384,3.021438416666591e-14,-1.239073634486923e-13,9.753955003450475e-14,7.958330123262502e-28,2.943,2.943
7.6139999999993835,2.996758039940302e-14,-1.2289523611483493e-13,9.674280606405504e-14,7.828847168321619e-28,2.943,2.943
7.615999999999383,2.972279262886537e-14,-1.2189137626171017e-13,9.595257023265479e-14,7.70147091608853e-28,2.943,2.943
7.617999999999383,2.948000438754583e-14,-1.2089571635706653e-13,9.51687893790935e-14,7.576167090265629e-28,2.943,2.943
7.619999999999383,2.923919934245078e-14,-1.1990818942028427e-13,9.439141077640392e-14,7.452901972234643e-28,2.943,2.943
7.621999999999383,2.900036129400136e-14,-1.1892872901786945e-13,9.362038212831463e-14,7.33164239198314e-28,2.943,2.943
7.623999999999382,2.8763474174943646e-14,-1.179572692589848e-13,9.285565156573212e-14,7.212355719178639e-28,2.943,2.943
7.625999999999382,2.852852204926779e-14,-1.16993744791017e-13,9.209716764325136e-14,7.095009854387947e-28,2.943,2.943
7.627999999999382,2.829548911113597e-14,-1.160380907951804e-13,9.134487933569505e-14,6.979573220439386e-28,2.943,2.943
7.629999999999382,2.8064359683819062e-14,-1.150902429821563e-13,9.059873603468096e-14,6.866014753925525e-28,2.943,2.943
7.6319999999993815,2.7835118218642058e-14,-1.1415013758776816e-13,8.985868754521729e-14,6.75430389684417e-28,2.943,2.943
7.633999999999381,2.7607749293938042e-14,-1.13217711368692e-13,8.912468408232605e-14,6.644410588375382e-28,2.943,2.943
7.635999999999381,2.738223761401075e-14,-1.1229290159820184e-13,8.83966762676938e-14,6.536305256792246e-28,2.943,2.943
7.637999999999381,2.715856800810558e-14,-1.1137564606194989e-13,8.767461512634992e-14,6.429958811503275e-28,2.943,2.943
7.639999999999381,2.6936725429389022e-14,-1.1046588305378129e-13,8.695845208337189e-14,6.325342635224286e-28,2.943,2.943
7.64199999999938,2.671669495393641e-14,-1.0956355137158292e-13,8.624813896061746e-14,6.222428576277627e-28,2.943,2.943
7.64399999999938,2.649846177972796e-14,-1.0866859031316622e-13,8.554362797348381e-14,6.121188941016713e-28,2.943,2.943
7.64599999999938,2.6282011225652996e-14,-1.0778093967218357e-13,8.484487172769266e-14,6.021596486373805e-28,2.943,2.943
7.64799999999938,2.6067328730522314e-14,-1.0690053973407803e-13,8.415182321610215e-14,5.923624412529035e-28,2.943,2.943
7.6499999999993795,2.5854399852088613e-14,-1.0602733127206626e-13,8.346443581554449e-14,5.8272463556987145e-28,2.943,2.943
7.651999999999379,2.5643210266074927e-14,-1.0516125554315412e-13,8.278266328368946e-14,5.732436381040984e-28,2.943,2.943
7.653999999999379,2.5433745765210994e-14,-1.0430225428418489e-13,8.21064597559336e-14,5.639168975676862e-28,2.943,2.943
7.655999999999379,2.52259922582775e-14,-1.0345026970791975e-13,8.143577974231479e-14,5.547419041824876e-28,2.943,2.943
7.657999999999379,2.5019935769158116e-14,-1.0260524449915031e-13,8.077057812445201e-14,5.457161890047368e-28,2.943,2.943
7.659999999999378,2.48155624358993e-14,-1.0176712181084285e-13,8.011081015251005e-14,5.368373232606698e-28,2.943,2.943
7.661999999999378,2.461285850977777e-14,-1.0093584526031406e-13,7.945643144218919e-14,5.281029176929537e-28,2.943,2.943
7.663999999999378,2.4411810354375566e-14,-1.0011135892543806e-13,7.880739797173926e-14,5.195106219177497e-28,2.943,2.943
7.665999999999378,2.4212404444662728e-14,-9.929360734088434e-14,7.816366607899827e-14,5.11058123792237e-28,2.943,2.943
7.6679999999993775,2.401462736608741e-14,-9.84825354943865e-14,7.752519245845504e-14,5.027431487924268e-28,2.943,2.943
7.669999999999377,2.381846581367345e-14,-9.767808882304141e-14,7.689193415833598e-14,4.945634594010997e-28,2.943,2.943
7.671999999999377,2.3623906591125323e-14,-9.688021320963862e-14,7.626384857771557e-14,4.865168545057013e-28,2.943,2.943
7.673999999999377,2.3430936609940373e-14,-9.608885497901977e-14,7.564089346365061e-14,4.786011688060336e-28,2.943,2.943
7.675999999999377,2.323954288852833e-14,-9.53039608944677e-14,7.502302690833768e-14,4.708142722315846e-28,2.943,2.943
7.677999999999376,2.3049712551338e-14,-9.45254781541251e-14,7.441020734629376e-14,4.631540693683367e-28,2.943,2.943
7.679999999999376,2.2861432827991092e-14,-9.37533543874424e-14,7.38023935515602e-14,4.556184988949013e-28,2.943,2.943
7.681999999999376,2.2674691052423127e-14,-9.298753765165463e-14,7.319954463492934e-14,4.4820553302782845e-28,2.943,2.943
7.683999999999376,2.2489474662031352e-14,-9.222797642828713e-14,7.260162004119362e-14,4.409131769759402e-28,2.943,2.943
7.6859999999993756,2.2305771196829624e-14,-9.147461961968974e-14,7.200857954641749e-14,4.337394684035425e-28,2.943,2.943
7.687999999999375,2.2123568298610197e-14,-9.07274165455994e-14,7.142038325523136e-14,4.266824769023711e-28,2.943,2.943
7.689999999999375,2.194285371011235e-14,-8.998631693973063e-14,7.083699159814781e-14,4.197403034721281e-28,2.943,2.943
7.691999999999375,2.176361527419781e-14,-8.92512709463941e-14,7.025836532889949e-14,4.129110800094711e-28,2.943,2.943
7.693999999999375,2.158584093303291e-14,-8.852222911714268e-14,6.968446552179915e-14,4.061929688053155e-28,2.943,2.943
7.6959999999993745,2.1409518727277427e-14,-8.779914240744488e-14,6.911525356912081e-14,3.995841620503171e-28,2.943,2.943
7.697999999999374,2.123463679528005e-14,-8.708196217338554e-14,6.855069117850263e-14,3.930828813483999e-28,2.943,2.943
7.699999999999374,2.1061183372280408e-14,-8.637064016839338e-14,6.799074037037083e-14,3.8668737723819814e-28,2.943,2.943
7.701999999999374,2.0889146789617636e-14,-8.566512853999538e-14,6.743536347538472e-14,3.8039592872228557e-28,2.943,2.943
7.703999999999374,2.071851547394538e-14,-8.49653798265976e-14,6.688452313190258e-14,3.742068428040638e-28,2.943,2.943
7.705999999999373,2.0549277946453238e-14,-8.42713469542923e-14,6.633818228346829e-14,3.6811845403218574e-28,2.943,2.943
7.707999999999373,2.038142282209455e-14,-8.358298323369118e-14,6.57963041763184e-14,3.6212912405239122e-28,2.943,2.943
7.709999999999373,2.0214938808820488e-14,-8.290024235678446e-14,6.525885235690961e-14,3.562372411666338e-28,2.943,2.943
7.711999999999373,2.004981470682042e-14,-8.222307839382558e-14,6.472579066946647e-14,3.504412198993815e-28,2.943,2.943
7.7139999999993725,1.988603940776847e-14,-8.155144579024148e-14,6.419708325354905e-14,3.44739500570973e-28,2.943,2.943
7.715999999999372,1.972360189407622e-14,-8.08852993635679e-14,6.367269454164061e-14,3.3913054887791667e-28,2.943,2.943
7.717999999999372,1.956249123815155e-14,-8.022459430040995e-14,6.315258925675468e-14,3.3361285548001634e-28,2.943,2.943
7.719999999999372,1.9402696601663485e-14,-7.956928615342735e-14,6.263673241006215e-14,3.281849355942161e-28,2.943,2.943
7.721999999999372,1.924420723481309e-14,-7.891933083834432e-14,6.212508929853727e-14,3.2284532859505293e-28,2.943,2.943
7.723999999999371,1.9087012475610297e-14,-7.827468463098397e-14,6.161762550262319e-14,3.175925976216096e-28,2.943,2.943
7.725999999999371,1.893110174915665e-14,-7.76353041643268e-14,6.111430688391645e-14,3.1242532919086253e-28,2.943,2.943
7.727999999999371,1.8776464566933897e-14,-7.700114642559336e-14,6.061509958287036e-14,3.073421328173213e-28,2.943,2.943
7.729999999999371,1.8623090526098402e-14,-7.63721687533506e-14,6.011997001651723e-14,3.023416406388557e-28,2.943,2.943
7.7319999999993705,1.8470969308781326e-14,-7.574832883464197e-14,5.962888487620918e-14,2.9742250704861126e-28,2.943,2.943
7.73399999999937,1.832009068139451e-14,-7.512958470214089e-14,5.91418111253773e-14,2.925834083329133e-28,2.943,2.943
7.73599999999937,1.8170444493942036e-14,-7.451589473132753e-14,5.865871599730922e-14,2.87823042315062e-28,2.943,2.943
7.73799999999937,1.8022020679337408e-14,-7.390721763768857e-14,5.817956699294488e-14,2.8314012800492382e-28,2.943,2.943
7.73999999999937,1.7874809252726323e-14,-7.330351247393998e-14,5.77043318786901e-14,2.785334052542233e-28,2.943,2.943
7.741999999999369,1.7728800310814957e-14,-7.270473862727225e-14,5.723297868424835e-14,2.740016344174439e-28,2.943,2.943
7.743999999999369,1.758398403120374e-14,-7.211085581661841e-14,5.676547570046972e-14,2.6954359601824526e-28,2.943,2.943
7.745999999999369,1.744035067172658e-14,-7.152182408994408e-14,5.630179147721812e-14,2.6515809042130893e-28,2.943,2.943
7.747999999999369,1.72978905697955e-14,-7.09376038215599e-14,5.584189482125526e-14,2.608439375095222e-28,2.943,2.943
7.7499999999993685,1.7156594141750584e-14,-7.035815570945577e-14,5.538575479414231e-14,2.565999763664146e-28,2.943,2.943
7.751999999999368,1.701645188221527e-14,-6.978344077265687e-14,5.4933340710158617e-14,2.5242506496376164e-28,2.943,2.943
7.753999999999368,1.687745436345691e-14,-6.921342034860138e-14,5.448462213423739e-14,2.483180798542706e-28,2.943,2.943
7.755999999999368,1.673959223475252e-14,-6.864805609053945e-14,5.40395688799182e-14,2.4427791586926657e-28,2.943,2.943
7.757999999999368,1.6602856221759756e-14,-6.808730996495362e-14,5.359815100731629e-14,2.403034858212973e-28,2.943,2.943
7.759999999999367,1.6467237125892987e-14,-6.753114424900015e-14,5.3160338821108453e-14,2.3639372021157636e-28,2.943,2.943
7.761999999999367,1.633272582370449e-14,-6.69795215279713e-14,5.272610286853535e-14,2.325475669421873e-28,2.943,2.943
7.763999999999367,1.619931326627069e-14,-6.643240469277838e-14,5.229541393742015e-14,2.287639910329682e-28,2.943,2.943
7.765999999999367,1.606699047858342e-14,-6.588975693745528e-14,5.1868243054203306e-14,2.2504197434300516e-28,2.943,2.943
7.7679999999993665,1.5935748558946143e-14,-6.53515417566825e-14,5.1444561481993457e-14,2.2138051529665454e-28,2.943,2.943
7.769999999999366,1.5805578678375112e-14,-6.481772294333128e-14,5.102434071863428e-14,2.177786286140253e-28,2.943,2.943
7.771999999999366,1.567647208000543e-14,-6.428826458602788e-14,5.0607552494787e-14,2.1423534504584405e-28,2.943,2.943
7.773999999999366,1.5548420078501942e-14,-6.376313106673775e-14,5.0194168772028613e-14,2.1074971111263586e-28,2.943,2.943
7.775999999999366,1.5421414059474953e-14,-6.324228705836937e-14,4.978416174096581e-14,2.073207888481477e-28,2.943,2.943
7.777999999999365,1.5295445478900724e-14,-6.272569752239773e-14,4.937750381936399e-14,2.0394765554694594e-28,2.943,2.943
7.779999999999365,1.5170505862546683e-14,-6.221332770650719e-14,4.897416765029184e-14,2.0062940351612182e-28,2.943,2.943
7.781999999999365,1.5046586805401342e-14,-6.170514314225363e-14,4.8574126100280974e-14,1.9736513983103543e-28,2.943,2.943
7.783999999999365,1.492367997110888e-14,-6.12011096427456e-14,4.8177352257500544e-14,1.9415398609503443e-28,2.943,2.943
7.7859999999993645,1.4801777091408323e-14,-6.070119330034458e-14,4.778381942994681e-14,1.9099507820308196e-28,2.943,2.943
7.787999999999364,1.4680869965577327e-14,-6.020536048438383e-14,4.739350114364754e-14,1.878875661092305e-28,2.943,2.943
7.789999999999364,1.4560950459880484e-14,-5.9713577838906e-14,4.700637114088101e-14,1.848306135978787e-28,2.943,2.943
7.791999999999364,1.444201050702215e-14,-5.922581228041921e-14,4.662240337840958e-14,1.8182339805875012e-28,2.943,2.943
7.793999999999364,1.4324042105603737e-14,-5.874203099567144e-14,4.624157202572768e-14,1.7886511026553289e-28,2.943,2.943
7.795999999999363,1.4207037319585443e-14,-5.826220143944306e-14,4.58638514633242e-14,1.7595495415812155e-28,2.943,2.943
7.797999999999363,1.4090988277752362e-14,-5.778629133235743e-14,4.54892162809589e-14,1.7309214662840045e-28,2.943,2.943
7.799999999999363,1.3975887173184977e-14,-5.731426865870944e-14,4.511764127595305e-14,1.7027591730951435e-28,2.943,2.943
7.801999999999363,1.3861726262733965e-14,-5.684610166431169e-14,4.4749101451494e-14,1.6750550836856585e-28,2.943,2.943
7.803999999999363,1.3748497866499298e-14,-5.638175885435828e-14,4.4383572014953556e-14,1.6478017430268699e-28,2.943,2.943
7.805999999999362,1.3636194367313589e-14,-5.592120899130611e-14,4.4021028376220074e-14,1.6209918173842788e-28,2.943,2.943
7.807999999999362,1.3524808210229673e-14,-5.546442109277345e-14,4.366144614604427e-14,1.594618092344098e-28,2.943,2.943
7.809999999999362,1.3414331902012363e-14,-5.501136442945565e-14,4.3304801134398525e-14,1.5686734708718905e-28,2.943,2.943
7.811999999999362,1.3304758010634362e-14,-5.456200852305791e-14,4.2951069348849476e-14,1.5431509714027938e-28,2.943,2.943
7.8139999999993615,1.3196079164776288e-14,-5.411632314424495e-14,4.2600226992944005e-14,1.5180437259628142e-28,2.943,2.943
7.815999999999361,1.3088288053330792e-14,-5.3674278310607374e-14,4.225225046460846e-14,1.493344978320695e-28,2.943,2.943
7.817999999999361,1.2981377424910713e-14,-5.323584428464468e-14,4.190711635456079e-14,1.469048082169844e-28,2.943,2.943
7.819999999999361,1.2875340087361266e-14,-5.2800991571764754e-14,4.15648014447358e-14,1.4451464993398505e-28,2.943,2.943
7.821999999999361,1.2770168907276202e-14,-5.2369690918299684e-14,4.1225282706723176e-14,1.4216337980370943e-28,2.943,2.943
7.82399999999936,1.2665856809517931e-14,-5.1941913309537786e-14,4.0888537300218355e-14,1.3985036511139838e-28,2.943,2.943
7.82599999999936,1.2562396776741551e-14,-5.1517629967771727e-14,4.055454257148592e-14,1.375749834366354e-28,2.943,2.943
7.82799999999936,1.245978184892278e-14,-5.1096812350362553e-14,4.022327605183569e-14,1.3533662248585644e-28,2.943,2.943
7.82999999999936,1.2358005122889735e-14,-5.067943214781957e-14,3.9894715456111207e-14,1.3313467992758466e-28,2.943,2.943
7.8319999999993595,1.2257059751858535e-14,-5.026546128189587e-14,3.9568838681190463e-14,1.3096856323034645e-28,2.943,2.943
7.833999999999359,1.2156938944972704e-14,-4.9854871903699455e-14,3.924562380449908e-14,1.2883768950322398e-28,2.943,2.943
7.835999999999359,1.2057635966846332e-14,-4.944763639181976e-14,3.892504908253539e-14,1.2674148533900228e-28,2.943,2.943
7.837999999999359,1.1959144137110966e-14,-4.904372735046949e-14,3.860709294940786e-14,1.2467938665986843e-28,2.943,2.943
7.839999999999359,1.1861456829966204e-14,-4.8643117607641634e-14,3.829173401538415e-14,1.2265083856562084e-28,2.943,2.943
7.841999999999358,1.1764567473733964e-14,-4.824578021328154e-14,3.797895106545224e-14,1.2065529518434887e-28,2.943,2.943
7.843999999999358,1.1668469550416388e-14,-4.785168843747391e-14,3.7668723057893254e-14,1.1869221952554093e-28,2.943,2.943
7.845999999999358,1.1573156595257358e-14,-4.7460815768644595e-14,3.7361029122865883e-14,1.1676108333558367e-28,2.943,2.943
7.847999999999358,1.1478622196307598e-14,-4.7073135911777134e-14,3.7055848561002394e-14,1.1486136695561118e-28,2.943,2.943
7.8499999999993575,1.1384859993993323e-14,-4.668862278664377e-14,3.675316084201628e-14,1.1299255918166764e-28,2.943,2.943
7.851999999999357,1.1291863680688414e-14,-4.6307250526050995e-14,3.6452945603320914e-14,1.11154157127145e-28,2.943,2.943
7.853999999999357,1.1199627000290091e-14,-4.59289934740994e-14,3.6155182648659916e-14,1.0934566608745864e-28,2.943,2.943
7.855999999999357,1.1108143747798044e-14,-4.555382618445772e-14,3.585985194674835e-14,1.0756659940692497e-28,2.943,2.943
7.857999999999357,1.1017407768897011e-14,-4.5181723418651e-14,3.556693362992522e-14,1.0581647834780493e-28,2.943,2.943
7.859999999999356,1.0927412959542758e-14,-4.481266014436274e-14,3.527640799281695e-14,1.0409483196147795e-28,2.943,2.943
7.861999999999356,1.0838153265551447e-14,-4.44466115337509e-14,3.4988255491011687e-14,1.0240119696171227e-28,2.943,2.943
7.863999999999356,1.0749622682192352e-14,-4.408355296177768e-14,3.470245673974456e-14,1.0073511759999678e-28,2.943,2.943
7.865999999999356,1.0661815253783909e-14,-4.372346000455291e-14,3.44189925125936e-14,9.90961455429017e-29,2.943,2.943
7.8679999999993555,1.0574725073293058e-14,-4.3366308437691015e-14,3.413784374018628e-14,9.748383975143415e-29,2.943,2.943
7.869999999999355,1.0488346281937864e-14,-4.301207423468135e-14,3.385899150891674e-14,9.589776636235678e-29,2.943,2.943
7.871999999999355,1.0402673068793382e-14,-4.2660733565271906e-14,3.3582417059673384e-14,9.43374985714376e-29,2.943,2.943
7.873999999999355,1.031769967040074e-14,-4.231226279386616e-14,3.33081017865769e-14,9.280261651859887e-29,2.943,2.943
7.875999999999355,1.0233420370379414e-14,-4.196663847793306e-14,3.303602723572862e-14,9.12927071749352e-29,2.943,2.943
7.877999999999354,1.0149829499042678e-14,-4.162383736642999e-14,3.276617510396905e-14,8.980736423156938e-29,2.943,2.943
7.879999999999354,1.0066921433016185e-14,-4.1283836398238605e-14,3.2498527237646595e-14,8.834618799031677e-29,2.943,2.943
7.881999999999354,9.984690594859667e-15,-4.094661270061344e-14,3.223306563139629e-14,8.690878525612864e-29,2.943,2.943
7.883999999999354,9.903131452691731e-15,-4.061214358764323e-14,3.196977242692855e-14,8.549476923128532e-29,2.943,2.943
7.8859999999993535,9.82223851981771e-15,-4.028040655872473e-14,3.1708629911827804e-14,8.410375941131097e-29,2.943,2.943
7.887999999999353,9.742006354360564e-15,-3.9951379297049083e-14,3.1449620518360905e-14,8.273538148258167e-29,2.943,2.943
7.889999999999353,9.662429558894785e-15,-3.9625039668100476e-14,3.119272682229535e-14,8.138926722159968e-29,2.943,2.943
7.891999999999353,9.583502780083303e-15,-3.930136571816712e-14,3.0937931541727027e-14,8.006505439590634e-29,2.943,2.943
7.893999999999353,9.505220708317351e-15,-3.8980335672864334e-14,3.068521753591772e-14,7.876238666660703e-29,2.943,2.943
7.895999999999352,9.427578077359275e-15,-3.866192793566978e-14,3.043456780414191e-14,7.748091349248236e-29,2.943,2.943
7.897999999999352,9.350569663988258e-15,-3.834612108647055e-14,3.018596548454318e-14,7.622029003565936e-29,2.943,2.943
7.899999999999352,9.274190287648943e-15,-3.803289388012222e-14,2.9939393852999814e-14,7.49801770688172e-29,2.943,2.943
7.901999999999352,9.198434810102923e-15,-3.7722225245019616e-14,2.969483632199973e-14,7.376024088390291e-29,2.943,2.943
7.9039999999993515,9.123298135083078e-15,-3.741409428167927e-14,2.945227643952462e-14,7.256015320233237e-29,2.943,2.943
7.905999999999351,9.048775207950736e-15,-3.710848026133346e-14,2.921169788794314e-14,7.137959108665203e-29,2.943,2.943
7.907999999999351,8.974861015355636e-15,-3.680536262453575e-14,2.8973084482913234e-14,7.021823685363827e-29,2.943,2.943
7.909999999999351,8.901550584898662e-15,-3.650472097977789e-14,2.873642017229332e-14,6.907577798881036e-29,2.943,2.943
7.911999999999351,8.828838984797345e-15,-3.6206535102118016e-14,2.8501689035062466e-14,6.79519070623345e-29,2.943,2.943
7.91399999999935,8.756721323554081e-15,-3.5910784931820076e-14,2.8268875280249308e-14,6.684632164629595e-29,2.943,2.943
7.91599999999935,8.68519274962707e-15,-3.561745057300436e-14,2.803796324586975e-14,6.575872423331718e-29,2.943,2.943
7.91799999999935,8.614248451103946e-15,-3.5326512292309054e-14,2.780893739787337e-14,6.468882215650035e-29,2.943,2.943
7.91999999999935,8.543883655378056e-15,-3.5037950517562714e-14,2.7581782329098383e-14,6.363632751067189e-29,2.943,2.943
7.92199999999935,8.474093628827406e-15,-3.475174583646762e-14,2.7356482758235146e-14,6.260095707490892e-29,2.943,2.943
7.923999999999349,8.404873676496209e-15,-3.446787899529383e-14,2.7133023528798202e-14,6.158243223632584e-29,2.943,2.943
7.925999999999349,8.336219141779048e-15,-3.4186330897583964e-14,2.6911389608106623e-14,6.058047891510104e-29,2.943,2.943
7.927999999999349,8.268125406107614e-15,-3.390708260286849e-14,2.6691566086272687e-14,5.959482749072338e-29,2.943,2.943
7.929999999999349,8.20058788864e-15,-3.3630115325391614e-14,2.6473538175198914e-14,5.862521272943879e-29,2.943,2.943
7.9319999999993485,8.133602045952538e-15,-3.3355410432847444e-14,2.6257291207583227e-14,5.767137371287713e-29,2.943,2.943
7.933999999999348,8.067163371734153e-15,-3.30829494451266e-14,2.60428106359322e-14,5.673305376784046e-29,2.943,2.943
7.935999999999348,8.001267396483206e-15,-3.281271403307299e-14,2.5830082031582437e-14,5.581000039723349e-29,2.943,2.943
7.937999999999348,7.935909687206825e-15,-3.254468601725075e-14,2.5619091083729957e-14,5.490196521211816e-29,2.943,2.943
7.939999999999348,7.871085847122684e-15,-3.227884736672128e-14,2.5409823598467372e-14,5.400870386487305e-29,2.943,2.943
7.941999999999347,7.80679151536322e-15,-3.201518019783025e-14,2.520226549782914e-14,5.312997598344105e-29,2.943,2.943
7.943999999999347,7.743022366682265e-15,-3.175366677300453e-14,2.4996402818844402e-14,5.226554510664624e-29,2.943,2.943
7.945999999999347,7.679774111164075e-15,-3.149428949955892e-14,2.4792221712597738e-14,5.141517862056355e-29,2.943,2.943
7.947999999999347,7.617042493934741e-15,-3.1237030928512654e-14,2.458970844329747e-14,5.057864769592346e-29,2.943,2.943
7.9499999999993465,7.554823294875949e-15,-3.0981873753415575e-14,2.4388849387351603e-14,4.9755727226535155e-29,2.943,2.943
7.951999999999346,7.493112328341079e-15,-3.0728800809183856e-14,2.4189631032451408e-14,4.8946195768711763e-29,2.943,2.943
7.953999999999346,7.43190544287363e-15,-3.047779507094529e-14,2.399203997666232e-14,4.814983548168087e-29,2.943,2.943
7.955999999999346,7.371198520927942e-15,-3.0228839652893965e-14,2.379606292752243e-14,4.736643206896473e-29,2.943,2.943
7.957999999999346,7.310987478592194e-15,-2.998191780715431e-14,2.360168670114822e-14,4.659577472071413e-29,2.943,2.943
7.959999999999345,7.251268265313669e-15,-2.973701292265444e-14,2.340889822134765e-14,4.5837656056980634e-29,2.943,2.943
7.961999999999345,7.192036863626267e-15,-2.9494108524008664e-14,2.321768451874053e-14,4.509187207191158e-29,2.943,2.943
7.963999999999345,7.133289288880234e-15,-2.9253188270409163e-14,2.302803272988599e-14,4.4358222078853247e-29,2.943,2.943
7.965999999999345,7.075021588974108e-15,-2.901423595452669e-14,2.283993009641716e-14,4.3636508656347047e-29,2.943,2.943
7.9679999999993445,7.0172298440888505e-15,-2.8777235501420253e-14,2.265336396418284e-14,4.2926537595004466e-29,2.943,2.943
7.969999999999344,6.9599101664241494e-15,-2.8542170967455743e-14,2.2468321782396257e-14,4.2228117845246255e-29,2.943,2.943
7.971999999999344,6.903058699936877e-15,-2.830902653923333e-14,2.2284791102790737e-14,4.1541061465892016e-29,2.943,2.943
7.973999999999344,6.846671620081683e-15,-2.807778653252367e-14,2.2102759578782277e-14,4.0865183573586186e-29,2.943,2.943
7.975999999999344,6.790745133553708e-15,-2.7848435391212793e-14,2.1922214964638927e-14,4.020030229304683e-29,2.943,2.943
7.977999999999343,6.7352754780334e-15,-2.7620957686255583e-14,2.1743145114657044e-14,3.954623870812398e-29,2.943,2.943
7.979999999999343,6.68025892193341e-15,-2.7395338114637846e-14,2.1565537982344168e-14,3.8902816813654187e-29,2.943,2.943
7.981999999999343,6.625691764147561e-15,-2.717156149834683e-14,2.138938161960864e-14,3.826986346809846e-29,2.943,2.943
7.983999999999343,6.571570333801864e-15,-2.6949612783350155e-14,2.1214664175955852e-14,3.764720834695073e-29,2.943,2.943
7.9859999999993425,6.517890990007569e-15,-2.6729477038583095e-14,2.104137389769099e-14,3.7034683896904414e-29,2.943,2.943
7.987999999999342,6.464650121616232e-15,-2.6511139454944126e-14,2.0869499127128348e-14,3.6432125290764685e-29,2.943,2.943
7.989999999999342,6.411844146976787e-15,-2.6294585344298682e-14,2.069902830180709e-14,3.5839370383094313e-29,2.943,2.943
7.991999999999342,6.3594695136945954e-15,-2.6079800138491038e-14,2.0529949953713427e-14,3.525625966658114e-29,2.943,2.943
7.993999999999342,6.307522698392467e-15,-2.586676938836428e-14,2.0362252708509098e-14,3.468263622911552e-29,2.943,2.943
7.995999999999341,6.256000206473637e-15,-2.5655478762788268e-14,2.0195925284766222e-14,3.4118345711566e-29,2.943,2.943
7.997999999999341,6.204898571886673e-15,-2.5445914047695548e-14,2.0030956493208348e-14,3.356323626624216e-29,2.943,2.943
7.999999999999341,6.154214356892303e-15,-2.5238061145125135e-14,1.9867335235957733e-14,3.30171585160331e-29,2.943,2.943
8.001999999999342,6.103944151832154e-15,-2.50319060722741e-14,1.9705050505788753e-14,3.247996551421088e-29,2.943,2.943
8.003999999999342,6.054084574899374e-15,-2.482743496055692e-14,1.954409138538743e-14,3.195151270488786e-29,2.943,2.943
8.005999999999343,6.004632271911124e-15,-2.4624634054672496e-14,1.9384447046616974e-14,3.1431657884117476e-29,2.943,2.943
8.007999999999344,5.9555839160829425e-15,-2.4423489711678793e-14,1.9226106749789373e-14,3.0920261161627903e-29,2.943,2.943
8.009999999999344,5.9069362078049365e-15,-2.4223988400075063e-14,1.9069059842942874e-14,3.041718492317824e-29,2.943,2.943
8.011999999999345,5.858685874419812e-15,-2.4026116698891526e-14,1.8913295761125444e-14,2.9922293793527307e-29,2.943,2.943
8.013999999999346,5.8108296700027135e-15,-2.3829861296786513e-14,1.8758804025683987e-14,2.9435454600004764e-29,2.943,2.943
8.015999999999346,5.763364375142861e-15,-2.3635208991150983e-14,1.8605574243559458e-14,2.895653633667511e-29,2.943,2.943
8.017999999999347,5.716286796726972e-15,-2.3442146687220347e-14,1.8453596106587663e-14,2.8485410129084624e-29,2.943,2.943
8.019999999999348,5.669593767724454e-15,-2.3250661397193542e-14,1.830285939080583e-14,2.802194919958188e-29,2.943,2.943
8.021999999999348,5.623282146974349e-15,-2.3060740239359316e-14,1.8153353955764813e-14,2.756602883320258e-29,2.943,2.943
8.023999999999349,5.577348818974019e-15,-2.287237043722964e-14,1.8005069743846888e-14,2.7117526344109366e-29,2.943,2.943
8.02599999999935,5.53179069366956e-15,-2.2685539318680202e-14,1.7857996779589183e-14,2.6676321042577697e-29,2.943,2.943
8.02799999999935,5.486604706247923e-15,-2.250023431509791e-14,1.7712125169012604e-14,2.6242294202518867e-29,2.943,2.943
8.029999999999351,5.44178781693074e-15,-2.2316442960535384e-14,1.7567445098956202e-14,2.581532902953138e-29,2.943,2.943
8.031999999999352,5.397337010769827e-15,-2.2134152890872336e-14,1.7423946836417066e-14,2.539531062947227e-29,2.943,2.943
8.033999999999352,5.353249297444362e-15,-2.1953351842983794e-14,1.7281620727895537e-14,2.4982125977539566e-29,2.943,2.943
8.035999999999353,5.309521711059718e-15,-2.177402765391514e-14,1.7140457198745777e-14,2.4575663887857957e-29,2.943,2.943
8.037999999999354,5.2661513099479395e-15,-2.1596168260063866e-14,1.7000446752531688e-14,2.417581498355926e-29,2.943,2.943
8.039999999999354,5.22313517646985e-15,-2.141976169636804e-14,1.6861579970388033e-14,2.378247166734958e-29,2.943,2.943
8.041999999999355,5.1804704168187735e-15,-2.1244796095501373e-14,1.6723847510386832e-14,2.339552809255554e-29,2.943,2.943
8.043999999999356,5.138154160825861e-15,-2.1071259687074873e-14,1.658724010690888e-14,2.301488013464138e-29,2.943,2.943
8.045999999999356,5.096183561767007e-15,-2.0899140796845025e-14,1.6451748570020442e-14,2.264042536318966e-29,2.943,2.943
8.047999999999357,5.054555796171342e-15,-2.0728427845928437e-14,1.6317363784855014e-14,2.2272063014337686e-29,2.943,2.943
8.049999999999358,5.013268063631294e-15,-2.0559109350022893e-14,1.6184076711000162e-14,2.1909693963662542e-29,2.943,2.943
8.051999999999358,4.9723175866141916e-15,-2.0391173918634774e-14,1.6051878381889317e-14,2.1553220699507157e-29,2.943,2.943
8.053999999999359,4.931701610275418e-15,-2.0224610254312794e-14,1.592075990419859e-14,2.1202547296740448e-29,2.943,2.943
8.05599999999936,4.891417402273082e-15,-2.0059407151887987e-14,1.5790712457248497e-14,2.0857579390944356e-29,2.943,2.943
8.05799999999936,4.851462252584209e-15,-1.9895553497719913e-14,1.5661727292410563e-14,2.0518224153020843e-29,2.943,2.943
8.059999999999361,4.811833473322426e-15,-1.973303826894901e-14,1.5533795732518783e-14,2.0184390264212078e-29,2.943,2.943
8.061999999999362,4.772528398557147e-15,-1.957185053275505e-14,1.5406909171285888e-14,1.9855987891527042e-29,2.943,2.943
8.063999999999362,4.733544384134224e-15,-1.941197944562168e-14,1.5281059072724365e-14,1.953292866356788e-29,2.943,2.943
8.065999999999363,4.69487880749807e-15,-1.925341425260693e-14,1.5156236970572242e-14,1.9215125646749638e-29,2.943,2.943
8.067999999999364,4.656529067515231e-15,-1.9096144286619706e-14,1.503243446772351e-14,1.8902493321906904e-29,2.943,2.943
8.069999999999364,4.618492584299404e-15,-1.8940158967702197e-14,1.4909643235663257e-14,1.8594947561280998e-29,2.943,2.943
8.071999999999365,4.58076679903788e-15,-1.8785447802318125e-14,1.4787855013907372e-14,1.8292405605881628e-29,2.943,2.943
8.073999999999366,4.543349173819405e-15,-1.8632000382646816e-14,1.466706160944685e-14,1.799478604321692e-29,2.943,2.943
8.075999999999366,4.506237191463449e-15,-1.8479806385883044e-14,1.4547254896196606e-14,1.7702008785385658e-29,2.943,2.943
8.077999999999367,4.469428355350869e-15,-1.832885557354259e-14,1.4428426814448843e-14,1.7413995047526087e-29,2.943,2.943
8.079999999999368,4.4329201892559545e-15,-1.8179137790773466e-14,1.4310569370330837e-14,1.7130667326615305e-29,2.943,2.943
8.081999999999368,4.396710237179846e-15,-1.8030642965672775e-14,1.4193674635267158e-14,1.685194938061357e-29,2.943,2.943
8.083999999999369,4.360796063185313e-15,-1.7883361108609154e-14,1.407773474544632e-14,1.6577766207948002e-29,2.943,2.943
8.08599999999937,4.3251752512328814e-15,-1.7737282311550737e-14,1.3962741901291744e-14,1.6308044027330003e-29,2.943,2.943
8.08799999999937,4.2898454050183025e-15,-1.759239674739862e-14,1.3848688366937068e-14,1.6042710257901106e-29,2.943,2.943
8.089999999999371,4.254804147811346e-15,-1.7448694669325764e-14,1.3735566469705728e-14,1.5781693499701854e-29,2.943,2.943
8.091999999999372,4.2200491222959116e-15,-1.730616641012131e-14,1.3623368599594799e-14,1.552492351445838e-29,2.943,2.943
8.093999999999372,4.185577990411445e-15,-1.7164802381540222e-14,1.3512087208763062e-14,1.527233120668173e-29,2.943,2.943
8.095999999999373,4.151388433195651e-15,-1.7024593073658284e-14,1.340171481102322e-14,1.502384860507455e-29,2.943,2.943
8.097999999999374,4.117478150628494e-15,-1.6885529054232324e-14,1.3292243981338311e-14,1.4779408844240386e-29,2.943,2.943
8.099999999999374,4.083844861477464e-15,-1.6747600968065693e-14,1.3183667355322177e-14,1.4538946146690563e-29,2.943,2.943
8.101999999999375,4.050486303144119e-15,-1.6610799536378913e-14,1.3075977628744064e-14,1.430239580514377e-29,2.943,2.943
8.103999999999376,4.0174002315118655e-15,-1.6475115556185468e-14,1.2969167557037233e-14,1.4069694165113664e-29,2.943,2.943
8.105999999999376,3.984584420795e-15,-1.63405398996727e-14,1.2863229954811609e-14,1.3840778607779812e-29,2.943,2.943
8.107999999999377,3.95203666338897e-15,-1.620706351358775e-14,1.2758157695370397e-14,1.3615587533137225e-29,2.943,2.943
8.109999999999378,3.919754769721862e-15,-1.6074677418628535e-14,1.265394371023065e-14,1.3394060343420174e-29,2.943,2.943
8.111999999999378,3.887736568107104e-15,-1.5943372708839674e-14,1.2550580988647762e-14,1.31761374267956e-29,2.943,2.943
8.113999999999379,3.855979904597373e-15,-1.5813140551013363e-14,1.2448062577143827e-14,1.296176014132189e-29,2.943,2.943
8.11599999999938,3.8244826428396915e-15,-1.568397218409515e-14,1.2346381579039859e-14,1.2750870799168623e-29,2.943,2.943
8.11799999999938,3.793242663931707e-15,-1.5555858918594552e-14,1.2245531153991844e-14,1.2543412651093083e-29,2.943,2.943
8.119999999999381,3.762257866279153e-15,-1.542879213600049e-14,1.2145504517530571e-14,1.2339329871169319e-29,2.943,2.943
8.121999999999382,3.731526165454466e-15,-1.53027632882015e-14,1.2046294940605218e-14,1.2138567541765679e-29,2.943,2.943
8.123999999999382,3.701045494056561e-15,-1.5177763896910672e-14,1.194789574913067e-14,1.1941071638766744e-29,2.943,2.943
8.125999999999383,3.670813801571752e-15,-1.505378555309531e-14,1.185030032353854e-14,1.1746789017035736e-29,2.943,2.943
8.127999999999384,3.640829054235811e-15,-1.4930819916411226e-14,1.1753502098331863e-14,1.15556673961134e-29,2.943,2.943
8.129999999999384,3.6110892348971485e-15,-1.4808858714641652e-14,1.1657494561643394e-14,1.1367655346149656e-29,2.943,2.943
8.131999999999385,3.581592342881115e-15,-1.468789374314077e-14,1.1562271254797562e-14,1.1182702274064026e-29,2.943,2.943
8.133999999999386,3.552336393855412e-15,-1.4567916864281742e-14,1.1467825771875964e-14,1.1000758409931337e-29,2.943,2.943
8.135999999999386,3.523319419696599e-15,-1.4448920006909285e-14,1.1374151759286425e-14,1.082177479358887e-29,2.943,2.943
8.137999999999387,3.4945394683576936e-15,-1.43308951657967e-14,1.1281242915335576e-14,1.0645703261461444e-29,2.943,2.943
8.139999999999388,3.465994603736853e-15,-1.421383440110733e-14,1.1189092989804929e-14,1.0472496433600828e-29,2.943,2.943
8.141999999999388,3.437682905547126e-15,-1.4097729837860451e-14,1.1097695783530398e-14,1.0302107700936065e-29,2.943,2.943
8.143999999999389,3.409602469187271e-15,-1.398257366540147e-14,1.1007045147985273e-14,1.0134491212731174e-29,2.943,2.943
8.14599999999939,3.381751405613628e-15,-1.3868358136876509e-14,1.0917134984866588e-14,9.969601864246981e-30,2.943,2.943
8.14799999999939,3.3541278412130392e-15,-1.3755075568711234e-14,1.0827959245684877e-14,9.807395284603655e-30,2.943,2.943
8.149999999999391,3.3267299176768046e-15,-1.3642718340093977e-14,1.0739511931357271e-14,9.647827824840726e-30,2.943,2.943
8.151999999999392,3.2995557918756693e-15,-1.3531278892463054e-14,1.0651787091803932e-14,9.490856546171382e-30,2.943,2.943
8.153999999999392,3.272603635735832e-15,-1.3420749728998286e-14,1.0564778825547761e-14,9.336439208427853e-30,2.943,2.943
8.155999999999393,3.245871636115964e-15,-1.3311123414116663e-14,1.0478481279317413e-14,9.184534258694808e-30,2.943,2.943
8.157999999999394,3.219357994685238e-15,-1.3202392572972142e-14,1.0392888647653504e-14,9.035100820127661e-30,2.943,2.943
8.159999999999394,3.1930609278023452e-15,-1.3094549890959513e-14,1.0307995172518093e-14,8.888098680952848e-30,2.943,2.943
8.161999999999395,3.1669786663955086e-15,-1.2987588113222332e-14,1.0223795142907297e-14,8.743488283647015e-30,2.943,2.943
8.163999999999396,3.1411094558434714e-15,-1.2881500044164866e-14,1.014028289446712e-14,8.601230714292312e-30,2.943,2.943
8.165999999999396,3.1154515558574593e-15,-1.2776278546968029e-14,1.0057452809112377e-14,8.46128769210485e-30,2.943,2.943
8.167999999999397,3.090003240364107e-15,-1.2671916543109264e-14,9.975299314648762e-15,8.323621559133535e-30,2.943,2.943
8.169999999999398,3.064762797389341e-15,-1.2568407011886359e-14,9.893816884397991e-15,8.188195270126508e-30,2.943,2.943
8.171999999999398,3.0397285289432096e-15,-1.2465742989945143e-14,9.813000036826013e-15,8.054972382562462e-30,2.943,2.943
8.173999999999399,3.0148987509056565e-15,-1.2363917570811044e-14,9.732843335174237e-15,7.923917046844137e-30,2.943,2.943
8.1759999999994,2.990271792913224e-15,-1.226292390442447e-14,9.653341387093806e-15,7.79499399665139e-30,2.943,2.943
8.1779999999994,2.9658459982466835e-15,-1.2162755196679992e-14,9.57448884428282e-15,7.668168539451189e-30,2.943,2.943
8.179999999999401,2.941619723719585e-15,-1.2063404708969284e-14,9.496280402126565e-15,7.543406547162053e-30,2.943,2.943
8.181999999999402,2.917591339567715e-15,-1.1964865757727801e-14,9.418710799340643e-15,7.420674446970342e-30,2.943,2.943
8.183999999999402,2.8937592293394576e-15,-1.1867131713985156e-14,9.341774817617028e-15,7.299939212295993e-30,2.943,2.943
8.185999999999403,2.8701217897870516e-15,-1.1770196002919174e-14,9.265467281273023e-15,7.181168353905232e-30,2.943,2.943
8.187999999999404,2.8466774307587363e-15,-1.1674052103413589e-14,9.189783056903091e-15,7.064329911167897e-30,2.943,2.943
8.189999999999404,2.823424575091778e-15,-1.1578693547619344e-14,9.114717053033498e-15,6.949392443456979e-30,2.943,2.943
8.191999999999405,2.80036165850637e-15,-1.148411392051949e-14,9.040264219779797e-15,6.83632502168813e-30,2.943,2.943
8.193999999999406,2.7774871295003996e-15,-1.1390306859497627e-14,8.966419548507129e-15,6.725097219996786e-30,2.943,2.943
8.195999999999406,2.7547994492450737e-15,-1.1297266053909877e-14,8.893178071493256e-15,6.615679107550736e-30,2.943,2.943
8.197999999999407,2.732297091481399e-15,-1.1204985244660345e-14,8.820534861594385e-15,6.508041240495883e-30,2.943,2.943
8.199999999999408,2.709978542417506e-15,-1.1113458223780062e-14,8.748485031913695e-15,6.402154654033056e-30,2.943,2.943
8.201999999999408,2.6878423006268114e-15,-1.1022678834009353e-14,8.677023735472595e-15,6.2979908546237265e-30,2.943,2.943
8.203999999999409,2.6658868769470158e-15,-1.0932640968383622e-14,8.606146164884649e-15,6.195521812322544e-30,2.943,2.943
8.20599999999941,2.644110794379921e-15,-1.0843338569822525e-14,8.535847552032166e-15,6.094719953234627e-30,2.943,2.943
8.20799999999941,2.622512587992071e-15,-1.0754765630722488e-14,8.466123167745443e-15,5.99555815209556e-30,2.943,2.943
8.209999999999411,2.6010908048161994e-15,-1.0666916192552566e-14,8.396968321484621e-15,5.898009724972133e-30,2.943,2.943
8.211999999999412,2.5798440037534876e-15,-1.0579784345453594e-14,8.328378361024135e-15,5.802048422081823e-30,2.943,2.943
8.213999999999412,2.5587707554766154e-15,-1.0493364227840618e-14,8.26034867213975e-15,5.707648420729117e-30,2.943,2.943
8.215999999999413,2.5378696423336087e-15,-1.0407650026008566e-14,8.192874678298158e-15,5.614784318356757e-30,2.943,2.943
8.217999999999414,2.51713925825247e-15,-1.0322635973741152e-14,8.125951840349089e-15,5.523431125710038e-30,2.943,2.943
8.219999999999414,2.4965782086465864e-15,-1.0238316351922961e-14,8.059575656219954e-15,5.4335642601123335e-30,2.943,2.943
8.221999999999415,2.476185110320915e-15,-1.0154685488154716e-14,7.99374166061299e-15,5.345159538850015e-30,2.943,2.943
8.223999999999416,2.45595859137893e-15,-1.0071737756371673e-14,7.928445424704856e-15,5.258193172665014e-30,2.943,2.943
8.225999999999416,2.4358972911303317e-15,-9.989467576465149e-15,7.863682555848696e-15,5.172641759353255e-30,2.943,2.943
8.227999999999417,2.4159998599995096e-15,-9.907869413907128e-15,7.799448697278639e-15,5.0884822774672335e-30,2.943,2.943
8.229999999999418,2.396264959434753e-15,-9.82693777937794e-15,7.735739527816708e-15,5.0056920801210756e-30,2.943,2.943
8.231999999999418,2.3766912618182042e-15,-9.746667228396986e-15,7.672550761582116e-15,4.924248888896363e-30,2.943,2.943
8.23399999999942,2.3572774503765442e-15,-9.667052360956463e-15,7.60987814770295e-15,4.844130787847133e-30,2.943,2.943
8.23599999999942,2.3380222190924113e-15,-9.5880878211581e-15,7.547717470030205e-15,4.7653162176024096e-30,2.943,2.943
8.23799999999942,2.3189242726165414e-15,-9.509768296852853e-15,7.486064546854144e-15,4.687783969564684e-30,2.943,2.943
8.239999999999421,2.299982326180627e-15,-9.432088519283536e-15,7.424915230623e-15,4.6115131802027946e-30,2.943,2.943
8.241999999999422,2.281195105510887e-15,-9.355043262730385e-15,7.364265407663937e-15,4.536483325437644e-30,2.943,2.943
8.243999999999422,2.2625613467423433e-15,-9.278627344159506e-15,7.304110997906334e-15,4.4626742151192955e-30,2.943,2.943
8.245999999999423,2.244079796333797e-15,-9.202835622874202e-15,7.244447954607296e-15,4.390065987593888e-30,2.943,2.943
8.247999999999424,2.2257492109835e-15,-9.127663000169142e-15,7.18527226407942e-15,4.3186391043589805e-30,2.943,2.943
8.249999999999424,2.207568357545515e-15,-9.053104418987361e-15,7.126579945420783e-15,4.248374344805825e-30,2.943,2.943
8.251999999999425,2.1895360129467564e-15,-8.979154863580057e-15,7.068367050247148e-15,4.17925280104722e-30,2.943,2.943
8.253999999999426,2.1716509641047146e-15,-8.905809359169167e-15,7.010629662426331e-15,4.111255872829478e-30,2.943,2.943
8.255999999999426,2.153912007845846e-15,-8.833062971612706e-15,6.953363897814762e-15,4.044365262527201e-30,2.943,2.943
8.257999999999427,2.1363179508246337e-15,-8.760910807072826e-15,6.896565903996181e-15,3.978562970219475e-30,2.943,2.943
8.259999999999428,2.1188676094433073e-15,-8.689348011686606e-15,6.840231860022484e-15,3.9138312888461936e-30,2.943,2.943
8.261999999999428,2.1015598097722198e-15,-8.61836977123951e-15,6.784357976156676e-15,3.8501527994431744e-30,2.943,2.943
8.26399999999943,2.084393387470874e-15,-8.547971310841523e-15,6.7289404936179196e-15,3.787510366454802e-30,2.943,2.943
8.26599999999943,2.0673671877095952e-15,-8.478147894605944e-15,6.673975684328676e-15,3.725887133122937e-30,2.943,2.943
8.26799999999943,2.050480065091841e-15,-8.408894825330774e-15,6.6194598506639106e-15,3.665266516950859e-30,2.943,2.943
8.269999999999431,2.0337308835771488e-15,-8.340207444182734e-15,6.565389325202343e-15,3.605632205240989e-30,2.943,2.943
8.271999999999432,2.0171185164047114e-15,-8.27208113038385e-15,6.511760470479724e-15,3.546968150705232e-30,2.943,2.943
8.273999999999432,2.0006418460175767e-15,-8.2045113009006e-15,6.458569678744143e-15,3.489258567146735e-30,2.943,2.943
8.275999999999433,1.9842997639874662e-15,-8.137493410135603e-15,6.405813371713315e-15,3.432487925211898e-30,2.943,2.943
8.277999999999434,1.968091170940209e-15,-8.071022949621826e-15,6.353488000333874e-15,3.376640948211508e-30,2.943,2.943
8.279999999999434,1.952014976481784e-15,-8.005095447719286e-15,6.301590044542605e-15,3.32170260800986e-30,2.943,2.943
8.281999999999435,1.9360700991249654e-15,-7.939706469314232e-15,6.250116013029653e-15,3.2676581209807586e-30,2.943,2.943
8.283999999999436,1.9202554662165693e-15,-7.87485161552078e-15,6.1990624430036366e-15,3.2144929440293255e-30,2.943,2.943
8.285999999999436,1.9045700138652923e-15,-7.810526523384994e-15,6.148425899958713e-15,3.162192770678523e-30,2.943,2.943
8.287999999999437,1.8890126868701425e-15,-7.746726865591378e-15,6.098202977443528e-15,3.1107435272193555e-30,2.943,2.943
8.289999999999438,1.8735824386494523e-15,-7.68344835017176e-15,6.048390296832043e-15,3.0601313689237064e-30,2.943,2.943
8.291999999999438,1.8582782311704718e-15,-7.620686720216569e-15,5.998984507096258e-15,3.0103426763187926e-30,2.943,2.943
8.29399999999944,1.8430990348795383e-15,-7.558437753588456e-15,5.949982284580779e-15,2.9613640515222345e-30,2.943,2.943
8.29599999999944,1.8280438286328154e-15,-7.496697262638263e-15,5.901380332779221e-15,2.9131823146367555e-30,2.943,2.943
8.29799999999944,1.813111599627598e-15,-7.435461093923304e-15,5.8531753821124475e-15,2.8657845002035362e-30,2.943,2.943
8.299999999999441,1.7983013433341792e-15,-7.374725127927958e-15,5.805364189708618e-15,2.8191578537132777e-30,2.943,2.943
8.301999999999442,1.783612063428271e-15,-7.314485278786536e-15,5.75794353918502e-15,2.773289828174026e-30,2.943,2.943
8.303999999999442,1.769042771723981e-15,-7.254737494008413e-15,5.710910240431717e-15,2.7281680807348458e-30,2.943,2.943
8.305999999999443,1.7545924881073333e-15,-7.195477754205408e-15,5.6642611293969214e-15,2.6837804693644172e-30,2.943,2.943
8.307999999999444,1.7402602404703348e-15,-7.136702072821392e-15,5.61799306787415e-15,2.64011504958368e-30,2.943,2.943
8.309999999999444,1.726045064645578e-15,-7.078406495864094e-15,5.572102943291109e-15,2.597160071251635e-30,2.943,2.943
8.311999999999445,1.7119460043413793e-15,-7.020587101639116e-15,5.526587668500298e-15,2.554903975403442e-30,2.943,2.943
8.313999999999446,1.6979621110774468e-15,-6.963240000486102e-15,5.481444181571336e-15,2.513335391139959e-30,2.943,2.943
8.315999999999447,1.6840924441210737e-15,-6.906361334517075e-15,5.436669445584971e-15,2.4724431325678927e-30,2.943,2.943
8.317999999999447,1.6703360704238528e-15,-6.849947277356906e-15,5.392260448428783e-15,2.4322161957897347e-30,2.943,2.943
8.319999999999448,1.6566920645589074e-15,-6.7939940338859034e-15,5.348214202594548e-15,2.392643755942664e-30,2.943,2.943
8.321999999999449,1.643159508658636e-15,-6.738497839984504e-15,5.30452774497727e-15,2.3537151642856358e-30,2.943,2.943
8.32399999999945,1.6297374923529652e-15,-6.683454962280055e-15,5.2611981366758284e-15,2.3154199453338562e-30,2.943,2.943
8.32599999999945,1.6164251127081057e-15,-6.628861697895656e-15,5.218222462795285e-15,2.2777477940398883e-30,2.943,2.943
8.32799999999945,1.6032214741658103e-15,-6.57471437420106e-15,5.175597832250783e-15,2.240688573020609e-30,2.943,2.943
8.329999999999451,1.5901256884831278e-15,-6.521009348565604e-15,5.133321377573067e-15,2.2042323098292997e-30,2.943,2.943
8.331999999999452,1.577136874672648e-15,-6.4677430081131606e-15,5.091390254715568e-15,2.168369194272105e-30,2.943,2.943
8.333999999999453,1.564254158943235e-15,-6.414911769479092e-15,5.049801642863081e-15,2.1330895757681616e-30,2.943,2.943
8.335999999999453,1.5514766746412461e-15,-6.362512078569184e-15,5.008552744242009e-15,2.09838396075268e-30,2.943,2.943
8.337999999999454,1.538803562192229e-15,-6.310540410320557e-15,4.967640783932139e-15,2.064243010122269e-30,2.943,2.943
8.339999999999455,1.5262339690430958e-15,-6.258993268464523e-15,4.92706300967997e-15,2.0306575367218353e-30,2.943,2.943
8.341999999999455,1.5137670496047705e-15,-6.207867185291384e-15,4.8868166917135674e-15,1.997618502872366e-30,2.943,2.943
8.343999999999456,1.5014019651953034e-15,-6.15715872141715e-15,4.846899122558916e-15,1.965117017938933e-30,2.943,2.943
8.345999999999457,1.4891378839834505e-15,-6.106864465552162e-15,4.807307616857783e-15,1.933144335938272e-30,2.943,2.943
8.347999999999457,1.476973980932715e-15,-6.0569810342716075e-15,4.7680395111870725e-15,1.9016918531852804e-30,2.943,2.943
8.349999999999458,1.4649094377458434e-15,-6.007505071787906e-15,4.72909216387964e-15,1.870751105977813e-30,2.943,2.943
8.351999999999459,1.4529434428097786e-15,-5.958433249724958e-15,4.6904629548465945e-15,1.840313768319139e-30,2.943,2.943
8.35399999999946,1.441075191141059e-15,-5.909762266894237e-15,4.652149285401022e-15,1.8103716496774624e-30,2.943,2.943
8.35599999999946,1.4293038843316655e-15,-5.86148884907271e-15,4.61414857808318e-15,1.780916692781888e-30,2.943,2.943
8.35799999999946,1.417628730495311e-15,-5.813609748782571e-15,4.576458276487092e-15,1.7519409714542565e-30,2.943,2.943
8.359999999999461,1.4060489442141676e-15,-5.766121745072775e-15,4.539075845088587e-15,1.7234366884762458e-30,2.943,2.943
8.361999999999462,1.39456374648603e-15,-5.719021643302358e-15,4.501998769074712e-15,1.6953961734911808e-30,2.943,2.943
8.363999999999463,1.3831723646719095e-15,-5.672306274925522e-15,4.465224554174566e-15,1.6678118809399793e-30,2.943,2.943
8.365999999999463,1.3718740324440571e-15,-5.625972497278482e-15,4.428750726491496e-15,1.6406763880306834e-30,2.943,2.943
8.367999999999464,1.3606679897344105e-15,-5.580017193368047e-15,4.392574832336678e-15,1.613982392741021e-30,2.943,2.943
8.369999999999465,1.3495534826834618e-15,-5.534437271661938e-15,4.356694438064042e-15,1.5877227118534685e-30,2.943,2.943
8.371999999999465,1.3385297635895442e-15,-5.489229665880805e-15,4.321107129906567e-15,1.5618902790222877e-30,2.943,2.943
8.373999999999466,1.3275960908585318e-15,-5.4443913347919575e-15,4.285810513813889e-15,1.536478142872004e-30,2.943,2.943
8.375999999999467,1.3167517289539506e-15,-5.399919262004767e-15,4.250802215291256e-15,1.5114794651268298e-30,2.943,2.943
8.377999999999467,1.305995948347497e-15,-5.355810455767751e-15,4.216079879239781e-15,1.486887518770518e-30,2.943,2.943
8.379999999999468,1.295328025469961e-15,-5.312061948767307e-15,4.1816411697980165e-15,1.4626956862361568e-30,2.943,2.943
8.381999999999469,1.2847472426625493e-15,-5.268670797928097e-15,4.14748377018481e-15,1.4388974576254164e-30,2.943,2.943
8.38399999999947,1.2742528881286068e-15,-5.225634084215056e-15,4.113605382543449e-15,1.4154864289567682e-30,2.943,2.943
8.38599999999947,1.2638442558857321e-15,-5.182948912437022e-15,4.080003727787079e-15,1.392456300442206e-30,2.943,2.943
8.38799999999947,1.2535206457182843e-15,-5.140612411051969e-15,4.046676545445384e-15,1.3698008747920074e-30,2.943,2.943
8.389999999999471,1.2432813631302777e-15,-5.098621731973832e-15,4.0136215935125164e-15,1.3475140555470712e-30,2.943,2.943
8.391999999999472,1.233125719298661e-15,-5.056974050380908e-15,3.980836648296276e-15,1.3255898454383955e-30,2.943,2.943
8.393999999999473,1.2230530310269788e-15,-5.0156665645258216e-15,3.94831950426851e-15,1.3040223447732391e-30,2.943,2.943
8.395999999999473,1.2130626206994111e-15,-4.974696495547047e-15,3.916067973916749e-15,1.2828057498475491e-30,2.943,2.943
8.397999999999474,1.203153816235188e-15,-4.934061087281964e-15,3.884079887597037e-15,1.2619343513842079e-30,2.943,2.943
8.399999999999475,1.1933259510433774e-15,-4.893757606081447e-15,3.852353093387988e-15,1.2414025329967033e-30,2.943,2.943
8.401999999999475,1.1835783639780416e-15,-4.853783340625961e-15,3.820885456946007e-15,1.2212047696777797e-30,2.943,2.943
8.403999999999476,1.1739103992937603e-15,-4.8141356017431686e-15,3.789674861361714e-15,1.2013356263126945e-30,2.943,2.943
8.405999999999477,1.1643214066015171e-15,-4.774811722227019e-15,3.758719207017535e-15,1.18178975621665e-30,2.943,2.943
8.407999999999477,1.154810740824946e-15,-4.73580905665832e-15,3.7280164114464514e-15,1.1625618996960318e-30,2.943,2.943
8.409999999999478,1.145377762156935e-15,-4.697124981226774e-15,3.69756440919191e-15,1.1436468826330526e-30,2.943,2.943
8.411999999999479,1.1360218360165855e-15,-4.6587568935544666e-15,3.667361151668873e-15,1.1250396150934203e-30,2.943,2.943
8.41399999999948,1.1267423330065217e-15,-4.620702212520798e-15,3.637404607026006e-15,1.1067350899566651e-30,2.943,2.943
8.41599999999948,1.1175386288705496e-15,-4.582958378088843e-15,3.607692760008987e-15,1.0887283815687494e-30,2.943,2.943
8.41799999999948,1.1084101044516622e-15,-4.545522851133135e-15,3.578223611824938e-15,1.071014644416597e-30,2.943,2.943
8.419999999999481,1.099356145650386e-15,-4.508393113268846e-15,3.5489951800079588e-15,1.053589111824193e-30,2.943,2.943
8.421999999999482,1.09037614338347e-15,-4.4715666666823745e-15,3.520005498285762e-15,1.0364470946698938e-30,2.943,2.943
8.423999999999483,1.081469493542911e-15,-4.435041033963309e-15,3.4912526164473984e-15,1.0195839801246103e-30,2.943,2.943
8.425999999999483,1.072635596955313e-15,-4.398813757937764e-15,3.4627346002120633e-15,1.0029952304105179e-30,2.943,2.943
8.427999999999484,1.0638738593415802e-15,-4.362882401503082e-15,3.4344495310989626e-15,9.866763815799634e-31,2.943,2.943
8.429999999999485,1.0551836912769373e-15,-4.327244547463883e-15,3.4063955062982634e-15,9.706230423142407e-31,2.943,2.943
8.431999999999485,1.046564508151278e-15,-4.291897798369452e-15,3.3785706385430795e-15,9.548308927419083e-31,2.943,2.943
8.433999999999486,1.0380157301298369e-15,-4.256839776352458e-15,3.350973055982514e-15,9.392956832763349e-31,2.943,2.943
8.435999999999487,1.029536782114182e-15,-4.2220681229689876e-15,3.323600902055731e-15,9.240132334721568e-31,2.943,2.943
8.437999999999487,1.0211270937035268e-15,-4.187580499039888e-15,3.2964523353670646e-15,9.089794309003416e-31,2.943,2.943
8.439999999999488,1.0127860991563576e-15,-4.153374584493402e-15,3.2695255295621413e-15,8.94190230041555e-31,2.943,2.943
8.441999999999489,1.0045132373523746e-15,-4.119448078209093e-15,3.242818673205016e-15,8.796416511975316e-31,2.943,2.943
8.44399999999949,9.963079517547444e-16,-4.085798697863041e-15,3.216329969656313e-15,8.653297794201589e-31,2.943,2.943
8.44599999999949,9.881696903726598e-16,-4.052424179774305e-15,3.1900576369523598e-15,8.512507634579847e-31,2.943,2.943
8.44799999999949,9.80097905724206e-16,-4.01932227875264e-15,3.163999907685311e-15,8.374008147198644e-31,2.943,2.943
8.449999999999491,9.720920547995303e-16,-3.986490767947458e-15,3.1381550288842507e-15,8.237762062554718e-31,2.943,2.943
8.451999999999492,9.641515990243126e-16,-3.953927438698019e-15,3.1125212618972634e-15,8.10373271752395e-31,2.943,2.943
8.453999999999493,9.562760042235332e-16,-3.921630100384852e-15,3.0870968822744743e-15,7.971884045495505e-31,2.943,2.943
8.455999999999493,9.484647405855387e-16,-3.889596580282385e-15,3.0618801796520373e-15,7.84218056666649e-31,2.943,2.943
8.457999999999494,9.407172826263993e-16,-3.85782472341278e-15,3.036869457637077e-15,7.714587378494536e-31,2.943,2.943
8.459999999999495,9.330331091545584e-16,-3.826312392400963e-15,3.012063033693564e-15,7.589070146305676e-31,2.943,2.943
8.461999999999495,9.254117032357706e-16,-3.795057467330833e-15,2.987459239029134e-15,7.465595094055081e-31,2.943,2.943
8.463999999999496,9.178525521583266e-16,-3.764057845602658e-15,2.9630564184828133e-15,7.344128995238093e-31,2.943,2.943
8.465999999999497,9.103551473985615e-16,-3.733311441791618e-15,2.938852930413682e-15,7.224639163949134e-31,2.943,2.943
8.467999999999497,9.029189845866446e-16,-3.7028161875075226e-15,2.914847146590428e-15,7.1070934460861145e-31,2.943,2.943
8.469999999999498,8.955435634726502e-16,-3.672570031255657e-15,2.8910374520818215e-15,6.991460210697914e-31,2.943,2.943
8.471999999999499,8.882283878929033e-16,-3.6425709382987775e-15,2.8674222451480636e-15,6.877708341472656e-31,2.943,2.943
8.4739999999995,8.809729657366025e-16,-3.612816890520227e-15,2.8439999371330378e-15,6.765807228364474e-31,2.943,2.943
8.4759999999995,8.737768089127135e-16,-3.583305886288172e-15,2.820768952357441e-15,6.655726759356499e-31,2.943,2.943
8.4779999999995,8.666394333171346e-16,-3.554035940320949e-15,2.7977277280127768e-15,6.547437312357872e-31,2.943,2.943
8.479999999999501,8.595603588001295e-16,-3.5250050835535077e-15,2.7748747140562257e-15,6.440909747232593e-31,2.943,2.943
8.481999999999502,8.525391091340264e-16,-3.4962113630049465e-15,2.752208373106368e-15,6.336115397958057e-31,2.943,2.943
8.483999999999503,8.455752119811808e-16,-3.4676528416471314e-15,2.7297271803397616e-15,6.233026064911173e-31,2.943,2.943
8.485999999999503,8.386681988622004e-16,-3.439327598274388e-15,2.7074296233883587e-15,6.131614007279992e-31,2.943,2.943
8.487999999999504,8.318176051244291e-16,-3.411233727374254e-15,2.685314202237774e-15,6.031851935598797e-31,2.943,2.943
8.489999999999505,8.250229699106888e-16,-3.3833693389992946e-15,2.663379429126363e-15,5.93371300440464e-31,2.943,2.943
8.491999999999505,8.18283836128276e-16,-3.355732558639957e-15,2.6416238284451447e-15,5.837170805013381e-31,2.943,2.943
8.493999999999506,8.115997504182121e-16,-3.32832152709847e-15,2.620045936638534e-15,5.7421993584132295e-31,2.943,2.943
8.495999999999507,8.049702631247452e-16,-3.301134400363769e-15,2.598644302105879e-15,5.648773108273935e-31,2.943,2.943
8.497999999999507,7.983949282651001e-16,-3.274169349487446e-15,2.577417485103812e-15,5.5568669140697075e-31,2.943,2.943
8.499999999999508,7.918733034994758e-16,-3.2474245604607115e-15,2.556364057649392e-15,5.466456044314027e-31,2.943,2.943
8.501999999999509,7.854049501012888e-16,-3.2208982340923594e-15,2.535482603424044e-15,5.377516169904536e-31,2.943,2.943
8.50399999999951,7.78989432927658e-16,-3.1945885858877335e-15,2.514771717678275e-15,5.290023357576188e-31,2.943,2.943
8.50599999999951,7.726263203901323e-16,-3.1684938459286786e-15,2.4942300071371767e-15,5.2039540634609455e-31,2.943,2.943
8.50799999999951,7.663151844256559e-16,-3.1426122587544734e-15,2.4738560899066954e-15,5.1192851267522325e-31,2.943,2.943
8.509999999999511,7.600556004677717e-16,-3.1169420832437362e-15,2.4536485953806674e-15,5.0359937634724875e-31,2.943,2.943
8.511999999999512,7.538471474180598e-16,-3.0914815924972954e-15,2.4336061641486136e-15,4.954057560342103e-31,2.943,2.943
8.513999999999513,7.476894076178084e-16,-3.0662290737220164e-15,2.413727447904292e-15,4.873454468748138e-31,2.943,2.943
8.515999999999513,7.415819668199178e-16,-3.041182828115578e-15,2.3940111093549905e-15,4.794162798811144e-31,2.943,2.943
8.517999999999514,7.355244141610321e-16,-3.016341170752188e-15,2.3744558221315664e-15,4.7161612135485244e-31,2.943,2.943
8.519999999999515,7.295163421338997e-16,-2.9917024304692366e-15,2.3550602706992155e-15,4.63942872313287e-31,2.943,2.943
8.521999999999515,7.235573465599596e-16,-2.96726494975487e-15,2.3358231502689743e-15,4.563944679243697e-31,2.943,2.943
8.523999999999516,7.176470265621502e-16,-2.9430270846364875e-15,2.316743166709942e-15,4.489688769511098e-31,2.943,2.943
8.525999999999517,7.117849845379425e-16,-2.918987204570146e-15,2.297819036462224e-15,4.416641012049776e-31,2.943,2.943
8.527999999999517,7.059708261325915e-16,-2.89514369233087e-15,2.2790494864505794e-15,4.344781750082033e-31,2.943,2.943
8.529999999999518,7.002041602126074e-16,-2.8714949439038552e-15,2.2604332539987822e-15,4.27409164664822e-31,2.943,2.943
8.531999999999519,6.944845988394428e-16,-2.8480393683765642e-15,2.2419690867446734e-15,4.204551679403271e-31,2.943,2.943
8.53399999999952,6.888117572433949e-16,-2.8247753878317e-15,2.2236557425559144e-15,4.13614313549788e-31,2.943,2.943
8.53599999999952,6.831852537977216e-16,-2.8017014372410567e-15,2.2054919894464254e-15,4.068847606542972e-31,2.943,2.943
8.53799999999952,6.776047099929679e-16,-2.7788159643602354e-15,2.1874766054935055e-15,4.0026469836561e-31,2.943,2.943
8.539999999999521,6.720697504115032e-16,-2.75611742962422e-15,2.169608378755631e-15,3.937523452588436e-31,2.943,2.943
8.541999999999522,6.665800027022652e-16,-2.7336043060438086e-15,2.151886107190924e-15,3.873459488931047e-31,2.943,2.943
8.543999999999523,6.611350975557116e-16,-2.7112750791028867e-15,2.1343085985762915e-15,3.8104378533991706e-31,2.943,2.943
8.545999999999523,6.557346686789752e-16,-2.689128246656544e-15,2.1168746704272155e-15,3.748441587193205e-31,2.943,2.943
8.547999999999524,6.503783527712227e-16,-2.667162318830019e-15,2.099583149918212e-15,3.6874540074351915e-31,2.943,2.943
8.549999999999525,6.450657894992146e-16,-2.6453758179184725e-15,2.082432873803924e-15,3.627458702679528e-31,2.943,2.943
8.551999999999525,6.397966214730643e-16,-2.623767278287579e-15,2.065422688340872e-15,3.568439528496737e-31,2.943,2.943
8.553999999999526,6.345704942221958e-16,-2.6023352462749295e-15,2.048551449209837e-15,3.5103806031290872e-31,2.943,2.943
8.555999999999527,6.293870561714974e-16,-2.5810782800922384e-15,2.0318180214388802e-15,3.453266303216886e-31,2.943,2.943
8.557999999999527,6.242459586176706e-16,-2.559994949728352e-15,2.01522127932699e-15,3.397081259594317e-31,2.943,2.943
8.559999999999528,6.191468557057718e-16,-2.5390838368530484e-15,1.998760106368351e-15,3.3418103531536756e-31,2.943,2.943
8.561999999999529,6.140894044059453e-16,-2.5183435347216216e-15,1.982433395177238e-15,3.2874387107768963e-31,2.943,2.943
8.56399999999953,6.090732644903477e-16,-2.4977726480802465e-15,1.9662400474135166e-15,3.2339517013332687e-31,2.943,2.943
8.56599999999953,6.04098098510259e-16,-2.477369793072117e-15,1.9501789737087545e-15,3.1813349317422785e-31,2.943,2.943
8.56799999999953,5.991635717733821e-16,-2.4571335971443495e-15,1.9342490935929388e-15,3.129574243100504e-31,2.943,2.943
8.569999999999531,5.942693523213271e-16,-2.4370626989556485e-15,1.9184493354217885e-15,3.078655706871523e-31,2.943,2.943
8.571999999999532,5.894151109072792e-16,-2.4171557482847257e-15,1.9027786363046615e-15,3.028565621137817e-31,2.943,2.943
8.573999999999533,5.8460052097384995e-16,-2.3974114059394665e-15,1.8872359420330553e-15,2.9792905069136607e-31,2.943,2.943
8.575999999999533,5.798252586311088e-16,-2.3778283436668398e-15,1.871820207009683e-15,2.9308171045179877e-31,2.943,2.943
8.577999999999534,5.750890026347937e-16,-2.3584052440635417e-15,1.8565303941781357e-15,2.8831323700062825e-31,2.943,2.943
8.579999999999535,5.703914343647008e-16,-2.3391408004873723e-15,1.841365474953115e-15,2.8362234716605207e-31,2.943,2.943
8.581999999999535,5.657322378032496e-16,-2.3200337169693326e-15,1.826324429151241e-15,2.7900777865362206e-31,2.943,2.943
8.583999999999536,5.6111109951422395e-16,-2.3010827081264425e-15,1.811406244922417e-15,2.7446828970656725e-31,2.943,2.943
8.585999999999537,5.565277086216862e-16,-2.2822864990752693e-15,1.796609918681765e-15,2.7000265877164348e-31,2.943,2.943
8.587999999999537,5.519817567890636e-16,-2.2636438253461635e-15,1.781934455042108e-15,2.6560968417041936e-31,2.943,2.943
8.589999999999538,5.474729381984061e-16,-2.2451534327981937e-15,1.7673788667470091e-15,2.6128818377591167e-31,2.943,2.943
8.591999999999539,5.430009495298129e-16,-2.226814077534778e-15,1.7529421746043567e-15,2.570369946944801e-31,2.943,2.943
8.59399999999954,5.385654899410275e-16,-2.208624525820004e-15,1.7386234074204915e-15,2.5285497295289866e-31,2.943,2.943
8.59599999999954,5.34166261047199e-16,-2.190583553995631e-15,1.7244216019348701e-15,2.487409931905189e-31,2.943,2.943
8.59799999999954,5.298029669008093e-16,-2.1726899483987735e-15,1.7103358027552668e-15,2.4469394835644063e-31,2.943,2.943
8.599999999999541,5.254753139717638e-16,-2.154942505280253e-15,1.6963650622935008e-15,2.4071274941161025e-31,2.943,2.943
8.601999999999542,5.211830111276448e-16,-2.1373400307236187e-15,1.6825084407016871e-15,2.3679632503576614e-31,2.943,2.943
8.603999999999543,5.169257696141265e-16,-2.1198813405648317e-15,1.6687650058090134e-15,2.329436213391514e-31,2.943,2.943
8.605999999999543,5.127033030355494e-16,-2.102565260312601e-15,1.6551338330590309e-15,2.291536015789182e-31,2.943,2.943
8.607999999999544,5.08515327335654e-16,-2.0853906250693736e-15,1.6416140054474549e-15,2.2542524588014486e-31,2.943,2.943
8.609999999999545,5.043615607784715e-16,-2.068356279452968e-15,1.628204613460477e-15,2.217575509613934e-31,2.943,2.943
8.611999999999545,5.002417239293707e-16,-2.0514610775188496e-15,1.6149047550135789e-15,2.18149529864731e-31,2.943,2.943
8.613999999999546,4.961555396362597e-16,-2.0347038826830392e-15,1.6017135353908458e-15,2.1460021169014504e-31,2.943,2.943
8.615999999999547,4.921027330109411e-16,-2.018083567645653e-15,1.5886300671847802e-15,2.1110864133427892e-31,2.943,2.943
8.617999999999547,4.8808303141061995e-16,-2.0015990143150646e-15,1.5756534702366003e-15,2.0767387923341857e-31,2.943,2.943
8.619999999999548,4.840961644195617e-16,-1.9852491137326904e-15,1.5627828715770296e-15,2.042950011106602e-31,2.943,2.943
8.621999999999549,4.80141863830901e-16,-1.969032765998385e-15,1.5500174053675725e-15,2.0097109772719326e-31,2.943,2.943
8.62399999999955,4.76219863628599e-16,-1.952948880196449e-15,1.5373562128422647e-15,1.9770127463762744e-31,2.943,2.943
8.62599999999955,4.723298999695473e-16,-1.9369963743222403e-15,1.5247984422499028e-15,1.9448465194930329e-31,2.943,2.943
8.62799999999955,4.684717111658185e-16,-1.921174175209385e-15,1.5123432487967444e-15,1.9132036408551683e-31,2.943,2.943
8.629999999999551,4.646450376670623e-16,-1.905481218457582e-15,1.4999897945896777e-15,1.8820755955259765e-31,2.943,2.943
8.631999999999552,4.608496220430445e-16,-1.889916448360998e-15,1.487737248579852e-15,1.8514540071077614e-31,2.943,2.943
8.633999999999553,4.57085208966329e-16,-1.874478817837249e-15,1.4755847865067734e-15,1.821330635487789e-31,2.943,2.943
8.635999999999553,4.533515451951013e-16,-1.8591672883569584e-15,1.463531590842853e-15,1.7916973746209177e-31,2.943,2.943
8.637999999999554,4.496483795561323e-16,-1.8439808298738938e-15,1.4515768507384105e-15,1.7625462503482995e-31,2.943,2.943
8.639999999999555,4.459754629278814e-16,-1.8289184207556724e-15,1.4397197619671257e-15,1.7338694182515785e-31,2.943,2.943
8.641999999999555,4.423325482237371e-16,-1.8139790477150333e-15,1.4279595268719375e-15,1.7056591615419945e-31,2.943,2.943
8.643999999999556,4.3871939037539496e-16,-1.799161705741671e-15,1.416295354311381e-15,1.677907888983837e-31,2.943,2.943
8.645999999999557,4.3513574631637144e-16,-1.7844653980346264e-15,1.4047264596063676e-15,1.6506081328516816e-31,2.943,2.943
8.647999999999557,4.315813749656519e-16,-1.7698891359352285e-15,1.3932520644873958e-15,1.6237525469208634e-31,2.943,2.943
8.649999999999558,4.280560372114727e-16,-1.755431938860585e-15,1.3818713970421974e-15,1.597333904490646e-31,2.943,2.943
8.651999999999559,4.2455949589523533e-16,-1.7410928342376162e-15,1.3705836916638063e-15,1.5713450964395516e-31,2.943,2.943
8.65399999999956,4.210915157955522e-16,-1.7268708574376274e-15,1.3593881889990555e-15,1.5457791293123355e-31,2.943,2.943
8.65599999999956,4.1765186361242276e-16,-1.712765051711416e-15,1.3482841358974937e-15,1.5206291234380809e-31,2.943,2.943
8.65799999999956,4.1424030795153875e-16,-1.698774468124908e-15,1.337270785360718e-15,1.495888311078915e-31,2.943,2.943
8.659999999999561,4.108566193087177e-16,-1.6848981654953214e-15,1.3263473964921221e-15,1.4715500346088476e-31,2.943,2.943
8.661999999999562,4.0750057005446356e-16,-1.6711352103278499e-15,1.3155132344470544e-15,1.4476077447222344e-31,2.943,2.943
8.663999999999563,4.0417193441865356e-16,-1.6574846767528645e-15,1.3047675703833818e-15,1.424054998671395e-31,2.943,2.943
8.665999999999563,4.0087048847535e-16,-1.6439456464636279e-15,1.294109681412461e-15,1.400885458532902e-31,2.943,2.943
8.667999999999564,3.975960101277362e-16,-1.630517208654517e-15,1.283538850550506e-15,1.3780928895020766e-31,2.943,2.943
8.669999999999565,3.943482790931755e-16,-1.6171984599597521e-15,1.273054366670353e-15,1.355671158215237e-31,2.943,2.943
8.671999999999565,3.911270768883922e-16,-1.6039885043926234e-15,1.262655524453627e-15,1.3336142310992407e-31,2.943,2.943
8.673999999999566,3.8793218681477365e-16,-1.590886453285217e-15,1.2523416243432858e-15,1.3119161727478788e-31,2.943,2.943
8.675999999999567,3.8476339394379245e-16,-1.5778914252286309e-15,1.2421119724965657e-15,1.2905711443246937e-31,2.943,2.943
8.677999999999567,3.8162048510254757e-16,-1.5650025460136813e-15,1.2319658807382994e-15,1.2695734019917708e-31,2.943,2.943
8.679999999999568,3.7850324885942363e-16,-1.5522189485720917e-15,1.2219026665146247e-15,1.2489172953641086e-31,2.943,2.943
8.681999999999569,3.7541147550986743e-16,-1.5395397729181631e-15,1.2119216528470655e-15,1.2285972659891234e-31,2.943,2.943
8.68399999999957,3.723449570622806e-16,-1.5269641660909204e-15,1.202022168286989e-15,1.2086078458509011e-31,2.943,2.943
8.68599999999957,3.6930348722402734e-16,-1.5144912820967316e-15,1.1922035468704378e-15,1.1889436558987813e-31,2.943,2.943
8.68799999999957,3.662868613875567e-16,-1.5021202818523957e-15,1.1824651280733265e-15,1.1695994045998815e-31,2.943,2.943
8.689999999999571,3.6329487661663804e-16,-1.4898503331286954e-15,1.172806256767008e-15,1.1505698865151743e-31,2.943,2.943
8.691999999999572,3.6032733163270903e-16,-1.477680610494411e-15,1.1632262831742004e-15,1.1318499808987291e-31,2.943,2.943
8.693999999999573,3.57384026801335e-16,-1.465610295260791e-15,1.1537245628252766e-15,1.1134346503197468e-31,2.943,2.943
8.695999999999573,3.5446476411877924e-16,-1.4536385754264775e-15,1.1443004565149072e-15,1.095318939307011e-31,2.943,2.943
8.697999999999574,3.515693471986825e-16,-1.44176464562288e-15,1.1349533302590588e-15,1.0774979730153984e-31,2.943,2.943
8.699999999999575,3.486975812588518e-16,-1.4299877070599967e-15,1.1256825552523476e-15,1.0599669559140803e-31,2.943,2.943
8.701999999999575,3.458492731081568e-16,-1.418306967472678e-15,1.1164875078257345e-15,1.0427211704960727e-31,2.943,2.943
8.703999999999576,3.4302423113353344e-16,-1.4067216410673278e-15,1.1073675694045719e-15,1.0257559760087774e-31,2.943,2.943
8.705999999999577,3.402222652870935e-16,-1.3952309484690425e-15,1.0983221264669885e-15,1.009066807205179e-31,2.943,2.943
8.707999999999577,3.374431870733397e-16,-1.3838341166691793e-15,1.0893505705026173e-15,9.926491731153618e-32,2.943,2.943
8.709999999999578,3.3468680953648496e-16,-1.3725303789733545e-15,1.0804522979716601e-15,9.76498655838012e-32,2.943,2.943
8.711999999999579,3.3195294724787563e-16,-1.361318974949866e-15,1.0716267102642842e-15,9.606109093515824e-32,2.943,2.943
8.71399999999958,3.2924141629351706e-16,-1.3501991503785362e-15,1.0628732136603537e-15,9.449816583448019e-32,2.943,2.943
8.71599999999958,3.2655203426170126e-16,-1.339170157199975e-15,1.054191219289487e-15,9.296066970662086e-32,2.943,2.943
8.71799999999958,3.2388462023073566e-16,-1.3282312534652556e-15,1.0455801430914438e-15,9.144818881924061e-32,2.943,2.943
8.719999999999581,3.2123899475677195e-16,-1.3173817032860003e-15,1.0370394057768328e-15,8.996031617147301e-32,2.943,2.943
8.721999999999582,3.186149798617345e-16,-1.306620776784877e-15,1.0285684327881409e-15,8.849665138440288e-32,2.943,2.943
8.723999999999583,3.1601239902134714e-16,-1.2959477500464983e-15,1.0201666542610817e-15,8.705680059332658e-32,2.943,2.943
8.725999999999583,3.1343107715325826e-16,-1.2853619050687207e-15,1.0118335049862609e-15,8.564037634176484e-32,2.943,2.943
8.727999999999584,3.108708406052622e-16,-1.2748625297143437e-15,1.0035684243711502e-15,8.424699747720031e-32,2.943,2.943
8.729999999999585,3.083315171436175e-16,-1.2644489176632026e-15,9.953708564023763e-16,8.287628904851134e-32,2.943,2.943
8.731999999999585,3.0581293594146003e-16,-1.2541203683646516e-15,9.872402496083177e-16,8.152788220507456e-32,2.943,2.943
8.733999999999586,3.033149275673113e-16,-1.243876186990437e-15,9.79176057022003e-16,8.020141409750907e-32,2.943,2.943
8.735999999999587,3.0083732397368014e-16,-1.2337156843879536e-15,9.711777361443174e-16,7.889652778003547e-32,2.943,2.943
8.737999999999587,2.983799584857578e-16,-1.2236381770338838e-15,9.632447489075065e-16,7.761287211442371e-32,2.943,2.943
8.739999999999588,2.9594266579020537e-16,-1.2136429869882154e-15,9.553765616389786e-16,7.635010167550343e-32,2.943,2.943
8.741999999999589,2.9352528192403256e-16,-1.2037294418486344e-15,9.475726450254041e-16,7.510787665821194e-32,2.943,2.943
8.74399999999959,2.911276442635676e-16,-1.1938968747052913e-15,9.398324740771062e-16,7.388586278615429e-32,2.943,2.943
8.74599999999959,2.887495915135172e-16,-1.1841446240959361e-15,9.321555280927445e-16,7.268373122165137e-32,2.943,2.943
8.74799999999959,2.8639096369611555e-16,-1.1744720339614198e-15,9.245412906242864e-16,7.150115847725128e-32,2.943,2.943
8.749999999999591,2.840516021403625e-16,-1.1648784536015598e-15,9.169892494422618e-16,7.033782632868044e-32,2.943,2.943
8.751999999999592,2.8173134947134915e-16,-1.1553632376313658e-15,9.094988965013071e-16,6.919342172921117e-32,2.943,2.943
8.753999999999593,2.794300495996708e-16,-1.1459257459376226e-15,9.020697279059858e-16,6.806763672542244e-32,2.943,2.943
8.755999999999593,2.771475477109267e-16,-1.1365653436358287e-15,8.947012438768911e-16,6.696016837433103e-32,2.943,2.943
8.757999999999594,2.7488369025530484e-16,-1.1272814010274852e-15,8.873929487170239e-16,6.587071866187134e-32,2.943,2.943
8.759999999999595,2.726383249372527e-16,-1.1180732935577351e-15,8.801443507784461e-16,6.479899442270114e-32,2.943,2.943
8.761999999999595,2.7041130070523164e-16,-1.1089404017733472e-15,8.729549624292066e-16,6.374470726131234e-32,2.943,2.943
8.763999999999596,2.6820246774155537e-16,-1.0998821112810447e-15,8.658243000205364e-16,6.27075734744253e-32,2.943,2.943
8.765999999999597,2.6601167745231134e-16,-1.0908978127061722e-15,8.587518838543125e-16,6.168731397464563e-32,2.943,2.943
8.767999999999597,2.638387824573644e-16,-1.0819869016517026e-15,8.517372381507878e-16,6.068365421536325e-32,2.943,2.943
8.769999999999598,2.616836365804423e-16,-1.0731487786575774e-15,8.447798910165831e-16,5.969632411687332e-32,2.943,2.943
8.771999999999599,2.5954609483930165e-16,-1.0643828491603789e-15,8.378793744129434e-16,5.872505799369913e-32,2.943,2.943
8.7739999999996,2.5742601343597513e-16,-1.0556885234533333e-15,8.310352241242495e-16,5.776959448309749e-32,2.943,2.943
8.7759999999996,2.5532324974709744e-16,-1.0470652166466392e-15,8.242469797267911e-16,5.682967647472745e-32,2.943,2.943
8.7779999999996,2.5323766231431075e-16,-1.0385123486281202e-15,8.175141845577912e-16,5.590505104146313e-32,2.943,2.943
8.779999999999601,2.5116911083474846e-16,-1.0300293440241996e-15,8.108363856846865e-16,5.499546937133229e-32,2.943,2.943
8.781999999999602,2.491174561515967e-16,-1.0216156321611935e-15,8.042131338746569e-16,5.410068670056244e-32,2.943,2.943
8.783999999999603,2.470825602447328e-16,-1.0132706470269204e-15,7.976439835644035e-16,5.322046224771602e-32,2.943,2.943
8.785999999999603,2.4506428622144033e-16,-1.0049938272326234e-15,7.911284928301767e-16,5.235455914889745e-32,2.943,2.943
8.787999999999604,2.430624983072001e-16,-9.967846159752048e-16,7.846662233580451e-16,5.150274439401421e-32,2.943,2.943
8.789999999999605,2.410770618365561e-16,-9.88642460999768e-16,7.782567404144091e-16,5.066478876407507e-32,2.943,2.943
8.791999999999605,2.3910784324405627e-16,-9.805668145624662e-16,7.718996128167555e-16,4.984046676950835e-32,2.943,2.943
8.793999999999606,2.371547100552672e-16,-9.725571333936545e-16,7.655944129046512e-16,4.9029556589483867e-32,2.943,2.943
8.795999999999607,2.3521753087786227e-16,-9.646128786613417e-16,7.593407165109728e-16,4.823184001222217e-32,2.943,2.943
8.797999999999607,2.3329617539278244e-16,-9.567335159349428e-16,7.53138102933372e-16,4.7447102376274694e-32,2.943,2.943
8.799999999999608,2.3139051434546954e-16,-9.489185151493262e-16,7.469861549059733e-16,4.667513251275963e-32,2.943,2.943
8.801999999999609,2.295004195371708e-16,-9.411673505691544e-16,7.408844585713046e-16,4.591572268853735e-32,2.943,2.943
8.80399999999961,2.2762576381631454e-16,-9.33479500753517e-16,7.34832603452455e-16,4.516866855031058e-32,2.943,2.943
8.80599999999961,2.2576642106995667e-16,-9.258544485208513e-16,7.288301824254613e-16,4.443376906963385e-32,2.943,2.943
8.80799999999961,2.2392226621529646e-16,-9.182916809141512e-16,7.228767916919193e-16,4.371082648881785e-32,2.943,2.943
8.809999999999611,2.2209317519126194e-16,-9.107906891664582e-16,7.169720307518201e-16,4.2999646267713844e-32,2.943,2.943
8.811999999999612,2.2027902495016406e-16,-9.03350968666636e-16,7.111155023766068e-16,4.2300037031363896e-32,2.943,2.943
8.813999999999613,2.1847969344941893e-16,-8.959720189254236e-16,7.053068125824515e-16,4.1611810518502853e-32,2.943,2.943
8.815999999999613,2.1669505964333767e-16,-8.886533435417667e-16,6.995455706037526e-16,4.093478153089822e-32,2.943,2.943
8.817999999999614,2.1492500347498338e-16,-8.813944501694225e-16,6.938313888668451e-16,4.026876788351418e-32,2.943,2.943
8.819999999999615,2.1316940586809462e-16,-8.741948504838392e-16,6.881638829639281e-16,3.9613590355486664e-32,2.943,2.943
8.821999999999615,2.1142814871907478e-16,-8.67054060149305e-16,6.825426716272052e-16,3.8969072641895834e-32,2.943,2.943
8.823999999999616,2.0970111488904704e-16,-8.599715987863651e-16,6.76967376703236e-16,3.8335041306323375e-32,2.943,2.943
8.825999999999617,2.07988188195974e-16,-8.529469899395057e-16,6.714376231274948e-16,3.7711325734181617e-32,2.943,2.943
8.827999999999617,2.0628925340684194e-16,-8.459797610451019e-16,6.659530388991414e-16,3.709775808680205e-32,2.943,2.943
8.829999999999618,2.0460419622990872e-16,-8.390694433996262e-16,6.605132550559941e-16,3.649417325627079e-32,2.943,2.943
8.831999999999619,2.029329033070151e-16,-8.322155721281186e-16,6.551179056497089e-16,3.590040882099886e-32,2.943,2.943
8.83399999999962,2.0127526220595888e-16,-8.254176861529127e-16,6.497666277211616e-16,3.531630500201539e-32,2.943,2.943
8.83599999999962,1.9963116141293125e-16,-8.186753281626178e-16,6.444590612760308e-16,3.474170461997194e-32,2.943,2.943
8.83799999999962,1.9800049032501496e-16,-8.119880445813547e-16,6.391948492605793e-16,3.41764530528463e-32,2.943,2.943
8.839999999999621,1.963831392427438e-16,-8.053553855382423e-16,6.339736375376346e-16,3.362039819433448e-32,2.943,2.943
8.841999999999622,1.9477899936272285e-16,-7.987769048371336e-16,6.287950748627658e-16,3.307339041291978e-32,2.943,2.943
8.843999999999623,1.9318796277030894e-16,-7.922521599265988e-16,6.236588128606528e-16,3.253528251160758e-32,2.943,2.943
8.845999999999623,1.9160992243235102e-16,-7.857807118701539e-16,6.185645060016529e-16,3.20059296883155e-32,2.943,2.943
8.847999999999624,1.900447721899897e-16,-7.793621253167325e-16,6.135118115785527e-16,3.1485189496907805e-32,2.943,2.943
8.849999999999625,1.8849240675151572e-16,-7.729959684713981e-16,6.085003896835166e-16,3.097292180886396e-32,2.943,2.943
8.851999999999626,1.8695272168528666e-16,-7.666818130662965e-16,6.035299031852176e-16,3.0468988775570716e-32,2.943,2.943
8.853999999999626,1.8542561341270155e-16,-7.60419234331845e-16,5.986000177061596e-16,2.9973254791227745e-32,2.943,2.943
8.855999999999627,1.8391097920123296e-16,-7.542078109681573e-16,5.937104016001823e-16,2.9485586456356856e-32,2.943,2.943
8.857999999999628,1.8240871715751577e-16,-7.480471251167011e-16,5.888607259301498e-16,2.9005852541904845e-32,2.943,2.943
8.859999999999628,1.8091872622049268e-16,-7.419367623321881e-16,5.840506644458234e-16,2.8533923953930445e-32,2.943,2.943
8.861999999999629,1.7944090615461547e-16,-7.358763115546926e-16,5.792798935619127e-16,2.806967369886578e-32,2.943,2.943
8.86399999999963,1.7797515754310197e-16,-7.298653650819993e-16,5.745480923363078e-16,2.761297684934308e-32,2.943,2.943
8.86599999999963,1.7652138178124798e-16,-7.239035185421755e-16,5.698549424484888e-16,2.7163710510577346e-32,2.943,2.943
8.86799999999963,1.7507948106979387e-16,-7.179903708663682e-16,5.652001281781111e-16,2.6721753787295994e-32,2.943,2.943
8.869999999999632,1.7364935840834544e-16,-7.121255242618227e-16,5.60583336383767e-16,2.6286987751206576e-32,2.943,2.943
8.871999999999632,1.722309175888484e-16,-7.06308584185123e-16,5.560042564819183e-16,2.585929540899374e-32,2.943,2.943
8.873999999999633,1.708240631891162e-16,-7.005391593156489e-16,5.514625804260041e-16,2.5438561670836983e-32,2.943,2.943
8.875999999999634,1.6942870056641077e-16,-6.948168615292511e-16,5.469580026857168e-16,2.502467331944052e-32,2.943,2.943
8.877999999999634,1.680447358510756e-16,-6.891413058721417e-16,5.424902202264485e-16,2.4617518979567114e-32,2.943,2.943
8.879999999999635,1.6667207594022098e-16,-6.835121105349963e-16,5.380589324889054e-16,2.4216989088067598e-32,2.943,2.943
8.881999999999636,1.653106284914606e-16,-6.779288968272697e-16,5.336638413688878e-16,2.3822975864397918e-32,2.943,2.943
8.883999999999636,1.6396030191669953e-16,-6.723912891517197e-16,5.293046511972364e-16,2.3435373281616003e-32,2.943,2.943
8.885999999999637,1.6262100537597284e-16,-6.668989149791399e-16,5.249810687199416e-16,2.3054077037850436e-32,2.943,2.943
8.887999999999638,1.6129264877133454e-16,-6.614514048232992e-16,5.206928030784156e-16,2.2678984528233364e-32,2.943,2.943
8.889999999999638,1.599751427407965e-16,-6.560483922160845e-16,5.164395657899256e-16,2.2309994817290032e-32,2.943,2.943
8.891999999999639,1.5866839865231672e-16,-6.506895136828484e-16,5.122210707281865e-16,2.1947008611777572e-32,2.943,2.943
8.89399999999964,1.57372328597837e-16,-6.453744087179569e-16,5.080370341041133e-16,2.158992823396572e-32,2.943,2.943
8.89599999999964,1.5608684538736898e-16,-6.401027197605371e-16,5.038871744467289e-16,2.123865759535221e-32,2.943,2.943
8.89799999999964,1.5481186254312873e-16,-6.348740921704234e-16,4.997712125842294e-16,2.0893102170805877e-32,2.943,2.943
8.899999999999642,1.5354729429371914e-16,-6.296881742043e-16,4.956888716252032e-16,2.055316897313039e-32,2.943,2.943
8.901999999999642,1.5229305556835988e-16,-6.245446169920378e-16,4.916398769400043e-16,2.0218766528041916e-32,2.943,2.943
8.903999999999643,1.5104906199116443e-16,-6.194430745132257e-16,4.876239561422762e-16,1.9889804849553827e-32,2.943,2.943
8.905999999999644,1.4981522987546392e-16,-6.143832035738922e-16,4.836408390706292e-16,1.9566195415761955e-32,2.943,2.943
8.907999999999644,1.4859147621817727e-16,-6.093646637834182e-16,4.796902577704648e-16,1.924785114502378e-32,2.943,2.943
8.909999999999645,1.4737771869422747e-16,-6.04387117531638e-16,4.7577194647595e-16,1.8934686372525215e-32,2.943,2.943
8.911999999999646,1.461738756510032e-16,-5.994502299661276e-16,4.718856415921387e-16,1.8626616827228645e-32,2.943,2.943
8.913999999999646,1.44979866102866e-16,-5.945536689696777e-16,4.680310816772391e-16,1.8323559609196015e-32,2.943,2.943
8.915999999999647,1.4379560972570199e-16,-5.896971051379522e-16,4.642080074250255e-16,1.8025433167280898e-32,2.943,2.943
8.917999999999648,1.4262102685151845e-16,-5.848802117573273e-16,4.604161616473944e-16,1.7732157277183465e-32,2.943,2.943
8.919999999999648,1.4145603846308422e-16,-5.801026647829137e-16,4.566552892570624e-16,1.7443653019862584e-32,2.943,2.943
8.921999999999649,1.4030056618861403e-16,-5.753641428167562e-16,4.529251372504062e-16,1.7159842760299068e-32,2.943,2.943
8.92399999999965,1.3915453229649622e-16,-5.706643270862135e-16,4.492254546904423e-16,1.68806501266045e-32,2.943,2.943
8.92599999999965,1.380178596900636e-16,-5.660029014225123e-16,4.455559926899458e-16,1.660599998946996e-32,2.943,2.943
8.92799999999965,1.3689047190240683e-16,-5.613795522394792e-16,4.4191650439470676e-16,1.6335818441949107e-32,2.943,2.943
8.929999999999652,1.3577229309123043e-16,-5.567939685124438e-16,4.3830674496692426e-16,1.6070032779570194e-32,2.943,2.943
8.931999999999652,1.3466324803375062e-16,-5.522458417573159e-16,4.347264715687354e-16,1.5808571480771667e-32,2.943,2.943
8.933999999999653,1.3356326212163482e-16,-5.477348660098326e-16,4.3117544334587866e-16,1.555136418765609e-32,2.943,2.943
8.935999999999654,1.3247226135598267e-16,-5.432607378049757e-16,4.276534214114911e-16,1.529834168705717e-32,2.943,2.943
8.937999999999654,1.3139017234234784e-16,-5.388231561565564e-16,4.2416016883003817e-16,1.5049435891914884e-32,2.943,2.943
8.939999999999655,1.3031692228580067e-16,-5.344218225369676e-16,4.2069545060137366e-16,1.4804579822953557e-32,2.943,2.943
8.941999999999656,1.29252438986031e-16,-5.300564408571007e-16,4.172590336449318e-16,1.456370759065812e-32,2.943,2.943
8.943999999999656,1.2819665083249108e-16,-5.257267174464272e-16,4.138506867840464e-16,1.4326754377543567e-32,2.943,2.943
8.945999999999657,1.2714948679957822e-16,-5.214323610332431e-16,4.104701807303991e-16,1.4093656420712873e-32,2.943,2.943
8.947999999999658,1.261108764418566e-16,-5.171730827250733e-16,4.0711728806859506e-16,1.3864350994698783e-32,2.943,2.943
8.949999999999658,1.250807498893183e-16,-5.12948595989238e-16,4.0379178324086353e-16,1.3638776394584648e-32,2.943,2.943
8.951999999999659,1.2405903784268294e-16,-5.087586166335766e-16,4.0049344253188457e-16,1.3416871919399993e-32,2.943,2.943
8.95399999999966,1.2304567156873574e-16,-5.04602862787329e-16,3.9722204405373847e-16,1.319857785578617e-32,2.943,2.943
8.95599999999966,1.2204058289570363e-16,-5.00481054882174e-16,3.939773677309793e-16,1.2983835461927803e-32,2.943,2.943
8.957999999999661,1.210437042086692e-16,-4.963929156334216e-16,3.9075919528582976e-16,1.2772586951745682e-32,2.943,2.943
8.959999999999662,1.2005496844502213e-16,-4.923381700213598e-16,3.875673102234972e-16,1.2564775479346816e-32,2.943,2.943
8.961999999999662,1.1907430908994752e-16,-4.883165452727525e-16,3.8440149781760883e-16,1.236034512372748e-32,2.943,2.943
8.963999999999663,1.1810166017195145e-16,-4.843277708424904e-16,3.8126154509576744e-16,1.2159240873725183e-32,2.943,2.943
8.965999999999664,1.1713695625842284e-16,-4.803715783953895e-16,3.781472408252235e-16,1.1961408613215425e-32,2.943,2.943
8.967999999999664,1.161801324512316e-16,-4.764477017881409e-16,3.7505837549866493e-16,1.1766795106549331e-32,2.943,2.943
8.969999999999665,1.1523112438236288e-16,-4.725558770514054e-16,3.719947413201237e-16,1.157534798422823e-32,2.943,2.943
8.971999999999666,1.1428986820958667e-16,-4.686958423720563e-16,3.6895613219099637e-16,1.1387015728811252e-32,2.943,2.943
8.973999999999666,1.1335630061216315e-16,-4.648673380755663e-16,3.6594234369617923e-16,1.1201747661052285e-32,2.943,2.943
8.975999999999667,1.1243035878658285e-16,-4.610701066085388e-16,3.6295317309031687e-16,1.1019493926262432e-32,2.943,2.943
8.977999999999668,1.1151198044234175e-16,-4.57303892521381e-16,3.599884192841632e-16,1.0840205480894361e-32,2.943,2.943
8.979999999999668,1.1060110379775075e-16,-4.535684424511202e-16,3.570478828310533e-16,1.0663834079344961e-32,2.943,2.943
8.981999999999669,1.0969766757577955e-16,-4.498635051043581e-16,3.541313659134866e-16,1.0490332260972686e-32,2.943,2.943
8.98399999999967,1.0880161099993432e-16,-4.461888312403666e-16,3.5123867232981835e-16,1.0319653337326128e-32,2.943,2.943
8.98599999999967,1.0791287379016914e-16,-4.425441736543205e-16,3.4836960748106167e-16,1.0151751379580402e-32,2.943,2.943
8.987999999999671,1.0703139615883082e-16,-4.389292871606673e-16,3.4552397835779533e-16,9.986581206177942e-33,2.943,2.943
8.989999999999672,1.0615711880663677e-16,-4.353439285766329e-16,3.4270159352718046e-16,9.824098370670369e-33,2.943,2.943
8.991999999999672,1.0528998291868584e-16,-4.3178785670586216e-16,3.39902263120082e-16,9.664259149758172e-33,2.943,2.943
8.993999999999673,1.0442993016050167e-16,-4.2826083232219305e-16,3.371257988182951e-16,9.507020531525005e-33,2.943,2.943
8.995999999999674,1.0357690267410837e-16,-4.2476261815356307e-16,3.343720138418777e-16,9.352340203863394e-33,2.943,2.943
8.997999999999674,1.0273084307413828e-16,-4.212929788660476e-16,3.316407229365843e-16,9.200176543088754e-33,2.943,2.943
8.999999999999675,1.0189169444397151e-16,-4.178516810480282e-16,3.2893174236140373e-16,9.0504886027387e-33,2.943,2.943
9.001999999999676,1.0105940033190698e-16,-4.144384931944905e-16,3.262448898761989e-16,8.903236102554528e-33,2.943,2.943
9.003999999999676,1.0023390474736482e-16,-4.110531856914502e-16,3.235799847294462e-16,8.758379417642024e-33,2.943,2.943
9.005999999999677,9.941515215711968e-17,-4.0769553080050633e-16,3.2093684764607625e-16,8.6158795678086e-33,2.943,2.943
9.007999999999678,9.86030874815649e-17,-4.043653026435208e-16,3.1831530081541423e-16,8.475698207073931e-33,2.943,2.943
9.009999999999678,9.779765609100719e-17,-4.0106227718742283e-16,3.157151678792171e-16,8.337797613351236e-33,2.943,2.943
9.011999999999679,9.699880380199147e-17,-3.977862322291379e-16,3.131362739198097e-16,8.202140678296473e-33,2.943,2.943
9.01399999999968,9.620647687365589e-17,-3.945369473806393e-16,3.105784454483184e-16,8.068690897322663e-33,2.943,2.943
9.01599999999968,9.542062200411648e-17,-3.9131420405412227e-16,3.0804151039299916e-16,7.937412359776688e-33,2.943,2.943
9.017999999999681,9.464118632688145e-17,-3.88117785447299e-16,3.0552529808766214e-16,7.808269739275935e-33,2.943,2.943
9.019999999999682,9.38681174072947e-17,-3.849474765288136e-16,3.0302963926019074e-16,7.681228284202133e-33,2.943,2.943
9.021999999999682,9.310136323900836e-17,-3.8180306402377664e-16,3.0055436602115374e-16,7.55625380834987e-33,2.943,2.943
9.023999999999683,9.234087224048427e-17,-3.786843363994174e-16,2.9809931185251153e-16,7.433312681727271e-33,2.943,2.943
9.025999999999684,9.15865932515239e-17,-3.755910838508536e-16,2.9566431159641344e-16,7.312371821506328e-33,2.943,2.943
9.027999999999684,9.083847552982668e-17,-3.725230982869773e-16,2.932492014440877e-16,7.193398683120489e-33,2.943,2.943
9.029999999999685,9.009646874757648e-17,-3.69480173316456e-16,2.9085381892482123e-16,7.076361251507074e-33,2.943,2.943
9.031999999999686,8.936052298805583e-17,-3.6646210423384824e-16,2.8847800289502966e-16,6.96122803249219e-33,2.943,2.943
9.033999999999686,8.863058874228801e-17,-3.6346868800583246e-16,2.861215935274173e-16,6.847968044315813e-33,2.943,2.943
9.035999999999687,8.790661690570636e-17,-3.604997232575485e-16,2.8378443230022486e-16,6.736550809294747e-33,2.943,2.943
9.037999999999688,8.718855877485092e-17,-3.575550102590505e-16,2.814663619865652e-16,6.62694634562124e-33,2.943,2.943
9.039999999999688,8.647636604409206e-17,-3.546343509118706e-16,2.7916722664384637e-16,6.519125159295034e-33,2.943,2.943
9.041999999999689,8.576999080238076e-17,-3.5173754873569245e-16,2.768868716032809e-16,6.413058236186678e-33,2.943,2.943
9.04399999999969,8.506938553002558e-17,-3.488644088551333e-16,2.746251434594811e-16,6.308717034229976e-33,2.943,2.943
9.04599999999969,8.437450309549583e-17,-3.4601473798663415e-16,2.7238189006013867e-16,6.206073475741462e-33,2.943,2.943
9.047999999999691,8.368529675225098e-17,-3.4318834442545743e-16,2.7015696049578916e-16,6.105099939864838e-33,2.943,2.943
9.049999999999692,8.300172013559583e-17,-3.403850380327902e-16,2.6795020508965997e-16,6.0057692551383474e-33,2.943,2.943
9.051999999999692,8.232372725956145e-17,-3.376046302229531e-16,2.6576147538760127e-16,5.908054692183067e-33,2.943,2.943
9.053999999999693,8.165127251381163e-17,-3.348469339507138e-16,2.6359062414809895e-16,5.811929956510174e-33,2.943,2.943
9.055999999999694,8.098431066057451e-17,-3.3211176369870384e-16,2.614375053323694e-16,5.71736918144523e-33,2.943,2.943
9.057999999999694,8.032279683159933e-17,-3.2939893546493853e-16,2.5930197409453513e-16,5.624346921167594e-33,2.943,2.943
9.059999999999695,7.966668652513803e-17,-3.2670826675043847e-16,2.571838867718804e-16,5.532838143863077e-33,2.943,2.943
9.061999999999696,7.90159356029515e-17,-3.2403957654695265e-16,2.5508310087518677e-16,5.442818224988017e-33,2.943,2.943
9.063999999999696,7.837050028734028e-17,-3.213926853247813e-16,2.5299947507914776e-16,5.354262940642933e-33,2.943,2.943
9.065999999999697,7.773033715819955e-17,-3.1876741502069865e-16,2.5093286921286127e-16,5.2671484610540024e-33,2.943,2.943
9.067999999999698,7.709540315009809e-17,-3.1616358902597395e-16,2.4888314425039956e-16,5.181451344160587e-33,2.943,2.943
9.069999999999698,7.646565554938122e-17,-3.135810321744908e-16,2.4685016230145744e-16,5.0971485293071e-33,2.943,2.943
9.071999999999699,7.58410519912973e-17,-3.1101957073096305e-16,2.4483378660207556e-16,5.0142173310374916e-33,2.943,2.943
9.0739999999997,7.522155045714776e-17,-3.0847903237924725e-16,2.428338815054396e-16,4.9326354329907224e-33,2.943,2.943
9.0759999999997,7.46071092714604e-17,-3.0595924621075055e-16,2.408503124727557e-16,4.852380881895533e-33,2.943,2.943
9.077999999999701,7.399768709918573e-17,-3.0346004271293323e-16,2.388829460641991e-16,4.7734320816629386e-33,2.943,2.943
9.079999999999702,7.339324294291634e-17,-3.0098125375790506e-16,2.369316499299378e-16,4.6957677875748255e-33,2.943,2.943
9.081999999999702,7.27937361401288e-17,-2.9852271259111494e-16,2.3499629280122846e-16,4.6193671005671155e-33,2.943,2.943
9.083999999999703,7.219912636044825e-17,-2.96084253820133e-16,2.330767444815859e-16,4.544209461605924e-33,2.943,2.943
9.085999999999704,7.160937360293525e-17,-2.9366571340352404e-16,2.3117287583802473e-16,4.470274646155236e-33,2.943,2.943
9.087999999999704,7.102443819339483e-17,-2.912669286398122e-16,2.2928455879237186e-16,4.397542758734586e-33,2.943,2.943
9.089999999999705,7.044428078170748e-17,-2.888877381565355e-16,2.2741166631265028e-16,4.325994227565284e-33,2.943,2.943
9.091999999999706,6.986886233918196e-17,-2.8652798189938996e-16,2.2555407240453367e-16,4.25560979930375e-33,2.943,2.943
9.093999999999706,6.92981441559298e-17,-2.841875011214623e-16,2.237116521028701e-16,4.186370533860544e-33,2.943,2.943
9.095999999999707,6.87320878382611e-17,-2.8186613837255065e-16,2.2188428146327563e-16,4.118257799303674e-33,2.943,2.943
9.097999999999708,6.817065530610173e-17,-2.7956373748857243e-16,2.2007183755379584e-16,4.051253266844849e-33,2.943,2.943
9.099999999999708,6.761380879043162e-17,-2.7728014358105885e-16,2.1827419844663617e-16,3.9853389059072876e-33,2.943,2.943
9.101999999999709,6.706151083074387e-17,-2.75015203026735e-16,2.164912432099596e-16,3.9204969792737907e-33,2.943,2.943
9.10399999999971,6.651372427252473e-17,-2.7276876345718555e-16,2.1472285189975065e-16,3.856710038313732e-33,2.943,2.943
9.10599999999971,6.59704122647541e-17,-2.705406737486041e-16,2.1296890555174745e-16,3.793960918287745e-33,2.943,2.943
9.107999999999711,6.543153825742648e-17,-2.6833078401162707e-16,2.112292861734377e-16,3.732232733728753e-33,2.943,2.943
9.109999999999712,6.489706599909215e-17,-2.6613894558125e-16,2.0950387673612177e-16,3.6715088738981946e-33,2.943,2.943
9.111999999999712,6.436695953441845e-17,-2.6396501100682656e-16,2.077925611670392e-16,3.6117729983161536e-33,2.943,2.943
9.113999999999713,6.384118320177093e-17,-2.618088340421493e-16,2.0609522434156088e-16,3.553009032364216e-33,2.943,2.943
9.115999999999714,6.331970163081438e-17,-2.5967026963561094e-16,2.0441175207544392e-16,3.4952011629598775e-33,2.943,2.943
9.117999999999714,6.280247974013331e-17,-2.5754917392044673e-16,2.0274203111714995e-16,3.438333834301321e-33,2.943,2.943
9.119999999999715,6.228948273487193e-17,-2.55445404205056e-16,2.0108594914022693e-16,3.382391743681428e-33,2.943,2.943
9.121999999999716,6.178067610439345e-17,-2.53358818963403e-16,1.9944339473575243e-16,3.327359837369909e-33,2.943,2.943
9.123999999999716,6.127602561995846e-17,-2.5128927782549586e-16,1.9781425740483875e-16,3.273223306562406e-33,2.943,2.943
9.125999999999717,6.077549733242222e-17,-2.4923664156794383e-16,1.9619842755119944e-16,3.2199675833955295e-33,2.943,2.943
9.127999999999718,6.027905756995087e-17,-2.472007721045912e-16,1.9459579647377653e-16,3.16757833702672e-33,2.943,2.943
9.129999999999718,5.978667293575621e-17,-2.4518153247722794e-16,1.9300625635942806e-16,3.11604146977789e-33,2.943,2.943
9.131999999999719,5.929831030584902e-17,-2.431787868463761e-16,1.9142970027567483e-16,3.065343113341805e-33,2.943,2.943
9.13399999999972,5.881393682681073e-17,-2.411924004821516e-16,1.8986602216350708e-16,3.015469625050209e-33,2.943,2.943
9.13599999999972,5.833351991358326e-17,-2.392222397552006e-16,1.8831511683024956e-16,2.9664075842026338e-33,2.943,2.943
9.137999999999721,5.785702724727697e-17,-2.3726817212770986e-16,1.867768799424849e-16,2.9181437884549723e-33,2.943,2.943
9.139999999999722,5.738442677299646e-17,-2.3533006614449065e-16,1.8525120801903486e-16,2.8706652502667816e-33,2.943,2.943
9.141999999999722,5.691568669768418e-17,-2.334077914241353e-16,1.8373799842399896e-16,2.8239591934064167e-33,2.943,2.943
9.143999999999723,5.645077548798161e-17,-2.315012186502463e-16,1.8223714935984973e-16,2.778013049512998e-33,2.943,2.943
9.145999999999724,5.598966186810792e-17,-2.296102195627367e-16,1.807485598605846e-16,2.732814454714341e-33,2.943,2.943
9.147999999999724,5.553231481775599e-17,-2.277346669492016e-16,1.7927212978493375e-16,2.6883512462998957e-33,2.943,2.943
9.149999999999725,5.5078703570005594e-17,-2.258744346363606e-16,1.7780775980962324e-16,2.644611459447825e-33,2.943,2.943
9.151999999999726,5.4628797609253606e-17,-2.240293974815695e-16,1.7635535142269326e-16,2.60158332400533e-33,2.943,2.943
9.153999999999726,5.418256666916115e-17,-2.221994313644018e-16,1.74914806916871e-16,2.5592552613213635e-33,2.943,2.943
9.155999999999727,5.3739980730617514e-17,-2.2038441317829859e-16,1.7348602938299783e-16,2.5176158811308807e-33,2.943,2.943
9.157999999999728,5.3301010019720674e-17,-2.185842208222871e-16,1.720689227035096e-16,2.4766539784897658e-33,2.943,2.943
9.159999999999728,5.286562500577432e-17,-2.1679873319276653e-16,1.7066339154597088e-16,2.436358530759647e-33,2.943,2.943
9.161999999999729,5.243379639930128e-17,-2.1502783017536103e-16,1.6926934135666145e-16,2.3967186946417565e-33,2.943,2.943
9.16399999999973,5.20054951500731e-17,-2.1327139263683944e-16,1.6788667835421567e-16,2.3577238032590584e-33,2.943,2.943
9.16599999999973,5.15806924451558e-17,-2.1152930241710079e-16,1.665153095233134e-16,2.319363363285843e-33,2.943,2.943
9.167999999999731,5.115935970697152e-17,-2.0980144232122537e-16,1.6515514260842256e-16,2.2816270521240278e-33,2.943,2.943
9.169999999999732,5.074146859137605e-17,-2.080876961115908e-16,1.638060861075931e-16,2.2445047151254e-33,2.943,2.943
9.171999999999732,5.0326990985752054e-17,-2.0638794850005232e-16,1.6246804926630134e-16,2.2079863628590526e-33,2.943,2.943
9.173999999999733,4.991589900711783e-17,-2.0470208514018714e-16,1.611409420713444e-16,2.172062168423277e-33,2.943,2.943
9.175999999999734,4.950816500025158e-17,-2.03029992619602e-16,1.5982467524478511e-16,2.136722464801199e-33,2.943,2.943
9.177999999999734,4.9103761535830967e-17,-2.013715584523037e-16,1.585191602379461e-16,2.101957742259429e-33,2.943,2.943
9.179999999999735,4.870266140858786e-17,-1.9972667107113183e-16,1.5722430922545256e-16,2.0677586457890438e-33,2.943,2.943
9.181999999999736,4.830483763547817e-17,-1.9809521982025329e-16,1.5594003509932436e-16,2.034115972588203e-33,2.943,2.943
9.183999999999736,4.7910263453866646e-17,-1.9647709494771831e-16,1.546662514631157e-16,2.001020669585718e-33,2.943,2.943
9.185999999999737,4.751891231972646e-17,-1.9487218759807708e-16,1.5340287262610342e-16,1.9684638310049218e-33,2.943,2.943
9.187999999999738,4.7130757905853535e-17,-1.9328038980505678e-16,1.5214981359752187e-16,1.9364366959671653e-33,2.943,2.943
9.189999999999738,4.6745774100095445e-17,-1.917015944842984e-16,1.5090699008084589e-16,1.904930646134314e-33,2.943,2.943
9.191999999999739,4.636393500359478e-17,-1.901356954261529e-16,1.4967431846811957e-16,1.8739372033895934e-33,2.943,2.943
9.19399999999974,4.598521492904686e-17,-1.8858258728853625e-16,1.484517158343319e-16,1.8434480275561742e-33,2.943,2.943
9.19599999999974,4.5609588398971704e-17,-1.8704216558984272e-16,1.472390999318382e-16,1.813454914152873e-33,2.943,2.943
9.197999999999741,4.523703014400005e-17,-1.8551432670191622e-16,1.460363891848269e-16,1.783949792186366e-33,2.943,2.943
9.199999999999742,4.4867515101173476e-17,-1.8399896784307888e-16,1.4484350268383216e-16,1.7549247219793294e-33,2.943,2.943
9.201999999999742,4.450101841225829e-17,-1.8249598707121672e-16,1.436603601802904e-16,1.7263718930339098e-33,2.943,2.943
9.203999999999743,4.4137515422073314e-17,-1.8100528327692169e-16,1.4248688208114197e-16,1.6982836219299606e-33,2.943,2.943
9.205999999999744,4.3776981676831214e-17,-1.7952675617668985e-16,1.413229894434768e-16,1.6706523502574738e-33,2.943,2.943
9.207999999999744,4.3419392922493455e-17,-1.7806030630617498e-16,1.4016860396922363e-16,1.6434706425826492e-33,2.943,2.943
9.209999999999745,4.306472510313867e-17,-1.7660583501349737e-16,1.390236479998827e-16,1.6167311844470575e-33,2.943,2.943
9.211999999999746,4.2712954359344346e-17,-1.7516324445260725e-16,1.378880445113014e-16,1.5904267803993573e-33,2.943,2.943
9.213999999999746,4.236405702658175e-17,-1.7373243757670247e-16,1.3676171710849278e-16,1.5645503520590348e-33,2.943,2.943
9.215999999999747,4.201800963362395e-17,-1.7231331813169982e-16,1.3564459002049617e-16,1.5390949362116517e-33,2.943,2.943
9.217999999999748,4.167478890096682e-17,-1.709057906497599e-16,1.345365880952799e-16,1.514053682935073e-33,2.943,2.943
9.219999999999748,4.133437173926303e-17,-1.6950976044286462e-16,1.334376367946857e-16,1.4894198537561952e-33,2.943,2.943
9.221999999999749,4.0996735247768696e-17,-1.6812513359644738e-16,1.3234766218941412e-16,1.4651868198376538e-33,2.943,2.943
9.22399999999975,4.0661856712802836e-17,-1.6675181696307518e-16,1.3126659095405127e-16,1.4413480601940355e-33,2.943,2.943
9.22599999999975,4.0329713606219336e-17,-1.6538971815618228e-16,1.3019435036213617e-16,1.4178971599371202e-33,2.943,2.943
9.227999999999751,4.0000283583891434e-17,-1.6403874554385523e-16,1.2913086828126788e-16,1.3948278085496602e-33,2.943,2.943
9.229999999999752,3.9673544484208575e-17,-1.6269880824266847e-16,1.2807607316825329e-16,1.3721337981872588e-33,2.943,2.943
9.231999999999752,3.934947432658553e-17,-1.6136981611157037e-16,1.2702989406429405e-16,1.3498090220078672e-33,2.943,2.943
9.233999999999753,3.902805130998372e-17,-1.600516797458193e-16,1.259922605902131e-16,1.327847472528465e-33,2.943,2.943
9.235999999999754,3.870925381144459e-17,-1.58744310470969e-16,1.2496310294172e-16,1.306243240008479e-33,2.943,2.943
9.237999999999754,3.839306038463498e-17,-1.5744762033690332e-16,1.2394235188471504e-16,1.2849905108595e-33,2.943,2.943
9.239999999999755,3.807944975840439e-17,-1.5616152211191959e-16,1.2292993875063175e-16,1.264083566080879e-33,2.943,2.943
9.241999999999756,3.7768400835354e-17,-1.5488592927686024e-16,1.2192579543181722e-16,1.2435167797207693e-33,2.943,2.943
9.243999999999756,3.745989269041739e-17,-1.5362075601929253e-16,1.2092985437695046e-16,1.2232846173622148e-33,2.943,2.943
9.245999999999757,3.7153904569452854e-17,-1.5236591722773562e-16,1.1994204858649813e-16,1.203381634633866e-33,2.943,2.943
9.247999999999758,3.685041588784724e-17,-1.51121328485935e-16,1.1896231160820699e-16,1.183802475744927e-33,2.943,2.943
9.249999999999758,3.6549406229131146e-17,-1.4988690606718353e-16,1.179905775326338e-16,1.1645418720439399e-33,2.943,2.943
9.251999999999759,3.625085534360546e-17,-1.4866256692868895e-16,1.170267809887113e-16,1.1455946406010167e-33,2.943,2.943
9.25399999999976,3.595474314697911e-17,-1.4744822870598736e-16,1.160708571393506e-16,1.1269556828131422e-33,2.943,2.943
9.25599999999976,3.5661049719017925e-17,-1.4624380970740236e-16,1.151227416770792e-16,1.1086199830321625e-33,2.943,2.943
9.257999999999761,3.536975530220459e-17,-1.4504922890854946e-16,1.1418237081971509e-16,1.090582607215102e-33,2.943,2.943
9.259999999999762,3.508084030040947e-17,-1.438644059468853e-16,1.1324968130607596e-16,1.0728387015964372e-33,2.943,2.943
9.261999999999762,3.479428527757233e-17,-1.4268926111630153e-16,1.1232461039172326e-16,1.055383491381973e-33,2.943,2.943
9.263999999999763,3.451007095639485e-17,-1.4152371536176274e-16,1.114070958447414e-16,1.0382122794639698e-33,2.943,2.943
9.265999999999764,3.4228178217043747e-17,-1.4036769027398818e-16,1.1049707594155122e-16,1.0213204451571775e-33,2.943,2.943
9.267999999999764,3.394858809586458e-17,-1.3922110808417703e-16,1.0959448946275762e-16,1.0047034429554294e-33,2.943,2.943
9.269999999999765,3.367128178410598e-17,-1.3808389165877666e-16,1.0869927568903118e-16,9.88356801308473e-34,2.943,2.943
9.271999999999766,3.3396240626654355e-17,-1.3695596449429366e-16,1.0781137439702344e-16,9.722761214186972e-34,2.943,2.943
9.273999999999766,3.312344612077891e-17,-1.3583725071214727e-16,1.0693072585531555e-16,9.564570760574393e-34,2.943,2.943
9.275999999999767,3.2852879914886924e-17,-1.347276750535648e-16,1.0605727082039997e-16,9.408954084005478e-34,2.943,2.943
9.277999999999768,3.258452380728918e-17,-1.336271628745188e-16,1.0519095053269501e-16,9.255869308828962e-34,2.943,2.943
9.279999999999768,3.231835974497548e-17,-1.3253564014070552e-16,1.0433170671259171e-16,9.10527524071527e-34,2.943,2.943
9.281999999999769,3.205436982240022e-17,-1.3145303342256454e-16,1.0347948155653365e-16,8.957131355571362e-34,2.943,2.943
9.28399999999977,3.1792536280277776e-17,-1.3037926989033881e-16,1.0263421773312798e-16,8.81139778863589e-34,2.943,2.943
9.28599999999977,3.153284150438784e-17,-1.2931427730917538e-16,1.0179585837928875e-16,8.668035323751806e-34,2.943,2.943
9.287999999999771,3.127526802439043e-17,-1.2825798403426584e-16,1.0096434709641156e-16,8.527005382813486e-34,2.943,2.943
9.289999999999772,3.101979851265065e-17,-1.2721031900602662e-16,1.0013962794657951e-16,8.388270015385566e-34,2.943,2.943
9.291999999999772,3.0766415783072987e-17,-1.2617121174531868e-16,9.932164544879998e-17,8.251791888490665e-34,2.943,2.943
9.293999999999773,3.0515102789945155e-17,-1.2514059234870613e-16,9.851034457527242e-17,8.117534276563278e-34,2.943,2.943
9.295999999999774,3.026584262679142e-17,-1.2411839148375371e-16,9.770567074768649e-17,7.98546105156712e-34,2.943,2.943
9.297999999999774,3.001861852523521e-17,-1.2310454038436256e-16,9.690756983355032e-17,7.85553667327325e-34,2.943,2.943
9.299999999999775,2.9773413853871124e-17,-1.2209897084614415e-16,9.611598814254905e-17,7.727726179696371e-34,2.943,2.943
9.301999999999776,2.953021211714602e-17,-1.2110161522183207e-16,9.533087242293268e-17,7.601995177686752e-34,2.943,2.943
9.303999999999776,2.928899695424938e-17,-1.2011240641673108e-16,9.455216985793402e-17,7.478309833675198e-34,2.943,2.943
9.305999999999777,2.904975213801264e-17,-1.1913127788420365e-16,9.377982806221527e-17,7.356636864568608e-34,2.943,2.943
9.307999999999778,2.881246157381757e-17,-1.1815816362119306e-16,9.301379507834411e-17,7.236943528793678e-34,2.943,2.943
9.309999999999778,2.857710929851352e-17,-1.1719299816378325e-16,9.225401937329827e-17,7.119197617486296e-34,2.943,2.943
9.31199999999978,2.834367947934356e-17,-1.162357165827949e-16,9.15004498349989e-17,7.0033674458243125e-34,2.943,2.943
9.31399999999978,2.811215641287936e-17,-1.1528625447941748e-16,9.0753035768872e-17,6.889421844501306e-34,2.943,2.943
9.31599999999978,2.788252452396478e-17,-1.1434454798087698e-16,9.001172689443817e-17,6.7773301513390935e-34,2.943,2.943
9.317999999999781,2.765476836466809e-17,-1.1341053373613896e-16,8.927647334193006e-17,6.6670622030366966e-34,2.943,2.943
9.319999999999782,2.7428872613242757e-17,-1.1248414891164682e-16,8.854722564893745e-17,6.558588327053528e-34,2.943,2.943
9.321999999999782,2.720482207309669e-17,-1.1156533118709486e-16,8.782393475707985e-17,6.451879333624696e-34,2.943,2.943
9.323999999999783,2.6982601671769943e-17,-1.1065401875123575e-16,8.710655200870628e-17,6.346906507906165e-34,2.943,2.943
9.325999999999784,2.676219645992075e-17,-1.0975015029772236e-16,8.639502914362179e-17,6.243641602247751e-34,2.943,2.943
9.327999999999784,2.6543591610319842e-17,-1.0885366502098354e-16,8.568931829584096e-17,6.142056828591809e-34,2.943,2.943
9.329999999999785,2.6326772416852972e-17,-1.0796450261213356e-16,8.498937199036787e-17,6.042124850995623e-34,2.943,2.943
9.331999999999786,2.6111724293531612e-17,-1.0708260325491494e-16,8.429514314000226e-17,5.943818778275441e-34,2.943,2.943
9.333999999999786,2.5898432773511703e-17,-1.0620790762167453e-16,8.360658504217183e-17,5.847112156770185e-34,2.943,2.943
9.335999999999787,2.5686883508120444e-17,-1.0534035686937234e-16,8.292365137579056e-17,5.751978963222915e-34,2.943,2.943
9.337999999999788,2.547706226589101e-17,-1.04479892635623e-16,8.224629619814246e-17,5.658393597778111e-34,2.943,2.943
9.339999999999788,2.526895493160517e-17,-1.0362645703476958e-16,8.157447394179094e-17,5.566330877092865e-34,2.943,2.943
9.34199999999979,2.5062547505343714e-17,-1.0277999265398954e-16,8.090813941151332e-17,5.4757660275601845e-34,2.943,2.943
9.34399999999979,2.485782610154465e-17,-1.019404425494323e-16,8.024724778126049e-17,5.386674678642536e-34,2.943,2.943
9.34599999999979,2.4654776948069083e-17,-1.0110775024238857e-16,7.959175459114134e-17,5.299032856313866e-34,2.943,2.943
9.347999999999791,2.4453386385274724e-17,-1.0028185971549088e-16,7.894161574443173e-17,5.2128169766083026e-34,2.943,2.943
9.349999999999792,2.4253640865096978e-17,-9.946271540894507e-17,7.829678750460813e-17,5.128003839273839e-34,2.943,2.943
9.351999999999792,2.4055526950137523e-17,-9.865026221679274e-17,7.765722649240524e-17,5.044570621529262e-34,2.943,2.943
9.353999999999793,2.3859031312760344e-17,-9.784444548320404e-17,7.702288968289785e-17,4.962494871922658e-34,2.943,2.943
9.355999999999794,2.366414073419515e-17,-9.704521099880091e-17,7.639373440260637e-17,4.8817545042898415e-34,2.943,2.943
9.357999999999794,2.3470842103648112e-17,-9.62525049970102e-17,7.576971832662607e-17,4.8023277918110814e-34,2.943,2.943
9.359999999999795,2.3279122417419865e-17,-9.54662741504467e-17,7.515079947577984e-17,4.724193361164527e-34,2.943,2.943
9.361999999999796,2.308896877803072e-17,-9.468646556732566e-17,7.453693621379405e-17,4.647330186774754e-34,2.943,2.943
9.363999999999796,2.2900368393353012e-17,-9.391302678790463e-17,7.392808724449771e-17,4.571717585154895e-34,2.943,2.943
9.365999999999797,2.2713308575750538e-17,-9.314590578095434e-17,7.33242116090442e-17,4.49733520934081e-34,2.943,2.943
9.367999999999798,2.2527776741225038e-17,-9.238505094025842e-17,7.272526868315598e-17,4.424163043415829e-34,2.943,2.943
9.369999999999798,2.2343760408569623e-17,-9.163041108114174e-17,7.213121817439167e-17,4.352181397124573e-34,2.943,2.943
9.3719999999998,2.2161247198529144e-17,-9.088193543702707e-17,7.154202011943537e-17,4.281370900574397e-34,2.943,2.943
9.3739999999998,2.1980224832967397e-17,-9.013957365601989e-17,7.095763488140843e-17,4.211712499023063e-34,2.943,2.943
9.3759999999998,2.1800681134041153e-17,-8.940327579752108e-17,7.037802314720279e-17,4.1431874477512e-34,2.943,2.943
9.377999999999801,2.1622604023380912e-17,-8.867299232886726e-17,6.98031459248364e-17,4.075777307018199e-34,2.943,2.943
9.379999999999802,2.144598152127836e-17,-8.794867412199867e-17,6.923296454082997e-17,4.009463937100166e-34,2.943,2.943
9.381999999999802,2.127080174588048e-17,-8.723027245015414e-17,6.866744063760554e-17,3.944229493408627e-34,2.943,2.943
9.383999999999803,2.1097052912390197e-17,-8.651773898459312e-17,6.810653617090588e-17,3.8800564216886295e-34,2.943,2.943
9.385999999999804,2.0924723332273622e-17,-8.58110257913445e-17,6.755021340723525e-17,3.8169274532949886e-34,2.943,2.943
9.387999999999805,2.07538014124737e-17,-8.511008532798194e-17,6.699843492132088e-17,3.7548256005453805e-34,2.943,2.943
9.389999999999805,2.058427565463034e-17,-8.441487044042561e-17,6.645116359359537e-17,3.6937341521490433e-34,2.943,2.943
9.391999999999806,2.0416134654306878e-17,-8.372533435976999e-17,6.590836260769953e-17,3.6336366687098596e-34,2.943,2.943
9.393999999999807,2.024936710022287e-17,-8.304143069913758e-17,6.536999544800559e-17,3.574516978302592e-34,2.943,2.943
9.395999999999807,2.0083961773493162e-17,-8.236311345055839e-17,6.483602589716082e-17,3.5163591721211045e-34,2.943,2.943
9.397999999999808,1.991990754687316e-17,-8.169033698187479e-17,6.430641803365096e-17,3.4591476001973864e-34,2.943,2.943
9.399999999999809,1.975719338401027e-17,-8.102305603367181e-17,6.378113622938379e-17,3.402866867190219e-34,2.943,2.943
9.40199999999981,1.9595808338701458e-17,-8.036122571623233e-17,6.326014514729228e-17,3.3475018282423753e-34,2.943,2.943
9.40399999999981,1.943574155415687e-17,-7.970480150651731e-17,6.274340973895737e-17,3.2930375849052127e-34,2.943,2.943
9.40599999999981,1.9276982262269466e-17,-7.905373924517053e-17,6.223089524225027e-17,3.239459481129576e-34,2.943,2.943
9.407999999999811,1.9119519782890623e-17,-7.840799513354797e-17,6.172256717899374e-17,3.186753099321935e-34,2.943,2.943
9.409999999999812,1.8963343523111653e-17,-7.776752573077128e-17,6.121839135264281e-17,3.1349042564646755e-34,2.943,2.943
9.411999999999813,1.880844297655119e-17,-7.713228795080543e-17,6.071833384598429e-17,3.0838990002995294e-34,2.943,2.943
9.413999999999813,1.8654807722648403e-17,-7.65022390595602e-17,6.02223610188549e-17,3.0337236055730882e-34,2.943,2.943
9.415999999999814,1.8502427425961967e-17,-7.587733667201539e-17,5.973043950587839e-17,2.98436457034341e-34,2.943,2.943
9.417999999999815,1.8351291835474784e-17,-7.525753874936937e-17,5.924253621422094e-17,2.9358086123467167e-34,2.943,2.943
9.419999999999815,1.820139078390436e-17,-7.464280359621113e-17,5.875861832136482e-17,2.888042665423204e-34,2.943,2.943
9.421999999999816,1.8052714187018837e-17,-7.403308985771523e-17,5.827865327290045e-17,2.8410538760010025e-34,2.943,2.943
9.423999999999817,1.790525204295859e-17,-7.342835651685983e-17,5.780260878033628e-17,2.7948295996373495e-34,2.943,2.943
9.425999999999817,1.775899443156338e-17,-7.282856289166731e-17,5.73304528189267e-17,2.749357397616035e-34,2.943,2.943
9.427999999999818,1.7613931513705e-17,-7.223366863246754e-17,5.686215362551773e-17,2.7046250336002073e-34,2.943,2.943
9.429999999999819,1.7470053530625372e-17,-7.16436337191834e-17,5.639767969641007e-17,2.660620470339632e-34,2.943,2.943
9.43199999999982,1.7327350803280043e-17,-7.105841845863855e-17,5.593699978523994e-17,2.6173318664315353e-34,2.943,2.943
9.43399999999982,1.7185813731687063e-17,-7.04779834818872e-17,5.54800829008769e-17,2.57474757313414e-34,2.943,2.943
9.43599999999982,1.7045432794281156e-17,-6.99022897415656e-17,5.5026898305339083e-17,2.532856131232053e-34,2.943,2.943
9.437999999999821,1.6906198547273194e-17,-6.933129850926525e-17,5.457741551172542e-17,2.4916462679526416e-34,2.943,2.943
9.439999999999822,1.6768101624014873e-17,-6.876497137292755e-17,5.413160428216453e-17,2.4511068939325958e-34,2.943,2.943
9.441999999999823,1.663113273436861e-17,-6.820327023425972e-17,5.368943462578074e-17,2.4112271002338316e-34,2.943,2.943
9.443999999999823,1.6495282664082556e-17,-6.764615730617181e-17,5.3250876796676397e-17,2.371996155407955e-34,2.943,2.943
9.445999999999824,1.6360542274170743e-17,-6.709359511023466e-17,5.281590129193084e-17,2.3334035026084835e-34,2.943,2.943
9.447999999999825,1.6226902500298273e-17,-6.654554647415868e-17,5.238447884961561e-17,2.295438756750053e-34,2.943,2.943
9.449999999999825,1.609435435217154e-17,-6.60019745292931e-17,5.195658044682599e-17,2.2580917017138403e-34,2.943,2.943
9.451999999999826,1.5962888912933426e-17,-6.546284270814578e-17,5.1532177297728494e-17,2.2213522875984657e-34,2.943,2.943
9.453999999999827,1.5832497338563443e-17,-6.492811474192321e-17,5.1111240851624434e-17,2.185210628015609e-34,2.943,2.943
9.455999999999827,1.5703170857282778e-17,-6.439775465809059e-17,5.069374279102921e-17,2.1496569974296365e-34,2.943,2.943
9.457999999999828,1.557490076896418e-17,-6.387172677795187e-17,5.02796550297673e-17,2.114681828540509e-34,2.943,2.943
9.459999999999829,1.5447678444546696e-17,-6.334999571424956e-17,4.9868949711082826e-17,2.0802757097092667e-34,2.943,2.943
9.46199999999983,1.5321495325455158e-17,-6.283252636878416e-17,4.946159920576565e-17,2.0464293824254116e-34,2.943,2.943
9.46399999999983,1.519634292302443e-17,-6.231928393005297e-17,4.905757611029253e-17,2.013133738815485e-34,2.943,2.943
9.46599999999983,1.507221281792836e-17,-6.181023387090824e-17,4.865685324498378e-17,1.9803798191921866e-34,2.943,2.943
9.467999999999831,1.4949096659613385e-17,-6.130534194623446e-17,4.825940365217467e-17,1.9481588096433666e-34,2.943,2.943
9.469999999999832,1.4826986165736758e-17,-6.080457419064462e-17,4.786520059440201e-17,1.916462039660252e-34,2.943,2.943
9.471999999999833,1.4705873121609393e-17,-6.030789691619521e-17,4.747421755260545e-17,1.8852809798042528e-34,2.943,2.943
9.473999999999833,1.458574937964322e-17,-5.981527671011999e-17,4.7086428224343467e-17,1.8546072394117359e-34,2.943,2.943
9.475999999999834,1.4466606858803103e-17,-5.93266804325822e-17,4.6701806522023875e-17,1.8244325643361383e-34,2.943,2.943
9.477999999999835,1.4348437544063178e-17,-5.884207521444518e-17,4.632032657114887e-17,1.7947488347268202e-34,2.943,2.943
9.479999999999835,1.4231233485867677e-17,-5.836142845506117e-17,4.594196270857446e-17,1.7655480628440535e-34,2.943,2.943
9.481999999999836,1.4114986799596143e-17,-5.788470782007819e-17,4.5566689480783953e-17,1.7368223909095642e-34,2.943,2.943
9.483999999999837,1.3999689665033007e-17,-5.741188123926479e-17,4.519448164217565e-17,1.7085640889920418e-34,2.943,2.943
9.485999999999837,1.3885334325841502e-17,-5.694291690435265e-17,4.4825314153364535e-17,1.6807655529270563e-34,2.943,2.943
9.487999999999838,1.3771913089041872e-17,-5.647778326689673e-17,4.4459162179497785e-17,1.653419302270816e-34,2.943,2.943
9.489999999999839,1.3659418324493846e-17,-5.60164490361529e-17,4.409600108858409e-17,1.626517978287217e-34,2.943,2.943
9.49199999999984,1.3547842464383344e-17,-5.555888317697299e-17,4.3735806449836574e-17,1.600054341967646e-34,2.943,2.943
9.49399999999984,1.3437178002713365e-17,-5.5105054907716925e-17,4.3378554032029265e-17,1.5740212720830016e-34,2.943,2.943
9.49599999999984,1.3327417494799042e-17,-5.465493369818198e-17,4.302421980186702e-17,1.548411763267405e-34,2.943,2.943
9.497999999999841,1.3218553556766816e-17,-5.4208489267548946e-17,4.2672779922368744e-17,1.5232189241330941e-34,2.943,2.943
9.499999999999842,1.3110578865057706e-17,-5.376569158234504e-17,4.2324210751263816e-17,1.4984359754159863e-34,2.943,2.943
9.501999999999843,1.3003486155934634e-17,-5.33265108544235e-17,4.197848883940155e-17,1.4740562481514115e-34,2.943,2.943
9.503999999999843,1.2897268224993774e-17,-5.2890917538959624e-17,4.1635590929173834e-17,1.4500731818795296e-34,2.943,2.943
9.505999999999844,1.2791917926679893e-17,-5.245888233246325e-17,4.129549395295038e-17,1.426480322879943e-34,2.943,2.943
9.507999999999845,1.268742817380565e-17,-5.203037617080742e-17,4.095817503152705e-17,1.4032713224350352e-34,2.943,2.943
9.509999999999845,1.2583791937074827e-17,-5.1605370227273154e-17,4.0623611472586593e-17,1.3804399351215615e-34,2.943,2.943
9.511999999999846,1.2481002244609446e-17,-5.1183835910610203e-17,4.029178076917217e-17,1.357980017130038e-34,2.943,2.943
9.513999999999847,1.2379052181480751e-17,-5.076574486311366e-17,3.996266059817317e-17,1.3358855246114756e-34,2.943,2.943
9.515999999999847,1.2277934889244027e-17,-5.035106895871624e-17,3.963622881882357e-17,1.3141505120510094e-34,2.943,2.943
9.517999999999848,1.2177643565477215e-17,-4.993978030109618e-17,3.9312463471212345e-17,1.2927691306679904e-34,2.943,2.943
9.519999999999849,1.207817146332329e-17,-4.953185122180057e-17,3.8991342774806277e-17,1.2717356268421115e-34,2.943,2.943
9.52199999999985,1.1979511891036389e-17,-4.912725427838405e-17,3.867284512698469e-17,1.2510443405651338e-34,2.943,2.943
9.52399999999985,1.1881658211531637e-17,-4.872596225256265e-17,3.835694910158615e-17,1.230689703917812e-34,2.943,2.943
9.52599999999985,1.178460384193865e-17,-4.832794814838278e-17,3.804363344746712e-17,1.2106662395715906e-34,2.943,2.943
9.527999999999851,1.1688342253158694e-17,-4.7933185190405116e-17,3.773287708707231e-17,1.1909685593146882e-34,2.943,2.943
9.529999999999852,1.1592866969425452e-17,-4.7541646821903354e-17,3.742465911501676e-17,1.1715913626021529e-34,2.943,2.943
9.531999999999853,1.1498171567869383e-17,-4.715330670307768e-17,3.711895879667944e-17,1.1525294351295142e-34,2.943,2.943
9.533999999999853,1.1404249678085642e-17,-4.6768138709282805e-17,3.681575556680844e-17,1.1337776474296418e-34,2.943,2.943
9.535999999999854,1.1311094981705518e-17,-4.638611692927053e-17,3.65150290281374e-17,1.1153309534924297e-34,2.943,2.943
9.537999999999855,1.1218701211971393e-17,-4.600721566344657e-17,3.621675895001347e-17,1.097184389406944e-34,2.943,2.943
9.539999999999855,1.1127062153315151e-17,-4.5631409422141736e-17,3.592092526703618e-17,1.079333072025656e-34,2.943,2.943
9.541999999999856,1.1036171640940046e-17,-4.525867292389714e-17,3.562750807770772e-17,1.0617721976504151e-34,2.943,2.943
9.543999999999857,1.0946023560405976e-17,-4.488898109376345e-17,3.5336487643094046e-17,1.0444970407397975e-34,2.943,2.943
9.545999999999857,1.0856611847218155e-17,-4.452230906161407e-17,3.5047844385497024e-17,1.0275029526374865e-34,2.943,2.943
9.547999999999858,1.0767930486419132e-17,-4.4158632160472e-17,3.4761558887137367e-17,1.010785360321343e-34,2.943,2.943
9.549999999999859,1.0679973512184152e-17,-4.379792592485047e-17,3.4477611888848336e-17,9.943397651728296e-35,2.943,2.943
9.55199999999986,1.0592735007419823e-17,-4.3440166089107077e-17,3.419598428878018e-17,9.781617417664544e-35,2.943,2.943
9.55399999999986,1.050620910336605e-17,-4.308532858581136e-17,3.391665714111504e-17,9.622469366789112e-35,2.943,2.943
9.55599999999986,1.0420389979201238e-17,-4.2733389544125726e-17,3.363961165479246e-17,9.465910673175981e-35,2.943,2.943
9.557999999999861,1.03352718616507e-17,-4.2384325288199616e-17,3.3364829192245267e-17,9.311899207681906e-35,2.943,2.943
9.559999999999862,1.0250849024598282e-17,-4.203811233557673e-17,3.3092291268145735e-17,9.160393526609699e-35,2.943,2.943
9.561999999999863,1.0167115788701151e-17,-4.169472739561534e-17,3.2821979548162054e-17,9.011352860555932e-35,2.943,2.943
9.563999999999863,1.0084066521007724e-17,-4.135414736792144e-17,3.255387584772493e-17,8.864737103440113e-35,2.943,2.943
9.565999999999864,1.0001695634578733e-17,-4.101634934079474e-17,3.228796213080426e-17,8.720506801712321e-35,2.943,2.943
9.567999999999865,9.919997588111375e-18,-4.068131058968734e-17,3.2024220508695813e-17,8.578623143736478e-35,2.943,2.943
9.569999999999865,9.838966885566533e-18,-4.0349008575674964e-17,3.1762633238817805e-17,8.439047949346338e-35,2.943,2.943
9.571999999999866,9.758598075799041e-18,-4.001942094394074e-17,3.1503182723517267e-17,8.301743659571382e-35,2.943,2.943
9.573999999999867,9.678885752190979e-18,-3.969252552227132e-17,3.1245851508886274e-17,8.166673326529909e-35,2.943,2.943
9.575999999999867,9.599824552287944e-18,-3.9368300319565294e-17,3.099062228358775e-17,8.033800603486531e-35,2.943,2.943
9.577999999999868,9.521409157438315e-18,-3.904672352435379e-17,3.0737477877690867e-17,7.903089735071482e-35,2.943,2.943
9.579999999999869,9.443634292435449e-18,-3.872777350333317e-17,3.0486401261516e-17,7.774505547658992e-35,2.943,2.943
9.58199999999987,9.366494725162803e-18,-3.84114287999097e-17,3.0237375544489094e-17,7.648013439902283e-35,2.943,2.943
9.58399999999987,9.289985266241956e-18,-3.8097668132756105e-17,2.9990383974005387e-17,7.523579373422492e-35,2.943,2.943
9.58599999999987,9.214100768683511e-18,-3.778647039437992e-17,2.974540993430243e-17,7.401169863649143e-35,2.943,2.943
9.587999999999871,9.138836127540838e-18,-3.747781464970353e-17,2.9502436945342274e-17,7.280751970809601e-35,2.943,2.943
9.589999999999872,9.064186279566651e-18,-3.717168013465583e-17,2.926144866170287e-17,7.162293291065156e-35,2.943,2.943
9.591999999999873,8.990146202872395e-18,-3.686804625477534e-17,2.90224288714784e-17,7.045761947791322e-35,2.943,2.943
9.593999999999873,8.916710916590406e-18,-3.6566892583824804e-17,2.878536149518871e-17,6.931126582999989e-35,2.943,2.943
9.595999999999874,8.843875480538838e-18,-3.626819886241703e-17,2.8550230584697575e-17,6.818356348901147e-35,2.943,2.943
9.597999999999875,8.771634994889325e-18,-3.597194499665201e-17,2.8317020322139865e-17,6.707420899601922e-35,2.943,2.943
9.599999999999875,8.699984599837351e-18,-3.567811105676513e-17,2.80857150188574e-17,6.598290382940636e-35,2.943,2.943
9.601999999999876,8.628919475275325e-18,-3.538667727578646e-17,2.78562991143435e-17,6.490935432453747e-35,2.943,2.943
9.603999999999877,8.558434840468318e-18,-3.5097624048210976e-17,2.762875717519629e-17,6.385327159473478e-35,2.943,2.943
9.605999999999877,8.488525953732445e-18,-3.481093192867965e-17,2.7403073894080366e-17,6.281437145354035e-35,2.943,2.943
9.607999999999878,8.41918811211589e-18,-3.4526581630671304e-17,2.717923408869708e-17,6.179237433824293e-35,2.943,2.943
9.609999999999879,8.350416651082519e-18,-3.424455402520514e-17,2.6957222700763158e-17,6.078700523464899e-35,2.943,2.943
9.61199999999988,8.282206944198086e-18,-3.396483013955393e-17,2.673702479499769e-17,5.979799360307788e-35,2.943,2.943
9.61399999999988,8.214554402819e-18,-3.368739115596762e-17,2.6518625558117437e-17,5.882507330556093e-35,2.943,2.943
9.61599999999988,8.147454475783636e-18,-3.341221841040744e-17,2.630201029784024e-17,5.786798253422514e-35,2.943,2.943
9.617999999999881,8.08090264910617e-18,-3.3139293391290326e-17,2.60871644418967e-17,5.692646374084197e-35,2.943,2.943
9.619999999999882,8.014894445672907e-18,-3.2868597738243584e-17,2.5874073537049798e-17,5.600026356752247e-35,2.943,2.943
9.621999999999883,7.94942542494109e-18,-3.260011324086975e-17,2.5662723248122634e-17,5.508913277854e-35,2.943,2.943
9.623999999999883,7.884491182640187e-18,-3.2333821837521535e-17,2.5453099357034046e-17,5.419282619326202e-35,2.943,2.943
9.625999999999884,7.820087350475589e-18,-3.206970561408675e-17,2.5245187761842133e-17,5.331110262017345e-35,2.943,2.943
9.627999999999885,7.756209595834753e-18,-3.18077468027832e-17,2.5038974475795558e-17,5.244372479197308e-35,2.943,2.943
9.629999999999885,7.692853621495732e-18,-3.154792778096339e-17,2.4834445626392643e-17,5.159045930172632e-35,2.943,2.943
9.631999999999886,7.630015165338091e-18,-3.1290231069929e-17,2.463158745444813e-17,5.075107654005641e-35,2.943,2.943
9.633999999999887,7.567690000056185e-18,-3.1034639333755053e-17,2.4430386313167545e-17,4.992535063335783e-35,2.943,2.943
9.635999999999887,7.505873932874775e-18,-3.078113537812368e-17,2.4230828667229182e-17,4.911305938301487e-35,2.943,2.943
9.637999999999888,7.444562805266965e-18,-3.0529702149167404e-17,2.4032901091873486e-17,4.831398420560906e-35,2.943,2.943
9.639999999999889,7.383752492674457e-18,-3.028032273232192e-17,2.383659027199998e-17,4.7527910074099554e-35,2.943,2.943
9.64199999999989,7.323438904230072e-18,-3.0032980351188165e-17,2.3641883001271556e-17,4.675462545996038e-35,2.943,2.943
9.64399999999989,7.263617982482553e-18,-2.9787658366403734e-17,2.344876618122597e-17,4.5993922276259296e-35,2.943,2.943
9.64599999999989,7.204285703123605e-18,-2.9544340274523536e-17,2.3257226820394704e-17,4.524559582166256e-35,2.943,2.943
9.647999999999891,7.145438074717174e-18,-2.9303009706909525e-17,2.306725203342905e-17,4.450944472535089e-35,2.943,2.943
9.649999999999892,7.08707113843093e-18,-2.906365042862957e-17,2.2878829040233183e-17,4.3785270892831626e-35,2.943,2.943
9.651999999999893,7.029180967769944e-18,-2.8826246337365275e-17,2.2691945165104495e-17,4.30728794526325e-35,2.943,2.943
9.653999999999893,6.971763668312548e-18,-2.8590781462328736e-17,2.2506587835880832e-17,4.2372078703862727e-35,2.943,2.943
9.655999999999894,6.9148153774483434e-18,-2.835723996318815e-17,2.232274458309473e-17,4.1682680064627235e-35,2.943,2.943
9.657999999999895,6.858332264118354e-18,-2.812560612900218e-17,2.2140403039134582e-17,4.100449802128032e-35,2.943,2.943
9.659999999999895,6.8023105285573e-18,-2.789586437716306e-17,2.1959550937412595e-17,4.0337350078504797e-35,2.943,2.943
9.661999999999896,6.7467464020379795e-18,-2.76679992523483e-17,2.1780176111539626e-17,3.9681056710203495e-35,2.943,2.943
9.663999999999897,6.691636146617736e-18,-2.7441995425480958e-17,2.16022664945067e-17,3.903544131118966e-35,2.943,2.943
9.665999999999897,6.636976054886995e-18,-2.7217837692698442e-17,2.1425810117873236e-17,3.840033014966343e-35,2.943,2.943
9.667999999999898,6.582762449719861e-18,-2.699551097432968e-17,2.1250795110961913e-17,3.777555232046154e-35,2.943,2.943
9.669999999999899,6.5289916840267454e-18,-2.677500031388068e-17,2.1077209700060057e-17,3.7160939699067516e-35,2.943,2.943
9.6719999999999,6.4756601405090175e-18,-2.655629087702837e-17,2.0905042207627634e-17,3.6556326896370313e-35,2.943,2.943
9.6739999999999,6.4227642314156584e-18,-2.633936795062265e-17,2.073428105151165e-17,3.596155121415891e-35,2.943,2.943
9.6759999999999,6.370300398301907e-18,-2.612421694169661e-17,2.0564914744167008e-17,3.5376452601341076e-35,2.943,2.943
9.677999999999901,6.31826511178987e-18,-2.591082337648481e-17,2.0396931891883688e-17,3.4800873610874423e-35,2.943,2.943
9.679999999999902,6.2666548713310944e-18,-2.56991728994496e-17,2.023032119402027e-17,3.42346593573982e-35,2.943,2.943
9.681999999999903,6.2154662049710766e-18,-2.548925127231539e-17,2.006507144224373e-17,3.367765747555451e-35,2.943,2.943
9.683999999999903,6.164695669115693e-18,-2.5281044373110796e-17,1.9901171519775397e-17,3.3129718078987456e-35,2.943,2.943
9.685999999999904,6.1143398482995415e-18,-2.507453819521862e-17,1.9738610400643132e-17,3.2590693720009596e-35,2.943,2.943
9.687999999999905,6.064395354956176e-18,-2.486971884643359e-17,1.957737714893953e-17,3.206043934992445e-35,2.943,2.943
9.689999999999905,6.014858829190212e-18,-2.4666572548027796e-17,1.9417460918086297e-17,3.153881227999468e-35,2.943,2.943
9.691999999999906,5.965726938551303e-18,-2.4465085633823764e-17,1.9258850950104532e-17,3.102567214304526e-35,2.943,2.943
9.693999999999907,5.916996377809953e-18,-2.4265244549275084e-17,1.9101536574891013e-17,3.052088085569141e-35,2.943,2.943
9.695999999999907,5.8686638687351686e-18,-2.4067035850554573e-17,1.8945507209500406e-17,3.0024302581181036e-35,2.943,2.943
9.697999999999908,5.820726159873923e-18,-2.3870446203649867e-17,1.8790752357433303e-17,2.953580369284178e-35,2.943,2.943
9.699999999999909,5.7731800263324204e-18,-2.3675462383466414e-17,1.8637261607930123e-17,2.905525273812274e-35,2.943,2.943
9.70199999999991,5.726022269559152e-18,-2.3482071272937778e-17,1.8485024635270723e-17,2.8582520403221293e-35,2.943,2.943
9.70399999999991,5.679249717129719e-18,-2.3290259862143224e-17,1.8334031198079796e-17,2.8117479478285393e-35,2.943,2.943
9.70599999999991,5.632859222533416e-18,-2.3100015247432515e-17,1.818427113863785e-17,2.766000482318205e-35,2.943,2.943
9.707999999999911,5.586847664961558e-18,-2.291132463055784e-17,1.8035734382197946e-17,2.720997333382275e-35,2.943,2.943
9.709999999999912,5.541211949097535e-18,-2.2724175317812845e-17,1.7888410936307885e-17,2.676726390903682e-35,2.943,2.943
9.711999999999913,5.495949004908581e-18,-2.2538554719178697e-17,1.7742290890138015e-17,2.633175741798367e-35,2.943,2.943
9.713999999999913,5.451055787439245e-18,-2.2354450347477118e-17,1.759736441381449e-17,2.5903336668095334e-35,2.943,2.943
9.715999999999914,5.406529276606552e-18,-2.2171849817530342e-17,1.745362175775801e-17,2.54818863735405e-35,2.943,2.943
9.717999999999915,5.362366476996831e-18,-2.1990740845327933e-17,1.7311053252027923e-17,2.5067293124201737e-35,2.943,2.943
9.719999999999915,5.3185644176642045e-18,-2.1811111247200407e-17,1.716964930567171e-17,2.465944535515739e-35,2.943,2.943
9.721999999999916,5.275120151930731e-18,-2.16329489389996e-17,1.7029400406079792e-17,2.4258233316660037e-35,2.943,2.943
9.723999999999917,5.232030757188168e-18,-2.1456241935285743e-17,1.6890297118345545e-17,2.386354904460336e-35,2.943,2.943
9.725999999999917,5.1892933347013655e-18,-2.128097834852117e-17,1.6752330084630644e-17,2.3475286331469603e-35,2.943,2.943
9.727999999999918,5.146905009413257e-18,-2.110714638827061e-17,1.6615490023535515e-17,2.309334069774965e-35,2.943,2.943
9.729999999999919,5.104862929751449e-18,-2.0934734360408008e-17,1.6479767729474938e-17,2.2717609363828138e-35,2.943,2.943
9.73199999999992,5.063164267436387e-18,-2.0763730666329847e-17,1.6345154072058773e-17,2.2347991222325937e-35,2.943,2.943
9.73399999999992,5.021806217291092e-18,-2.0594123802174862e-17,1.621163999547776e-17,2.1984386810892773e-35,2.943,2.943
9.73599999999992,4.980785997052447e-18,-2.0425902358050157e-17,1.6079216517894264e-17,2.16266982854423e-35,2.943,2.943
9.737999999999921,4.940100847184028e-18,-2.0259055017263628e-17,1.594787473083808e-17,2.1274829393822852e-35,2.943,2.943
9.739999999999922,4.89974803069046e-18,-2.0093570555562665e-17,1.581760579860712e-17,2.0928685449916426e-35,2.943,2.943
9.741999999999923,4.859724832933298e-18,-1.9929437840379054e-17,1.568840095767303e-17,2.058817330815916e-35,2.943,2.943
9.743999999999923,4.8200285614484e-18,-1.9766645830080076e-17,1.556025151609162e-17,2.025320133847632e-35,2.943,2.943
9.745999999999924,4.7806565457648024e-18,-1.9605183573225695e-17,1.543314885291815e-17,1.992367940162513e-35,2.943,2.943
9.747999999999925,4.741606137225069e-18,-1.944504020783184e-17,1.5307084417627378e-17,1.9599518824938762e-35,2.943,2.943
9.749999999999925,4.7028747088071074e-18,-1.9286204960639678e-17,1.5182049729538335e-17,1.928063237846496e-35,2.943,2.943
9.751999999999926,4.664459654947446e-18,-1.9128667146390876e-17,1.505803637724382e-17,1.8966934251492927e-35,2.943,2.943
9.753999999999927,4.626358391365947e-18,-1.8972416167108773e-17,1.4935036018044525e-17,1.8658340029462084e-35,2.943,2.943
9.755999999999927,4.588568354891958e-18,-1.881744151138543e-17,1.481304037738781e-17,1.8354766671246563e-35,2.943,2.943
9.757999999999928,4.55108700329188e-18,-1.8663732753674498e-17,1.4692041248311068e-17,1.8056132486809236e-35,2.943,2.943
9.759999999999929,4.513911815098145e-18,-1.8511279553589865e-17,1.4572030490889597e-17,1.7762357115219382e-35,2.943,2.943
9.76199999999993,4.477040289439589e-18,-1.8360071655210028e-17,1.4453000031689003e-17,1.7473361503027938e-35,2.943,2.943
9.76399999999993,4.440469945873213e-18,-1.821009888638816e-17,1.433494186322211e-17,1.7189067882994626e-35,2.943,2.943
9.76599999999993,4.404198324217318e-18,-1.8061351158067794e-17,1.4217848043410254e-17,1.6909399753161232e-35,2.943,2.943
9.767999999999931,4.368222984386001e-18,-1.7913818463604108e-17,1.4101710695048997e-17,1.6634281856265237e-35,2.943,2.943
9.769999999999932,4.332541506225006e-18,-1.7767490878090755e-17,1.3986522005278207e-17,1.636364015948855e-35,2.943,2.943
9.771999999999933,4.297151489348909e-18,-1.762235855769219e-17,1.3872274225056482e-17,1.6097401834535612e-35,2.943,2.943
9.773999999999933,4.262050552979644e-18,-1.7478411738981443e-17,1.3758959668639833e-17,1.583549523803568e-35,2.943,2.943
9.775999999999934,4.227236335786339e-18,-1.7335640738283314e-17,1.3646570713064664e-17,1.5577849892264e-35,2.943,2.943
9.777999999999935,4.192706495726462e-18,-1.7194035951022924e-17,1.3535099797634934e-17,1.5324396466176544e-35,2.943,2.943
9.779999999999935,4.158458709888268e-18,-1.7053587851079593e-17,1.3424539423413537e-17,1.5075066756753434e-35,2.943,2.943
9.781999999999936,4.12449067433453e-18,-1.691428699014599e-17,1.3314882152717844e-17,1.4829793670645845e-35,2.943,2.943
9.783999999999937,4.090800103947546e-18,-1.677612399709253e-17,1.3206120608619333e-17,1.4588511206121532e-35,2.943,2.943
9.785999999999937,4.057384732275415e-18,-1.663908957733693e-17,1.309824747444733e-17,1.435115443530408e-35,2.943,2.943
9.787999999999938,4.0242423113795656e-18,-1.6503174512218966e-17,1.2991255493296786e-17,1.4117659486701172e-35,2.943,2.943
9.789999999999939,3.991370611683533e-18,-1.6368369658380305e-17,1.2885137467540104e-17,1.3887963528017076e-35,2.943,2.943
9.79199999999994,3.9587674218229665e-18,-1.623466594714939e-17,1.2779886258342947e-17,1.366200474924481e-35,2.943,2.943
9.79399999999994,3.9264305484968696e-18,-1.6102054383931377e-17,1.2675494785183944e-17,1.3439722346033395e-35,2.943,2.943
9.79599999999994,3.894357816320046e-18,-1.597052604760306e-17,1.2571956025378408e-17,1.322105650332567e-35,2.943,2.943
9.797999999999941,3.862547067676761e-18,-1.5840072089912697e-17,1.2469263013605888e-17,1.3005948379262423e-35,2.943,2.943
9.799999999999942,3.830996162575588e-18,-1.5710683734884785e-17,1.2367408841441588e-17,1.2794340089348312e-35,2.943,2.943
9.801999999999943,3.79970297850545e-18,-1.5582352278229673e-17,1.226638665689163e-17,1.2586174690875456e-35,2.943,2.943
9.803999999999943,3.768665410292831e-18,-1.5455069086757993e-17,1.2166189663932094e-17,1.2381396167600448e-35,2.943,2.943
9.805999999999944,3.7378813699601545e-18,-1.5328825597799897e-17,1.2066811122051832e-17,1.2179949414670647e-35,2.943,2.943
9.807999999999945,3.707348786585322e-18,-1.5203613318629014e-17,1.1968244345799021e-17,1.1981780223795768e-35,2.943,2.943
9.809999999999945,3.677065606162395e-18,-1.5079423825891127e-17,1.1870482704331419e-17,1.1786835268660717e-35,2.943,2.943
9.811999999999946,3.647029791463418e-18,-1.4956248765037505e-17,1.1773519620970281e-17,1.1595062090575718e-35,2.943,2.943
9.813999999999947,3.617239321901367e-18,-1.4834079849762884e-17,1.167734857275792e-17,1.1406409084359974e-35,2.943,2.943
9.815999999999947,3.587692193394221e-18,-1.4712908861448016e-17,1.1581963090018933e-17,1.1220825484454968e-35,2.943,2.943
9.817999999999948,3.5583864182301444e-18,-1.4592727648606778e-17,1.1487356755924926e-17,1.103826135126372e-35,2.943,2.943
9.819999999999949,3.529320024933762e-18,-1.4473528126337813e-17,1.1393523206062834e-17,1.085866755771228e-35,2.943,2.943
9.82199999999995,3.500491058133538e-18,-1.4355302275780628e-17,1.1300456128006816e-17,1.0681995776029899e-35,2.943,2.943
9.82399999999995,3.4718975784302326e-18,-1.4238042143576147e-17,1.1208149260893564e-17,1.0508198464744279e-35,2.943,2.943
9.82599999999995,3.4435376622664326e-18,-1.4121739841331667e-17,1.1116596395001132e-17,1.0337228855888372e-35,2.943,2.943
9.827999999999951,3.415409401797148e-18,-1.4006387545090188e-17,1.1025791371331171e-17,1.0169040942415399e-35,2.943,2.943
9.829999999999952,3.3875109047614676e-18,-1.389197749480407e-17,1.0935728081194638e-17,1.0003589465818576e-35,2.943,2.943
9.831999999999953,3.3598402943552613e-18,-1.3778501993813004e-17,1.0846400465800801e-17,9.840829903952258e-36,2.943,2.943
9.833999999999953,3.332395709104923e-18,-1.3665953408326228e-17,1.07578025158497e-17,9.680718459051302e-36,2.943,2.943
9.835999999999954,3.305175302742143e-18,-1.3554324166908985e-17,1.0669928271127842e-17,9.523212045945274e-36,2.943,2.943
9.837999999999955,3.2781772440797067e-18,-1.3443606759973176e-17,1.0582771820107257e-17,9.368268280464467e-36,2.943,2.943
9.839999999999955,3.251399716888305e-18,-1.333379373927217e-17,1.0496327299547818e-17,9.215845468034535e-36,2.943,2.943
9.841999999999956,3.2248409197743512e-18,-1.3224877717399735e-17,1.0410588894102816e-17,9.065902592456702e-36,2.943,2.943
9.843999999999957,3.198499066058798e-18,-1.3116851367293077e-17,1.0325550835927715e-17,8.918399304870501e-36,2.943,2.943
9.845999999999957,3.1723723836569414e-18,-1.3009707421739923e-17,1.0241207404292165e-17,8.77329591289611e-36,2.943,2.943
9.847999999999958,3.14645911495921e-18,-1.2903438672889638e-17,1.0157552925195139e-17,8.630553369953334e-36,2.943,2.943
9.849999999999959,3.1207575167129238e-18,-1.2798037971768339e-17,1.0074581770983227e-17,8.490133264754373e-36,2.943,2.943
9.85199999999996,3.0952658599050225e-18,-1.2693498227797959e-17,9.992288359972058e-18,8.351997810967538e-36,2.943,2.943
9.85399999999996,3.0699824296457498e-18,-1.2589812408319246e-17,9.910667156070805e-18,8.216109837049142e-36,2.943,2.943
9.85599999999996,3.044905525053288e-18,-1.2486973538118663e-17,9.829712668409743e-18,8.082432776240828e-36,2.943,2.943
9.857999999999961,3.0200334591393373e-18,-1.2384974698959143e-17,9.749419450970884e-18,7.950930656729641e-36,2.943,2.943
9.859999999999962,2.9953645586956246e-18,-1.2283809029114678e-17,9.669782102221598e-18,7.821568091968206e-36,2.943,2.943
9.861999999999963,2.9708971641813447e-18,-1.2183469722908724e-17,9.590795264751233e-18,7.694310271152374e-36,2.943,2.943
9.863999999999963,2.9466296296115177e-18,-1.2083950030256353e-17,9.512453624910722e-18,7.56912294985382e-36,2.943,2.943
9.865999999999964,2.92256032244626e-18,-1.1985243256210165e-17,9.434751912455117e-18,7.44597244080505e-36,2.943,2.943
9.867999999999965,2.898687623480958e-18,-1.18873427605099e-17,9.357684900189029e-18,7.324825604834316e-36,2.943,2.943
9.869999999999965,2.8750099267373424e-18,-1.1790241957135728e-17,9.281247403615009e-18,7.205649841948043e-36,2.943,2.943
9.871999999999966,2.8515256393554464e-18,-1.1693934313865196e-17,9.205434280584744e-18,7.08841308255834e-36,2.943,2.943
9.873999999999967,2.828233181486453e-18,-1.1598413351833778e-17,9.13024043095316e-18,6.973083778853228e-36,2.943,2.943
9.875999999999967,2.805130986186412e-18,-1.150367264509904e-17,9.055660796235292e-18,6.859630896307293e-36,2.943,2.943
9.877999999999968,2.7822174993108303e-18,-1.1409705820208337e-17,8.98169035926602e-18,6.748023905330453e-36,2.943,2.943
9.879999999999969,2.7594911794101184e-18,-1.1316506555770061e-17,8.908324143862521e-18,6.638232773052601e-36,2.943,2.943
9.88199999999997,2.7369504976258935e-18,-1.1224068582028382e-17,8.83555721448953e-18,6.530227955241914e-36,2.943,2.943
9.88399999999997,2.71459393758813e-18,-1.1132385680441467e-17,8.763384675927297e-18,6.423980388354645e-36,2.943,2.943
9.88599999999997,2.692419995313149e-18,-1.1041451683263142e-17,8.691801672942283e-18,6.319461481714284e-36,2.943,2.943
9.887999999999971,2.6704271791024402e-18,-1.095126047312797e-17,8.62080338996054e-18,6.216643109817941e-36,2.943,2.943
9.889999999999972,2.6486140094423145e-18,-1.0861805982639726e-17,8.55038505074374e-18,6.115497604767926e-36,2.943,2.943
9.891999999999973,2.62697901890437e-18,-1.0773082193963218e-17,8.48054191806788e-18,6.01599774882646e-36,2.943,2.943
9.893999999999973,2.6055207520467763e-18,-1.068508313841946e-17,8.411269293404585e-18,5.9181167670915095e-36,2.943,2.943
9.895999999999974,2.584237765316362e-18,-1.0597802896084136e-17,8.342562516605038e-18,5.82182832029181e-36,2.943,2.943
9.897999999999975,2.5631286269515043e-18,-1.0511235595389363e-17,8.274416965586463e-18,5.727106497699097e-36,2.943,2.943
9.899999999999975,2.54219191688581e-18,-1.0425375412728682e-17,8.206828056021204e-18,5.6339258101556615e-36,2.943,2.943
9.901999999999976,2.5214262266525832e-18,-1.0340216572065299e-17,8.139791241028315e-18,5.5422611832153526e-36,2.943,2.943
9.903999999999977,2.500830159290076e-18,-1.0255753344543507e-17,8.073302010867681e-18,5.4520879503961665e-36,2.943,2.943
9.905999999999977,2.4804023292475097e-18,-1.0171980048103302e-17,8.007355892636634e-18,5.3633818465426235e-36,2.943,2.943
9.907999999999978,2.460141362291866e-18,-1.0088891047098127e-17,7.941948449969056e-18,5.276119001296147e-36,2.943,2.943
9.909999999999979,2.4400458954154385e-18,-1.000648075191575e-17,7.877075282736923e-18,5.190275932671656e-36,2.943,2.943
9.91199999999998,2.420114576744139e-18,-9.924743618602238e-18,7.812732026754307e-18,5.1058295407386996e-36,2.943,2.943
9.91399999999998,2.4003460654465544e-18,-9.843674148489001e-18,7.748914353483781e-18,5.022757101405371e-36,2.943,2.943
9.91599999999998,2.3807390316437456e-18,-9.763266887822881e-18,7.685617969745231e-18,4.941036260303386e-36,2.943,2.943
9.917999999999981,2.361292156319782e-18,-9.68351642739926e-18,7.622838617427033e-18,4.8606450267726184e-36,2.943,2.943
9.919999999999982,2.3420041312330092e-18,-9.60441740219818e-18,7.56057207319961e-18,4.781561767943536e-36,2.943,2.943
9.921999999999983,2.3228736588280394e-18,-9.525964491023411e-18,7.498814148231313e-18,4.703765202915912e-36,2.943,2.943
9.923999999999984,2.303899452148461e-18,-9.448152416144489e-18,7.437560687906626e-18,4.62723439703223e-36,2.943,2.943
9.925999999999984,2.2850802347502628e-18,-9.370975942941667e-18,7.376807571546674e-18,4.551948756244284e-36,2.943,2.943
9.927999999999985,2.2664147406159644e-18,-9.294429879553769e-18,7.316550712132021e-18,4.477888021571419e-36,2.943,2.943
9.929999999999986,2.2479017140694466e-18,-9.218509076528916e-18,7.256786056027717e-18,4.405032263648958e-36,2.943,2.943
9.931999999999986,2.22953990969148e-18,-9.143208426478118e-18,7.1975095827106e-18,4.3333618773652846e-36,2.943,2.943
9.933999999999987,2.2113280922359414e-18,-9.068522863731676e-18,7.138717304498836e-18,4.262857576586239e-36,2.943,2.943
9.935999999999988,2.1932650365467173e-18,-8.99444736399841e-18,7.080405266283644e-18,4.193500388965294e-36,2.943,2.943
9.937999999999988,2.1753495274752827e-18,-8.920976944027657e-18,7.022569545263235e-18,4.125271650838208e-36,2.943,2.943
9.939999999999989,2.1575803597989555e-18,-8.848106661274037e-18,6.9652062506789e-18,4.05815300220072e-36,2.943,2.943
9.94199999999999,2.1399563381398183e-18,-8.775831613564954e-18,6.908311523553296e-18,3.9921263817679686e-36,2.943,2.943
9.94399999999999,2.1224762768843023e-18,-8.704146938770815e-18,6.8518815364308156e-18,3.9271740221142983e-36,2.943,2.943
9.94599999999999,2.1051390001034277e-18,-8.633047814477942e-18,6.795912493120119e-18,3.863278444892127e-36,2.943,2.943
9.947999999999992,2.087943341473696e-18,-8.562529457664153e-18,6.740400628438745e-18,3.800422456128622e-36,2.943,2.943
9.949999999999992,2.0708881441986278e-18,-8.492587124377e-18,6.6853422079598266e-18,3.738589141598878e-36,2.943,2.943
9.951999999999993,2.0539722609309437e-18,-8.42321610941463e-18,6.630733527760862e-18,3.6777618622743935e-36,2.943,2.943
9.953999999999994,2.0371945536953777e-18,-8.35441174600925e-18,6.576570914174542e-18,3.6179242498455996e-36,2.943,2.943
9.955999999999994,2.0205538938121234e-18,-8.286169405513188e-18,6.522850723541613e-18,3.559060202317215e-36,2.943,2.943
9.957999999999995,2.0040491618209047e-18,-8.218484497087506e-18,6.46956934196576e-18,3.501153879675296e-36,2.943,2.943
9.959999999999996,1.9876792474056668e-18,-8.151352467393164e-18,6.416723185070488e-18,3.444189699624764e-36,2.943,2.943
9.961999999999996,1.971443049319882e-18,-8.084768800284707e-18,6.364308697757994e-18,3.3881523333962874e-36,2.943,2.943
9.963999999999997,1.955339475312466e-18,-8.018729016506452e-18,6.312322353970005e-18,3.333026701621394e-36,2.943,2.943
9.965999999999998,1.939367442054301e-18,-7.953228673391153e-18,6.260760656450574e-18,3.278797970274687e-36,2.943,2.943
9.967999999999998,1.9235258750653546e-18,-7.888263364561137e-18,6.209620136510801e-18,3.225451546682083e-36,2.943,2.943
9.969999999999999,1.9078137086423988e-18,-7.823828719631871e-18,6.1588973537955005e-18,3.1729730755939994e-36,2.943,2.943
9.972,1.8922298857873163e-18,-7.759920403917957e-18,6.1085888960517484e-18,3.1213484353224354e-36,2.943,2.943
9.974,1.8767733581359943e-18,-7.696534118141527e-18,6.058691378899333e-18,3.070563733940888e-36,2.943,2.943
9.976,1.8614430858877974e-18,-7.633665598143016e-18,6.009201445603081e-18,3.020605305546113e-36,2.943,2.943
9.978000000000002,1.846238037735619e-18,-7.571310614594307e-18,5.960115766847045e-18,2.9714597065807004e-36,2.943,2.943
9.980000000000002,1.831157190796501e-18,-7.509464972714206e-18,5.9114310405105184e-18,2.9231137122154757e-36,2.943,2.943
9.982000000000003,1.8161995305428225e-18,-7.448124511986254e-18,5.8631439914459075e-18,2.8755543127907728e-36,2.943,2.943
9.984000000000004,1.80136405073405e-18,-7.387285105878837e-18,5.815251371258395e-18,2.828768710315599e-36,2.943,2.943
9.986000000000004,1.7866497533490452e-18,-7.326942661567581e-18,5.767749958087423e-18,2.7827443150237608e-36,2.943,2.943
9.988000000000005,1.7720556485189244e-18,-7.267093119660017e-18,5.720636556389936e-18,2.737468741986019e-36,2.943,2.943
9.990000000000006,1.757580754460469e-18,-7.207732453922501e-18,5.673907996725412e-18,2.6929298077773753e-36,2.943,2.943
9.992000000000006,1.7432240974100775e-18,-7.148856671009353e-18,5.627561135542657e-18,2.649115527198566e-36,2.943,2.943
9.994000000000007,1.728984711558258e-18,-7.090461810194215e-18,5.581592854968317e-18,2.606014110050915e-36,2.943,2.943
9.996000000000008,1.7148616389846556e-18,-7.032543943103605e-18,5.536000062597141e-18,2.5636139579636456e-36,2.943,2.943
9.998000000000008,1.7008539295936111e-18,-6.975099173452642e-18,5.490779691283931e-18,2.5219036612728174e-36,2.943,2.943
10.000000000000009,1.6869606410502452e-18,-6.918123636782938e-18,5.445928698937228e-18,2.48087199595105e-36,2.943,2.943
