time,q,dq,u
0.002,0.7853737929236535,-0.024370414378741292,-3.9269908169872414
0.004,0.7853007127479711,-0.048709583123504235,-3.914683757428897
0.006,0.7851789866394553,-0.07301622857750566,-3.9021487721781036
0.008,0.7850086809193432,-0.09728907620361496,-3.8893868189085237
0.01,0.7847898644548537,-0.1215268545462897,-3.8763988664949083
0.012,0.7845226086530618,-0.145728295193974,-3.863185895001123
0.014,0.7842069874548482,-0.16989213274201231,-3.8497488956683217
0.016,0.7838430773289217,-0.19401710475613024,-3.836088870903235
0.018000000000000002,0.7834309572659145,-0.2181019517365339,-3.822206834266543
0.020000000000000004,0.782970708772549,-0.24214541708267864,-3.8081038104613056
0.022000000000000006,0.7824624158658736,-0.26614624705875695,-3.7937808353214058
0.024000000000000007,0.781906165067567,-0.2901031907599556,-3.7792389557999897
0.02600000000000001,0.7813020453983097,-0.31401500007953115,-3.7644792299578573
0.02800000000000001,0.7806501483722196,-0.3378804296767514,-3.749502726951783
0.030000000000000013,0.7799505679913515,-0.36169823694575187,-3.734310527022722
0.032000000000000015,0.7792034007402581,-0.3854671819853533,-3.718903721483882
0.034000000000000016,0.778408745580609,-0.40918602756988764,-3.703283412708614
0.03600000000000002,0.777566703945869,-0.43285353912107793,-3.687450714118101
0.03800000000000002,0.7766773797360301,-0.4564684846810171,-3.671406750168806
0.04000000000000002,0.7757408793123967,-0.4800296348862909,-3.655152656339642
0.04200000000000002,0.7747573114924216,-0.5035357629432885,-3.6386895791188376
0.044000000000000025,0.7737267875445903,-0.5269856446047435,-3.6220186759904633
0.04600000000000003,0.7726494211833507,-0.5503780581475486,-3.60514111542058
0.04800000000000003,0.7715253285640853,-0.5737117843518847,-3.5880580768429793
0.05000000000000003,0.7703546282781252,-0.5969856064817064,-3.570770750644484
0.05200000000000003,0.7691374413478002,-0.6201983102666231,-3.5532803381497726
0.054000000000000034,0.7678738912215248,-0.6433486838852163,-3.5355880516056892
0.056000000000000036,0.766564103768916,-0.6664355179498304,-3.517695114165016
0.05800000000000004,0.7652082072759391,-0.689457605492876,-3.499602759869665
0.06000000000000004,0.7638063324400801,-0.7124137419546824,-3.481312233633257
0.06200000000000004,0.7623586123655411,-0.735302725172935,-3.4628247912230594
0.06400000000000004,0.7608651825584548,-0.7581233553737341,-3.4441416992412384
0.06600000000000004,0.7593261809221146,-0.7808744351643084,-3.425264235105407
0.06800000000000005,0.7577417477522188,-0.8035547695274183,-3.406193687028418
0.07000000000000005,0.7561120257321238,-0.8261631658174804,-3.386931353997385
0.07200000000000005,0.7544371599281027,-0.8486984337584459,-3.3674785457518785
0.07400000000000005,0.7527172977846073,-0.8711593854434642,-3.3478365827612904
0.07600000000000005,0.7509525891195283,-0.893544835336361,-3.3280067962013042
0.07800000000000006,0.7491431861194513,-0.9158536002749609,-3.307990527929461
0.08000000000000006,0.7472892433349034,-0.9380844994762819,-3.2877891304597764
0.08200000000000006,0.7453909176755885,-0.9602363545436302,-3.2674039669363766
0.08400000000000006,0.7434483684056057,-0.98230798947562,-3.2468364111061274
0.08600000000000006,0.7414617571386483,-1.0042982306771457,-3.226087847290218
0.08800000000000006,0.7394312478331786,-1.026205906972329,-3.2051596703546688
0.09000000000000007,0.7373570067875749,-1.048029849619465,-3.1840532856797283
0.09200000000000007,0.7352392026352461,-1.0697688923279898,-3.1627701091281417
0.09400000000000007,0.7330780063397114,-1.0914218712774895,-3.141311567012236
0.09600000000000007,0.730873591189639,-1.1129876251387736,-3.119679096059812
0.09800000000000007,0.7286261327938407,-1.134464995097029,-3.0978741433788084
0.10000000000000007,0.7263358090762184,-1.1558528248770732,-3.075898166420689
0.10200000000000008,0.724002800270658,-1.177149960770726,-3.0537526329425555
0.10400000000000008,0.7216272889158659,-1.198355251666312,-3.031439020967927
0.10600000000000008,0.7192094598501452,-1.2194675490803106,-3.0089588187461738
0.10800000000000008,0.7167495002061054,-1.2404857071911677,-2.9863135247105705
0.11000000000000008,0.7142475994053035,-1.2614085828752797,-2.9635046474349434
0.11200000000000009,0.7117039491528095,-1.282235035745162,-2.9405337055888774
0.11400000000000009,0.7091187434316952,-1.3029639281898122,-2.9174022278914666
0.11600000000000009,0.7064921784974382,-1.3235941254172765,-2.89411175306357
0.11800000000000009,0.7038244528722396,-1.3441244954994271,-2.8706638297785525
0.12000000000000009,0.7011157673392501,-1.3645539094189572,-2.8470600166114846
0.1220000000000001,0.6983663249366993,-1.3848812411185971,-2.823301881986772
0.1240000000000001,0.6955763309519243,-1.4051053675525602,-2.799391004124198
0.12600000000000008,0.6927459929152942,-1.4252251687402147,-2.7753289709833417
0.12800000000000009,0.6898755205940234,-1.445239527821988,-2.7511173802063635
0.1300000000000001,0.6869651259858722,-1.4651473311175027,-2.7267578390591227
0.1320000000000001,0.6840150233127288,-1.48494746818594,-2.7022519643706095
0.1340000000000001,0.6810254290140672,-1.504638831888633,-2.677601382470674
0.1360000000000001,0.6779965617402788,-1.524220318453882,-2.6528077291260193
0.1380000000000001,0.6749286423458722,-1.5436908275439902,-2.627872649474453
0.1400000000000001,0.671821893882536,-1.5630492623245102,-2.6027977979573658
0.1420000000000001,0.668676541592061,-1.5822945295356956,-2.577584838250425
0.1440000000000001,0.6654928128991181,-1.601425539566149,-2.5522354431924574
0.1460000000000001,0.6622709374038858,-1.6204412065286542,-2.526751294712516
0.1480000000000001,0.6590111468745241,-1.6393404483381835,-2.5011340837551015
0.1500000000000001,0.6557136752394911,-1.6581221867920632,-2.475385510203529
0.1520000000000001,0.6523787585796953,-1.676785347652288,-2.4495072828014237
0.1540000000000001,0.649006635120483,-1.6953288607299628,-2.4235011190723323
0.1560000000000001,0.6455975452234535,-1.7137516599718596,-2.3973687452374333
0.1580000000000001,0.6421517313780998,-1.7320526835490682,-2.3711118961313375
0.16000000000000011,0.6386694381932694,-1.7502308739477206,-2.3447323151159645
0.16200000000000012,0.6351509123884419,-1.7682851780617699,-2.3182317539924866
0.16400000000000012,0.6315964027848188,-1.7862145472877988,-2.2916119729113245
0.16600000000000012,0.6280061602962219,-1.8040179376218348,-2.2648747402801943
0.16800000000000012,0.6243804379197962,-1.8216943097581457,-2.238021832670192
0.17000000000000012,0.6207194907265126,-1.8392426291899895,-2.2110550347199087
0.17200000000000013,0.6170235758514677,-1.8566618663122894,-2.183976139037568
0.17400000000000013,0.6132929524839767,-1.8739509965262058,-2.1567869461011937
0.17600000000000013,0.6095278818574544,-1.891109000345572,-2.1294892641567804
0.17800000000000013,0.6057286272390819,-1.908134863505163,-2.1020849091144864
0.18000000000000013,0.6018954539192553,-1.9250275770707634,-2.0745757044428283
0.18200000000000013,0.5980286292008117,-1.9417861375509988,-2.0469634810608945
0.18400000000000014,0.594128422388031,-1.958409547010893,-2.019250077228559
0.18600000000000014,0.5901951047754076,-1.974896813187117,-1.9914373384347082
0.18800000000000014,0.5862289496361907,-1.9912469496048852,-1.9635271172834794
0.19000000000000014,0.582230232210689,-2.0074589756964643,-1.9355212733785108
0.19200000000000014,0.5781992296943371,-2.0235319169212462,-1.907421673205213
0.19400000000000014,0.5741362212255195,-2.0394648048873494,-1.8792301900110624
0.19600000000000015,0.5700414878731506,-2.0552566774746976,-1.850948703683923
0.19800000000000015,0.5659153126240067,-2.0709065789595344,-1.822579100628404
0.20000000000000015,0.5617579803698083,-2.086413560140325,-1.7941232736402664
0.20200000000000015,0.5575697778940477,-2.1017766784649976,-1.765583121778879
0.20400000000000015,0.5533509938585628,-2.1169949981594733,-1.7369605502377399
0.20600000000000016,0.5491019187898509,-2.1320675903574373,-1.708257470213077
0.20800000000000016,0.5448228450651229,-2.1469935332312957,-1.6794757987705358
0.21000000000000016,0.5405140668980938,-2.161771912124268,-1.6506174587099665
0.21200000000000016,0.5361758803245081,-2.176401819683558,-1.6216843784283348
0.21400000000000016,0.5318085831873981,-2.1908823559945523,-1.5926784917807615
0.21600000000000016,0.5274124751220721,-2.205212628715984,-1.5636017379397145
0.21800000000000017,0.5229878575408325,-2.219391753216012,-1.5344560612523688
0.22000000000000017,0.5185350336174197,-2.233418852709148,-1.5052434110961568
0.22200000000000017,0.5140543082711819,-2.2472930583939794,-1.4759657417325247
0.22400000000000017,0.5095459881509692,-2.2610135095916246,-1.4466250121589197
0.22600000000000017,0.5050103816187487,-2.274579353884859,-1.4172231859590336
0.22800000000000017,0.5004477987329424,-2.287989747257849,-1.3877622311513138
0.23000000000000018,0.495858551231484,-2.3012438542364335,-1.3582441200357875
0.23200000000000018,0.4912429525145946,-2.314340848028884,-1.328670829039203
0.23400000000000018,0.4866013176272775,-2.327279910667082,-1.2990443385585309
0.23600000000000018,0.4819339632415289,-2.3400602331480473,-1.2693666328028463
0.23800000000000018,0.4772412076382662,-2.3526810155757505,-1.2396396996336205
0.24000000000000019,0.4725233706889723,-2.3651414673031397,-1.2098655304034558
0.2420000000000002,0.46778077383705535,-2.3774408070743194,-1.1800461197932917
0.2440000000000002,0.4630137400789242,-2.3895782631668054,-1.1501834656481171
0.2460000000000002,0.4582225939447797,-2.401553073533794,-1.1202795688112184
0.2480000000000002,0.4534076614791208,-2.413364485946369,-1.0903364329570016
0.25000000000000017,0.448569270220967,-2.425011758135583,-1.0603560644224195
0.25200000000000017,0.4437077491837964,-2.4364941579343338,-1.0303404720370437
0.25400000000000017,0.43882342883520065,-2.4478109634189744,-1.0002916669518154
0.25600000000000017,0.4339166410762565,-2.4589614630505765,-0.9702116624665158
0.2580000000000002,0.4289877192206157,-2.4699449558157798,-0.9401024738559942
0.2600000000000002,0.42403699797331335,-2.480760751367155,-0.9099661181951884
0.2620000000000002,0.41906481340929647,-2.491408170163005,-0.8798046141829892
0.2640000000000002,0.41407150295167294,-2.5018865436065365,-0.8496199819649799
0.2660000000000002,0.40905740534968354,-2.5121952141843233,-0.8194142429550966
0.2680000000000002,0.40402286065639725,-2.522333535603992,-0.7891894196562561
0.2700000000000002,0.39896821020613227,-2.532300872931056,-0.7589475354799902
0.2720000000000002,0.39389379659160434,-2.542096602724827,-0.7286906145651333
0.2740000000000002,0.38879996364080405,-2.551720113173323,-0.6984206815956082
0.2760000000000002,0.38368705639360556,-2.5611708042271135,-0.6681397616173588
0.2780000000000002,0.3785554210781085,-2.5704480877320135,-0.637849879854471
0.2800000000000002,0.37340540508671616,-2.5795513875605667,-0.6075530615245359
0.2820000000000002,0.3682373569519514,-2.588480139742237,-0.5772513316532975
0.2840000000000002,0.363051626322014,-2.597233792592241,-0.5469467148886387
0.2860000000000002,0.3578485639360815,-2.605811806838945,-0.5166412353139496
0.2880000000000002,0.3526285215993569,-2.6142136557497637,-0.486336916260935
0.2900000000000002,0.34739185215786605,-2.6224388252554767,-0.4560357801219028
0.2920000000000002,0.3421389094730079,-2.6304868140729054,-0.42573984816159194
0.2940000000000002,0.3368700483958615,-2.638357133825873,-0.39545114032858675
0.2960000000000002,0.33158562474125225,-2.646049309164378,-0.36517167506637094
0.2980000000000002,0.3262859952615824,-2.653562877881918,-0.3349034691240722
0.3000000000000002,0.3209715176204281,-2.6608973910308875,-0.3046485373669532
0.3020000000000002,0.31564255036590794,-2.6680524130359946,-0.27440889258669654
0.3040000000000002,0.310299452903827,-2.675027521805616,-0.24418654531154238
0.3060000000000002,0.30494258547059955,-2.681822308841036,-0.2139835036163269
0.3080000000000002,0.2995723091059563,-2.6884363793434978,-0.1838017729324799
0.3100000000000002,0.294188985625439,-2.694869352319012,-0.15364335585803257
0.3120000000000002,0.2887929775926885,-2.701120860680846,-0.12351025196768894
0.3140000000000002,0.28338464829152954,-2.7071905513496493,-0.09340445762301952
0.3160000000000002,0.2779643616978579,-2.713078085351138,-0.06332796578282318
0.3180000000000002,0.27253248245133493,-2.7187831379112937,-0.03328276581372025
0.32000000000000023,0.26708937582689396,-2.7243053985490073,-0.0032708433010277815
0.32200000000000023,0.26163540770606397,-2.7296445711661192,0.026705820140033865
0.32400000000000023,0.2561709445481161,-2.734800374134793,0.056645247052739656
0.32600000000000023,0.2506963533610379,-2.7397725403821744,0.08654546432681576
0.32800000000000024,0.24521200167234106,-2.7445608174722818,0.1164045033858978
0.33000000000000024,0.2397182574997082,-2.749164967685071,0.14622040037443562
0.33200000000000024,0.23421548932148448,-2.753584768092634,0.17599119634399463
0.33400000000000024,0.22870406604701948,-2.757820010632473,0.20571493743889468
0.33600000000000024,0.22318435698686584,-2.7618705021778127,0.23538967508113906
0.33800000000000024,0.21765673182283996,-2.765736064604898,0.2650134661545771
0.34000000000000025,0.21212156057795128,-2.769416534857235,0.29458437318824915
0.34200000000000025,0.20657921358620626,-2.772911765006739,0.324100464538861
0.34400000000000025,0.20103006146229296,-2.7762216223117386,0.3535598145723382
0.34600000000000025,0.19547447507115306,-2.779345989271808,0.3829605038444046
0.34800000000000025,0.18991282549744723,-2.782284763679383,0.41230061928013884
0.35000000000000026,0.18434548401492054,-2.7850378586681304,0.44157825435245535
0.35200000000000026,0.17877282205567452,-2.7876052027580336,0.47079150925946245
0.35400000000000026,0.17319521117935216,-2.789986739897167,0.49993849110064414
0.35600000000000026,0.1676130230422429,-2.7921824295001256,0.5290173140518226
0.35800000000000026,0.16202662936631398,-2.7941922464830866,0.5580260995388483
0.36000000000000026,0.15643640190817518,-2.796016181295472,0.5869629764099734
0.36200000000000027,0.15084271242798347,-2.797654239948191,0.61582608110686
0.36400000000000027,0.14524593265829489,-2.7991064440384457,0.6446135578341783
0.36600000000000027,0.13964643427286996,-2.800372830771066,0.6733235587277484
0.36800000000000027,0.13404458885544016,-2.801453452976374,0.7019542440211832
0.3700000000000003,0.12844076786844197,-2.8023483791245454,0.7305037822109863
0.3720000000000003,0.12283534262172592,-2.8030576933364646,0.7589703502200629
0.3740000000000003,0.11722868424124717,-2.8035814953910587,0.7873521335596027
0.3760000000000003,0.11162116363774523,-2.803919900729098,0.8156473264892935
0.3780000000000003,0.10601315147541937,-2.804073040453459,0.8438541321758228
0.3800000000000003,0.10040501814060726,-2.804041061325842,0.8719707628496327
0.3820000000000003,0.09479713371047357,-2.8038241257599386,0.8999954399598846
0.3840000000000003,0.08918986792171588,-2.803422411811051,0.9279263943276014
0.3860000000000003,0.08358359013929481,-2.8028361131621597,0.955761866296946
0.3880000000000003,0.07797866932519565,-2.802065439106445,0.9835001058846058
0.3900000000000003,0.07237547400722845,-2.801110614526262,1.0111393729272442
0.3920000000000003,0.06677437224787369,-2.7999718798685835,1.0386779372269888
0.3940000000000003,0.061175731613180614,-2.7986494911169126,1.0661140786949233
0.3960000000000003,0.05557991914172524,-2.797143719759676,1.0934460874925533
0.3980000000000003,0.0499873013136351,-2.7954548527551153,1.120672264171212
0.4000000000000003,0.04439824401968769,-2.793583192492686,1.147790919809382
0.4020000000000003,0.03881311253048959,-2.791529056750984,1.1748003761479047
0.4040000000000003,0.03323227146574318,-2.789292778652214,1.2016989657230441
0.4060000000000003,0.02765608476360791,-2.786874706613226,1.228485031997391
0.4080000000000003,0.02208491565016283,-2.7842752042931376,1.2551569294885734
0.4100000000000003,0.016519126608977325,-2.7814946505375695,1.2817130238957546
0.4120000000000003,0.010959079350796739,-2.7785334393195167,1.308151692223898
0.4140000000000003,0.0054051347833495725,-2.7753919796768876,1.3344713229057747
0.4160000000000003,-0.0001423470187170723,-2.7720706956467382,1.360670315921696
0.4180000000000003,-0.005683006843767248,-2.7685700261962354,1.3867470829169546
0.4200000000000003,-0.011216486372964591,-2.7648904251503774,1.412700047316954
0.4220000000000003,-0.01674242820991299,-2.761032361116517,1.4385276444400117
0.4240000000000003,-0.022260475910143133,-2.756996317405711,1.4642283216078233
0.4260000000000003,-0.027770274010438606,-2.7527827919509487,1.4898005382535713
0.4280000000000003,-0.03327146805799537,-2.7483922972222854,1.5152427660276673
0.4300000000000003,-0.03876370463940844,-2.7438253601389366,1.5405534889011196
0.43200000000000033,-0.04424663140947976,-2.739082521978367,1.5657312032665105
0.43400000000000033,-0.04971989711984126,-2.7341643382824206,1.5907744180365824
0.43600000000000033,-0.05518315164738732,-2.7290713787605436,1.6156816547404165
0.43800000000000033,-0.06063604602251071,-2.7238042271901426,1.6404514476172083
0.44000000000000034,-0.06607823245713654,-2.71836348131413,1.6650823437076248
0.44200000000000034,-0.07150936437254843,-2.7127497527357067,1.6895729029427478
0.44400000000000034,-0.0769290964270016,-2.7069636668104344,1.7139216982305956
0.44600000000000034,-0.0823370845431174,-2.7010058625356526,1.7381273155402253
0.44800000000000034,-0.08773298593505408,-2.694876992437291,1.7621883539834133
0.45000000000000034,-0.09311645913544861,-2.6885777224541365,1.786103425893916
0.45200000000000035,-0.09848716402212458,-2.6821087318196133,1.8098711569043113
0.45400000000000035,-0.10384476184456116,-2.675470712941127,1.8334901860204296
0.45600000000000035,-0.10918891525011844,-2.668664371277041,1.8569591656933693
0.45800000000000035,-0.11451928831001429,-2.6616904252113405,1.8802767618891125
0.46000000000000035,-0.11983554654504844,-2.6545496059260434,1.9034416541557417
0.46200000000000035,-0.12513735695106903,-2.647242657271426,1.9264525356882638
0.46400000000000036,-0.13042438802417763,-2.639770335634121,1.9493081133910581
0.46600000000000036,-0.13569630978566824,-2.6321334098031532,1.9720071079379486
0.46800000000000036,-0.14095279380669642,-2.624332660833981,1.994548253829918
0.47000000000000036,-0.1461935132326746,-2.616368881910602,2.0169302994504728
0.47200000000000036,-0.1514181428073896,-2.608242878205794,2.039152007118674
0.47400000000000037,-0.15662635889683907,-2.5999554667395577,2.061212153139845
0.47600000000000037,-0.1618178395127827,-2.591507476235823,2.083109527853974
0.47800000000000037,-0.1669922643360055,-2.5828997469774926,2.104842935681825
0.48000000000000037,-0.17214931473928946,-2.5741331306598894,2.1264111951687736
0.4820000000000004,-0.17728867381009042,-2.5652084902426697,2.147813139026392
0.4840000000000004,-0.18241002637291753,-2.5561266998002825,2.169047614171787
0.4860000000000004,-0.18751305901141208,-2.546888644371032,2.1901134817647288
0.4880000000000004,-0.19259746009012307,-2.5374952198048226,2.2110096172425764
0.4900000000000004,-0.19766291977597725,-2.5279473326096467,2.2317349103530266
0.4920000000000004,-0.2027091300594406,-2.5182458997968937,2.25228826518471
0.4940000000000004,-0.20773578477536966,-2.508391848725542,2.27266860019565
0.4960000000000004,-0.21274257962354987,-2.498386116945309,2.2928748482396193
0.4980000000000004,-0.21772921218891944,-2.4882296520388274,2.312905956590404
0.5000000000000003,-0.22269538196147665,-2.4779234114629145,2.332760886964011
0.5020000000000003,-0.22764079035586862,-2.4674683623890092,2.3524386155388406
0.5040000000000003,-0.23256514073066048,-2.456865481542843,2.371938132973848
0.5060000000000003,-0.23746813840728298,-2.4461157550434116,2.3912584444247242
0.5080000000000003,-0.24234949068865747,-2.435220178241324,2.4103985695581205
0.5100000000000003,-0.24720890687749694,-2.4241797555565876,2.4293575425639493
0.5120000000000003,-0.25204609829428226,-2.412995500315905,2.4481344121657784
0.5140000000000003,-0.25686077829491255,-2.4016684345895496,2.466728241629364
0.5160000000000003,-0.2616526622880287,-2.3901995890278807,2.4851381087693376
0.5180000000000003,-0.26642146775201,-2.3785900026975773,2.503363105954084
0.5200000000000004,-0.27116691425164274,-2.366840722917643,2.5214023401088386
0.5220000000000004,-0.27588872345446075,-2.35495280509526,2.5392549327170353
0.5240000000000004,-0.28058661914675753,-2.3429273125615513,2.556920019819934
0.5260000000000004,-0.2852603272492698,-2.330765316407314,2.574396752014563
0.5280000000000004,-0.2899095758325328,-2.3184678953187947,2.591684294450006
0.5300000000000004,-0.29453409513190676,-2.306036135413565,2.608781826822061
0.5320000000000004,-0.2991336175622758,-2.2934711300765596,2.6256885433663166
0.5340000000000004,-0.3037078777324188,-2.2807739797963418,2.6424036528496586
0.5360000000000004,-0.30825661245905317,-2.267945792001656,2.658926378560265
0.5380000000000004,-0.31277956078055197,-2.2549876808983256,2.675255958296094
0.5400000000000004,-0.31727646397033543,-2.241900767306559,2.6913916443519224
0.5420000000000004,-0.32174706554993737,-2.228686178498718,2.7073327035049566
0.5440000000000004,-0.3261911113017477,-2.215345048037612,2.723078416999046
0.5460000000000004,-0.3306083492814321,-2.2018785156153644,2.7386280805275445
0.5480000000000004,-0.33499852983003003,-2.188287726892921,2.7539810042148427
0.5500000000000004,-0.33936140558573247,-2.1745738333402387,2.7691365125966105
0.5520000000000004,-0.3436967314953408,-2.1607379920772236,2.784093944598782
0.5540000000000004,-0.34800426482540825,-2.146781365715457,2.7988526535153158
0.5560000000000004,-0.35228376517306564,-2.1327051222007696,2.8134120069847697
0.5580000000000004,-0.35653499447653336,-2.118510434656713,2.827771386965713
0.5600000000000004,-0.36075771702532095,-2.1041984812289725,2.8419301897110234
0.5620000000000004,-0.3649516994701166,-2.0897704449307732,2.8558878257410907
0.5640000000000004,-0.3691167108323685,-2.0752275134893274,2.8696437198159694
0.5660000000000004,-0.3732525225135605,-2.0605708791933637,2.8831973109065063
0.5680000000000004,-0.37735890830418306,-2.0458017387417873,2.8965480521644844
0.5700000000000004,-0.3814356443924037,-2.03092129309351,2.9096954108918087
0.5720000000000004,-0.3854825093724376,-2.015930747318498,2.9226388685087734
0.5740000000000004,-0.3894992842526221,-2.000831310450069,2.935377920521437
0.5760000000000004,-0.3934857524631964,-1.9856241953384877,2.9479120764881452
0.5780000000000004,-0.39744169986379047,-1.970310618505891,2.960240859985226
0.5800000000000004,-0.4013669147506248,-1.954891800002583,2.972363808571898
0.5820000000000004,-0.4052611878634242,-1.9393689632647333,2.9842804737544157
0.5840000000000004,-0.40912431239204833,-1.9237433349735154,2.9959904209494876
0.5860000000000004,-0.41295608398284234,-1.9080161449157158,3.0074932294469994
0.5880000000000004,-0.4167563007447097,-1.8921886258458467,3.0187884923720696
0.5900000000000004,-0.4205247632549113,-1.8762620133497923,3.029875816646472
0.5920000000000004,-0.42426127456459284,-1.8602375457100184,3.0407548229494523
0.5940000000000004,-0.42796564020404493,-1.8441164637723726,3.0514251456779733
0.5960000000000004,-0.43163766818769767,-1.8279000108145,3.0618864329064106
0.5980000000000004,-0.4352771690188543,-1.8115894324159043,3.072138346345738
0.6000000000000004,-0.43888395569416633,-1.7951859763296716,3.082180561302224
0.6020000000000004,-0.44245784370785357,-1.7786908923558855,3.0920127666356674
0.6040000000000004,-0.44599865105567343,-1.762105432216751,3.1016346647172104
0.6060000000000004,-0.44950619823864146,-1.745430849433449,3.111045971386743
0.6080000000000004,-0.45298030826650765,-1.7286683992047382,3.1202464159099317
0.6100000000000004,-0.4564208066609917,-1.7118193382873252,3.1292357409349076
0.6120000000000004,-0.459827521458781,-1.6948849248780147,3.1380137024486214
0.6140000000000004,-0.463200283214294,-1.6778664184976586,3.146580069732912
0.6160000000000004,-0.46653892500221433,-1.6607650798769147,3.1549346253202994
0.6180000000000004,-0.46984328241979734,-1.6435821708438287,3.163077164949529
0.6200000000000004,-0.47311319358895415,-1.626318954213251,3.1710074975209013
0.6220000000000004,-0.47634849915811617,-1.608976693678097,3.178725445051396
0.6240000000000004,-0.4795490423038841,-1.59155665370246,3.1862308426296293
0.6260000000000004,-0.48271466873246505,-1.574060099416585,3.1935235383706506
0.6280000000000004,-0.4858452266809011,-1.556488296513709,3.200603393370618
0.6300000000000004,-0.488940566918094,-1.5388425111487718,3.20747028166136
0.6320000000000005,-0.49200054274562877,-1.5211240098390035,3.214124090164856
0.6340000000000005,-0.49502500999840043,-1.5033340593663898,3.220564718647646
0.6360000000000005,-0.4980138270450476,-1.485473926682016,3.226792079675197
0.6380000000000005,-0.5009668547881965,-1.467544878812294,3.2328060985662463
0.6400000000000005,-0.5038839566645196,-1.4495481827670658,3.2386067133471297
0.6420000000000005,-0.5067649986446121,-1.4314851054495872,3.2441938747061307
0.6440000000000005,-0.5096098492326904,-1.4133569135683854,3.249567545947854
0.6460000000000005,-0.5124183794661157,-1.395164873550989,3.254727702947645
0.6480000000000005,-0.5151904629147479,-1.3769102514595217,3.259674334106073
0.6500000000000005,-0.5179259756801315,-1.3585943129081606,3.2644074403035006
0.6520000000000005,-0.520624796394519,-1.3402183229824434,3.268927034854738
0.6540000000000005,-0.5232868062197341,-1.3217835461604241,3.2732331434638167
0.6560000000000005,-0.5259118888458799,-1.303291246235664,3.277325804178883
0.6580000000000005,-0.5284999304898943,-1.2847426862420488,3.2812050673472317
0.6600000000000005,-0.5310508198939569,-1.2661391283804229,3.2848709955704956
0.6620000000000005,-0.5335644483237509,-1.2474818339470257,3.2883236636599955
0.6640000000000005,-0.5360407095665846,-1.2287720632637216,3.2915631585922673
0.6660000000000005,-0.5384794999293732,-1.2100110756100053,3.2945895794647835
0.6680000000000005,-0.5408807182364885,-1.1912001291567726,3.2974030374518684
0.6700000000000005,-0.5432442658274769,-1.172340480901838,3.300003655760829
0.6720000000000005,-0.5455700465546495,-1.1534333866071853,3.3023915695883037
0.6740000000000005,-0.5478579667805499,-1.1344801007379324,3.30456692607684
0.6760000000000005,-0.5501079353753003,-1.1154818764029948,3.3065298842717157
0.6780000000000005,-0.5523198637138319,-1.0964399652974277,3.308280615077999
0.6800000000000005,-0.5544936656730001,-1.0773556176464285,3.3098193012178734
0.6820000000000005,-0.5566292576285905,-1.058230082150979,3.3111461371882145
0.6840000000000005,-0.5587265584522179,-1.0390646059351074,3.312261329218442
0.6860000000000005,-0.5607854895081201,-1.01986043449475,3.313165095228643
0.6880000000000005,-0.562805974649853,-1.0006188116481864,3.313857664787976
0.6900000000000005,-0.5647879402168862,-0.9813409794880323,3.3143392790733586
0.6920000000000005,-0.5667313150311051,-0.9620281783347605,3.314610190828447
0.6940000000000005,-0.5686360303932216,-0.9426816466917299,3.3146706643229056
0.6960000000000005,-0.5705020200790965,-0.9233026212016977,3.3145209753119733
0.6980000000000005,-0.5723292203359751,-0.9038923366047883,3.314161410996331
0.7000000000000005,-0.5741175698786419,-0.8844520256978959,3.3135922699822697
0.7020000000000005,-0.5758670098854947,-0.8649829192954929,3.3128138622421575
0.7040000000000005,-0.577577483994541,-0.8454862461918181,3.3118265090752197
0.7060000000000005,-0.5792489382993219,-0.8259632331244194,3.3106305430686143
0.7080000000000005,-0.5808813213447627,-0.8064151047390208,3.309226308058819
0.7100000000000005,-0.5824745841229553,-0.786843083555688,3.3076141590933235
0.7120000000000005,-0.5840286800688742,-0.7672483899362645,3.3057944623926203
0.7140000000000005,-0.5855435650560288,-0.7476322420530479,3.303767595312503
0.7160000000000005,-0.5870191973920535,-0.7279958558586785,3.301533946306668
0.7180000000000005,-0.5884555378142399,-0.7083404450572117,3.299093914889607
0.7200000000000005,-0.5898525494850109,-0.6886672210763425,3.296447911599805
0.7220000000000005,-0.5912101979873419,-0.6689773930407537,3.2935963579632257
0.7240000000000005,-0.5925284513201285,-0.649272167746557,3.290539686457086
0.7260000000000005,-0.5938072798935053,-0.6295527496367965,3.287278340473921
0.7280000000000005,-0.5950466565241156,-0.6098203407779828,3.283812774285925
0.7300000000000005,-0.5962465564303358,-0.5900761408376283,3.280143453009569
0.7320000000000005,-0.597406957227456,-0.5703213470627517,3.276270852570493
0.7340000000000005,-0.5985278389228181,-0.5505571542593191,3.2721954596686555
0.7360000000000005,-0.5996091839109142,-0.5307847547725908,3.2679177717437504
0.7380000000000005,-0.6006509769684458,-0.5110053384683435,3.2634382969408664
0.7400000000000005,-0.6016532052493472,-0.4912200927149324,3.258757554076401
0.7420000000000005,-0.6026158582797733,-0.47143020236616384,3.2538760726042018
0.7440000000000005,-0.6035389279530539,-0.45163684974494517,3.248794392581948
0.7460000000000006,-0.6044224085246163,-0.4318412146276793,3.243513064637742
0.7480000000000006,-0.6052662966068773,-0.4120444742293718,3.238032649936921
0.7500000000000006,-0.606070591164106,-0.39224780318941727,3.232353720149072
0.7520000000000006,-0.6068352935072593,-0.37245237355803346,3.2264768574152387
0.7540000000000006,-0.6075604072887898,-0.35265935478330945,3.220402654315313
0.7560000000000006,-0.6082459384974297,-0.3328699136988356,3.2141317138356036
0.7580000000000006,-0.6088918954529497,-0.31308521451188254,3.207664649336566
0.7600000000000006,-0.6094982888008952,-0.29330641879209657,3.20100208452069
0.7620000000000006,-0.6100651315072995,-0.2735346854606785,3.194144653400524
0.7640000000000006,-0.6105924388533771,-0.2537711707800138,3.1870930002668363
0.7660000000000006,-0.6110802284301962,-0.23401702834372087,3.1798477796568925
0.7680000000000006,-0.6115285201333308,-0.2142734090670852,3.172409656322841
0.7700000000000006,-0.6119373361574957,-0.19454146117784724,3.164779305200197
0.7720000000000006,-0.6123067009911616,-0.17482233020731117,3.156957411376402
0.7740000000000006,-0.6126366414111541,-0.1551171589817426,3.148944670059463
0.7760000000000006,-0.6129271864772354,-0.1354270876140231,3.1407417865466423
0.7780000000000006,-0.6131783675266689,-0.1157532534955295,3.1323494761931885
0.7800000000000006,-0.6133902181687685,-0.09609679128820622,3.1237684643811092
0.7820000000000006,-0.613562774279432,-0.07645883291679897,3.114999486487945
0.7840000000000006,-0.613696073995659,-0.05684050756121842,3.1060432878555595
0.7860000000000006,-0.6137901577100536,-0.03724294164900242,3.096900623758904
0.7880000000000006,-0.6138450680653126,-0.017667258847845934,3.0875722593747694
0.7900000000000006,-0.6138608499486977,0.0018854199418324308,3.0780589697504857
0.7920000000000006,-0.6138375504864942,0.021413976594317607,3.0683615397725728
0.7940000000000006,-0.6137752190384537,0.04091729576604952,3.0584807641353127
0.7960000000000006,-0.6136739071922224,0.06039426490312888,3.0484174473092436
0.7980000000000006,-0.6135336687577545,0.07984377424890707,3.038172403509547
0.8000000000000006,-0.6133545597617098,0.09926471685168975,3.027746456664319
0.8020000000000006,-0.613136638441836,0.11865598857258342,3.0171404403827045
0.8040000000000006,-0.6128799652413349,0.13801648809351383,3.0063551979228884
0.8060000000000006,-0.6125846028032133,0.15734511692544495,2.9953915821599177
0.8080000000000006,-0.6122506159646156,0.17664077941682682,2.984250455553344
0.8100000000000006,-0.611878071751141,0.1959023827623,2.9729326901146647
0.8120000000000006,-0.6114670393711414,0.21512883701168448,2.9614391673745546
0.8140000000000006,-0.6110175902100028,0.23431905507928033,2.9497707783498646
0.8160000000000006,-0.6105297978244056,0.25347195275350665,2.937928423510374
0.8180000000000006,-0.6100037379365677,0.27258644870690546,2.925913012745275
0.8200000000000006,-0.6094394884284647,0.2916614645065368,2.9137254653293856
0.8220000000000006,-0.6088371293360312,0.3106959246247904,2.9013667098890554
0.8240000000000006,-0.6081967428433381,0.32968875645063933,2.888837684367761
0.8260000000000006,-0.6075184132767486,0.3486388903013604,2.8761393359913714
0.8280000000000006,-0.6068022270990487,0.3675452594347458,2.8632726212330626
0.8300000000000006,-0.6060482729035543,0.3864068000618297,2.850238505777871
0.8320000000000006,-0.6052566414081909,0.40522245136015356,2.837037964486857
0.8340000000000006,-0.6044274254495474,0.42399115548759303,2.8236719813608775
0.8360000000000006,-0.6035607199769008,0.4427118575967688,2.810141549503941
0.8380000000000006,-0.6026566220462117,0.46138350585006366,2.7964476710861192
0.8400000000000006,-0.60171523081409,0.4800050514352675,2.7825913573060266
0.8420000000000006,-0.6007366475317267,0.49857544858187053,2.768573628352816
0.8440000000000006,-0.599720975538795,0.5170936545780261,2.7543955133676983
0.8460000000000006,-0.5986683202573144,0.5355586297882028,2.740058050404962
0.8480000000000006,-0.5975787891854804,0.5539693376715447,2.7255622863924707
0.8500000000000006,-0.5964524918914558,0.5723247448009597,2.7109092770916297
0.8520000000000006,-0.595289540007124,0.5906238208829543,2.696100087056799
0.8540000000000006,-0.594090047221801,0.6088655387782302,2.681135789594143
0.8560000000000006,-0.592854129275906,0.6270488745230646,2.6660174667198904
0.8580000000000007,-0.5915819039545878,0.6451728073514853,2.6507462091179974
0.8600000000000007,-0.5902734910813069,0.6632363197182619,2.6353231160971964
0.8620000000000007,-0.5889290125113702,0.6812383973227246,2.6197492955474035
0.8640000000000007,-0.5875485921254173,0.6991780291334275,2.6040258638954885
0.8660000000000007,-0.5861323558228569,0.7170542074136703,2.5881539460603724
0.8680000000000007,-0.584680431515251,0.7348659277478918,2.5721346754074497
0.8700000000000007,-0.583192949119645,0.7526121890689482,2.5559691937023086
0.8720000000000007,-0.581670040551844,0.7702919936862889,2.539658651063751
0.8740000000000007,-0.5801118397196295,0.7879043473150413,2.5232042059160755
0.8760000000000007,-0.5785184825159191,0.8054482591060161,2.506607024940627
0.8780000000000007,-0.5768901068118637,0.8229227416766424,2.4898682830265875
0.8800000000000007,-0.575226852449883,0.8403268111428439,2.4729891632209977
0.8820000000000007,-0.5735288612366358,0.8576594871518647,2.455970856677993
0.8840000000000007,-0.5717962769359237,0.8749197929160525,2.438814562607247
0.8860000000000007,-0.5700292452615262,0.8921067552476083,2.4215214882215927
0.8880000000000007,-0.5682279138699657,0.9092194045943084,2.4040928486838267
0.8900000000000007,-0.5663924323531997,0.9262567750762063,2.3865298670526744
0.8920000000000007,-0.5645229522312387,0.9432179045233189,2.3688337742278955
0.8940000000000007,-0.5626196269446879,0.9601018345143033,2.3510058088945343
0.8960000000000007,-0.5606826118472104,0.9769076104161282,2.333047217466288
0.8980000000000007,-0.5587120641979099,0.9936342814247424,2.3149592540279875
0.9000000000000007,-0.5567081431536317,1.0102809006067452,2.2967431802771783
0.9020000000000007,-0.5546710097611787,1.0268465249420593,2.2784002654647857
0.9040000000000007,-0.5526008269494409,1.0433302153676085,2.2599317863348634
0.9060000000000007,-0.5504977595214375,1.0597310368220008,2.2413390270634004
0.9080000000000007,-0.5483619741462677,1.0760480582912166,2.2226232791961875
0.9100000000000007,-0.5461936393509697,1.0922803528553027,2.2037858415857303
0.9120000000000007,-0.5439929255122844,1.1084269977360675,2.184828020327197
0.9140000000000007,-0.5417600048483244,1.124487074345779,2.165751128693388
0.9160000000000007,-0.5394950514101429,1.1404596683368613,2.1465564870687324
0.9180000000000007,-0.5371982410732029,1.1563438696525836,2.1272454228822837
0.9200000000000007,-0.5348697515287443,1.1721387725787422,2.1078192705397227
0.9220000000000007,-0.5325097622750461,1.1878434757963252,2.08827937135435
0.9240000000000007,-0.5301184546085829,1.2034570824351583,2.0686270734770678
0.9260000000000007,-0.5276960116150724,1.2189787001285226,2.048863731825335
0.9280000000000007,-0.5252426181604134,1.234407441068738,2.0289907080111007
0.9300000000000007,-0.5227584608815111,1.249742422063704,2.009009370267698
0.9320000000000007,-0.5202437281769892,1.2649827645943883,1.9889210933757038
0.9340000000000007,-0.5176986101977845,1.2801275948732571,1.9687272585877515
0.9360000000000007,-0.515123298837626,1.2951760439036306,1.948429253552294
0.9380000000000007,-0.512517987723392,1.3101272475399595,1.9280284722363144
0.9400000000000007,-0.5098828722053473,1.3249803465490055,1.9075263148469799
0.9420000000000007,-0.5072181493472572,1.3397344866719174,1.8869241877522338
0.9440000000000007,-0.5045240179163747,1.354388818687186,1.8662235034003272
0.9460000000000007,-0.5018006783733034,1.368942498474467,1.8454256802382805
0.9480000000000007,-0.49904833286173017,1.3833946870792546,1.824532142629284
0.9500000000000007,-0.49626718519802776,1.3977445507783939,1.8035443207690234
0.9520000000000007,-0.4934574408607266,1.4119912611464116,1.782463650600942
0.9540000000000007,-0.49061930697985223,1.4261339951226524,1.7612915737304276
0.9560000000000007,-0.4877529923261277,1.440171935079201,1.740029537337935
0.9580000000000007,-0.48485870730003966,1.454104268889574,1.7186789940910376
0.9600000000000007,-0.4819366639207665,1.467930189998159,1.6972414020554116
0.9620000000000007,-0.47898707581496625,1.4816488974903859,1.675718224604753
0.9640000000000007,-0.47601015820542386,1.495259596163608,1.6541109303296384
0.9660000000000007,-0.473006127899556,1.5087614965986709,1.632420992945315
0.9680000000000007,-0.469975203277772,1.522153815232151,1.6106498911984446
0.9700000000000008,-0.4669176042816895,1.5354357744292377,1.5887991087727846
0.9720000000000008,-0.46383355240220403,1.54860660255724,1.5668701341938287
0.9740000000000008,-0.46072327066741076,1.5616655340596919,1.5448644607324002
0.9760000000000008,-0.4575869836303774,1.5746118095310329,1.5227835863072077
0.9780000000000008,-0.4544249173567675,1.58744467579184,1.5006290133863704
0.9800000000000008,-0.4512372994123122,1.6001633859645847,1.4784022488879174
0.9820000000000008,-0.4480243588501307,1.612767199549891,1.4561048040792688
0.9840000000000008,-0.44478632619789704,1.625255382503264,1.433738194475708
0.9860000000000008,-0.4415234334448535,1.6376272073122693,1.411303939737853
0.9880000000000008,-0.43823591402866885,1.6498819530741275,1.388803563568133
0.9900000000000008,-0.43492400282214116,1.6620189055737022,1.3662385936062802
0.9920000000000008,-0.43158793611974433,1.674037357361849,1.343610561323855
0.9940000000000008,-0.4282279516240175,1.6859366078340983,1.3209210019177973
0.9960000000000008,-0.42484428843179683,1.6977159633096426,1.2981714542030383
0.9980000000000008,-0.42143718702028893,1.7093747371105972,1.2753634605041628
1.0000000000000007,-0.4180068892329856,1.7209122496415035,1.252498566546146
1.0020000000000007,-0.4145536382654196,1.7323278284690458,1.2295783213441767
1.0040000000000007,-0.41107767865075995,1.743620808401948,1.2066042770925751
1.0060000000000007,-0.4075792562452486,1.754790531571021,1.183577989052826
1.0080000000000007,-0.40405861821347555,1.7658363475093253,1.1605010154407327
1.0100000000000007,-0.40051601301349454,1.776757613232419,1.137374917312715
1.0120000000000007,-0.39695169038177763,1.7875536933186573,1.1142012584512633
1.0140000000000007,-0.39336590131800947,1.79822395998951,1.0909816052495596
1.0160000000000007,-0.3897588980697206,1.8087677931898634,1.0677175265952923
1.0180000000000007,-0.3861309341167605,1.8191845806682723,1.0444105937536712
1.0200000000000007,-0.38248226415561043,1.8294737180571294,1.0210623802496666
1.0220000000000007,-0.37881314408353506,1.8396346089527165,0.9976744617494875
1.0240000000000007,-0.37512383098257546,1.8496666649951012,0.974248415941317
1.0260000000000007,-0.3714145831033815,1.8595693059478475,0.9507858224153267
1.0280000000000007,-0.36768565984888546,1.8693419597775025,0.9272882625429837
1.0300000000000007,-0.36393732175781685,1.878984062732824,0.9037573193556762
1.0320000000000007,-0.360169830488059,1.888495059423716,0.8801945774226722
1.0340000000000007,-0.3563834487998482,1.8978744028998313,0.856601622728437
1.0360000000000007,-0.35257844053881593,1.9071215547288116,0.8329800425493251
1.0380000000000007,-0.3487550706188751,1.9162359850741237,0.8093314253296738
1.0400000000000007,-0.34491360500495094,1.9252171727724594,0.7856573605573137
1.0420000000000007,-0.3410543106955574,1.9340646054106605,0.7619594386385251
1.0440000000000007,-0.3371774557052208,1.942777779402135,0.7382392507724569
1.0460000000000007,-0.33328330904675035,1.9513562000627263,0.7144983888250364
1.0480000000000007,-0.3293721407133583,1.9597993816860002,0.6907384452023887
1.0500000000000007,-0.32544422166062953,1.9681068476179144,0.6669610127237914
1.0520000000000007,-0.32149982378834285,1.9762781303308323,0.6431676844941904
1.0540000000000007,-0.31753921992214473,1.9843127714968471,0.6193600537762981
1.0560000000000007,-0.3135626837950771,1.992210322060379,0.5955397138623001
1.0580000000000007,-0.309570490028961,1.99997034231001,0.5717082579451961
1.0600000000000007,-0.3055629141156368,2.007592401949521,0.5478672789897998
1.0620000000000007,-0.30154023239806393,2.015076080168096,0.5240183696034235
1.0640000000000007,-0.29750272205128026,2.0224209657096557,0.5001631219062719
1.0660000000000007,-0.29345066106322437,2.02962665694129,0.47630312740157343
1.0680000000000007,-0.2893843282154214,2.0366927619207496,0.45243997684547677
1.0700000000000007,-0.2853040030635353,2.0436188984629635,0.4285752601167323
1.0720000000000007,-0.28120996591778874,2.0504046942055516,0.4047105660861947
1.0740000000000007,-0.277102497823253,2.0570497866732933,0.38084748248616784
1.0760000000000007,-0.2729818805400105,2.063553823341521,0.35698759577961847
1.0780000000000007,-0.26884839652319087,2.0699164616984054,0.3331324910292919
1.0800000000000007,-0.26470232890288425,2.0761373693060983,0.3092837517667517
1.0820000000000007,-0.2605439614639331,2.082216223860701,0.28544295986137214
1.0840000000000007,-0.25637357862560545,2.0881527132510254,0.26161169538931506
1.0860000000000007,-0.2521914654211518,2.0939465356161184,0.2377915365025145
1.0880000000000007,-0.24799790747724818,2.099597399401515,0.2139840592976996
1.0900000000000007,-0.2437931909933281,2.1051050234141915,0.19019083768548328
1.0920000000000007,-0.23957760272080586,2.110469136876187,0.16641344325954477
1.0940000000000007,-0.235351429942194,2.115689479476866,0.1426534451659358
1.0960000000000008,-0.23111496045011753,2.1207658014237882,0.11891240997253694
1.0980000000000008,-0.22686848252622807,2.1256978634921637,0.0951919015386935
1.1000000000000008,-0.22261228492002014,2.130485437072857,0.07149348088505847
1.1020000000000008,-0.21834665682755328,2.1351283042189206,0.04781870606367211
1.1040000000000008,-0.2140718878700824,2.139626257690624,0.02416913202830595
1.1060000000000008,-0.20978826807259962,2.1439791009989597,0.0005463105051000117
1.1080000000000008,-0.20549608784229068,2.14818664844759,-0.023048210136481728
1.1100000000000008,-0.20119563794690898,2.1522487251732243,-0.04661288501234173
1.1120000000000008,-0.1968872094930706,2.156165167184385,-0.07014617285206737
1.1140000000000008,-0.1925710939044732,2.159935821398556,-0.0936465361268396
1.1160000000000008,-0.18824758290004243,2.1635605456776785,-0.11711244117691222
1.1180000000000008,-0.18391696847200895,2.1670392088619757,-0.14054235833862716
1.1200000000000008,-0.17957954286391947,2.1703716908020896,-0.16393476207094304
1.1220000000000008,-0.17523559854858534,2.173557882389503,-0.18728813108144737
1.1240000000000008,-0.17088542820597183,2.1765976855852305,-0.21060094845182475
1.1260000000000008,-0.166529324701032,2.179491013446758,-0.23387170176275607
1.1280000000000008,-0.16216758106148818,2.1822377901532155,-0.25709888321821905
1.1300000000000008,-0.15780049045556527,2.184837951028761,-0.2802809897691668
1.1320000000000008,-0.15342834616967863,2.187291442564164,-0.3034165232365542
1.1340000000000008,-0.149051441586081,2.189598222436572,-0.32650399043368894
1.1360000000000008,-0.14467007016047143,2.191758259527441,-0.34954190328788104
1.1380000000000008,-0.14028452539957043,2.1937715339386226,-0.3725287789613634
1.1400000000000008,-0.13589510083866463,2.1956380370065904,-0.3954631399714592
1.1420000000000008,-0.13150209001912488,2.1973577713147963,-0.4183435143099721
1.1440000000000008,-0.12710578646590168,2.1989307507041422,-0.44116843556177376
1.1460000000000008,-0.12270648366500128,2.2003570002815604,-0.46393644302256276
1.1480000000000008,-0.1183044750409468,2.2016365564266924,-0.48664608181577385
1.1500000000000008,-0.11390005393422765,2.202769466796656,-0.5092959030086123
1.1520000000000008,-0.1094935135787416,2.2037557903288953,-0.5318844637271897
1.1540000000000008,-0.10508514707923279,2.204595597242108,-0.5544103272707397
1.1560000000000008,-0.10067524738873004,2.205288969035239,-0.57687206322489
1.1580000000000008,-0.09626410728598898,2.2058359984845435,-0.5992682475739693
1.1600000000000008,-0.09185201935294204,2.206236789638709,-0.6215974628123269
1.1620000000000008,-0.08743927595216013,2.2064914578120387,-0.6438582980546443
1.1640000000000008,-0.08302616920432984,2.2066001295756905,-0.6660493491452187
1.1660000000000008,-0.07861299096575025,2.2065629427469733,-0.6881692187661961
1.1680000000000008,-0.07420003280585291,2.2063800463766996,-0.7102165165447354
1.1700000000000008,-0.06978758598474918,2.206051600734596,-0.7321898591590852
1.1720000000000008,-0.06537594143080867,2.205577777292773,-0.754087870443552
1.1740000000000008,-0.0609653897182726,2.2049587587072583,-0.7759091814923432
1.1760000000000008,-0.056556221044906145,2.204194738797595,-0.7976524307622661
1.1780000000000008,-0.05214872520969343,2.203285922524513,-0.8193162641742667
1.1800000000000008,-0.047743191590579125,2.2022325259656763,-0.8408993352137893
1.1820000000000008,-0.04333990912226049,2.2010347762895153,-0.8624003050299425
1.1840000000000008,-0.038939166274033606,2.1996929117271478,-0.8838178425334552
1.1860000000000008,-0.03454125102769774,2.1982071815424034,-0.9051506244934059
1.1880000000000008,-0.03014645085552149,2.196577845999956,-0.926397335632713
1.1900000000000008,-0.02575505269827457,2.194805176331575,-0.9475566687223704
1.1920000000000008,-0.021367342943328982,2.1928894547005084,-0.9686273246744146
1.1940000000000008,-0.016983607402833244,2.19083097416401,-0.9896080126336093
1.1960000000000008,-0.012604131291963432,2.18863003863402,-1.0104974500678388
1.1980000000000008,-0.008229199207254692,2.186286962836018,-1.0312943628571927
1.2000000000000008,-0.0038590951050168536,2.183802072266061,-1.0519974853817355
1.2020000000000008,0.0005058977201622197,2.181175703146019,-1.0726055606079463
1.2040000000000008,0.004865496656821975,2.1784082023770277,-1.0931173401738206
1.2060000000000008,0.009219419797939648,2.175499927491179,-1.1135315844726237
1.2080000000000009,0.013567385962142364,2.1724512466014576,-1.1338470627352877
1.2100000000000009,0.017909114714817397,2.1692625383499524,-1.1540625531114406
1.2120000000000009,0.022244326389117122,2.165934191854355,-1.174176842749063
1.2140000000000009,0.02657274210685528,2.162466606652772,-1.1941887278727632
1.2160000000000009,0.030894083799291195,2.1588601926468636,-1.2140970138606624
1.2180000000000009,0.03520807422779861,2.1551153700433425,-1.2339005153198879
1.2200000000000009,0.03951443700441592,2.151232569293842,-1.2535980561606643
1.2220000000000009,0.0438128966122745,2.147212231033187,-1.2731884696690006
1.2240000000000009,0.04810317842590202,2.1430548060160852,-1.292670598577966
1.2260000000000009,0.05238500873139757,2.138760755052269,-1.3120432951375527
1.2280000000000009,0.05665811474647557,2.134330548940107,-1.3313054211831226
1.2300000000000009,0.060922224640375354,2.1297646683987135,-1.3504558482024314
1.2320000000000009,0.0651770675536335,2.1250636039985857,-1.3694934574012336
1.2340000000000009,0.06942237361771604,2.120227856090789,-1.3884171397674603
1.2360000000000009,0.07365787397450752,2.1152579347347236,-1.4072257961339747
1.2380000000000009,0.07788330079565427,2.110154359624498,-1.4259183372398994
1.2400000000000009,0.08209838730175906,2.104917660013937,-1.4444936837905202
1.2420000000000009,0.08630286778142435,2.0995483746402575,-1.462950766515764
1.2440000000000009,0.09049647761014167,2.094047051646433,-1.4812885262272504
1.2460000000000009,0.09467895326902438,2.0884142485022905,-1.4995059138739248
1.2480000000000009,0.09885003236338145,2.082650531924355,-1.5176018905962672
1.2500000000000009,0.10300945364112965,2.076756477794485,-1.5355754277790847
1.252000000000001,0.10715695701104182,2.0707326710773213,-1.5534255071028906
1.254000000000001,0.11129228356082893,2.064579705736587,-1.5711511205938697
1.256000000000001,0.11541517557505358,2.058298184650268,-1.5887512706724383
1.258000000000001,0.11952537655287276,2.0518887195247046,-1.606224970200402
1.260000000000001,0.1236226312256078,2.0453519308076307,-1.6235712425267161
1.262000000000001,0.12770668557413928,2.0386884476001916,-1.6407891215318544
1.264000000000001,0.131777286846125,2.0318989075679723,-1.6578776516707923
1.266000000000001,0.13583418357303917,2.024983956851072,-1.674835888014611
1.268000000000001,0.13987712558703064,2.017944249973256,-1.6916628962907319
1.270000000000001,0.14390586403759864,2.0107804497502224,-1.708357752921781
1.272000000000001,0.1479201514080842,2.0034932271970147,-1.7249195450631043
1.274000000000001,0.1519197415319756,1.996083261434613,-1.7413473706389284
1.276000000000001,0.15590438960902603,1.988551239595743,-1.7576403383771844
1.278000000000001,0.1598738522211824,1.9808978567299336,-1.7737975678430016
1.280000000000001,0.16382788734832326,1.9731238157078572,-1.789818189470879
1.282000000000001,0.167766254383805,1.9652298271249904,-1.805701344595545
1.284000000000001,0.17168871414981435,1.9572166092046255,-1.8214461854815203
1.286000000000001,0.17559502891252673,1.9490848877002707,-1.8370518753513845
1.288000000000001,0.1794849623970684,1.9408353957974727,-1.852517588412769
1.290000000000001,0.18335827980228203,1.9324688740150946,-1.8678425098840785
1.292000000000001,0.18721474781529404,1.9239860701060862,-1.8830258360189576
1.294000000000001,0.19105413462588328,1.915387738957779,-1.8980667741295134
1.296000000000001,0.19487620994064958,1.906674642491741,-1.912964542608306
1.298000000000001,0.19868074499698185,1.8978475495632263,-1.9277183709491184
1.300000000000001,0.20246751257682447,1.8889072358602526,-1.9423274997665225
1.302000000000001,0.20623628702024166,1.8798544838023399,-1.9567911808142484
1.304000000000001,0.20998684423877897,1.8706900824389465,-1.9711086770023782
1.306000000000001,0.21371896172862134,1.8614148273476334,-1.9852792624133682
1.308000000000001,0.21743241858354723,1.8520295205319919,-1.9993022223169234
1.310000000000001,0.2211269955076785,1.8425349703193676,-2.013176853183732
1.312000000000001,0.22480247482802546,1.8329319912584128,-2.026902462698076
1.314000000000001,0.22845864050682685,1.8232214040165,-2.0404783697693336
1.316000000000001,0.23209527815368472,1.8134040352770313,-2.053903904542384
1.318000000000001,0.23571217503749367,1.8034807176366707,-2.0671784084069396
1.320000000000001,0.23930912009816452,1.7934522895025375,-2.0803012340058036
1.322000000000001,0.24288590395814247,1.7833195949893859,-2.0932717452420913
1.324000000000001,0.2464423189337195,1.7730834838168068,-2.106089317285405
1.326000000000001,0.2499781590461414,1.7627448112064803,-2.118753336577001
1.328000000000001,0.2534932200325091,1.752304437779508,-2.1312632008339474
1.330000000000001,0.2569872993564751,1.7417632294538588,-2.1436183190522997
1.332000000000001,0.2604601962187345,1.7311220573419535,-2.155818111509305
1.334000000000001,0.263911711567312,1.7203817976484206,-2.167862009764649
1.336000000000001,0.26734164810764405,1.70954333156805,-2.1797494566607702
1.338000000000001,0.27074981031245715,1.6986075451839737,-2.191479906322245
1.340000000000001,0.2741360044314432,1.6875753293661013,-2.2030528241542724
1.342000000000001,0.27750003850073157,1.6764475796698368,-2.2144676868402664
1.344000000000001,0.2808417223521591,1.6652251962351046,-2.225723982338576
1.346000000000001,0.28416086762233844,1.6539090836857104,-2.2368212098783475
1.348000000000001,0.2874572877615255,1.6425001510290638,-2.2477588799545476
1.350000000000001,0.2907307980422867,1.6309993115562846,-2.2585365143221594
1.352000000000001,0.2939812155679667,1.6194074827427234,-2.269153645989576
1.354000000000001,0.297208359280958,1.6077255861489144,-2.279609819211195
1.356000000000001,0.30041204997077253,1.5959545473219892,-2.289904589479247
1.358000000000001,0.3035921102819165,1.5840952956975716,-2.3000375235148574
1.360000000000001,0.30674836472157,1.572148764502177,-2.3100081992583683
1.362000000000001,0.30988063966707136,1.5601158906561396,-2.3198162058589387
1.364000000000001,0.3129887633732083,1.5479976146770857,-2.3294611436634267
1.366000000000001,0.3160725659793165,1.535794880583978,-2.3389426242045843
1.368000000000001,0.3191318795161867,1.5235086358017482,-2.3482602701885713
1.370000000000001,0.32216653791278194,1.5111398310665383,-2.3574137154818073
1.372000000000001,0.3251763770027655,1.4986894203315708,-2.366402605097179
1.374000000000001,0.32816123453084184,1.4861583606736652,-2.375226595179613
1.376000000000001,0.33112095015891047,1.4735476122004183,-2.383885352991042
1.378000000000001,0.3340553654720355,1.460858137958067,-2.3923785568947613
1.380000000000001,0.3369643239842314,1.448090903840049,-2.400705896339211
1.382000000000001,0.3398476711440663,1.4352468784962784,-2.4088670718411813
1.384000000000001,0.34270525434008514,1.4223270332431512,-2.4168617949684705
1.386000000000001,0.34553692290605315,1.4093323419742947,-2.4246897883220013
1.388000000000001,0.3483425281260216,1.3962637810720768,-2.4323507855174133
1.390000000000001,0.35112192323921765,1.3831223293198873,-2.4398445311661465
1.392000000000001,0.3538749634447591,1.3699089678152045,-2.4471707808560317
1.394000000000001,0.3566015059061965,1.3566246798834602,-2.4543293011313976
1.396000000000001,0.3593014097558835,1.343270450992713,-2.4613198694727125
1.398000000000001,0.36197453609917746,1.3298472686691432,-2.468142274275774
1.400000000000001,0.364620748018472,1.3163561224133786,-2.474796314830459
1.402000000000001,0.3672399105770628,1.3027980036176607,-2.4812818012990494
1.404000000000001,0.36983189082284873,1.289173905483861,-2.487598554694144
1.406000000000001,0.3723965577918699,1.2754848229423559,-2.4937464068561743
1.408000000000001,0.3749337825116844,1.2617317525717693,-2.4997252004305275
1.410000000000001,0.37744343800458496,1.2479156925195878,-2.5055347888443067
1.412000000000001,0.37992539929065827,1.2340376424236574,-2.5111750362827188
1.414000000000001,0.3823795433906879,1.2200986033345678,-2.51664581766512
1.416000000000001,0.3848057493289029,1.2060995776389276,-2.5219470186207236
1.418000000000001,0.3872038981355738,1.1920415689835389,-2.5270785354639784
1.420000000000001,0.3895738728494582,1.1779255822004726,-2.5320402751696385
1.422000000000001,0.3919155585200968,1.1637526232330504,-2.5368321553475273
1.424000000000001,0.39422884220996285,1.1495236990627342,-2.541454104217009
1.426000000000001,0.39651361299646604,1.1352398176369287,-2.5459060605811814
1.428000000000001,0.39876976197381303,1.120901987797697,-2.550187973800795
1.430000000000001,0.40099718225472614,1.1065112192113904,-2.554299803767914
1.432000000000001,0.4031957689720224,1.0920685222991964,-2.558241520879326
1.434000000000001,0.4053654192800546,1.0775749081686008,-2.56201310600971
1.436000000000001,0.40750603235601596,1.063031388545768,-2.5656145504845735
1.438000000000001,0.40961750940111075,1.0484389757088353,-2.5690458560529637
1.440000000000001,0.4116997536415924,1.0337986824221228,-2.5723070348599713
1.442000000000001,0.4137526703296706,1.0191115218712559,-2.575398109419023
1.444000000000001,0.4157761667442901,1.0043785075991964,-2.5783191125839813
1.446000000000001,0.41777015219178176,0.9896006534431839,-2.5810700875210486
1.448000000000001,0.41973453800638943,0.974778973472579,-2.583651087680501
1.450000000000001,0.4216692375506722,0.9599144819276085,-2.5860621767682366
1.452000000000001,0.4235741662157859,0.9450081931590064,-2.588303428717165
1.454000000000001,0.42544924142164464,0.930061121568546,-2.590374927658433
1.456000000000001,0.4272943826169639,0.9150742815504589,-2.5922767678924963
1.458000000000001,0.4291095112791878,0.9000486874337342,-2.594009053860049
1.460000000000001,0.43089455091430146,0.8849853534252925,-2.5955719001128057
1.462000000000001,0.4326494270565311,0.8698852935540275,-2.5969654312841532
1.464000000000001,0.4343740672679325,0.854749521615709,-2.598189782059669
1.466000000000001,0.4360684011378703,0.8395790511187389,-2.599245097147517
1.468000000000001,0.43773236028239015,0.8243748952307532,-2.600131531248721
1.470000000000001,0.439365878343484,0.809138066726062,-2.6008492490273274
1.472000000000001,0.44096889098825187,0.793869577933917,-2.601398425080451
1.474000000000001,0.4425413359079607,0.7785704406876002,-2.6017792439082177
1.476000000000001,0.44408315281700206,0.7632416662743224,-2.6019918998836036
1.478000000000001,0.44559428345175073,0.7478842653859227,-2.6020365972221717
1.480000000000001,0.4470746715693252,0.7324992480703579,-2.601913549951715
1.482000000000001,0.4485242629462521,0.7170876236839734,-2.6016229818818046
1.484000000000001,0.44994300537703596,0.701650400844542,-2.601165126573247
1.486000000000001,0.4513308486726357,0.6861885873850622,-2.600540227307451
1.488000000000001,0.4526877446588495,0.6707031903083022,-2.599748537055709
1.490000000000001,0.4540136471746095,0.6551952157420801,-2.5987903184483985
1.492000000000001,0.45530851207018797,0.6396656688952665,-2.5976658437440876
1.494000000000001,0.45657229720531567,0.6241155540144984,-2.596375394798573
1.496000000000001,0.4578049624472151,0.6085458743415904,-2.5949192630338276
1.498000000000001,0.4590064696685485,0.5929576320716327,-2.5932977494068705
1.500000000000001,0.4601767827452834,0.57735182831176,-2.591511164378559
1.5020000000000011,0.4613158675544756,0.5617294630405806,-2.589559827882297
1.5040000000000011,0.4624236919719727,0.5460915350682495,-2.5874440692926686
1.5060000000000011,0.46350022587003725,0.5304390419971747,-2.5851642273939883
1.5080000000000011,0.46454544111489277,0.5147729801833398,-2.5827206503487736
1.5100000000000011,0.46555931156419267,0.49909434469823083,-2.5801136956661335
1.5120000000000011,0.4665418130644138,0.4834041292913515,-2.577343730170079
1.5140000000000011,0.4674929234481752,0.46770332635331374,-2.5744111299677446
1.5160000000000011,0.46841262253148436,0.4519929268794871,-2.5713162804175327
1.5180000000000011,0.46930089211091036,0.43627392043419355,-2.5680595760971654
1.5200000000000011,0.47015771596068673,0.420547295115432,-2.5646414207716486
1.5220000000000011,0.47098307982974386,0.4048140375201173,-2.5610622273611496
1.5240000000000011,0.4717769714386726,0.3890751327098187,-2.5573224179087783
1.5260000000000011,0.4725393804766195,0.37333156417698216,-2.5534224235482723
1.5280000000000011,0.4732702985981155,0.35758431381162104,-2.549362684471588
1.5300000000000011,0.4739697194198379,0.3418343618684595,-2.545143649896388
1.5320000000000011,0.47463763851730745,0.3260826869345129,-2.540765778033419
1.5340000000000011,0.4752740534215208,0.3103302658970895,-2.536229536053794
1.5360000000000011,0.4758789636155194,0.2945780739121974,-2.531535400056149
1.5380000000000011,0.47645237053089584,0.2788270843733412,-2.526683855033696
1.5400000000000011,0.47699427754423773,0.2630782688806915,-2.5216753948411497
1.5420000000000011,0.4775046899735107,0.24733259721061288,-2.5165105221615343
1.5440000000000011,0.4779836150743805,0.23159103728553207,-2.51118974847286
1.5460000000000012,0.4784310620364753,0.21585455514413265,-2.505713594014668
1.5480000000000012,0.47884704197958866,0.20012411491185828,-2.500082587754443
1.5500000000000012,0.47923156794982397,0.1844006787717095,-2.4942972673538724
1.5520000000000012,0.4795846549156803,0.1686852069353177,-2.4883581791349743
1.5540000000000012,0.47990631976408127,0.15297865761428026,-2.4822658780460602
1.5560000000000012,0.4801965812963464,0.1372819869917407,-2.4760209276275464
1.5580000000000012,0.48045546022410596,0.12159614919419827,-2.469623899977602
1.5600000000000012,0.48068297916515973,0.1059220962635305,-2.463075375717629
1.5620000000000012,0.48087916263927993,0.09026077812921343,-2.4563759439575636
1.5640000000000012,0.48104403706395893,0.07461314258072328,-2.4495262022610063
1.5660000000000012,0.4811776307501016,0.05898013524010401,-2.4425267566101563
1.5680000000000012,0.48127997389766336,0.043362699534685106,-2.4353782213705597
1.5700000000000012,0.4813510985912334,0.027761776669934055,-2.4280812192556596
1.5720000000000012,0.481391038795564,0.012178305602427993,-2.420636381291134
1.5740000000000012,0.481399830351046,-0.0033867769870707786,-2.413044346779034
1.5760000000000012,0.48137751096913006,-0.018932536720450636,-2.4053057632616945
1.5780000000000012,0.4813241202276947,-0.034458041549013,-2.397421286485425
1.5800000000000012,0.4812396995663609,-0.04996236178017609,-2.389391580363967
1.5820000000000012,0.4811242922817531,-0.06544457010413507,-2.3812173169417163
1.5840000000000012,0.48097794352270684,-0.08090374162049312,-2.372899176356698
1.5860000000000012,0.4808007002854238,-0.096338953864878,-2.3644378468032876
1.5880000000000012,0.48059261140857285,-0.11174928683555851,-2.3558340244946803
1.5900000000000012,0.480353727568338,-0.1271338230200751,-2.347088413625085
1.5920000000000012,0.4800841012734136,-0.1424916474218984,-2.3382017263316524
1.5940000000000012,0.47978378685994566,-0.15782184758712986,-2.329174682656119
1.5960000000000012,0.4794528404864197,-0.17312351363125775,-2.3200080105061636
1.5980000000000012,0.47909132012849526,-0.18839573826598227,-2.3107024456164695
1.6000000000000012,0.47869928557378677,-0.2036376168261228,-2.3012587315094852
1.6020000000000012,0.4782767984165902,-0.2188482472966204,-2.2916776194558723
1.6040000000000012,0.4778239220525557,-0.2340267303396482,-2.281959868434641
1.6060000000000012,0.477340721673306,-0.2491721693218424,-2.2721062450929543
1.6080000000000012,0.47682726426100014,-0.26428367034166633,-2.2621175237056086
1.6100000000000012,0.47628361858284246,-0.2793603422569189,-2.2519944861341674
1.6120000000000012,0.47570985518553616,-0.29440129671240056,-2.2417379217857527
1.6140000000000012,0.4751060463896815,-0.30940564816774685,-2.2313486275714807
1.6160000000000012,0.4744722662841183,-0.3243725139254422,-2.220827407864534
1.6180000000000012,0.47380859072021203,-0.33930101415902403,-2.2101750744578705
1.6200000000000012,0.4731150973060833,-0.3541902719414885,-2.199392446521548
1.6220000000000012,0.47239186540078043,-0.3690394132739081,-2.188480350559672
1.6240000000000012,0.47163897610839445,-0.3838475671142714,-2.177439620366948
1.6260000000000012,0.4708565122721164,-0.398613865406555,-2.1662710969848367
1.6280000000000012,0.4700445584682359,-0.4133374431100369,-2.1549756286573043
1.6300000000000012,0.4692032010000812,-0.42801743822886096,-2.143554070786161
1.6320000000000012,0.4683325278918997,-0.4426529918418616,-2.1320072858859755
1.6340000000000012,0.46743262888267834,-0.4572432481326567,-2.1203361435385677
1.6360000000000012,0.46650359541990394,-0.4717873544200182,-2.1085415203470634
1.6380000000000012,0.4655455206532622,-0.48628446118852714,-2.096624299889511
1.6400000000000012,0.46455849942827526,-0.5007337221195222,-2.0845853726720476
1.6420000000000012,0.4635426282798769,-0.5151342941223479,-2.0724256360816153
1.6440000000000012,0.46249800542592523,-0.5294853373659109,-2.0601459943382108
1.6460000000000012,0.46142473076065155,-0.5437860153105495,-2.0477473584466708
1.6480000000000012,0.4603229058480455,-0.5580354947402243,-2.035230646147983
1.6500000000000012,0.4591926339151755,-0.572232945795035,-2.0225967818701154
1.6520000000000012,0.45803401984544334,-0.5863775420040694,-2.00984669667836
1.6540000000000012,0.4568471701717734,-0.6004684603185902,-1.9969813282251818
1.6560000000000012,0.45563219306973474,-0.6145048811455638,-1.984001620699572
1.6580000000000013,0.454389198350596,-0.6284859883815365,-1.9709085247758917
1.6600000000000013,0.4531182974543118,-0.6424109694468624,-1.9577029975622116
1.6620000000000013,0.4518196034424411,-0.6562790153202862,-1.944386002548128
1.6640000000000013,0.45049323099099503,-0.6700893205738845,-1.9309585095520627
1.6660000000000013,0.4491392963832154,-0.6838410834083695,-1.9174214946680328
1.6680000000000013,0.4477579175022817,-0.6975335056887575,-1.9037759402118923
1.6700000000000013,0.44634921382394654,-0.7111657929804042,-1.8900228346670298
1.6720000000000013,0.4449133064090986,-0.7247371545854088,-1.8761631726295307
1.6740000000000013,0.44345031789625255,-0.7382468035793898,-1.8621979547527885
1.6760000000000013,0.4419603724939649,-0.751693956848632,-1.848128187691568
1.6780000000000013,0.4404435959731753,-0.7650778351276069,-1.8339548840455087
1.6800000000000013,0.4389001156594722,-0.7783976630368656,-1.819679062302073
1.6820000000000013,0.43733006042528266,-0.7916526691213069,-1.805301746778928
1.6840000000000013,0.43573356068198515,-0.8048420858888167,-1.79082396756576
1.6860000000000013,0.43411074837194435,-0.8179651498492809,-1.7762467604655172
1.6880000000000013,0.43246175696046824,-0.8310211015539701,-1.761571166935081
1.6900000000000013,0.4307867214276853,-0.8440091856352935,-1.746798234025356
1.6920000000000013,0.42908577826034255,-0.8569286508469212,-1.7319290143207797
1.6940000000000013,0.4273590654435223,-0.8697787501042729,-1.7169645658782522
1.6960000000000013,0.42560672245227815,-0.8825587405253694,-1.701905952165475
1.6980000000000013,0.4238288902431885,-0.8952678834720451,-1.686754241998706
1.7000000000000013,0.42202571124582744,-0.9079054445915163,-1.6715105094799196
1.7020000000000013,0.42019732935415227,-0.9204706938583042,-1.6561758339333787
1.7040000000000013,0.4183438899178065,-0.9329629056165051,-1.6407512998416092
1.7060000000000013,0.4164655397333385,-0.9453813586224068,-1.62523799678078
1.7080000000000013,0.41456242703533386,-0.9577253360874434,-1.609637019355489
1.7100000000000013,0.4126347014874622,-0.9699941257214844,-1.5939494671329477
1.7120000000000013,0.41068251417343643,-0.9821870197764528,-1.5781764445765685
1.7140000000000013,0.4087060175878852,-0.9943033150902654,-1.5623190609789557
1.7160000000000013,0.4067053656271365,-1.0063423131310882,-1.5463784303942933
1.7180000000000013,0.4046807135799126,-1.0183033200419025,-1.5303556715701383
1.7200000000000013,0.40263221811793576,-1.0301856466853718,-1.5142519078786116
1.7220000000000013,0.4005600372864438,-1.0419886086890033,-1.4980682672469927
1.7240000000000013,0.39846433049461494,-1.053711526490596,-1.4818058820877176
1.7260000000000013,0.39634525850590163,-1.065353725383967,-1.4654658892277768
1.7280000000000013,0.3942029834282726,-1.0769145355649468,-1.4490494298375247
1.7300000000000013,0.39203766870436263,-1.0883932921776356,-1.4325576493588894
1.7320000000000013,0.38984947910152956,-1.0997893353609107,-1.4159916974329954
1.7340000000000013,0.387638580701818,-1.1111020102951747,-1.3993527278271922
1.7360000000000013,0.3854051408918296,-1.1223306672493363,-1.3826418983615028
1.7380000000000013,0.3831493283524986,-1.1334746616280102,-1.3658603708344796
1.7400000000000013,0.38087131304877325,-1.1445333540189293,-1.3490093109484877
1.7420000000000013,0.378571266219202,-1.1555061102405542,-1.3320898882344017
1.7440000000000013,0.37624936036542433,-1.1663923013898723,-1.315103275975733
1.7460000000000013,0.37390576924156566,-1.1771913038903714,-1.2980506511321854
1.7480000000000013,0.37154066784353645,-1.1879024995401786,-1.2809331942626425
1.7500000000000013,0.3691542323982346,-1.1985252755603504,-1.263752089447593
1.7520000000000013,0.3667466403526511,-1.2090590246433022,-1.2465085242109977
1.7540000000000013,0.364318070362879,-1.219503145001364,-1.2292036894416043
1.7560000000000013,0.3618687022830249,-1.2298570404154487,-1.2118387793137129
1.7580000000000013,0.3593987171540231,-1.2401201202838215,-1.1944149912074002
1.7600000000000013,0.3569082971923519,-1.2502917996709526,-1.176933525628205
1.7620000000000013,0.3543976257786525,-1.2603714993564445,-1.159395586126283
1.7640000000000013,0.35186688744624983,-1.2703586458840148,-1.1418023792150405
1.7660000000000013,0.3493162678695751,-1.2802526716105227,-1.1241551142892416
1.7680000000000013,0.3467459538524907,-1.2900530147550238,-1.1064550035426142
1.7700000000000014,0.34415613331651673,-1.2997591194478375,-1.0887032618849415
1.7720000000000014,0.34154699528895943,-1.3093704357796128,-1.0709011068586651
1.7740000000000014,0.3389187298909415,-1.318886419850376,-1.0530497585549907
1.7760000000000014,0.33627152832533436,-1.328306533818546,-1.0351504395295197
1.7780000000000014,0.3336055828645924,-1.3376302459498992,-1.0172043747173989
1.7800000000000014,0.3309210868384894,-1.3468570306664696,-0.9992127913480126
1.7820000000000014,0.3282182346217573,-1.3559863685953673,-0.9811769188592122
1.7840000000000014,0.32549722162162725,-1.3650177466174989,-0.9630979888111029
1.7860000000000014,0.3227582442652734,-1.3739506579161735,-0.9449772347993868
1.7880000000000014,0.3200014999871597,-1.382784602025576,-0.9268158923682802
1.7900000000000014,0.31722718721628984,-1.3915190848790933,-0.9086151989230105
1.7920000000000014,0.3144355053633607,-1.4001536188574728,-0.8903763936419027
1.7940000000000014,0.31162665480781954,-1.408687722836801,-0.872100717388067
1.7960000000000014,0.30880083688482574,-1.417120922236279,-0.8537894126206971
1.7980000000000014,0.30595825387211684,-1.4254527490657816,-0.835443723305989
1.8000000000000014,0.30309910897678,-1.4336827419731806,-0.8170648948276934
1.8020000000000014,0.30022360632192874,-1.4418104462914156,-0.7986541738973097
1.8040000000000014,0.29733195093328624,-1.4498354140852934,-0.7802128084639359
1.8060000000000014,0.29442434872567486,-1.4577572041979987,-0.7617420476237844
1.8080000000000014,0.29150100648941335,-1.4655753822972988,-0.7432431415293749
1.8100000000000014,0.28856213187662166,-1.473289520921423,-0.7247173412984173
1.8120000000000014,0.2856079333874345,-1.4808991995246,-0.7061658989223968
1.8140000000000014,0.28263862035612414,-1.488404004522234,-0.6875900671748727
1.8160000000000014,0.27965440293713323,-1.495803529335703,-0.6689910995195038
1.8180000000000014,0.2766554920910185,-1.50309737443676,-0.6503702500178147
1.8200000000000014,0.2736420995703057,-1.510285147391518,-0.6317287732367124
1.8220000000000014,0.27061443790525785,-1.517366462904005,-0.6130679241557696
1.8240000000000014,0.26757272038955565,-1.5243409428592642,-0.5943889580742869
1.8260000000000014,0.2645171610658932,-1.5312082163659892,-0.5756931305181462
1.8280000000000014,0.26144797471148823,-1.5379679197986686,-0.5569816971464713
1.8300000000000014,0.25836537682350913,-1.544619696839228,-0.5382559136581068
1.8320000000000014,0.2552695836044186,-1.5511631985181478,-0.5195170356979317
1.8340000000000014,0.2521608119472361,-1.5575980832550413,-0.500766318763019
1.8360000000000014,0.24903927942071943,-1.5639240168986748,-0.4820050181086598
1.8380000000000014,0.245905204254467,-1.5701406727664096,-0.4632343886542597
1.8400000000000014,0.24275880532394156,-1.5762477316830534,-0.4444556848891301
1.8420000000000014,0.23960030213541725,-1.5822448820190989,-0.4256701607781811
1.8440000000000014,0.23642991481085032,-1.5881318197283345,-0.40687906966753684
1.8460000000000014,0.23324786407267567,-1.5939082483848115,-0.38808366419008433
1.8480000000000014,0.23005437122852984,-1.5995738792191463,-0.36928519617097255
1.8500000000000014,0.22684965815590222,-1.6051284311541458,-0.3504849165330761
1.8520000000000014,0.22363394728671565,-1.6105716308397366,-0.33168407520243814
1.8540000000000014,0.22040746159183794,-1.6159032126871813,-0.31288392101371
1.8560000000000014,0.21717042456552554,-1.621122918902567,-0.294085701615599
1.8580000000000014,0.21392306020980112,-1.6262304995195502,-0.2752906633763441
1.8600000000000014,0.21066559301876633,-1.631225712431339,-0.25650005128923037
1.8620000000000014,0.2073982479628514,-1.6361083234219023,-0.23771510887816216
1.8640000000000014,0.2041212504730031,-1.6408781061963853,-0.21893707810330576
1.8660000000000014,0.2008348264248128,-1.6455348424107195,-0.2001671992668228
1.8680000000000014,0.19753920212258572,-1.6500783217004111,-0.1814067109187043
1.8700000000000014,0.19423460428335407,-1.6545083417084936,-0.162656849762723
1.8720000000000014,0.19092126002083457,-1.658824708112629,-0.14391885056252351
1.8740000000000014,0.1875993968293329,-1.663027234651346,-0.12519394604785827
1.8760000000000014,0.18426924256759655,-1.6671157431493977,-0.10648336682099158
1.8780000000000014,0.18093102544261772,-1.6710900635422297,-0.08778834126328394
1.8800000000000014,0.17758497399338827,-1.6749500338995411,-0.06911009544197377
1.8820000000000014,0.17423131707460854,-1.6786955004479291,-0.050449853017170754
1.8840000000000015,0.1708702838403516,-1.6823263175926015,-0.031808835149078174
1.8860000000000015,0.16750210372768523,-1.6858423479381477,-0.013188260405457286
1.8880000000000015,0.16412700644025316,-1.689243462308354,0.005410655330647662
1.8900000000000015,0.16074522193181776,-1.6925295397650542,0.02398669895291128
1.8920000000000015,0.15735698038976587,-1.6957004676259995,0.04253866022343833
1.8940000000000015,0.15396251221858004,-1.698756141481744,0.0610653318641704
1.8960000000000015,0.15056204802327686,-1.701696465211529,0.07956550964797182
1.8980000000000015,0.1471558185928146,-1.7045213509981583,0.09803799248938017
1.9000000000000015,0.14374405488347203,-1.7072307193418568,0.11648158253500618
1.9020000000000015,0.14032698800220073,-1.7098244990730986,0.1348950852535682
1.9040000000000015,0.13690484918995252,-1.712302627364401,0.15327730952554575
1.9060000000000015,0.13347786980498466,-1.7146650497410705,0.17162706773243797
1.9080000000000015,0.13004628130614426,-1.7169117200908965,0.18994317584561193
1.9100000000000015,0.12661031523613467,-1.719042600672785,0.20822445351472696
1.9120000000000015,0.12317020320476547,-1.7210576621243208,0.2264697241557192
1.9140000000000015,0.11972617687218855,-1.7229568834682571,0.24467781503833297
1.9160000000000015,0.11627846793212211,-1.7247402521179218,0.2628475573731859
1.9180000000000015,0.11282730809506518,-1.726407763881536,0.28097778639835036
1.9200000000000015,0.10937292907150434,-1.7279594229654398,0.2990673414654421
1.9220000000000015,0.10591556255511529,-1.729395241976218,0.31711506612519824
1.9240000000000015,0.10245544020596116,-1.7307152419217238,0.3351198082125325
1.9260000000000015,0.09899279363368989,-1.7319194522109946,0.3530804199310561
1.9280000000000015,0.09552785438073293,-1.733007910653056,0.37099575793704787
1.9300000000000015,0.09206085390550742,-1.7339806634546107,0.3888646834228634
1.9320000000000015,0.08859202356562411,-1.7348377652166103,0.4066860621997682
1.9340000000000015,0.08512159460110326,-1.735579278929707,0.42445876478018457
1.9360000000000015,0.08164979811760074,-1.736205275968582,0.44218166645933726
1.9380000000000015,0.07817686506964663,-1.7367158360851507,0.45985364739628726
1.9400000000000015,0.0747030262438985,-1.7371110474006435,0.4774735926943422
1.9420000000000015,0.07122851224241171,-1.7373910063965596,0.4950403924808292
1.9440000000000015,0.06775355346592883,-1.7375558179044968,0.5125529419862213
1.9460000000000015,0.06427838009719064,-1.7376055950948537,0.5300101416226042
1.9480000000000015,0.060803222084270754,-1.7375404594644088,0.5474108970614736
1.9500000000000015,0.05732830912393627,-1.737360540822775,0.5647541193108506
1.9520000000000015,0.05385387064503662,-1.7370659772777324,0.5820387247917062
1.9540000000000015,0.05038013579192284,-1.7366569152194407,0.5992636354136831
1.9560000000000015,0.04690733340789958,-1.7361335093035346,0.6164277786501061
1.9580000000000015,0.04343569201871202,-1.7354959224331044,0.6335300876122694
1.9600000000000015,0.03996543981606994,-1.7347443257395658,0.650569501122992
1.9620000000000015,0.03649680464121112,-1.7338788985624223,0.6675449637894333
1.9640000000000015,0.03303001396850639,-1.7328998284279242,0.6844554260751555
1.9660000000000015,0.029565294889108404,-1.731807311026631,0.7012998443714302
1.9680000000000015,0.026102874094646396,-1.7306015501898786,0.7180771810677735
1.9700000000000015,0.022642977860969107,-1.7292827578651615,0.7347864046217073
1.9720000000000015,0.019185832031938004,-1.7278511540904313,0.7514264896277352
1.9740000000000015,0.015731662003273,-1.7263069669673226,0.7679964168855257
1.9760000000000015,0.012280692706452776,-1.724650432633309,0.7844951734672962
1.9780000000000015,0.00883314859267186,-1.7228817952327997,0.8009217527843906
1.9800000000000015,0.005389253616856565,-1.721001306887183,0.8172751546530406
1.9820000000000015,0.0019492312217418845,-1.7190092276638238,0.8335543853593087
1.9840000000000015,-0.0014866956779885664,-1.7169058255440264,0.8497584577232025
1.9860000000000015,-0.00491830471149751,-1.7146913763899685,0.865886391161956
1.9880000000000015,-0.008345374067521815,-1.712366163910618,0.8819372117524718
1.9900000000000015,-0.01176768251003112,-1.7099304796266404,0.8979099522929181
1.9920000000000015,-0.015185009393815285,-1.7073846228343081,0.9138036523634758
1.9940000000000015,-0.018597134679998666,-1.7047289005684232,0.9296173583862305
1.9960000000000016,-0.022003838951479247,-1.7019636275642596,0.9453501236842049
1.9980000000000016,-0.025404903428290715,-1.6990891262185421,0.961001008539526
2.0000000000000013,-0.0288001099828855,-1.6961057265494701,0.9765690802507246
2.002000000000001,-0.03218924115533695,-1.6930137661557971,0.9920534131891625
2.004000000000001,-0.03557208016845872,-1.6898135901749811,1.0074530888545834
2.0060000000000007,-0.03894841094283953,-1.6865055512404155,1.0227671959297842
2.0080000000000005,-0.04231801811179152,-1.6830900094377554,1.0379948303344053
2.0100000000000002,-0.04568068703621029,-1.6795673322603513,1.0531350952778353
2.012,-0.049036203819344995,-1.675937894563803,1.068187101311227
2.014,-0.05238435532147666,-1.6722020785196496,1.0831499663786266
2.0159999999999996,-0.055724929174503,-1.6683602735682064,1.098022815867208
2.0179999999999993,-0.0590577137964281,-1.6644128763705661,1.1128047826566183
2.019999999999999,-0.06238249840575527,-1.6603602907597763,1.1274950071674237
2.021999999999999,-0.06569907303578142,-1.6562029276912091,1.1420926374086644
2.0239999999999987,-0.0690072285487914,-1.6519412051921385,1.1565968290245117
2.0259999999999985,-0.07230675665015075,-1.6475755483105385,1.1710067453400264
2.0279999999999982,-0.0755974499022952,-1.6431063890631206,1.185321557406023
2.029999999999998,-0.07887910173861552,-1.638534166382623,1.1995404440430364
2.031999999999998,-0.08215150647723633,-1.6338593260643701,1.213662591884389
2.0339999999999976,-0.08541445933468712,-1.6290823207121166,1.2276871954183668
2.0359999999999974,-0.08866775643946441,-1.6242036096831924,1.2416134570294939
2.037999999999997,-0.09191119484548342,-1.6192236590329676,1.2554405870389183
2.039999999999997,-0.09514457254541807,-1.6141429414586483,1.269167803743901
2.0419999999999967,-0.09836768848392789,-1.608961936242427,1.2827943334564145
2.0439999999999965,-0.1015803425707706,-1.6036811291939987,1.2963194105408529
2.0459999999999963,-0.10478233569379909,-1.5983010125924633,1.3097422774508525
2.047999999999996,-0.10797346973184162,-1.592822085127629,1.323062184765227
2.049999999999996,-0.11115354756746403,-1.5872448518407363,1.3362783912230225
2.0519999999999956,-0.11432237309961288,-1.5815698240646179,1.3493901637576884
2.0539999999999954,-0.11747975125613828,-1.5757975193633127,1.3623967775303734
2.055999999999995,-0.12062548800619552,-1.5699284614711522,1.3752975159623477
2.057999999999995,-0.12375939037252423,-1.5639631802313354,1.3880916707665536
2.0599999999999947,-0.1268812664436043,-1.5579022115340115,1.4007785419782888
2.0619999999999945,-0.1299909253856875,-1.5517460972538861,1.4133574379850273
2.0639999999999943,-0.13308817745470367,-1.5454953851873714,1.4258276755553805
2.065999999999994,-0.1361728340080411,-1.5391506289892949,1.438188579867204
2.067999999999994,-0.1392447075161995,-1.532712388109188,1.450439484534853
2.0699999999999936,-0.14230361157431548,-1.526181227727169,1.4625797316355915
2.0719999999999934,-0.14534936091355927,-1.51955771868944,1.4746086717351619
2.073999999999993,-0.148381771412402,-1.512842437443417,1.4865256639125164
2.075999999999993,-0.151400660107753,-1.5060359659725069,1.4983300757837186
2.0779999999999927,-0.15440584520596623,-1.499138891730553,1.5100212835250184
2.0799999999999925,-0.15739714609371538,-1.4921518075759659,1.5215986718951076
2.0819999999999923,-0.16037438334873688,-1.4850753117055555,1.5330616342565597
2.083999999999992,-0.1633373787504402,-1.477910007588085,1.5444095725964622
2.085999999999992,-0.16628595529038515,-1.4706565038975614,1.5556418975462436
2.0879999999999916,-0.16921993718262549,-1.4633154144462814,1.5667580284007063
2.0899999999999914,-0.17213914987391823,-1.4558873581176515,1.577757393136268
2.091999999999991,-0.17504342005379864,-1.4483729587987961,1.5886394284284169
2.093999999999991,-0.17793257566451998,-1.4407728453129756,1.5994035796683912
2.0959999999999908,-0.18080644591085812,-1.4330876513518263,1.6100493009790877
2.0979999999999905,-0.18366486126978038,-1.4253180154074434,1.6205760552302038
2.0999999999999903,-0.1865076534999784,-1.4174645807043231,1.6309833140526235
2.10199999999999,-0.18933465565126475,-1.4095279951311777,1.6412705578520534
2.10399999999999,-0.19214570207383314,-1.4015089111726444,1.6514372758219125
2.1059999999999897,-0.19494062842738183,-1.3934079858409023,1.661482965955488
2.1079999999999894,-0.1977192716901003,-1.3852258806072124,1.6714071350573603
2.109999999999989,-0.2004814701675189,-1.3769632613334006,1.6812092987541076
2.111999999999989,-0.2032270635012214,-1.3686207982032956,1.690888981504295
2.1139999999999888,-0.20595589267742043,-1.3601991656541408,1.7004457166077547
2.1159999999999886,-0.20866780003539562,-1.3516990423079933,1.7098790462141724
2.1179999999999883,-0.2113626292757948,-1.3431211109031274,1.7191885213309748
2.119999999999988,-0.21404022546879772,-1.3344660582254555,1.7283737018305376
2.121999999999988,-0.2167004350621428,-1.3257345750399854,1.7374341564567164
2.1239999999999877,-0.21934310588901673,-1.3169273560223236,1.7463694628307067
2.1259999999999875,-0.22196808717580746,-1.3080450996902433,1.7551792074562456
2.1279999999999872,-0.22457522954971987,-1.2990885083353303,1.7638629857241588
2.129999999999987,-0.22716438504625533,-1.2900582879547198,1.7724204019162646
2.131999999999987,-0.22973540711655452,-1.2809551481829395,1.7808510692086366
2.1339999999999866,-0.23228815063460417,-1.271779802223872,1.7891546096742426
2.1359999999999864,-0.23482247190430788,-1.2625329667828498,1.797330654284957
2.137999999999986,-0.23733822866642118,-1.2532153619988964,1.8053788429129645
2.139999999999986,-0.23983528010535132,-1.243827711377127,1.8132988243315542
2.1419999999999857,-0.242313486855822,-1.2343707417213194,1.8210902562153202
2.1439999999999855,-0.24477271100940337,-1.2248451830666705,1.8287528051397697
2.1459999999999853,-0.24721281612090787,-1.215251768612747,1.8362861465803522
2.147999999999985,-0.249633667214652,-1.205591234656647,1.8436899649109129
2.149999999999985,-0.25203513079058476,-1.1958643205263775,1.8509639534015836
2.1519999999999846,-0.25441707483028314,-1.1860717685144657,1.8581078142161127
2.1539999999999844,-0.2567793688028148,-1.176214323811812,1.8651212584086485
2.155999999999984,-0.259121883670469,-1.166292734441793,1.87200400591998
2.157999999999984,-0.26144449189435587,-1.1563077511946322,1.8787557855732415
2.1599999999999837,-0.2637470674398746,-1.1462601275620399,1.8853763350690955
2.1619999999999835,-0.26602948578205143,-1.136150619672138,1.8918654009803928
2.1639999999999833,-0.26829162391074757,-1.1259799862246784,1.8982227387463264
2.165999999999983,-0.2705333603357379,-1.1157489884265626,1.904448112666077
2.167999999999983,-0.2727545750916611,-1.105458389927672,1.9105412958919707
2.1699999999999826,-0.27495514974284185,-1.0951089567570196,1.9165020704221416
2.1719999999999824,-0.27713496738798515,-1.0847014572592282,1.9223302270927192
2.173999999999982,-0.2792939126647446,-1.074236662031346,1.9280255655695397
2.175999999999982,-0.2814318717541644,-1.0637153438600067,1.933587894339396
2.1779999999999817,-0.28354873238499567,-1.05313827765894,1.9390170307008252
2.1799999999999815,-0.2856443838378888,-1.042506240406842,1.9443128007544483
2.1819999999999813,-0.28771871694946133,-1.0318200110856108,1.949475039392865
2.183999999999981,-0.28977162411624297,-1.0210803706189553,1.954503590290112
2.185999999999981,-0.2918029992984982,-1.0102881018113812,1.9593983058906925
2.1879999999999806,-0.29381273802392704,-0.9994439892875628,1.9641590473981816
2.1899999999999804,-0.29580073739124535,-0.9885488194321048,1.9687856847634166
2.19199999999998,-0.2977668960736444,-0.9776033803296996,1.9732780966722792
2.19399999999998,-0.299711114322132,-0.9666084617056854,1.9776361705330718
2.1959999999999797,-0.3016332939687542,-0.9555648548670099,1.9818598024635028
2.1979999999999795,-0.3035333384297003,-0.9444733526436042,1.985948897277276
2.1999999999999793,-0.3054111527082902,-0.9333347493301705,1.9899033684703036
2.201999999999979,-0.30726664339784626,-0.9221498406283879,1.9937231382065366
2.203999999999979,-0.30909971868444963,-0.9109194235895405,1.9974081373034254
2.2059999999999786,-0.3109102883495827,-0.8996442965575694,2.000958305217018
2.2079999999999784,-0.3126982637726576,-0.8883252591125536,2.004373590026698
2.209999999999978,-0.3144635579334325,-0.8769631120146207,2.0076539484195646
2.211999999999978,-0.3162060854143159,-0.8655586571482918,2.010799345674473
2.2139999999999778,-0.3179257624025601,-0.8541126974672604,2.0138097556457253
2.2159999999999775,-0.31962250669234477,-0.8426260369396089,2.0166851607464307
2.2179999999999773,-0.32129623768675125,-0.8310994804934643,2.0194255519315285
2.219999999999977,-0.32294687639962877,-0.8195338339630929,2.0220309286804885
2.221999999999977,-0.32457434545735303,-0.8079299040354364,2.0245012989796902
2.2239999999999767,-0.32617856910047865,-0.7962884981970899,2.026836679304483
2.2259999999999764,-0.3277594731852857,-0.7846104246817217,2.0290370946009384
2.227999999999976,-0.3293169851852216,-0.772896492417936,2.0311025782672893
2.229999999999976,-0.3308510341922395,-0.7611475109775774,2.033033172135076
2.231999999999976,-0.3323615509180331,-0.7493642905244782,2.034828926449986
2.2339999999999756,-0.33384846769516996,-0.7375476417636464,2.0364898998524046
2.2359999999999753,-0.3353117184781234,-0.7256983758908951,2.0380161593576727
2.237999999999975,-0.33675123884420405,-0.7138173045429114,2.0394077803360644
2.239999999999975,-0.338166965994392,-0.7019052397477631,2.0406648464924757
2.2419999999999747,-0.33955883875407056,-0.6899629938758434,2.0417874498458417
2.2439999999999745,-0.3409267975736622,-0.6779913795912492,2.0427756907082744
2.2459999999999742,-0.3422707845291676,-0.6659912098035942,2.0436296776639358
2.247999999999974,-0.343590743322609,-0.6539632976202506,2.044349527547635
2.249999999999974,-0.3448866192823784,-0.6419084562990218,2.0449353654231706
2.2519999999999736,-0.34615835936349104,-0.6298274992012386,2.045387324561403
2.2539999999999734,-0.3474059121477464,-0.6177212397452793,2.0457055464180742
2.255999999999973,-0.34862922784379596,-0.6055904913605095,2.0458901806113716
2.257999999999973,-0.3498282582871194,-0.5934360674416383,2.0459413848992343
2.2599999999999727,-0.3510029569399101,-0.5812587813034874,2.045859325156416
2.2619999999999725,-0.35215327889087067,-0.5690594461361692,2.0456441753512946
2.2639999999999723,-0.35327918085491855,-0.5568388749606712,2.045296117522438
2.265999999999972,-0.35438062117280417,-0.5445978805848407,2.044815341754928
2.267999999999972,-0.3554575598106408,-0.5323372755597676,2.044202046156441
2.2699999999999716,-0.3565099583593478,-0.5200578721365592,2.043456436833088
2.2719999999999714,-0.35753778003400766,-0.5077604822235032,2.0425787278650187
2.273999999999971,-0.358540989673138,-0.49544591734361515,2.04156914128179
2.275999999999971,-0.35951955373787886,-0.4831149885925627,2.0404279070374978
2.2779999999999707,-0.36047344031109607,-0.4707685065969646,2.0391552629856755
2.2799999999999705,-0.36140261909640214,-0.45840728147305765,2.0377514548539626
2.2819999999999703,-0.36230706141709407,-0.44603212278572624,2.0362167362185395
2.28399999999997,-0.3631867402150103,-0.43364383950788976,2.0345513684783336
2.28599999999997,-0.36404163004930634,-0.42124323998024144,2.0327556208289965
2.2879999999999696,-0.36487170709515027,-0.40883113187133363,2.0308297702366525
2.2899999999999694,-0.365676949142339,-0.39640832213800303,2.0287741014114182
2.291999999999969,-0.3664573355938355,-0.3839756169861303,2.0265889067806966
2.293999999999969,-0.36721284746422783,-0.3715338218317279,2.0242744864622426
2.2959999999999687,-0.36794346737811096,-0.3590837412623496,2.021831148237003
2.2979999999999685,-0.3686491795683914,-0.3466261789988162,2.0192592075217295
2.2999999999999683,-0.36932996987451566,-0.33416193785725007,2.016558987341365
2.301999999999968,-0.36998582574062344,-0.3216918197114126,2.0137308183012035
2.303999999999968,-0.37061673621362523,-0.3092166254553383,2.0107750385588234
2.3059999999999676,-0.37122269194120583,-0.2967371549662581,2.0076919937957953
2.3079999999999674,-0.37180368516975393,-0.28425420706780574,2.0044820371891583
2.309999999999967,-0.3723597097422184,-0.27176857949350064,2.0011455293826725
2.311999999999967,-0.37289076109589164,-0.25928106885049945,1.9976828384578422
2.3139999999999668,-0.373396836260121,-0.2467924705836108,1.994094339904708
2.3159999999999665,-0.37387793385394824,-0.23430357893956508,1.9903804165924104
2.3179999999999663,-0.3743340540836779,-0.22181518693153293,1.9865414587395236
2.319999999999966,-0.3747651987403749,-0.2093280863038853,1.982577863884156
2.321999999999966,-0.3751713711972919,-0.1968430674971879,1.978490036853817
2.3239999999999656,-0.3755525764072268,-0.18436091961342313,1.9742783897350533
2.3259999999999654,-0.3759088208998112,-0.17188243038143214,1.9699433418428454
2.327999999999965,-0.3762401127787296,-0.15940838612257024,1.9654853196897721
2.329999999999965,-0.3765464617188703,-0.14693957171656835,1.9609047569549332
2.3319999999999648,-0.3768278789634082,-0.1344767705675931,1.9562020944526357
2.3339999999999645,-0.37708437732081984,-0.12202076457049899,1.9513777801008376
2.3359999999999643,-0.37731597116183135,-0.10957233407726491,1.9464322688893487
2.337999999999964,-0.37752267641629916,-0.09713225786360838,1.9413660228477891
2.339999999999964,-0.37770451057002424,-0.08470131309576989,1.9361795110133
2.3419999999999637,-0.3778614926615002,-0.07228027529746077,1.930873209398006
2.3439999999999634,-0.37799364327859525,-0.05986991831696704,1.9254476009562316
2.3459999999999632,-0.37810098455516855,-0.04747101429440253,1.9199031755514597
2.347999999999963,-0.37818354016762135,-0.035084333629104104,1.914240429923044
2.349999999999963,-0.3782413353313829,-0.022710644947162035,1.9084598676526587
2.3519999999999626,-0.3782743967973315,-0.010350715069078632,1.9025619991304954
2.3539999999999623,-0.3782827528481514,0.001994691022451792,1.8965473415211966
2.355999999999962,-0.3782664332946247,0.01432481021464843,1.890416418729531
2.357999999999962,-0.3782254694718599,0.02663888129664171,1.8841697613657993
2.3599999999999617,-0.3781598942354558,0.03893614499137002,1.8778079067109787
2.3619999999999615,-0.37806974195760246,0.051215843987381944,1.871331398681594
2.3639999999999612,-0.37795504852311784,0.06347722297055076,1.8647407877943214
2.365999999999961,-0.377815851325422,0.07571952865570752,1.8580366311303138
2.367999999999961,-0.3776521892624472,0.08794200981819918,1.8512194922992562
2.3699999999999606,-0.3774641027324857,0.10014391732537817,1.8442899414031364
2.3719999999999604,-0.3772516336299741,0.11232450416802955,1.8372485549997395
2.37399999999996,-0.3770148253412153,0.12448302549174199,1.8300959160658556
2.37599999999996,-0.37675372274003727,0.13661873862822843,1.8228326139602054
2.3779999999999597,-0.37646837218339,0.14873090312660267,1.8154592443860722
2.3799999999999595,-0.3761588215068792,0.16081878078461745,1.8079764093536486
2.3819999999999593,-0.3758251200202376,0.1728816356798698,1.8003847171420873
2.383999999999959,-0.37546731850273457,0.18491873420097954,1.792684782261253
2.385999999999959,-0.37508546919852265,0.19692934507874596,1.784877225413183
2.3879999999999586,-0.37467962581192205,0.20891273941728847,1.7769626734532402
2.3899999999999584,-0.374249843502643,0.22086819072517627,1.768941759350966
2.391999999999958,-0.37379617888094574,0.2327949749465522,1.760815122150627
2.393999999999958,-0.37331869000273815,0.24469237049225578,1.7525834069314525
2.3959999999999577,-0.3728174363646114,0.25655965827095023,1.7442472647675629
2.3979999999999575,-0.37229247889881306,0.26839612172025834,1.735807352687582
2.3999999999999573,-0.3717438799681581,0.2802010468379116,1.7272643336339362
2.401999999999957,-0.37117170336087757,0.29197372221291684,1.7186188764218346
2.403999999999957,-0.3705760142854048,0.3037134390567456,1.7098716556979294
2.4059999999999566,-0.36995687936509936,0.31541949123454877,1.7010233518986513
2.4079999999999564,-0.36931436663290834,0.327091175296402,1.6920746512082223
2.409999999999956,-0.3686485455259655,0.338727790508585,1.6830262455163407
2.411999999999956,-0.36795948688012725,0.3503286388848979,1.6738788323755351
2.4139999999999557,-0.36724726292444654,0.3618930252180197,1.6646331149581872
2.4159999999999555,-0.36651194727558356,0.37342025711091015,1.6552898020132227
2.4179999999999553,-0.36575361493215386,0.38490964500825997,1.6458496078224627
2.419999999999955,-0.3649723422690134,0.39636050222799146,1.6363132521566393
2.421999999999955,-0.3641682070314804,0.40777214499281234,1.626681460231071
2.4239999999999546,-0.36334128832949447,0.4191438924618258,1.6169549626609958
2.4259999999999544,-0.36249166663171195,0.43047506676219943,1.6071344954165594
2.427999999999954,-0.36161942375953815,0.4417649930208944,1.5972207997774601
2.429999999999954,-0.36072464288109607,0.45301299939645806,1.5872146222872436
2.4319999999999538,-0.35980740850513127,0.46421841711088124,1.5771167147072513
2.4339999999999535,-0.35886780647485317,0.4753805804815223,1.5669278339702157
2.4359999999999533,-0.3579059239617124,0.4864988269530993,1.5566487421335047
2.437999999999953,-0.35692184945911387,0.49757249712975177,1.5462802063320122
2.439999999999953,-0.3559156727760661,0.5086009348071733,1.5358229987306935
2.4419999999999527,-0.3548874850307657,0.5195834870048159,1.525277896476744
2.4439999999999524,-0.35383737864411774,0.5305195039981673,1.5146456816514207
2.445999999999952,-0.35276544733319126,0.5414083393511002,1.5039271412215052
2.447999999999952,-0.3516717861046102,0.5522493499482972,1.493123066990406
2.4499999999999518,-0.3505564912478793,0.5630418960277478,1.4822342555489023
2.4519999999999516,-0.34941966032864485,0.5737853412133199,1.4712615082255227
2.4539999999999513,-0.3482613921818905,0.5844790525474056,1.4602056310365643
2.455999999999951,-0.3470817869050674,0.5951224005236396,1.4490674346357497
2.457999999999951,-0.3458809458511589,0.6057147591196911,1.4378477342635174
2.4599999999999507,-0.34465897162167985,0.616255505830127,1.426547349695949
2.4619999999999505,-0.3434159680596097,0.6267440216993475,1.4151671051933359
2.4639999999999502,-0.34215204024226,0.6371796913545907,1.4037078294483747
2.46599999999995,-0.34086729447407554,0.6475619030390062,1.3921703555340046
2.46799999999995,-0.33956183827936964,0.657890048644796,1.3805555208508746
2.4699999999999496,-0.33823578039499264,0.6681635237464212,1.3688641670744501
2.4719999999999493,-0.33688923076293426,0.6783817276338713,1.3570971401017526
2.473999999999949,-0.33552230052285925,0.688544063345996,1.3452552899977357
2.475999999999949,-0.33413510200457636,0.6986499377038956,1.333339470941298
2.4779999999999487,-0.3327277487204402,0.7086987613443679,1.321350541170934
2.4799999999999485,-0.33130035535768665,0.7186899487534094,1.3092893629300169
2.4819999999999482,-0.32985303777070074,0.7286229182997674,1.2971568024117284
2.483999999999948,-0.32838591297321773,0.7384970922685401,1.28495372970362
2.485999999999948,-0.3268990991304567,0.7483118968948214,1.2726810187318187
2.4879999999999476,-0.32539271555118693,0.7580667623973867,1.260339547204873
2.4899999999999474,-0.3238668826797268,0.7677611230124171,1.2479301965572414
2.491999999999947,-0.3223217220878753,0.7773944170272562,1.2354538518924256
2.493999999999947,-0.32075735646677594,0.7869660868141981,1.2229114019257485
2.4959999999999467,-0.3191739096187131,0.7964755788642996,1.2103037389267808
2.4979999999999465,-0.31757150644884063,0.8059223438212146,1.1976317586614158
2.4999999999999463,-0.31595027295684286,0.8153058365150446,1.184896360333596
2.501999999999946,-0.31431033622852783,0.8246255159962012,1.172098446526692
2.503999999999946,-0.3126518244273529,0.8338808455692758,1.1592389231445386
2.5059999999999456,-0.31097486678588254,0.8430712928269115,1.1463186993521266
2.5079999999999454,-0.3092795935971782,0.8521963296836709,1.1333386875159568
2.509999999999945,-0.307566136206121,0.8612554324098955,1.1202998031440556
2.511999999999945,-0.30583462700066594,0.8702480816655516,1.1072029648256572
2.5139999999999447,-0.30408519940302914,0.8791737625340543,1.094049094170554
2.5159999999999445,-0.302317987860807,0.8880319645560679,1.0808391157481185
2.5179999999999443,-0.30053312783802805,0.8968221817632719,1.067573957026001
2.519999999999944,-0.2987307558061372,0.9055439127120906,1.0542545483085044
2.521999999999944,-0.29691100923491254,0.914196660517377,1.0408818226746408
2.5239999999999436,-0.29507402658331483,0.9227799328860463,1.027456715915874
2.5259999999999434,-0.29321994729026996,0.9312932421506507,1.0139801664735508
2.527999999999943,-0.291348911765384,0.9397361053028904,1.0004531153760243
2.529999999999943,-0.28946106137959166,0.9481080440270531,0.986876506175475
2.5319999999999427,-0.2875565384557376,0.9564085847333738,0.9732512848844317
2.5339999999999425,-0.28563548625909135,0.9646372585913104,0.9595783999120011
2.5359999999999423,-0.2836980489877957,0.972793601562725,0.9458588019998015
2.537999999999942,-0.2817443717632489,0.9808771544349644,0.9320934441576162
2.539999999999942,-0.27977460062042053,0.9888874628538336,0.9182832815987623
2.5419999999999416,-0.2777888824981019,0.9968240773564522,0.9044292716751858
2.5439999999999414,-0.2757873652290906,1.0046865534039882,0.8905323738122835
2.545999999999941,-0.2737701975303098,1.012474451414259,0.8765935494434588
2.547999999999941,-0.27173752899286263,1.0201873367941936,0.8626137619444194
2.5499999999999408,-0.26968951007202147,1.0278247799721472,0.8485939765672165
2.5519999999999405,-0.26762629207715305,1.035386356430059,0.8345351603740339
2.5539999999999403,-0.26554802716157927,1.0428716467354464,0.8204382821707358
2.55599999999994,-0.2634548683123742,1.050280236573227,0.8063043124401732
2.55799999999994,-0.26134696934009755,1.0576117167773582,0.7921342232752575
2.5599999999999397,-0.2592244848684654,1.0648656833622878,0.7779289883118087
2.5619999999999394,-0.25708757032395757,1.072041737554207,0.7636895826611831
2.563999999999939,-0.2549363819253635,1.079139485822096,0.7494169828426844
2.565999999999939,-0.25277107667326554,1.0861585399085525,0.7351121667157696
2.5679999999999388,-0.25059181233946115,1.0930985168603986,0.7207761134120515
2.5699999999999386,-0.2483987474563242,1.0999590390590515,0.7064098032671063
2.5719999999999383,-0.2461920413061055,1.1067397342506533,0.6920142177520953
2.573999999999938,-0.24397185391017348,1.1134402355759498,0.6775903394052007
2.575999999999938,-0.2417383460181954,1.120060181599908,0.6631391517628925
2.5779999999999377,-0.23949167909725952,1.1265992163410656,0.6486616392910229
2.5799999999999375,-0.23723201532093885,1.133056989300601,0.6341587873157648
2.5819999999999372,-0.23495951755829708,1.139433155491117,0.6196315819543937
2.583999999999937,-0.23267434936283724,1.1457273754651272,0.6050810100459268
2.585999999999937,-0.2303766749613936,1.1519393153432371,0.5905080590816226
2.5879999999999366,-0.22806665924296776,1.1580686468420112,0.5759137171353496
2.5899999999999364,-0.22574446774750895,1.164115047301515,0.5612989727938333
2.591999999999936,-0.22341026665463992,1.170078199712525,0.5466648150867872
2.593999999999936,-0.22106422277232862,1.1759577927433966,0.5320122334169373
2.5959999999999357,-0.2187065035255065,1.181753520766581,0.5173422174899449
2.5979999999999355,-0.21633727694463403,1.187465083884781,0.502655757244242
2.5999999999999353,-0.21395671165421448,1.193092187956738,0.4879538427807797
2.601999999999935,-0.2115649768612564,1.1986345446226423,0.4732374642927034
2.603999999999935,-0.20916224234368558,1.204091871329154,0.4585076119949607
2.6059999999999346,-0.20674867843870756,1.2094638913540279,0.44376527605385097
2.6079999999999344,-0.20432445603112107,1.2147503338303356,0.4290114465165238
2.609999999999934,-0.20188974654158362,1.2199509337702703,0.4142471132404376
2.611999999999934,-0.19944472191482981,1.2250654320885321,0.39947326582278286
2.6139999999999337,-0.19698955460784331,1.2300935756252793,0.38469089352988306
2.6159999999999335,-0.19452441757798344,1.235035117168641,0.3699009852265769
2.6179999999999333,-0.19204948427106702,1.2398898154767803,0.35510452930559677
2.619999999999933,-0.18956492860940674,1.2446574352995015,0.34030251361694497
2.621999999999933,-0.18707092497980662,1.249337747399389,0.325495925397283
2.6239999999999326,-0.1845676482215158,1.2539305285724751,0.3106857511993386
2.6259999999999324,-0.1820552736141414,1.2584355616684235,0.2958729768213415
2.627999999999932,-0.1795339768655214,1.262852635610223,0.28105858723649524
2.629999999999932,-0.17700393409955886,1.2671815454133826,0.2662435665224955
2.6319999999999317,-0.17446532184401817,1.2714220922046204,0.251428897791103
2.6339999999999315,-0.17191831701828422,1.2755740832400373,0.23661556311778065
2.6359999999999313,-0.16936309692108611,1.2796373319227694,0.22180454347140244
2.637999999999931,-0.16679983921818578,1.2836116578201104,0.20699681864404584
2.639999999999931,-0.1642287219300331,1.2874968866800967,0.19219336718087365
2.6419999999999306,-0.16164992341938828,1.2912928504475474,0.1773951663101172
2.6439999999999304,-0.15906362237891272,1.2949993872795542,0.16260319187316763
2.64599999999993,-0.15646999781872953,1.2986163415604106,0.14781841825478648
2.64799999999993,-0.15386922905395461,1.3021435639159757,0.1330418183134423
2.6499999999999297,-0.15126149569219977,1.3055809112274663,0.1182743633117852
2.6519999999999295,-0.14864697762104861,1.3089282466446683,0.10351702284726572
2.6539999999999293,-0.1460258549955068,1.3121854395985637,0.0887707647829089
2.655999999999929,-0.1433983082254275,1.3153523658133641,0.07403655517825214
2.657999999999929,-0.14076451796291345,1.318428907317947,0.05931535822045553
2.6599999999999286,-0.13812466508969667,1.3214149524566872,0.04460813615559378
2.6619999999999284,-0.13547893070449726,1.3243103958996785,0.02991584922013979
2.663999999999928,-0.1328274961103622,1.3271151386523392,0.015239455572647054
2.665999999999928,-0.13017054280198567,1.3298290880643964,0.000579911225641383
2.6679999999999278,-0.127508252453012,1.3324521578382436,-0.014061830022269795
2.6699999999999275,-0.12484080690332254,1.334984268036667,-0.02868481665406175
2.6719999999999273,-0.12216838814630769,1.337425345089935,-0.043288099501720856
2.673999999999927,-0.11949117831612543,1.3397753218022455,-0.057870731813429055
2.675999999999927,-0.11680935967494757,1.342034137357529,-0.07243176932049555
2.6779999999999267,-0.11412311460019503,1.3442017373246,-0.08697027030402671
2.6799999999999264,-0.1114326255717635,1.3462780736616535,-0.1014852956613248
2.681999999999926,-0.1087380751592408,1.3482631047201052,-0.11597590897200927
2.683999999999926,-0.10603964600911714,1.3501567952477678,-0.13044117656384857
2.685999999999926,-0.1033375208319897,1.351959116391362,-0.14488016757829825
2.6879999999999256,-0.10063188238976296,1.3536700456983588,-0.15929195403573249
2.6899999999999253,-0.0979229134828459,1.3552895671181497,-0.17367561090036454
2.691999999999925,-0.09521079693734757,1.3568176710025412,-0.18803021614484539
2.693999999999925,-0.0924957155922724,1.3582543541055725,-0.20235485081453275
2.6959999999999247,-0.08977785228671645,1.3595996195826519,-0.2166485990914242
2.6979999999999245,-0.08705738984706617,1.3608534769890124,-0.23091054835774372
2.6999999999999242,-0.0843345110742009,1.3620159422774807,-0.24513978925917534
2.701999999999924,-0.08160939873070047,1.3630870377955615,-0.2593354157677359
2.703999999999924,-0.07888223552805941,1.3640667922818333,-0.27349652524427837
2.7059999999999236,-0.07615320411390895,1.3649552408616548,-0.2876222185006196
2.7079999999999234,-0.07342248705924842,1.3657524250421809,-0.3017115998612826
2.709999999999923,-0.07069026684568716,1.3664583927066876,-0.31576377722484833
2.711999999999923,-0.06795672585269863,1.3670731981082045,-0.329777862124908
2.7139999999999227,-0.06522204634488785,1.367596901862455,-0.3437529697906091
2.7159999999999225,-0.06248641045927364,1.3680295709401038,-0.3576882192067883
2.7179999999999223,-0.05975000019258714,1.368371278658311,-0.37158273317368373
2.719999999999922,-0.05701299738858784,1.3686221046715945,-0.38543563836621986
2.721999999999922,-0.05427558372539861,1.3687821349619993,-0.39924606539285806
2.7239999999999216,-0.05153794070286108,1.3688514618285759,-0.4130131488540066
2.7259999999999214,-0.04880024962991274,1.3688301838761683,-0.4267360273999825
2.727999999999921,-0.046062691611987165,1.3687184060035118,-0.44041384378852044
2.729999999999921,-0.043325447538438755,1.3685162393906427,-0.45404574494182004
2.7319999999999207,-0.04058869806999328,1.3682238014856218,-0.4676308820031276
2.7339999999999205,-0.03785262362622573,1.3678412159905735,-0.4811684103928445
2.7359999999999203,-0.035117404373066735,1.3673686128470404,-0.4946574898641581
2.73799999999992,-0.03238322021033896,1.3668061282206592,-0.5080972845581865
2.73999999999992,-0.02965025075932482,1.3661539044851572,-0.5214869630586347
2.7419999999999196,-0.02691867535036692,1.365412090205674,-0.5348256984459545
2.7439999999999194,-0.024188673010502447,1.3645808401214095,-0.5481126683510024
2.745999999999919,-0.021460422451133013,1.3636603151276048,-0.5613470550081925
2.747999999999919,-0.018734102055731162,1.3626506822568536,-0.5745280453081373
2.7499999999999187,-0.016009889867584923,1.3615521146597536,-0.587654830849771
2.7519999999999185,-0.013287963577581725,1.3603647915848978,-0.6007266079919522
2.7539999999999183,-0.01056850051203298,1.359088898358211,-0.6137425779045402
2.755999999999918,-0.007851677620540643,1.3577246263616352,-0.6267019466189406
2.757999999999918,-0.005137671463907062,1.3562721730111689,-0.6396039250781144
2.7599999999999176,-0.0024266582020893717,1.3547317417342641,-0.6524477291860491
2.7619999999999174,0.00028118641780025414,1.3531035419465869,-0.6652325798566852
2.763999999999917,0.0029856870734472443,1.3513877890281438,-0.6779577030622947
2.765999999999917,0.005686668879238896,1.3495847042987834,-0.6906223298813081
2.7679999999999167,0.008383957398119025,1.3476945149930748,-0.7032256965455862
2.7699999999999165,0.011077378653391744,1.3457174542345696,-0.7157670444871325
2.7719999999999163,0.013766759140473171,1.3436537610094537,-0.7282456203842435
2.773999999999916,0.01645192583858982,1.3415036801395948,-0.7406606762070926
2.775999999999916,0.019132706222422493,1.33926746225499,-0.7530114692627464
2.7779999999999156,0.021808928273694482,1.3369453637656223,-0.7652972622396075
2.7799999999999154,0.02448042049270288,1.3345376468327295,-0.7775173232512835
2.781999999999915,0.027147011909791872,1.3320445793394946,-0.7896709258798791
2.783999999999915,0.0298085320967668,1.3294664348611636,-0.8017573492187067
2.7859999999999148,0.03246481117824794,1.326803492634596,-0.8137758779144157
2.7879999999999145,0.03511567984296278,1.3240560375272576,-0.8257258022085376
2.7899999999999143,0.03776096935497575,1.3212243600056615,-0.8376064179784427
2.791999999999914,0.040400511564854295,1.3183087561032636,-0.8494170267777095
2.793999999999914,0.04303413892077018,1.3153095273878221,-0.8611569358759033
2.7959999999999137,0.04566168447953502,1.3122269809282279,-0.8728254582977619
2.7979999999999134,0.048282981917568885,1.3090614292608118,-0.884421912861789
2.7999999999999132,0.05089786554180108,1.3058131903551402,-0.8959456242182503
2.801999999999913,0.05350617030050195,1.302482587579303,-0.9073959228865756
2.803999999999913,0.05610773179404481,1.299069949664705,-0.9187721452921612
2.8059999999999126,0.05870238628559691,1.2955756106703677,-0.9300736338025766
2.8079999999999123,0.06128997071173858,1.29199990994675,-0.9412997367631684
2.809999999999912,0.06387032269300949,1.2883431920990955,-0.9524498085320678
2.811999999999912,0.06644328054438121,1.284605806950317,-0.9635232095145952
2.8139999999999117,0.069008683285655,1.280788109503425,-0.9745193061970645
2.8159999999999115,0.07156637065178405,1.2768904599035094,-0.9854374711799876
2.8179999999999112,0.07411618310311925,1.2729132233992828,-0.9962770832106749
2.819999999999911,0.07665796183557763,1.2688567703041969,-1.0070375272152376
2.821999999999911,0.07919154879073255,1.264721475957136,-1.0177181943299867
2.8239999999999106,0.08171678666582492,1.260507720682702,-1.0283184819322306
2.8259999999999104,0.08423351892369459,1.256215889751097,-1.0388377936704756
2.82799999999991,0.08674158980263104,1.2518463733376128,-1.0492755394940214
2.82999999999991,0.08924084432614279,1.2473995664817372,-1.0596311356819617
2.8319999999999097,0.09173112831264454,1.2428758690458874,-1.0699040048715824
2.8339999999999095,0.09421228838506143,1.2382756856737778,-1.0800935760861665
2.8359999999999093,0.0966841719803497,1.2335994257484324,-1.0901992847621962
2.837999999999909,0.09914662735893304,1.2288475033498527,-1.1002205727759646
2.839999999999909,0.10159950361405391,1.2240203372123484,-1.1101568884695916
2.8419999999999086,0.10404265068103921,1.219118350681541,-1.120007686676444
2.8439999999999084,0.10647591934647962,1.2141419716710522,-1.1297724287459667
2.845999999999908,0.10889916125732205,1.209091632618882,-1.1394505825679242
2.847999999999908,0.11131222892987445,1.2039677704434912,-1.1490416225960511
2.8499999999999077,0.11371497575872266,1.198770826499594,-1.1585450298711177
2.8519999999999075,0.11610725602555838,1.1935012465336723,-1.1679602920434102
2.8539999999999073,0.11848892490791804,1.188159480639221,-1.177286903394628
2.855999999999907,0.12085983848783181,1.1827459832117335,-1.1865243648592008
2.857999999999907,0.1232198537603824,1.1772612129034372,-1.195672184045026
2.8599999999999066,0.12556882864217303,1.1717056325777886,-1.2047298752536306
2.8619999999999064,0.12790662197970418,1.1660797092637376,-1.2136969594997593
2.863999999999906,0.13023309355765866,1.1603839141097707,-1.2225729645303898
2.865999999999906,0.13254810410709453,1.1546187223377429,-1.2313574248431787
2.8679999999999057,0.13485151531354553,1.1487846131965058,-1.2400498817043442
2.8699999999999055,0.13714318982502846,1.142882069915345,-1.2486498831659807
2.8719999999999053,0.1394229912599574,1.1369115796572327,-1.257156984082815
2.873999999999905,0.14169078421496417,1.1308736334719065,-1.2655707461284034
2.875999999999905,0.1439464342726247,1.1247687262487849,-1.273890737810774
2.8779999999999046,0.14618980800909132,1.118597356669726,-1.2821165344875158
2.8799999999999044,0.14842077300163017,1.1123600271616407,-1.2902477183803196
2.881999999999904,0.15063919783606383,1.1060572438489693,-1.2982838785889712
2.883999999999904,0.15284495211411875,1.0996895165060299,-1.306224611104804
2.8859999999999038,0.1550379064606772,1.0932573585092482,-1.3140695188236087
2.8879999999999035,0.1572179325309337,1.0867612867892784,-1.3218182115580102
2.8899999999999033,0.15938490301745542,1.0802018217830218,-1.3294703060493078
2.891999999999903,0.1615386916571467,1.0735794873855546,-1.337025425978788
2.893999999999903,0.1636791732381172,1.0668948109019725,-1.344483201978511
2.8959999999999027,0.16580622360645367,1.0601483229991595,-1.3518432716415723
2.8979999999999024,0.16791971967289535,1.053340557657493,-1.3591052795318481
2.899999999999902,0.17001953941941253,1.0464720521224888,-1.3662688771932232
2.901999999999902,0.17210556190568846,1.0395433468563993,-1.3733337231583072
2.9039999999999018,0.17417766727550435,1.0325549854897695,-1.380299482956642
2.9059999999999016,0.1762357367630275,1.0255075147729618,-1.3871658291224065
2.9079999999999013,0.17827965269900245,1.018401484527654,-1.3939324412016183
2.909999999999901,0.18030929851684507,1.0112374475983246,-1.4005990057588393
2.911999999999901,0.18232455875863965,1.0040159598037248,-1.4071652163833877
2.9139999999999007,0.18432531908103889,0.9967375798883548,-1.4136307736950606
2.9159999999999004,0.18631146626106693,0.9894028694739423,-1.4199953853493719
2.9179999999999002,0.1882828882018252,0.9820123930109389,-1.4262587660423058
2.9199999999999,0.19023947393810153,0.9745667177300366,-1.4324206375145956
2.9219999999999,0.19218111364188198,0.9670664135937134,-1.438480728555526
2.9239999999998996,0.19410769862776614,0.9595120532478165,-1.4444387750062666
2.9259999999998993,0.19601912135828542,0.9519042119731878,-1.450294519762739
2.927999999999899,0.1979152754491247,0.9442434676373394,-1.456047712778021
2.929999999999899,0.19979605567424746,0.9365304006461875,-1.4616981110642933
2.9319999999998987,0.20166135797092427,0.9287655938958493,-1.4672454786943312
2.9339999999998985,0.2035110794446651,0.9209496327245102,-1.472689586802546
2.9359999999998982,0.2053451183740554,0.9130831048643677,-1.4780302135855807
2.937999999999898,0.2071633742154961,0.9051666003936587,-1.4832671443024608
2.939999999999898,0.20896574760784786,0.8972007116887755,-1.4884001712743098
2.9419999999998976,0.21075214037697948,0.8891860333764767,-1.493429093883627
2.9439999999998974,0.212522455540221,0.8811231622862001,-1.4983537185731357
2.945999999999897,0.21427659731072146,0.8730126974024809,-1.5031738588442052
2.947999999999897,0.2160144711017115,0.8648552398174827,-1.5078893352548477
2.9499999999998967,0.21773598353067145,0.8566513926836463,-1.512499975417299
2.9519999999998965,0.2194410424234044,0.8484017611664614,-1.5170056139951804
2.9539999999998963,0.22112955681801538,0.8401069523973655,-1.5214060927002526
2.955999999999896,0.22280143696879612,0.831767575426777,-1.5257012602887596
2.957999999999896,0.22445659435001625,0.8233842411772654,-1.529890972557369
2.9599999999998956,0.22609494165962088,0.8149575623968637,-1.5339750923387139
2.9619999999998954,0.2277163928228349,0.8064881536125288,-1.537953489496536
2.963999999999895,0.2293208629956745,0.7979766310837528,-1.541826040920439
2.965999999999895,0.23090826856836594,0.7894236127563298,-1.545592630520249
2.9679999999998947,0.23247852716867204,0.7808297182162827,-1.5492531492199946
2.9699999999998945,0.2340315576651268,0.7721955686439537,-1.5528074949515016
2.9719999999998943,0.23556728017017808,0.7635217867682624,-1.5562555726476108
2.973999999999894,0.23708561604323938,0.754808996821135,-1.5595972942350216
2.975999999999894,0.23858648789365028,0.7460578244921078,-1.5628325786267645
2.9779999999998936,0.24006981958354645,0.7372688968831091,-1.5659613517143054
2.9799999999998934,0.24153553623063945,0.7284428424634227,-1.568983546359287
2.981999999999893,0.2429835642109064,0.7195802910248345,-1.5718991023849087
2.983999999999893,0.24441383116119045,0.7106818736369669,-1.5747079665669492
2.9859999999998927,0.24582626598171187,0.7017482226028037,-1.5774100926244357
2.9879999999998925,0.24722079883849044,0.6927799714144065,-1.5800054412099611
2.9899999999998923,0.24859736116567957,0.6837777547088268,-1.5824939798996553
2.991999999999892,0.2499558856678123,0.6747422082242153,-1.5848756831828115
2.993999999999892,0.25129630632195976,0.66567396875613,-1.5871505324511692
2.9959999999998916,0.25261855837980257,0.6565736741140477,-1.5893185159878638
2.9979999999998914,0.25392257836961524,0.6474419630780763,-1.5913796289560367
2.999999999999891,0.25520830409816436,0.6382794753558751,-1.5933338733871145
3.001999999999891,0.25647567465252086,0.6290868515397797,-1.5951812581687594
3.0039999999998908,0.25772463040178656,0.6198647330641367,-1.5969217990324942
3.0059999999998905,0.2589551129987358,0.6106137621628471,-1.5985555185410012
3.0079999999998903,0.26016706538137224,0.6013345818271216,-1.6000824460751026
3.00999999999989,0.2613604317744014,0.5920278357634469,-1.6015026178204221
3.01199999999989,0.26253515769061936,0.5826941683517651,-1.6028160767537303
3.0139999999998897,0.26369118993221813,0.5733342246038681,-1.6040228726289794
3.0159999999998894,0.26482847659200776,0.5639486501220042,-1.6051230619630246
3.017999999999889,0.26594696705455617,0.554538091057702,-1.6061167080210408
3.019999999999889,0.26704661199724666,0.5451031940708081,-1.6070038808016318
3.0219999999998888,0.2681273633912538,0.5356446062887413,-1.6077846570216374
3.0239999999998886,0.26918917450243807,0.526162975265963,-1.6084591201006397
3.0259999999998883,0.27023199989215946,0.5166589489436628,-1.609027360145172
3.027999999999888,0.2712557954180109,0.5071331756096611,-1.6094894739326286
3.029999999999888,0.27226051823447167,0.4975863038585269,-1.6098455648948853
3.0319999999998877,0.273246126793481,0.48801898255191156,-1.6100957431016218
3.0339999999998875,0.2742125808449329,0.47843186077909744,-1.6102401252433607
3.0359999999998872,0.2751598414370922,0.4688255878177617,-1.6102788346142132
3.037999999999887,0.2760878709169322,0.459200813094954,-1.610212001094342
3.039999999999887,0.27699663293039456,0.4495581861482878,-1.6100397611321382
3.0419999999998866,0.2778860924225719,0.4398983565873443,-1.6097622577261168
3.0439999999998864,0.2787562156378132,0.430221974055288,-1.6093796404065317
3.045999999999886,0.279606970119753,0.4205296881906934,-1.60889206521671
3.047999999999886,0.2804383247112638,0.41082214858958116,-1.6082996946941117
3.0499999999998857,0.28125024955433364,0.4011000047676628,-1.6076026978511095
3.0519999999998855,0.28204271608986764,0.39136390612279287,-1.6068012501554996
3.0539999999998853,0.28281569705741494,0.381614501897627,-1.6058955335107346
3.055999999999885,0.2835691664948213,0.3718524411424842,-1.6048857362358881
3.057999999999885,0.28430309973780715,0.3620783726784126,-1.6037720530453485
3.0599999999998846,0.28501747341947264,0.3522929450604559,-1.602554685028242
3.0619999999998844,0.2857122654697289,0.34249680654112047,-1.6012338396275911
3.063999999999884,0.2863874551146566,0.33269060503403963,-1.5998097306192047
3.065999999999884,0.28704302287579203,0.32287498807783443,-1.5982825780903027
3.0679999999998837,0.28767895056934123,0.3130506028001687,-1.5966526084178774
3.0699999999998835,0.28829522130532215,0.3032180958819965,-1.5949200542467903
3.0719999999998833,0.2888918194866357,0.2933781135219996,-1.593085154467609
3.073999999999883,0.2894687308080659,0.2835313014012137,-1.5911481541941783
3.075999999999883,0.29002594225520917,0.2736783046478402,-1.5891093047409364
3.0779999999998826,0.2905634421033339,0.26381976780224264,-1.586968863599966
3.0799999999998824,0.2910812199161697,0.2539563347821241,-1.5847270944177907
3.081999999999882,0.2915792665446275,0.24408864884788467,-1.5823842669719106
3.083999999999882,0.2920575741254506,0.2342173525681556,-1.57994065714708
3.0859999999998817,0.29251613607979654,0.22434308778550843,-1.5773965469113307
3.0879999999998815,0.2929549471117511,0.2144664955823364,-1.574752224291737
3.0899999999998813,0.29337400320677376,0.2045882162469058,-1.5720079833499236
3.091999999999881,0.2937733016300759,0.19470888923957447,-1.5691641241573218
3.093999999999881,0.2941528409249312,0.18482915315917564,-1.5662209527701667
3.0959999999998806,0.294512620910919,0.1749496457095637,-1.563178781204244
3.0979999999998804,0.29485264268210126,0.16507100366632005,-1.560037927409377
3.09999999999988,0.29517290860513273,0.1551938628436159,-1.5567987152436662
3.10199999999988,0.2954734223173052,0.14531885806122982,-1.5534614744474715
3.1039999999998797,0.29575418872452586,0.13544662311171726,-1.550026540617141
3.1059999999998795,0.29601521399923003,0.12557779072772918,-1.546494255178488
3.1079999999998793,0.296256505578229,0.11571299254947746,-1.5428649653600148
3.109999999999879,0.2964780721604927,0.10585285909234438,-1.539139024165884
3.111999999999879,0.2966799237048676,0.09599801971463313,-1.5353167903486358
3.1139999999998786,0.29686207142773063,0.08614910258545727,-1.5313986283816547
3.1159999999998784,0.2970245278005788,0.07630673465276587,-1.5273849084313817
3.117999999999878,0.2971673065475549,0.06647154161150207,-1.523276006329277
3.119999999999878,0.29729042264290995,0.056644147871892196,-1.5190723035435256
3.1219999999998778,0.2973938923084019,0.0468251765278628,-1.5147741871504956
3.1239999999998775,0.29747773301063185,0.03701524932558296,-1.5103820498059408
3.1259999999998773,0.297541963458317,0.027214986632129262,-1.505896289715951
3.127999999999877,0.2975866035995014,0.017425007404270675,-1.5013173106076496
3.129999999999877,0.2976116746187041,0.007645929157370921,-1.4966455216996424
3.1319999999998767,0.2976171989340053,-0.002121632065594445,-1.4918813376722058
3.1339999999998764,0.2976032001940709,-0.011877061724908723,-1.4870251786372293
3.135999999999876,0.29756970327511506,-0.02161974681487506,-1.4820774701079
3.137999999999876,0.29751673427780156,-0.031349075894470335,-1.4770386429681377
3.139999999999876,0.2974443205240839,-0.04106443911789437,-1.4719091334417727
3.1419999999998756,0.2973524905539844,-0.050765228265016935,-1.4666893830614725
3.1439999999998753,0.2972412741223124,-0.060450836771725004,-1.4613798386374135
3.145999999999875,0.29711070219532215,-0.07012065976017258,-1.4559809522256995
3.147999999999875,0.29696080694731003,-0.07977409406893556,-1.4504931810965245
3.1499999999998747,0.2967916217571516,-0.08941053828307377,-1.4449169877020822
3.1519999999998745,0.29660318120477885,-0.09902939276410266,-1.4392528396442212
3.1539999999998742,0.29639552106759715,-0.10863005967987663,-1.433501209641843
3.155999999999874,0.29616867831684285,-0.11821194303438634,-1.4276625754980472
3.157999999999874,0.2959226911138814,-0.1277744486974721,-1.4217374200670212
3.1599999999998736,0.295657598806446,-0.13731698443445528,-1.415726231220671
3.1619999999998734,0.2953734419248169,-0.14683895993568996,-1.4096295018150022
3.163999999999873,0.2950702621779422,-0.15633978684603664,-1.4034477296562395
3.165999999999873,0.294748102449499,-0.16581887879425986,-1.3971814174666926
3.1679999999998727,0.29440700679389675,-0.1752756514223517,-1.390831072850365
3.1699999999998725,0.29404702043222114,-0.18470952241478306,-1.3843972082583078
3.1719999999998723,0.2936681897481202,-0.1941199115276839,-1.3778803409537141
3.173999999999872,0.2932705622836318,-0.20350624061795486,-1.371280992976759
3.175999999999872,0.2928541867349531,-0.21286793367231113,-1.3645996911091816
3.1779999999998716,0.29241911294815187,-0.2222044168362607,-1.3578369668386099
3.1799999999998714,0.2919653919148201,-0.2315151184430178,-1.350993356322629
3.181999999999871,0.2914930757676697,-0.24079946904235358,-1.3440694003525917
3.183999999999871,0.2910022177760705,-0.2500569014293847,-1.3370656443171718
3.1859999999998707,0.290492872341531,-0.25928685067330154,-1.32998263816566
3.1879999999998705,0.28996509499312145,-0.2684887541460369,-1.3228209363710042
3.1899999999998703,0.2894189423828399,-0.2776620515508764,-1.3155810978925888
3.19199999999987,0.2888544722809207,-0.28680618495101157,-1.3082636861387613
3.19399999999987,0.2882717435710864,-0.2959205987980362,-1.3008692689290977
3.1959999999998696,0.28767081624574253,-0.3050047399603876,-1.293398418456414
3.1979999999998694,0.2870517514011154,-0.3140580577517325,-1.2858517112485188
3.199999999999869,0.28641461123233325,-0.3230800039592989,-1.2782297281297108
3.201999999999869,0.28575945902845123,-0.3320700328721546,-1.270533054182017
3.2039999999998687,0.28508635916741903,-0.34102760130943205,-1.262762278706179
3.2059999999998685,0.28439537711099294,-0.34995216864850115,-1.2549179951823792
3.2079999999998683,0.28368657939959113,-0.35884319685308896,-1.2470008012307143
3.209999999999868,0.28296003364709277,-0.36770015050134786,-1.2390112985714112
3.211999999999868,0.28221580853558137,-0.3765224968138713,-1.2309500929847899
3.2139999999998676,0.28145397381003184,-0.3853097056816576,-1.2228177942709713
3.2159999999998674,0.2806746002729418,-0.3940612496940223,-1.2146150162093305
3.217999999999867,0.27987775977890694,-0.40277660416645733,-1.206342376517698
3.219999999999867,0.27906352522914124,-0.411455247168439,-1.1980004968113058
3.2219999999998667,0.2782319705659409,-0.42009665955118247,-1.1895900025614867
3.2239999999998665,0.27738317076709323,-0.42870032497534355,-1.1811115230541132
3.2259999999998663,0.2765172018402303,-0.43726572993866686,-1.1725656913477944
3.227999999999866,0.2756341408171271,-0.4457923638035799,-1.1639531442318183
3.229999999999866,0.2747340657479445,-0.45427971882473217,-1.1552745221838454
3.2319999999998656,0.2738170556954175,-0.46272729017647873,-1.1465304693273564
3.2339999999998654,0.2728831907289882,-0.4711345759803073,-1.137721633388848
3.235999999999865,0.2719325519188846,-0.4795010773322078,-1.1288486656547874
3.237999999999865,0.2709652213301438,-0.48782629832998375,-1.1199122209283192
3.2399999999998648,0.2699812820165814,-0.49610974610050346,-1.110912957485727
3.2419999999998645,0.2689808180147061,-0.5043509308268906,-1.1018515370326554
3.2439999999998643,0.2679639143375801,-0.5125493657756529,-1.0927286246600851
3.245999999999864,0.26693065696862533,-0.5207045673237463,-1.083544888800074
3.247999999999864,0.26588113285537546,-0.5288160549855745,-1.0743010011812535
3.2499999999998637,0.264815429903174,-0.536883351439922,-1.0649976367840899
3.2519999999998634,0.2637336369688191,-0.5449059825568178,-1.055635473795909
3.2539999999998632,0.2626358438541536,-0.552883477424329,-1.0462151935656865
3.255999999999863,0.26152214129960294,-0.5608153683752827,-1.0367374805586036
3.257999999999863,0.2603926209776584,-0.568701191013913,-1.0272030223103734
3.2599999999998626,0.2592473754863083,-0.5765404842424324,-1.0176125093813355
3.2619999999998623,0.2580864983424149,-0.5843327902875238,-1.0079666353103252
3.263999999999862,0.2569100839750397,-0.5920776547267529,-0.9982660965683128
3.265999999999862,0.25571822771871494,-0.5997746265148965,-0.9885115925118222
3.2679999999998617,0.254511025806663,-0.6074232580101864,-0.9787038253361264
3.2699999999998615,0.25328857536396354,-0.6150231050004639,-0.9688435000282218
3.2719999999998612,0.25205097440066787,-0.6225737267292454,-0.9589313243195858
3.273999999999861,0.250798321804862,-0.6300746859216935,-0.9489680086387167
3.275999999999861,0.24953071733567728,-0.6375255488104923,-0.9389542660634632
3.2779999999998606,0.24824826161624958,-0.644925885161624,-0.9288908122731403
3.2799999999998604,0.24695105612662707,-0.6522752683000439,-0.9187783655004359
3.28199999999986,0.24563920319662672,-0.65957327513525,-0.9086176464831135
3.28399999999986,0.24431280599863966,-0.666819486186745,-0.8984093784155085
3.2859999999998597,0.24297196854038597,-0.6740134856093876,-0.8881542868998258
3.2879999999998595,0.24161679565761862,-0.6811548612186286,-0.8778530998972361
3.2899999999998593,0.24024739300677717,-0.6882432045156304,-0.8675065476787787
3.291999999999859,0.2388638670575914,-0.6952781107122645,-0.8571153627760707
3.293999999999859,0.23746632508563503,-0.7022591787559856,-0.8466802799318248
3.2959999999998586,0.2360548751648297,-0.7091860113545767,-0.8362020360501823
3.2979999999998584,0.23462962615989982,-0.7160582150007633,-0.8256813701468602
3.299999999999858,0.23319068771877816,-0.7228753999966921,-0.8151190232991175
3.301999999999858,0.23173817026496263,-0.729637180478271,-0.8045157385955447
3.3039999999998577,0.2302721849898246,-0.7363431744393658,-0.7938722610856777
3.3059999999998575,0.22879284384486892,-0.7429930037558511,-0.7831893377294401
3.3079999999998573,0.22730025953394598,-0.7495862942095101,-0.7724677173464192
3.309999999999857,0.22579454550541617,-0.75612267551178,-0.761708150564975
3.311999999999857,0.22427581594426693,-0.7626017813273398,-0.7509113897711909
3.3139999999998566,0.22274418576418295,-0.7690232492975342,-0.7400781890576646
3.3159999999998564,0.2211997705995694,-0.7753867210636317,-0.7292093041721476
3.317999999999856,0.21964268679752919,-0.7816918422899121,-0.7183054924660313
3.319999999999856,0.21807305140979383,-0.7879382626865783,-0.70736751284269
3.3219999999998557,0.21649098218460897,-0.7941256360324894,-0.6963961257056799
3.3239999999998555,0.21489659755857446,-0.80025362019771,-0.6853920929068
3.3259999999998553,0.21329001664843963,-0.8063218771658711,-0.6743561776940173
3.327999999999855,0.21167135924285396,-0.8123300730563401,-0.6632891446592626
3.329999999999855,0.21004074579407356,-0.8182778781461922,-0.6521917596860999
3.3319999999998546,0.20839829740962407,-0.8241649668919826,-0.6410647898972717
3.3339999999998544,0.20674413584392004,-0.8299910179513114,-0.6299090036021291
3.335999999999854,0.2050783834898415,-0.8357557142041793,-0.6187251702439447
3.337999999999854,0.20340116337026803,-0.8414587427741287,-0.6075140603471179
3.3399999999998538,0.2017125991295707,-0.847099795049165,-0.5962764454642757
3.3419999999998535,0.20001281502506246,-0.8526785667024546,-0.585013098123271
3.3439999999998533,0.1983019359184073,-0.8581947577127942,-0.573724791774085
3.345999999999853,0.19658008726698878,-0.8636480723848475,-0.5624123007356394
3.347999999999853,0.19484739511523821,-0.8690382193691438,-0.5510764001425201
3.3499999999998527,0.19310398608592322,-0.8743649116818345,-0.5397178658916191
3.3519999999998524,0.19134998737139697,-0.8796278667242031,-0.5283374745886988
3.353999999999852,0.18958552672480855,-0.8848268063019229,-0.5169360034948833
3.355999999999852,0.18781073245127525,-0.8899614566440592,-0.5055142304730813
3.3579999999998518,0.18602573339901696,-0.8950315484218103,-0.4940729339343466
3.3599999999998515,0.18423065895045343,-0.9000368167669827,-0.4826128927841796
3.3619999999998513,0.18242563901326486,-0.9049770012901965,-0.4711348863687758
3.363999999999851,0.18061080401141627,-0.9098518460988165,-0.459639694421226
3.365999999999851,0.1787862848761463,-0.9146610998146023,-0.4481280970076731
3.3679999999998507,0.17695221303692113,-0.9194045155910757,-0.43660087447343043
3.3699999999998504,0.17510872041235376,-0.9240818511305992,-0.42505880738906776
3.3719999999998502,0.17325593940108958,-0.9286928687011604,-0.41350267649646927
3.37399999999985,0.17139400287265855,-0.9332373351528598,-0.4019332626548676
3.37599999999985,0.1695230441582948,-0.9377150219340946,-0.3903513467868629
3.3779999999998496,0.16764319704172415,-0.9421257051074373,-0.3787577098244267
3.3799999999998493,0.16575459574992005,-0.9464691653652014,-0.36715313265490207
3.381999999999849,0.163857374943829,-0.9507451880446922,-0.3555383960669995
3.383999999999849,0.1619516697090654,-0.9549535631431364,-0.34391428069679886
3.3859999999998487,0.1600376155465773,-0.9590940853322877,-0.3322815669737588
3.3879999999998485,0.1581153483632828,-0.9631665539727028,-0.32064103506674263
3.3899999999998482,0.15618500446267863,-0.967170773127684,-0.3089934648300626
3.391999999999848,0.15424672053542096,-0.9711065515768842,-0.29733963574955125
3.393999999999848,0.15230063364987936,-0.97497370282957,-0.28568032688866274
3.3959999999998476,0.15034688124266476,-0.9787720451375381,-0.2740163168346118
3.3979999999998474,0.14838560110913163,-0.9825014015076822,-0.2623483836445547
3.399999999999847,0.1464169313938556,-0.9861615997142045,-0.250677304791817
3.401999999999847,0.14444101058108696,-0.9897524723104698,-0.2390038571121757
3.4039999999998467,0.14245797748518085,-0.9932738566404964,-0.2273288167501999
3.4059999999998465,0.14046797124100469,-0.9967255948500807,-0.21565295910565607
3.4079999999998463,0.13847113129432384,-1.0001075338975522,-0.203977058779983
3.409999999999846,0.13646759739216624,-1.0034195255641538,-0.1923018895228431
3.411999999999846,0.13445750957316638,-1.0066614264640448,-0.18062822417875435
3.4139999999998456,0.1324410081578899,-1.0098330980539219,-0.1689568346338095
3.4159999999998454,0.1304182337391392,-1.0129344066422559,-0.1572884917624886
3.417999999999845,0.128389327172241,-1.0159652233981398,-0.145623965374568
3.419999999999845,0.12635442956531664,-1.0189254243597445,-0.13396402416213504
3.4219999999998447,0.12431368226953576,-1.0218148904423792,-0.12230943564671093
3.4239999999998445,0.12226722686935435,-1.0246335074461537,-0.11066096612648924
3.4259999999998443,0.12021520517273782,-1.0273811660632381,-0.09901938062369486
3.427999999999844,0.11815775920136999,-1.0300577618847189,-0.08738544283207006
3.429999999999844,0.1160950311808488,-1.0326631954070447,-0.07575991506449054
3.4319999999998436,0.11402716353086943,-1.0351973720380632,-0.0641435582007217
3.4339999999998434,0.1119542988553959,-1.037660202102644,-0.05253713163531559
3.435999999999843,0.10987657993282172,-1.0400516008478835,-0.040941393225657485
3.437999999999843,0.10779414970612065,-1.0423714884478916,-0.02935709924016683
3.4399999999998427,0.10570715127298821,-1.0446197900081566,-0.017785004306657415
3.4419999999998425,0.10361572787597496,-1.0467964355694845,-0.006225861360862783
3.4439999999998423,0.1015200228926123,-1.0489013601115134,0.005319578404867409
3.445999999999842,0.09942017982553168,-1.0509345035557964,0.016850565592695155
3.447999999999842,0.09731634229257805,-1.0528958107684563,0.02836635265023979
3.4499999999998416,0.09520865401691843,-1.0547852315624033,0.039866193921337945
3.4519999999998414,0.09309725881714656,-1.0566027206991202,0.05134934569660954
3.453999999999841,0.0909823005973843,-1.058348237890009,0.06281506626382727
3.455999999999841,0.08886392333738084,-1.0600217477972982,0.07426261595808303
3.4579999999998408,0.08674227108261058,-1.06162322003451,0.08569125721174486
3.4599999999998405,0.08461748793437038,-1.0631526291664843,0.09710025460420207
3.4619999999998403,0.08248971803987734,-1.06460995470896,0.10848887491139025
3.46399999999984,0.08035910558236782,-1.06599518112771,0.11985638715509328
3.46599999999984,0.0782257947711986,-1.0673082978372297,0.1312020626520159
3.4679999999998397,0.07608992983195118,-1.0685492991989791,0.1425251750626218
3.4699999999998394,0.07395165499653994,-1.0697181845191748,0.15382500043973368
3.471999999999839,0.07181111449332529,-1.070814958046133,0.1651008172768877
3.473999999999839,0.0696684525372325,-1.0718396289671626,0.17635190655644006
3.4759999999998388,0.0675238133198772,-1.0727922114050064,0.18757755179741875
3.4779999999998386,0.0653773409996985,-1.0736727244138309,0.19877703910311717
3.4799999999998383,0.06322917969210051,-1.0744811919747643,0.20994965720842296
3.481999999999838,0.06107947345960333,-1.0752176429909819,0.2210946975268796
3.483999999999838,0.0589283663020042,-1.075882111282338,0.2322114541974743
3.4859999999998377,0.05677600214654997,-1.0764746355795463,0.24329922413114802
3.4879999999998375,0.05462252483812155,-1.0769952595179064,0.25435730705702325
3.4899999999998372,0.052468078129431425,-1.0774440316305782,0.26538500556834543
3.491999999999837,0.05031280567123506,-1.077821005341403,0.276381625168132
3.493999999999837,0.048156851002557115,-1.0781262389572739,0.2873464743145262
3.4959999999998366,0.046000357540933345,-1.0783597956600528,0.2982788644658514
3.4979999999998364,0.04384346857266917,-1.0785217434980376,0.3091781101253597
3.499999999999836,0.04168632724311572,-1.078612155376978,0.32004352888567295
3.501999999999836,0.03952907654696426,-1.0786311090506426,0.33087444147291045
3.5039999999998357,0.037371859318560074,-1.0785786871109366,0.3416701717905
3.5059999999998355,0.03521481822223638,-1.0784549769775722,0.35243004696266794
3.5079999999998353,0.033058095742669456,-1.0782600708872927,0.3631533973776042
3.509999999999835,0.030901834175255785,-1.0779940658826508,0.37383955673029906
3.511999999999835,0.02874617561651199,-1.0776570638003435,0.3844878620650465
3.5139999999998346,0.02659126195449862,-1.0772491712591046,0.39509765381761186
3.5159999999998344,0.02443723485926858,-1.0767704996471565,0.4056682758570592
3.517999999999834,0.022284235773341064,-1.076221165109223,0.4161990755272354
3.519999999999834,0.02013240590220193,-1.0756012885331045,0.4266894036879062
3.5219999999998337,0.017981886204831356,-1.0749109955358187,0.4371386147555426
3.5239999999998335,0.015832817384259637,-1.0741504164493076,0.4475460667437526
3.5259999999998333,0.013685339878152,-1.0733196863057142,0.45791112130335565
3.527999999999833,0.011539593849423312,-1.0724189448222288,0.46823314376209707
3.529999999999833,0.0093957191768835,-1.0714483363855114,0.4785115031639978
3.5319999999998326,0.007253855445914562,-1.0704080100356879,0.4887455723083382
3.5339999999998324,0.0051141419391800115,-1.0692981194499265,0.49893472778827114
3.535999999999832,0.0029767176273675713,-1.0681188229255947,0.5090783500290632
3.537999999999832,0.0008417211599659885,-1.0668702833630008,0.5191758233259595
3.5399999999998317,-0.0012907091439232337,-1.0655526682477225,0.5292265358816705
3.5419999999998315,-0.0034204353047383434,-1.0641661496325259,0.5392298798434775
3.5439999999998313,-0.0055473196915732815,-1.0627109041188765,0.5491852513399547
3.545999999999831,-0.007671225031256243,-1.0611871128380477,0.5590920505173046
3.547999999999831,-0.009792014417390048,-1.0595949614318285,0.568949681575305
3.5499999999998306,-0.01190955131935354,-1.057934640032834,0.5787575528028645
3.5519999999998304,-0.014023699591263199,-1.0562063432444229,0.5885150766131847
3.55399999999983,-0.016134323480894216,-1.054410270120224,0.5982216695785274
3.55599999999983,-0.018241287638560214,-1.052546624143278,0.6078767524645831
3.5579999999998297,-0.020344457125950885,-1.050615613204794,0.61747975026444
3.5599999999998295,-0.022443697424926752,-1.0486174495825304,0.6270300922321513
3.5619999999998293,-0.02453887444627033,-1.0465523499187988,0.636527211915899
3.563999999999829,-0.026629854538392894,-1.0444205351980966,0.645970547190751
3.565999999999829,-0.028716504495996192,-1.042222230724375,0.6553595402910128
3.5679999999998286,-0.030798691568688277,-1.0399576660979413,0.6646936378421684
3.5699999999998284,-0.03287628346955282,-1.0376270751920051,0.673972290892412
3.571999999999828,-0.034949148383671164,-1.0352306961288689,0.6831949549437667
3.573999999999828,-0.037017154976596384,-1.0327687712557687,0.6923610899827902
3.5759999999998278,-0.03908017240277869,-1.0302415471203703,0.7014701605108663
3.5779999999998275,-0.04113807031394148,-1.0276492744459227,0.7105216355740787
3.5799999999998273,-0.04319071886740741,-1.0249922081060772,0.7195149887926687
3.581999999999827,-0.04523798873437368,-1.0222706070993723,0.7284496983900757
3.583999999999827,-0.047279751108136016,-1.0194847345233937,0.7373252472215546
3.5859999999998267,-0.04931587771226067,-1.0166348575486102,0.7461411228023769
3.5879999999998264,-0.051346240808703716,-1.0137212473918922,0.7548968173356084
3.589999999999826,-0.05337071320587712,-1.0107441792897185,0.7635918277394647
3.591999999999826,-0.05538916826666089,-1.0077039324710737,0.7722256556742448
3.593999999999826,-0.057401479916360715,-1.0046007901300436,0.7807978075688413
3.5959999999998256,-0.059407522650610514,-1.0014350393981115,0.7893077946468253
3.5979999999998253,-0.06140717154321926,-0.9982069713161634,0.7977551329521083
3.599999999999825,-0.06340030225396154,-0.9949168808062036,0.806139343374178
3.601999999999825,-0.06538679103631127,-0.9915650666427878,0.8144599516729094
3.6039999999998247,-0.06736651474511801,-0.9881518314241797,0.8227164885029503
3.6059999999998245,-0.06933935084422524,-0.9846774815432342,0.8309084894376799
3.6079999999998242,-0.07130517741403024,-0.9811423271580132,0.8390354949927433
3.609999999999824,-0.07326387315898489,-0.9775466821621401,0.8470970506491577
3.611999999999824,-0.0752153174150369,-0.973890864154898,0.8550927068759945
3.6139999999998236,-0.07715939015701104,-0.970175194411075,0.8630220191526334
3.6159999999998234,-0.07909597200592974,-0.9663999978505654,0.8708845479905927
3.617999999999823,-0.08102494423627274,-0.9625656030077289,0.8786798589549314
3.619999999999823,-0.08294618878317513,-0.9586723420005151,0.8864075226852282
3.6219999999998227,-0.0848595882495635,-0.954720550499358,0.8940671149161332
3.6239999999998225,-0.08676502591322954,-0.9507105676958462,0.9016582164974964
3.6259999999998223,-0.08866238573384094,-0.9466427362711733,0.9091804134140709
3.627999999999822,-0.09055155235988874,-0.9425174023643763,0.9166332968047914
3.629999999999822,-0.09243241113557114,-0.9383349155403639,0.9240164629816319
3.6319999999998216,-0.0943048481076131,-0.9340956287577431,0.9313295134480377
3.6339999999998214,-0.09616875003202136,-0.9297998983364488,0.938572054916937
3.635999999999821,-0.09802400438077458,-0.9254480839251807,0.9457436993283312
3.637999999999821,-0.09987049934844813,-0.9210405484686545,0.9528440638664633
3.6399999999998207,-0.10170812385877324,-0.9165776581746715,0.959872770976568
3.6419999999998205,-0.10353676757113005,-0.9120597824810135,0.9668294483812019
3.6439999999998203,-0.10535632088697433,-0.9074872940221668,0.9737137290961569
3.64599999999982,-0.1071666749561975,-0.902860568595882,0.980525251445955
3.64799999999982,-0.10896772168341953,-0.8981799851295746,0.9872636590789285
3.6499999999998196,-0.1107593537342146,-0.8934459256465713,0.993928600981885
3.6519999999998194,-0.11254146454126894,-0.8886587752322083,1.0005197314943586
3.653999999999819,-0.11431394831047093,-0.8838189219997858,1.007036710322449
3.655999999999819,-0.11607670002693278,-0.8789267570563859,1.0134792025522477
3.6579999999998187,-0.11782961546094385,-0.8739826744685564,1.019846878662857
3.6599999999998185,-0.11957259117385513,-0.8689870712278689,1.0261394145389975
3.6619999999998183,-0.12130552452389473,-0.8639403472163542,1.0323564914832102
3.663999999999818,-0.12302831367191415,-0.8588429051718207,1.0384977962276507
3.665999999999818,-0.12474085758706503,-0.8536951506530625,1.044563020945481
3.6679999999998176,-0.1264430560524063,-0.8484974920049597,1.0505518632618565
3.6699999999998174,-0.12813480967044125,-0.843250340323479,1.0564640262645115
3.671999999999817,-0.12981601986858474,-0.8379541094205769,1.0622992185139457
3.673999999999817,-0.13148658890455991,-0.8326092157890128,1.068057154053212
3.6759999999998167,-0.1331464198717246,-0.827216078567076,1.073737552417306
3.6779999999998165,-0.134795416704327,-0.8217751195032311,1.079340138642161
3.6799999999998163,-0.1364334841826906,-0.8162867629206884,1.0848646432732505
3.681999999999816,-0.13806052793832824,-0.8107514356819018,1.0903108023737973
3.683999999999816,-0.1396764544589849,-0.8051695671530019,1.0956783575325921
3.6859999999998156,-0.14128117109360966,-0.7995415891681666,1.1009670558714255
3.6879999999998154,-0.14287458605725584,-0.7938679359939355,1.1061766500521317
3.689999999999815,-0.14445660843591018,-0.7881490442934713,1.1113068982832468
3.691999999999815,-0.1460271481912503,-0.7823853530907758,1.1163575643262866
3.6939999999998148,-0.14758611616533043,-0.7765773037348612,1.1213284175016394
3.6959999999998145,-0.14913342408519573,-0.770725339863884,1.1262192326940828
3.6979999999998143,-0.1506689845674245,-0.7648299073692454,1.1310297903579207
3.699999999999814,-0.15219271112259894,-0.7588914543596619,1.1357598765217451
3.701999999999814,-0.15370451815970368,-0.7529104311252116,1.1404092827928256
3.7039999999998137,-0.1552043209904526,-0.7468872901013597,1.1449778063611242
3.7059999999998134,-0.15669203583354357,-0.7408224858329671,1.1494652500029428
3.7079999999998132,-0.1581675798188413,-0.734716474938288,1.1538714220842015
3.709999999999813,-0.15963087099148804,-0.7285697160729586,1.1581961365633506
3.711999999999813,-0.1610818283159424,-0.7223826698939826,1.1624392129939194
3.7139999999998126,-0.162520371679946,-0.716155799023716,1.1666004765267033
3.7159999999998123,-0.1639464218984183,-0.7098895680138568,1.170679757911588
3.717999999999812,-0.16535990071727902,-0.7035844433094424,1.17467689349902
3.719999999999812,-0.1667607308171991,-0.6972408932128581,1.1785917252411162
3.7219999999998117,-0.1681488358172793,-0.690859387847862,1.1824241006924245
3.7239999999998115,-0.16952414027865692,-0.6844403991236291,1.1861738730103275
3.7259999999998112,-0.1708865697080408,-0.6779844006988167,1.1898409009550992
3.727999999999811,-0.17223605056117436,-0.6714918679456584,1.1934250488896123
3.729999999999811,-0.1735725102462268,-0.6649632779140859,1.196926186778701
3.7319999999998106,-0.17489587712711274,-0.6583991092958855,1.200344190188177
3.7339999999998104,-0.17620608052674003,-0.6517998423888898,1.2036789402835064
3.73599999999981,-0.1775030507301861,-0.64516595906121,1.206930323828145
3.73799999999981,-0.17878671898780285,-0.6384979427155113,1.2100982331815355
3.7399999999998097,-0.18005701751824996,-0.631796278253334,1.21318256629677
3.7419999999998095,-0.18131387951145705,-0.6250614520394632,1.216183226717917
3.7439999999998093,-0.18255723913151467,-0.6182939518663522,1.219100123577017
3.745999999999809,-0.18378703151949397,-0.611494266918599,1.2219331715907495
3.747999999999809,-0.18500319279619556,-0.604662887737482,1.2246822910567694
3.7499999999998086,-0.18620566006482753,-0.5978003061855556,1.2273474078497189
3.7519999999998084,-0.18739437141361254,-0.5909070154113093,1.2299284534169155
3.753999999999808,-0.1885692659183245,-0.5839835098138925,1.2324253647737173
3.755999999999808,-0.18973028364475464,-0.5770302850079077,1.2348380844985687
3.7579999999998077,-0.19087736565110722,-0.5700478377882746,1.2371665607277271
3.7599999999998075,-0.19201045399032515,-0.5630366660951679,1.2394107471496734
3.7619999999998073,-0.19312949171234553,-0.5559972689790293,1.2415706029992097
3.763999999999807,-0.19423442286628517,-0.5489301465656591,1.2436460930512423
3.765999999999807,-0.19532519250255656,-0.541835800021386,1.2456371876142553
3.7679999999998066,-0.1964017466749141,-0.5347147315183204,1.2475438625234758
3.7699999999998064,-0.19746403244243108,-0.5275674441996909,1.2493660991337308
3.771999999999806,-0.19851199787140716,-0.5203944421452672,1.2511038843120008
3.773999999999806,-0.19954559203720718,-0.5131962303368706,1.2527572104296694
3.7759999999998057,-0.2005647650260306,-0.5059733146239749,1.2543260753544712
3.7779999999998055,-0.20156946793661273,-0.498726201689398,1.2558104824421403
3.7799999999998053,-0.20255965288185704,-0.4914553990150873,1.2572104405277627
3.781999999999805,-0.20353527299039928,-0.48416141484799924,1.258525963916829
3.783999999999805,-0.20449628240810352,-0.4768447581660759,1.259757072375996
3.7859999999998046,-0.20544263629949022,-0.4695059386443187,1.2609037911235557
3.7879999999998044,-0.2063742908490964,-0.46214546662096173,1.2619661508196103
3.789999999999804,-0.20729120326276845,-0.45476385306374517,1.2629441875559628
3.791999999999804,-0.20819333176888746,-0.44736160953629106,1.263837942845715
3.7939999999998038,-0.2090806356195275,-0.4399392481645816,1.2646474636125828
3.7959999999998035,-0.20995307509154684,-0.4324972816035417,1.2653728021799282
3.7979999999998033,-0.21081061148761257,-0.4250362230037269,1.266014016259505
3.799999999999803,-0.21165320713715863,-0.41755658597811746,1.2665711689399264
3.801999999999803,-0.2124808253972775,-0.41005888456901946,1.2670443286748518
3.8039999999998027,-0.21329343065354592,-0.4025436332150743,1.2674335692708973
3.8059999999998024,-0.2140909883207846,-0.3950113467183769,1.2677389698752668
3.807999999999802,-0.21487346484375242,-0.3874625402117037,1.2679606149631115
3.809999999999802,-0.21564082769777504,-0.37989772912585096,1.268098594324614
3.8119999999998018,-0.21639304538930842,-0.37231742915708443,1.2681530030518007
3.8139999999998015,-0.21713008745643728,-0.3647221562347004,1.2681239415250842
3.8159999999998013,-0.21785192446930884,-0.357112426488699,1.2680115153995366
3.817999999999801,-0.21855852803050202,-0.3494887562175706,1.2678158355908937
3.819999999999801,-0.21924987077533226,-0.341851661856195,1.2675370182612955
3.8219999999998007,-0.21992592637209235,-0.33420165994385437,1.2671751848047588
3.8239999999998004,-0.2205866695222293,-0.32653926709236025,1.266730461832389
3.8259999999998002,-0.22123207596045763,-0.3188649999542945,1.2662029811573265
3.8279999999998,-0.22186212245480932,-0.3111793751913649,1.2655928797794354
3.8299999999998,-0.22247678680662045,-0.3034829094428753,1.264900299869729
3.8319999999997996,-0.22307604785045496,-0.2957761192943109,1.26412538875454
3.8339999999997993,-0.22365988545396576,-0.2880595212460381,1.2632682988994302
3.835999999999799,-0.22422828051769328,-0.2803336316821196,1.2623291878928478
3.837999999999799,-0.22478121497480172,-0.27259896683924434,1.2613082184295261
3.8399999999997987,-0.22531867179075338,-0.26485604277577274,1.260205558293631
3.8419999999997985,-0.2258406349629212,-0.25710537534089667,1.2590213803416532
3.8439999999997982,-0.22634708952013957,-0.24934748014391442,1.2577558624850544
3.845999999999798,-0.22683802152219404,-0.24158287252362046,1.256409187672655
3.847999999999798,-0.2273134180592497,-0.23381206751780964,1.2549815438727805
3.8499999999997976,-0.22777326725121888,-0.226035579832896,1.2534731240551533
3.8519999999997974,-0.22821755824706805,-0.21825392381364556,1.2518841261725424
3.853999999999797,-0.22864628122406436,-0.21046761341302314,1.250214753142163
3.855999999999797,-0.22905942738696206,-0.20267716216215284,1.2484652128268332
3.8579999999997967,-0.22945698896712877,-0.19488308314039168,1.246635718015887
3.8599999999997965,-0.22983895922161218,-0.1870858889455163,1.2447264864058398
3.8619999999997963,-0.23020533243214725,-0.1792860916640224,1.242737740580819
3.863999999999796,-0.2305561039041039,-0.17148420284153598,1.2406697079927476
3.865999999999796,-0.23089126996537584,-0.1636807334533369,1.2385226209412874
3.8679999999997956,-0.2312108279652106,-0.15587619387499327,1.2362967165535477
3.8699999999997954,-0.23151477627298075,-0.14807109385310718,1.2339922367635496
3.871999999999795,-0.23180311427689676,-0.1402659424761705,1.2316094282914574
3.873999999999795,-0.23207584238266185,-0.1324612481455308,1.229148542622569
3.8759999999997947,-0.23233296201206874,-0.1246575185464667,1.2266098359860746
3.8779999999997945,-0.23257447560153863,-0.11685526061937186,1.223993569333577
3.8799999999997943,-0.23280038660060276,-0.10905498053104766,1.221300008317379
3.881999999999794,-0.23301069947032663,-0.10125718364610346,1.2185294232685375
3.883999999999794,-0.23320541968167705,-0.09346237449846416,1.215682089174685
3.8859999999997936,-0.23338455371383246,-0.08567105676298448,1.2127582856576171
3.8879999999997934,-0.23354810905243648,-0.07788373322716927,1.2097582969506546
3.889999999999793,-0.23369609418779494,-0.0701009057629994,1.2066824118757669
3.891999999999793,-0.23382851861301687,-0.06232307529886259,1.2035309238204743
3.8939999999997927,-0.2339453928220993,-0.05455074179158849,1.2003041307145155
3.8959999999997925,-0.23404672830795628,-0.04678440419858761,1.1970023350062908
3.8979999999997923,-0.23413253756039223,-0.03902456045009341,1.1936258436390752
3.899999999999792,-0.23420283406401998,-0.03127170742150687,1.190174968027008
3.901999999999792,-0.23425763229612354,-0.023526340905843136,1.1866500240308533
3.9039999999997916,-0.23429694772446583,-0.0157889555862795,1.1830513319335392
3.9059999999997914,-0.2343207968050417,-0.008060045008804192,1.1793792164154688
3.907999999999791,-0.23432919697977625,-0.00034010155496541454,1.1756340065296107
3.909999999999791,-0.23432216667416883,0.007370383585279964,1.1718160356763638
3.9119999999997908,-0.23429972529488274,0.015070920440618623,1.1679256415782042
3.9139999999997905,-0.23426189322728105,0.022761020285334464,1.1639631662541046
3.9159999999997903,-0.23420869183290852,0.03044019566616426,1.159928955993738
3.91799999999979,-0.23414014344691989,0.03810796042905585,1.1558233613314606
3.91999999999979,-0.23405627137545487,0.04576382974582938,1.1516467370200714
3.9219999999997897,-0.2339570998929598,0.05340732014074208,1.1473994420043596
3.9239999999997894,-0.23384265423945622,0.061037949516957055,1.143081839394428
3.925999999999789,-0.23371296061775682,0.06865523718291662,1.1386942964388027
3.927999999999789,-0.23356804619062846,0.07625870387862058,1.1342371844973258
3.9299999999997888,-0.233407939077903,0.08384787180180985,1.1297108790138322
3.9319999999997886,-0.23323266835353557,0.09142226463405596,1.12511575948861
3.9339999999997883,-0.23304226404261108,0.09898140756675673,1.1204522094506497
3.935999999999788,-0.23283675711829852,0.10652482732703847,1.1157206164296771
3.937999999999788,-0.23261617949875377,0.11405205220356515,1.1109213719279734
3.9399999999997877,-0.23238056404397078,0.12156261207225484,1.1060548713919862
3.9419999999997875,-0.23212994455258146,0.1290560384219036,1.1011215141837263
3.9439999999997872,-0.2318643557586043,0.1365318643797173,1.0961217035519555
3.945999999999787,-0.23158383332814225,0.14398962473675134,1.0910558466031628
3.947999999999787,-0.23128841385602952,0.15142885597325895,1.0859243542723356
3.9499999999997866,-0.23097813486242805,0.15884909628394764,1.080727641293518
3.9519999999997864,-0.23065303478937335,0.16624988560314446,1.0754661261701666
3.953999999999786,-0.23031315299727023,0.17363076562987007,1.0701402311452943
3.955999999999786,-0.2299585297613384,0.18099127985282154,1.0647503821714162
3.9579999999997857,-0.22958920626800822,0.18833097357526418,1.0592970088802813
3.9599999999997855,-0.2292052246112668,0.19564939393983236,1.053780544552409
3.9619999999997852,-0.22880662778895453,0.2029460899532393,1.0482014260864179
3.963999999999785,-0.22839345969901226,0.2102206125108957,1.042560093968153
3.965999999999785,-0.22796576513567943,0.21747251442143745,1.0368569922396134
3.9679999999997846,-0.22752358978564316,0.22470135043116196,1.0310925684676784
3.9699999999997844,-0.2270669802241386,0.23190667724837324,1.025267273712635
3.971999999999784,-0.22659598391100058,0.23908805356763532,1.0193815624965064
3.973999999999784,-0.22611064918666707,0.2462450400939341,1.0134358927711853
3.9759999999997837,-0.22561102526813412,0.2533771995667471,1.0074307258863684
3.9779999999997835,-0.22509716224486298,0.26048409678402096,1.001366526557297
3.9799999999997833,-0.22456911107463928,0.26756529862605644,0.9952437628323044
3.981999999999783,-0.22402692357938445,0.27462037407930023,0.9890629060601682
3.983999999999783,-0.22347065244091982,0.2816488942600437,0.9828244308572721
3.9859999999997826,-0.22290035119668328,0.2886504324380276,0.9765288150745773
3.9879999999997824,-0.22231607423539884,0.2956245640599527,0.9701765397644027
3.989999999999782,-0.22171787679269936,0.3025708667728953,0.963768089147018
3.991999999999782,-0.22110581494670242,0.3094889204476277,0.9573039505770492
3.9939999999997817,-0.22047994561353976,0.31637830720184257,0.9507846145096982
3.9959999999997815,-0.2198403265428402,0.32323861142328064,0.9442105744667775
3.9979999999997813,-0.21918701631316664,0.3300694197927611,0.9375823270025606
3.999999999999781,-0.21852007432740692,0.33687032130711414,0.9309003716694527
4.001999999999781,-0.21783956080811892,0.34364090730201435,0.9241652109834775
4.003999999999781,-0.2171455367928302,0.3503807714747148,0.9173773503895873
4.005999999999781,-0.21643806412929212,0.35708950990668054,0.9105372982267936
4.007999999999781,-0.215717205470689,0.3637667210861206,0.9036455656931204
4.00999999999978,-0.21498302427080213,0.3704120059304182,0.8967026668103848
4.01199999999978,-0.21423558477912905,0.3770249678084566,0.8897091183888016
4.01399999999978,-0.21347495203595843,0.3836052125628422,0.8826654399914169
4.01599999999978,-0.2127011918674004,0.3901523485320206,0.875572153898371
4.0179999999997795,-0.211914370880373,0.3966659865722874,0.8684297850709917
4.019999999999779,-0.21111455645754432,0.40314574007969106,0.8612388611157211
4.021999999999779,-0.21030181675223153,0.4095912250118265,0.8539999122478761
4.023999999999779,-0.20947622068325583,0.4160020599095193,0.8467134712552443
4.025999999999779,-0.20863783792975452,0.42237786591839815,0.8393800734615195
4.027999999999778,-0.20778673892594995,0.428718266810355,0.8320002566895736
4.029999999999778,-0.2069229948558756,0.4350228890048909,0.8245745612245723
4.031999999999778,-0.20604667764805962,0.44129136159034665,0.8171035297769326
4.033999999999778,-0.20515785997016608,0.4475233163450169,0.8095877074451248
4.0359999999997775,-0.20425661522359406,0.4537183877581455,0.802027641678322
4.037999999999777,-0.2033430175380348,0.45987621305080134,0.7944238822388976
4.039999999999777,-0.20241714176598735,0.465996432196633,0.7867769811647733
4.041999999999777,-0.20147906347723277,0.47207868794250024,0.7790874927316204
4.043999999999777,-0.2005288589532672,0.478122625828981,0.7713559734149137
4.045999999999776,-0.199566605181694,0.4841278942107524,0.7635829818518454
4.047999999999776,-0.19859237985057535,0.49009414427684367,0.7557690788030937
4.049999999999776,-0.19760626134274334,0.4960210300707595,0.7479148271144549
4.051999999999776,-0.19660832873007109,0.501908208510472,0.740020791678337
4.053999999999776,-0.19559866176770394,0.5077553394082797,0.7320875393951194
4.055999999999775,-0.19457734088825104,0.5135620854905306,0.7241156391343798
4.057999999999775,-0.1935444471959377,0.5193281124172101,0.71610566169599
4.059999999999775,-0.19250006246071855,0.5250530888013882,0.7080581797710834
4.061999999999775,-0.1914442691123522,0.5307366862285271,0.6999737679028986
4.0639999999997745,-0.19037715023443724,0.5363785792756458,0.6918530024474976
4.065999999999774,-0.18929878955841,0.54197844553034,0.6836964615343633
4.067999999999774,-0.18820927145750466,0.5475359656096552,0.67550472502688
4.069999999999774,-0.1871086809406755,0.5530508231788114,0.6672783744826957
4.071999999999774,-0.1859971036464821,0.5585227049697761,0.6590179931139718
4.073999999999773,-0.18487462583693723,0.5639513007996855,0.6507241657475223
4.075999999999773,-0.18374133439131843,0.5693363035891095,0.6423974787848434
4.077999999999773,-0.18259731679994287,0.5746774093801599,0.6340385201620374
4.079999999999773,-0.18144266115790644,0.5799743173544395,0.6256478793096344
4.0819999999997725,-0.18027745615878685,0.5852267298508288,0.6172261471123124
4.083999999999772,-0.1791017910883115,0.5904343523831094,0.6087739158685199
4.085999999999772,-0.17791575581799024,0.5955968936574207,0.6002917792500029
4.087999999999772,-0.17671944079871327,0.6007140655895492,0.5917803322612408
4.089999999999772,-0.1755129370543148,0.6057855833220455,0.5832401711987918
4.091999999999771,-0.17429633617510257,0.61081116524117,0.5746718936105513
4.093999999999771,-0.1730697303113535,0.6157905329936618,0.5660760982549278
4.095999999999771,-0.17183321216677633,0.6207234115033312,0.5574533850599366
4.097999999999771,-0.17058687499194092,0.625609528987471,0.5488043550822159
4.0999999999997705,-0.16933081257767507,0.6304486169730861,0.5401296104659691
4.10199999999977,-0.1680651192484291,0.6352404103129379,0.5314297544018324
4.10399999999977,-0.16678988985560836,0.6399846472014019,0.5227053910856765
4.10599999999977,-0.16550521977087437,0.6446810691901356,0.5139571256773409
4.10799999999977,-0.16421120487941482,0.6493294212035539,0.5051855642593042
4.109999999999769,-0.16290794157318267,0.6539294515541106,0.4963913137952972
4.111999999999769,-0.161595526744105,0.6584809119573832,0.487574982088858
4.113999999999769,-0.16027405777726186,0.6629835575469575,0.4787371777418333
4.115999999999769,-0.15894363254403562,0.667437146889111,0.4698785101128306
4.1179999999997685,-0.157604349395231,0.6718414419972929,0.4609995892756226
4.119999999999768,-0.15625630715416644,0.6761962083463954,0.45210102597750856
4.121999999999768,-0.15489960510973722,0.6805012148868184,0.44318343159763457
4.123999999999768,-0.15353434300945043,0.6847562340583205,0.4342474181052769
4.125999999999768,-0.15216062105243278,0.6889610418036579,0.4252935980180919
4.127999999999767,-0.15077853988241102,0.693115417582005,0.4163225843603349
4.129999999999767,-0.14938820058066593,0.6972191443821577,0.40733499062105266
4.131999999999767,-0.14798970465896005,0.7012720087355148,0.3983314307122508
4.133999999999767,-0.1465831540524398,0.7052738007288354,0.3893125189270428
4.1359999999997665,-0.14516865111251204,0.709224314016771,0.3802788698977813
4.137999999999766,-0.14374629859969607,0.713123345834168,0.37123109855417474
4.139999999999766,-0.14231619967645115,0.7169706970081404,0.36216982008139625
4.141999999999766,-0.14087845789998008,0.7207661719699081,0.35309564987818554
4.143999999999766,-0.13943317721500936,0.7245095787664003,0.34400920351494635
4.145999999999765,-0.13798046194654637,0.7282007290716209,0.33491109669184665
4.147999999999765,-0.1365204167926141,0.7318394381977728,0.32580194519692135
4.149999999999765,-0.1350531468169638,0.7354255251061399,0.31668236486418405
4.151999999999765,-0.13357875744176625,0.7389588124177247,0.307552971531749
4.1539999999997645,-0.13209735444028184,0.7424391264236373,0.298414380999969
4.155999999999764,-0.13060904392951017,0.7458662970952362,0.2892672089895905
4.157999999999764,-0.1291139323628197,0.7492401580940163,0.2801120710999328
4.159999999999764,-0.1276121265225578,0.7525605467812435,0.2709495827670903
4.161999999999764,-0.12610373351264176,0.7558273042273324,0.26178035922216725
4.1639999999997634,-0.1245888607511314,0.7590402752209664,0.25260501544954267
4.165999999999763,-0.12306761596278364,0.762199308277957,0.24342416614517381
4.167999999999763,-0.12154010717158957,0.7653042556498401,0.2342384256749397
4.169999999999763,-0.12000644269329473,0.7683549733322078,0.22504840803302778
4.171999999999763,-0.11846673112790282,0.7713513210727738,0.2158547268003697
4.173999999999762,-0.11692108135216367,0.7742931623791692,0.2066579951031272
4.175999999999762,-0.11536960251204587,0.7771803645264682,0.1974588255712338
4.177999999999762,-0.11381240401519456,0.7800127985644406,0.18825783029699522
4.179999999999762,-0.11224959552337509,0.7827903393245299,0.17905562079375253
4.1819999999997615,-0.11068128694490287,0.7855128654265546,0.16985280795461044
4.183999999999761,-0.10910758842706021,0.7881802592851315,0.16065000201123703
4.185999999999761,-0.10752861034850056,0.7907924071158178,0.1514478124927353
4.187999999999761,-0.10594446331164072,0.7933491989409726,0.14224684818459393
4.189999999999761,-0.10435525813504161,0.7958505285953335,0.1330477170877173
4.19199999999976,-0.10276110584577824,0.7982962937313083,0.1238510263775413
4.19399999999976,-0.10116211767179932,0.8006863958239797,0.11465738236323708
4.19599999999976,-0.0995584050342771,0.8030207401758211,0.10546739044700676
4.19799999999976,-0.09795007953994819,0.8052992359211221,0.09628165508347492
4.1999999999997595,-0.09633725297344581,0.8075217960301224,0.0871007797391799
4.201999999999759,-0.09472003728962389,0.809688337312853,0.07792536685216783
4.203999999999759,-0.093098544605874,0.8117987804226815,0.06875601779169294
4.205999999999759,-0.09147288719443537,0.8138530498595629,0.0595933328180292
4.207999999999759,-0.08984317747469876,0.8158510739729918,0.05043791104239542
4.209999999999758,-0.08820952800550463,0.817792784964657,0.04129035038699791
4.211999999999758,-0.08657205147743642,0.8196781188907953,0.03215124754519466
4.213999999999758,-0.08493086070510932,0.8215070156642454,0.02302119794178442
4.215999999999758,-0.08328606861945531,0.8232794190561988,0.01390079569342384
4.2179999999997575,-0.08163778826000499,0.8249952766976479,0.0047906335691771385
4.219999999999757,-0.07998613276716676,0.82665454008053,-0.004308697048798993
4.221999999999757,-0.07833121537450409,0.8282571645585656,-0.013396606204431172
4.223999999999757,-0.07667314940101133,0.8298031093477917,-0.022472505406762322
4.225999999999757,-0.0750120482433889,0.831292337526787,-0.03153580766883918
4.227999999999756,-0.07334802536831819,0.8327248160365904,-0.04058592754644896
4.229999999999756,-0.07168119430473702,0.8341005156803104,-0.04962228117670425
4.231999999999756,-0.07001166863611614,0.8354194111224256,-0.05864428631647012
4.233999999999756,-0.06833956199273751,0.8366814808877755,-0.06765136238063207
4.2359999999997555,-0.0666649880439748,0.8378867073602413,-0.07664293048020021
4.237999999999755,-0.06498806049057697,0.8390350767811154,-0.08561841346024662
4.239999999999755,-0.06330889305695529,0.84012657924716,-0.09457723593767287
4.241999999999755,-0.061627599483474654,0.841161208708354,-0.10351882433880355
4.243999999999755,-0.05994429351874966,0.8421389629653276,-0.11244260693680375
4.245999999999754,-0.058259088911946144,0.8430598436664859,-0.12134801388891553
4.247999999999754,-0.05657209940508881,0.8439238563048183,-0.13023447727351223
4.249999999999754,-0.0548834387253755,0.8447310102143966,-0.1391014311269651
4.251999999999754,-0.05319322057749882,0.8454813185665603,-0.14794831148032078
4.2539999999997535,-0.05150155863597567,0.8461747983657891,-0.15677455639578602
4.255999999999753,-0.049808566537485416,0.8468114704452627,-0.1655796060030162
4.257999999999753,-0.048114357873217155,0.8473913594621081,-0.17436290253520428
4.259999999999753,-0.04641904618122688,0.8479144938923346,-0.18312389036496826
4.261999999999753,-0.044722744938805035,0.848380906025457,-0.19186201604003292
4.263999999999752,-0.04302556755485518,0.8487906319588064,-0.20057672831870332
4.265999999999752,-0.0413276273622843,0.8491437115915301,-0.2092674782051273
4.267999999999752,-0.03962903761040544,0.8494401886182797,-0.21793371898434358
4.269999999999752,-0.03792991145735331,0.8496801105225898,-0.22657490625711268
4.2719999999997516,-0.0362303619625134,0.8498635285699454,-0.23519049797452837
4.273999999999751,-0.03453050207896527,0.8499904978005403,-0.24377995447240572
4.275999999999751,-0.03283044464594066,0.8500610770217272,-0.25234273850544375
4.277999999999751,-0.031130302381297,0.8500753288001592,-0.2608783152811603
4.279999999999751,-0.029430187874006912,0.8500333194536241,-0.26938615249359465
4.2819999999997505,-0.0277302135766644,0.8499351190425725,-0.2778657203567775
4.28399999999975,-0.026030491798008256,0.8497808013613397,-0.28631649163796424
4.28599999999975,-0.024331134695463337,0.8495704439290643,-0.2947379416906286
4.28799999999975,-0.0226322542677003,0.8493041279803021,-0.3031295484872155
4.28999999999975,-0.02093396234721443,0.8489819384553379,-0.31149079265164953
4.291999999999749,-0.019236370592924126,0.8486039639901963,-0.3198211574915968
4.293999999999749,-0.017539590482789677,0.8481702969063523,-0.32812012903047755
4.295999999999749,-0.015843733306452914,0.8476810332001425,-0.33638719603922773
4.297999999999749,-0.014148910157898334,0.8471362725318802,-0.3446218500678067
4.2999999999997485,-0.012455231928136298,0.8465361182146723,-0.35282358547644843
4.301999999999748,-0.010762809297908873,0.845880677202944,-0.36099189946665466
4.303999999999748,-0.00907175273041894,0.8451700600806682,-0.36912629211192766
4.305999999999748,-0.007382172464083116,0.8444043810493044,-0.3772262663882394
4.307999999999748,-0.005694178505309104,0.8435837579154474,-0.3852913282042366
4.309999999999747,-0.004007880621298019,0.8427083120781875,-0.3933209864311782
4.311999999999747,-0.0023233883328722935,0.8417781685161847,-0.40131475293260366
4.313999999999747,-0.0006408109073297108,0.8407934557744567,-0.4092721425937309
4.315999999999747,0.0010397426486758506,0.8397543059508857,-0.4171926733505798
4.3179999999997465,0.002718163596226404,0.8386608546824423,-0.4250758662188221
4.319999999999746,0.004394343471204015,0.8375132411311318,-0.4329212453223532
4.321999999999746,0.006068174091326569,0.8363116079696618,-0.44072833792158594
4.323999999999746,0.0077395475631546065,0.835056101366836,-0.44849667444146374
4.325999999999746,0.009408356289068668,0.8337468709726739,-0.456225788499191
4.327999999999745,0.01107449297421661,0.8323840699032602,-0.46391521693168025
4.329999999999745,0.012737850633430347,0.830967854725325,-0.47156449982271315
4.331999999999745,0.014398322598111489,0.8294983854405575,-0.4791731805298142
4.333999999999745,0.016055802523085343,0.8279758254696559,-0.4867408057108362
4.3359999999997445,0.017710184393422757,0.8264003416361145,-0.4942669253502546
4.337999999999744,0.019361362531229262,0.8247721041497524,-0.501751092785171
4.339999999999744,0.021009231602401028,0.8230912865899839,-0.5091928647310225
4.341999999999744,0.022653686623347113,0.8213580658888348,-0.5165918013069971
4.343999999999744,0.024294622967677464,0.8195726223137062,-0.5239474660611529
4.345999999999743,0.025931936372856224,0.8177351394498893,-0.5312594259952405
4.347999999999743,0.027565522946819812,0.8158458041828318,-0.5385272515892258
4.349999999999743,0.029195279174559278,0.8139048066801612,-0.545750516825515
4.351999999999743,0.03082110192466649,0.8119123403734653,-0.552928799212877
4.3539999999997425,0.03244288845584361,0.8098686019398338,-0.560061679810065
4.355999999999742,0.034060536423375434,0.807773791283164,-0.5671487432491349
4.357999999999742,0.035673943885564136,0.8056281115152316,-0.5741895777584591
4.359999999999742,0.03728300931012585,0.8034317689365325,-0.5811837751854365
4.361999999999742,0.038887631580548775,0.8011849730168942,-0.5881309310188955
4.363999999999741,0.04048771000241227,0.7988879363758642,-0.595030644411191
4.365999999999741,0.042083144309666455,0.7965408747628747,-0.6018825181999934
4.367999999999741,0.04367383467087197,0.7941440070371886,-0.6086861589297696
4.369999999999741,0.0452596816953994,0.7916975551476283,-0.6154411768729542
4.3719999999997405,0.04684058643958792,0.7892017441120922,-0.6221471860508112
4.37399999999974,0.04841645041286278,0.7866568019968595,-0.6288038042539856
4.37599999999974,0.04998717558381121,0.7840629598956884,-0.6354106530627437
4.37799999999974,0.05155266438621628,0.7814204519087093,-0.6419673578669003
4.37999999999974,0.05311281972504836,0.7787295151211171,-0.6484735478854361
4.381999999999739,0.05466754498241378,0.7759903895816648,-0.6549288561858003
4.383999999999739,0.05621674402346026,0.7732033182809626,-0.6613329197029013
4.385999999999739,0.057760321202238764,0.770368547129584,-0.6676853792577826
4.387999999999739,0.05929818136752135,0.7674863249359843,-0.6739858795759859
4.3899999999997386,0.06083022986857471,0.7645569033842321,-0.6802340693055989
4.391999999999738,0.06235637256088896,0.7615805370115587,-0.6864296010349896
4.393999999999738,0.06387651581186136,0.7585574831857288,-0.6925721313102242
4.395999999999738,0.06539056650643459,0.7554880020822342,-0.6986613206521712
4.397999999999738,0.06689843205268924,0.7523723566613149,-0.70469683357329
4.3999999999997375,0.06840002038739021,0.7492108126448105,-0.7106783385941036
4.401999999999737,0.0698952399814866,0.7460036384928451,-0.7166055082593563
4.403999999999737,0.0713839998455648,0.7427511053803492,-0.7224780191538556
4.405999999999737,0.07286620953525452,0.7394534871734207,-0.7282955519179986
4.407999999999737,0.07434177915658731,0.7361110604055311,-0.734057791262983
4.409999999999736,0.07581061937130741,0.7327241042535758,-0.7397644259857021
4.411999999999736,0.07727264140213451,0.7292929005137764,-0.745415148983325
4.413999999999736,0.07872775703797816,0.7258177335774344,-0.7510096572675607
4.415999999999736,0.08017587863910358,0.7222988904065427,-0.7565476519786081
4.4179999999997355,0.08161691914224854,0.7187366605092556,-0.7620288383987892
4.419999999999735,0.08305079206569098,0.7151313359152222,-0.7674529259658704
4.421999999999735,0.08447741151426727,0.7114832111507862,-0.772819628286066
4.423999999999735,0.08589669218434065,0.7077925832140545,-0.7781286631467295
4.425999999999735,0.08730854936871976,0.704059751549839,-0.7833797525287305
4.427999999999734,0.08871289896152683,0.7002850180244744,-0.7885726226185183
4.429999999999734,0.09010965746301544,0.6964686869005147,-0.7937070038198714
4.431999999999734,0.09149874198433762,0.6926110648113126,-0.7987826307653345
4.433999999999734,0.09288007025225985,0.6887124607354849,-0.8037992423273443
4.4359999999997335,0.09425356061382797,0.6847731859712658,-0.8087565816290416
4.437999999999733,0.09561913204098074,0.6807935541107534,-0.8136543960547727
4.439999999999733,0.09697670413511163,0.676773881014051,-0.8184924372602804
4.441999999999733,0.09832619713157892,0.6727144847833071,-0.8232704611825836
4.443999999999733,0.09966753190416376,0.6686156857366571,-0.8279882280495481
4.445999999999732,0.10100062996947601,0.6644778063820698,-0.8326455023891474
4.447999999999732,0.10232541349130764,0.6603011713911022,-0.8372420530384149
4.449999999999732,0.10364180528493358,0.6560861075725655,-0.8417776531520893
4.451999999999732,0.10494972882135986,0.6518329438461049,-0.8462520802109507
4.4539999999997315,0.10624910823151876,0.6475420112156977,-0.8506651160298517
4.455999999999731,0.10753986831041089,0.6432136427430708,-0.8550165467654427
4.457999999999731,0.10882193452119406,0.6388481735210431,-0.8593061629235899
4.459999999999731,0.11009523299921874,0.6344459406467932,-0.8635337593664918
4.461999999999731,0.11135969055600999,0.6300072831950577,-0.8676991353194903
4.46399999999973,0.11261523468319569,0.6255325421912619,-0.8718020943775788
4.46599999999973,0.11386179355638103,0.6210220605845856,-0.8758424445116094
4.46799999999973,0.115099296038969,0.6164761832209688,-0.8798199980741979
4.46999999999973,0.11632767168592686,0.6118952568160568,-0.8837345718053293
4.4719999999997295,0.11754685074749849,0.6072796299280927,-0.8875859868376628
4.473999999999729,0.11875676417286238,0.602629652930754,-0.8913740687015388
4.475999999999729,0.11995734361373532,0.5979456779859419,-0.8950986473296889
4.477999999999729,0.1211485214279216,0.5932280590165224,-0.8987595570616476
4.479999999999729,0.12233023068280763,0.5884771516790238,-0.9023566366478691
4.481999999999728,0.12350240515880194,0.583693313336292,-0.9058897292535499
4.483999999999728,0.1246649793527204,0.5788769030301082,-0.9093586824621557
4.485999999999728,0.12581788848111672,0.5740282814537698,-0.9127633482786561
4.487999999999728,0.12696106848355804,0.569147810924639,-0.9161035831324685
4.4899999999997275,0.1280944560258455,0.5642358553566597,-0.9193792478801097
4.491999999999727,0.12921798850317998,0.5592927802328473,-0.9225902078075572
4.493999999999727,0.13033160404327274,0.5543189525777534,-0.9257363326323236
4.495999999999727,0.13143524150940078,0.5493147409299065,-0.9288174965052404
4.497999999999727,0.1325288405034074,0.5442805153142338,-0.9318335780119571
4.499999999999726,0.13361234136864733,0.5392166472144648,-0.934784460174154
4.501999999999726,0.13468568519287663,0.5341235095455193,-0.937670030450469
4.503999999999726,0.1357488138110876,0.5290014766258833,-0.9404901807371429
4.505999999999726,0.13680166980828826,0.5238509241499737,-0.9432448073683797
4.507999999999726,0.1378441965222264,0.518672229160496,-0.9459338111164282
4.509999999999725,0.13887633804605873,0.5134657700207953,-0.9485570971913799
4.511999999999725,0.1398980392309644,0.5082319263872045,-0.9511145752406913
4.513999999999725,0.14090924568870328,0.5029710791813914,-0.9536061593484242
4.515999999999725,0.1419099037941191,0.49768361056270677,-0.9560317680342121
4.5179999999997245,0.14289996068758712,0.49236990390053564,-0.958391324251949
4.519999999999724,0.14387936427740644,0.4870303437466545,-0.9606847553882034
4.521999999999724,0.14484806324213728,0.48166531580759575,-0.9629119932603595
4.523999999999724,0.14580600703288288,0.4762752069170222,-0.9650729741144843
4.525999999999724,0.14675314587551602,0.470860405008113,-0.9671676386229254
4.527999999999723,0.1476894307728506,0.46542129908596375,-0.9691959318816366
4.529999999999723,0.14861481350675773,0.45995827920000215,-0.9711578034072348
4.531999999999723,0.14952924664022696,0.4544717364164217,-0.9730532071337897
4.533999999999723,0.15043268351937222,0.44896206279063466,-0.9748821014093456
4.5359999999997225,0.1513250782753827,0.4434296513397471,-0.9766444489921784
4.537999999999722,0.1522063858264187,0.43787489601505686,-0.978340217046787
4.539999999999722,0.15307656187945273,0.4322981916745771,-0.979969377139622
4.541999999999722,0.1539355629320552,0.42669993405558665,-0.9815319052345522
4.543999999999722,0.15478334627412577,0.4210805197472091,-0.9830277816880694
4.545999999999721,0.15561986998956948,0.41544034616302256,-0.9844569912442334
4.547999999999721,0.15644509295791845,0.4097798115137012,-0.9858195230293586
4.549999999999721,0.15725897485589857,0.40409931477969074,-0.9871153705464428
4.551999999999721,0.15806147615894195,0.3983992556839193,-0.9883445316693382
4.5539999999997205,0.15885255814264443,0.39268003466454504,-0.9895070086366694
4.55599999999972,0.15963218288416894,0.38694205284774225,-0.9906028080454947
4.55799999999972,0.16040031326359436,0.3811857120205276,-0.9916319408447158
4.55999999999972,0.16115691296520998,0.37541141460362737,-0.9925944223282356
4.56199999999972,0.16190194647875594,0.36961956362438797,-0.9934902721278636
4.563999999999719,0.16263537910060932,0.3638105626897302,-0.9943195142059736
4.565999999999719,0.16335717693491636,0.35798481595914955,-0.9950821768479117
4.567999999999719,0.16406730689467058,0.3521427281177629,-0.9957782926541565
4.569999999999719,0.1647657367027372,0.34628470434940395,-0.9964078985322343
4.5719999999997185,0.1654524348928236,0.34041115030976754,-0.996971035688388
4.573999999999718,0.16612737081039636,0.3345224720996051,-0.9974677496190018
4.575999999999718,0.16679051461354452,0.3286190762379719,-0.9978980901017843
4.577999999999718,0.16744183727378953,0.32270136963552687,-0.9982621111867086
4.579999999999718,0.16808131057684178,0.31676975956788744,-0.9985598711867112
4.581999999999717,0.16870890712330391,0.31082465364903883,-0.9987914326681526
4.583999999999717,0.1693246003293211,0.3048664598048001,-0.998956862441039
4.585999999999717,0.1699283644271781,0.2988955862463476,-0.9990562315490055
4.587999999999717,0.17052017446584367,0.2929124414437967,-0.9990896152590643
4.5899999999997165,0.171100006311462,0.286917434099843,-0.9990570930511167
4.591999999999716,0.1716678366477916,0.2809109731234638,-0.9989587486072316
4.593999999999716,0.1722236429765916,0.27489346760368094,-0.9987946698006899
4.595999999999716,0.17276740361795573,0.26886532678338565,-0.9985649486847984
4.597999999999716,0.17329909771059382,0.26282696003322664,-0.9982696814814714
4.599999999999715,0.17381870521206136,0.256778776825562,-0.9979089685695824
4.601999999999715,0.17432620689893688,0.25072118670847576,-0.9974829144730878
4.603999999999715,0.17482158436694753,0.2446545992798601,-0.9969916278489223
4.605999999999715,0.17530482003104275,0.23857942416156366,-0.9964352214746677
4.6079999999997145,0.17577589712541647,0.232496070973607,-0.9958138122359956
4.609999999999714,0.17623479970347772,0.2264049493084658,-0.9951275211138858
4.611999999999714,0.17668151263776985,0.22030646870542253,-0.9943764731716215
4.613999999999714,0.1771160216198386,0.21420103862498716,-0.9935607975415606
4.615999999999714,0.177538313160049,0.20808906842338773,-0.9926806274116866
4.6179999999997134,0.17794837458735138,0.20197096732713135,-0.9917361000119389
4.619999999999713,0.17834619404899657,0.19584714440763615,-0.9907273566003225
4.621999999999713,0.1787317605102004,0.18971800855593496,-0.9896545424488009
4.623999999999713,0.1791050637537577,0.18358396845745106,-0.9885178068289694
4.625999999999713,0.17946609437960595,0.1774454325668469,-0.987317302997514
4.627999999999712,0.1798148438043386,0.1713028090829458,-0.9860531881814532
4.629999999999712,0.18015130426066847,0.16515650592372774,-0.9847256235631658
4.631999999999712,0.18047546879684107,0.15900693070139943,-0.9833347742652062
4.633999999999712,0.18078733127599822,0.15285449069753893,-0.9818808093349051
4.6359999999997115,0.18108688637549203,0.14669959283831582,-0.9803639017287605
4.637999999999711,0.18137412958614926,0.14054264366978705,-0.978784228296618
4.639999999999711,0.18164905721148664,0.13438404933326875,-0.9771419697656398
4.641999999999711,0.18191166636687667,0.12822421554078495,-0.9754373107240675
4.643999999999711,0.1821619549786646,0.12206354755059298,-0.9736704396047758
4.64599999999971,0.1823999217832366,0.1159024501427866,-0.9718415486686195
4.64799999999971,0.18262556632603894,0.10974132759497669,-0.9699508339875763
4.64999999999971,0.18283888896054887,0.1035805836580502,-0.9679984954276831
4.65199999999971,0.183039890847197,0.0974206215320077,-0.9659847366317694
4.6539999999997095,0.18322857395224143,0.09126184384187978,-0.9639097650019888
4.655999999999709,0.1834049410465938,0.08510465261372274,-0.961773791682147
4.657999999999709,0.1835689957045974,0.07894944925069385,-0.9595770315398303
4.659999999999709,0.1837207423027575,0.07279663450920655,-0.9573197031483339
4.661999999999709,0.18386018601842422,0.06664660847516601,-0.9550020287683908
4.663999999999708,0.1839873328284276,0.060499770540285124,-0.9526242343297041
4.665999999999708,0.18410218950766583,0.05435651937848149,-0.9501865494122806
4.667999999999708,0.18420476362764596,0.04821725292235561,-0.9476892072275698
4.669999999999708,0.18429506355497796,0.04208236833975058,-0.9451324445994076
4.6719999999997075,0.18437309844982175,0.03595226201039359,-0.9425165019447651
4.673999999999707,0.18443887826428768,0.02982732950261956,-0.9398416232543055
4.675999999999707,0.1844924137407906,0.023707965550177207,-0.937108056072748
4.677999999999707,0.18453371641035757,0.01759456402911776,-0.9343160514790416
4.679999999999707,0.18456279859088937,0.01148751793476675,-0.9314658640663467
4.681999999999706,0.18457967338537618,0.005387219358779036,-0.9285577519218301
4.683999999999706,0.1845843546800673,-0.0007059405337225483,-0.9255919766062704
4.685999999999706,0.1845768571425953,-0.006791571526924687,-0.9225688031334751
4.687999999999706,0.18455719622005481,-0.012869284377016888,-0.9194884999495142
4.6899999999997055,0.18452538813703578,-0.018938690834800327,-0.9163513389117657
4.691999999999705,0.18448144989361176,-0.02499940366821192,-0.9131575952677787
4.693999999999705,0.18442539926328322,-0.03105103668476333,-0.9099075476339529
4.695999999999705,0.184357254790876,-0.0370932047538946,-0.9066014779740343
4.697999999999705,0.18427703579039523,-0.04312552382924207,-0.9032396715774328
4.699999999999704,0.18418476234283468,-0.049147610970820384,-0.8998224170373551
4.701999999999704,0.18408045529394196,-0.05515908436711807,-0.8963500062287632
4.703999999999704,0.1839641362519395,-0.06115956335710656,-0.8928227342861507
4.705999999999704,0.18383582758520176,-0.06714866845216222,-0.8892408995811443
4.7079999999997035,0.18369555241988847,-0.07312602135790106,-0.8856048036999277
4.709999999999703,0.18354333463753447,-0.07909124499592578,-0.8819147514204918
4.711999999999703,0.18337919887259602,-0.08504396352548488,-0.8781710506897095
4.713999999999703,0.18320317050995394,-0.09098380236504332,-0.8743740126002376
4.715999999999703,0.18301527568237377,-0.0969103882137645,-0.870523951367248
4.717999999999702,0.18281554126792288,-0.10282334907290314,-0.8666211843049866
4.719999999999702,0.182603994887345,-0.10872231426710856,-0.8626660318031628
4.721999999999702,0.18238066490139224,-0.11460691446563824,-0.8586588173031707
4.723999999999702,0.1821455804081147,-0.12047678170348092,-0.854599867274142
4.7259999999997016,0.1818987712401081,-0.12633154940238903,-0.8504895111888331
4.727999999999701,0.18164026796171906,-0.13217085239182,-0.8463280814993459
4.729999999999701,0.18137010186620908,-0.13799432692978592,-0.8421159136126853
4.731999999999701,0.18108830497287653,-0.1438016107236112,-0.8378533458661525
4.733999999999701,0.18079491002413742,-0.14959234295059765,-0.833540719502577
4.7359999999997004,0.18048995048256483,-0.1553661642785967,-0.8291783786453882
4.7379999999997,0.18017346052788732,-0.16112271688648794,-0.8247666702735258
4.7399999999997,0.17984547505394655,-0.16686164448456384,-0.8203059441961926
4.7419999999997,0.17950602966561405,-0.17258259233481987,-0.8157965530274508
4.7439999999997,0.1791551606756677,-0.17828520727114963,-0.8112388521606603
4.745999999999699,0.17879290510162782,-0.18396913771944431,-0.8066331997427637
4.747999999999699,0.17841930066255315,-0.18963403371759616,-0.8019799566484169
4.749999999999699,0.17803438577579692,-0.195279546935405,-0.7972794864539677
4.751999999999699,0.17763819955372323,-0.20090533069438768,-0.7925321554112821
4.7539999999996985,0.17723078180038393,-0.20651103998748935,-0.7877383324214223
4.755999999999698,0.1768121730081561,-0.2120963314986964,-0.782898389008175
4.757999999999698,0.1763824143543405,-0.21766086362255013,-0.7780126992914324
4.759999999999698,0.17594154769772094,-0.2232042964835606,-0.7730816399604273
4.761999999999698,0.17548961557508516,-0.22872629195551988,-0.7681055902468245
4.763999999999697,0.17502666119770693,-0.23422651368071434,-0.7630849318976658
4.765999999999697,0.17455272844779007,-0.23970462708903476,-0.7580200491481774
4.767999999999697,0.17406786187487408,-0.2451602994169841,-0.752911328694433
4.769999999999697,0.1735721066922021,-0.2505931997265818,-0.7477591596658784
4.7719999999996965,0.17306550877305105,-0.2560029989241639,-0.7425639335977197
4.773999999999696,0.1725481146470243,-0.26138936977907856,-0.7373260444031733
4.775999999999696,0.17201997149630707,-0.26675198694227564,-0.7320458883455822
4.777999999999696,0.17148112715188468,-0.27209052696479014,-0.7267238640103976
4.779999999999696,0.17093163008972403,-0.27740466831611804,-0.7213603722770283
4.781999999999695,0.17037152942691844,-0.2826940914024844,-0.7159558162905612
4.783999999999695,0.16980087491779594,-0.28795847858500234,-0.71051060143335
4.785999999999695,0.16921971694999152,-0.29319751419772216,-0.7050251352964785
4.787999999999695,0.16862810654048324,-0.29841088456556986,-0.6994998276510965
4.7899999999996945,0.16802609533159274,-0.30359827802217415,-0.6939350904196313
4.791999999999694,0.16741373558695002,-0.30875938492758076,-0.6883313376468766
4.793999999999694,0.16679108018742309,-0.3138938976858535,-0.6826889854709598
4.795999999999694,0.16615818262701226,-0.3190015107625608,-0.6770084520941886
4.797999999999694,0.16551509700871003,-0.32408192070214686,-0.6712901577537809
4.799999999999693,0.16486187804032582,-0.32913482614518685,-0.6655345246924768
4.801999999999693,0.16419858103027668,-0.3341599278455242,-0.6597419771290356
4.803999999999693,0.16352526188334376,-0.3391569286872899,-0.6539129412286213
4.805999999999693,0.16284197709639475,-0.3441255337018026,-0.6480478450730739
4.8079999999996925,0.16214878375407274,-0.3490654500843478,-0.6421471186310724
4.809999999999692,0.16144573952445165,-0.35397638721083613,-0.6362111937281898
4.811999999999692,0.1607329026546584,-0.35885805665433845,-0.6302405040168402
4.813999999999692,0.16001033196646217,-0.3637101722014981,-0.6242354849461228
4.815999999999692,0.159278086851831,-0.36853244986881767,-0.6181965737315618
4.817999999999691,0.1585362272684559,-0.37332460791882044,-0.6121242093247462
4.819999999999691,0.15778481373524267,-0.37808636687608466,-0.6060188323828692
4.821999999999691,0.157023907327772,-0.38281744954314956,-0.599880885238171
4.823999999999691,0.1562535696737277,-0.3875175810162924,-0.5937108118672851
4.8259999999996905,0.15547386294829355,-0.3921864887011749,-0.5875090578604922
4.82799999999969,0.15468484986951908,-0.3968239023283579,-0.5812760703908804
4.82999999999969,0.15388659369365432,-0.40142955396868346,-0.5750122981834164
4.83199999999969,0.15307915821045395,-0.4060031780485228,-0.5687181914839299
4.83399999999969,0.1522626077384512,-0.41054451136488906,-0.5623942020280084
4.835999999999689,0.15143700712020158,-0.4150532931004133,-0.5560407830098115
4.837999999999689,0.1506024217174967,-0.4195292648381832,-0.5496583890508013
4.839999999999689,0.14975891740654868,-0.4239721705764426,-0.5432474761683919
4.841999999999689,0.14890656057314539,-0.42838175674315065,-0.5368085017445221
4.8439999999996886,0.14804541810777644,-0.4327577722103998,-0.5303419244941516
4.845999999999688,0.14717555740073068,-0.43709996830869063,-0.5238482044336823
4.847999999999688,0.14629704633716525,-0.4414080988410629,-0.5173278028493081
4.849999999999688,0.1454099532921465,-0.44568192009708124,-0.5107811822652948
4.851999999999688,0.1445143471256631,-0.4499211908666738,-0.5042088064121919
4.8539999999996875,0.1436102971776116,-0.45412567245382346,-0.49761114019497865
4.855999999999687,0.1426978732627547,-0.4582951286901093,-0.4909886496611463
4.857999999999687,0.14177714566565286,-0.46242932594809766,-0.4843418019687189
4.859999999999687,0.1408481851355688,-0.46652803315458125,-0.47767106535421555
4.861999999999687,0.13991106288134614,-0.47059102180366486,-0.4709769091005533
4.863999999999686,0.1389658505662618,-0.47461806596969663,-0.46425980350489826
4.865999999999686,0.13801262030285263,-0.4786089423200431,-0.45752021984646063
4.867999999999686,0.1370514446477169,-0.48256343012770714,-0.4507586303542417
4.869999999999686,0.13608239659629043,-0.48648131128378724,-0.44397550817473097
4.8719999999996855,0.1351055495775981,-0.49036237030977653,-0.4371713273395585
4.873999999999685,0.134120977448981,-0.4942063943697006,-0.43034656273310223
4.875999999999685,0.13312875449079922,-0.4980131732820927,-0.42350169006005467
4.877999999999685,0.1321289554011112,-0.5017824995318046,-0.41663718581294973
4.879999999999685,0.13112165529032924,-0.5055141682816522,-0.4097535272396536
4.881999999999684,0.13010692967585225,-0.5092079773838939,-0.4028511923108201
4.883999999999684,0.12908485447667542,-0.5128637273915418,-0.3959306596873143
4.885999999999684,0.1280555060079776,-0.5164812215695024,-0.38899240868760615
4.887999999999684,0.12701896097568655,-0.5200602659055465,-0.3820369192551368
4.8899999999996835,0.12597529647102235,-0.5236006691211077,-0.37506467192565945
4.891999999999683,0.12492458996501946,-0.5271022426819062,-0.3680761477945579
4.893999999999683,0.12386691930302768,-0.5305648008083989,-0.36107182848414415
4.895999999999683,0.1228023626991924,-0.533988160486052,-0.354052196110939
4.897999999999683,0.12173099873091443,-0.5373721414754373,-0.347017733252936
4.899999999999682,0.12065290633328993,-0.5407165663221484,-0.33996892291685354
4.901999999999682,0.1195681647935305,-0.5440212603665373,-0.3329062485053755
4.903999999999682,0.1184768537453642,-0.5472860517532698,-0.3258301937843838
4.905999999999682,0.11737905316341747,-0.5505107714406972,-0.318741242850186
4.9079999999996815,0.1162748433575786,-0.5536952532100441,-0.3116398800967388
4.909999999999681,0.1151643049673429,-0.5568393336744117,-0.304526590182871
4.911999999999681,0.11404751895614017,-0.5599428522875932,-0.2974018579995086
4.913999999999681,0.11292456660564465,-0.5630056513527013,-0.2902661686369042
4.915999999999681,0.11179552951006794,-0.5660275760306074,-0.2831200073518726
4.91799999999968,0.11066048957043516,-0.5690084743481895,-0.27596385953503594
4.91999999999968,0.10951952898884494,-0.5719481972063886,-0.268798210678081
4.92199999999968,0.10837273026271337,-0.5748465983880722,-0.2616235463410304
4.92399999999968,0.10722017617900244,-0.5777035345657037,-0.25444035211953075
4.9259999999996795,0.10606194980843339,-0.5805188653088164,-0.24724911361216034
4.927999999999679,0.10489813449968528,-0.5832924530912906,-0.2400503163877588
4.929999999999679,0.10372881387357916,-0.5860241632984341,-0.2328444459527811
4.931999999999679,0.10255407181724832,-0.5887138642338622,-0.2256319877186787
4.933999999999679,0.10137399247829501,-0.5913614271261793,-0.2184134269693105
4.935999999999678,0.10018866025893393,-0.593966726135459,-0.2111892488283854
4.937999999999678,0.098998159810123,-0.5965296383595209,-0.2039599382269402
4.939999999999678,0.09780257602568178,-0.5990500438400058,-0.19672597987085455
4.941999999999678,0.09660199403639794,-0.6015278255682456,-0.18948785820840597
4.9439999999996775,0.09539649920412216,-0.6039628694909278,-0.18224605739786687
4.945999999999677,0.09418617711585198,-0.6063550645155542,-0.17500106127514692
4.947999999999677,0.09297111357780487,-0.6087043025156916,-0.16775335332148278
4.949999999999677,0.09175139460948108,-0.6110104783360146,-0.1605034166311785
4.951999999999677,0.0905271064377165,-0.6132734897971386,-0.15325173387939806
4.953999999999676,0.08929833549072619,-0.6154932377002429,-0.1459987872900132
4.955999999999676,0.08806516839213879,-0.6176696258314827,-0.1387450586035095
4.957999999999676,0.08682769195502237,-0.6198025609661884,-0.13149102904495263
4.959999999999676,0.08558599317590204,-0.6218919528728528,-0.12423717929201766
4.961999999999676,0.08434015922876986,-0.6239377143169039,-0.1169839894430838
4.963999999999675,0.08309027745908738,-0.6259397610642633,-0.10973193898539735
4.965999999999675,0.08183643537778126,-0.6278980118846892,-0.10248150676330525
4.967999999999675,0.0805787206552325,-0.6298123885549032,-0.09523317094656175
4.969999999999675,0.0793172211152595,-0.6316828158615005,-0.08798740899871094
4.9719999999996745,0.0780520247290957,-0.633509221603642,-0.08074469764554726
4.973999999999674,0.07678321960936185,-0.635291536595528,-0.07350551284365747
4.975999999999674,0.07551089400403374,-0.6370296946686538,-0.06627032974904529
4.977999999999674,0.0742351362904055,-0.6387236326738447,-0.05903962268584184
4.979999999999674,0.07295603496904908,-0.6403732904830716,-0.05181386511510516
4.981999999999673,0.07167367865777041,-0.6419786109910448,-0.0445935296037096
4.983999999999673,0.07038815608556248,-0.6435395401165879,-0.03737908779332966
4.985999999999673,0.06909955608655592,-0.6450560268037883,-0.03017101036951847
4.987999999999673,0.06780796759396757,-0.6465280230229266,-0.02296976703088549
4.9899999999996725,0.06651347963404732,-0.6479554837711825,-0.015775826458374553
4.991999999999672,0.06521618132002382,-0.649338367073118,-0.008589656284645308
4.993999999999672,0.06391616184604945,-0.6506766339809362,-0.001411723063560133
4.995999999999672,0.06261351048114494,-0.6519702485745171,0.005757507760220881
4.997999999999672,0.0613083165631442,-0.6532191779612283,0.012917571881533862
4.999999999999671,0.06000066949263974,-0.6544233922755115,0.020068006164893182
5.001999999999671,0.05869065872692913,-0.655582864678244,0.02720834867455707
5.003999999999671,0.05737837377396295,-0.6566975713558751,0.034338138704476384
5.005999999999671,0.056063904186294755,-0.6577674915193372,0.0414569168081228
5.0079999999996705,0.05474733955503333,-0.6587926074027314,0.048564224828194835
5.00999999999967,0.053428769503797935,-0.6597729042617873,0.05565960592619906
5.01199999999967,0.05210828368267675,-0.6607083703720974,0.06274260461190395
5.01399999999967,0.05078597176218911,-0.6615989970271255,0.06981276677266496
5.01599999999967,0.04946192342725199,-0.6624447785359894,0.07686963970261723
5.017999999999669,0.04813622837115108,-0.663245712221017,0.08391277213173476
5.019999999999669,0.04680897628951702,-0.6640017984150782,0.09094171425475311
5.021999999999669,0.045480256874307186,-0.6647130404586894,0.09795601775995402
5.023999999999669,0.04415015980779349,-0.6653794446968933,0.10495523585780878
5.0259999999996685,0.04281877475655667,-0.6660010204759125,0.11193892330947916
5.027999999999668,0.04148619136548742,-0.6665777801395789,0.11890663645517291
5.029999999999668,0.040152499251794996,-0.6671097390255366,0.12585793324235237
5.031999999999668,0.03881778799902357,-0.6675969154612208,0.13279237325379334
5.033999999999668,0.03748214715107687,-0.6680393307596115,0.13970951773549253
5.035999999999667,0.0361456662062515,-0.6684370092147636,0.14660892962442143
5.037999999999667,0.03480843461127953,-0.6687899780971118,0.15349017357612427
5.039999999999667,0.03347054175538056,-0.6690982676485538,0.16035281599215825
5.041999999999667,0.03213207696432395,-0.669361911077308,0.16719642504737411
5.0439999999996665,0.030793129494501494,-0.6695809445525501,0.17402057071703425
5.045999999999666,0.029453788527011086,-0.6697554071988271,0.1808248248037676
5.047999999999666,0.028114143161751738,-0.6698853410902488,0.1876087609643581
5.049999999999666,0.026774282411530476,-0.6699707912444591,0.1943719547363657
5.051999999999666,0.025434295196181483,-0.6700118056163861,0.2011139835645772
5.053999999999665,0.024094270336697983,-0.670008435091772,0.20783442682728562
5.055999999999665,0.022754296549377273,-0.6699607334804846,0.2145328658623961
5.057999999999665,0.02141446243997935,-0.6698687575096085,0.22120888399335592
5.059999999999665,0.020074856497899588,-0.6697325668163203,0.22786206655490748
5.0619999999996645,0.018735567090355856,-0.6695522239405448,0.23449200091866224
5.063999999999664,0.017396682456590574,-0.6693277943173962,0.24109827651849314
5.065999999999664,0.01605829070208807,-0.6690593462694027,0.24768048487574523
5.067999999999664,0.014720479792807719,-0.6687469509985168,0.25423821962426096
5.069999999999664,0.013383337549433272,-0.6683906825779121,0.2607710765352198
5.0719999999996634,0.012046951641638813,-0.6679906179435663,0.2672786535417897
5.073999999999663,0.010711409582371744,-0.667546836885633,0.2737605507635891
5.075999999999663,0.009376798722153254,-0.667059422039602,0.28021637053095777
5.077999999999663,0.008043206243396668,-0.66652845887725,0.2866457174090347
5.079999999999663,0.006710719154744107,-0.6659540356973823,0.29304819822164163
5.081999999999662,0.005379424285421872,-0.6653362436163662,0.29942342207497064
5.083999999999662,0.004049408279614971,-0.6646751765584584,0.30577100038107374
5.085999999999662,0.0027207575908611927,-0.6639709312459261,0.31209054688115434
5.087999999999662,0.0013935584764651426,-0.6632236071889642,0.3183816776686571
5.0899999999996615,6.789699193264975e-05,-0.662433306675409,0.3246440112121564
5.091999999999661,-0.00125614101457405,-0.66160013476025,0.33087716837804126
5.093999999999661,-0.0025784699077599574,-0.660724199254941,0.3370807724529953
5.095999999999661,-0.0038990042706993724,-0.6598056107165113,0.3432544491662703
5.097999999999661,-0.005217658910315985,-0.6588444824364801,0.3493978267117525
5.09999999999966,-0.006534348862840593,-0.657840930429572,0.35551053576981995
5.10199999999966,-0.007848989399246059,-0.6567950734222394,0.36159220952898896
5.10399999999966,-0.009161496030659114,-0.6557070328409892,0.36764248370735
5.10599999999966,-0.01047178451374863,-0.6545769328005178,0.37366099657379015
5.1079999999996595,-0.011779770856089961,-0.6534049000916543,0.379647388969002
5.109999999999659,-0.013085371321504986,-0.6521910641691153,0.38560130432627693
5.111999999999659,-0.014388502435377475,-0.6509355571390703,0.39152238869208256
5.113999999999659,-0.015689080989943392,-0.6496385137465205,0.39741029074642253
5.115999999999659,-0.01698702404955578,-0.6483000713624942,0.4032646618229772
5.117999999999658,-0.018282248955923848,-0.6469203699710567,0.409085155929026
5.119999999999658,-0.019574673333325892,-0.6454995521561396,0.41487142976514757
5.121999999999658,-0.020864215093795702,-0.6440377630881894,0.42062314274469925
5.123999999999658,-0.02215079244228208,-0.6425351505106378,0.4263399570130732
5.1259999999996575,-0.023434323881781134,-0.6409918647261951,0.43202153746672933
5.127999999999657,-0.024714728218440958,-0.6394080585829678,0.4376675517720032
5.129999999999657,-0.025991924566638406,-0.6377838874604037,0.4432776703836887
5.131999999999657,-0.02726583235402756,-0.6361195092550646,0.44885156656339387
5.133999999999657,-0.028536371326559593,-0.6344150843662287,0.4543889163976701
5.135999999999656,-0.02980346155347364,-0.6326707756813261,0.45988939881591234
5.137999999999656,-0.031067023432258395,-0.6308867485612062,0.4653526956080313
5.139999999999656,-0.032326977693584086,-0.6290631708252417,0.4707784914418951
5.141999999999656,-0.033583245406204464,-0.627200212736269,0.47616647388054123
5.1439999999996555,-0.03483574798182855,-0.625298046985369,0.48151633339915684
5.145999999999655,-0.03608440717996174,-0.6233568486764867,0.4868277634018272
5.147999999999655,-0.03732914511271604,-0.6213767953108956,0.49210046023805204
5.149999999999655,-0.03856988424958904,-0.6193580667715061,0.49733412321902803
5.151999999999655,-0.03980654742221136,-0.6173008453070196,0.5025284546336982
5.153999999999654,-0.041039057829062246,-0.615205315515933,0.5076831597645666
5.155999999999654,-0.04226733904015305,-0.6130716643303922,0.5127979469032777
5.157999999999654,-0.043491315001678243,-0.6109000809998982,0.5178725273659613
5.159999999999654,-0.04471091004063371,-0.6086907570748685,0.5229066155083404
5.1619999999996535,-0.04592604886940202,-0.6064438863900539,0.5278999287406028
5.163999999999653,-0.04713665659030436,-0.6041596650478139,0.532852187542037
5.165999999999653,-0.048342658700118946,-0.6018382914012531,0.5377631154754288
5.167999999999653,-0.049543981094565495,-0.599479966037219,0.5426324392012213
5.169999999999653,-0.05074055007275561,-0.5970848917591646,0.547459888491437
5.171999999999652,-0.05193229234160872,-0.5946532735698776,0.5522451962433603
5.173999999999652,-0.053119135020233375,-0.5921853186540782,0.5569880984929825
5.175999999999652,-0.0543010056442736,-0.5896812363608864,0.561688334428206
5.177999999999652,-0.05547783217022004,-0.5871412381861632,0.5663456464018113
5.1799999999996515,-0.05664954297968566,-0.5845655377547251,0.5709597799441818
5.181999999999651,-0.05781606688364581,-0.5819543508024363,0.5755304837757909
5.183999999999651,-0.058977333126642245,-0.579307895158179,0.5800575098194471
5.185999999999651,-0.06013327139095108,-0.5766263907257049,0.5845406132123008
5.187999999999651,-0.06128381180071423,-0.5739100594653689,0.5889795523176078
5.1899999999996504,-0.0624288849260343,-0.5711591253757488,0.5933740887362555
5.19199999999965,-0.06356842178703251,-0.568373814475151,0.5977239873180459
5.19399999999965,-0.06470235385786957,-0.5655543547830061,0.602029016172738
5.19599999999965,-0.06583061307072925,-0.5627009763011552,0.606288946680851
5.19799999999965,-0.06695313181976438,-0.55981391099503,0.6105035535042238
5.199999999999649,-0.06806984296500511,-0.5568933927747273,0.6146726145963368
5.201999999999649,-0.06918067983622923,-0.5539396574759825,0.6187959112123892
5.203999999999649,-0.07028557623679435,-0.5509529428410416,0.6228732279191374
5.205999999999649,-0.07138446644743168,-0.5479334884994346,0.6269043526044925
5.2079999999996485,-0.07247728523000133,-0.5448815359486539,0.6308890764868758
5.209999999999648,-0.07356396783120875,-0.5417973285347374,0.6348271941243335
5.211999999999648,-0.07464444998628242,-0.53868111143276,0.6387185034234124
5.213999999999648,-0.07571866792261227,-0.5355331316272349,0.6425628056477921
5.215999999999648,-0.07678655836334891,-0.5323536378924275,0.6463599054266789
5.217999999999647,-0.07784805853096337,-0.5291428807725824,0.6501096107629583
5.219999999999647,-0.0789031061507672,-0.525901112562068,0.6538117330411081
5.221999999999647,-0.07995163945439282,-0.5226285872854379,0.6574660870348701
5.223999999999647,-0.08099359718323383,-0.5193255606774141,0.661072490914683
5.2259999999996465,-0.08202891859184532,-0.5159922901627912,0.6646307662548763
5.227999999999646,-0.0830575434513038,-0.5126290348362664,0.6681407380406221
5.229999999999646,-0.08407941205252682,-0.5092360554421947,0.6716022346746522
5.231999999999646,-0.08509446520955197,-0.5058136143542737,0.6750150879837316
5.233999999999646,-0.08610264426277514,-0.5023619755551579,0.6783791332248967
5.235999999999645,-0.08710389108214807,-0.4988814046160066,0.6816942090914546
5.237999999999645,-0.08809814807033475,-0.4953721686759654,0.6849601577187436
5.239999999999645,-0.08908535816582693,-0.4918345364215849,0.6881768246896565
5.241999999999645,-0.0900654648460182,-0.4882687780661778,0.6913440590399271
5.2439999999996445,-0.09103841213023688,-0.4846751653291162,0.6944617132631798
5.245999999999644,-0.09200414458273734,-0.4810539714150718,0.6975296433157425
5.247999999999644,-0.09296260731564987,-0.47740547099320013,0.7005477086212226
5.249999999999644,-0.09391374599188868,-0.4737299401762717,0.7035157720748494
5.251999999999644,-0.09485750682801829,-0.47002765649975087,0.7064337000475792
5.253999999999643,-0.09579383659707792,-0.4662988989008255,0.7093013623899669
5.255999999999643,-0.09672268263136397,-0.46254394769738827,0.7121186324358023
5.257999999999643,-0.09764399282517028,-0.45876308456697246,0.714885387005514
5.259999999999643,-0.09855771563748641,-0.4549565925256434,0.7176015064093376
5.2619999999996425,-0.09946380009465353,-0.4511247559068479,0.7202668744502537
5.263999999999642,-0.10036219579297792,-0.4472678603402232,0.7228813784266915
5.265999999999642,-0.10125285290130226,-0.4433861927303675,0.7254449091350011
5.267999999999642,-0.10213572216353417,-0.43948004123557394,0.727957360871695
5.269999999999642,-0.10301075490113239,-0.4355496952465295,0.7304186314354578
5.271999999999641,-0.10387790301555018,-0.431595445364981,0.7328286221289266
5.273999999999641,-0.1047371189906361,-0.4276175833823701,0.7351872377602414
5.275999999999641,-0.10558835589499205,-0.4236164022584382,0.7374943866443656
5.277999999999641,-0.10643156738428834,-0.41959219609980425,0.7397499806041794
5.2799999999996405,-0.10726670770353615,-0.4155452601385162,0.7419539349713438
5.28199999999964,-0.10809373168931678,-0.41147589071057855,0.7441061685869388
5.28399999999964,-0.10891259477196819,-0.40738438523445664,0.7462066038018731
5.28599999999964,-0.1097232529777283,-0.4032710421895611,0.7482551664770694
5.28799999999964,-0.11052566293083542,-0.3991361610947124,0.750251785983422
5.289999999999639,-0.11131978185558553,-0.39498004248658797,0.7521963952015333
5.291999999999639,-0.11210556757834635,-0.3908029878981538,0.7540889305212216
5.293999999999639,-0.1128829785295284,-0.38660529983708153,0.7559293318408087
5.295999999999639,-0.11365197374551284,-0.38238728176415293,0.7577175425661827
5.2979999999996386,-0.11441251287053598,-0.3781492380716534,0.7594535096096406
5.299999999999638,-0.11516455615853081,-0.3738914740617561,0.7611371833885066
5.301999999999638,-0.11590806447492506,-0.3696142959248981,0.762768517823532
5.303999999999638,-0.11664299929839611,-0.36531801071815,0.7643474703370743
5.305999999999638,-0.11736932272258267,-0.3610029263435812,0.7658740018510556
5.3079999999996375,-0.11808699745775308,-0.35666935152662144,0.767348076784704
5.309999999999637,-0.11879598683243045,-0.35231759579442057,0.7687696630520762
5.311999999999637,-0.11949625479497442,-0.3479479694542082,0.7701387320593625
5.313999999999637,-0.12018776591511968,-0.34356078357165426,0.7714552587019762
5.315999999999637,-0.12087048538547125,-0.33915634994923216,0.7727192213614256
5.317999999999636,-0.12154437902295642,-0.3347349811045859,0.7739306019019723
5.319999999999636,-0.12220941327023349,-0.33029699024890247,0.7750893856670751
5.321999999999636,-0.1228655551970572,-0.3258426912652913,0.7761955614756186
5.323999999999636,-0.12351277250160103,-0.32137239868717155,0.7772491216179316
5.3259999999996355,-0.12415103351173612,-0.3168864276766689,0.7782500618515908
5.327999999999635,-0.12478030718626716,-0.3123850940030233,0.7791983813970151
5.329999999999635,-0.12540056311612505,-0.30786871402100857,0.7800940829328474
5.331999999999635,-0.12601177152551632,-0.30333760464936593,0.7809371725911295
5.333999999999635,-0.1266139032730296,-0.29879208334925167,0.7817276599522646
5.335999999999634,-0.12720692985269885,-0.294232468102701,0.7824655580397738
5.337999999999634,-0.12779082339502365,-0.28965907739110924,0.7831508833148448
5.339999999999634,-0.1283655566679464,-0.2850722301737315,0.7837836556706729
5.341999999999634,-0.12893110307778655,-0.2804722458662016,0.7843638984265979
5.3439999999996335,-0.12948743667013185,-0.2758594443190723,0.7848916383220336
5.345999999999633,-0.13003453213068686,-0.2712341457963772,0.7853669055101954
5.347999999999633,-0.1305723647860784,-0.26659667095421646,0.7857897335516228
5.349999999999633,-0.13110091060461831,-0.2619473408193658,0.7861601594075002
5.351999999999633,-0.1316201461970235,-0.25728647676791216,0.7864782234327745
5.353999999999632,-0.13213004881709314,-0.2526144005039149,0.7867439693690735
5.355999999999632,-0.13263059636234337,-0.24793143403809562,0.7869574443374232
5.357999999999632,-0.13312176737459927,-0.24323789966655587,0.7871186988307646
5.359999999999632,-0.1336035410405444,-0.23853411994952545,0.7872277867062742
5.3619999999996315,-0.13407589719222784,-0.233820417690141,0.7872847651774847
5.363999999999631,-0.13453881630752884,-0.22909711591325688,0.7872896948062097
5.365999999999631,-0.13499227951057904,-0.2243645378442888,0.7872426394942726
5.367999999999631,-0.13543626857214247,-0.21962300688809153,0.7871436664750396
5.369999999999631,-0.1358707659099534,-0.21487284660787132,0.7869928463047581
5.37199999999963,-0.1362957545890119,-0.2101143807041345,0.7867902528537026
5.37399999999963,-0.13671121832183755,-0.20534793299367274,0.7865359632971268
5.37599999999963,-0.13711714146868087,-0.20057382738858626,0.7862300581060241
5.37799999999963,-0.13751350903769313,-0.19579238787534567,0.7858726210376975
5.3799999999996295,-0.13790030668505415,-0.19100393849389358,0.7854637391261384
5.381999999999629,-0.13827752071505833,-0.1862088033167867,0.7850035026722175
5.383999999999629,-0.13864513808015913,-0.18140730642837946,0.784492005233685
5.385999999999629,-0.13900314638097183,-0.17659977190405005,0.7839293436149853
5.387999999999629,-0.13935153386623494,-0.1717865237894695,0.7833156178568841
5.389999999999628,-0.13969028943272999,-0.16696788607991495,0.7826509312259096
5.391999999999628,-0.1400194026251601,-0.16214418269962788,0.7819353902036074
5.393999999999628,-0.1403388636359874,-0.15731573748121794,0.7811691044756145
5.395999999999628,-0.14064866330522918,-0.15248287414511352,0.7803521869205461
5.3979999999996275,-0.14094879312021294,-0.1476459162790595,0.7794847535987026
5.399999999999627,-0.14123924521529066,-0.1428051873176634,0.7785669237405944
5.401999999999627,-0.14152001237151207,-0.13796101052199025,0.777598819735285
5.403999999999627,-0.14179108801625728,-0.1331137089592074,0.7765805671185555
5.405999999999627,-0.14205246622282855,-0.12826360548227977,0.7755122945608901
5.407999999999626,-0.14230414171000172,-0.12341102270971627,0.7743941338552827
5.409999999999626,-0.14254610984153707,-0.11855628300536832,0.7732262199048667
5.411999999999626,-0.14277836662564986,-0.1136997084582811,0.7720086907103695
5.413999999999626,-0.1430009087144406,-0.10884162086259828,0.7707416873573899
5.415999999999626,-0.14321373340328522,-0.10398234169752091,0.7694253540035021
5.417999999999625,-0.1434168386301852,-0.09912219210732119,0.7680598378651866
5.419999999999625,-0.14361022297507772,-0.09426149288141195,0.7666452892045865
5.421999999999625,-0.14379388565910617,-0.08940056443447232,0.7651818613160946
5.423999999999625,-0.14396782654385074,-0.08453972678663045,0.763669710512767
5.4259999999996245,-0.14413204613051964,-0.07967929954370391,0.7621089961125689
5.427999999999624,-0.14428654555910078,-0.07481960187749837,0.7604998804244502
5.429999999999624,-0.14443132660747401,-0.06996095250616532,0.7588425287342531
5.431999999999624,-0.14456639169048435,-0.06510366967461957,0.7571371092904527
5.433999999999624,-0.14469174385897585,-0.060248071135016866,0.7553837932897316
5.435999999999623,-0.1448073867987867,-0.05539447412729266,0.7535827548623877
5.437999999999623,-0.14491332482970545,-0.050543195359762434,0.7517341710575799
5.439999999999623,-0.1450095629043882,-0.045694550989784255,0.7498382218284084
5.441999999999623,-0.14509610660723768,-0.0408488566044843,0.7478950900168331
5.4439999999996225,-0.14517296215324335,-0.03600642720154581,0.7459049613384305
5.445999999999622,-0.1452401363867835,-0.031167577170062265,0.7438680243669897
5.447999999999622,-0.14529763678038893,-0.02633262027145529,0.7417844705189487
5.449999999999622,-0.14534547143346857,-0.021501869620457956,0.7396544940376722
5.451999999999622,-0.1453836490709972,-0.016675637666164072,0.7374782919775718
5.453999999999621,-0.14541217904216527,-0.0118542361731441,0.7352560641880681
5.455999999999621,-0.14543107131899097,-0.007037976202628278,0.7329880132973985
5.457999999999621,-0.14544033649489485,-0.002227168093757576,0.730674344696269
5.459999999999621,-0.14543998578323697,0.0025778785550969264,0.728315266521353
5.4619999999996205,-0.1454300310158167,0.007376854904945634,0.7259109896386363
5.46399999999962,-0.14541048464133546,0.012169452894722394,0.7234617276266108
5.46599999999962,-0.14538135972382235,0.016955365259756237,0.720967696759316
5.46799999999962,-0.14534266994102296,0.021734285550172275,0.7184291159892336
5.46999999999962,-0.14529442958275146,0.0265059081492212,0.7158462069300287
5.471999999999619,-0.14523665354920612,0.031269928291536755,0.7132191938391467
5.473999999999619,-0.14516935734924827,0.0360260420813206,0.7105483036002622
5.475999999999619,-0.14509255709864513,0.04077394651045393,0.7078337657055811
5.477999999999619,-0.14500626951827636,0.04551333947653535,0.7050758122379986
5.4799999999996185,-0.14491051193230467,0.050243919800844354,0.7022746778531141
5.481999999999618,-0.14480530226631055,0.05496538724622971,0.6994305997611011
5.483999999999618,-0.14469065904539136,0.05967744253492237,0.6965438177084379
5.485999999999618,-0.14456660139222474,0.06437978736627213,0.6936145739594956
5.487999999999618,-0.1444331490250968,0.06907212443440751,0.6906431132779877
5.489999999999617,-0.14429032225589492,0.07375415744581826,0.6876296829082802
5.491999999999617,-0.14413814198806554,0.07842559113685982,0.6845745325565654
5.493999999999617,-0.143976629714537,0.08308613129117927,0.6814779143718978
5.495999999999617,-0.1438058075156076,0.087735484757062,0.6783400829270955
5.4979999999996165,-0.14362569805679895,0.09237335946469862,0.675161295199507
5.499999999999616,-0.14343632458667518,0.09699946444337135,0.6719418105516454
5.501999999999616,-0.1432377109346275,0.10161350983855955,0.6686818907116903
5.503999999999616,-0.14302988150862478,0.1062152069289634,0.6653817997538577
5.505999999999616,-0.14281286129293017,0.11080426814344546,0.6620418040786422
5.507999999999615,-0.14258667584578397,0.11538040707788921,0.658662172392928
5.509999999999615,-0.14235135129705276,0.1199433385119742,0.6552431756899753
5.511999999999615,-0.1421069143458451,0.12449277842586688,0.6517850872292767
5.513999999999615,-0.14185339225809396,0.12902844401682684,0.648288182516292
5.5159999999996145,-0.141590812864106,0.13355005371572748,0.6447527392820565
5.517999999999614,-0.1413192045560779,0.13805732720349065,0.6411790374626662
5.519999999999614,-0.14103859628558,0.14254998542743463,0.6375673591786443
5.521999999999614,-0.14074901756100705,0.14702775061753473,0.6339179887141827
5.523999999999614,-0.14045049844499688,0.15149034630259586,0.6302312124962679
5.525999999999613,-0.1401430695518166,0.1559374973263365,0.6265073190736865
5.527999999999613,-0.13982676204471675,0.1603689298633832,0.6227465990959148
5.529999999999613,-0.13950160763325362,0.16478437143517533,0.6189493452918922
5.531999999999613,-0.13916763857057973,0.16918355092577886,0.6151158524486804
5.533999999999613,-0.13882488765070294,0.17356619859760913,0.6112464173900093
5.535999999999612,-0.13847338820571403,0.17793204610706137,0.6073413389547102
5.537999999999612,-0.13811317410298327,0.18228082652004857,0.6034009179750395
5.539999999999612,-0.13774427974232586,0.18661227432744598,0.599425457254892
5.541999999999612,-0.13736674005313676,0.19092612546044163,0.5954152615479062
5.5439999999996115,-0.1369805904914946,0.1952221173057919,0.591370637535463
5.545999999999611,-0.13658586703723563,0.1994999887209816,0.587291893804577
5.547999999999611,-0.136182606190997,0.20375948004928812,0.5831793408256873
5.549999999999611,-0.1357708449712303,0.20800033313474833,0.579033290930341
5.551999999999611,-0.13535062091118505,0.21222229133702808,0.5748540582887772
5.55399999999961,-0.13492197205586287,0.21642509954619324,0.5706419588874112
5.55599999999961,-0.1344849369589418,0.2206085041973818,0.5663973105062178
5.55799999999961,-0.13403955467967163,0.22477225328537595,0.5621204326960181
5.55999999999961,-0.13358586477974024,0.22891609637907392,0.5578116467556702
5.5619999999996095,-0.13312390732011084,0.23303978463586017,0.5534712757091642
5.563999999999609,-0.1326537228578308,0.2371430708158738,0.5490996442826241
5.565999999999609,-0.13217535244281198,0.24122570929617415,0.5446970788812172
5.567999999999609,-0.13168883761458275,0.24528745608480276,0.5402639075659728
5.569999999999609,-0.13119422039901216,0.24932806883474112,0.5358004600305123
5.571999999999608,-0.13069154330500607,0.25334730685776324,0.5313070675776903
5.573999999999608,-0.13018084932117593,0.25734493113818263,0.5267840630961488
5.575999999999608,-0.12966218191248002,0.26132070434649224,0.5222317810367884
5.577999999999608,-0.12913558501683753,0.2652743908528975,0.517650557389154
5.5799999999996075,-0.12860110304171568,0.2692057567407409,0.5130407296577388
5.581999999999607,-0.12805878086069017,0.27311456981981747,0.508402636838208
5.583999999999607,-0.12750866380997905,0.27700059963958107,0.5037366193935421
5.585999999999607,-0.12695079768495027,0.28086361750223954,0.49904301923010475
5.587999999999607,-0.12638522873660318,0.2847033964757388,0.4943221796736315
5.589999999999606,-0.12581200366802428,0.2885197114066347,0.4895744454451465
5.591999999999606,-0.12523116963081704,0.29231233893285213,0.48480016263680403
5.593999999999606,-0.12464277422150669,0.2960810574963301,0.47999967868765914
5.595999999999606,-0.12404686547791952,0.29982564735555256,0.47517334235936837
5.5979999999996055,-0.12344349187553744,0.3035458905979634,0.47032150371182135
5.599999999999605,-0.12283270232382773,0.3072415711522658,0.46544451407870546
5.601999999999605,-0.12221454616254836,0.31091247480060413,0.4605427260430057
5.603999999999605,-0.12158907315802896,0.31455838919062823,0.45561649341243976
5.605999999999605,-0.12095633349942791,0.3181791038474391,0.45066617119483066
5.607999999999604,-0.12031637779496562,0.3217744101854147,0.44569211557342003
5.609999999999604,-0.11966925706813421,0.32534410151991605,0.44069468388212074
5.611999999999604,-0.11901502275388395,0.32888797307887174,0.43567423458071297
5.613999999999604,-0.11835372669478672,0.33240582201424057,0.4306311272299839
5.6159999999996035,-0.11768542113717652,0.3358974474133515,0.42556572246681335
5.617999999999603,-0.11701015872726754,0.3393626503101197,0.4204783819792069
5.619999999999603,-0.11632799250724989,0.3428012336961387,0.41536946848127787
5.621999999999603,-0.11563897591136323,0.3462130025316464,0.41023934568818005
5.623999999999603,-0.11494316276194869,0.3495977637563658,0.405088378290993
5.625999999999602,-0.11424060726547912,0.35295532630021825,0.3999169319315605
5.627999999999602,-0.11353136400856814,0.35628550109390883,0.3947253731772864
5.629999999999602,-0.11281548795395807,0.3595881010793835,0.3895140694958863
5.631999999999602,-0.11209303443648712,0.3628629412201565,0.3842833892300985
5.6339999999996015,-0.11136405915903606,0.36610983851150763,0.3790337015723574
5.635999999999601,-0.1106286181884546,0.36932861199054806,0.37376537653942654
5.637999999999601,-0.10988676795146776,0.37251908274615464,0.3684787849469989
5.639999999999601,-0.10913856523056259,0.37568107392877104,0.3631742983842615
5.641999999999601,-0.10838406715985527,0.3788144107600756,0.3578522891884274
5.6439999999996004,-0.10762333122093916,0.3819189205425144,0.35251313041923854
5.6459999999996,-0.10685641523871384,0.3849944326686995,0.3471571958334386
5.6479999999996,-0.10608337737719548,0.3880407786306706,0.3417848598592194
5.6499999999996,-0.10530427613530886,0.39105779202902047,0.33639649757064205
5.6519999999996,-0.10451917034266131,0.394045308581882,0.33099248466203407
5.653999999999599,-0.1037281191552987,0.3970031661337773,0.32557319742236557
5.655999999999599,-0.10293118205144396,0.399931204664327,0.3201390127096048
5.657999999999599,-0.10212841882721832,0.4028292662968201,0.31469030792505626
5.659999999999599,-0.10131988959234552,0.4056971953066422,0.3092274609876816
5.6619999999995985,-0.10050565476583931,0.4085348381295628,0.30375085030840654
5.663999999999598,-0.09968577507167453,0.41134204336987934,0.2982608547644151
5.665999999999598,-0.09886031153444205,0.41411866180841866,0.292757853673433
5.667999999999598,-0.09802932547498783,0.41686454641039417,0.28724222676800093
5.669999999999598,-0.0971928785060364,0.4195795523331182,0.28171435416974205
5.671999999999597,-0.09635103252779914,0.422263536933569,0.27617461636362295
5.673999999999597,-0.09550384972356744,0.4249163597758112,0.2706233941722112
5.675999999999597,-0.09465139255529131,0.4275378826382696,0.2650610687299316
5.677999999999597,-0.09379372375914347,0.43012796952085464,0.25948802145732175
5.6799999999995965,-0.09293090634106939,0.43268648665194004,0.25390463403529
5.681999999999596,-0.09206300357232357,0.43521330249519075,0.2483112883793769
5.683999999999596,-0.09119007898499219,0.43770828775624104,0.24270836661402245
5.685999999999596,-0.09031219636750272,0.44017131538922216,0.23709625104684046
5.687999999999596,-0.08942941976012043,0.4426022606031384,0.2314753241429025
5.689999999999595,-0.08854181345043251,0.4450010008680913,0.22584596849903296
5.691999999999595,-0.08764944196881969,0.4473674159213511,0.22020856681811687
5.693999999999595,-0.08675237008391605,0.4497013877732749,0.21456350188342288
5.695999999999595,-0.08585066279805703,0.4520028007130706,0.20891115653294282
5.6979999999995945,-0.0849443853427161,0.45427154131440645,0.20325191363374986
5.699999999999594,-0.0840336031739304,0.4565074984408652,0.19758615605637728
5.701999999999594,-0.08311838196771555,0.45871056325124204,0.19191426664921937
5.703999999999594,-0.08219878761547011,0.4608806292046866,0.18623662821295672
5.705999999999594,-0.08127488621936986,0.4630175920656871,0.18055362347500728
5.707999999999593,-0.08034674408775225,0.4651213499088974,0.17486563506400574
5.709999999999593,-0.07941442773049144,0.46719180312380537,0.1691730454843125
5.711999999999593,-0.07847800385436406,0.4692288544192424,0.16347623709055453
5.713999999999593,-0.07753753935840617,0.4712324088277337,0.15777559206219907
5.7159999999995925,-0.07659310132926168,0.4732023737096885,0.152071492378164
5.717999999999592,-0.07564475703652253,0.47513865875742967,0.14636431979146416
5.719999999999592,-0.07469257392806093,0.47704117599906265,0.1406544558038978
5.721999999999592,-0.07373661962535417,0.47890983980218244,0.13494228164077335
5.723999999999592,-0.072776961918802,0.480744566877419,0.12922817822567964
5.725999999999591,-0.07181366876303716,0.48254527628182015,0.12351252615530048
5.727999999999591,-0.07084680827222936,0.48431188942207115,0.11779570567427575
5.729999999999591,-0.0698764487153829,0.4860443300575516,0.1120780966501112
5.731999999999591,-0.06890265851162836,0.4877425243032281,0.1063600785481387
5.7339999999995905,-0.06792550622550869,0.4894064006323829,0.10064203040652772
5.73599999999959,-0.06694506056226003,0.49103588987917784,0.09492433081135201
5.73799999999959,-0.06596139036308749,0.49263092524105373,0.08920735787171122
5.73999999999959,-0.06497456460043634,0.49419144228096396,0.08349148919491053
5.74199999999959,-0.06398465237325894,0.49571737892944273,0.0777771018616997
5.743999999999589,-0.06299172290227761,0.49720867548650727,0.07206457240157335
5.745999999999589,-0.061995845525243974,0.49866527462339366,0.06635427676813443
5.747999999999589,-0.06099708969219486,0.5000871213841264,0.06064659031452305
5.749999999999589,-0.05999552496070536,0.5014741631869206,0.054941887768911124
5.7519999999995886,-0.05899122099113916,0.5028263498254177,0.04924054321006649
5.753999999999588,-0.057984247541896634,0.5041436334697532,0.04354293004298693
5.755999999999588,-0.0569746744646609,0.5054259686674571,0.037849420974606585
5.757999999999588,-0.055962571699642326,0.506673312344187,0.032160387989575934
5.759999999999588,-0.054948009270821635,0.5078856238042921,0.026476202326118137
5.7619999999995875,-0.053931057281192164,0.5090628647312105,0.020797234451962132
5.763999999999587,-0.05291178590800141,0.510204999187697,0.015123854040355544
5.765999999999587,-0.05189026539799232,0.5113119936158832,0.009456429946158529
5.767999999999587,-0.05086656606264462,0.5123838168371688,0.003795330182019996
5.769999999999587,-0.049840758273416566,0.5134204400519443,-0.0018590781053612893
5.771999999999586,-0.04881291245698736,0.5144218368391451,-0.007506428658889341
5.773999999999586,-0.04778309909050067,0.5153879831556367,-0.013146356134635773
5.775999999999586,-0.046751388696809545,0.5163188573354315,-0.018778496125315014
5.777999999999586,-0.04571785183972304,0.517214440088736,-0.024402485183668
5.7799999999995855,-0.044682559119254915,0.5180747145008302,-0.030017960845752784
5.781999999999585,-0.04364558116687481,0.5188996660307778,-0.03562456165414052
5.783999999999585,-0.04260698864076206,0.519689282509967,-0.041221927181014834
5.785999999999585,-0.04156685222106269,0.5204435541404843,-0.046809698051173215
5.787999999999585,-0.04052524260514979,0.5211624734933176,-0.05238751596492869
5.789999999999584,-0.03948223050288765,0.5218460355063927,-0.057955023720909854
5.791999999999584,-0.038437886631899995,0.5224942374824406,-0.06351186523875813
5.793999999999584,-0.03739228171284268,0.5231070790866964,-0.06905768558172032
5.795999999999584,-0.03634548646468111,0.5236845623444307,-0.07459213097913481
5.7979999999995835,-0.03529757159997278,0.5242266916383128,-0.08011484884880982
5.799999999999583,-0.03424860782015529,0.5247334737056064,-0.08562548781929252
5.801999999999583,-0.03319866581084009,0.5252049176351979,-0.09112369775202675
5.803999999999583,-0.03214781623711236,0.5256410348644575,-0.09660912976339853
5.805999999999583,-0.03109612973883733,0.526041839175933,-0.10208143624666693
5.807999999999582,-0.03004367692597338,0.5264073466938779,-0.10754027089377982
5.809999999999582,-0.02899052837389224,0.5267375758806124,-0.11298528871707206
5.811999999999582,-0.027936754618706656,0.5270325475327188,-0.118416146070845
5.813999999999582,-0.026882426152605804,0.5272922847770708,-0.12383250067282611
5.8159999999995815,-0.025827613419198835,0.5275168130666983,-0.12923401162550638
5.817999999999581,-0.02477238680886684,0.5277061601764866,-0.13462033943735496
5.819999999999581,-0.023716816654123583,0.5278603561987119,-0.1399911460439091
5.821999999999581,-0.022660973224985333,0.5279794335384115,-0.145346094828738
5.823999999999581,-0.021604926724350118,0.5280634269085924,-0.15068485064427906
5.82599999999958,-0.020548747283386713,0.5281123733252747,-0.15600707983254564
5.82799999999958,-0.01949250495693372,0.5281263121023738,-0.1613124502457038
5.82999999999958,-0.018436269718909045,0.5281052848464199,-0.1666006312665183
5.83199999999958,-0.01738011145773008,0.5280493354511161,-0.17187129382866473
5.8339999999995795,-0.01632409997174495,0.5279585100917354,-0.17712411043690765
5.835999999999579,-0.015268304964675117,0.5278328572193576,-0.18235875518714298
5.837999999999579,-0.014212796041069668,0.5276724275549454,-0.1875749037863032
5.839999999999579,-0.013157642701771614,0.5274772740832626,-0.19277223357212434
5.841999999999579,-0.012102914339396512,0.5272474520466327,-0.19795042353277326
5.843999999999578,-0.011048680233823728,0.5269830189385398,-0.2031091543263338
5.845999999999578,-0.009995009547700651,0.5266840344970724,-0.20824810830015128
5.847999999999578,-0.008941971321960182,0.52635056069821,-0.21336696951003292
5.849999999999578,-0.0078896344713518,0.5259826617489548,-0.21846542373930405
5.8519999999995775,-0.0068380677799865204,0.5255804040803075,-0.22354315851771842
5.853999999999577,-0.005787339896896067,0.5251438563400886,-0.22859986314022113
5.855999999999577,-0.004737519331606538,0.5246730893856065,-0.233635228685564
5.857999999999577,-0.0036886744497269027,0.5241681762761724,-0.23864894803477057
5.859999999999577,-0.002640873468552611,0.5236291922654631,-0.2436407158894517
5.861999999999576,-0.0015941844526846376,0.5230562147937331,-0.2486102287899685
5.863999999999576,-0.0005486753096642443,0.5224493234798752,-0.2535571851334434
5.865999999999576,0.0004955862143762244,0.5218086001133325,-0.25848128519161634
5.867999999999576,0.0015385325390462226,0.5211341286458615,-0.26338223112854736
5.869999999999576,0.0025800962540132623,0.5204259951831468,-0.26825972701816186
5.871999999999575,0.0036202101233022543,0.5196842879762696,-0.2731134788616397
5.873999999999575,0.004658807089577642,0.5189090974130299,-0.2779431946046461
5.875999999999575,0.005695820278408033,0.5181005160091235,-0.2827485841544032
5.877999999999575,0.006731183002513038,0.5172586383991756,-0.28752935939660196
5.8799999999995745,0.007764828765992044,0.51638356132763,-0.292285234212153
5.881999999999574,0.008796691268534605,0.5154753836394975,-0.29701592449377523
5.883999999999574,0.009826704409612209,0.5145342062709626,-0.3017211481624218
5.885999999999574,0.010854802292651105,0.5135601322398496,-0.30640062518354233
5.887999999999574,0.011880919229185926,0.5125532666359509,-0.3110540775831804
5.889999999999573,0.012904989742993828,0.5115137166112155,-0.3156812294639051
5.891999999999573,0.013926948574208882,0.5104415913698022,-0.32028180702057685
5.893999999999573,0.014946730683416416,0.509337002157996,-0.3248555385559455
5.895999999999573,0.015964271255727067,0.5082000622539903,-0.3294021544960801
5.8979999999995725,0.01697950570483027,0.507030886957534,-0.3339213874056305
5.899999999999572,0.017992369677026887,0.5058295935794479,-0.3384129720029183
5.901999999999572,0.019002799055240764,0.5045963014310089,-0.3428766451748584
5.903999999999572,0.020010729963008907,0.503331131813203,-0.34731214599170823
5.905999999999572,0.021016098768450033,0.5020342080058506,-0.351719215721646
5.907999999999571,0.02201884208821126,0.5007056552566032,-0.3560975978451755
5.909999999999571,0.023018896791392657,0.49934560076981277,-0.36044703806935785
5.911999999999571,0.02401620000344939,0.4979541736952766,-0.36476728434186967
5.913999999999571,0.025010689110071267,0.496531505116857,-0.3690580868648853
5.9159999999995705,0.02600230176103936,0.49507772804097794,-0.37331919810878483
5.91799999999957,0.026990975874059527,0.493592977385,-0.37755037282568576
5.91999999999957,0.027976649638572562,0.49207738996547457,-0.38175136806279764
5.92199999999957,0.028959261519540716,0.49053110448627824,-0.3859219431756001
5.92399999999957,0.02993875026121037,0.48895426152662946,-0.3900618598408427
5.925999999999569,0.03091505489085065,0.4873470035289881,-0.39417088206936657
5.927999999999569,0.0318881147224677,0.4857094747868392,-0.3982487762187473
5.929999999999569,0.03285786936049441,0.4840418214323626,-0.4022953110057581
5.931999999999569,0.03382425870345539,0.48234419142398943,-0.40631025751865335
5.9339999999995685,0.0347872229476069,0.4806167345338469,-0.41029338922927167
5.935999999999568,0.03574670259055165,0.47885960233509245,-0.41424448200495795
5.937999999999568,0.036702638434828024,0.477072948189139,-0.4181633141203045
5.939999999999568,0.03765497159147378,0.47525692723277224,-0.4220496662687096
5.941999999999568,0.03860364348356379,0.47341169636516184,-0.42590332157375504
5.943999999999567,0.039548595849721736,0.47153741423476686,-0.4297240656003999
5.945999999999567,0.04048977074760549,0.4696342412261382,-0.43351168636599213
5.947999999999567,0.041427110557366045,0.46770233944661804,-0.4372659743510966
5.949999999999567,0.04236055798507967,0.4657418727129384,-0.44098672251013926
5.9519999999995665,0.043290056066153215,0.4637530065377202,-0.4446737262818675
5.953999999999566,0.0442155481687023,0.4617359081158741,-0.4483267835996262
5.955999999999566,0.045136977996902236,0.4596907463109038,-0.45194569490144854
5.957999999999566,0.046054289594311376,0.45761769164111443,-0.4555302631399631
5.959999999999566,0.04696742734716689,0.45551691626572666,-0.4590802937921141
5.961999999999565,0.04787633598765262,0.45338859397089787,-0.4625955948686978
5.963999999999565,0.04878096059713887,0.45123290015565215,-0.46607597692371205
5.965999999999565,0.04968124660939403,0.4490500118177201,-0.46952125306352044
5.967999999999565,0.050577139813767706,0.44684010753929027,-0.47293123895583017
5.9699999999995645,0.051468586358345364,0.4446033674726735,-0.47630575283848364
5.971999999999564,0.05235553275307412,0.4423399733258812,-0.4796446155280636
5.973999999999564,0.05323792587285966,0.4400501083481197,-0.4829476504283112
5.975999999999564,0.05411571296063405,0.4377339573152012,-0.48621468353835817
5.977999999999564,0.054988841630394296,0.4353917065148737,-0.48944554346077085
5.979999999999563,0.055857259870211465,0.4330235437320704,-0.4926400614094083
5.981999999999563,0.05672091604521025,0.4306296582340808,-0.4957980712170925
5.983999999999563,0.05757975890051875,0.42821024075564407,-0.49891940934309165
5.985999999999563,0.05843373756418846,0.4257654834839671,-0.5020039148804158
5.987999999999563,0.059282801550084085,0.42329558004366763,-0.5050514295629258
5.989999999999562,0.060126900760743306,0.4208007254816449,-0.5080617977722542
5.991999999999562,0.06096598549020611,0.4182811162518779,-0.511034866544539
5.993999999999562,0.0618000064268137,0.41573695020015455,-0.5139704855769696
5.995999999999562,0.06262891465597678,0.41316842654873087,-0.5168685072341458
5.9979999999995615,0.0634526616629131,0.4105757458809238,-0.5197287865542493
5.999999999999561,0.06427119933535412,0.40795911012563774,-0.5225511812550274
6.001999999999561,0.0650844799662206,0.40531872254182616,-0.5253355517395895
6.003999999999561,0.06589245625626719,0.40265478770289087,-0.5280817611020161
6.005999999999561,0.0666950813166956,0.3999675114810189,-0.5307896751327814
6.00799999999956,0.0674923086717365,0.39725710103145934,-0.5334591623239875
6.00999999999956,0.06828409226119984,0.3945237647767415,-0.5360900938744122
6.01199999999956,0.0690703864429936,0.39176771239083513,-0.53868234369437
6.01399999999956,0.06985114599561078,0.3889891547832548,-0.5412357884103856
6.0159999999995595,0.07062632612058452,0.38618830408310945,-0.5437503073696812
6.017999999999559,0.07139588244491134,0.38336537362309875,-0.5462257826444773
6.019999999999559,0.07215977102344222,0.3805205779234574,-0.5486620990361061
6.021999999999559,0.0729179483412416,0.3776541326758489,-0.5510591440789399
6.023999999999559,0.07367037131591411,0.37476625472721015,-0.5534168080441324
6.025999999999558,0.07441699729989887,0.37185716206354813,-0.5557349839431757
6.027999999999558,0.07515778408273141,0.3689270737936904,-0.5580135675312684
6.029999999999558,0.07589268989327304,0.3659762101329901,-0.5602524573105023
6.031999999999558,0.07662167340190754,0.3630047923869878,-0.5624515545328602
6.0339999999995575,0.07734469372270518,0.3600130429350303,-0.5646107632030315
6.035999999999557,0.0780617104155539,0.35700118521384894,-0.5667299900810411
6.037999999999557,0.07877268348825765,0.353969443701098,-0.5688091446846939
6.039999999999557,0.07947757339860169,0.3509180438988548,-0.5708481392918373
6.041999999999557,0.08017634105638496,0.3478472123170826,-0.5728468889424359
6.043999999999556,0.08086894782541927,0.3447571764570582,-0.5748053114404661
6.045999999999556,0.0815553555254953,0.34164816479476484,-0.5767233273556255
6.047999999999556,0.08223552643431539,0.3385204067642519,-0.5786008600248589
6.049999999999556,0.08290942328939303,0.33537413274096317,-0.580437835553703
6.0519999999995555,0.08357700928991892,0.33220957402503476,-0.5822341828174468
6.053999999999555,0.08423824809859363,0.32902696282456306,-0.583989833462112
6.055999999999555,0.0848931038434268,0.3258265322388458,-0.5857047219052497
6.057999999999555,0.08554154111950268,0.3226085162415956,-0.5873787853365569
6.059999999999555,0.08618352499071227,0.3193731496641289,-0.5890119637183112
6.061999999999554,0.08681902099145158,0.3161206681785302,-0.5906041997856257
6.063999999999554,0.08744799512828641,0.31285130828079377,-0.592155439046523
6.065999999999554,0.08807041388158321,0.30956530727394377,-0.5936656297818289
6.067999999999554,0.08868624420710629,0.30626290325113387,-0.5951347230448879
6.0699999999995535,0.08929545353758117,0.3029443350787278,-0.5965626726610984
6.071999999999553,0.08989800978422402,0.299609842379362,-0.5979494352272697
6.073999999999553,0.09049388133823731,0.2962596655149915,-0.5992949701108011
6.075999999999553,0.09108303707227144,0.29289404556992044,-0.6005992394486823
6.077999999999553,0.09166544634185247,0.2895132243338182,-0.6018622081463174
6.079999999999552,0.09224107898677586,0.2861174442847225,-0.6030838438761714
6.081999999999552,0.09280990533246619,0.2827069485720304,-0.6042641170762406
6.083999999999552,0.0933718961913029,0.2792819809994786,-0.6054030009483462
6.085999999999552,0.09392702286391186,0.27584278600811446,-0.6065004714562539
6.0879999999995515,0.09447525714042304,0.27238960865925815,-0.6075565073236165
6.089999999999551,0.095016571301694,0.26892269461745777,-0.6085710900317443
6.091999999999551,0.09555093812049922,0.2654422901334382,-0.6095442038171989
6.093999999999551,0.0960783308626855,0.2619486420270448,-0.6104758356692151
6.095999999999551,0.09659872328829308,0.25844199767018383,-0.6113659753269498
6.0979999999995504,0.09711208965264273,0.25492260496975916,-0.6122146152765573
6.09999999999955,0.09761840470738865,0.25139071235060795,-0.6130217507480933
6.10199999999955,0.09811764370153733,0.24784656873843552,-0.6137873797122473
6.10399999999955,0.09860978238243216,0.24429042354275082,-0.6145115028769044
6.10599999999955,0.09909479699670401,0.24072252663980323,-0.6151941236835362
6.107999999999549,0.09957266429118763,0.23714312835552223,-0.6158352483034216
6.109999999999549,0.100043361513804,0.23355247944846072,-0.6164348856336993
6.111999999999549,0.10050686641440847,0.22995083109274295,-0.6169930472932503
6.113999999999549,0.10096315724560488,0.2263384348610184,-0.6175097476184138
6.1159999999995485,0.10141221276352559,0.22271554270742247,-0.6179850036585336
6.117999999999548,0.10185401222857739,0.21908240695054484,-0.6184188351713392
6.119999999999548,0.1022885354061534,0.21543928025640693,-0.6188112646181594
6.121999999999548,0.10271576256731094,0.21178641562144904,-0.6191623171589704
6.123999999999548,0.10313567448941532,0.20812406635552846,-0.6194720206472792
6.125999999999547,0.10354825245674974,0.20445248606492944,-0.6197404056248408
6.127999999999547,0.10395347826109112,0.2007719286353859,-0.6199675053162135
6.129999999999547,0.10435133420225205,0.19708264821511803,-0.6201533556231486
6.131999999999547,0.10474180308858884,0.1933848991978837,-0.6202979951188192
6.1339999999995465,0.10512486823747562,0.18967893620604553,-0.6204014650418861
6.135999999999546,0.10550051347574466,0.18596501407365457,-0.6204638092904009
6.137999999999546,0.10586872314009284,0.18224338782955182,-0.6204850744155506
6.139999999999546,0.10622948207745436,0.17851431268048806,-0.62046530961524
6.141999999999546,0.10658277564533969,0.17477804399426336,-0.6204045667275158
6.143999999999545,0.1069285897121408,0.17103483728288676,-0.6203029002238302
6.145999999999545,0.1072669106574028,0.16728494818575748,-0.6201603672021473
6.147999999999545,0.10759772537206193,0.1635286324528681,-0.6199770273798928
6.149999999999545,0.10792102125864991,0.159766145928031,-0.6197529430867438
6.1519999999995445,0.1082367862314649,0.15599774453212867,-0.6194881792572651
6.153999999999544,0.10854500871670889,0.15222368424638888,-0.6191828034233888
6.155999999999544,0.10884567765259164,0.1484442210956856,-0.6188368857067389
6.157999999999544,0.10913878248940137,0.14465961113186654,-0.6184504988108009
6.159999999999544,0.10942431318954204,0.1408701104171079,-0.6180237180129401
6.161999999999543,0.10970226022753737,0.13707597500729765,-0.6175566211562642
6.163999999999543,0.1099726145900017,0.1332774609354478,-0.6170492886413357
6.165999999999543,0.11023536777557764,0.12947482419513662,-0.6165018034177323
6.167999999999543,0.11049051179484073,0.12566832072398168,-0.6159142509754566
6.1699999999995425,0.11073803917017097,0.12185820638714444,-0.6152867193361945
6.171999999999542,0.11097794293559146,0.1180447369608672,-0.6146192990444271
6.173999999999542,0.11121021663657416,0.11422816811604336,-0.613912083158391
6.175999999999542,0.11143485432981272,0.11040875540182159,-0.6131651672408924
6.177999999999542,0.11165185058296273,0.10658675422924486,-0.6123786493499744
6.179999999999541,0.1118612004743491,0.10276241985492506,-0.611552630029436
6.181999999999541,0.11206289959264093,0.09893600736475384,-0.610687212299208
6.183999999999541,0.11225694403649383,0.09510777165765086,-0.6097825016455816
6.185999999999541,0.11244333041415976,0.09127796742934963,-0.6088386060112946
6.1879999999995405,0.11262205584306442,0.08744684915622225,-0.6078556357854735
6.18999999999954,0.1127931179493525,0.08361467107914346,-0.6068337037934333
6.19199999999954,0.11295651486740046,0.07978168718739488,-0.6057729252863342
6.19399999999954,0.11311224523929743,0.07594815120261021,-0.6046734179306997
6.19599999999954,0.11326030821429374,0.07211431656276202,-0.6035353017977922
6.197999999999539,0.11340070344821776,0.06828043640619094,-0.6023586993528497
6.199999999999539,0.11353343110286063,0.06444676355567806,-0.6011437354441842
6.201999999999539,0.11365849184532925,0.06061355050256105,-0.5998905372921421
6.203999999999539,0.11377588684736763,0.05678104939089492,-0.5985992344779268
6.2059999999995386,0.11388561778464641,0.05294951200165804,-0.5972699589322856
6.207999999999538,0.11398768683602108,0.049119189737004146,-0.5959028449240611
6.209999999999538,0.11408209668275851,0.04529033360456106,-0.5944980290486075
6.211999999999538,0.11416885050773233,0.04146319420177679,-0.5930556502160731
6.213999999999538,0.11424795199458691,0.037638021700313704,-0.59157584963955
6.2159999999995375,0.11431940532687028,0.03381506583049154,-0.5900587708230913
6.217999999999537,0.11438321518713584,0.029994575865779867,-0.5885045595495972
6.219999999999537,0.11443938675601331,0.0261768006073407,-0.5869133638685691
6.221999999999537,0.11448792571124863,0.022361988368621973,-0.5852853340837368
6.223999999999537,0.11452883822671323,0.018550386960002545,-0.5836206227405542
6.225999999999536,0.11456213097138249,0.01474224367348937,-0.5819193846135674
6.227999999999536,0.11458781110828385,0.010937805267467564,-0.5801817766936571
6.229999999999536,0.11460588629341434,0.007137317951504002,-0.578407958175153
6.231999999999536,0.11461636467462773,0.0033410273712051156,-0.5765980904428236
6.2339999999995355,0.11461925489049159,-0.00045082140687045195,-0.5747523370587412
6.235999999999535,0.11461456606911415,-0.004237983910243653,-0.5728708637490227
6.237999999999535,0.11460230782694113,-0.008020216275490677,-0.570953838390449
6.239999999999535,0.11458249026752272,-0.011797275263161752,-0.5690014309969602
6.241999999999535,0.11455512398025079,-0.01556891827264246,-0.5670138137060328
6.243999999999534,0.1145202200390664,-0.019334903356956926,-0.5649911607649327
6.245999999999534,0.11447779000113772,-0.023094989237512225,-0.5629336485168535
6.247999999999534,0.11442784590550868,-0.026848935318783355,-0.5608414553869325
6.249999999999534,0.1143704002717181,-0.03059650170293816,-0.5587147618681517
6.2519999999995335,0.11430546609838982,-0.034337449204401536,-0.5565537505071214
6.253999999999533,0.11423305686179361,-0.0380715393643583,-0.5543586058897483
6.255999999999533,0.11415318651437727,-0.04179853446519407,-0.5521295146267889
6.257999999999533,0.11406586948326977,-0.04551819754487352,-0.5498666653392893
6.259999999999533,0.11397112066875588,-0.04923029241125543,-0.5475702486439121
6.261999999999532,0.11386895544272199,-0.052934583656343806,-0.5452404571381517
6.263999999999532,0.11375938964707374,-0.05663083667047452,-0.5428774853854381
6.265999999999532,0.1136424395921252,-0.0603188176564368,-0.5404815299001315
6.267999999999532,0.11351812205495984,-0.06399829364352895,-0.5380527891324075
6.2699999999995315,0.11338645427776363,-0.0676690325015477,-0.5355914634530347
6.271999999999531,0.11324745396613001,-0.0713308029547105,-0.5330977551380444
6.273999999999531,0.11310113928733725,-0.07498337459551024,-0.5305718683532947
6.275999999999531,0.11294752886859813,-0.07862651789850161,-0.5280140091389312
6.277999999999531,0.112786641795282,-0.08226000423401868,-0.5254243853937399
6.27999999999953,0.11261849760910965,-0.08588360588182287,-0.5228032068594006
6.28199999999953,0.11244311630632084,-0.0894970960446809,-0.5201506851046368
6.28399999999953,0.11226051833581478,-0.09310024886187189,-0.5174670335092638
6.28599999999953,0.1120707245972637,-0.09669283942262316,-0.514752467248138
6.2879999999995295,0.1118737564391995,-0.10027464377947404,-0.5120072032750068
6.289999999999529,0.11166963565707394,-0.10384543896156703,-0.5092314603062604
6.291999999999529,0.11145838449129211,-0.10740500298786582,-0.5064254588045861
6.293999999999529,0.11124002562521969,-0.11095311488029937,-0.5035894209625276
6.295999999999529,0.11101458218316394,-0.11448955467683165,-0.5007235706859487
6.297999999999528,0.11078207772832863,-0.11801410344445626,-0.49782813357740385
6.299999999999528,0.11054253626074302,-0.12152654329211532,-0.49490333691941496
6.301999999999528,0.11029598221516518,-0.12502665738354213,-0.49194940965765743
6.303999999999528,0.11004244045895957,-0.1285142299500269,-0.4889665823840549
6.3059999999995275,0.10978193628994928,-0.1319890463031049,-0.4859550873197844
6.307999999999527,0.10951449543424292,-0.1354508928471666,-0.4829151582981939
6.309999999999527,0.10924014404403634,-0.13889955709198884,-0.4798470307476313
6.311999999999527,0.1089589086953894,-0.14233482766518685,-0.4767509416741873
6.313999999999527,0.10867081638597798,-0.14575649432458612,-0.4736271296443536
6.315999999999526,0.10837589453282116,-0.14916434797051378,-0.4704758347675968
6.317999999999526,0.10807417096998412,-0.15255818065800872,-0.46729729867884895
6.319999999999526,0.10776567394625644,-0.15593778560894983,-0.4640917645209163
6.321999999999526,0.10745043212280651,-0.15930295722410198,-0.4608594769268073
6.323999999999526,0.10712847457081169,-0.16265349109507876,-0.45760068200198156
6.325999999999525,0.10679983076906477,-0.16598918401622162,-0.4543156273065191
6.327999999999525,0.10646453060155671,-0.16930983399639477,-0.451004561837213
6.329999999999525,0.10612260435503584,-0.1726152402706952,-0.4476677360095862
6.331999999999525,0.10577408271654383,-0.17590520331207712,-0.4443054016398316
6.3339999999995245,0.10541899677092838,-0.17917952484289043,-0.44091781192668056
6.335999999999524,0.10505737799833298,-0.18243800784633232,-0.4375052214331967
6.337999999999524,0.10468925827166384,-0.18568045657781165,-0.4340678860684988
6.339999999999524,0.10431466985403422,-0.18890667657622534,-0.4306060630694134
6.341999999999524,0.1039336453961862,-0.19211647467514623,-0.42712001098205843
6.343999999999523,0.10354621793389027,-0.19530965901392175,-0.42360998964335783
6.345999999999523,0.10315242088532273,-0.1984860390486829,-0.4200762601624905
6.347999999999523,0.10275228804842122,-0.2016454255632628,-0.4165190849022722
6.349999999999523,0.10234585359821849,-0.20478763068002423,-0.4129387274604747
6.3519999999995225,0.10193315208415457,-0.20791246787059572,-0.4093354526510803
6.353999999999522,0.10151421842736759,-0.21101975196651523,-0.405709526485475
6.355999999999522,0.10108908791796342,-0.21410929916978125,-0.4020612161535803
6.357999999999522,0.10065779621226428,-0.21718092706331038,-0.3983907900049265
6.359999999999522,0.10022037933003652,-0.22023445462130092,-0.3946985175296663
6.361999999999521,0.0997768736516978,-0.22326970221950193,-0.39098466933953213
6.363999999999521,0.09932731591550374,-0.22628649164538694,-0.387249517148738
6.365999999999521,0.09887174321471451,-0.22928464610823202,-0.38349333375482525
6.367999999999521,0.09841019299474112,-0.2322639902490973,-0.3797163930194565
6.3699999999995205,0.09794270305027201,-0.23522435015071166,-0.37591896984915696
6.37199999999952,0.09746931152237993,-0.23816555334725967,-0.37210134017600427
6.37399999999952,0.09699005689560929,-0.2410874288340704,-0.36826378093826984
6.37599999999952,0.09650497799504427,-0.24398980707720744,-0.36440657006101124
6.37799999999952,0.09601411398335793,-0.24687252002295965,-0.36052998643661766
6.379999999999519,0.09551750435784227,-0.2497354011072318,-0.3566343099053098
6.381999999999519,0.09501518894741974,-0.2525782852648348,-0.3527198212355955
6.383999999999519,0.09450720790963622,-0.25540100893867457,-0.34878680210468127
6.385999999999519,0.09399360172763577,-0.2582034100888397,-0.34483553507884385
6.3879999999995185,0.09347441120711718,-0.2609853282015861,-0.340866303593759
6.389999999999518,0.09294967747327286,-0.2637466042982195,-0.3368793919347929
6.391999999999518,0.09241944196770986,-0.266487080943874,-0.33287508521725456
6.393999999999518,0.09188374644535359,-0.2692066022561869,-0.3288536693666123
6.395999999999518,0.09134263297133417,-0.27190501391386884,-0.3248154310986745
6.397999999999517,0.0907961439178559,-0.2745821631651687,-0.3207606578997364
6.399999999999517,0.09024432196104973,-0.27723789883623295,-0.31668963800669514
6.401999999999517,0.08968721007780923,-0.27987207133935865,-0.31260266038713214
6.403999999999517,0.08912485154261017,-0.28248453268113977,-0.30850001471936683
6.4059999999995165,0.0885572899243138,-0.2850751364705057,-0.304381991372481
6.407999999999516,0.08798456908295434,-0.2876437379266525,-0.3002488813863161
6.409999999999516,0.0874067331665105,-0.2901901938868649,-0.2961009764514454
6.411999999999516,0.08682382660766168,-0.29271436281423,-0.29193856888912006
6.413999999999516,0.08623589412052869,-0.29521610480524096,-0.2877619516311934
6.415999999999515,0.08564298069739947,-0.29769528159729064,-0.28357141820002296
6.417999999999515,0.08504513160543986,-0.30015175657605486,-0.279367262688352
6.419999999999515,0.08444239238338978,-0.3025853947827643,-0.2751497797391719
6.421999999999515,0.08383480883824497,-0.3049960629213647,-0.2709192645255668
6.4239999999995145,0.08322242704192442,-0.3073836293655651,-0.2666760127305425
6.425999999999514,0.082605293327924,-0.3097479641657731,-0.2624203205268395
6.427999999999514,0.08198345428795617,-0.3120889390559171,-0.25815248455673345
6.429999999999514,0.08135695676857621,-0.3144064274601549,-0.25387280191182227
6.431999999999514,0.08072584786779519,-0.3167003044994678,-0.24958157011280363
6.433999999999513,0.08009017493167982,-0.3189704469981402,-0.24527908708924204
6.435999999999513,0.07944998555093948,-0.32121673349012425,-0.24096565115932897
6.437999999999513,0.0788053275575006,-0.3234390442252883,-0.23664156100963524
6.439999999999513,0.07815624902106869,-0.3256372611755497,-0.23230711567485882
6.441999999999513,0.07750279824567824,-0.3278112680408908,-0.22796261451756855
6.443999999999512,0.07684502376623065,-0.3299609502552578,-0.2236083572079458
6.445999999999512,0.07618297434502051,-0.33208619499234227,-0.21924464370352434
6.447999999999512,0.07551669896825049,-0.33418689117124456,-0.21487177422893144
6.449999999999512,0.07484624684253487,-0.33626292946201897,-0.21049004925563014
6.4519999999995115,0.07417166739139226,-0.3383142022910999,-0.20609976948166486
6.453999999999511,0.07349301025172754,-0.34034060384660864,-0.20170123581141136
6.455999999999511,0.07281032527030322,-0.34234203008354086,-0.1972947493353334
6.457999999999511,0.07212366250020065,-0.3443183787288337,-0.19288061130974568
6.459999999999511,0.07143307219727119,-0.34626954928631215,-0.1884591231365864
6.46199999999951,0.07073860481657758,-0.3481954430415151,-0.18403058634319985
6.46399999999951,0.0700403110088258,-0.3500959630663995,-0.17959530256213033
6.46599999999951,0.06933824161678762,-0.3519710142239232,-0.17515357351092922
6.46799999999951,0.06863244767171416,-0.35382050317250535,-0.17070570097197646
6.4699999999995095,0.0679229803897406,-0.355644338370365,-0.16625198677231812
6.471999999999509,0.06720989116828234,-0.3574424300797362,-0.16179273276352046
6.473999999999509,0.0664932315824229,-0.3592146903709604,-0.15732824080154362
6.475999999999509,0.06577305338129369,-0.3609610331264551,-0.15285881272663435
6.477999999999509,0.06504940848444601,-0.3626813740445591,-0.1483847503432409
6.479999999999508,0.0643223489782155,-0.3643756306432529,-0.14390635539995053
6.481999999999508,0.06359192711207919,-0.3660437222637555,-0.13942392956945102
6.483999999999508,0.0628581952950056,-0.3676855700739956,-0.13493777442851818
6.485999999999508,0.062121206091797915,-0.36930109707195846,-0.13044819143803016
6.4879999999995075,0.06138101221943069,-0.37089022808890676,-0.12595548192301037
6.489999999999507,0.06063766654338012,-0.37245288979247637,-0.12145994705270005
6.491999999999507,0.05989122207394837,-0.3739890106896459,-0.11696188782066241
6.493999999999507,0.059141731962582,-0.37549852112958026,-0.11246160502491889
6.495999999999507,0.058389249498184886,-0.3769813533063475,-0.10795939924811987
6.497999999999506,0.05763382810342577,-0.3784374412615096,-0.1034555708377507
6.499999999999506,0.05687552133104085,-0.37986672088658563,-0.0989504198863741
6.501999999999506,0.05611438286013148,-0.38126912992538864,-0.09444424621191147
6.503999999999506,0.055350466492457354,-0.38264460797623445,-0.08993734933796305
6.5059999999995055,0.05458382614872544,-0.3839930964940235,-0.08543002847416953
6.507999999999505,0.053814515864874804,-0.3853145387921948,-0.08092258249661541
6.509999999999505,0.053042589788357734,-0.386608880044552,-0.07641530992827661
6.511999999999505,0.05226810217441726,-0.38787606728696167,-0.07190850891951264
6.513999999999505,0.05149110738236148,-0.38911604941892286,-0.06740247722860548
6.515999999999504,0.050711659871834805,-0.3903287772050091,-0.06289751220234596
6.517999999999504,0.049929814199086514,-0.3915142032761812,-0.05839391075666947
6.519999999999504,0.04914562501323677,-0.39267228213097216,-0.05389196935734197
6.521999999999504,0.0483591470525404,-0.39380297013654275,-0.049391984000697775
6.5239999999995035,0.04757043514064871,-0.3949062255296088,-0.044894250194430635
6.525999999999503,0.04677954418286955,-0.39598200841723935,-0.040399062938439145
6.527999999999503,0.04598652916242594,-0.3970302807775261,-0.03590671670572809
6.529999999999503,0.04519144513671345,-0.3980510064601236,-0.03141750542336663
6.531999999999503,0.044394347233556675,-0.39904415118666053,-0.026931722453505447
6.533999999999502,0.04359529064746497,-0.400009682551022,-0.022449660574453106
6.535999999999502,0.042794330635887785,-0.4009475700195023,-0.017971611961813877
6.537999999999502,0.041991522515469795,-0.4018577849308293,-0.01349786816968776
6.539999999999502,0.04118692165830614,-0.40274030049605886,-0.009028720111934313
6.5419999999995015,0.04038058348819797,-0.4035950917983407,-0.004564458043501279
6.543999999999501,0.039572563476908636,-0.404422135792555,-0.00010537154181952668
6.545999999999501,0.03876291714042066,-0.40522141130481976,0.0043482505117343195
6.547999999999501,0.03795170003519393,-0.40599289903186964,0.008796119950306575
6.549999999999501,0.037138967754425135,-0.4067365815403053,0.013237949339965166
6.5519999999995004,0.036324775924308966,-0.407452443265714,0.017673451998026973
6.5539999999995,0.03550918020030108,-0.40814047051166175,0.02210234201131217
6.5559999999995,0.03469223626338331,-0.4088006514485563,0.02652433425432546
6.5579999999995,0.03387399981633119,-0.40943297611238194,0.03093914440736162
6.5599999999995,0.03305452657998422,-0.4100374364033054,0.03534648897453502
6.561999999999499,0.03223387228951899,-0.4106140260841539,0.0397460853017316
6.563999999999499,0.03141209269072549,-0.41116274077876475,0.04413765159448202
6.565999999999499,0.03058924353628689,-0.4116835779702067,0.04852090693575492
6.567999999999499,0.029765380582062906,-0.41217653699887424,0.052895571303668926
6.5699999999994985,0.02894055958337723,-0.4126416190604532,0.05726136558912259
6.571999999999498,0.028114836291309057,-0.41307882720375977,0.06161801161334046
6.573999999999498,0.02728826644898912,-0.4134881663284517,0.06596523214533459
6.575999999999498,0.026460905787900394,-0.41386964318261293,0.07030275091928026
6.577999999999498,0.025632810024183782,-0.4142232663602111,0.07463029265180449
6.579999999999497,0.024804034854948996,-0.4145490462984286,0.07894758305918664
6.581999999999497,0.02397463595459091,-0.41484699527486746,0.08325434887446931
6.583999999999497,0.023144668971111636,-0.4151171274046283,0.08755031786447917
6.585999999999497,0.02231418952244854,-0.41535945863726337,0.09183521884675597
6.5879999999994965,0.021483253192808523,-0.4155740067536043,0.09610878170638898
6.589999999999496,0.020651915529008726,-0.41576079136246485,0.10037073741275952
6.591999999999496,0.01982023203682398,-0.41591983389721887,0.1046208180361888
6.593999999999496,0.018988258177341222,-0.41605115761225375,0.10885875676448953
6.595999999999496,0.018156049363321117,-0.41615478757929986,0.11308428791942077
6.597999999999495,0.01732366095556716,-0.41623075068363646,0.11729714697304434
6.599999999999495,0.01649114825930248,-0.4162790756201741,0.12149707056398243
6.601999999999495,0.015658566520554598,-0.416299792889414,0.12568379651357464
6.603999999999495,0.014825970922548405,-0.41629293479328533,0.12985706384193402
6.6059999999994945,0.013993416582107567,-0.4162585354308601,0.13401661278390065
6.607999999999494,0.013160958546064642,-0.4161966306939463,0.13816218480489223
6.609999999999494,0.012328651787680115,-0.41610725826255995,0.14229352261664996
6.611999999999494,0.01149655120307062,-0.4159904576002765,0.1464103701928794
6.613999999999494,0.010664711607646577,-0.4158462699494614,0.15051247278478513
6.615999999999493,0.009833187732559489,-0.41567473832638174,0.1545995769364978
6.617999999999493,0.009002034221159127,-0.4154759075161976,0.15867143050039342
6.619999999999493,0.008171305625460864,-0.4152498240678351,0.16272778265230317
6.621999999999493,0.007341056402623372,-0.414996536288741,0.16676838390661325
6.6239999999994925,0.006511340911436932,-0.4147160942395195,0.17079298613125365
6.625999999999492,0.005682213408822585,-0.4144085497284517,0.1748013425625751
6.627999999999492,0.004853728046342363,-0.4140739563058985,0.17879320782011293
6.629999999999492,0.004025938866720828,-0.4137123692585872,0.18276833792123742
6.631999999999492,0.003198899800378155,-0.41332384560378244,0.18672649029568944
6.633999999999491,0.0023726646619749918,-0.4129084440833426,0.19066742380000046
6.635999999999491,0.0015472871469693111,-0.4124662251576612,0.19459089873179633
6.637999999999491,0.0007228208281855034,-0.4119972509994947,0.19849667684398403
6.639999999999491,-0.00010068084760407874,-0.4115015854876774,0.20238452135881982
6.6419999999994905,-0.0009231645630848901,-0.41097929420072354,0.2062541969818591
6.64399999999949,-0.0017445771337930567,-0.4104304444103173,0.2101054699157862
6.64599999999949,-0.0025648655114951066,-0.4098551050746919,0.21393810787412393
6.64799999999949,-0.0033839767875543506,-0.40925334683189807,0.2177518800948215
6.64999999999949,-0.0042018581962836865,-0.40862524199296213,0.22154655735372078
6.651999999999489,-0.005018457118284614,-0.40797086453493536,0.2253219119778995
6.653999999999489,-0.005833721083772237,-0.40729029009383455,0.22907771785889075
6.655999999999489,-0.006647597775886037,-0.4065835959574747,0.23281375046577846
6.657999999999489,-0.007460035033986213,-0.4058508610581945,0.23652978685816753
6.6599999999994886,-0.008270980856935358,-0.40509216596547565,0.24022560569902832
6.661999999999488,-0.009080383406365269,-0.4043075928784561,0.2439009872674146
6.663999999999488,-0.00988819100992868,-0.4034972256183387,0.24755571347105437
6.665999999999488,-0.010694352164535716,-0.40266114962069527,0.25118956785881275
6.667999999999488,-0.01149881553957483,-0.40179945192766764,0.25480233563302623
6.6699999999994874,-0.012301529980118065,-0.40091222118006564,0.25839380366170794
6.671999999999487,-0.013102444510110394,-0.3999995476093633,0.26196376049062314
6.673999999999487,-0.013901508335542956,-0.399061523029594,0.2655119963552336
6.675999999999487,-0.01469867084760998,-0.3980982408291453,0.26903830319251176
6.677999999999487,-0.0154938816258492,-0.3971097959624541,0.27254247465262255
6.679999999999486,-0.016287090441265563,-0.3960962849416032,0.276024306110473
6.681999999999486,-0.017078247259438035,-0.3950578058278199,0.2794835946771294
6.683999999999486,-0.017867302243609294,-0.39399445822287776,0.28292013921110015
6.685999999999486,-0.018654205757758148,-0.3929063432604017,0.28633374032948533
6.6879999999994855,-0.01943890836965445,-0.39179356359707807,0.2897242004189916
6.689999999999485,-0.020221360853896357,-0.39065622340377015,0.2930913236468113
6.691999999999485,-0.021001514194929714,-0.3894944283565398,0.29643491597136684
6.693999999999485,-0.021779319590049383,-0.3883082856275763,0.2997547851529185
6.695999999999485,-0.022554728452382357,-0.38709790387603354,0.30305074076403504
6.697999999999484,-0.023327692413852442,-0.3858633932387758,0.3063225941999286
6.699999999999484,-0.024098163328126344,-0.38460486532103344,0.3095701586886501
6.701999999999484,-0.024866093273540973,-0.3833224331869695,0.31279324930114843
6.703999999999484,-0.025631434556011808,-0.38201621135015773,0.3159916829611896
6.7059999999994835,-0.02639413971192211,-0.3806863157639731,0.31916527845513787
6.707999999999483,-0.027154161510992838,-0.3793328638118958,0.3223138564415971
6.709999999999483,-0.027911452959133103,-0.37795597429772976,0.3254372394609121
6.711999999999483,-0.02866596730127094,-0.37655576743573604,0.32853525194453037
6.713999999999483,-0.029417658024164295,-0.3751323648406829,0.3316077202242227
6.715999999999482,-0.03016647885919201,-0.3736858895178125,0.33465447254116293
6.717999999999482,-0.03091238378512467,-0.37221646585272605,0.3376753390548663
6.719999999999482,-0.031655327030875126,-0.37072421960118784,0.34067015185198635
6.721999999999482,-0.03239526307822858,-0.3692092778788491,0.34363874495496954
6.7239999999994815,-0.03313214666455196,-0.36767176915089306,0.34658095433056746
6.725999999999481,-0.033865932785482646,-0.3661118232216015,0.34949661789820635
6.727999999999481,-0.03459657669759607,-0.3645295712238445,0.352385575538214
6.729999999999481,-0.03532403392105237,-0.3629251456084936,0.3552476690999026
6.731999999999481,-0.036048260242221755,-0.36129868013376015,0.35808274240950866
6.73399999999948,-0.03676921171628841,-0.3596503098544591,0.36089064127798887
6.73599999999948,-0.03748684466983293,-0.35798017111119956,0.3636712135086716
6.73799999999948,-0.038201115703393046,-0.35628840151950303,0.3664243089047644
6.73999999999948,-0.03891198169400247,-0.35457513995885037,0.36914977927671677
6.7419999999994795,-0.03961939979770784,-0.35284052656165843,0.37184747844943755
6.743999999999479,-0.04032332745206346,-0.3510847027021873,0.37451726226936843
6.745999999999479,-0.041023722378603904,-0.34930781098537905,0.37715898861141095
6.747999999999479,-0.04172054258529408,-0.34750999523562964,0.37977251738570905
6.749999999999479,-0.042413746368956916,-0.34569140048549357,0.38235771054428525
6.751999999999478,-0.043103292317678274,-0.3438521729643241,0.3849144320875314
6.753999999999478,-0.043789139313189174,-0.34199246008684836,0.38744254807055345
6.755999999999478,-0.04447124653322503,-0.34011241044167967,0.38994192660937005
6.757999999999478,-0.045149573453861905,-0.33821217377976703,0.392412437886965
6.7599999999994775,-0.045824079851829555,-0.33629190100278356,0.394853954159193
6.761999999999477,-0.04649472580680123,-0.3343517441514545,0.39726634976053954
6.763999999999477,-0.04716147170366004,-0.3323918563938259,0.3996495011097334
6.765999999999477,-0.04782427823474184,-0.3304123920134747,0.4020032867152131
6.767999999999477,-0.04848310640205442,-0.32841350639766215,0.4043275871804466
6.769999999999476,-0.049137917519472996,-0.32639535602543013,0.40662228520910315
6.771999999999476,-0.049788673214911816,-0.32435809845564273,0.40888726561008004
6.773999999999476,-0.050435335432471806,-0.3223018923149734,0.4111224153023805
6.775999999999476,-0.051077866434564106,-0.32022689728583875,0.41332762331984574
6.7779999999994756,-0.05171622880400947,-0.31813327409428005,0.41550278081573994
6.779999999999475,-0.052350385446113354,-0.31602118449779376,0.4176477810671874
6.781999999999475,-0.05298029959071658,-0.3138907912731115,0.41976251947946364
6.783999999999475,-0.053605934794221585,-0.311742258203931,0.42184689359013866
6.785999999999475,-0.054227254941594014,-0.3095757500685988,0.42390080307307343
6.7879999999994745,-0.054844224248339665,-0.30739143262774565,0.42592414974226944
6.789999999999474,-0.055456807262456664,-0.305189472611876,0.4279168375555712
6.791999999999474,-0.05606496886636275,-0.30297003770891195,0.4298787726182213
6.793999999999474,-0.056668674278797626,-0.3007332965516932,0.43180986318626974
6.795999999999474,-0.057267889056700244,-0.2984794187054338,0.4337100196698347
6.797999999999473,-0.05786257909706098,-0.29620857465513717,0.4355791546362181
6.799999999999473,-0.05845271063874861,-0.293920935792969,0.4374171828128735
6.801999999999473,-0.05903825026431193,-0.2916166744055911,0.4392240210902275
6.803999999999473,-0.059619164901756096,-0.2892959636614552,0.44099958852435517
6.8059999999994725,-0.06019542182629344,-0.2869589775980594,0.44274380633950805
6.807999999999472,-0.06076698866206879,-0.28460589110916656,0.44445659793049686
6.809999999999472,-0.061333833383859185,-0.28223687993198754,0.4461378888649272
6.811999999999472,-0.06189592431874792,-0.2798521206343285,0.4477876068852897
6.813999999999472,-0.062453230147772876,-0.27745179060170444,0.44940568191090385
6.815999999999471,-0.063005719907549,-0.27503606802441943,0.4509920460397166
6.817999999999471,-0.06355336299186494,-0.2726051318846146,0.4525466335499547
6.819999999999471,-0.06409612915325374,-0.27015916194328504,0.45406938090163196
6.821999999999471,-0.06463398850453758,-0.2676983387272665,0.45556022673791124
6.8239999999994705,-0.06516691152034633,-0.26522284351619263,0.45701911188632116
6.82599999999947,-0.06569486903861016,-0.2627328583294242,0.45844597935982795
6.82799999999947,-0.06621783226202586,-0.260228565912951,0.45984077435776294
6.82999999999947,-0.066735772759497,-0.25771014972626705,0.46120344426660487
6.83199999999947,-0.06724866246754778,-0.25517779392922096,0.46253393866061854
6.833999999999469,-0.06775647369171056,-0.25263168336884173,0.46383220930234936
6.835999999999469,-0.06825917910788705,-0.25007200356614084,0.4650982101429737
6.837999999999469,-0.06875675176368304,-0.2474989407028923,0.4663318973225057
6.839999999999469,-0.06924916507971669,-0.24491268160839078,0.4675332291698613
6.8419999999994685,-0.06973639285090032,-0.24231341374618948,0.4687021662027788
6.843999999999468,-0.07021840924769564,-0.2397013252008182,0.46983867112759636
6.845999999999468,-0.0706951888173424,-0.23707660466448274,0.4709427088388873
6.847999999999468,-0.07116670648506045,-0.23443944142374668,0.47201424641895334
6.849999999999468,-0.07163293755522511,-0.23179002534619617,0.4730532531371756
6.851999999999467,-0.07209385771251586,-0.22912854686708903,0.47405970044922363
6.853999999999467,-0.07254944302303834,-0.2264551969759887,0.47503356199612384
6.855999999999467,-0.07299966993541954,-0.2237701672033844,0.47597481360318605
6.857999999999467,-0.07344451528187632,-0.22107364960729803,0.47688343327878985
6.8599999999994665,-0.07388395627925702,-0.2183658367598788,0.4777594012130306
6.861999999999466,-0.07431797053005636,-0.21564692173398692,0.4786026997762245
6.863999999999466,-0.07474653602340338,-0.2129170980897665,0.47941331351727523
6.865999999999466,-0.0751696311360226,-0.21017655986120937,0.48019122916190016
6.867999999999466,-0.07558723463316826,-0.20742550154271,0.48093643561071764
6.869999999999465,-0.07599932566953169,-0.204664118075613,0.48164892393719627
6.871999999999465,-0.07640588379012175,-0.20189260483475371,0.48232868738546497
6.873999999999465,-0.07680688893111837,-0.19911115761499296,0.4829757213679856
6.875999999999465,-0.07720232142069905,-0.1963199726177467,0.4835900234630883
6.8779999999994645,-0.07759216197983859,-0.19351924643751173,0.4841715934123686
6.879999999999464,-0.07797639172308175,-0.19070917604838789,0.4847204331179488
6.881999999999464,-0.07835499215928894,-0.18788995879059803,0.4852365466396027
6.883999999999464,-0.07872794519235504,-0.18506179235700643,0.4857199401917437
6.885999999999464,-0.07909523312190116,-0.18222487477963648,0.4861706221402784
6.887999999999463,-0.07945683864393949,-0.17937940441618863,0.486588602999324
6.889999999999463,-0.07981274485151119,-0.17652557993655932,0.48697389542779174
6.891999999999463,-0.08016293523529727,-0.17366360030936176,0.4873265142258356
6.893999999999463,-0.08050739368420261,-0.17079366478844957,0.48764647633116726
6.895999999999463,-0.08084610448591288,-0.16791597289944382,0.48793380081523785
6.897999999999462,-0.0811790523274247,-0.1650307244262645,0.48818850887928633
6.899999999999462,-0.0815062222955487,-0.16213811939766734,0.4884106238502558
6.901999999999462,-0.08182759987738578,-0.1592383580737864,0.48860017117657717
6.903999999999462,-0.08214317096077639,-0.15633164093268379,0.48875717842382205
6.9059999999994615,-0.08245292183472298,-0.15341816865690697,0.48888167527022386
6.907999999999461,-0.08275683918978549,-0.15049814212005444,0.4889736935020684
6.909999999999461,-0.08305491011845006,-0.14757176237335085,0.48903326700895466
6.911999999999461,-0.08334712211547086,-0.14463923063223208,0.4890604317789258
6.913999999999461,-0.08363346307818512,-0.14170074826294132,0.48905522589347034
6.91599999999946,-0.0839139213068013,-0.1387565167691367,0.4890176895223962
6.91799999999946,-0.08418848550466061,-0.13580673777851146,0.48894786491857484
6.91999999999946,-0.0844571447784717,-0.13285161302942736,0.4888457964125588
6.92199999999946,-0.08471988863851859,-0.12989134435756206,0.4887115304070722
6.9239999999994595,-0.08497670699884204,-0.1269261336825713,0.488545115371374
6.925999999999459,-0.0852275901773941,-0.12395618299476671,0.48834660183549583
6.927999999999459,-0.08547252889616622,-0.12098169434180982,0.4881160423843539
6.929999999999459,-0.08571151428129054,-0.11800286981542324,0.48785349165173597
6.931999999999459,-0.08594453786311483,-0.11501991153811966,0.48755900631416427
6.933999999999458,-0.0861715915762508,-0.11203302164994944,0.487232645084634
6.935999999999458,-0.08639266775959592,-0.1090424022952675,0.48687446870622875
6.937999999999458,-0.08660775915632882,-0.10604825560952034,0.48648453994561336
6.939999999999458,-0.0868168589138783,-0.1030507837060538,0.48606292358640424
6.9419999999994575,-0.08701996058386595,-0.10005018866294246,0.4856096864224184
6.943999999999457,-0.08721705812202242,-0.09704667250984123,0.485124897250801
6.945999999999457,-0.08740814588807751,-0.09404043721485998,0.4846086268650327
6.947999999999457,-0.08759321864562394,-0.09103168467146192,0.4840609480478175
6.949999999999457,-0.08777227156195504,-0.08802061668538633,0.4834819355638507
6.951999999999456,-0.08794530020787612,-0.08500743496159657,0.48287166615246835
6.953999999999456,-0.08811230055749004,-0.08199234109125382,0.4822302185201789
6.955999999999456,-0.08827326898795651,-0.07897553653871746,0.48155767333307714
6.957999999999456,-0.08842820227922552,-0.07595722262857271,0.4808541132091413
6.9599999999994555,-0.0885770976137449,-0.07293760053268619,0.480119622710414
6.961999999999455,-0.0887199525761419,-0.06991687125729021,0.47935428833506755
6.963999999999455,-0.0888567651528791,-0.06689523563009628,0.4785581985093546
6.965999999999455,-0.08898753373188444,-0.0638728942874388,0.47773144357944364
6.967999999999455,-0.08911225710215567,-0.060850047661449316,0.4768741158031416
6.969999999999454,-0.08923093445333918,-0.057826895967262294,0.475986309341503
6.971999999999454,-0.08934356537528321,-0.054803639190252836,0.4750681202503271
6.973999999999454,-0.08945014985756557,-0.0517804770733072,0.4741196464715425
6.975999999999454,-0.08955068828899601,-0.04875760910412669,0.47314098782448144
6.9779999999994535,-0.08964518145709319,-0.04573523450256562,0.4721322459970434
6.979999999999453,-0.08973363054753632,-0.04271355220800399,0.4710935245367488
6.981999999999453,-0.08981603714359164,-0.03969276086675553,0.47002492884168356
6.983999999999453,-0.08989240322551374,-0.03667305881951177,0.468926566151336
6.985999999999453,-0.08996273116992176,-0.03365464408882282,0.4677985455373246
6.987999999999452,-0.09002702374915064,-0.030637714366615432,0.4666409778940202
6.989999999999452,-0.09008528413057745,-0.02762246700174904,0.4654539759290609
6.991999999999452,-0.09013751587592282,-0.024609098987610413,0.46423765415376184
6.993999999999452,-0.09018372294052762,-0.02159780694974755,0.46299212887341934
6.9959999999994515,-0.09022390967260498,-0.01858878713354342,0.4617175181775119
6.997999999999451,-0.09025808081246764,-0.015582235391930242,0.46041394192979657
6.999999999999451,-0.09028624149173084,-0.012578347173144874,0.45908152175830336
7.001999999999451,-0.09030839723249069,-0.009577317508525949,0.4577203810452266
7.003999999999451,-0.09032455394647823,-0.006579341000353393,0.45633064491671643
7.0059999999994504,-0.09033471793418918,-0.003584611809730937,0.4549124402325678
7.00799999999945,-0.09033889588398952,-0.0005933236445122203,0.45346589557581135
7.00999999999945,-0.09033709487119695,0.002394330252728874,0.45199114124220374
7.01199999999945,-0.09032932235713835,0.005378157116683075,0.45048830922962035
7.01399999999945,-0.09031558618818328,0.008357964671245138,0.4489575332273502
7.015999999999449,-0.09029589459475373,0.011333561141407225,0.4473989486052938
7.017999999999449,-0.09027025619031004,0.014304755265105659,0.44581269240306504
7.019999999999449,-0.09023867997031318,0.017271356305020434,0.44419890331899736
7.021999999999449,-0.09020117531116358,0.02023317406032691,0.4425577216990557
7.0239999999994485,-0.09015775196911636,0.023190018878399086,0.4408892895256544
7.025999999999448,-0.09010842007917336,0.02614170166646385,0.43919375040638226
7.027999999999448,-0.0900531901539517,0.02908803390320565,0.43747124956263483
7.029999999999448,-0.08999207308252945,0.03202882765032098,0.43572193381815566
7.031999999999448,-0.08992508012926798,0.0349638955640221,0.4339459515874867
7.033999999999447,-0.08985222293261154,0.0378930509064894,0.4321434528643288
7.035999999999447,-0.08977351350386391,0.04081610755727188,0.43031458920981297
7.037999999999447,-0.08968896422594227,0.04373288002463508,0.42845951374068364
7.039999999999447,-0.08959858785210856,0.046643183456856,0.4265783811173939
7.0419999999994465,-0.08950239750467807,0.049546833653464364,0.4246713475321148
7.043999999999446,-0.0894004066737059,0.05244364707642963,0.4227385706966582
7.045999999999446,-0.0892926292156508,0.05533344086129331,0.42078020983031467
7.047999999999446,-0.08917907935201708,0.0582160328282459,0.41879642564760733
7.049999999999446,-0.08905977166797417,0.06109124149314794,0.4167873803459624
7.051999999999445,-0.0889347211109544,0.06395888607849458,0.4147532375932969
7.053999999999445,-0.08880394298922877,0.06681878652432323,0.41269416251552477
7.055999999999445,-0.08866745297046098,0.06967076349906352,0.4106103216839822
7.057999999999445,-0.08852526708023996,0.07251463841032926,0.40850188310277313
7.0599999999994445,-0.08837740170059064,0.07535023341565164,0.40636901619603516
7.061999999999444,-0.0882238735684635,0.0781773714331533,0.40421189179512734
7.063999999999444,-0.0880646997742028,0.08099587615216257,0.4020306821257409
7.065999999999444,-0.0878998977599935,0.08380557204376746,0.3998255607949327
7.067999999999444,-0.08772948531828738,0.08660628437130878,0.3975967027780838
7.069999999999443,-0.08755348059020798,0.08939783920081189,0.3953442844057825
7.071999999999443,-0.08737190206393494,0.09218006341135651,0.39306848335063393
7.073999999999443,-0.08718476857306752,0.09495278470538412,0.39076947861399647
7.075999999999443,-0.08699209929496766,0.09771583161894233,0.3884474505126455
7.0779999999994425,-0.0867939137490826,0.10046903353186573,0.3861025806653671
7.079999999999442,-0.08659023179524711,0.10321222067789276,0.38373505197948016
7.081999999999442,-0.0863810736319657,0.10594522415471795,0.38134504863728913
7.083999999999442,-0.08616645979467469,0.10866787593397907,0.3789327560824695
7.085999999999442,-0.08594641115398438,0.11138000887117867,0.3764983610063839
7.087999999999441,-0.0857209489139015,0.1140814567155395,0.37404205133433255
7.089999999999441,-0.08549009461003192,0.11677205411979324,0.37156401621173774
7.091999999999441,-0.08525387010776395,0.11945163664990215,0.369064445990263
7.093999999999441,-0.08501229760043219,0.12212004079471285,0.3665435322138687
7.0959999999994405,-0.08476539960746222,0.12477710397554215,0.3640014676048045
7.09799999999944,-0.08451319897249607,0.12742266455569395,0.36143844604954
7.09999999999944,-0.08425571886149882,0.13005656184990716,0.3588546625846334
7.10199999999944,-0.08399298276084638,0.1326786361337336,0.35625031338254054
7.10399999999944,-0.08372501447539447,0.13528872865284602,0.3536255957373651
7.105999999999439,-0.08345183812652925,0.13788668163227522,0.3509807080505494
7.107999999999439,-0.0831734781501993,0.14047233828557584,0.3483158498165086
7.109999999999439,-0.08288995929492961,0.14304554282392082,0.34563122160820864
7.111999999999439,-0.08260130661981718,0.14560614046512324,0.34292702506268763
7.1139999999994386,-0.08230754549250889,0.14815397744258574,0.3402034628665243
7.115999999999438,-0.08200870158716138,0.1506889010141766,0.3374607387412516
7.117999999999438,-0.08170480088238331,0.1532107594710323,0.33469905742871864
7.119999999999438,-0.08139586965916015,0.15571940214628582,0.33191862467640043
7.121999999999438,-0.08108193449876146,0.15821467942372033,0.32911964722265785
7.1239999999994374,-0.08076302228063102,0.16069644274634787,0.3263023327819471
7.125999999999437,-0.08043916018025989,0.1631645446249122,0.3234668900299812
7.127999999999437,-0.08011037566704246,0.16561883864631596,0.3206135285888433
7.129999999999437,-0.07977669650211584,0.16805917948197097,0.31774245901205433
7.131999999999437,-0.07943815073618253,0.17048542289607171,0.31485389276959375
7.133999999999436,-0.07909476670731663,0.1728974257537913,0.3119480422328768
7.135999999999436,-0.0787465730387538,0.17529504602939955,0.3090251206596875
7.137999999999436,-0.07839359863666501,0.17767814281430266,0.30608534217906924
7.139999999999436,-0.07803587268791425,0.1800465763250041,0.3031289217761737
7.1419999999994355,-0.07767342465780051,0.18240020791098605,0.30015607527706917
7.143999999999435,-0.07730628428778401,0.18473890006251134,0.29716701933350953
7.145999999999435,-0.07693448159319685,0.18706251641834504,0.29416197140766437
7.147999999999435,-0.07655804686093844,0.18937092177339546,0.2911411497568117
7.149999999999435,-0.07617701064715555,0.19166398208627403,0.28810477341799445
7.151999999999434,-0.07579140377490755,0.19394156448677383,0.28505306219264076
7.153999999999434,-0.07540125733181649,0.19620353728326595,0.28198623663115086
7.155999999999434,-0.07500660266770273,0.19844976997001365,0.2789045180174494
7.157999999999434,-0.07460747139220589,0.2006801332344037,0.2758081283535069
7.1599999999994335,-0.07420389537239143,0.20289449896409434,0.2726972903438276
7.161999999999433,-0.07379590673034306,0.2050927402540798,0.26957222737990993
7.163999999999433,-0.07338353784074104,0.20727473141367062,0.2664331635246754
7.165999999999433,-0.07296682132842672,0.2094403479733895,0.2632803234968699
7.167999999999433,-0.07254579006595319,0.21158946669178233,0.2601139326554388
7.169999999999432,-0.07212047717112259,0.21372196556214387,0.25693421698387475
7.171999999999432,-0.07169091600450994,0.21583772381915772,0.253741403074541
7.173999999999432,-0.07125714016697378,0.21793662194545024,0.2505357181129708
7.175999999999432,-0.07081918349715383,0.22001854167805793,0.24731738986214374
7.1779999999994315,-0.07037708006895575,0.222083366014808,0.24408664664674018
7.179999999999431,-0.06993086418902332,0.22413097922061156,0.24084371733737478
7.181999999999431,-0.06948057039419799,0.22616126683366927,0.23758883133481085
7.183999999999431,-0.06902623344896619,0.2281741156715889,0.23432221855415528
7.185999999999431,-0.06856788834289454,0.23016941383741446,0.2310441094090365
7.18799999999943,-0.06810557028805295,0.23214705072556666,0.22775473479576544
7.18999999999943,-0.06763931471642604,0.23410691702769412,0.22445432607748145
7.19199999999943,-0.06716915727731292,0.23604890473843518,0.2211431150682831
7.19399999999943,-0.06669513383471552,0.2379729071610897,0.217821334017347
7.1959999999994295,-0.0662172804647157,0.2398788189132009,0.21448921559303277
7.197999999999429,-0.0657356334528412,0.2417665359320464,0.21114699286697805
7.199999999999429,-0.06525022929142084,0.2436359554800385,0.20779489929818276
7.201999999999429,-0.06476110467692889,0.24548697615003326,0.20443316871708495
7.203999999999429,-0.06426829650731895,0.24731949787054788,0.2010620353096278
7.205999999999428,-0.06377184187934754,0.24913342191088633,0.19768173360132085
7.207999999999428,-0.06327177808588741,0.25092865088617267,0.1942924984412945
7.209999999999428,-0.06276814261323103,0.25270508876229186,0.1908945649863507
7.211999999999428,-0.062260973138384176,0.2544626408607379,0.18748816868500925
7.2139999999994275,-0.06175030752634991,0.2562012138633684,0.18407354526155195
7.215999999999427,-0.06123618382740325,0.2579207158170664,0.18065093070006535
7.217999999999427,-0.06071864027435649,0.25962105613830755,0.17722056122848304
7.219999999999427,-0.06019771527981558,0.2613021456176341,0.1737826733026287
7.221999999999427,-0.05967344743342755,0.2629638964240341,0.17033750359026084
7.223999999999426,-0.05914587549911936,0.26460622210922613,0.1668852889551207
7.225999999999426,-0.058615038412328235,0.2662290376118492,0.16342626644098374
7.227999999999426,-0.05808097527722372,0.26783225926155735,0.15996067325571658
7.229999999999426,-0.05754372536392164,0.26941580478301924,0.15648874675533994
7.2319999999994256,-0.05700332810569014,0.2709795932998217,0.15301072442809857
7.233999999999425,-0.05645982309614807,0.2725235453382775,0.14952684387853987
7.235999999999425,-0.05591325008645576,0.2740475828311371,0.14603734281160158
7.237999999999425,-0.05536364898249857,0.27555162912120407,0.14254245901671023
7.239999999999425,-0.054811059842063234,0.2770356089648536,0.13904243035189082
7.2419999999994245,-0.054255522872007286,0.27849944853545433,0.1355374947278894
7.243999999999424,-0.05369707842542173,0.27994307542669356,0.13202789009230928
7.245999999999424,-0.05313576699878717,0.2813664186558045,0.12851385441376187
7.247999999999424,-0.0525716292291236,0.28276940866669653,0.12499562566603362
7.249999999999424,-0.05200470589113397,0.2841519773329877,0.12147344181226971
7.251999999999423,-0.05143503789434187,0.28551405796093937,0.11794754078917602
7.253999999999423,-0.05086266628022335,0.28685558529229294,0.11441816049123968
7.255999999999423,-0.05028763221933325,0.2881764955070081,0.11088553875497031
7.257999999999423,-0.04970997700842609,0.28947672622590304,0.10734991334316224
7.2599999999994225,-0.049129742067571806,0.29075621651319594,0.10381152192917892
7.261999999999422,-0.04854696893726652,0.2920149068789479,0.10027060208126107
7.263999999999422,-0.04796169927553844,0.2932527392814067,0.09672739124685864
7.265999999999422,-0.04737397485504932,0.2944696571292524,0.09318212673698886
7.267999999999422,-0.04678383756019137,0.2956656052837425,0.08963504571062042
7.269999999999421,-0.046191329384180045,0.2968405300607594,0.08608638515908557
7.271999999999421,-0.045596492426142894,0.29799437923275723,0.08253638189052054
7.273999999999421,-0.04499936888820451,0.29912710203061005,0.07898527251433585
7.275999999999421,-0.04440000107256793,0.30023864914535997,0.0754332934257175
7.2779999999994205,-0.04379843137859268,0.301328972729866,0.07188068079015966
7.27999999999942,-0.04319470229986953,0.30239802640035274,0.0683276705280304
7.28199999999942,-0.042588856421292356,0.30344576523785977,0.06477449829917131
7.28399999999942,-0.04198093641612711,0.3044721457895905,0.061221399487531886
7.28599999999942,-0.04137098504307824,0.3054771260701615,0.0576686091858403
7.287999999999419,-0.04075904514335273,0.3064606655627517,0.05411636218031046
7.289999999999419,-0.04014515963772189,0.30742272522015157,0.05056489293538782
7.291999999999419,-0.03952937152358117,0.30836326746571197,0.04701443557853366
7.293999999999419,-0.03891172387200821,0.3092822561941929,0.043465223885049864
7.2959999999994185,-0.03829225982481923,0.3101796567725124,0.03991749126294458
7.297999999999418,-0.03767102259162407,0.31105543604039476,0.036371470737839945
7.299999999999418,-0.03704805544688002,0.3119095623109189,0.03282739493792297
7.301999999999418,-0.03642340172694466,0.31274200537096625,0.02928549607894068
7.303999999999418,-0.03579710482712786,0.31355273648156895,0.025746005949240175
7.305999999999417,-0.03516920819874328,0.31434172837815705,0.022209155894854837
7.307999999999417,-0.03453975534615935,0.3151089552707063,0.018675176804637872
7.309999999999417,-0.03390878982385017,0.31585439284378547,0.015144299095443597
7.311999999999417,-0.033276355233446346,0.3165780182565035,0.011616752697358124
7.3139999999994165,-0.032642495220786064,0.3172798101423568,0.008092767038979987
7.315999999999416,-0.03200725347296653,0.3179597486089765,0.00457257103275191
7.317999999999416,-0.031370673715396084,0.318617815237776,0.0010563930603444127
7.319999999999416,-0.030732799708847035,0.3192539930834979,-0.0024555390419075673
7.321999999999416,-0.030093675246509573,0.3198682666736622,-0.005962997997513764
7.323999999999415,-0.029453344151046845,0.32046062200791425,-0.00946575710428324
7.325999999999415,-0.028811850271651444,0.32103104655727305,-0.0129635902487229
7.327999999999415,-0.028169237481103507,0.32157952926328043,-0.016456271920379295
7.329999999999415,-0.027525549672830607,0.3221060605370505,-0.019943577226122666
7.3319999999994145,-0.026880830757969643,0.3226106322582203,-0.023425281904372208
7.333999999999414,-0.02623512466243094,0.3230932377738009,-0.02690116233926193
7.335999999999414,-0.02558847532396473,0.32355387189692997,-0.030370995574745763
7.337999999999414,-0.024940926689230244,0.32399253090552516,-0.03383455932864132
7.339999999999414,-0.024292522710867577,0.3244092125408391,-0.037291632006611355
7.341999999999413,-0.023643307344572553,0.32480391600591585,-0.04074199271608167
7.343999999999413,-0.02299332454617478,0.3251766419639491,-0.04418542128009516
7.345999999999413,-0.022342618268719076,0.32552739253654195,-0.04762169825110063
7.347999999999413,-0.021691232459550472,0.3258561713018694,-0.051050604924675586
7.349999999999413,-0.021039211057402998,0.32616298329274224,-0.054471923353182336
7.351999999999412,-0.02038659798949244,0.3264478349945743,-0.05788543635935613
7.353999999999412,-0.019733437168613237,0.3267107343432518,-0.06129092754982496
7.355999999999412,-0.019079772490239778,0.32695169072290586,-0.06468818132855972
7.357999999999412,-0.0184256478296322,0.32717071496358824,-0.06807698291025405
7.3599999999994115,-0.017771107038946972,0.32736781933885023,-0.07145711833363312
7.361999999999411,-0.017116193944352404,0.3275430175632255,-0.07482837447469026
7.363999999999411,-0.016460952343149274,0.3276963247896168,-0.07819053905985074
7.365999999999411,-0.015805426000896797,0.32782775760658656,-0.08154340067906203
7.367999999999411,-0.0151496586485441,0.32793733403555236,-0.0848867487988093
7.36999999999941,-0.014493693979567398,0.32802507352788696,-0.08822037377505568
7.37199999999941,-0.013837575647113068,0.3280909969619234,-0.09154406686610649
7.37399999999941,-0.013181347261146807,0.3281351266398654,-0.09485762024539636
7.37599999999941,-0.012525052385609069,0.32815748628460345,-0.09816082701419866
7.3779999999994095,-0.011868734535576953,0.328158101036437,-0.10145348121425637
7.379999999999409,-0.01121243717443275,0.3281369974497027,-0.10473537784033374
7.381999999999409,-0.010556203711039321,0.3280942034893096,-0.10800631285268761
7.383999999999409,-0.009900077496922502,0.32802974852718114,-0.1112660831894582
7.385999999999409,-0.00924410182346071,0.3279436633386043,-0.11451448677897806
7.387999999999408,-0.00858831991908196,0.32783598009848686,-0.1177513225519986
7.389999999999408,-0.007932774946468435,0.3277067323775225,-0.12097639045383363
7.391999999999408,-0.007277509999768839,0.3275559551382643,-0.12418949145641908
7.393999999999408,-0.006622568101818681,0.32738368473110707,-0.12739042757028796
7.3959999999994075,-0.0059679922013686935,0.327189958890179,-0.13057900185646013
7.397999999999407,-0.005313825170321551,0.3269748167291429,-0.13375501843824603
7.399999999999407,-0.004660109800977081,0.32673829873690735,-0.1369182825129637
7.401999999999407,-0.004006888803286141,0.3264804467732483,-0.14006860036356827
7.403999999999407,-0.0033542048021133405,0.32620130406434167,-0.14320577937019344
7.405999999999406,-0.0027021003345087872,0.3259009151982072,-0.14632962802160412
7.407999999999406,-0.0020506178469890343,0.3255793261200638,-0.14943995592655965
7.409999999999406,-0.0013997996928274046,0.3252365841275974,-0.15253657382508673
7.411999999999406,-0.0007496881293538652,0.324872737866141,-0.15561929359966167
7.4139999999994055,-0.00010032531526463131,0.3244878373237685,-0.15868792828630118
7.415999999999405,0.0005482466920583327,0.3240819338263011,-0.1617422920855611
7.417999999999405,0.0011959859392177388,0.32365508003222865,-0.16478220037344224
7.419999999999405,0.0018428505794611575,0.3232073299275448,-0.167807469712203
7.421999999999405,0.0024887988753307866,0.32273873882049764,-0.1708179178610782
7.423999999999404,0.003133789201302634,0.32224936333625553,-0.17381336378690276
7.425999999999404,0.0037777800464149514,0.3217392614114891,-0.17679362767464094
7.427999999999404,0.004420730016885746,0.32120849228886944,-0.17975853093781932
7.429999999999404,0.005062597838719205,0.32065711651148365,-0.18270789622886346
7.4319999999994035,0.005703342360300873,0.3200851959171678,-0.18564154744933786
7.433999999999403,0.006342922554981408,0.3194927936327578,-0.18855930976008825
7.435999999999403,0.006981297523648762,0.3188799740682591,-0.19146100959128592
7.437999999999403,0.007618426497288617,0.31824680291093527,-0.19434647465237334
7.439999999999403,0.008254268839532918,0.31759334711931664,-0.19721553394191071
7.441999999999402,0.008888784049196343,0.3169196749171287,-0.2000680177573229
7.443999999999402,0.009521931762800561,0.3162258557871417,-0.20290375770454605
7.445999999999402,0.010153671757086088,0.31551196046494134,-0.20572258670757365
7.447999999999402,0.01078396395151163,0.31477806093262173,-0.20852433901790113
7.4499999999994015,0.011412768410740721,0.31402423041240035,-0.21130885022386903
7.451999999999401,0.012040045347115514,0.3132505433601566,-0.21407595725990378
7.453999999999401,0.012665755123117581,0.31245707545889395,-0.21682549841565588
7.455999999999401,0.013289858253815552,0.31164390361212596,-0.21955731334503487
7.457999999999401,0.013912315409299457,0.31081110593718786,-0.22227124307514073
7.4599999999994,0.014533087417101617,0.309958761758473,-0.22496713001509122
7.4619999999994,0.01515213526460393,0.30908695160059574,-0.22764481796474456
7.4639999999994,0.015769420101431404,0.3081957571814811,-0.2303041521233175
7.4659999999994,0.01638490324183182,0.3072852614053816,-0.23294497909789758
7.4679999999994,0.016998546167041325,0.3063555483558219,-0.2355671469118499
7.469999999999399,0.017610310527635866,0.3054067032884727,-0.2381705050131176
7.471999999999399,0.01822015814586829,0.304438812623953,-0.2407549042824157
7.473999999999399,0.018828051017990982,0.303451963940563,-0.24332019704131796
7.475999999999399,0.0194339513165639,0.302446245966947,-0.24586623706023641
7.4779999999993985,0.02003782139274787,0.3014217485746879,-0.24839287956629302
7.479999999999398,0.020639623778582982,0.30037856277083314,-0.2508999812510833
7.481999999999398,0.02123932118925201,0.29931678069035345,-0.2533874002783315
7.483999999999398,0.02183687652532863,0.29823649558853454,-0.25585499629143676
7.485999999999398,0.02243225287501041,0.2971378018333029,-0.2583026304209104
7.487999999999397,0.023025413516336347,0.29602079489748573,-0.2607301652917035
7.489999999999397,0.023616321919388863,0.2948855713510063,-0.26313746503042457
7.491999999999397,0.02420494174848015,0.29373222885301514,-0.2655243952724475
7.493999999999397,0.024791236864322698,0.29256086614395777,-0.26789082316890833
7.4959999999993965,0.025375171326183894,0.2913715830375795,-0.2702366173935924
7.497999999999396,0.02595670939402457,0.29016448041286835,-0.2725616481497092
7.499999999999396,0.02653581553062138,0.28893966020593664,-0.274865787176557
7.501999999999396,0.02711245440367288,0.2876972254018416,-0.27714890775607526
7.503999999999396,0.02768659088788918,0.2864372800263463,-0.2794108847192852
7.505999999999395,0.028258190067065064,0.2851599291376209,-0.281651594452619
7.507999999999395,0.028827217236136463,0.28386527881788604,-0.28387091490413574
7.509999999999395,0.029393637903220138,0.2825534361649976,-0.28606872558962537
7.511999999999395,0.029957417791636493,0.28122450928397486,-0.2882449075985995
7.5139999999993945,0.030518522841915377,0.2798786072784717,-0.2903993436001699
7.515999999999394,0.031076919213784773,0.2785158402421928,-0.2925319178488127
7.517999999999394,0.03163257328814227,0.27713631925025406,-0.29464251619002024
7.519999999999394,0.032185451669009206,0.27574015635048943,-0.2967310260658384
7.521999999999394,0.032735521185467346,0.2743274645547038,-0.2987973365202907
7.523999999999393,0.03328274889357805,0.2728983578298732,-0.3008413382046886
7.525999999999393,0.03382710207828376,0.2714529510892929,-0.30286292338282683
7.527999999999393,0.03436854825529173,0.26999136018367415,-0.3048619859360653
7.529999999999393,0.034907055172939946,0.26851370189219037,-0.30683842136829576
7.5319999999993925,0.035442590814045015,0.26702009391347337,-0.30879212681079493
7.533999999999392,0.035975123397732046,0.26551065485656056,-0.31072300102696176
7.535999999999392,0.03650462138124638,0.2639855042317935,-0.3126309444169405
7.537999999999392,0.03703105346174705,0.2624447624416692,-0.31451585902212864
7.539999999999392,0.03755438857808188,0.2608885507716441,-0.31637764852956984
7.541999999999391,0.0380745959125442,0.259316991380892,-0.3182162182762315
7.543999999999391,0.038591644892610986,0.2577302072930169,-0.320031475253167
7.545999999999391,0.039105505192662385,0.25612832238672045,-0.3218233281095634
7.547999999999391,0.03961614673568254,0.2545114613864264,-0.32359168715667214
7.5499999999993905,0.040123539694941646,0.25287974985286077,-0.3253364643716259
7.55199999999939,0.04062765449565907,0.25123331417359074,-0.3270575734011386
7.55399999999939,0.041128461816647546,0.24957228155352085,-0.3287549295650907
7.55599999999939,0.041625932591938315,0.24789678000534895,-0.33042844985999814
7.55799999999939,0.04212003801238712,0.2462069383399817,-0.33207805296236603
7.559999999999389,0.042610749527261016,0.24450288615691051,-0.33370365923192646
7.561999999999389,0.04309803884580588,0.24278475383454923,-0.33530519071476034
7.563999999999389,0.04358187793879457,0.24105267252053336,-0.33688257114630404
7.565999999999389,0.0440622390400556,0.23930677412198265,-0.33843572595423954
7.5679999999993885,0.044539094647982384,0.23754719129572677,-0.33996458226126935
7.569999999999388,0.04501241752702283,0.23577405743849578,-0.3414690688877753
7.571999999999388,0.045482180709149285,0.2339875066770753,-0.34294911635436204
7.573999999999388,0.04594835749530881,0.23218767385842784,-0.34440465688428407
7.575999999999388,0.0464109214568536,0.23037469453978052,-0.345835624405758
7.5779999999993874,0.04686984643695156,0.22854870497868018,-0.34724195455415824
7.579999999999387,0.04732510655197701,0.22670984212301679,-0.3486235846740979
7.581999999999387,0.04777667619288135,0.22485824360101533,-0.3499804538213935
7.583999999999387,0.04822453002654367,0.2229940477111977,-0.3513125027649144
7.585999999999387,0.04866864299710133,0.22111739341231476,-0.35261967398831723
7.587999999999386,0.04910899032726028,0.2192284203132494,-0.353901911691664
7.589999999999386,0.04954554751958523,0.21732726866289184,-0.3551591617929261
7.591999999999386,0.04997829035776952,0.21541407933998707,-0.3563913719293721
7.593999999999386,0.05040719490788462,0.21348899384295603,-0.35759849145884115
7.5959999999993855,0.050832237519609316,0.21155215427969074,-0.3587804714609011
7.597999999999385,0.05125339482743842,0.2096037033573243,-0.35993726473789195
7.599999999999385,0.05167064375187097,0.20764378437197653,-0.3610688258158542
7.601999999999385,0.05208396150057799,0.20567254119847583,-0.3621751109453431
7.603999999999385,0.05249332556954955,0.20369011828005842,-0.3632560781021279
7.605999999999384,0.05289871374422128,0.20169666061804511,-0.36431168698777694
7.607999999999384,0.05330010410058023,0.19969231376149682,-0.365341899030129
7.609999999999384,0.053697475006249946,0.19767722379684938,-0.36634667738364957
7.611999999999384,0.05409080512155485,0.19565153733752838,-0.36732598692967444
7.6139999999993835,0.05448007340056382,0.19361540151354484,-0.36827979427653845
7.615999999999383,0.054865259092112956,0.19156896396107234,-0.36920806775959153
7.617999999999383,0.05524634174080745,0.18951237281200659,-0.37011077744110094
7.619999999999383,0.05562330118800257,0.18744577668350773,-0.37098789511004054
7.621999999999383,0.05599611757276375,0.18536932466752665,-0.3718393942817667
7.623999999999382,0.056364771332805645,0.18328316632031555,-0.37266525019758207
7.625999999999382,0.05672924320541025,0.1811874516519238,-0.373465439824186
7.627999999999382,0.057089514228323986,0.17908233111567967,-0.3742399418530131
7.629999999999382,0.057445565740633725,0.17696795559765877,-0.37498873669945976
7.6319999999993815,0.05779737938362173,0.17484447640613973,-0.37571180650199804
7.633999999999381,0.05814493710159952,0.17271204526104808,-0.3764091351211785
7.635999999999381,0.0584882211427206,0.17057081428338886,-0.3770807081385217
7.637999999999381,0.05882721405977203,0.16842093598466876,-0.3777265128552974
7.639999999999381,0.05916189871094486,0.1662625632563085,-0.3783465382911945
7.64199999999938,0.05949225826058336,0.16409584935904623,-0.37894077518287855
7.64399999999938,0.05981827617991303,0.16192094791233236,-0.3795092159824399
7.64599999999938,0.06013993624774745,0.15973801288371703,-0.38005185485573134
7.64799999999938,0.06045722255117384,0.1575471985782305,-0.38056868768059576
7.6499999999993795,0.06077011948621739,0.15534865962775724,-0.38105971204498446
7.651999999999379,0.06107861175848436,0.15314255098040472,-0.38152492724496556
7.653999999999379,0.061382684383783866,0.15092902788986715,-0.38196433428262416
7.655999999999379,0.06168232268872845,0.1487082459047852,-0.38237793586385294
7.657999999999379,0.061977512311313286,0.14648036085810232,-0.38276573639603484
7.659999999999378,0.06226823920147418,0.14424552885641814,-0.3831277419856176
7.661999999999378,0.06255448962162422,0.14200390626934006,-0.38346396043558
7.663999999999378,0.0628362501471691,0.13975564971883325,-0.38377440124279116
7.665999999999378,0.06311350766700131,0.1375009160685702,-0.38405907559526214
7.6679999999993775,0.06338624938397275,0.13523986241327998,-0.38431799636929165
7.669999999999377,0.06365446281534629,0.1329726460680985,-0.38455117812650375
7.671999999999377,0.06391813579322589,0.13069942455791983,-0.3847586371107806
7.673999999999377,0.06417725646496553,0.1284203556067498,-0.3849403912450894
7.675999999999377,0.0644318132935567,0.12613559712706215,-0.38509646012820253
7.677999999999376,0.06468179505799479,0.12384530720915814,-0.38522686503131454
7.679999999999376,0.06492719085362406,0.1215496441105301,-0.38533162889455297
7.681999999999376,0.06516799009246137,0.11924876624522984,-0.3854107763233854
7.683999999999376,0.06540418250349872,0.1169428321732423,-0.38546433358492177
7.6859999999993756,0.0656357581329845,0.11463200058986527,-0.38549232860411475
7.687999999999375,0.06586270734468344,0.11231643031509579,-0.3854947909598551
7.689999999999375,0.06608502082011546,0.10999628028302394,-0.3854717518809651
7.691999999999375,0.06630268955877323,0.10767170953123453,-0.3854232442420893
7.693999999999375,0.06651570487831862,0.10534287719021752,-0.3853493025594834
7.6959999999993745,0.06672405841475784,0.10300994247278764,-0.38524996298670183
7.697999999999374,0.0669277421225956,0.10067306466351399,-0.385125263310183
7.699999999999374,0.06712674827496802,0.0983324031081602,-0.384975242944735
7.701999999999374,0.06732106946375449,0.09598811720313581,-0.38479994292892017
7.703999999999374,0.0675106985996684,0.09364036638495946,-0.38459940592034036
7.705999999999373,0.06769562891232687,0.09128931011973455,-0.38437367619082174
7.707999999999373,0.06787585395029937,0.08893510789263807,-0.38412279962150164
7.709999999999373,0.06805136758113536,0.08657791919742308,-0.38384682369781586
7.711999999999373,0.06822216399137106,0.08421790352593557,-0.3835457975043884
7.7139999999993725,0.06838823768651502,0.08185522035764632,-0.3832197717198231
7.715999999999372,0.068549583491013,0.07949002914919837,-0.3828687986113983
7.717999999999372,0.06870619654819192,0.07712248932397059,-0.3824929320296642
7.719999999999372,0.06885807232018279,0.07475276026165825,-0.3820922274029449
7.721999999999372,0.06900520658782304,0.07238100128787085,-0.3816667417317431
7.723999999999371,0.06914759545053793,0.07000737166374811,-0.38121653358305063
7.725999999999371,0.06928523532620126,0.06763203057559455,-0.38074166308456375
7.727999999999371,0.06941812295097531,0.06525513712453337,-0.38024219191880354
7.729999999999371,0.0695462553791302,0.06287685031618012,-0.37971818331714324
7.7319999999993705,0.06966962998284254,0.06049732905033683,-0.379169702053741
7.73399999999937,0.06978824445197351,0.058116732110707225,-0.3785968144393811
7.73599999999937,0.06990209679382645,0.05573521815463353,-0.3779995883152212
7.73799999999937,0.07001118533288382,0.053352945702855495,-0.377378093046449
7.73999999999937,0.07011550871052383,0.05097007312929225,-0.37673239951584686
7.741999999999369,0.07021506588471658,0.04858675865084752,-0.3760625801172653
7.743999999999369,0.0703098561296999,0.04620316031723885,-0.3753687087490067
7.745999999999369,0.07039987903563472,0.04381943600085132,-0.37465086080711885
7.747999999999369,0.07048513450824041,0.04143574338661645,-0.37390911317859926
7.7499999999993685,0.07056562276840973,0.03905223996191674,-0.3731435442345103
7.751999999999368,0.07064134435180364,0.03666908300651652,-0.37235423382300703
7.753999999999368,0.070712300108426,0.034286429582519595,-0.37154126326227643
7.755999999999368,0.0707784912021783,0.031904436524354325,-0.3707047153333898
7.757999999999368,0.07083991911039429,0.029523260428786634,-0.36984467427306866
7.759999999999367,0.07089658562335469,0.027143057644961544,-0.36896122576636475
7.761999999999367,0.07094849284378198,0.024763984264473786,-0.36805445693925415
7.763999999999367,0.07099564318631547,0.022386196111468037,-0.36712445635114677
7.765999999999367,0.07103803937696651,0.02000984873276934,-0.3661713139873114
7.7679999999993665,0.07107568445255397,0.01763509738804424,-0.3651951212512172
7.769999999999366,0.07110858176012012,0.015262097039993214,-0.36419597095679196
7.771999999999366,0.07113673495632697,0.012891002344574885,-0.36317395732059726
7.773999999999366,0.07116014800683299,0.010521967641262628,-0.3621291759539223
7.775999999999366,0.07117882518565045,0.008155146943334048,-0.3610617238547963
7.777999999999365,0.07119277107448335,0.0057906939281939015,-0.3599716993999193
7.779999999999365,0.07120199056204601,0.003428761927730968,-0.3588592023365137
7.781999999999365,0.07120648884336246,0.0010695039187094313,-0.35772433377409557
7.783999999999365,0.07120627141904656,-0.0012869274868047291,-0.356567196176167
7.7859999999993645,0.07120134409456313,-0.0036403800509817934,-0.35538789335183046
7.787999999999364,0.07119171297946994,-0.005990701919730291,-0.3541865304473248
7.789999999999364,0.07117738448664074,-0.008337741632162401,-0.35296321393748453
7.791999999999364,0.07115836533146948,-0.010681348130022245,-0.3517180516171225
7.793999999999364,0.07113466253105559,-0.013021370767076552,-0.3504511525923363
7.795999999999363,0.07110628340337063,-0.015357659318467207,-0.3491626272717397
7.797999999999363,0.07107323556640621,-0.017690063990025127,-0.3478525873576196
7.799999999999363,0.0710355269373033,-0.020018435427545018,-0.3465211458370185
7.801999999999363,0.07099316573146312,-0.022342624726020454,-0.34516841697274403
7.803999999999363,0.07094616046163948,-0.0246624834388388,-0.3437945162943054
7.805999999999362,0.07089451993701293,-0.02697786358693549,-0.342399560588778
7.807999999999362,0.07083825326224642,-0.029288617667907142,-0.34098366789159684
7.809999999999362,0.07077736983652304,-0.03159459866508301,-0.33954695747727853
7.811999999999362,0.0707118793525654,-0.033895660056554325,-0.3380895498500737
7.8139999999993615,0.07064179179563719,-0.036191655824160965,-0.33661156673454984
7.815999999999361,0.07056711744252672,-0.03848244046243506,-0.33511313106610546
7.817999999999361,0.07048786686051263,-0.040767868987500934,-0.3335943669814161
7.819999999999361,0.07040405090631184,-0.043047796945931006,-0.33205539980881266
7.821999999999361,0.07031568072500985,-0.04532208042355711,-0.33049635605859373
7.82399999999936,0.07022276774897343,-0.047590576054236756,-0.32891736341327066
7.82599999999936,0.07012532369674587,-0.04985314102857393,-0.32731855071774874
7.82799999999936,0.0700233605719248,-0.052109633102593846,-0.32570004796944235
7.82999999999936,0.06991689066202272,-0.05435991060637126,-0.3240619863083271
7.8319999999993595,0.0698059265373103,-0.05660383245261189,-0.322404498006928
7.833999999999359,0.06969048104964258,-0.0588412581451864,-0.32072771646024556
7.835999999999359,0.06957056733126818,-0.06107204778761655,-0.31903177617561973
7.837999999999359,0.06944619879362153,-0.06329606209151309,-0.31731681276253265
7.839999999999359,0.06931738912609829,-0.06551316238496477,-0.3155829629223511
7.841999999999358,0.06918415229481409,-0.06772321062087827,-0.3138303644380091
7.843999999999358,0.06904650254134656,-0.06992606938526834,-0.31205915616363133
7.845999999999358,0.06890445438146088,-0.07212160190549789,-0.31026947801409865
7.847999999999358,0.06875802260381891,-0.07430967205846749,-0.30846147095455545
7.8499999999993575,0.06860722226867196,-0.07649014437875383,-0.3066352769898608
7.851999999999357,0.06845206870653732,-0.07866288406669683,-0.30479103915398287
7.853999999999357,0.06829257751685874,-0.0808277569964347,-0.30292890149933815
7.855999999999357,0.06812876456665082,-0.08298462972388682,-0.30104900908607635
7.857999999999357,0.0679606459891275,-0.08513336949468375,-0.29915150797131074
7.859999999999356,0.06778823818231479,-0.08727384425204418,-0.2972365451982956
7.861999999999356,0.06761155780764776,-0.08940592264459807,-0.2953042687855518
7.863999999999356,0.0674306217885519,-0.09152947403415594,-0.2933548277159398
7.865999999999356,0.06724544730900911,-0.09364436850342359,-0.29138837192568157
7.8679999999993555,0.06705605181210818,-0.0957504768636619,-0.28940505229333374
7.869999999999355,0.06686245299858011,-0.09784767066229148,-0.28740502062870993
7.871999999999355,0.06666466882531823,-0.09993582219044138,-0.2853884296617548
7.873999999999355,0.06646271750388327,-0.10201480449044185,-0.28335543303137045
7.875999999999355,0.06625661749899354,-0.10408449136326052,-0.28130618527419543
7.877999999999354,0.06604638752700026,-0.10614475737588154,-0.27924084181333747
7.879999999999354,0.06583204655434818,-0.10819547786862752,-0.2771595589470605
7.881999999999354,0.06561361379602168,-0.11023652896242357,-0.27506249383742715
7.883999999999354,0.0653911087139763,-0.11226778756600334,-0.27294980449889666
7.8859999999993535,0.06516455101555602,-0.11428913138305635,-0.27082164978687984
7.887999999999353,0.06493396065189622,-0.11630043891931657,-0.2686781893862519
7.889999999999353,0.06469935781631256,-0.11830158948959152,-0.26651958379982277
7.891999999999353,0.0644607629426759,-0.12029246322473174,-0.264345994336767
7.893999999999353,0.06421819670377324,-0.12227294107854016,-0.2621575831010136
7.895999999999352,0.06397168000965499,-0.12424290483462097,-0.25995451297959615
7.897999999999352,0.06372123400596859,-0.1262022371131677,-0.25773694763096444
7.899999999999352,0.06346688007227855,-0.1281508213776899,-0.2555050514732591
7.901999999999352,0.06320863982037321,-0.13008854194167857,-0.2532589896725478
7.9039999999993515,0.06294653509255811,-0.1320152839752092,-0.25099892813102676
7.905999999999351,0.06268058795993633,-0.13393093351148283,-0.24872503347518593
7.907999999999351,0.06241082072067571,-0.1358353774533042,-0.24643747304394029
7.909999999999351,0.06213725589826324,-0.13772850357949698,-0.24413641487672644
7.911999999999351,0.06185991623974665,-0.13961020055125553,-0.2418220277015677
7.91399999999935,0.061578824713963407,-0.1414803579184329,-0.2394944809231055
7.91599999999935,0.061294004509757145,-0.14333886612576474,-0.2371539446106006
7.91799999999935,0.061005479034181735,-0.14518561651902884,-0.23480058948590338
7.91999999999935,0.060713271910693103,-0.14702050135113967,-0.23243458691139424
7.92199999999935,0.060417406977328926,-0.148843413788178,-0.23005610887789568
7.923999999999349,0.06011790828487633,-0.15065424791535498,-0.22766532799255562
7.925999999999349,0.0598148000950277,-0.1524528987429103,-0.22526241746670417
7.927999999999349,0.05950810687852483,-0.15423926221194442,-0.22284755110368334
7.929999999999349,0.05919785331329138,-0.15601323520018423,-0.22042090328665193
7.9319999999993485,0.058884064282553966,-0.1577747155276819,-0.2179826489663648
7.933999999999348,0.058566764872951836,-0.15952360196244675,-0.2155329636489289
7.935999999999348,0.058245980372635404,-0.16125979422600956,-0.2130720233835358
7.937999999999348,0.05792173626935369,-0.16298319299891936,-0.21060000475017226
7.939999999999348,0.05759405824853086,-0.16469369992617203,-0.20811708484730873
7.941999999999347,0.05726297219133196,-0.16639121762257053,-0.20562344127956828
7.943999999999347,0.05692850417271801,-0.1680756496780167,-0.20311925214537455
7.945999999999347,0.05659068045949058,-0.16974690066273393,-0.2006046960245817
7.947999999999347,0.056249527508325965,-0.17140487613242078,-0.19807995196608597
7.9499999999993465,0.05590507196379916,-0.17304948263333492,-0.19554519947541946
7.951999999999346,0.05555734065639773,-0.17468062770730738,-0.19300061850232833
7.953999999999346,0.0552063606005257,-0.17629821989668676,-0.19044638942833497
7.955999999999346,0.05485215899249764,-0.17790216874921297,-0.18788269305428515
7.957999999999346,0.05449476320852306,-0.17949238482282046,-0.1853097105878817
7.959999999999345,0.05413420080268133,-0.18106877969037047,-0.1827276236312051
7.961999999999345,0.0537704995048871,-0.18263126594431217,-0.1801366141682214
7.963999999999345,0.05340368721884655,-0.1841797572012724,-0.17753686455227938
7.965999999999345,0.05303379202000453,-0.18571416810657362,-0.17492855749359656
7.9679999999993445,0.05266084215348269,-0.18723441433868018,-0.17231187604673587
7.969999999999344,0.052284866032008825,-0.18874041261357208,-0.16968700359807337
7.971999999999344,0.051905892233837535,-0.1902320806890466,-0.16705412385325807
7.973999999999344,0.051523949500662344,-0.19170933736894713,-0.16441342082466437
7.975999999999344,0.05113906673551947,-0.19317210250731912,-0.16176507881883817
7.977999999999343,0.05075127300068331,-0.19462029701249292,-0.1591092824239378
7.979999999999343,0.05036059751555385,-0.1960538428510933,-0.15644621649717005
7.981999999999343,0.04996706965453616,-0.19747266305197536,-0.1537760661522226
7.983999999999343,0.04957071894491202,-0.1988766817100866,-0.1510990167466931
7.9859999999993425,0.04917157506470401,-0.20026582399025508,-0.14841525386951682
7.987999999999342,0.04876966784053193,-0.2016400161309034,-0.14572496332839252
7.989999999999342,0.048365027245462065,-0.20299918544768814,-0.14302833113720798
7.991999999999342,0.047957683396849075,-0.20434326033706468,-0.14032554350346627
7.993999999999342,0.047547666554170934,-0.20567217027977738,-0.13761678681571304
7.995999999999341,0.047135007116856906,-0.20698584584427465,-0.13490224763096598
7.997999999999341,0.046719735622108814,-0.20828421869004876,-0.13218211266214722
7.999999999999341,0.04630188274271566,-0.2095672215709005,-0.1294565687655197
8.001999999999342,0.04588147928486183,-0.21083478833812805,-0.12672580292812807
8.003999999999342,0.04545855618592897,-0.21208685394364038,-0.12399000225524513
8.005999999999343,0.045033144512291706,-0.2133233544429946,-0.12124935395782467
8.007999999999344,0.04460527545710741,-0.21454422699835737,-0.11850404533996123
8.009999999999344,0.044174980338100044,-0.21574940988139005,-0.11575426378635835
8.011999999999345,0.04374229059533841,-0.2169388424760576,-0.1130001967498052
8.013999999999346,0.043307237789008746,-0.21811246528136097,-0.11024203173866323
8.015999999999346,0.04286985359718203,-0.2192702199139928,-0.10747995630436324
8.017999999999347,0.04243016981357601,-0.22041204911091633,-0.10471415802891378
8.019999999999348,0.04198821834531211,-0.22153789673186772,-0.10194482451242187
8.021999999999348,0.04154403121066751,-0.2226477077617809,-0.0991721433606267
8.023999999999349,0.04109764053682236,-0.22374142831313562,-0.09639630217244713
8.02599999999935,0.0406490785576024,-0.22481900562822815,-0.093617488527544
8.02799999999935,0.04019837761121716,-0.22588038808136462,-0.09083588997389794
8.029999999999351,0.03974557013799379,-0.22692552518097686,-0.0880516940154035
8.031999999999352,0.03929068867810678,-0.22795436757166074,-0.08526508809948052
8.033999999999352,0.03883376586930365,-0.2289668670361369,-0.08247625960470355
8.035999999999353,0.03837483444462681,-0.22996297649713354,-0.0796853958284498
8.037999999999354,0.03791392723013175,-0.23094265001919176,-0.07689268397456728
8.039999999999354,0.03745107714260164,-0.2319058428103925,-0.07409831114106287
8.041999999999355,0.036986317187258644,-0.23285251122400605,-0.07130246430781195
8.043999999999356,0.03651968045547193,-0.23378261276006304,-0.0685053303242902
8.045999999999356,0.03605120012246265,-0.23469610606684768,-0.06570709589732814
8.047999999999357,0.03558090944500602,-0.23559295094231275,-0.06290794757888941
8.049999999999358,0.03510884175913063,-0.23647310833541632,-0.060108071753873726
8.051999999999358,0.03463503047781517,-0.23733654034738033,-0.05730765462794497
8.053999999999359,0.034159509088682705,-0.2381832102328708,-0.05450688221538566
8.05599999999936,0.033682311151692707,-0.23901308240109986,-0.05170594032697812
8.05799999999936,0.03320347029683089,-0.2398261224168493,-0.0489050145579136
8.059999999999361,0.032723020221797156,-0.24062229700141594,-0.04610429027572982
8.061999999999362,0.032240994689691646,-0.24140157403347842,-0.04330395260827781
8.063999999999362,0.03175742752669923,-0.2421639225498858,-0.04050418643171903
8.065999999999363,0.0312723526197724,-0.24290931274636776,-0.03770517635855326
8.067999999999364,0.030785803914312918,-0.24363771597816622,-0.034907106725678136
8.069999999999364,0.030297815411852176,-0.24434910476058894,-0.032110161582481464
8.071999999999365,0.029808421167730623,-0.24504345276948442,-0.029314524678966405
8.073999999999366,0.029317655288776265,-0.24572073484163873,-0.02652037945391092
8.075999999999366,0.028825551930982456,-0.24638092697509395,-0.023727909023061974
8.077999999999367,0.028332145297185148,-0.2470240063293882,-0.02093729616736531
8.079999999999368,0.027837469634739726,-0.24764995122571773,-0.01814872332123163
8.081999999999368,0.027341559233197595,-0.2482587411470205,-0.015362372560839763
8.083999999999369,0.02684444842198269,-0.24885035673798195,-0.01257842559247771
8.08599999999937,0.02634617156806804,-0.2494247798049623,-0.009797063740922457
8.08799999999937,0.02584676307365256,-0.24998199331584628,-0.007018467937859041
8.089999999999371,0.025346257373838235,-0.25052198139981446,-0.004242818710339671
8.091999999999372,0.0248446889343078,-0.2510447293470371,-0.00147029616928393
8.093999999999372,0.024342092249003168,-0.2515502236082899,0.0012989200019795366
8.095999999999373,0.023838501837804647,-0.25203845179449225,0.004064650559129107
8.097999999999374,0.023333952244211198,-0.2525094026761677,0.0068267167082228936
8.099999999999374,0.022828478033021835,-0.25296306618282705,0.009584940117027874
8.101999999999375,0.022322113788018325,-0.2533994334022739,0.01233914292630435
8.103999999999376,0.02181489410964938,-0.2538184965798329,0.015089147761045321
8.105999999999376,0.021306853612716455,-0.25422024911750113,0.017834777741669555
8.107999999999377,0.0207980269240613,-0.2546046855730218,0.0205758564951683
8.109999999999378,0.020288448680255495,-0.25497180165888156,0.0233122081662044
8.111999999999378,0.019778153525292004,-0.25532159424123074,0.026043657428163308
8.113999999999379,0.019267176108279018,-0.25565406133872703,0.028770029494155358
8.11599999999938,0.018755551081136152,-0.25596920212130253,0.03149115012796842
8.11799999999938,0.018243313096293207,-0.2562670169088545,0.03420684565497051
8.119999999999381,0.017730496804391604,-0.25654750716986,0.03691694297296122
8.121999999999382,0.01721713685198869,-0.25681067551991427,0.03962126956297199
8.123999999999382,0.01670326787926502,-0.2570565257201934,0.04231965350001368
8.125999999999383,0.016188924517734814,-0.2572850626758412,0.0450119234637716
8.127999999999384,0.01567414138795969,-0.25749629243428085,0.04769790874924654
8.129999999999384,0.01515895309726587,-0.25769022218345045,0.050377439277341965
8.131999999999385,0.014643394237464968,-0.2578668602499645,0.05305034560539587
8.133999999999386,0.014127499382578556,-0.25802621609719967,0.05571645893765742
8.135999999999386,0.013611303086566613,-0.25816830032330595,0.05837561113570705
8.137999999999387,0.013094839881060041,-0.2582931246591436,0.06102763472881992
8.139999999999388,0.012578144273097365,-0.2584007019661455,0.0636723629242716
8.141999999999388,0.012061250742865794,-0.2584910462341056,0.06630962961758592
8.143999999999389,0.01154419374144678,-0.2585641725788933,0.06893926940272385
8.14599999999939,0.011027007688566216,-0.2586200972400944,0.07156111758221276
8.14799999999939,0.010509726970349425,-0.25865883757857866,0.07417501017721612
8.149999999999391,0.009992385937081091,-0.2586804120739943,0.0767807839375422
8.151999999999392,0.009475018900970278,-0.25868484032218914,0.07937827635159168
8.153999999999392,0.008957660133920664,-0.25867214303255986,0.08196732565624318
8.155999999999393,0.008440343865306166,-0.25864234202532843,0.08454777084667661
8.157999999999394,0.00792310427975208,-0.2585954602287464,0.08711945168613339
8.159999999999394,0.007405975514921866,-0.2585315216762278,0.0896822087156128
8.161999999999395,0.006888991659309773,-0.25845055150340984,0.09223588326350457
8.163999999999396,0.006372186750039383,-0.2583525759451432,0.09478031745515605
8.165999999999396,0.0058555947706682605,-0.25823762233241054,0.0973153542223747
8.167999999999397,0.005339249648998833,-0.25810571908917485,0.09984083731286397
8.169999999999398,0.0048231852548956435,-0.25795689572915736,0.10235661129959325
8.171999999999398,0.00430743539810912,-0.2577911828525452,0.10486252159010047
8.173999999999399,0.0037920338261059963,-0.25760861214262953,0.107358414435727
8.1759999999994,0.003277014221906528,-0.2574092163623742,0.10984413694078479
8.1779999999994,0.0027624102019286403,-0.2571930293509151,0.11231953707165446
8.179999999999401,0.002248255313839145,-0.25696008601999115,0.11478446366581435
8.181999999999402,0.001734583034412165,-0.25671042235030644,0.11723876644079985
8.183999999999402,0.0012214267673949014,-0.25644407538782443,0.1196822960030924
8.185999999999403,0.0007088198413808811,-0.2561610832399945,0.12211490385693771
8.187999999999404,0.00019679550769081803,-0.25586148507191087,0.12453644241309283
8.189999999999404,-0.0003146130617387758,-0.2555453211024048,0.12694676499750135
8.191999999999405,-0.0008253727764590973,-0.25521263260006954,0.1293457258598963
8.193999999999406,-0.0013354506296045427,-0.25486346187921954,0.13173318018233027
8.195999999999406,-0.0018448136999800508,-0.2544978522957834,0.1341089840876325
8.197999999999407,-0.0023534291541401652,-0.25411584824313127,0.13647299464779197
8.199999999999408,-0.0028612642484596882,-0.25371749514783687,0.13882506989226645
8.201999999999408,-0.003368286331195792,-0.25330283946537513,0.14116506881621688
8.203999999999409,-0.0038744628445414615,-0.2528719286757549,0.14349285138866652
8.20599999999941,-0.004379761326670138,-0.252424811279088,0.14580827856058476
8.20799999999941,-0.004884149413771438,-0.25196153679109423,0.1481112122728947
8.209999999999411,-0.005387594842077819,-0.25148215573854354,0.1504015154644043
8.211999999999412,-0.005890065449882065,-0.2509867196546351,0.15267905207966087
8.213999999999412,-0.006391529179545469,-0.250475281074314,0.15494368707672787
8.215999999999413,-0.006891954079496587,-0.24994789352952587,0.15719528643488434
8.217999999999414,-0.007391308306220441,-0.24940461154441015,0.15943371716224586
8.219999999999414,-0.007889560126238041,-0.24884549063043188,0.16165884730330726
8.221999999999415,-0.00838667791807612,-0.2482705872814529,0.16387054594640615
8.223999999999416,-0.008882630174226941,-0.24767995896874273,0.16606868323110707
8.225999999999416,-0.009377385503098072,-0.2470736641359296,0.16825313035550607
8.227999999999417,-0.009870912630952003,-0.24645176219389198,0.17042375958345515
8.229999999999418,-0.010363180403835484,-0.24581431351559116,0.172580444251706
8.231999999999418,-0.010854157789498472,-0.24516137943084526,0.174723058776973
8.23399999999942,-0.011343813879302566,-0.24449302222104524,0.17685147866291498
8.23599999999942,-0.011832117890118826,-0.24380930511381316,0.17896558050703545
8.23799999999942,-0.012319039166214827,-0.24311029227760333,0.1810652420075007
8.239999999999421,-0.012804547181130893,-0.2423960488162468,0.18315034196987579
8.241999999999422,-0.013288611539545329,-0.2416666407634395,0.18522076031377788
8.243999999999422,-0.013771201979128603,-0.2409221350771747,0.1872763780794464
8.245999999999423,-0.014252288372386315,-0.24016259963412015,0.18931707743423037
8.247999999999424,-0.014731840728490877,-0.23938810322394044,0.19134274167899165
8.249999999999424,-0.015209829195101785,-0.23859871554356496,0.1933532552544246
8.251999999999425,-0.015686224060174364,-0.23779450719140205,0.1953485037472914
8.253999999999426,-0.016160995753756898,-0.23697554966149978,0.19732837389657285
8.255999999999426,-0.01663411484977602,-0.23614191533765394,0.19929275359953438
8.257999999999427,-0.017105552067810267,-0.23529367748746352,0.20124153191770705
8.259999999999428,-0.017575278274851707,-0.23443091025633447,0.2031745990827831
8.261999999999428,-0.018043264487055496,-0.23355368866143192,0.2050918465024258
8.26399999999943,-0.01850948187147732,-0.23266208858558168,0.20699316676599344
8.26599999999943,-0.018973901747798554,-0.23175618677112134,0.20887845365017743
8.26799999999943,-0.019436495590039113,-0.23083606081370145,0.21074760212455346
8.269999999999431,-0.019897235028257822,-0.22990178915603748,0.2126005083570463
8.271999999999432,-0.020356091850240267,-0.22895345108161289,0.21443706971930787
8.273999999999432,-0.020813038003173974,-0.22799112670833385,0.21625718479200778
8.275999999999433,-0.021268045595310887,-0.2270148969821363,0.21806075337003678
8.277999999999434,-0.021721086897616974,-0.22602484367054565,0.2198476764676226
8.279999999999434,-0.022172134345408944,-0.22502104935618977,0.2216178563233577
8.281999999999435,-0.022621160539977904,-0.22400359743026585,0.2233711964051396
8.283999999999436,-0.023068138250199943,-0.22297257208596152,0.22510760141502245
8.285999999999436,-0.023513040414133483,-0.2219280583118308,0.2268269772939805
8.287999999999437,-0.023955840140603354,-0.22087014188512552,0.2285292312265828
8.289999999999438,-0.024396510710771476,-0.21979890936508265,0.23021427164557953
8.291999999999438,-0.024835025579694085,-0.2187144480861681,0.2318820082363987
8.29399999999944,-0.025271358377865392,-0.21761684615127758,0.23353235194155447
8.29599999999944,-0.025705482912747615,-0.21650619242489488,0.23516521496496576
8.29799999999944,-0.026137373170287265,-0.21538257652620846,0.2367805107761855
8.299999999999441,-0.026567003316417648,-0.21424608882218654,0.23837815411454055
8.301999999999442,-0.026994347698547447,-0.21309682042061145,0.2399580609931815
8.303999999999442,-0.02741938084703537,-0.21193486316307375,0.24152014870304298
8.305999999999443,-0.02784207747665071,-0.21076030961792663,0.24306433581671372
8.307999999999444,-0.028262412488019792,-0.20957325307320127,0.24459054219221685
8.309999999999444,-0.028680360969058225,-0.20837378752948335,0.24609868897669962
8.311999999999445,-0.029095898196388838,-0.20716200769275195,0.2475886986100328
8.313999999999446,-0.02950899963674528,-0.20593800896718062,0.24906049482832016
8.315999999999447,-0.029919640948361175,-0.20470188744790174,0.2505140026673167
8.317999999999447,-0.03032779798234478,-0.2034537399137345,0.2519491484657568
8.319999999999448,-0.030733446784039036,-0.20219366381987708,0.25336585986859117
8.321999999999449,-0.03113656359436702,-0.20092175729056366,0.2547640658301337
8.32399999999945,-0.03153712485116261,-0.19963811911168677,0.2561436966171169
8.32599999999945,-0.031935107190486416,-0.1983428487233855,0.2575046838116565
8.32799999999945,-0.032330487447926826,-0.19703604621260032,0.25884696031412485
8.329999999999451,-0.032723242659886125,-0.19571781230559482,0.2601704603459343
8.331999999999452,-0.03311335006485166,-0.1943882483604452,0.261475119452228
8.333999999999453,-0.033500787104651895,-0.19304745635949788,0.2627608745044809
8.335999999999453,-0.03388553142569741,-0.19169553890179597,0.26402766370300845
8.337999999999454,-0.03426756088020668,-0.1903325991954749,0.2652754265793851
8.339999999999455,-0.03464685352741663,-0.18895874105012817,0.2665041039987709
8.341999999999455,-0.03502338763477789,-0.18757406886914346,0.2677136381621472
8.343999999999456,-0.035397141679134714,-0.18617868764200987,0.2689039726084612
8.345999999999457,-0.03576809434788942,-0.1847727029365967,0.2700750522166785
8.347999999999457,-0.03613622454015146,-0.18335622089140463,0.27122682320774544
8.349999999999458,-0.03650151136787087,-0.18192934820778944,0.2723592331464596
8.351999999999459,-0.03686393415695621,-0.18049219214215928,0.27347223094324913
8.35399999999946,-0.037223472448376815,-0.17904486049814583,0.2745657668558607
8.35599999999946,-0.037580105999249415,-0.17758746161874997,0.275639792490957
8.35799999999946,-0.03793381478390898,-0.17612010437846246,0.27669426080562204
8.359999999999461,-0.03828457899496382,-0.17464289817536044,0.27772912610877615
8.361999999999462,-0.03863237904433481,-0.17315595292318012,0.2787443440624993
8.363999999999463,-0.03897719556427877,-0.17165937904336617,0.2797398716832641
8.365999999999463,-0.03931900940839593,-0.17015328745709873,0.2807156673430769
8.367999999999464,-0.03965780165262139,-0.16863778957729825,0.281671690770529
8.369999999999465,-0.03999355359620057,-0.16711299730060883,0.2826079030517561
8.371999999999465,-0.040326246762648676,-0.16557902299936092,0.28352426663130725
8.373999999999466,-0.040655862900693965,-0.16403597951351348,0.28442074531292383
8.375999999999467,-0.04098238398520495,-0.1624839801425766,0.28529730426022654
8.377999999999467,-0.04130579221810141,-0.16092313863751478,0.28615390999731305
8.379999999999468,-0.041626070029249194,-0.15935356919263197,0.2869905304092645
8.381999999999469,-0.041943200077338746,-0.15777538643743827,0.287807134742562
8.38399999999947,-0.04225716525074738,-0.15618870542849939,0.2886036936054129
8.38599999999947,-0.04256794866838524,-0.15459364164126932,0.2893801789679866
8.38799999999947,-0.04287553368052487,-0.15299031096190663,0.29013656416256084
8.389999999999471,-0.04317990386961447,-0.15137882967907507,0.2908728238835777
8.391999999999472,-0.04348104305107463,-0.14975931447572918,0.2915889341876099
8.393999999999473,-0.04377893527407874,-0.14813188242088518,0.29228487249323776
8.395999999999473,-0.04407356482231685,-0.14649665096137807,0.29296061758083625
8.397999999999474,-0.044364916214743054,-0.14485373791360512,0.2936161495922733
8.399999999999475,-0.04465297420630636,-0.14320326145525672,0.29425145003051784
8.401999999999475,-0.044937723788664966,-0.14154534011703487,0.2948665017591602
8.403999999999476,-0.04521915019088404,-0.13988009277435998,0.29546128900184226
8.405999999999477,-0.0454972388801168,-0.13820763863906652,0.2960357973416002
8.407999999999477,-0.045771975562269085,-0.13652809725108817,0.2965900137201173
8.409999999999478,-0.04604334618264719,-0.13484158847013297,0.2971239264368895
8.411999999999479,-0.04631133692658908,-0.13314823246734897,0.29763752514830244
8.41399999999948,-0.04657593422007897,-0.13144814971698107,0.29813080086661986
8.41599999999948,-0.046837124730345125,-0.1297414609880196,0.2986037459588854
8.41799999999948,-0.04709489536644102,-0.1280282873358411,0.29905635414573545
8.419999999999481,-0.04734923327980974,-0.1263087500938418,0.29948862050012565
8.421999999999482,-0.047600125864831644,-0.12458297086506483,0.2999005414459696
8.423999999999483,-0.04784756075935527,-0.122851071513821,0.30029211475669065
8.425999999999483,-0.04809152584521153,-0.12111317415730433,0.30066333955368685
8.427999999999484,-0.04833200924871103,-0.1193694011572024,0.3010142163047098
8.429999999999485,-0.04856899934112473,-0.11761987511130263,0.3013447468221564
8.431999999999485,-0.048802484739147674,-0.11586471884509439,0.301654934261275
8.433999999999486,-0.04903245430534606,-0.11410405540336803,0.30194478311828554
8.435999999999487,-0.04925889714858739,-0.11233800804181115,0.3022142992284143
8.437999999999487,-0.049481802624453904,-0.11056670021860263,0.3024634897638425
8.439999999999488,-0.049701160335639115,-0.10879025558600502,0.30269236323157084
8.441999999999489,-0.0499169601323276,-0.10700879798195599,0.30290092947119807
8.44399999999949,-0.05012919211255791,-0.10522245142165901,0.303089199652616
8.44599999999949,-0.05033784662256874,-0.1034313400891742,0.30325718627361903
8.44799999999949,-0.05054291425712818,-0.10163558832900972,0.3034049031574308
8.449999999999491,-0.05074438585984625,-0.09983532063771412,0.3035323654501458
8.451999999999492,-0.05094225252347056,-0.09803066165547049,0.30363958961808835
8.453999999999493,-0.05113650559016515,-0.09622173615769261,0.303726593445088
8.455999999999493,-0.0513271366517726,-0.09440866904662396,0.30379339602967204
8.457999999999494,-0.05151413755005924,-0.09259158534293982,0.30384001778217495
8.459999999999495,-0.05169750037694368,-0.09077061017735327,0.3038664804217661
8.461999999999495,-0.05187721747470842,-0.0889458687822254,0.303872806973395
8.463999999999496,-0.05205328143619485,-0.08711748648318043,0.30385902176465485
8.465999999999497,-0.05222568510498132,-0.08528558869072608,0.30382515042256447
8.467999999999497,-0.05239442157554458,-0.08345030089187998,0.30377121987026967
8.469999999999498,-0.05255948419340441,-0.08161174864180237,0.3036972583236629
8.471999999999499,-0.05272086655525155,-0.07977005755543584,0.3036032952879232
8.4739999999995,-0.05287856250905893,-0.07792535329915241,0.3034893615539757
8.4759999999995,-0.053032566154176154,-0.07607776158240874,0.3033554891948709
8.4779999999995,-0.05318287184140736,-0.07422740814940967,0.30320171156208514
8.479999999999501,-0.05332947417307237,-0.07237441877078095,0.30302806328174164
8.481999999999502,-0.053472368003051225,-0.07051891923525136,0.3028345802507523
8.483999999999503,-0.05361154843681208,-0.06866103534134498,0.3026212996328818
8.485999999999503,-0.0537470108314225,-0.06680089288908392,0.3023882598547329
8.487999999999504,-0.05387875079554415,-0.06493861767170221,0.3021355006016545
8.489999999999505,-0.05400676418941098,-0.0630743354673712,0.30186306281357184
8.491999999999505,-0.054131047124790804,-0.06120817203093706,0.3015709886807405
8.493999999999506,-0.05425159596493043,-0.059340253085670806,0.30125932163942254
8.495999999999507,-0.05436840732448423,-0.05747070431503156,0.30092810636748757
8.497999999999507,-0.054481478069426346,-0.055599651354443225,0.30057738877993695
8.499999999999508,-0.054590805316946364,-0.05372721978308533,0.30020721602435335
8.501999999999509,-0.05469638643532865,-0.05185353511569847,0.2998176364762745
8.50399999999951,-0.05479821904381528,-0.04997872279440474,0.29940869973449247
8.50599999999951,-0.05489630101245267,-0.04810290818054382,0.29898045661627876
8.50799999999951,-0.05499063046192184,-0.046226216546525076,0.2985329591525353
8.509999999999511,-0.055081205763352396,-0.04434877306769618,0.2980662605828717
8.511999999999512,-0.05516802553812034,-0.04247070281422885,0.29758041535061003
8.513999999999513,-0.0552510886576296,-0.04059213074302199,0.29707547909771614
8.515999999999513,-0.05533039424307739,-0.0387131816896229,0.296551508659659
8.517999999999514,-0.055405941665203455,-0.036833980360166975,0.2960085620601984
8.519999999999515,-0.055477730544023225,-0.03495465132333631,0.2954466985061007
8.521999999999515,-0.05554576074854486,-0.03307531900233778,0.2948659783817843
8.523999999999516,-0.0556100323964703,-0.031196107666901004,0.29426646324389316
8.525999999999517,-0.05567054585388034,-0.029317141425296702,0.29364821581580197
8.527999999999517,-0.05572730173490375,-0.027438544216375906,0.29301129998205006
8.529999999999518,-0.05578030090137046,-0.02556043980163048,0.2923557807827067
8.531999999999519,-0.055829544462448984,-0.023682951757275434,0.29168172440766754
8.53399999999952,-0.055875033774267904,-0.021806203466353473,0.29098919819088265
8.53599999999952,-0.05591677043952171,-0.019930318110862284,0.2902782706045162
8.53799999999952,-0.055954756307060816,-0.01805541866390497,0.2895490112530397
8.539999999999521,-0.05598899347146597,-0.01618162788186412,0.28880149086725654
8.541999999999522,-0.056019484272606994,-0.014309068296599982,0.28803578129826196
8.543999999999523,-0.05604623129518597,-0.012437862207673143,0.2872519555113349
8.545999999999523,-0.056069237368264864,-0.010568131674592227,0.2864500875797664
8.547999999999524,-0.056088505564777735,-0.008699998509087021,0.28563025267862047
8.549999999999525,-0.056104039201027446,-0.00683358426740749,0.28479252707843217
8.551999999999525,-0.056115841836167024,-0.004969010242649119,0.283936988138841
8.553999999999526,-0.05612391727166572,-0.0031063974571050425,0.2830637143021597
8.555999999999527,-0.056128269550759766,-0.001245866654645378,0.28217278508688115
8.557999999999527,-0.05612890295788794,0.0006124617068757796,0.28126428108112156
8.559999999999528,-0.05612582201811197,0.002468467463185275,0.2803382839360018
8.561999999999529,-0.05611903149652184,0.004322030751127285,0.2793948763589672
8.56399999999953,-0.05610853639762602,0.00617303201617075,0.2784341421070456
8.56599999999953,-0.05609434196472677,0.008021352019887424,0.27745616598004474
8.56799999999953,-0.05607645367928046,0.009866871847400106,0.27646103381369014
8.569999999999531,-0.056054877260243045,0.011709472914800631,0.27544883247270224
8.571999999999532,-0.05602961866340077,0.013549036976537202,0.2744196498438149
8.573999999999533,-0.05600068408068605,0.015385446132770635,0.27337357482873526
8.575999999999533,-0.05596807993947877,0.0172185828366991,0.27231069733704494
8.577999999999534,-0.05593181290189287,0.019048329901850933,0.2712311082790443
8.579999999999535,-0.05589188986404845,0.02087457050934516,0.2701348995585389
8.581999999999535,-0.055848317955329345,0.022697188215119197,0.26902216406556967
8.583999999999536,-0.055801104537626295,0.024516066957123474,0.2678929956690871
8.585999999999537,-0.05575025720456576,0.02633109106248244,0.26674748920956975
8.587999999999537,-0.055695783780724435,0.028142145254621637,0.26558574049158756
8.589999999999538,-0.05563769232082955,0.029949114660360383,0.26440784627631136
8.591999999999539,-0.055575991108945046,0.031751884816969694,0.26321390427396757
8.59399999999954,-0.0555106886576436,0.033550341679195024,0.2620040131362404
8.59599999999954,-0.05544179370716473,0.03534437162624347,0.2607782724486205
8.59799999999954,-0.05536931522455891,0.037133861468735006,0.2595367827227019
8.599999999999541,-0.05529326240281779,0.03891869845561731,0.25827964538842707
8.601999999999542,-0.05521364465999071,0.040698770281043975,0.25700696278628027
8.603999999999543,-0.055130471638287416,0.04247396509121548,0.2557188381594315
8.605999999999543,-0.055043753203167164,0.04424417149118273,0.25441537564582933
8.607999999999544,-0.05495349944241425,0.04600927855161266,0.25309668027024446
8.609999999999545,-0.05485972066520005,0.04776917581551558,0.2517628579362649
8.611999999999545,-0.05476242740113164,0.04952375330493392,0.2504140154182425
8.613999999999546,-0.05466163039928708,0.051272901527591876,0.24905026035319125
8.615999999999547,-0.05455734062723744,0.05301651148350572,0.24767170123263943
8.617999999999547,-0.054449569270055634,0.054754474671554344,0.24627844739443433
8.619999999999548,-0.054338327729312165,0.05648668309600968,0.24487060901450097
8.621999999999549,-0.054223627622057846,0.05821302927302659,0.24344829709855598
8.62399999999955,-0.05410548077979359,0.05993340623709193,0.24201162347377594
8.62599999999955,-0.05398389924742731,0.06164770754743243,0.240560700780422
8.62799999999955,-0.0538588952822181,0.06335582729438093,0.23909564246342035
8.629999999999551,-0.05373048135270767,0.06505766010570076,0.23761656276390003
8.631999999999552,-0.05359867013763923,0.06675310115286782,0.23612357671068798
8.633999999999553,-0.053463474524863774,0.06844204615731003,0.23461680011176222
8.635999999999553,-0.05332490761023403,0.07012439139660377,0.23309634954566386
8.637999999999554,-0.05318298269648596,0.0718000337106271,0.23156234235286827
8.639999999999555,-0.05303771329210808,0.0734688705076692,0.23001489662711624
8.641999999999555,-0.052889113110198546,0.07513079977049594,0.2284541312067058
8.643999999999556,-0.05273719606731018,0.076785720062371,0.22688016566574476
8.645999999999557,-0.05258197628228349,0.0784335305330324,0.22529312030536539
8.647999999999557,-0.0524234680750678,0.08007413092462397,0.22369311614490128
8.649999999999558,-0.05226168596553054,0.08170742157758157,0.22208027491302704
8.651999999999559,-0.05209664467225482,0.0833333034364736,0.22045471903886188
8.65399999999956,-0.05192835911132535,0.08495167805579554,0.2188165716430373
8.65599999999956,-0.05175684439510287,0.08656244760571818,0.217165956528729
8.65799999999956,-0.051582115830987055,0.08816551487778934,0.21550299817265528
8.659999999999561,-0.05140418892016812,0.08976078329058847,0.2138278217160406
8.661999999999562,-0.05122307935636714,0.0913481568953342,0.21214055295554635
8.663999999999563,-0.051038803024565225,0.09292754038144424,0.2104413183341686
8.665999999999563,-0.050851375999721574,0.09449883908204744,0.20873024493210401
8.667999999999564,-0.05066081454548062,0.09606195897944769,0.20700746045758414
8.669999999999565,-0.050467135112868225,0.09761680671053939,0.20527309323767923
8.671999999999565,-0.05027035433897716,0.0991632895721741,0.2035272722090714
8.673999999999566,-0.05007048904564185,0.10070131552647821,0.20177012690879875
8.675999999999567,-0.04986755623810254,0.10223079320612119,0.2000017874649701
8.677999999999567,-0.049661573103659026,0.10375163191953428,0.19822238458745212
8.679999999999568,-0.04945255701031392,0.10526374165607921,0.196432049558528
8.681999999999569,-0.049240525505405676,0.10676703309116674,0.19463091422353
8.68399999999957,-0.049025496314231434,0.10826141759132465,0.192819110981445
8.68599999999957,-0.04880748733865974,0.10974680721921512,0.19099677277549482
8.68799999999957,-0.04858651665573334,0.11122311473860087,0.18916403308369117
8.689999999999571,-0.04836260251626201,0.11269025361926019,0.18732102590936625
8.691999999999572,-0.048135763343405705,0.11414813804185024,0.18546788577167994
8.693999999999573,-0.04790601773124797,0.11559668290271861,0.18360474769610338
8.695999999999573,-0.047673384443359765,0.11703580381866271,0.18173174720488053
8.697999999999574,-0.04743788241135391,0.11846541713163686,0.17984902030746747
8.699999999999575,-0.047199530733430056,0.1198854399134067,0.1779567034909511
8.701999999999575,-0.0469583486729105,0.12129578997015075,0.17605493371044695
8.703999999999576,-0.04671435565676677,0.12269638584700891,0.1741438483794771
8.705999999999577,-0.04646757127413723,0.12408714683257749,0.1722235853603294
8.707999999999577,-0.04621801527483571,0.1254679929633507,0.1702942829543974
8.709999999999578,-0.04596570756785131,0.12683884502810824,0.1683560798925032
8.711999999999579,-0.045710668219839504,0.12819962457224893,0.16640911532520242
8.71399999999958,-0.04545291745360461,0.12955025390206978,0.16445352881307304
8.71599999999958,-0.045192475646573756,0.13089065608899078,0.16248946031698813
8.71799999999958,-0.04492936332926248,0.13222075497372474,0.16051705018837337
8.719999999999581,-0.044663601183732006,0.13354047517039216,0.15853643915945004
8.721999999999582,-0.04439521004203838,0.13484974207058092,0.15654776833346395
8.723999999999583,-0.0441242108846735,0.1361484818473505,0.15455117917490144
8.725999999999583,-0.043850624838998244,0.13743662145918062,0.15254681349969224
8.727999999999584,-0.04357447317766773,0.13871408865386384,0.1505348134654009
8.729999999999585,-0.043295777317048825,0.13998081197234227,0.14851532156140673
8.731999999999585,-0.043014558815630086,0.14123672075248805,0.146488480599073
8.733999999999586,-0.04273083937242416,0.1424817451328271,0.14445443370190642
8.735999999999587,-0.042444640825362805,0.14371581605620648,0.14241332429570724
8.737999999999587,-0.042155985149684626,0.14493886527340474,0.1403652960987108
8.739999999999588,-0.041864894456315666,0.1461508253466853,0.13831049311172078
8.741999999999589,-0.04157139099024292,0.14735162965329252,0.1362490596082357
8.74399999999959,-0.04127549712888095,0.14854121238889043,0.13418114012456836
8.74599999999959,-0.040977235380431624,0.14971950857094385,0.13210687944995952
8.74799999999959,-0.04067662838223723,0.15088645404204173,0.1300264226166862
8.749999999999591,-0.04037369889912691,0.15204198547316253,0.12793991489016526
8.751999999999592,-0.040068469821756714,0.15318604036688152,0.1258475017590533
8.753999999999593,-0.03976096416494321,0.15431855706051992,0.12374932892534281
8.755999999999593,-0.039451205065990924,0.15543947472923536,0.12164554229445608
8.757999999999594,-0.03913921578301363,0.15654873338905403,0.11953628796533694
8.759999999999595,-0.03882501969324961,0.15764627389984393,0.11742171222054114
8.761999999999595,-0.03850864029137108,0.15873203796822924,0.1153019615163261
8.763999999999596,-0.038190101187787776,0.15980596815044582,0.11317718247274076
8.765999999999597,-0.03786942610694498,0.16086800785513727,0.11104752186371596
8.767999999999597,-0.03754663888561592,0.161918101346092,0.10891312660715627
8.769999999999598,-0.03722176347118883,0.16295619374492057,0.10677414375503362
8.771999999999599,-0.03689482391994864,0.1639822310336737,0.10463072048348386
8.7739999999996,-0.036565844395353576,0.16499616005740045,0.10248300408290634
8.7759999999996,-0.036234849166306635,0.16599792852664655,0.10033114194806765
8.7779999999996,-0.03590186260542214,0.16698748501989294,0.09817528156820991
8.779999999999601,-0.03556690918728752,0.16796477898593423,0.09601557051716424
8.781999999999602,-0.035230013486720314,0.16892976074619692,0.09385215644347049
8.783999999999603,-0.03489120017702067,0.1698823814969974,0.0916851870605031
8.785999999999603,-0.03455049402821937,0.17082259331173957,0.08951481013660469
8.787999999999604,-0.03420791990532148,0.17175034914305218,0.08734117348522706
8.789999999999605,-0.033863502766545844,0.1726656028248653,0.08516442495508132
8.791999999999605,-0.03351726766156045,0.1735683090744264,0.08298471242029658
8.793999999999606,-0.033169239729713834,0.1744584234942557,0.08080218377058902
8.795999999999607,-0.03281944419826264,0.17533590257404044,0.07861698690144132
8.797999999999607,-0.03246790638059543,0.1762007036924687,0.07642926970429297
8.799999999999608,-0.03211465167445292,0.17705278511900188,0.07423918005674279
8.801999999999609,-0.03175970556014471,0.1778921060155863,0.07204686581276366
8.80399999999961,-0.03140309359876266,0.1787186264383038,0.06985247479293039
8.80599999999961,-0.03104484143039102,0.17953230733896106,0.06765615477466137
8.80799999999961,-0.030684974772313453,0.18033311056661774,0.06545805348247459
8.809999999999611,-0.03032351941721704,0.18112099886905345,0.06325831857825841
8.811999999999612,-0.029960501231393436,0.18189593589417322,0.061057097651558465
8.813999999999613,-0.029595946152937286,0.1826578861913519,0.05885453820988058
8.815999999999613,-0.029229880189941968,0.18340681521271687,0.05665078766901048
8.817999999999614,-0.02886232941869288,0.18414268931436964,0.054445993343351415
8.819999999999615,-0.02849331998185832,0.18486547575754564,0.0522403024362796
8.821999999999615,-0.028122878086678103,0.18557514270971287,0.050033862030518794
8.823999999999616,-0.027751030003150073,0.18627165924560884,0.04782681907853409
8.825999999999617,-0.027377802062214567,0.18695499534821605,0.045619320392945945
8.827999999999617,-0.027003220653937007,0.18762512190967595,0.043411512636964814
8.829999999999618,-0.02662731222568873,0.1882820107321413,0.04120354231484705
8.831999999999619,-0.02625010328032616,0.18892563452856703,0.038995555762372985
8.83399999999962,-0.02587162037436847,0.18955596692343965,0.03678769913734728
8.83599999999962,-0.025491890116173855,0.19017298245344486,0.034580118410122526
8.83799999999962,-0.025110939164114502,0.19077665656807383,0.032372959354146844
8.839999999999621,-0.024728794224750442,0.19136696563016792,0.030166367536535607
8.841999999999622,-0.02434548205100236,0.19194388691640188,0.02796048830866825
8.843999999999623,-0.02396102944032349,0.1925073986177055,0.025755466796810858
8.845999999999623,-0.023575463232870755,0.19305747983962387,0.023551447892764713
8.847999999999624,-0.02318881030967521,0.19359411060261628,0.02134857624454184
8.849999999999625,-0.022801097590811985,0.19411727184229352,0.019146996247067907
8.851999999999626,-0.0224123520335698,0.194626945409594,0.01694685203291317
8.853999999999626,-0.022022600630620177,0.1951231140708985,0.014748287463051998
8.855999999999627,-0.02163187040818651,0.19560576150808362,0.012551446117651632
8.857999999999628,-0.02124018842421306,0.19607487231851412,0.01035647128689074
8.859999999999628,-0.020847581766534052,0.19653043201497394,0.008163505961808246
8.861999999999629,-0.020454077551042952,0.1969724270255363,0.0059726928251832845
8.86399999999963,-0.020059702919862085,0.19740084469337257,0.0037841742424466057
8.86599999999963,-0.01966448503951267,0.1978156732765004,0.0015980922526241392
8.86799999999963,-0.019268451099085444,0.1982169019474708,-0.000585411440686856
8.869999999999632,-0.01887162830841196,0.1986045207929944,-0.002766195478308184
8.871999999999632,-0.018474043896236695,0.19897852081350717,-0.004944118854437393
8.873999999999633,-0.018075725108390082,0.1993388939226753,-0.007119040925570114
8.875999999999634,-0.017676699205962616,0.19968563294683953,-0.009290821419387224
8.877999999999634,-0.01727699346348009,0.20001873162439926,-0.011459320443606688
8.879999999999635,-0.01687663516708017,0.200338184605136,-0.013624398494799184
8.881999999999636,-0.01647565161269035,0.2006439874494768,-0.01578591646716715
8.883999999999636,-0.01607407010420745,0.20093613662769746,-0.017943735661286653
8.885999999999637,-0.015671917951678778,0.20121462951906563,-0.020097717792811484
8.887999999999638,-0.015269222469485045,0.2014794644109242,-0.022247725001138932
8.889999999999638,-0.014866010974525192,0.20173064049771475,-0.024393619858036883
8.891999999999639,-0.014462310784403224,0.20196815787994132,-0.02653526537623141
8.89399999999964,-0.014058149215617165,0.2021920175630748,-0.028672525017954545
8.89599999999964,-0.013653553581750287,0.2024022214563978,-0.030805262703451575
8.89799999999964,-0.01324855119166468,0.20259877237179028,-0.03293334281944746
8.899999999999642,-0.012843169347697334,0.20278167402245614,-0.035056630227571745
8.901999999999642,-0.012437435343858813,0.2029509310215908,-0.037174990272741404
8.903999999999643,-0.012031376464034661,0.20310654888098997,-0.03928828879150134
8.905999999999644,-0.011625019980189638,0.20324853400959972,-0.04139639212032168
8.907999999999644,-0.01121839315057493,0.20337689371200815,-0.04349916710385167
8.909999999999645,-0.010811523217938414,0.2034916361868787,-0.04559648110312943
8.911999999999646,-0.010404437407738141,0.20359277052532532,-0.047688202003747286
8.913999999999646,-0.009997162926359096,0.2036803067092295,-0.04977419822397196
8.915999999999647,-0.00958972695933341,0.20375425560949978,-0.051854338722819276
8.917999999999648,-0.009182156669564087,0.20381462898427333,-0.05392849300808284
8.919999999999648,-0.008774479195552404,0.2038614394770603,-0.05599653114431623
8.921999999999649,-0.008366721649629072,0.20389470061483092,-0.05805832376076814
8.92399999999965,-0.00795891111618927,0.20391442680604532,-0.0601137420592701
8.92599999999965,-0.007551074649931702,0.2039206333386268,-0.062162657822076306
8.92799999999965,-0.007143239274101729,0.20391333637787826,-0.0642049434196549
8.929999999999652,-0.006735431978738759,0.20389255296434214,-0.06624047181843049
8.931999999999652,-0.006327679718927952,0.2038583010116043,-0.06826911658847727
8.933999999999653,-0.005920009413056378,0.20381059930404177,-0.07029075191116238
8.935999999999654,-0.005512447941073737,0.20374946749451467,-0.072305252586739
8.937999999999654,-0.005105022142757754,0.20367492610200258,-0.07431249404188865
8.939999999999655,-0.0046977588159843485,0.2035869965091856,-0.07631235233721252
8.941999999999656,-0.004290684715002703,0.20348570095997023,-0.07830470417467106
8.943999999999656,-0.0038838265487153353,0.20337106255696039,-0.0802894269049716
8.945999999999657,-0.0034772109789632764,0.20324310525887374,-0.08226639853490351
8.947999999999658,-0.0030708646188164802,0.20310185387790364,-0.08423549773462048
8.949999999999658,-0.0026648140308695545,0.202947334077027,-0.08619660384486942
8.951999999999659,-0.002259085725542936,0.20277957236725805,-0.08814959688416572
8.95399999999966,-0.0018537061593896093,0.20259859610484857,-0.09009435755591434
8.95599999999966,-0.001448701733407478,0.2024044334884348,-0.09203076725547624
8.957999999999661,-0.0010440987913574971,0.2021971135561309,-0.09395870807718
8.959999999999662,-0.0006399236180876705,0.20197666618257,-0.09587806282127796
8.961999999999662,-0.00023620243786301817,0.2017431220758922,-0.09778871500084665
8.963999999999663,0.00016703858729837887,0.20149651277468042,-0.09969054884863102
8.965999999999664,0.000569773359283154,0.20123687064484427,-0.1015834493238321
8.967999999999664,0.0009719758455341461,0.20096422887645202,-0.10346730211883791
8.969999999999665,0.0013736200806955035,0.20067862148051105,-0.10534199366589674
8.971999999999666,0.001774680168251297,0.20038008328569723,-0.10720741114373304
8.973999999999666,0.002175130282157541,0.20006864993503326,-0.1090634424841051
8.975999999999667,0.0025749446684675214,0.19974435788251643,-0.11090997637830434
8.977999999999668,0.002974097646950326,0.19940724438969598,-0.11274690228359582
8.979999999999668,0.0033725636127024837,0.19905734752220056,-0.11457411042959961
8.981999999999669,0.0037703170377526053,0.19869470614621584,-0.1163914918246127
8.98399999999967,0.004167332472658932,0.19831935992491276,-0.11819893826187094
8.98599999999967,0.00456358454809969,0.19793134931482662,-0.11999634232575104
8.987999999999671,0.004959047976456155,0.19753071556218746,-0.12178359739791175
8.989999999999672,0.005353697553388332,0.19711750069920195,-0.1235605976633745
8.991999999999672,0.005747508159403143,0.19669174754028693,-0.12532723811654264
8.993999999999673,0.006140454761415041,0.19625349967825542,-0.1270834145671592
8.995999999999674,0.006532512414298949,0.1958028014804549,-0.1288290236462029
8.997999999999674,0.00692365626243542,0.19533969808485843,-0.1305639628117222
8.999999999999675,0.007313861541247942,0.19486423539610906,-0.13228813035460632
9.001999999999676,0.0077031035787322785,0.19437646008151754,-0.13400142540429424
9.003999999999676,0.008091357796977764,0.193876419567014,-0.13570374793442017
9.005999999999677,0.008478599713680451,0.19336416203305373,-0.13739499876839584
9.007999999999678,0.008864804943648028,0.19283973641047747,-0.13907507958492912
9.009999999999678,0.009249949200296408,0.19230319237632656,-0.14074389292347889
9.011999999999679,0.009634008297137907,0.19175458034961337,-0.14240134218964534
9.01399999999968,0.01001695814926092,0.1911939514870472,-0.14404733166049621
9.01599999999968,0.010398774774800999,0.19062135767871607,-0.14568176648982822
9.017999999999681,0.010779434296403248,0.19003685154372493,-0.14730455271336304
9.019999999999682,0.01115891294267597,0.18944048642579037,-0.1489155972538787
9.021999999999682,0.011537187049635435,0.1888323163887924,-0.15051480792627503
9.023999999999683,0.011914233062141729,0.1882123962122835,-0.15210209344257336
9.025999999999684,0.012290027535325564,0.1875807813869556,-0.1536773634168504
9.027999999999684,0.012664547136005991,0.18693752811006498,-0.15524052837010563
9.029999999999685,0.013037768644098916,0.18628269328081565,-0.15679149973506246
9.031999999999686,0.013409668954016346,0.18561633449570172,-0.15833018986090241
9.033999999999686,0.013780225076056269,0.18493851004380896,-0.1598565120179326
9.035999999999687,0.014149414137783107,0.18424927890207582,-0.16137038040218582
9.037999999999688,0.014517213385398648,0.1835487007305147,-0.16287171013995344
9.039999999999688,0.01488360018510338,0.18283683586739347,-0.1643604172922506
9.041999999999689,0.015248552024448149,0.1821137453243776,-0.16583641885921363
9.04399999999969,0.015612046513676056,0.18137949078163387,-0.16729963278442955
9.04599999999969,0.01597406138705454,0.1806341345828952,-0.16874997795919722
9.047999999999691,0.016334574504197532,0.1798777397304877,-0.1701873742267203
9.049999999999692,0.016693563851377647,0.17911036988031995,-0.1716117423862315
9.051999999999692,0.017051007542828293,0.17833208933683498,-0.1730230041970482
9.053999999999693,0.017406883822035663,0.1775429630479256,-0.17442108238255893
9.055999999999694,0.017761171063020522,0.1767430565998131,-0.17580590063414112
9.057999999999694,0.018113847771609713,0.17593243621188978,-0.17717738361500918
9.059999999999695,0.0184648925866973,0.17511116873152624,-0.17853545696399345
9.061999999999696,0.018814284281495307,0.17427932162884296,-0.1798800472992496
9.063999999999696,0.01916200176477396,0.17343696299144748,-0.18121108222189802
9.065999999999697,0.01950802408209137,0.1725841615191368,-0.18252849031959356
9.067999999999698,0.01985233041701258,0.17172098651856604,-0.18383220117002524
9.069999999999698,0.020194900092317915,0.17084750789788336,-0.1851221453443459
9.071999999999699,0.02053571257120059,0.16996379616133184,-0.18639825441053126
9.0739999999997,0.020874747458453462,0.1690699224038184,-0.18766046093666888
9.0759999999997,0.021211984501644892,0.16816595830545072,-0.18890869849417652
9.077999999999701,0.021547403592283673,0.16725197612604184,-0.19014290166094983
9.079999999999702,0.021880984766972904,0.1663280486995836,-0.19136300602443929
9.081999999999702,0.0222127082085528,0.16539424942868883,-0.1925689481846563
9.083999999999703,0.02254255424723235,0.16445065227900305,-0.19376066575710843
9.085999999999704,0.022870503361709753,0.1634973317735858,-0.19493809737566326
9.087999999999704,0.023196536180281634,0.16253436298726226,-0.19610118269534166
9.089999999999705,0.023520633481940865,0.1615618215409455,-0.1972498623950393
9.091999999999706,0.02384277619746306,0.16057978359592984,-0.19838407818017706
9.093999999999706,0.0241629454104816,0.1595883258481557,-0.1995037727852802
9.095999999999707,0.02448112235855116,0.15858752552244626,-0.20060888997648585
9.097999999999708,0.0247972884341997,0.15757746036671683,-0.2016993745539789
9.099999999999708,0.025111425185968827,0.15655820864615658,-0.20277517235435694
9.101999999999709,0.025423514319442498,0.15552984913738385,-0.2038362302529224
9.10399999999971,0.025733537698264017,0.154492461122575,-0.20488249616590443
9.10599999999971,0.02604147734514125,0.15344612438356744,-0.20591391905260759
9.107999999999711,0.02634731544284004,0.15239091919593714,-0.20693044891748996
9.109999999999712,0.02665103433516573,0.15132692632305117,-0.20793203681216876
9.111999999999712,0.02695261652793278,0.15025422701009572,-0.20891863483735423
9.113999999999713,0.02725204468992241,0.14917290297807995,-0.20989019614471177
9.115999999999714,0.027549301653828233,0.14808303641781614,-0.21084667493865203
9.117999999999714,0.027844370417189818,0.14698470998387672,-0.21178802647804923
9.119999999999715,0.02813723414331415,0.14587800678852825,-0.21271420707788746
9.121999999999716,0.02842787616218493,0.1447630103956434,-0.21362517411083487
9.123999999999716,0.028716279971359684,0.1436398048145907,-0.21452088600874636
9.125999999999717,0.02900242923685463,0.14250847449410306,-0.21540130226409376
9.127999999999718,0.02928630779401724,0.1413691043161251,-0.2162663834313247
9.129999999999718,0.029567899648386506,0.14022177958964005,-0.21711609112814875
9.131999999999719,0.029847188976540834,0.13906658604447644,-0.21795038803675257
9.13399999999972,0.03012416012693351,0.13790360982509514,-0.2187692379049424
9.13599999999972,0.03039879762071574,0.13673293748435716,-0.2195726055472151
9.137999999999721,0.030671086152547208,0.1355546559772727,-0.22036045684575728
9.139999999999722,0.030941010591394095,0.13436885265473184,-0.2211327587513724
9.141999999999722,0.03120855598131457,0.13317561525721727,-0.2218894792843364
9.143999999999723,0.03147370754223166,0.13197503190849977,-0.22263058753518147
9.145999999999724,0.03173645067069351,0.1307671911093165,-0.22335605366540817
9.147999999999724,0.031996770940620985,0.12955218173103292,-0.22406584890812578
9.149999999999725,0.032254654104042574,0.1283300930092884,-0.2247599455686214
9.151999999999726,0.03251008609181656,0.12710101453762648,-0.22543831702485706
9.153999999999726,0.03276305301434047,0.12586503626110965,-0.22610093772789602
9.155999999999727,0.033013541162247674,0.12462224846991957,-0.22674778320225714
9.157999999999728,0.033261537007091266,0.12337274179294291,-0.22737883004619813
9.159999999999728,0.033507027202015,0.12211660719134339,-0.22799405593192779
9.161999999999729,0.03374999858241142,0.12085393595212035,-0.22859343960574666
9.16399999999973,0.0339904381665671,0.11958481968165449,-0.2291769608881173
9.16599999999973,0.03422833315629491,0.11830935029924095,-0.22974460067366276
9.167999999999731,0.034463670937553384,0.11702762003061047,-0.23029634093109502
9.169999999999732,0.034696439081053104,0.11573972140143893,-0.23083216470307213
9.171999999999732,0.03492662534285009,0.1144457472308456,-0.23135205610598497
9.173999999999733,0.03515421766492618,0.11314579062488085,-0.23185600032967327
9.175999999999734,0.035379204175756344,0.11183994497000356,-0.23234398363707132
9.177999999999734,0.03560157319086302,0.1105283039265486,-0.2328159933637835
9.179999999999735,0.03582131321335727,0.10921096142218506,-0.2332720179175894
9.181999999999736,0.036038412934466954,0.10788801164536556,-0.23371204677787888
9.183999999999736,0.03625286123405169,0.106559549038767,-0.23413607049501756
9.185999999999737,0.03646464718110477,0.10522566829272338,-0.23454408068964197
9.187999999999738,0.036673760034241894,0.10388646433865091,-0.23493607005188555
9.189999999999738,0.036880189242176745,0.10254203234246612,-0.2353120323405349
9.191999999999739,0.0370839244441834,0.10119246769799717,-0.23567196238211677
9.19399999999974,0.03728495547054559,0.099837866020389,-0.2360158560699156
9.19599999999974,0.037483272342992695,0.09847832313950251,-0.23634371036292245
9.197999999999741,0.03767886527512259,0.0971139350933086,-0.23665552328471473
9.199999999999742,0.03787172467281126,0.09574479812127706,-0.23695129392226727
9.201999999999742,0.03806184113460917,0.09437100865776117,-0.23723102242469482
9.203999999999743,0.03824920545212442,0.09299266332537807,-0.23749471000192643
9.205999999999744,0.03843380861039267,0.09160985892838572,-0.23774235892331116
9.207999999999744,0.03861564178823374,0.09022269244605648,-0.2379739725161562
9.209999999999745,0.038794696358595095,0.08883126102604819,-0.23818955516419693
9.211999999999746,0.0389709638888819,0.08743566197777276,-0.23838911230599957
9.213999999999746,0.03914443614127396,0.08603599276576307,-0.2385726504332959
9.215999999999747,0.039315105073029294,0.0846323510030383,-0.23874017708925135
9.217999999999748,0.03948296283677447,0.08322483444446843,-0.2388917008666656
9.219999999999748,0.03964800178078172,0.08181354098013807,-0.23902723140610657
9.221999999999749,0.039810214449232655,0.08039856862871024,-0.2391467793939776
9.22399999999975,0.039969593582468856,0.07898001553079045,-0.2392503565605184
9.22599999999975,0.04012613211722909,0.07755797994229155,-0.2393379756777395
9.227999999999751,0.0402798231868733,0.07613256022779968,-0.23940965055729124
9.229999999999752,0.040430660121593326,0.07470385485394197,-0.23946539604826633
9.231999999999752,0.04057863644861034,0.07327196238275616,-0.23950522803493762
9.233999999999753,0.040723745892359046,0.07183698146506269,-0.23952916343442976
9.235999999999754,0.04086598237465864,0.0703990108338398,-0.23953722019432658
9.237999999999754,0.041005340014870474,0.06895814929760176,-0.2395294172902131
9.239999999999755,0.04114181313004254,0.06751449573378103,-0.23950577472315324
9.241999999999756,0.041275396235040666,0.06606814908211445,-0.2394663135171032
9.243999999999756,0.04140608404266654,0.06461920833803408,-0.23941105571626056
9.245999999999757,0.04153387146376248,0.06316777254606304,-0.23934002438234975
9.247999999999758,0.04165875360730302,0.06171394079321673,-0.2392532435918439
9.249999999999758,0.041780725780473316,0.06025781220240999,-0.23915073843312348
9.251999999999759,0.04189978348873433,0.058799485925870455,-0.23903253500357158
9.25399999999976,0.0420159224358749,0.05733906113855857,-0.23889866040660687
9.25599999999976,0.04212913852405064,0.05587663703159479,-0.2387491427486538
9.257999999999761,0.04223942785380965,0.05441231280569418,-0.2385840111360506
9.259999999999762,0.04234678672410521,0.05294618766460904,-0.23840329567189536
9.261999999999762,0.04245121163229525,0.051478360808579766,-0.23820702745283057
9.263999999999763,0.04255269927412882,0.05000893142779453,-0.23799523856576615
9.265999999999764,0.04265124654371945,0.04853799869585806,-0.23776796208454137
9.267999999999764,0.04274685053350543,0.04706566176327001,-0.23752523206652626
9.269999999999765,0.042839508534197136,0.0455920197509133,-0.23726708354916215
9.271999999999766,0.04292921803471127,0.044117171743552765,-0.23699355254644233
9.273999999999766,0.04301597672209212,0.04264121678334464,-0.23670467604533274
9.275999999999767,0.043099782481419886,0.04116425386335722,-0.23640049200213292
9.277999999999768,0.04318063339570603,0.03968638192110302,-0.23608103933877803
9.279999999999768,0.0432585277457757,0.038207699832083004,-0.2357463579390817
9.281999999999769,0.043333464010137275,0.03672830640334311,-0.23539648864492002
9.28399999999977,0.04340544086483901,0.03524830036704359,-0.23503147325235793
9.28599999999977,0.04347445718331285,0.03376778037404149,-0.23465135450771682
9.287999999999771,0.043540512036205445,0.03228684498748666,-0.234256176103585
9.289999999999772,0.04360360469119629,0.030805592676431768,-0.23384598267477058
9.291999999999772,0.043663734612803214,0.029324121809456614,-0.23342081979419735
9.293999999999773,0.04372090146217503,0.02784253064830715,-0.23298073396874436
9.295999999999774,0.04377510509687154,0.02636091734154965,-0.23252577263502872
9.297999999999774,0.043826345570630844,0.024879379918240373,-0.23205598415513254
9.299999999999775,0.043874623133124,0.023398016281611065,-0.2315714178122744
9.301999999999776,0.04391993822969707,0.02191692420277078,-0.23107212380642556
9.303999999999776,0.04396229150110061,0.020436201314424307,-0.23055815324987078
9.305999999999777,0.04400168378320658,0.018955945104607633,-0.23002955816271523
9.307999999999778,0.044038116106712766,0.01747625291044081,-0.22948639146833671
9.309999999999778,0.0440715896968347,0.015997221911898594,-0.22892870698878423
9.31199999999978,0.044102105972985195,0.014518949125599222,-0.2283565594401228
9.31399999999978,0.044129666548441394,0.013041531398611741,-0.22777000442772558
9.31599999999978,0.044154273229999534,0.011565065402282205,-0.22716909844151284
9.317999999999781,0.044175928017617314,0.010089647626079147,-0.22655389885113877
9.319999999999782,0.044194633104044034,0.008615374371458675,-0.22592446390112617
9.321999999999782,0.04421039087443842,0.007142341745749574,-0.2252808527059495
9.323999999999783,0.044223203905974305,0.005670645656058756,-0.2246231252450669
9.325999999999784,0.044233074967434095,0.004200381803197444,-0.2239513423579009
9.327999999999784,0.04424000701879011,0.002731645675628426,-0.22326556573876918
9.329999999999785,0.044244003210773895,0.0012645325434347669,-0.22256585793176478
9.331999999999786,0.044245066884433394,-0.0002008625476896959,-0.22185228232558687
9.333999999999786,0.04424320157067823,-0.0016644447824276948,-0.22112490314832212
9.335999999999787,0.04423841098981297,-0.0031261195818033686,-0.2203837854621773
9.337999999999788,0.044230699051058475,-0.004585792609124243,-0.21962899515816314
9.339999999999788,0.044220069852061464,-0.006043369775899998,-0.21886059895073026
9.34199999999979,0.044206527678392164,-0.00749875724773768,-0.21807866437235732
9.34399999999979,0.04419007700303026,-0.00895186145021302,-0.21728325976809199
9.34599999999979,0.044170722485839115,-0.010402589074717488,-0.21647445429004478
9.347999999999791,0.044148468973028314,-0.011850847084280774,-0.21565231789183684
9.349999999999792,0.04412332149660457,-0.013296542719368337,-0.21481692132300118
9.351999999999792,0.044095285273811104,-0.014739583503653677,-0.2139683361233387
9.353999999999793,0.04406436570655546,-0.01617987724976501,-0.21310663461722867
9.355999999999794,0.044030568380825884,-0.017617332065006007,-0.21223188990789482
9.357999999999794,0.04399389906609627,-0.019051856357050253,-0.21134417587162643
9.359999999999795,0.04395436371471975,-0.020483358839609108,-0.21044356715195622
9.361999999999796,0.043911968461311,-0.021911748538072633,-0.2095301391537942
9.363999999999796,0.04386671962211721,-0.02333693479512327,-0.20860396803751868
9.365999999999797,0.04381862369437798,-0.024758827276321907,-0.20766513071302442
9.367999999999798,0.043767687355673955,-0.02617733597566609,-0.20671370483372895
9.369999999999798,0.04371391746326443,-0.02759237122111995,-0.20574976879053675
9.3719999999998,0.043657321053413925,-0.029003843680115625,-0.20477340170576216
9.3739999999998,0.04359790534070776,-0.030411664365025803,-0.2037846834270118
9.3759999999998,0.04353567771735674,-0.031815744638607084,-0.2027836945210259
9.377999999999801,0.04347064575249096,-0.03321599621941387,-0.20177051626748013
9.379999999999802,0.04340281719144284,-0.03461233118718241,-0.20074523065274788
9.381999999999802,0.04333219995501937,-0.036004661988184826,-0.19970792036362298
9.383999999999803,0.04325880213876376,-0.03739290144055261,-0.19865866878100444
9.385999999999804,0.043182632012206394,-0.038776962739569466,-0.1975975599735425
9.387999999999805,0.043103698018105256,-0.04015675946293315,-0.19652467869124723
9.389999999999805,0.0430220087716759,-0.04153220557598592,-0.19544011035905973
9.391999999999806,0.04293757305981092,-0.04290321543691342,-0.19434394107038652
9.393999999999807,0.04285039984028914,-0.044269703801911614,-0.19323625758059787
9.395999999999807,0.04276049824097441,-0.04563158583032155,-0.1921171473004899
9.397999999999808,0.04266787755900423,-0.04698877708973157,-0.19098669828971127
9.399999999999809,0.04257254725996821,-0.04834119356104678,-0.18984499925015536
9.40199999999981,0.04247451697707634,-0.0496887516435254,-0.18869213951931765
9.40399999999981,0.04237379651031733,-0.05103136815978178,-0.187528209063619
9.40599999999981,0.0422703958256069,-0.05236896036075575,-0.18635329847169577
9.407999999999811,0.04216432505392619,-0.05370144593064808,-0.1851674989476566
9.409999999999812,0.042055594490450356,-0.05502874299182167,-0.18397090230430693
9.411999999999813,0.04194421459366734,-0.056350770109668345,-0.18276360095634092
9.413999999999813,0.041830195984487006,-0.05766744629744081,-0.18154568791350253
9.415999999999814,0.04171354944534062,-0.05897869102104966,-0.18031725677371463
9.417999999999815,0.041594285919270745,-0.06028442420382503,-0.17907840171617828
9.419999999999815,0.041472416509011685,-0.06158456623124273,-0.17782921749444122
9.421999999999816,0.04134795247606052,-0.06287903795561453,-0.17656979942943707
9.423999999999817,0.04122090523973873,-0.06416776070074237,-0.17530024340249534
9.425999999999817,0.04109128637624466,-0.06545065626653623,-0.17402064584832247
9.427999999999818,0.040959107617696645,-0.06672764693359538,-0.17273110374795517
9.429999999999819,0.040824380851167144,-0.06799865546775277,-0.17143171462168552
9.43199999999982,0.04068711811770773,-0.06926360512458232,-0.17012257652195933
9.43399999999982,0.04054733161136514,-0.07052241965386886,-0.16880378802624746
9.43599999999982,0.04040503367818843,-0.07177502330404045,-0.16747544822989127
9.437999999999821,0.04026023681522727,-0.07302134082656282,-0.16613765673892192
9.439999999999822,0.04011295366952154,-0.07426129748029577,-0.16479051366285496
9.441999999999823,0.03996319703708218,-0.07549481903581116,-0.16343411960745985
9.443999999999823,0.03981097986186352,-0.07672183177967243,-0.16206857566750532
9.445999999999824,0.03965631523472703,-0.07794226251867517,-0.16069398341948138
9.447999999999825,0.03949921639239665,-0.0791560385840488,-0.15931044491429752
9.449999999999825,0.039339696716405775,-0.08036308783561882,-0.15791806266995884
9.451999999999826,0.039177769732035926,-0.08156333866592974,-0.15651693966421948
9.453999999999827,0.03901344910724722,-0.0827567200043281,-0.15510717932721477
9.455999999999827,0.03884674865160071,-0.08394316132100564,-0.15368888553407203
9.457999999999828,0.03867768231517273,-0.08512259263100234,-0.15226216259750072
9.459999999999829,0.03850626418746119,-0.08629494449816899,-0.1508271152603625
9.46199999999983,0.038332508496284036,-0.08746014803908915,-0.14938384868822147
9.46399999999983,0.03815642960666991,-0.0886181349269604,-0.1479324684618756
9.46599999999983,0.03797804201974108,-0.08976883739543447,-0.14647308056986932
9.467999999999831,0.03779736037158872,-0.09091218824241619,-0.14500579140098818
9.469999999999832,0.03761439943214065,-0.09204812083382098,-0.14353070773673549
9.471999999999833,0.03742917410402158,-0.09317656910729073,-0.14204793674379276
9.473999999999833,0.037241699421406,-0.09429746757586784,-0.14055758596646253
9.475999999999834,0.037051990548863725,-0.09541075133162713,-0.13905976331909606
9.477999999999835,0.03686006278019825,-0.09651635604926577,-0.13755457707850505
9.479999999999835,0.03666593153727796,-0.09761421798965049,-0.13604213587635838
9.481999999999836,0.03646961236886024,-0.09870427400332243,-0.13452254869156455
9.483999999999837,0.036271120949408715,-0.09978646153395908,-0.13299592484263997
9.485999999999837,0.03607047307790353,-0.10086071862179323,-0.13146237398006402
9.487999999999838,0.03586768467664485,-0.10192698390698889,-0.12992200607862103
9.489999999999839,0.035662771790049674,-0.10298519663297373,-0.1283749314297298
9.49199999999984,0.03545575058344202,-0.10403529664972817,-0.1268212606337615
9.49399999999984,0.03524663734183654,-0.10507722441703066,-0.12526110459234602
9.49599999999984,0.03503544846871577,-0.10611092100765916,-0.12369457450066737
9.497999999999841,0.03482220048480091,-0.1071363281105487,-0.12212178183974925
9.499999999999842,0.03460691002681644,-0.1081533880339046,-0.12054283836873023
9.501999999999843,0.03438959384624848,-0.10916204370827157,-0.11895785611712989
9.503999999999843,0.034170268808097086,-0.11016223868955806,-0.11736694737710661
9.505999999999844,0.033948951889622554,-0.11115391716201624,-0.11577022469570641
9.507999999999845,0.03372566017908577,-0.11213702394117699,-0.11416780086710465
9.509999999999845,0.033500410874482786,-0.11311150447674002,-0.11255978892484036
9.511999999999846,0.0332732212822736,-0.11407730485541895,-0.11094630213404394
9.513999999999847,0.033044108816105346,-0.115034371803741,-0.10932745398365853
9.515999999999847,0.03281309099552991,-0.1159826526908015,-0.10770335817865623
9.517999999999848,0.03258018544471607,-0.11692209553097281,-0.10607412863224883
9.519999999999849,0.032345409891156265,-0.11785264898656754,-0.10443987945809394
9.52199999999985,0.03210878216436813,-0.1187742623704561,-0.10280072496249754
9.52399999999985,0.03187032019459076,-0.11968688564863829,-0.10115677963661261
9.52599999999985,0.03163004201147595,-0.12059046944276888,-0.09950815814863467
9.527999999999851,0.03138796574277439,-0.12148496503263709,-0.09785497533599531
9.529999999999852,0.031144109613016953,-0.1223703243585997,-0.0961973461975534
9.531999999999853,0.03089849194219119,-0.12324650002396786,-0.09453538588578492
9.533999999999853,0.03065113114441305,-0.12411344529734747,-0.09286920969897203
9.535999999999854,0.030402045726594013,-0.12497111411493277,-0.0911989330733915
9.537999999999855,0.030151254287103652,-0.12581946108275338,-0.08952467157550367
9.539999999999855,0.029898775514427756,-0.12665844147887453,-0.08784654089414157
9.541999999999856,0.029644628185822103,-0.1274880112555503,-0.08616465683270151
9.543999999999857,0.02938883116596198,-0.1283081270413298,-0.08447913530133537
9.545999999999857,0.029131403405587515,-0.1291187461431165,-0.08279009230914501
9.547999999999858,0.028872363940144957,-0.12991982654818007,-0.08109764395637932
9.549999999999859,0.028611731888423978,-0.13071132692612114,-0.07940190642663475
9.55199999999986,0.028349526451191088,-0.1314932066307886,-0.07770299597905933
9.55399999999986,0.02808576690981926,-0.13226542570214944,-0.07600102894056114
9.55599999999986,0.027820472624913873,-0.13302794486811123,-0.07429612169802158
9.557999999999861,0.02755366303493504,-0.13378072554629675,-0.07258839069051375
9.559999999999862,0.027285357654816458,-0.13452372984577113,-0.07087795240152682
9.561999999999863,0.027015576074580834,-0.13525692056872124,-0.06916492335119671
9.563999999999863,0.02674433795795201,-0.13598026121208717,-0.06744942008854354
9.565999999999864,0.026471663040963853,-0.13669371596914598,-0.06573155918371645
9.567999999999865,0.02619757113056606,-0.13739724973104733,-0.06401145722024629
9.569999999999865,0.02592208210322691,-0.13809082808830145,-0.06228923078730664
9.571999999999866,0.025645215903533095,-0.13877441733221868,-0.06056499647198381
9.573999999999867,0.025366992542786734,-0.13944798445630124,-0.05883887085155612
9.575999999999867,0.025087432097599633,-0.14011149715758678,-0.057110970485783036
9.577999999999868,0.024806554708484915,-0.14076492383794367,-0.05538141190920477
9.579999999999869,0.024524380578446105,-0.14140823360531818,-0.05365031162345274
9.58199999999987,0.02424092997156378,-0.14204139627493337,-0.05191778608957144
9.58399999999987,0.023956223211579843,-0.14266438237043974,-0.05018395172035221
9.58599999999987,0.02367028068047958,-0.14327716312501756,-0.048448924872679336
9.587999999999871,0.023383122817071528,-0.1438797104824308,-0.04671282183988912
9.589999999999872,0.0230947701155653,-0.1444719970980328,-0.04497575884414223
9.591999999999873,0.02280524312414745,-0.14505399633972343,-0.0432378520288101
9.593999999999873,0.022514562443555455,-0.14562568228885808,-0.04149921745087552
9.595999999999874,0.02222274872564995,-0.146187029741108,-0.039759971073348235
9.597999999999875,0.02192982267198527,-0.1467380142072724,-0.03802022875769574
9.599999999999875,0.021635805032378438,-0.14727861191404196,-0.03628010625629016
9.601999999999876,0.021340716603476646,-0.1478087998047141,-0.034539719204871214
9.603999999999877,0.02104457822732338,-0.1483285555398597,-0.03279918311502618
9.605999999999877,0.02074741078992325,-0.14883785749794146,-0.03105861336668704
9.607999999999878,0.020449235219805625,-0.14933668477588372,-0.029318125200645515
9.609999999999879,0.02015007248658719,-0.1498250171895941,-0.02757783371108627
9.61199999999988,0.019849943599533494,-0.15030283527443655,-0.0258378538381389
9.61399999999988,0.01954886960611962,-0.1507701202856561,-0.024098300360449187
9.61599999999988,0.019246871590590027,-0.1512268541987552,-0.022359287887770057
9.617999999999881,0.018943970672517713,-0.15167301970982194,-0.020620930853572528
9.619999999999882,0.018640188005362747,-0.15210860023580963,-0.01888334350767759
9.621999999999883,0.01833554477503032,-0.15253357991476837,-0.01714663990890891
9.623999999999883,0.018030062198428346,-0.15294794360602826,-0.01541093391776742
9.625999999999884,0.01772376152202477,-0.1533516768903344,-0.013676339189127598
9.627999999999885,0.01741666402040465,-0.1537447660699339,-0.011942969164956657
9.629999999999885,0.01710879099482709,-0.15412719816861445,-0.010210937067056294
9.631999999999886,0.016800163771782194,-0.15449896093169513,-0.008480355889828234
9.633999999999887,0.01649080370154803,-0.15486004282596902,-0.006751338393063411
9.635999999999887,0.01618073215674779,-0.15521043303959786,-0.005023997094755636
9.637999999999888,0.01586997053090721,-0.1555501214819589,-0.00329844426394002
9.639999999999889,0.015558540237012319,-0.15587909878344375,-0.0015747919135566113
9.64199999999989,0.015246462706067661,-0.15619735629520953,0.0001468482066602772
9.64399999999989,0.014933759385655065,-0.1565048860888823,0.0018663646172664555
9.64599999999989,0.014620451738493032,-0.15680168095621275,0.003583646116165823
9.647999999999891,0.01430656124099688,-0.15708773440868448,0.005298581785641215
9.649999999999892,0.013992109381839708,-0.1573630406770746,0.007011060999357846
9.651999999999893,0.0136771176605143,-0.15762759471096702,0.008720973429338766
9.653999999999893,0.01336160758589603,-0.15788139217821834,0.010428209052912002
9.655999999999894,0.013045600674806899,-0.1581244294643765,0.012132658159629023
9.657999999999895,0.01272911845058077,-0.15835670367205226,0.013834211358153756
9.659999999999895,0.012412182441629923,-0.15857821262024374,0.01553275958312228
9.661999999999896,0.012094814180012986,-0.15878895484361372,0.01722819410197226
9.663999999999897,0.01177703520000438,-0.1589889295917203,0.018920406521741928
9.665999999999897,0.011458867036665332,-0.15917813682820076,0.02060928879583826
9.667999999999898,0.01114033122441658,-0.1593565772299085,0.022294733230773717
9.669999999999899,0.010821449295612844,-0.1595242521860039,0.023976632492871353
9.6719999999999,0.010502242779119158,-0.1596811637969982,0.025654879614937738
9.6739999999999,0.010182733198889175,-0.15982731487375149,0.02732936800290331
9.6759999999999,0.009862942072545504,-0.15996270893642422,0.028999991442429866
9.677999999999901,0.009542890909962201,-0.16008735021338277,0.030666644105484593
9.679999999999902,0.009222601211849497,-0.16020124364005894,0.03232922055688038
9.681999999999903,0.008902094468340841,-0.1603043948577637,0.03398761576078199
9.683999999999903,0.008581392157582376,-0.16039681021245525,0.03564172508717765
9.685999999999904,0.008260515744324914,-0.16047849675346137,0.03729144431831574
9.687999999999905,0.007939486678518513,-0.16054946223215655,0.038936669655106115
9.689999999999905,0.00761832639390975,-0.1606097151005936,0.04057729772348571
9.691999999999906,0.007297056306641772,-0.1606592645100903,0.042213225580748054
9.693999999999907,0.006975697813857221,-0.16069812030977101,0.04384435072183629
9.695999999999907,0.0066542722923041125,-0.16072629304506333,0.045470571085599404
9.697999999999908,0.006332801096944783,-0.16074379395615018,0.0470917850610111
9.699999999999909,0.006011305559567957,-0.16075063497637734,0.048707891493351176
9.70199999999991,0.005689806987404059,-0.1607468287306165,0.05031878969034889
9.70399999999991,0.005368326661743837,-0.1607323885335842,0.05192437942828795
9.70599999999991,0.005046885836560392,-0.16070732838811674,0.05352456095807292
9.707999999999911,0.004725505737134703,-0.16067166298340105,0.055119235011256415
9.709999999999912,0.004404207558684733,-0.16062540769316203,0.05670830280602701
9.711999999999913,0.004083012464998208,-0.16056857857380621,0.058291666053157346
9.713999999999913,0.0037619415870691437,-0.16050119236252217,0.05986922696191207
9.715999999999914,0.003441016021738223,-0.1604232664753377,0.061440888245915364
9.717999999999915,0.003120256830337097,-0.16033481900513394,0.06300655312897774
9.719999999999915,0.0027996850373367024,-0.16023586871961681,0.06456612535088149
9.721999999999916,0.002479321628999679,-0.1601264350592458,0.0661195091731249
9.723999999999917,0.002159187552036972,-0.1600065381351201,0.0676666093846245
9.725999999999917,0.0018393037122687015,-0.15987619872682296,0.06920733130737519
9.727999999999918,0.0015196909732893902,-0.15973543828022346,0.07074158080206797
9.729999999999919,0.001200370155137626,-0.15958427890523688,0.07226926427366479
9.73199999999992,0.0008813620329702455,-0.15942274337354326,0.07379028867693031
9.73399999999992,0.0005626873357411242,-0.15925085511626444,0.0753045615219204
9.73599999999992,0.00024436674488465183,-0.15906863822160008,0.0768119908794266
9.737999999999921,-7.357910699602342e-05,-0.1588761174324225,0.07831248538637678
9.739999999999922,-0.0003911296374358982,-0.1586733181438308,0.07980595425119137
9.741999999999923,-0.000708264315410086,-0.15846026640066435,0.08129230725909488
9.743999999999923,-0.0010249626626307748,-0.15823698889497603,0.08277145477738261
9.745999999999924,-0.0013412042548390929,-0.1580035129634652,0.08424330776064189
9.747999999999925,-0.0016569687230917978,-0.15775986658487082,0.08570777775592807
9.749999999999925,-0.0019722357550427147,-0.1575060783773248,0.0871647769078944
9.751999999999926,-0.00228698509621884,-0.15724217759566608,0.08861421796387597
9.753999999999927,-0.002601196551291035,-0.15696819412871527,0.09005601427892725
9.755999999999927,-0.0029148499853392292,-0.15668415849651035,0.09149007982081281
9.757999999999928,-0.0032279253251120566,-0.15639010184750382,0.09291632917495132
9.759999999999929,-0.0035404025602808467,-0.15608605595572095,0.09433467754931218
9.76199999999993,-0.0038522617446878965,-0.15577205321788012,0.09574504077926471
9.76399999999993,-0.004163482997588941,-0.15544812665047494,0.09714733533237954
9.76599999999993,-0.004474046504889754,-0.15511430988681857,0.09854147831318218
9.767999999999931,-0.0047839325203767975,-0.15477063717405062,0.09992738746785805
9.769999999999932,-0.005093121366941848,-0.15441714337010673,0.1013049811889093
9.771999999999933,-0.005401593437800528,-0.154053863940651,0.1026741785197626
9.773999999999933,-0.005709329197704659,-0.15368083495597185,0.10403489915932813
9.775999999999934,-0.006016309184148376,-0.15329809308784123,0.10538706346650922
9.777999999999935,-0.006322514008567923,-0.1529056756063376,0.10673059246466249
9.779999999999935,-0.006627924357535052,-0.15250362037663293,0.10806540784600842
9.781999999999936,-0.0069325209939439724,-0.15209196585574397,0.10939143197599172
9.783999999999937,-0.007236284758191755,-0.15167075108924813,0.11070858789759185
9.785999999999937,-0.00753919656935214,-0.151240015707964,0.11201679933558284
9.787999999999938,-0.00784123742634267,-0.15079979992459713,0.11331599070074269
9.789999999999939,-0.008142388409085077,-0.15035014453035114,0.11460608709401192
9.79199999999994,-0.008442630679658862,-0.14989109089150432,0.11588701431060096
9.79399999999994,-0.008741945483447987,-0.14942268094595232,0.11715869884404648
9.79599999999994,-0.009040314150280629,-0.14894495719971693,0.1184210678902161
9.797999999999941,-0.009337718095561904,-0.14845796272342132,0.11967404935126161
9.799999999999942,-0.00963413882139952,-0.14796174114873215,0.12091757183952018
9.801999999999943,-0.009929557917722275,-0.1474563366647686,0.12215156468136368
9.803999999999943,-0.010223957063391347,-0.1469417940144787,0.12337595792099568
9.805999999999944,-0.010517318027304288,-0.14641815849098358,0.1245906823241961
9.807999999999945,-0.010809622669491705,-0.1458854759338891,0.12579566938201323
9.809999999999945,-0.011100852942206491,-0.14534379272556616,0.12699085131440307
9.811999999999946,-0.011390990891005627,-0.1447931557873994,0.12817616107381552
9.813999999999947,-0.01168001865582442,-0.14423361257600448,0.12935153234872784
9.815999999999947,-0.011967918472043154,-0.14366521107941468,0.13051689956712434
9.817999999999948,-0.012254672671546092,-0.14308799981323683,0.13167219789992313
9.819999999999949,-0.012540263683772751,-0.14250202781677687,0.13281736326434887
9.82199999999995,-0.012824674036761392,-0.14190734464913554,0.13395233232725218
9.82399999999995,-0.013107886358184686,-0.14130400038527427,0.1350770425083747
9.82599999999995,-0.013389883376377474,-0.14069204561205173,0.13619143198356057
9.827999999999951,-0.013670647921356574,-0.14007153142423123,0.13729543968791325
9.829999999999952,-0.013950162925832567,-0.13944250942045947,0.13838900531889847
9.831999999999953,-0.014228411426213526,-0.13880503169921674,0.13947206933939257
9.833999999999953,-0.0145053765636006,-0.13815915085473904,0.14054457298067602
9.835999999999954,-0.014781041584775431,-0.13750491997291228,0.14160645824537252
9.837999999999955,-0.015055389843179315,-0.13684239262713907,0.1426576679103333
9.839999999999955,-0.015328404799884086,-0.13617162287417822,0.1436981455294661
9.841999999999956,-0.015600070024554642,-0.13549266524995746,0.14472783543650955
9.843999999999957,-0.01587036919640307,-0.13480557476535945,0.14574668274775193
9.845999999999957,-0.01613928610513432,-0.1341104069019818,0.14675463336469508
9.847999999999958,-0.016406804651883378,-0.13340721760787091,0.14775163397666252
9.849999999999959,-0.016672908850143865,-0.13269606329323033,0.14873763206335233
9.85199999999996,-0.016937582826688048,-0.13197700082610395,0.1497125758973345
9.85399999999996,-0.01720081082247817,-0.1312500875280341,0.15067641454649222
9.85599999999996,-0.01746257719356909,-0.1305153811696951,0.15162909787640788
9.857999999999961,-0.01772286641200217,-0.12977293996650258,0.15257057655269302
9.859999999999962,-0.01798166306669032,-0.12902282257419873,0.15350080204326214
9.861999999999963,-0.01823895186429424,-0.12826508808441403,0.15441972662055095
9.863999999999963,-0.018494717630089735,-0.12749979602020567,0.15532730336367823
9.865999999999964,-0.01874894530882607,-0.12672700633157294,0.1562234861605515
9.867999999999965,-0.019001619965575364,-0.12594677939095017,0.1571082297099168
9.869999999999965,-0.019252726786572937,-0.12515917598867715,0.1579814895233519
9.871999999999966,-0.019502251080048556,-0.12436425732844777,0.15884322192720327
9.873999999999967,-0.01975017827704859,-0.123562085022737,0.15969338406446665
9.875999999999967,-0.019996493932248966,-0.12275272108820655,0.16053193389661144
9.877999999999968,-0.020241183724758943,-0.12193622794108967,0.1613588302053481
9.879999999999969,-0.02048423345891562,-0.1211126683925553,0.16217403259433955
9.88199999999997,-0.02072562906506914,-0.12028210564405192,0.16297750149085574
9.88399999999997,-0.020965356600358594,-0.1194446032826316,0.16376919814737168
9.88599999999997,-0.021203402249478524,-0.11860022527625436,0.16454908464310875
9.887999999999971,-0.02143975232543603,-0.11774903596907337,0.1653171238855198
9.889999999999972,-0.02167439327029843,-0.1168911000767012,0.16607327961171683
9.891999999999973,-0.021907311655931412,-0.1160264826814576,0.16681751638984277
9.893999999999973,-0.022138494184727704,-0.115155249227599,0.16754979962038585
9.895999999999974,-0.022367927690326143,-0.11427746551653019,0.16827009553743802
9.897999999999975,-0.02259559913832118,-0.11339319770199852,0.1689783712098958
9.899999999999975,-0.022821495626962736,-0.11250251228527085,0.16967459454260514
9.901999999999976,-0.02304560438784641,-0.1116054761102938,0.1703587342774491
9.903999999999977,-0.023267912786593976,-0.11070215635883741,0.17103075999437894
9.905999999999977,-0.02348840832352417,-0.10979262054562276,0.17169064211238858
9.907999999999978,-0.02370707863431371,-0.10887693651343379,0.17233835189043223
9.909999999999979,-0.02392391149064849,-0.10795517242821367,0.17297386142828544
9.91199999999998,-0.024138894800865025,-0.10702739677414616,0.1735971436673493
9.91399999999998,-0.024352016610581964,-0.10609367834872216,0.17420817239139819
9.91599999999998,-0.024563265103321786,-0.10515408625779195,0.1748069222272709
9.917999999999981,-0.024772628601122542,-0.10420868991060335,0.1753933686455049
9.919999999999982,-0.024980095565139682,-0.10325755901482628,0.17596748796091438
9.921999999999983,-0.025185654596237915,-0.10230076357156388,0.17652925733311153
9.923999999999984,-0.02538929443557307,-0.10133837387035079,0.17707865476697152
9.925999999999984,-0.025591003965163946,-0.10037046048413867,0.17761565911304075
9.927999999999985,-0.025790772208454132,-0.09939709426426957,0.17814025006788906
9.929999999999986,-0.02598858833086374,-0.0984183463354373,0.17865240817440545
9.931999999999986,-0.026184441640331062,-0.09743428809063727,0.17915211482203736
9.933999999999987,-0.02637832158784412,-0.09644499118610507,0.17963935224697394
9.935999999999988,-0.026570217767962066,-0.09545052753624426,0.18011410353227314
9.937999999999988,-0.026760119919326447,-0.09445096930854358,0.18057635260793248
9.939999999999989,-0.026948017925162274,-0.09344638891848397,0.18102608425090402
9.94199999999999,-0.027133901813768915,-0.09243685902443596,0.18146328408505336
9.94399999999999,-0.027317761759000758,-0.09142245252254735,0.18188793858106256
9.94599999999999,-0.02749958808073764,-0.09040324254162199,0.18230003505627745
9.947999999999992,-0.02767937124534505,-0.08937930243798968,0.1826995616744992
9.949999999999992,-0.027857101866124025,-0.08835070579036773,0.1830865074457201
9.951999999999993,-0.028032770703750782,-0.08731752639471449,0.183460862225804
9.953999999999994,-0.028206368666706057,-0.08627983825907513,0.18382261671611116
9.955999999999994,-0.028377886811694116,-0.08523771559842008,0.18417176246306785
9.957999999999995,-0.02854731634405143,-0.08419123282947652,0.1845082918576806
9.959999999999996,-0.028714648618145017,-0.08314046456555317,0.1848321981349954
9.961999999999996,-0.028879875137760438,-0.08208548561135885,0.18514347537350168
9.963999999999997,-0.029042987556479393,-0.08102637095781506,0.1854421184944816
9.965999999999998,-0.02920397767804697,-0.07996319577686295,0.1857281232613045
9.967999999999998,-0.029362837456728467,-0.07889603541626508,0.1860014862786663
9.969999999999999,-0.02951955899765586,-0.07782496539440231,0.18626220499177487
9.972,-0.029674134557163806,-0.07675006139506613,0.18651027768548045
9.974,-0.02982655654311528,-0.07567139926224671,0.1867457034833521
9.976,-0.02997681751521673,-0.0745890549949173,0.18696848234669974
9.978000000000002,-0.03012491018532285,-0.07350310474181496,0.1871786150735423
9.980000000000002,-0.030270827417730864,-0.0724136247962182,0.18737610329752175
9.982000000000003,-0.030414562229464405,-0.07132069159072187,0.1875609494867634
9.984000000000004,-0.030556107790546908,-0.07022438169200952,0.18773315694268294
9.986000000000004,-0.03069545742426456,-0.06912477179562375,0.1878927297987393
9.988000000000005,-0.030832604607418792,-0.06802193872073467,0.18803967301913468
9.990000000000006,-0.0309675429705683,-0.06691595940490709,0.1881739923974613
9.992000000000006,-0.0311002662982606,-0.06580691089886655,0.18829569455529505
9.994000000000007,-0.03123076852925312,-0.06469487036126462,0.18840478694073629
9.996000000000008,-0.031359043756723805,-0.06357991505344393,0.1885012778268979
9.998000000000008,-0.03148508622847128,-0.062462122334203035,0.188585176310341
10.000000000000009,-0.03160889034710451,-0.06134156965456167,0.1886564923094579
