time,q,dq,u
0.002,0.7853815869312974,-0.016576425736929686,-0.7853981633974483
0.004,0.7853318786212458,-0.0331317631210105,-0.7770933740628326
0.006,0.7852490811845307,-0.04966547171244522,-0.7687659970607406
0.008,0.7851332384179512,-0.06617701238444967,-0.7604163453283082
0.01,0.7849843951952723,-0.08266584729233178,-0.7520447322257264
0.012,0.7848025974646916,-0.09913143984281067,-0.7436514715491064
0.014,0.7845878922463672,-0.11557325466359207,-0.7352368775432863
0.016,0.7843403276300056,-0.1319907575732157,-0.7268012649145711
0.018000000000000002,0.7840599527725104,-0.14838341555119047,-0.7183449488433977
0.020000000000000004,0.7837468178956893,-0.16475069670843273,-0.7098682449969151
0.022000000000000006,0.7834009742840213,-0.1810920702580233,-0.701371469541473
0.024000000000000007,0.7830224742824807,-0.19740700648629814,-0.6928549391550097
0.02600000000000001,0.7826113712944196,-0.21369497672428794,-0.6843189710393317
0.02800000000000001,0.7821677197795066,-0.22995545331952133,-0.6757638829322756
0.030000000000000013,0.7816915752517218,-0.2461879096082066,-0.6671899931197459
0.032000000000000015,0.7811829942774069,-0.2623918198878063,-0.6585976204476185
0.034000000000000016,0.7806420344733694,-0.2785666593900192,-0.6499870843335037
0.03600000000000002,0.7800687545050417,-0.29471190425418364,-0.6413587047783599
0.03800000000000002,0.7794632140846909,-0.3108270315011169,-0.6327128023779498
0.04000000000000002,0.7788254739696826,-0.3269115190074034,-0.6240496983341324
0.04200000000000002,0.7781555959607941,-0.34296484548014644,-0.6153697144659809
0.044000000000000025,0.7774536429005784,-0.3589864904321965,-0.6066731732207209
0.04600000000000003,0.7767196786717772,-0.3749759341578694,-0.5979603976844802
0.04800000000000003,0.7759537681957814,-0.3909326577091677,-0.5892317115928425
0.05000000000000003,0.7751559774311397,-0.4068561428725181,-0.5804874393411976
0.05200000000000003,0.7743263733721121,-0.4227458721460379,-0.5717279059948807
0.054000000000000034,0.7734650240472688,-0.43860132871734275,-0.5629534372990931
0.056000000000000036,0.7725719985181332,-0.4544219964419084,-0.5541643596885975
0.05800000000000004,0.7716473668778672,-0.4702073598219986,-0.5453610002971789
0.06000000000000004,0.7706912002499982,-0.4859569039861714,-0.5365436869668678
0.06200000000000004,0.7697035707871864,-0.501670114669375,-0.5277127482569124
0.06400000000000004,0.7686845516700319,-0.5173464781936453,-0.518868513452499
0.06600000000000004,0.7676342171059186,-0.5329854814494178,-0.5100113125732093
0.06800000000000005,0.7665526423278961,-0.5485866118774619,-0.5011414763812096
0.07000000000000005,0.7654399035935964,-0.5641493574514524,-0.49225933638916514
0.07200000000000005,0.7642960781841848,-0.579673206661186,-0.48336522486787015
0.07400000000000005,0.7631212444033442,-0.595157648496456,-0.47445947485359175
0.07600000000000005,0.7619154815762905,-0.6106021724315933,-0.46554242015511615
0.07800000000000006,0.7606788700488186,-0.6260062684106856,-0.45661439536049386
0.08000000000000006,0.7594114911863767,-0.6413694268334843,-0.4476757358434758
0.08200000000000006,0.7581134273731689,-0.6566911385420084,-0.4387267777696346
0.08400000000000006,0.7567847620112832,-0.6719708948078562,-0.42976785810216467
0.08600000000000006,0.7554255795198446,-0.6872081873202325,-0.4207993146073551
0.08800000000000006,0.754035965334191,-0.7024025081747021,-0.41182148585972833
0.09000000000000007,0.7526160059050716,-0.7175533498626776,-0.40283471124684
0.09200000000000007,0.7511657886978645,-0.7326602052616502,-0.3938393309737328
0.09400000000000007,0.7496854021918143,-0.7477225676261724,-0.38483568606703944
0.09600000000000007,0.7481749358792857,-0.7627399305796005,-0.37582411837872814
0.09800000000000007,0.7466344802650341,-0.7777117881066055,-0.36680497058948547
0.10000000000000007,0.7450641268654893,-0.7926376345464582,-0.35777858621173136
0.10200000000000008,0.7434639682080528,-0.8075169645870999,-0.3487453095922602
0.10400000000000008,0.7418340978304057,-0.8223492732600014,-0.3397054859145029
0.10600000000000008,0.7401746102798256,-0.8371340559358211,-0.33065946120040496
0.10800000000000008,0.7384856011125125,-0.8518708083208666,-0.321607582311915
0.11000000000000008,0.7367671668929201,-0.8665590264543673,-0.3125501969520792
0.11200000000000009,0.735019405193092,-0.881198206706565,-0.30348765366573643
0.11400000000000009,0.7332424145920009,-0.8957878457776267,-0.29442030183980944
0.11600000000000009,0.7314362946748892,-0.9103274406973872,-0.28534849170318755
0.11800000000000009,0.7296011460326094,-0.9248164888259262,-0.2762725743261956
0.12000000000000009,0.7277370702609618,-0.9392544878549847,-0.2671929016196463
0.1220000000000001,0.7258441699600297,-0.9536409358102269,-0.25810982633346946
0.1240000000000001,0.7239225487335079,-0.9679753310543517,-0.2490237020549162
0.12600000000000008,0.7219723111880256,-0.9822571722910576,-0.23993488320633205
0.12800000000000009,0.7199935629324592,-0.996485958569866,-0.23084372504249684
0.1300000000000001,0.717986410577235,-1.0106611892918074,-0.2217505836475262
0.1320000000000001,0.7159509617336203,-1.0247823642159721,-0.21265581593133132
0.1340000000000001,0.7138873250129995,-1.0388489834669312,-0.2035597796256342
0.1360000000000001,0.7117956100261352,-1.0528605475430288,-0.19446283327953384
0.1380000000000001,0.7096759273824119,-1.0668165573255497,-0.18536533625462082
0.1400000000000001,0.7075283886890598,-1.0807165140887638,-0.17626764871963707
0.1420000000000001,0.705353106550358,-1.094559919510851,-0.16717013164467787
0.1440000000000001,0.7031501945668155,-1.1083462756857072,-0.15807314679493245
0.1460000000000001,0.7009197673343269,-1.1220750851356327,-0.1489770567239619
0.1480000000000001,0.6986619404433023,-1.1357458508249056,-0.13988222476651058
0.1500000000000001,0.6963768304777689,-1.149358076174241,-0.1307890150308495
0.1520000000000001,0.6940645550144429,-1.1629112650761344,-0.12169779239064837
0.1540000000000001,0.6917252326217701,-1.1764049219110932,-0.11260892247637566
0.1560000000000001,0.6893589828589328,-1.1898385515647543,-0.10352277166622348
0.1580000000000001,0.6869659262748217,-1.2032116594458864,-0.09443970707655569
0.16000000000000011,0.6845461844069707,-1.21652375150528,-0.08536009655187848
0.16200000000000012,0.6820998797804534,-1.2297743342555207,-0.07628430865433067
0.16400000000000012,0.6796271359067392,-1.2429629147916457,-0.06721271265269302
0.16600000000000012,0.6771280772825067,-1.2560890008126828,-0.05814567851091634
0.16800000000000012,0.6746028293884134,-1.2691521006440698,-0.04908357687616527
0.17000000000000012,0.6720515186878203,-1.2821517232609503,-0.040026779066378526
0.17200000000000013,0.6694742726254677,-1.295087378312346,-0.030975657057345174
0.17400000000000013,0.666871219626103,-1.3079585761462014,-0.021930583469294662
0.17600000000000013,0.664242489093057,-1.3207648278352966,-0.012891931553002278
0.17800000000000013,0.6615882114067679,-1.3335056452040266,-0.0038600751754087614
0.18000000000000013,0.6589085179232499,-1.3461805408560428,0.005164611195245361
0.18200000000000013,0.6562035409725069,-1.3587890282027506,0.014181752504771494
0.18400000000000014,0.6534734138568875,-1.3713306214926622,0.02319097312886842
0.18600000000000014,0.650718270849381,-1.3838048358415953,0.03219189688944357
0.18800000000000014,0.6479382471918518,-1.3962111872637162,0.0411841470714166
0.19000000000000014,0.6451334790932106,-1.4085491927034195,0.05016734644000631
0.19200000000000014,0.642304103727522,-1.4208183700680397,0.05914111725849913
0.19400000000000014,0.6394502592320447,-1.4330182382613876,0.06810508130649784
0.19600000000000015,0.6365720847052047,-1.4451483172181052,0.07705885989864913
0.19800000000000015,0.6336697202044983,-1.4572081279388323,0.08600207390384795
0.20000000000000015,0.6307433067443247,-1.469197192526177,0.09493434376491783
0.20200000000000015,0.6277929862937449,-1.481115034221484,0.10385528951876388
0.20400000000000015,0.6248189017741673,-1.492961177442389,0.11276453081699711
0.20600000000000016,0.6218211970569566,-1.5047351478211557,0.12166168694702717
0.20800000000000016,0.6188000169609656,-1.5164364722437829,0.13054637685362125
0.21000000000000016,0.6157555072499884,-1.5280646788898749,0.13941821916092578
0.21200000000000016,0.612687814630132,-1.539619297273264,0.14827683219494903
0.21400000000000016,0.6095970867471072,-1.5510998582833773,0.15712183400650004
0.21600000000000016,0.6064834721834352,-1.5625058942273349,0.1659528423945814
0.21800000000000017,0.6033471204555696,-1.5738369388727733,0.1747694749302322
0.22000000000000017,0.6001881820109317,-1.5850925274913785,0.18357134898081706
0.22200000000000017,0.5970068082248587,-1.5962721969031208,0.19235808173475755
0.22400000000000017,0.5938031513974621,-1.607375485521179,0.20112929022670167
0.22600000000000017,0.5905773647503958,-1.6184019333975421,0.20988459136312743
0.22800000000000017,0.5873296024235324,-1.6293510822692754,0.21862360194837527
0.23000000000000018,0.5840600194715463,-1.6402224756054404,0.2273459387111053
0.23200000000000018,0.580768771860402,-1.6510156586546545,0.23605121833117393
0.23400000000000018,0.5774560164637472,-1.6617301784932765,0.24473905746692526
0.23600000000000018,0.5741219110592087,-1.6723655840742073,0.25340907278289104
0.23800000000000018,0.5707666143245896,-1.682921426276288,0.2620608809778949
0.24000000000000019,0.5673902858339679,-1.6933972579542842,0.27069409881355433
0.2420000000000002,0.563993086053694,-1.7037926339894418,0.2793083431431742
0.2440000000000002,0.5605751763382871,-1.7141071113405975,0.2879032309410269
0.2460000000000002,0.5571367189262281,-1.724340249095831,0.2964783793320116
0.2480000000000002,0.553677876935649,-1.734491608524643,0.30503340562168746
0.25000000000000017,0.5501988143599177,-1.7445607531306413,0.3135679273266725
0.25200000000000017,0.5466996960631166,-1.7545472487047231,0.32208156220540296
0.25400000000000017,0.5431806877754145,-1.7644506633787325,0.3305739282892449
0.25600000000000017,0.5396419560883307,-1.7742705676795796,0.3390446439139517
0.2580000000000002,0.53608366844989,-1.7840065345838036,0.34749332775145914
0.2600000000000002,0.5325059931596692,-1.7936581395725626,0.35591959884201185
0.2620000000000002,0.5289090993637321,-1.8032249606870314,0.3643230766266121
0.2640000000000002,0.5252931570494539,-1.812706578584192,0.3727033809797836
0.2660000000000002,0.5216583370402333,-1.8221025765929968,0.3810601322426421
0.2680000000000002,0.5180048109900925,-1.8314125407708863,0.38939295125626505
0.2700000000000002,0.514332751378163,-1.8406360599606446,0.3977014593953506
0.2720000000000002,0.5106423315030582,-1.8497727258475711,0.40598527860215927
0.2740000000000002,0.5069337254771306,-1.8588221330169516,0.4142440314207274
0.2760000000000002,0.5032071082206143,-1.8677838790118084,0.42247734103134527
0.2780000000000002,0.4994626554556518,-1.8766575643909105,0.4306848312852899
0.2800000000000002,0.4957005437002039,-1.885442792787023,0.4388661267398034
0.2820000000000002,0.4919209502618435,-1.8941391709653774,0.4470208526933076
0.2840000000000002,0.4881240532314321,-1.9027463088823415,0.4551486352208452
0.2860000000000002,0.48431003147667856,-1.9112638197442684,0.46324910120973867
0.2880000000000002,0.4804790646355803,-1.9196913200665042,0.47132187839545564
0.2900000000000002,0.4766313331097462,-1.9280284297325352,0.4793665953976718
0.2920000000000002,0.4727670180576009,-1.9362747720532503,0.4873828817565214
0.2940000000000002,0.4688863013874709,-1.944429973826301,0.49537036796902423
0.2960000000000002,0.4649893657505515,-1.9524936653955347,0.5033286855256796
0.2980000000000002,0.461076394533755,-1.9604654807104838,0.5112574669472159
0.3000000000000002,0.4571475718524397,-1.9683450573858827,0.519156345821487
0.3020000000000002,0.4532030825430203,-1.9761320367611985,0.5270249568405017
0.3040000000000002,0.4492431121554584,-1.983826063960148,0.5348629358375789
0.3060000000000002,0.4452678469456352,-1.9914267879501804,0.5426699198246155
0.3080000000000002,0.44127747386760396,-1.9989338616019061,0.5504455470294549
0.3100000000000002,0.43727218056572476,-2.006346941748446,0.5581894569333491
0.3120000000000002,0.43325215536668005,-2.01366568924468,0.5659012903084983
0.3140000000000002,0.429217587271372,-2.020889769026375,0.57358068925566
0.3160000000000002,0.42516866594670183,-2.0280188501691647,0.5812272972418155
0.3180000000000002,0.42110558171723117,-2.035052605947366,0.5888407591378806
0.32000000000000023,0.41702852555672604,-2.041990713892601,0.5964207212564518
0.32200000000000023,0.4129376890795839,-2.048832855852209,0.6039668313895743
0.32400000000000023,0.4088332645321438,-2.0555787180474248,0.6114787388465206
0.32600000000000023,0.404715444783881,-2.0622279911312944,0.6189560944915686
0.32800000000000024,0.40058442331848526,-2.0687803702463157,0.6263985507817662
0.33000000000000024,0.3964403942248249,-2.0752355550817727,0.6338057618046726
0.33200000000000024,0.39228355218779604,-2.081593249930746,0.6411773833160614
0.33400000000000024,0.3881140924790582,-2.0878531637467743,0.648513072777577
0.33600000000000024,0.3839322109476573,-2.0940150102001462,0.6558124893943289
0.33800000000000024,0.3797381040105359,-2.100078507733798,0.6630752941524158
0.34000000000000025,0.3755319686429327,-2.106043379618798,0.6703011498563631
0.34200000000000025,0.37131400236867085,-2.1119093540093896,0.6774897211664662
0.34400000000000025,0.3670844032503372,-2.11767616399758,0.684640674636024
0.34600000000000025,0.36284336987935245,-2.1233435476672398,0.6917536787484527
0.34800000000000025,0.3585911013659338,-2.1289112481477055,0.6988284039542674
0.35000000000000026,0.354327797328951,-2.1343790136668503,0.705864522707919
0.35200000000000026,0.3500536578856763,-2.1397465976036103,0.7128617095044743
0.35400000000000026,0.3457688836414307,-2.145013758539941,0.7198196409161288
0.35600000000000026,0.3414736756791264,-2.1501802603121822,0.7267379956285398
0.35800000000000026,0.33716823554870684,-2.1552458720618093,0.7336164544769648
0.36000000000000026,0.33285276525648666,-2.1602103682855542,0.7404547004821977
0.36200000000000027,0.3285274672543913,-2.1650735288848697,0.7472524188862905
0.36400000000000027,0.3241925444290989,-2.1698351392147197,0.7540092971880435
0.36600000000000027,0.3198482000910849,-2.174494990131673,0.7607250251782609
0.36800000000000027,0.31549463796357147,-2.1790528780412806,0.7673992949747515
0.3700000000000003,0.31113206217138273,-2.1835086049447194,0.7740318010570688
0.3720000000000003,0.30676067722970757,-2.1878619784846767,0.780622240300977
0.3740000000000003,0.30238068803277124,-2.192112811990462,0.7871703120126308
0.3760000000000003,0.2979922998424179,-2.1962609245223206,0.7936757179624596
0.3780000000000003,0.29359571827660486,-2.200306140914938,0.8001381624187425
0.3800000000000003,0.28919114929781115,-2.204248291820106,0.806557352180864
0.3820000000000003,0.2847787992013613,-2.208087213748542,0.8129329966122418
0.3840000000000003,0.2803588746036662,-2.2118227491108358,0.8192648076729097
0.3860000000000003,0.2759315824303835,-2.215454746257512,0.8255524999517516
0.3880000000000003,0.27149712990449815,-2.218983059518186,0.8317957906983725
0.3900000000000003,0.267055724534326,-2.2224075492397977,0.8379943998545949
0.3920000000000003,0.2626075741014417,-2.2257280818239074,0.8441480500855728
0.3940000000000003,0.2581528866485328,-2.2289445297630355,0.8502564668105119
0.3960000000000003,0.25369187046718267,-2.2320567716760324,0.856319378232985
0.3980000000000003,0.24922473408558288,-2.2350646923424597,0.8623365153708336
0.4000000000000003,0.24475168625617857,-2.2379681827359703,0.868307612085647
0.4020000000000003,0.24027293594324758,-2.2407671400566693,0.8742324051118066
0.4040000000000003,0.2357886923104161,-2.2434614677624456,0.880110634085087
0.4060000000000003,0.23129916470811268,-2.246051075599255,0.8859420415708067
0.4080000000000003,0.22680456266096263,-2.2485358796303436,0.8917263730915148
0.4100000000000003,0.2223050958551252,-2.250915802264402,0.8974633771542092
0.4120000000000003,0.2178009741255754,-2.253190772282627,0.9031528052770759
0.4140000000000003,0.2132924074433329,-2.255360724864692,0.9087944120157382
0.4160000000000003,0.20877960590263994,-2.2574256016136,0.914387954989013
0.4180000000000003,0.20426277970809095,-2.2593853505794224,0.91993319490416
0.4200000000000003,0.19974213916171543,-2.2612399262818985,0.9254298955816203
0.4220000000000003,0.19521789465001704,-2.262989289731895,0.9308778239792338
0.4240000000000003,0.19069025663097094,-2.2646334084517123,0.9362767502159305
0.4260000000000003,0.18615943562098147,-2.266172256494225,0.9416264475948852
0.4280000000000003,0.18162564218180294,-2.267605814460853,0.946926692626131
0.4300000000000003,0.1770890869074255,-2.2689340695183504,0.9521772650486235
0.43200000000000033,0.17254998041092873,-2.270157015414407,0.9573779478517497
0.43400000000000033,0.16800853331130514,-2.2712746524920497,0.9625285272962747
0.43600000000000033,0.16346495622025609,-2.2722869877028455,0.9676287929347197
0.43800000000000033,0.1589194597289626,-2.2731940346188897,0.9726785376311666
0.44000000000000034,0.1543722543948332,-2.27399581344358,0.9776775575804822
0.44200000000000034,0.14982355072823172,-2.2746923510211667,0.9826256523269568
0.44400000000000034,0.14527355917918694,-2.275283680845081,0.9875226247823516
0.44600000000000034,0.14072249012408702,-2.2757698430650257,0.9923682812433536
0.44800000000000034,0.13617055385236085,-2.276150884492832,0.9971624314084259
0.45000000000000034,0.131617960553149,-2.2764268586070826,1.0019048883940553
0.45200000000000035,0.12706492030196662,-2.2765978255564843,1.0065954687503922
0.45400000000000035,0.12251164304736087,-2.2766638521620046,1.0112339924762754
0.45600000000000035,0.11795833859756533,-2.2766250119177562,1.0158202830336414
0.45800000000000035,0.11340521660715382,-2.276481384990638,1.0203541673613128
0.46000000000000035,0.10885248656369625,-2.2762330582187262,1.0248354758881653
0.46200000000000035,0.10430035777441898,-2.275880125108416,1.029264042545667
0.46400000000000036,0.09974903935287197,-2.2754226858303177,1.033639704779789
0.46600000000000036,0.09519874020560559,-2.2748608472139042,1.037962303562287
0.46800000000000036,0.09064966901885928,-2.2741947227409107,1.0422316834013465
0.47000000000000036,0.08610203424526461,-2.273424432537494,1.0464476923515962
0.47200000000000036,0.08155604409056537,-2.2725501033651474,1.0506101820234826
0.47400000000000037,0.07701190650035701,-2.2715718686103763,1.0547190075920083
0.47600000000000037,0.07246982914684796,-2.270489868273142,1.0587740278048312
0.47800000000000037,0.0679300194156453,-2.2693042489540693,1.062775104989723
0.48000000000000037,0.06339268439256728,-2.2680151638404333,1.0667221050613893
0.4820000000000004,0.058858030850485,-2.266622772690918,1.0706148975276495
0.4840000000000004,0.05432626523619593,-2.2651272418191626,1.074453355494974
0.4860000000000004,0.04979759365733138,-2.2635287440760985,1.0782373556733853
0.4880000000000004,0.045272221869300626,-2.261827458831079,1.0819667783807179
0.4900000000000004,0.04075035526227395,-2.260023571951816,1.085641507546239
0.4920000000000004,0.036232198848206935,-2.2581172757831243,1.0892614307136341
0.4940000000000004,0.03171795724790855,-2.256108769124489,1.0928264390433553
0.4960000000000004,0.02720783467815518,-2.2539982572064576,1.0963364273143361
0.4980000000000004,0.022702034938853095,-2.251785951665869,1.0997912939250736
0.5000000000000003,0.0182007614002516,-2.2494720705199303,1.1031909408940814
0.5020000000000003,0.01370421699020918,-2.2470568381391476,1.1065352738597136
0.5040000000000003,0.009212604181514917,-2.2445404852191246,1.1098242020793647
0.5060000000000003,0.004726124979267421,-2.2419232487512386,1.1130576384280475
0.5080000000000003,0.0002449809083135395,-2.2392053719922043,1.116235499396352
0.5100000000000003,-0.004230626999250962,-2.2363871044325383,1.1193577050877885
0.5120000000000003,-0.008700498216516568,-2.233468701763938,1.12242417921552
0.5140000000000003,-0.013164432734128855,-2.230450425845583,1.1254348490984856
0.5160000000000003,-0.017622231072588875,-2.227332544669377,1.1283896456569205
0.5180000000000003,-0.022073694294482974,-2.2241153323241387,1.1312885034072773
0.5200000000000004,-0.02651862401663995,-2.220799068958764,1.1341313604565524
0.5220000000000004,-0.030956822422213526,-2.2173840407443604,1.136918158496022
0.5240000000000004,-0.03538809227268806,-2.2138705398353817,1.1396488427943936
0.5260000000000004,-0.039812236919805566,-2.21025886432977,1.142323362190379
0.5280000000000004,-0.04422906031741199,-2.2065493182281224,1.1449416690846905
0.5300000000000004,-0.04863836703322095,-2.202742211391898,1.1475037194314732
0.5320000000000004,-0.053039962260492804,-2.198837859500683,1.1500094727291699
0.5340000000000004,-0.057433651829627466,-2.194836584008526,1.1524588920108343
0.5360000000000004,-0.061819242219668884,-2.1907387120993667,1.1548519438338904
0.5380000000000004,-0.0661965405697195,-2.1865445766415674,1.1571885982693522
0.5400000000000004,-0.07056535469026293,-2.1822545161415703,1.1594688288905033
0.5420000000000004,-0.074925493074393,-2.1778688746966965,1.161692612761048
0.5440000000000004,-0.07927676490894772,-2.173388001947105,1.1638599304227413
0.5460000000000004,-0.08361898008554614,-2.1688122530269265,1.1659707658825
0.5480000000000004,-0.08795194921152677,-2.164141988514598,1.1680251065990093
0.5500000000000004,-0.09227548362078597,-2.1593775743824075,1.1700229434688258
0.5520000000000004,-0.09658939538451443,-2.1545193819452746,1.1719642708119897
0.5540000000000004,-0.10089349732183069,-2.149567787808784,1.1738490863571518
0.5560000000000004,-0.10518760301030985,-2.1445231738164914,1.1756773912262228
0.5580000000000004,-0.1094715267964063,-2.139385926996518,1.1774491899185555
0.5600000000000004,-0.1137450838057688,-2.1341564395074615,1.1791644902946654
0.5620000000000004,-0.1180080899534468,-2.1288351085836346,1.1808233035594995
0.5640000000000004,-0.12226036195398664,-2.123422336479656,1.182425644245264
0.5660000000000004,-0.12650171733141616,-2.117918530414414,1.1839715301938145
0.5680000000000004,-0.13073197442911677,-2.112324102514422,1.1854609825386233
0.5700000000000004,-0.1349509524195815,-2.1066394697565842,1.1868940256863278
0.5720000000000004,-0.13915847131405815,-2.1008650539103995,1.1882706872978737
0.5740000000000004,-0.14335435197207616,-2.0950012814796146,1.1895909982692578
0.5760000000000004,-0.1475384161108564,-2.089048583643356,1.1908549927118834
0.5780000000000004,-0.15171048631460265,-2.083007396196754,1.1920627079325343
0.5800000000000004,-0.15587038604367373,-2.076878159491088,1.1932141844129796
0.5820000000000004,-0.1600179396436357,-2.0706613183734675,1.1943094657892177
0.5840000000000004,-0.16415297235419274,-2.0643573221260714,1.1953485988303694
0.5860000000000004,-0.16827531031799625,-2.057966624404971,1.1963316334172285
0.5880000000000004,-0.17238478058933113,-2.0514896831785507,1.1972586225204815
0.5900000000000004,-0.17648121114267845,-2.0449269606655576,1.1981296221786064
0.5920000000000004,-0.18056443088115404,-2.038278923272787,1.1989446914754573
0.5940000000000004,-0.18463426964482188,-2.0315460415324424,1.1997038925175476
0.5960000000000004,-0.18869055821888214,-2.0247287900391746,1.200407290411043
0.5980000000000004,-0.19273312834173284,-2.0178276473868344,1.2010549532384696
0.6000000000000004,-0.19676181271290472,-2.010843096104953,1.20164695203515
0.6020000000000004,-0.20077644500086897,-2.0037756225949694,1.2021833607653811
0.6040000000000004,-0.20477685985071706,-1.996625717066236,1.2026642562983536
0.6060000000000004,-0.20876289289171238,-1.9893938734718102,1.2030897183838352
0.6080000000000004,-0.21273438074471335,-1.9820805894440632,1.2034598296276175
0.6100000000000004,-0.21669116102946745,-1.9746863662301233,1.2037746754667449
0.6120000000000004,-0.22063307237177615,-1.967211708627172,1.2040343441445291
0.6140000000000004,-0.2245599544105302,-1.9596571249176191,1.2042389266853621
0.6160000000000004,-0.2284716478046151,-1.952023126804171,1.2043885168693398
0.6180000000000004,-0.2323679942396868,-1.9443102293448193,1.2044832112067005
0.6200000000000004,-0.23624883643481714,-1.936518950887764,1.2045231089120965
0.6220000000000004,-0.2401140181490093,-1.9286498130062952,1.2045083118786992
0.6240000000000004,-0.24396338418758262,-1.9207033404336527,1.204438924652157
0.6260000000000004,-0.24779678040842762,-1.9126800609978811,1.204315054404409
0.6280000000000004,-0.25161405372813034,-1.9045805055567049,1.2041368109073682
0.6300000000000004,-0.25541505212796656,-1.8964052079324365,1.2039043065064827
0.6320000000000005,-0.25919962465976615,-1.8881547048469436,1.2036176560941847
0.6340000000000005,-0.26296762145164704,-1.8798295358566883,1.2032769770832379
0.6360000000000005,-0.26671889371361956,-1.871430243287863,1.2028823893799911
0.6380000000000005,-0.2704532937430612,-1.8629573721716368,1.202434015357551
0.6400000000000005,-0.27417067493006186,-1.8544114701795347,1.2019319798288797
0.6420000000000005,-0.2778708917626402,-1.8457930875589648,1.2013764100198292
0.6440000000000005,-0.2815537998318309,-1.8371027770689141,1.2007674355421225
0.6460000000000005,-0.2852192558366438,-1.82834109391583,1.2001051883662879
0.6480000000000005,-0.288867117588895,-1.8195085956897026,1.1993898027945589
0.6500000000000005,-0.29249724401790983,-1.8106058423003701,1.1986214154337462
0.6520000000000005,-0.29610949517509944,-1.80163339591406,1.197800165168095
0.6540000000000005,-0.2997037322384102,-1.7925918208901845,1.1969261931321293
0.6560000000000005,-0.3032798175166471,-1.7834816837184069,1.1959996426835025
0.6580000000000005,-0.30683761445367164,-1.7743035529559952,1.1950206593758506
0.6600000000000005,-0.3103769876324744,-1.7650579991654785,1.1939893909316692
0.6620000000000005,-0.3138978027791239,-1.7557455948526224,1.1929059872152137
0.6640000000000005,-0.31739992676659096,-1.7463669144047385,1.1917706002054351
0.6660000000000005,-0.3208832276184507,-1.7369225340293424,1.1905833839689601
0.6680000000000005,-0.32434757451246166,-1.7274130316931777,1.1893444946331218
0.6700000000000005,-0.3277928377840238,-1.7178389870616169,1.1880540903590506
0.6720000000000005,-0.33121888892951545,-1.7082009814384562,1.1867123313148322
0.6740000000000005,-0.3346256006095102,-1.6984995977061172,1.1853193796487436
0.6760000000000005,-0.3380128466518748,-1.6887354202662688,1.1838753994625688
0.6780000000000005,-0.34138050205474874,-1.6789090349808826,1.1823805567850092
0.6800000000000005,-0.3447284429894061,-1.6690210291137366,1.18083501954519
0.6820000000000005,-0.3480565468030011,-1.6590719912723764,1.1792389575462745
0.6840000000000005,-0.35136469202119813,-1.6490625113505493,1.1775925424391893
0.6860000000000005,-0.35465275835068694,-1.6389931804711226,1.1758959476964728
0.6880000000000005,-0.3579206266815841,-1.6288645909294968,1.1741493485862482
0.6900000000000005,-0.3611681790897221,-1.6186773361375253,1.1723529221463325
0.6920000000000005,-0.3643952988388265,-1.6084320105679533,1.1705068471584847
0.6940000000000005,-0.36760187038258263,-1.5981292096993844,1.1686113041228032
0.6960000000000005,-0.37078777936659274,-1.5877695299617862,1.1666664752322748
0.6980000000000005,-0.3739529126302247,-1.5773535686825455,1.164672544347486
0.7000000000000005,-0.37709715820835327,-1.5668819240330818,1.1626296969714973
0.7020000000000005,-0.3802204053329955,-1.5563551949760286,1.160538120224894
0.7040000000000005,-0.3833225444348406,-1.5457739812129925,1.1583980028210097
0.7060000000000005,-0.38640346714467627,-1.5351388831328978,1.1562095350413368
0.7080000000000005,-0.3894630662947121,-1.524450501760925,1.1539729087111252
0.7100000000000005,-0.3925012359198016,-1.5137094387080512,1.1516883171751746
0.7120000000000005,-0.39551787125856386,-1.5029162961212015,1.1493559552738273
0.7140000000000005,-0.398512868754406,-1.4920716766340159,1.1469760193191645
0.7160000000000005,-0.401486126056448,-1.481176183318241,1.144548707071414
0.7180000000000005,-0.4044375420203509,-1.4702304196357536,1.1420742177155685
0.7200000000000005,-0.4073670167090495,-1.4592349893912187,1.1395527518382278
0.7220000000000005,-0.41027445139339114,-1.4481904966853936,1.1369845114046588
0.7240000000000005,-0.4131597485526818,-1.4370975458690785,1.134369699736088
0.7260000000000005,-0.4160228118751407,-1.425956741497722,1.1317085214872211
0.7280000000000005,-0.4188635462582647,-1.4147686882866857,1.1290011826240016
0.7300000000000005,-0.4216818578091041,-1.4035339910671727,1.1262478904016076
0.7320000000000005,-0.4244776538444506,-1.3922532547428228,1.1234488533426905
0.7340000000000005,-0.4272508428909394,-1.3809270842469814,1.1206042812158619
0.7360000000000005,-0.43000133468506657,-1.3695560845006431,1.11771438501443
0.7380000000000005,-0.43272904017312275,-1.358140860371075,1.1147793769353882
0.7400000000000005,-0.43543387151104496,-1.346682016631121,1.1117994703586602
0.7420000000000005,-0.4381157420641876,-1.3351801579191929,1.1087748798266055
0.7440000000000005,-0.44077456640701407,-1.3236358886999462,1.105705821023784
0.7460000000000006,-0.4434102603227108,-1.312049813225648,1.1025925107569872
0.7480000000000006,-0.44602274080272414,-1.300422535498234,1.099435166935535
0.7500000000000006,-0.4486119260462224,-1.2887546592320587,1.0962340085518412
0.7520000000000006,-0.4511777354594841,-1.2770467878173404,1.0929892556622518
0.7540000000000006,-0.45372008965521365,-1.2652995242842997,1.0897011293681542
0.7560000000000006,-0.4562389104517863,-1.2535134712679938,1.0863698517973635
0.7580000000000006,-0.4587341208724227,-1.2416892309738468,1.0829956460857832
0.7600000000000006,-0.4612056451442965,-1.2298274051438751,1.079578736359346
0.7620000000000006,-0.4636534086975737,-1.2179285950236087,1.076119347716234
0.7640000000000006,-0.4660773381643875,-1.2059934013297071,1.072617706209378
0.7660000000000006,-0.46847736137774876,-1.1940224242182689,1.069074038829241
0.7680000000000006,-0.4708534073703936,-1.1820162632538347,1.065488573486883
0.7700000000000006,-0.47320540637357006,-1.169975517379082,1.061861538997311
0.7720000000000006,-0.47553328981576454,-1.1579007848852088,1.0581931650631111
0.7740000000000006,-0.47783699032136984,-1.1457926633830058,1.054483682258369
0.7760000000000006,-0.480116441709296,-1.1336517497746152,1.0507333220128727
0.7780000000000006,-0.4823715789915254,-1.1214786402259718,1.0469423165966036
0.7800000000000006,-0.4846023383716131,-1.1092739301399246,1.0431108991045113
0.7820000000000006,-0.48680865724313477,-1.0970382141300379,1.0392393034415754
0.7840000000000006,-0.4889904741880821,-1.0847720859950651,1.0353277643081538
0.7860000000000006,-0.4911477289752085,-1.0724761386940955,1.0313765171856146
0.7880000000000006,-0.49328036255832525,-1.0601509643223672,1.0273857983222563
0.7900000000000006,-0.49538831707455044,-1.0477971540877449,1.0233558447195088
0.7920000000000006,-0.497471535842511,-1.035415298287857,1.019286894118423
0.7940000000000006,-0.4995299633605001,-1.0230059862878884,1.0151791849864396
0.7960000000000006,-0.5015635453045905,-1.0105698064990232,1.0110329565044442
0.7980000000000006,-0.5035722285267054,-0.9981073463575345,1.006848448554102
0.8000000000000006,-0.5055559610526486,-0.9856191923045157,1.0026259017054726
0.8020000000000006,-0.5075146920800941,-0.9731059297662465,0.9983655572049064
0.8040000000000006,-0.5094483719765378,-0.9605681431351911,0.9940676569632174
0.8060000000000006,-0.5113569522772107,-0.9480064157516205,0.9897324435441334
0.8080000000000006,-0.513240385682957,-0.9354213298858548,0.9853601601530209
0.8100000000000006,-0.5150986260580774,-0.9228134667211191,0.9809510506258845
0.8120000000000006,-0.5169316284281376,-0.9101834063370065,0.976505359418637
0.8140000000000006,-0.5187393489777451,-0.8975317276935424,0.9720233315966408
0.8160000000000006,-0.5205217450482952,-0.884859008615844,0.9675052128245163
0.8180000000000006,-0.5222787751356857,-0.8721658257793673,0.9629512493562171
0.8200000000000006,-0.5240103988880036,-0.859452754695736,0.9583616880253694
0.8220000000000006,-0.5257165771031838,-0.8467203696991443,0.9537367762358716
0.8240000000000006,-0.5273972717266407,-0.833969243933328,0.9490767619527559
0.8260000000000006,-0.5290524458488756,-0.8211999493390946,0.9443818936933048
0.8280000000000006,-0.5306820637030576,-0.808413056642407,0.9396524205184229
0.8300000000000006,-0.5322860906625838,-0.7956091353430125,0.9348885920242611
0.8320000000000006,-0.533864493238615,-0.7827887537036086,0.93009065833409
0.8340000000000006,-0.5354172390775913,-0.7699524787395396,0.9252588700904192
0.8360000000000006,-0.536944296958728,-0.7571008762090148,0.9203934784473611
0.8380000000000006,-0.5384456367914918,-0.7442345106038402,0.9154947350632354
0.8400000000000006,-0.5399212296130588,-0.7313539451406565,0.9105628920934119
0.8420000000000006,-0.541371047585756,-0.7184597417526746,0.905598202183387
0.8440000000000006,-0.5427950639944872,-0.7055524610818994,0.9006009184620933
0.8460000000000006,-0.5441932532441421,-0.6926326624718357,0.8955712945354368
0.8480000000000006,-0.5455655908569935,-0.679700903960665,0.89050958448006
0.8500000000000006,-0.5469120534700793,-0.6667577422748856,0.885416042837326
0.8520000000000006,-0.5482326188325737,-0.6538037328234089,0.8802909246075221
0.8540000000000006,-0.5495272658031464,-0.6408394296920994,0.8751344852442782
0.8560000000000006,-0.5507959743473114,-0.6278653856387533,0.8699469806491961
0.8580000000000007,-0.5520387255347662,-0.6148821520885035,0.8647286671666881
0.8600000000000007,-0.553255501536722,-0.6018902791296447,0.8594798015790179
0.8620000000000007,-0.5544462856232266,-0.5888903155098668,0.8542006411015444
0.8640000000000007,-0.5556110621604796,-0.5758828086328899,0.84889144337816
0.8660000000000007,-0.5567498166081413,-0.562868304555489,0.8435524664769245
0.8680000000000007,-0.5578625355166361,-0.5498473479849014,0.8381839688858858
0.8700000000000007,-0.5589492065244516,-0.5368204822766062,0.8327862095090868
0.8720000000000007,-0.5600098183554325,-0.5237882494324657,0.8273594476627546
0.8740000000000007,-0.5610443608160725,-0.5107511900992217,0.8219039430716654
0.8760000000000007,-0.5620528247928022,-0.49770984356733367,0.8164199558656833
0.8780000000000007,-0.5630352022492762,-0.4846647477701527,0.810907746576469
0.8800000000000007,-0.5639914862236579,-0.4716164392834187,0.8053675761343525
0.8820000000000007,-0.5649216708259044,-0.4585654533250728,0.7997997058653672
0.8840000000000007,-0.5658257512350505,-0.44551232375537525,0.7942043974884407
0.8860000000000007,-0.5667037236964944,-0.43245758307731785,0.7885819131127382
0.8880000000000007,-0.567555585519283,-0.4194017624373227,0.7829325152351533
0.8900000000000007,-0.5683813350734004,-0.40634539162621625,0.7772564667379444
0.8920000000000007,-0.5691809717870575,-0.39328899908046966,0.7715540308865085
0.8940000000000007,-0.569954496143985,-0.38023311188369535,0.7658254713272923
0.8960000000000007,-0.570701909680729,-0.36717825576838975,0.7600710520858327
0.8980000000000007,-0.5714232149839511,-0.3541249551179127,0.7542910375649239
0.9000000000000007,-0.5721184156877321,-0.34107373296869375,0.7484856925429074
0.9020000000000007,-0.5727875164708807,-0.3280251110126552,0.742655282172079
0.9040000000000007,-0.5734305230542467,-0.31497960959984206,0.7368000719772083
0.9060000000000007,-0.5740474421980405,-0.3019377477412499,0.7309203278541677
0.9080000000000007,-0.5746382816991578,-0.2889000431118392,0.7250163160686655
0.9100000000000007,-0.5752030503885105,-0.27586701205372843,0.7190883032550773
0.9120000000000007,-0.5757417581283648,-0.26283916957955406,0.7131365564153747
0.9140000000000007,-0.5762544158096853,-0.2498170293759892,0.7071613429181418
0.9160000000000007,-0.5767410353494867,-0.23680110380741065,0.7011629304976799
0.9180000000000007,-0.5772016296881936,-0.22379190391970424,0.6951415872531921
0.9200000000000007,-0.5776362127870065,-0.21078993944419952,0.6890975816480457
0.9220000000000007,-0.5780447996252777,-0.19779571880172342,0.6830311825091062
0.9240000000000007,-0.5784274061978936,-0.18480974910676384,0.6769426590261394
0.9260000000000007,-0.5787840495126667,-0.1718325361717332,0.6708322807512754
0.9280000000000007,-0.579114747587736,-0.15886458451132243,0.6647003175985333
0.9300000000000007,-0.5794195194489753,-0.1459063973469362,0.6585470398433971
0.9320000000000007,-0.5796983851274118,-0.1329584766111994,0.6523727181224434
0.9340000000000007,-0.5799513656566527,-0.12002132295252596,0.6461776234330114
0.9360000000000007,-0.5801784830703216,-0.10709543573974031,0.6399620271329157
0.9380000000000007,-0.5803797603995038,-0.09418131306674227,0.6337262009401917
0.9400000000000007,-0.5805552216702013,-0.08127945175720597,0.6274704169328749
0.9420000000000007,-0.5807048919007971,-0.06839034736930391,0.6211949475488043
0.9440000000000007,-0.5808287970995286,-0.055514494200446574,0.6149000655854491
0.9460000000000007,-0.5809269642619712,-0.042652385292028826,0.6085860441997519
0.9480000000000007,-0.5809994213685309,-0.029804512434173917,0.6022531569079856
0.9500000000000007,-0.5810461973819465,-0.016971366170466136,0.5959016775856179
0.9520000000000007,-0.5810673222448012,-0.004153435802663256,0.5895318804671796
0.9540000000000007,-0.5810628268770435,0.008648790604620068,0.5831440401461329
0.9560000000000007,-0.5810327431735178,0.021434826219266755,0.5767384315747335
0.9580000000000007,-0.5809771040015042,0.03420418543705821,0.5703153300638845
0.9600000000000007,-0.5808959431982664,0.04695638387713036,0.563875011282975
0.9620000000000007,-0.5807892955686106,0.05969093837749331,0.5574177512597013
0.9640000000000007,-0.5806571968824513,0.07240736699062307,0.5509438263798639
0.9660000000000007,-0.5804996838723874,0.08510518897913369,0.5444535133871398
0.9680000000000007,-0.5803167942312855,0.0977839248115381,0.5379470893828205
0.9700000000000008,-0.5801085666098725,0.11044309615810588,0.5314248318255164
0.9720000000000008,-0.5798750406143368,0.12308222588682599,0.5248870185308196
0.9740000000000008,-0.5796162568039356,0.13570083805948244,0.5183339276709238
0.9760000000000008,-0.5793322566886121,0.14829845792785096,0.5117658377741944
0.9780000000000008,-0.5790230827266188,0.16087461193002428,0.5051830277246866
0.9800000000000008,-0.5786887783221486,0.173428827686874,0.4985857767616067
0.9820000000000008,-0.5783293878229724,0.18596063399865634,0.49197436447871157
0.9840000000000008,-0.5779449565180839,0.1984695608417695,0.4853490708236442
0.9860000000000008,-0.5775355306353502,0.2109551393656702,0.4787101760971991
0.9880000000000008,-0.577101157339169,0.22341690188995625,0.4720579609525151
0.9900000000000008,-0.5766418847281305,0.23585438190162278,0.4653927063941909
0.9920000000000008,-0.5761577618326856,0.24826711405249896,0.4587146937773191
0.9940000000000008,-0.5756488386128187,0.26065463415687246,0.4520242048064361
0.9960000000000008,-0.5751151659557246,0.2730164791893081,0.4453215215343824
0.9980000000000008,-0.5745567956734905,0.2853521872826679,0.43860692636107057
1.0000000000000007,-0.5739737805007807,0.2976612977263391,0.43188070203215656
1.0020000000000007,-0.5733661740925255,0.30994335096467596,0.4251431316376112
1.0040000000000007,-0.5727340310216126,0.3221978885956631,0.41839449861018757
1.0060000000000007,-0.5720774067765807,0.3344244533698054,0.411635086723781
1.0080000000000007,-0.5713963577593156,0.3466225891892512,0.404865180091678
1.0100000000000007,-0.5706909412827479,0.35879184110715473,0.39808506316469006
1.0120000000000007,-0.5699612155685506,0.37093175532728384,0.39129502072917055
1.0140000000000007,-0.5692072397448389,0.3830418792038786,0.3844953379049087
1.0160000000000007,-0.5684290738438686,0.39512176124176646,0.3776863001428996
1.0180000000000007,-0.5676267787997352,0.40717095109673956,0.3708681932229854
1.0200000000000007,-0.5668004164460706,0.4191889995761996,0.3640413032513654
1.0220000000000007,-0.5659500495137396,0.4311754586400755,0.3572059166579708
1.0240000000000007,-0.5650757416285335,0.4431298814020188,0.35036232019370184
1.0260000000000007,-0.5641775573088612,0.4550518221308823,0.34351080092752406
1.0280000000000007,-0.5632555619634372,0.466940836252486,0.33665164624342003
1.0300000000000007,-0.5623098218889654,0.478796480351676,0.32978514383719415
1.0320000000000007,-0.5613404042678191,0.49061831217468005,0.3229115817131274
1.0340000000000007,-0.5603473771657154,0.5024058906317648,0.316031248180479
1.0360000000000007,-0.5593308095293842,0.5141587758001986,0.309144431849833
1.0380000000000007,-0.5582907711842311,0.5258765289275248,0.30225142162928487
1.0400000000000007,-0.5572273328319931,0.5375587124351477,0.2953525067204687
1.0420000000000007,-0.5561405660483875,0.5492048899222379,0.28844797661441923
1.0440000000000007,-0.5550305432807515,0.5608146261699579,0.2815381210872685
1.0460000000000007,-0.5538973378456745,0.5723874871460133,0.27462323019577256
1.0480000000000007,-0.5527410239266195,0.5839230400095322,0.2677035942726679
1.0500000000000007,-0.5515616765715355,0.5954208531162763,0.2607795039218534
1.0520000000000007,-0.5503593716904587,0.6068804960241874,0.25385125001339737
1.0540000000000007,-0.549134186053102,0.6183015394992704,0.246919123678365
1.0560000000000007,-0.5478861972864333,0.6296835555218181,0.23998341630346687
1.0580000000000007,-0.5466154838722398,0.6410261172929789,0.23304441952552424
1.0600000000000007,-0.5453221251446799,0.6523287992416694,0.22610242522575036
1.0620000000000007,-0.5440062012878203,0.6635911770318361,0.21915772552384521
1.0640000000000007,-0.5426677933331582,0.6748128275700668,0.21221061277190223
1.0660000000000007,-0.5413069831571284,0.6859933290135537,0.2052613795481248
1.0680000000000007,-0.5399238534785937,0.6971322607784118,0.1983103186503516
1.0700000000000007,-0.5385184878563185,0.7082292035483518,0.1913577230893878
1.0720000000000007,-0.5370909706864245,0.7192837392837108,0.1844038860821426
1.0740000000000007,-0.5356413871998283,0.7302954512308418,0.17744910104456912
1.0760000000000007,-0.5341698234596597,0.7412639239318628,0.17049366158440743
1.0780000000000007,-0.5326763663586597,0.7521887432347668,0.1635378614937283
1.0800000000000007,-0.531161103616559,0.7630694963038938,0.15658199474127626
1.0820000000000007,-0.5296241237774341,0.7739057716307648,0.14962635546461212
1.0840000000000007,-0.5280655162070419,0.7846971590452796,0.14267123796205167
1.0860000000000007,-0.5264853710901315,0.7954432497272772,0.1357169366844021
1.0880000000000007,-0.5248837794277323,0.8061436362184602,0.1287637462264929
1.0900000000000007,-0.5232608330344184,0.8167979124346831,0.12181196131850225
1.0920000000000007,-0.5216166245355471,0.8274056736786038,0.11486187681707682
1.0940000000000007,-0.5199512473644732,0.8379665166526987,0.10791378769624521
1.0960000000000008,-0.518264795759735,0.8484800394726401,0.10096798903812382
1.0980000000000008,-0.5165573647622155,0.8589458416810362,0.09402477602341502
1.1000000000000008,-0.5148290502122731,0.869363524261533,0.0870844439216974
1.1020000000000008,-0.5130799487468463,0.8797326896532757,0.08014728808150662
1.1040000000000008,-0.5113101577965272,0.8900529417657298,0.07321360392020843
1.1060000000000008,-0.5095197755826062,0.9003238859938606,0.06628368691366232
1.1080000000000008,-0.5077089011140851,0.9105451292336689,0.059357832585675896
1.1100000000000008,-0.5058776341846596,0.9207162798980818,0.0524363364972506
1.1120000000000008,-0.504026075369669,0.9308369479331965,0.045519494235618685
1.1140000000000008,-0.5021543260230137,0.9409067448348757,0.03860760140307079
1.1160000000000008,-0.5002624882740382,0.9509252836656913,0.03170095360557584
1.1180000000000008,-0.49835066502438086,0.9608921790722159,0.02479984644119254
1.1200000000000008,-0.4964189599447883,0.9708070473026575,0.0179045754882729
1.1220000000000008,-0.4944674774718941,0.9806695062248367,0.011015436293459524
1.1240000000000008,-0.4924963228049615,0.9904791753445022,0.004132724359475759
1.1260000000000008,-0.4905056019025886,1.0002356758239825,-0.002743264867289652
1.1280000000000008,-0.48849542147937663,1.0099386305011704,-0.009612236009402697
1.1300000000000008,-0.4864658890025595,1.019587663908836,-0.01647389377120856
1.1320000000000008,-0.4844171126885943,1.029182402294267,-0.02332794295185847
1.1340000000000008,-0.4823492014997125,1.0387224736392313,-0.03017408845853925
1.1360000000000008,-0.48026226514043074,1.0482075076802564,-0.03701203531990316
1.1380000000000008,-0.47815641405402076,1.0576371359292256,-0.04384148869969745
1.1400000000000008,-0.4760317594189378,1.0670109916942834,-0.050662153910592034
1.1420000000000008,-0.47388841314520713,1.076328710101047,-0.05747373642820386
1.1440000000000008,-0.47172648787076726,1.085589928114121,-0.06427594190531638
1.1460000000000008,-0.46954609695777055,1.0947942845589076,-0.07106847618629325
1.1480000000000008,-0.4673473544888395,1.1039414201437097,-0.07785104532168324
1.1500000000000008,-0.4651303752632785,1.113030977482122,-0.08462335558301531
1.1520000000000008,-0.46289527479324066,1.122062601115705,-0.09138511347778255
1.1540000000000008,-0.4606421692998491,1.1310359375369348,-0.09813602576461189
1.1560000000000008,-0.45837117570927177,1.1399506352124251,-0.1048757994686183
1.1580000000000008,-0.45608241164874985,1.1488063446064176,-0.11160414189694079
1.1600000000000008,-0.4537759954425788,1.15760271820453,-0.11832076065445896
1.1620000000000008,-0.45145204610804157,1.1663394105377618,-0.12502536365968625
1.1640000000000008,-0.44911068335129367,1.1750160782067463,-0.13171765916083933
1.1660000000000008,-0.44675202756319954,1.183632379906248,-0.13839735575207945
1.1680000000000008,-0.4443761998151194,1.192187976449895,-0.14506416238992448
1.1700000000000008,-0.44198332185464684,1.200682530795142,-0.15171778840982814
1.1720000000000008,-0.43957351610129586,1.2091157080684574,-0.1583579435429242
1.1740000000000008,-0.43714690564213754,1.2174871755907262,-0.16498433793293282
1.1760000000000008,-0.4347036142273856,1.2257966029028653,-0.17159668215322554
1.1780000000000008,-0.4322437662659307,1.23404366179164,-0.17819468722404702
1.1800000000000008,-0.4297674868208225,1.242228026315678,-0.18477806462988927
1.1820000000000008,-0.42727490160469994,1.250349372831672,-0.1913465263370165
1.1840000000000008,-0.42476613697516885,1.258407380020764,-0.19789978481113601
1.1860000000000008,-0.42224131993012637,1.2664017289151048,-0.20443755303521316
1.1880000000000008,-0.4197005781030323,1.274332102924579,-0.21095954452742605
1.1900000000000008,-0.4171440397581268,1.28219818786369,-0.21746547335925726
1.1920000000000008,-0.4145718337855941,1.2899996719785967,-0.22395505417371825
1.1940000000000008,-0.411984089696672,1.297736245974292,-0.23042800220370424
1.1960000000000008,-0.40938093761870714,1.3054076030419193,-0.23688403329047403
1.1980000000000008,-0.406762508290155,1.3130134388862138,-0.2433228639022525
1.2000000000000008,-0.40412893305552533,1.3205534517530648,-0.24974421115295192
1.2020000000000008,-0.40148034386027226,1.3280273424571878,-0.2561477928210071
1.2040000000000008,-0.3988168732456287,1.3354348144098993,-0.26253332736832163
1.2060000000000008,-0.39613865434338547,1.3427755736469855,-0.26890053395932095
1.2080000000000009,-0.3934458208706143,1.3500493288566568,-0.2752491324801073
1.2100000000000009,-0.3907385071243351,1.3572557914075778,-0.2815788435577141
1.2120000000000009,-0.3880168479761269,1.364394675376966,-0.2878893885794538
1.2140000000000009,-0.3852809788666826,1.3714656975787494,-0.2941804897123561
1.2160000000000009,-0.38253103580030734,1.3784685775917738,-0.30045186992269207
1.2180000000000009,-0.37976715533936045,1.3854030377880517,-0.30670325299557955
1.2200000000000009,-0.37698947459864085,1.3922688033610424,-0.3129343635546654
1.2220000000000009,-0.37419813123971596,1.3990656023539554,-0.31914492708188036
1.2240000000000009,-0.3713932634651937,1.4057931656880676,-0.32533466993726173
1.2260000000000009,-0.3685750100129382,1.4124512271910437,-0.3315033193788401
1.2280000000000009,-0.3657435101502286,1.4190395236252535,-0.33765060358258364
1.2300000000000009,-0.3628989036678614,1.425557794716073,-0.34377625166239817
1.2320000000000009,-0.3600413308741963,1.432005783180162,-0.34987999369017503
1.2340000000000009,-0.3571709325891452,1.4383832347537098,-0.3559615607158847
1.2360000000000009,-0.3542878501381048,1.4446898982206358,-0.3620206847877097
1.2380000000000009,-0.3513922253458336,1.4509255254407396,-0.36805709897221306
1.2400000000000009,-0.34848420053027124,1.4570898713777878,-0.3740705373745362
1.2420000000000009,-0.3455639184963032,1.4631826941275299,-0.38006073515862265
1.2440000000000009,-0.34263152252946855,1.4692037549456327,-0.38602742856746175
1.2460000000000009,-0.3396871563896124,1.4751528182755236,-0.3919703549433478
1.2480000000000009,-0.3367309643044825,1.4810296517761332,-0.3978892527481494
1.2500000000000009,-0.3337630909632708,1.4868340263495279,-0.4037838615835841
1.252000000000001,-0.33078368151009935,1.4925657161684214,-0.40965392221149316
1.254000000000001,-0.327792881537452,1.4982244987035578,-0.41549917657411134
1.256000000000001,-0.32479083707955075,1.503810154750954,-0.4213193678143269
1.258000000000001,-0.32177769460567823,1.509322468458993,-0.4271142402959262
1.260000000000001,-0.31875360101344596,1.5147612273553592,-0.43288353962381826
1.262000000000001,-0.31571870362200904,1.520126222373803,-0.43862701266423365
1.264000000000001,-0.31267315016522734,1.525417247880729,-0.44434440756489246
1.266000000000001,-0.30961708878477384,1.5306341017015948,-0.4500354737751372
1.268000000000001,-0.3065506680231902,1.5357765851471123,-0.45569996206602353
1.270000000000001,-0.3034740368168903,1.5408445030392426,-0.461337624550366
1.272000000000001,-0.30038734448911186,1.5458376637369724,-0.466948214702731
1.274000000000001,-0.29729074074281703,1.5507558791618652,-0.47253148737937434
1.276000000000001,-0.29418437565354155,1.5555989648233755,-0.47808719883811557
1.278000000000001,-0.2910683996621941,1.5603667398439178,-0.4836151067581462
1.280000000000001,-0.2879429635678055,1.565059026983682,-0.4891149702597648
1.282000000000001,-0.28480821852022853,1.569675652665182,-0.49458654992403545
1.284000000000001,-0.2816643160127889,1.574216446997533,-0.5000296078123625
1.286000000000001,-0.2785114078748882,1.5786812438004447,-0.5054439074859776
1.288000000000001,-0.2753496462645588,1.583069880627923,-0.5108292140253341
1.290000000000001,-0.272179183660972,1.5873821987916708,-0.5161852940494027
1.292000000000001,-0.26900017285689914,1.5916180433841776,-0.5215119157348633
1.294000000000001,-0.26581276695112765,1.5957772633014917,-0.5268088488351896
1.296000000000001,-0.26261711934083115,1.5998597112656632,-0.5320758646996182
1.298000000000001,-0.25941338371389544,1.6038652438468506,-0.5373127362920005
1.300000000000001,-0.25620171404120035,1.607793721485082,-0.5425192382095299
1.302000000000001,-0.2529822645688586,1.6116450085116627,-0.5476951467013407
1.304000000000001,-0.24975518981041217,1.6154189731702198,-0.5528402396869727
1.306000000000001,-0.24652064453898692,1.6191154876373755,-0.5579542967746978
1.308000000000001,-0.24327878377940623,1.6227344280430427,-0.5630370992797008
1.310000000000001,-0.24002976280026445,1.6262756744903322,-0.5680884302421151
1.312000000000001,-0.23677373710596092,1.6297391110750643,-0.5731080744449016
1.314000000000001,-0.23351086242869545,1.6331246259048782,-0.5780958184315712
1.316000000000001,-0.23024129472042584,1.636432111117929,-0.5830514505237436
1.318000000000001,-0.22696519014478855,1.639661462901167,-0.5879747608385386
1.320000000000001,-0.2236827050689832,1.6428125815081902,-0.5928655413057949
1.322000000000001,-0.2203939960556217,1.645885371276663,-0.597723585685112
1.324000000000001,-0.2170992198545433,1.6488797406452937,-0.6025486895827098
1.326000000000001,-0.21379853339459562,1.651795602170365,-0.6073406504681036
1.328000000000001,-0.2104920937753835,1.6546328725418074,-0.6120992676905869
1.330000000000001,-0.20718005825898606,1.6573914725988121,-0.6168243424955202
1.332000000000001,-0.2038625842616429,1.6600713273449754,-0.6215156780404201
1.334000000000001,-0.2005398293454105,1.6626723659629667,-0.6261730794108449
1.336000000000001,-0.19721195120978996,1.6651945218287156,-0.6307963536360729
1.338000000000001,-0.19387910768332656,1.6676377325251115,-0.6353853097045679
1.340000000000001,-0.1905414567151826,1.670001939855209,-0.6399397585792292
1.342000000000001,-0.18719915636668438,1.6722870898549338,-0.6444595132124219
1.344000000000001,-0.18385236480284403,1.6744931328052823,-0.6489443885607825
1.346000000000001,-0.1805012402838577,1.6766200232440123,-0.6533942015997971
1.348000000000001,-0.1771459411565807,1.6786677199768147,-0.6578087713381484
1.350000000000001,-0.17378662584598104,1.6806361860879666,-0.6621879188318267
1.352000000000001,-0.1704234528465719,1.682525388950455,-0.6665314671980023
1.354000000000001,-0.16705658071382462,1.6843353002355717,-0.6708392416286556
1.356000000000001,-0.16368616805556294,1.6860658959219705,-0.6751110694039613
1.358000000000001,-0.1603123735233396,1.6877171563041853,-0.6793467799054224
1.360000000000001,-0.15693535580379667,1.6892890660006021,-0.683546204628753
1.362000000000001,-0.15355527361001015,1.6907816139608842,-0.6877091771965044
1.364000000000001,-0.15017228567282062,1.6921947934728436,-0.691835533370432
1.366000000000001,-0.14678655073215044,1.6935286021687557,-0.6959251110636012
1.368000000000001,-0.14339822752830902,1.6947830420311158,-0.6999777503522274
1.370000000000001,-0.14000747479328707,1.6959581193978317,-0.7039932934872489
1.372000000000001,-0.1366144512420411,1.69705384496685,-0.7079715849056287
1.374000000000001,-0.13321931556376915,1.6980702338002145,-0.7119124712413839
1.376000000000001,-0.12982222641317903,1.6990073053275518,-0.715815801336338
1.378000000000001,-0.12642334240175018,1.699865083348984,-0.7196814262505968
1.380000000000001,-0.12302282208899024,1.7006435960374637,-0.7235091992727418
1.382000000000001,-0.11962082397368748,1.7013428759405331,-0.7272989759297417
1.384000000000001,-0.11621750648516045,1.7019629599814998,-0.7310506139965791
1.386000000000001,-0.11281302797450568,1.7025038894600333,-0.7347639735055894
1.388000000000001,-0.10940754670584489,1.7029657100521765,-0.738438916755511
1.390000000000001,-0.1060012208475727,1.7033484718097742,-0.7420753083202434
1.392000000000001,-0.10259420846360612,1.7036522291593152,-0.7456730150573144
1.394000000000001,-0.09918666750463687,1.7038770409001889,-0.7492319061160515
1.396000000000001,-0.09577875579938784,1.7040229702023535,-0.7527518529454575
1.398000000000001,-0.0923706310458748,1.7040900846034193,-0.7562327293017889
1.400000000000001,-0.08896245080267444,1.704078456005143,-0.7596744112558348
1.402000000000001,-0.08555437248020015,1.703988160669335,-0.7630767771998971
1.404000000000001,-0.08214655333198642,1.70381927921318,-0.7664397078544674
1.406000000000001,-0.07873915044598334,1.703571896603971,-0.7697630862746037
1.408000000000001,-0.07533232073586207,1.703246102153257,-0.7730467978560022
1.410000000000001,-0.07192622093233274,1.7028419895104059,-0.7762907303407665
1.412000000000001,-0.06852100757447566,1.7023596566555839,-0.7794947738228702
1.414000000000001,-0.0651168370010873,1.7017992058921516,-0.7826588207533163
1.416000000000001,-0.06171386534204195,1.70116074383848,-0.7857827659449885
1.418000000000001,-0.0583122485096704,1.7004443814191854,-0.788866506577198
1.420000000000001,-0.054912142190156665,1.6996502338557897,-0.7919099421999223
1.422000000000001,-0.05151370183495401,1.6987784206568022,-0.7949129747377381
1.424000000000001,-0.04811708265222138,1.6978290656072306,-0.7978755084934471
1.426000000000001,-0.04472243959828135,1.6968022967575211,-0.8007974501513939
1.428000000000001,-0.0413299273691008,1.6956982464119301,-0.8036787087804792
1.430000000000001,-0.037939700391795395,1.6945170511163319,-0.8065191958368643
1.432000000000001,-0.034551912816158985,1.6932588516454647,-0.8093188251663705
1.434000000000001,-0.031166718506219132,1.6919237929896174,-0.8120775130065734
1.436000000000001,-0.02778427103181977,1.6905120243407628,-0.8147951779885896
1.438000000000001,-0.024404723660232153,1.6890236990781387,-0.8174717411385616
1.440000000000001,-0.021028229347795222,1.6874589747532824,-0.8201071258788372
1.442000000000001,-0.017654940731586407,1.6858180130745217,-0.822701258028846
1.444000000000001,-0.014285010121124014,1.6841009798909266,-0.8252540658056745
1.446000000000001,-0.010918589490102238,1.6823080451757273,-0.8277654798243392
1.448000000000001,-0.007555830468159852,1.6804393830092026,-0.8302354330977614
1.450000000000001,-0.004196884332683676,1.6784951715610414,-0.8326638610364414
1.452000000000001,-0.0008419020006478171,1.6764755930721862,-0.835050701447837
1.454000000000001,0.002508965979510247,1.6743808338361605,-0.8373958945354453
1.456000000000001,0.005855569435975733,1.6722110841798872,-0.8396993828975905
1.458000000000001,0.009197758581603752,1.6699665384440012,-0.8419611115259193
1.460000000000001,0.012535384021926627,1.6676473949626662,-0.8441810278036044
1.462000000000001,0.01586829676312036,1.6652538560428958,-0.8463590815032598
1.464000000000001,0.019196348219929247,1.6627861279433898,-0.8484952247845683
1.466000000000001,0.022519390223547688,1.6602444208528888,-0.8505894121916241
1.468000000000001,0.02583727502945822,1.6576289488680545,-0.8526416006499921
1.470000000000001,0.029149855325224867,1.6549399299708818,-0.8546517494634854
1.472000000000001,0.03245698423824082,1.6521775860056498,-0.8566198203106657
1.474000000000001,0.03575851534342958,1.649342142655417,-0.8585457772410657
1.476000000000001,0.039054302670898655,1.6464338294180685,-0.860429586671138
1.478000000000001,0.042344200713544874,1.6434528795819234,-0.862271217379933
1.480000000000001,0.0456280644346105,1.6403995302009065,-0.8640706405045065
1.482000000000001,0.04890574927518929,1.637274022069293,-0.8658278295350638
1.484000000000001,0.05217711116168156,1.634076599696035,-0.8675427603098358
1.486000000000001,0.055442006513197535,1.6308075112786746,-0.869215411009699
1.488000000000001,0.0587002922489081,1.6274670086768528,-0.8708457621525348
1.490000000000001,0.06195182579534219,1.624055347385421,-0.8724337965873344
1.492000000000001,0.06519646509363,1.6205727865071633,-0.8739794994880526
1.494000000000001,0.06843406860669125,1.6170195887251382,-0.8754828583472116
1.496000000000001,0.07166449532636776,1.6133960202746453,-0.8769438629692603
1.498000000000001,0.0748876047804996,1.609702350914828,-0.8783625054636904
1.500000000000001,0.0781032570399441,1.6059388538999182,-0.8797387802379136
1.5020000000000011,0.08131131272553696,1.6021058059501312,-0.8810726839899032
1.5040000000000011,0.08451163301499486,1.5982034872222217,-0.8823642157006025
1.5060000000000011,0.08770407964975878,1.5942321812797056,-0.8836133766261057
1.5080000000000011,0.0908885149417775,1.590192175062758,-0.8848201702896116
1.5100000000000011,0.09406480178023059,1.586083758857797,-0.8859846024731565
1.5120000000000011,0.09723280363819016,1.581907226266759,-0.887106681209129
1.5140000000000011,0.10039238457922095,1.577662874176077,-0.8881864167715697
1.5160000000000011,0.1035434092639181,1.573351002725368,-0.8892238216672594
1.5180000000000011,0.10668574295638193,1.568971915275841,-0.8902189106266022
1.5200000000000011,0.10981925153062934,1.564525918378432,-0.8911717005943024
1.5220000000000011,0.11294380147694114,1.5600133217416752,-0.8920822107198453
1.5240000000000011,0.11605925990814496,1.5554344381993221,-0.8929504623477788
1.5260000000000011,0.11916549456583307,1.550789583677713,-0.893776479007806
1.5280000000000011,0.12226237382651475,1.546079077162912,-0.8945602864046895
1.5300000000000011,0.12534976670770268,1.5413032406676161,-0.8953019124079707
1.5320000000000011,0.1284275428739329,1.5364623991978446,-0.8960013870415108
1.5340000000000011,0.13149557264271808,1.5315568807194184,-0.8966587424728552
1.5360000000000011,0.1345537269904333,1.5265870161242405,-0.8972740130024273
1.5380000000000011,0.1376018775581345,1.521553139196383,-0.8978472350525536
1.5400000000000011,0.14063989665730856,1.5164555865779934,-0.898378447156326
1.5420000000000011,0.14366765727555536,1.511294697735026,-0.8988676899463053
1.5440000000000011,0.146685033082201,1.5060708149228095,-0.8993150061430684
1.5460000000000012,0.14969189843384187,1.50078428315146,-0.8997204405436057
1.5480000000000012,0.15268812837981965,1.495435450151146,-0.9000840400095719
1.5500000000000012,0.15567359866762653,1.4900246663372172,-0.9004058534553927
1.5520000000000012,0.15864818574824052,1.4845522847752048,-0.9006859318362351
1.5540000000000012,0.1616117667813908,1.4790186611457024,-0.900924328135843
1.5560000000000012,0.16456421964075263,1.4734241537091353,-0.901121097354242
1.5580000000000012,0.16750542291907172,1.4677691232704304,-0.9012762964953203
1.5600000000000012,0.17043525593321776,1.4620539331435916,-0.901389984554287
1.5620000000000012,0.17335359872916714,1.4562789491161918,-0.9014622225050135
1.5640000000000012,0.1762603320869145,1.450444539413791,-0.901493073287263
1.5660000000000012,0.17915533752531307,1.444551074664286,-0.90148260179381
1.5680000000000012,0.1820384973068437,1.4385989278622044,-0.9014308748574561
1.5700000000000012,0.18490969444231234,1.432588474332949,-0.901337961237946
1.5720000000000012,0.18776881269547593,1.4265200916970011,-0.9012039316087868
1.5740000000000012,0.1906157365875969,1.4203941598340946,-0.9010288585439765
1.5760000000000012,0.1934503514019257,1.4142110608473628,-0.9008128165046442
1.5780000000000012,0.19627254318811183,1.4079711790274747,-0.9005558818256071
1.5800000000000012,0.19908219876654293,1.4016749008167615,-0.9002581327018492
1.5820000000000012,0.20187920573261237,1.3953226147733464,-0.8999196491749237
1.5840000000000012,0.2046634524609149,1.3889147115352845,-0.8995405131192855
1.5860000000000012,0.20743482810937072,1.3824515837847204,-0.8991208082285571
1.5880000000000012,0.21019322262327778,1.375933626212072,-0.898660620001731
1.5900000000000012,0.21293852673929256,1.369361235480249,-0.8981600357293138
1.5920000000000012,0.2156706319893394,1.3627348101889123,-0.897619144479417
1.5940000000000012,0.2183894307044482,1.3560547508387855,-0.8970380370837956
1.5960000000000012,0.22109481601852093,1.3493214597960212,-0.8964168061238409
1.5980000000000012,0.223786681872027,1.3425353412566348,-0.8957555459165316
1.6000000000000012,0.22646492301562732,1.3356968012110095,-0.8950543525003444
1.6020000000000012,0.22912943501372782,1.3288062474084832,-0.894313323621132
1.6040000000000012,0.23178011424796185,1.3218640893220206,-0.8935325587179694
1.6060000000000012,0.23441685792060227,1.3148707381129825,-0.8927121589089722
1.6080000000000012,0.2370395640579031,1.3078266065959947,-0.8918522269770935
1.6100000000000012,0.239648131513371,1.3007321092039275,-0.8909528673559004
1.6120000000000012,0.24224245997096683,1.2935876619529898,-0.8900141861153348
1.6140000000000012,0.24482244994823754,1.2863936824079465,-0.8890362909474617
1.6160000000000012,0.24738800279937864,1.279150589647465,-0.8880192911522108
1.6180000000000012,0.24993902071822743,1.2718588042295973,-0.8869632976231112
1.6200000000000012,0.2524754067411874,1.264518748157404,-0.885868422833026
1.6220000000000012,0.25499706475008393,1.257130844844728,-0.8847347808198894
1.6240000000000012,0.25750389947495195,1.249695519082122,-0.8835624871724479
1.6260000000000012,0.2599958164967552,1.2422131970029373,-0.882351659016013
1.6280000000000012,0.2624727222500381,1.2346843060495798,-0.8811024149982238
1.6300000000000012,0.2649345240255105,1.2271092749399375,-0.879814875274828
1.6320000000000012,0.2673811299725649,1.219488533633988,-0.8784891614954793
1.6340000000000012,0.2698124491017277,1.2118225133005889,-0.8771253967895589
1.6360000000000012,0.27222839128704357,1.204111646284458,-0.8757237057520222
1.6380000000000012,0.27462886726839464,1.1963563660733492,-0.8742842144292726
1.6400000000000012,0.27701378865375376,1.188557107265426,-0.8728070503050692
1.6420000000000012,0.2793830679213729,1.1807143055368432,-0.8712923422864667
1.6440000000000012,0.28173661842190684,1.172828397609536,-0.8697402206897945
1.6460000000000012,0.2840743543804728,1.1648998212192256,-0.8681508172266748
1.6480000000000012,0.28639619089864615,1.1569290150836438,-0.8665242649900856
1.6500000000000012,0.28870204395639293,1.1489164188709806,-0.8648606984404681
1.6520000000000012,0.2909918304139392,1.1408624731685628,-0.8631602533918832
1.6540000000000012,0.2932654680135785,1.132767619451762,-0.8614230669982206
1.6560000000000012,0.2955228753814167,1.1246323000531424,-0.8596492777394595
1.6580000000000013,0.297763972029056,1.1164569581318478,-0.857839025407988
1.6600000000000013,0.2999886783552177,1.1082420376432331,-0.8559924510949799
1.6620000000000013,0.3021969156473042,1.099987983308746,-0.8541096971768343
1.6640000000000013,0.3043886060829016,1.091695240586058,-0.8521909073016772
1.6660000000000013,0.3065636727312222,1.0833642556394534,-0.8502362263759307
1.6680000000000013,0.3087220395544887,1.0749954753104751,-0.8482458005509489
1.6700000000000013,0.31086363140925916,1.0665893470888341,-0.8462197772097262
1.6720000000000013,0.31298837404769486,1.0581463190835823,-0.8441583049536763
1.6740000000000013,0.3150961941187701,1.0496668399945537,-0.842061533589486
1.6760000000000013,0.31718701916942554,1.0411513590840769,-0.8399296141160469
1.6780000000000013,0.31926077764566513,1.0326003261489596,-0.8377626987114639
1.6800000000000013,0.3213173988935974,1.0240141914927496,-0.835560940720145
1.6820000000000013,0.32335681316042125,1.0153934058982739,-0.8333244946399723
1.6840000000000013,0.32537895159535735,1.0067384206004573,-0.8310535161095582
1.6860000000000013,0.32738374625052546,0.9980496872594241,-0.828748161895586
1.6880000000000013,0.32937113008176816,0.9893276579338836,-0.8264085898802376
1.6900000000000013,0.3313410369494215,0.9805727850548016,-0.8240349590487099
1.6920000000000013,0.3332934016190337,0.9717855213993604,-0.8216274294768223
1.6940000000000013,0.3352281597620315,0.9629663200652065,-0.8191861623187139
1.6960000000000013,0.3371452479563358,0.954115634444991,-0.8167113197946347
1.6980000000000013,0.33904460368692635,0.9452339182012001,-0.8142030651788313
1.7000000000000013,0.34092616534635645,0.9363216252412795,-0.8116615627875263
1.7020000000000013,0.34278987223521845,0.9273792096930533,-0.8090869779669962
1.7040000000000013,0.34463566456255995,0.9184071258804368,-0.8064794770817452
1.7060000000000013,0.3464634834462521,0.909405828299446,-0.8038392275027784
1.7080000000000013,0.34827327091330995,0.900375771594503,-0.8011663975959751
1.7100000000000013,0.3500649699001659,0.8913174105350379,-0.7984611567105615
1.7120000000000013,0.3518385242528965,0.8822311999923887,-0.7957236751676848
1.7140000000000013,0.3535938787274036,0.8731175949169984,-0.792954124249091
1.7160000000000013,0.35533097898954974,0.8639770503159089,-0.7901526761859028
1.7180000000000013,0.35704977161524926,0.8548100212305538,-0.7873195041475042
1.7200000000000013,0.35875020409051506,0.8456169627148479,-0.7844547822305261
1.7220000000000013,0.36043222481146203,0.8363983298135736,-0.781558685447939
1.7240000000000013,0.36209578308426726,0.8271545775410657,-0.7786313897182489
1.7260000000000013,0.36374082912508815,0.8178861608601906,-0.7756730718548002
1.7280000000000013,0.3653673140599387,0.808593534661623,-0.7726839095551834
1.7300000000000013,0.36697518992452477,0.7992771537434169,-0.7696640813907503
1.7320000000000013,0.3685644096640384,0.7899374727908715,-0.7666137667962332
1.7340000000000013,0.3701349271329127,0.7805749463566894,-0.7635331460594741
1.7360000000000013,0.3716866970945367,0.7711900288414293,-0.7604224003112574
1.7380000000000013,0.3732196752209323,0.7617831744742474,-0.7572817115152514
1.7400000000000013,0.3747338180923919,0.7523548372939309,-0.7541112624580559
1.7420000000000013,0.3762290831970794,0.7429054711302193,-0.7509112367393573
1.7440000000000013,0.37770542893059317,0.7334355295854128,-0.747681818762189
1.7460000000000013,0.3791628145954935,0.7239454660162665,-0.7444231937232996
1.7480000000000013,0.3806012004007934,0.7144357335161693,-0.7411355476036268
1.7500000000000013,0.3820205474614144,0.7049067848976039,-0.737819067158878
1.7520000000000013,0.3834208177976072,0.6953590726748885,-0.7344739399102164
1.7540000000000013,0.3848019743343387,0.6857930490471957,-0.7311003541350515
1.7560000000000013,0.3861639809006446,0.6762091658818494,-0.7276984988579366
1.7580000000000013,0.38750680222894934,0.6666078746978946,-0.7242685638415693
1.7600000000000013,0.38883040395435353,0.6569896266499403,-0.7208107395778967
1.7620000000000013,0.39013475261388897,0.647354872512272,-0.7173252172793236
1.7640000000000013,0.3914198156457423,0.6377040626632314,-0.713812188870025
1.7660000000000013,0.39268556138844785,0.6280376470698619,-0.710271846977358
1.7680000000000013,0.39393195908004985,0.6183560752728153,-0.7067043849233787
1.7700000000000014,0.3951589788572348,0.60865979637152,-0.7031099967164576
1.7720000000000014,0.3963665917544343,0.5989492590096047,-0.6994888770429948
1.7740000000000014,0.39755476970289927,0.5892249113605776,-0.6958412212592366
1.7760000000000014,0.3987234855297455,0.5794872011137567,-0.6921672253831881
1.7780000000000014,0.3998727129569714,0.5697365754604486,-0.6884670860866239
1.7800000000000014,0.4010024266004483,0.5599734810803731,-0.6847410006871957
1.7820000000000014,0.40211260196888415,0.5501983641283302,-0.680989167140635
1.7840000000000014,0.4032032154627603,0.5404116702211067,-0.6772117840330493
1.7860000000000014,0.4042742443732426,0.5306138444246185,-0.6734090505733137
1.7880000000000014,0.4053256668810672,0.5208053312412864,-0.6695811665855518
1.7900000000000014,0.4063574620554009,0.5109865745976414,-0.6657283325017104
1.7920000000000014,0.4073696098526774,0.5011580178321561,-0.6618507493542216
1.7940000000000014,0.4083620911154089,0.4913201036832987,-0.6579486187687554
1.7960000000000014,0.40933488757097464,0.48147327427780695,-0.6540221429570583
1.7980000000000014,0.4102879818303857,0.47161797111917725,-0.6500715247098781
1.8000000000000014,0.41122135738702714,0.4617546350763663,-0.6460969673899744
1.8020000000000014,0.4121349986153781,0.45188370637270125,-0.6420986749252103
1.8040000000000014,0.41302889076970933,0.4420056245749944,-0.6380768518017288
1.8060000000000014,0.4139030199827595,0.4321208285828596,-0.6340317030572066
1.8080000000000014,0.41475737326439044,0.4222297566182252,-0.6299634342741893
1.8100000000000014,0.4155919385002212,0.4123328462150413,-0.625872251573503
1.8120000000000014,0.4164067044502422,0.40243053420917607,-0.6217583616077418
1.8140000000000014,0.417201660747409,0.39252325672849814,-0.6176219715548302
1.8160000000000014,0.4179767978962165,0.3826114491831407,-0.613463289111658
1.8180000000000014,0.41873210727125404,0.3726955462559434,-0.6092825224877869
1.8200000000000014,0.41946758111574123,0.36277598189306826,-0.6050798803992258
1.8220000000000014,0.4201832125400454,0.3528531892947851,-0.6008555720622754
1.8240000000000014,0.42087899552018093,0.3429276009064231,-0.596609807187438
1.8260000000000014,0.4215549248962901,0.3329996484094838,-0.5923427959733925
1.8280000000000014,0.422210996371107,0.32306976271291177,-0.588054749101032
1.8300000000000014,0.42284720650840363,0.3131383739445185,-0.5837458777275628
1.8320000000000014,0.42346355273141933,0.3032059114425558,-0.5794163934806629
1.8340000000000014,0.4240600333212732,0.2932728037474345,-0.5750665084526972
1.8360000000000014,0.42463664741536034,0.2833394785935832,-0.5706964351949904
1.8380000000000014,0.42519339500573194,0.2734063629014451,-0.5663063867121519
1.8400000000000014,0.4257302769374593,0.26347388276960587,-0.5618965764564545
1.8420000000000014,0.4262472949069823,0.2535424634670509,-0.5574672183222622
1.8440000000000014,0.4267444514604429,0.24361252942554595,-0.5530185266405078
1.8460000000000014,0.4272217499920025,0.23368450423213794,-0.5485507161732158
1.8480000000000014,0.42767919474214605,0.22375881062177091,-0.5440640021080715
1.8500000000000014,0.42811679079596965,0.2138358704700136,-0.5395586000530315
1.8520000000000014,0.4285345440814552,0.20391610478589375,-0.5350347260309765
1.8540000000000014,0.42893246136772994,0.19399993370483534,-0.5304925964744021
1.8560000000000014,0.4293105502633125,0.18408777648169417,-0.5259324282201476
1.8580000000000014,0.4296688192143447,0.1741800514838877,-0.5213544385041595
1.8600000000000014,0.4300072775028099,0.16427717618461496,-0.5167588449562885
1.8620000000000014,0.43032593524473806,0.15437956715616197,-0.5121458655951174
1.8640000000000014,0.4306248033883968,0.14448764006328876,-0.507515718822819
1.8660000000000014,0.43090389371247045,0.13460180965669366,-0.5028686234200412
1.8680000000000014,0.431163218824225,0.12472248976655043,-0.4982047985408173
1.8700000000000014,0.4314027921576607,0.1148500932961144,-0.4935244637075002
1.8720000000000014,0.43162262797165213,0.10498503221539304,-0.4888278388057179
1.8740000000000014,0.43182274134807513,0.09512771755487709,-0.48411514407934864
1.8760000000000014,0.43200314818992175,0.08527855939932777,-0.4793866001255137
1.8780000000000014,0.4321638652194025,0.0754379668816163,-0.47464242788958566
1.8800000000000014,0.4323049099760365,0.06560634817661129,-0.46988284866021063
1.8820000000000014,0.4324263008147295,0.05578411049510995,-0.4651080840643421
1.8840000000000015,0.4325280569038395,0.045971660077809264,-0.46031835606228444
1.8860000000000015,0.4326101982232307,0.03616940218931274,-0.45551388694274414
1.8880000000000015,0.43267274556231533,0.026377741112168965,-0.4506948993178871
1.8900000000000015,0.43271572051808355,0.01659708014093781,-0.4458616161183998
1.8920000000000015,0.43273914549312165,0.0068278215762804,-0.4410142605885525
1.8940000000000015,0.43274304369361827,-0.0029296332809311456,-0.43615305628126183
1.8960000000000015,0.43272743912735895,-0.012674884135488102,-0.4312782270531527
1.8980000000000015,0.432692356601709,-0.02240753170370753,-0.4263899970596149
1.9000000000000015,0.43263782172158466,-0.032127177719286526,-0.42148859074985523
1.9020000000000015,0.4325638608874122,-0.0418334249391521,-0.4165742328619414
1.9040000000000015,0.43247050129307607,-0.05152587714931052,-0.4116471484178362
1.9060000000000015,0.43235777092385447,-0.06120413917069982,-0.4067075627184208
1.9080000000000015,0.4322256985543438,-0.07086781686504913,-0.4017557013385046
1.9100000000000015,0.43207431374637123,-0.0805165171407485,-0.3967917901218192
1.9120000000000015,0.43190364684689553,-0.09014984795873296,-0.391816055175997
1.9140000000000015,0.431713728985896,-0.09976741833838404,-0.38682872286752906
1.9160000000000015,0.4315045920742497,-0.10936883836345271,-0.38183001981670395
1.9180000000000015,0.4312762688015967,-0.11895371918800689,-0.37682017289252334
1.9200000000000015,0.43102879263419364,-0.12852167304240703,-0.37179940920759325
1.9220000000000015,0.430762197812755,-0.13807231323931324,-0.3667679561129901
1.9240000000000015,0.43047651935028247,-0.14760525417972717,-0.36172604119309837
1.9260000000000015,0.43017179302988234,-0.15712011135907206,-0.3566738922604189
1.9280000000000015,0.4298480554025703,-0.166616501373314,-0.35161173735034634
1.9300000000000015,0.4295053437850645,-0.17609404192512762,-0.34653980471591334
1.9320000000000015,0.42914369625756565,-0.18555235183010962,-0.34145832282250066
1.9340000000000015,0.4287631516615251,-0.19499105102304276,-0.33636752034251083
1.9360000000000015,0.42836374959740015,-0.20440976056421348,-0.3312676261500037
1.9380000000000015,0.4279455304223965,-0.21380810264578634,-0.3261588693152934
1.9400000000000015,0.42750853524819843,-0.22318570059823784,-0.32104147909950337
1.9420000000000015,0.42705280593868516,-0.2325421788968525,-0.3159156849490795
1.9440000000000015,0.4265783851076353,-0.24187716316828428,-0.31078171649025893
1.9460000000000015,0.426085316116417,-0.25119028019718564,-0.3056398035234932
1.9480000000000015,0.4255736430716655,-0.2604811579329071,-0.30049017601782413
1.9500000000000015,0.42504341082294705,-0.2697494254962699,-0.295333064105212
1.9520000000000015,0.4244946649604089,-0.2789947131864143,-0.2901686980748121
1.9540000000000015,0.42392745181241587,-0.2882166524877256,-0.2849973083672017
1.9560000000000015,0.4233418184431729,-0.2974148760768412,-0.27981912556855304
1.9580000000000015,0.42273781265033356,-0.3065890178297397,-0.2746343804047523
1.9600000000000015,0.42211548296259394,-0.3157387128289155,-0.2694433037354637
1.9620000000000015,0.42147487863727257,-0.3248635973706406,-0.2642461265481362
1.9640000000000015,0.4208160496578755,-0.3339633089723151,-0.2590430799519523
1.9660000000000015,0.42013904673164665,-0.34303748637991005,-0.25383439517171796
1.9680000000000015,0.41944392128710306,-0.35208576957550297,-0.24862030354169162
1.9700000000000015,0.4187307254715551,-0.36110779978490876,-0.24340103649935158
1.9720000000000015,0.41799951214861136,-0.3701032194854078,-0.23817682557910072
1.9740000000000015,0.4172503348956679,-0.37907167241357304,-0.23294790240590746
1.9760000000000015,0.4164832480013815,-0.38801280357319723,-0.22771449868888136
1.9780000000000015,0.4156983064631276,-0.396926259243323,-0.22247684621478286
1.9800000000000015,0.41489556598444155,-0.40581168698637604,-0.21723517684146612
1.9820000000000015,0.41407508297244344,-0.414668735656404,-0.21198972249125353
1.9840000000000015,0.41323691453524675,-0.4234970554074215,-0.20674071514424144
1.9860000000000015,0.4123811184793499,-0.4322962977018637,-0.201488386831536
1.9880000000000015,0.41150775330701084,-0.4410661153191484,-0.19623296962841805
1.9900000000000015,0.41061687821360454,-0.4498061623643491,-0.19097469564743663
1.9920000000000015,0.4097085530849628,-0.4585160942769789,-0.18571379703142998
1.9940000000000015,0.40878283849469654,-0.4671955678398876,-0.18045050594647333
1.9960000000000016,0.40783979570150014,-0.47584424118827134,-0.17518505457475275
1.9980000000000016,0.4068794866464377,-0.48446177381879746,-0.16991767510736447
2.0000000000000013,0.4059019739502107,-0.4930478265988436,-0.16464859973703896
2.002000000000001,0.4049073209104075,-0.5016020617758531,-0.1593780606507889
2.004000000000001,0.40389559149873355,-0.5101241429868065,-0.15410629002248094
2.0060000000000007,0.4028668503582229,-0.5186137352678102,-0.1488335200053303
2.0080000000000005,0.4018211628004301,-0.5270705050638022,-0.1435599827243178
2.0100000000000002,0.400758594802603,-0.535494120238376,-0.13828591026852904
2.012,0.39967921300483517,-0.5438842500837227,-0.13301153468341503
2.014,0.3985830847071989,-0.5522405653306909,-0.12773708796297384
2.0159999999999996,0.3974702778668577,-0.5605627381589655,-0.12246280204185345
2.0179999999999993,0.39634086109515837,-0.568850442207365,-0.11718890878737492
2.019999999999999,0.3951949036547023,-0.5771033525842573,-0.11191563999147586
2.021999999999999,0.3940324754563957,-0.585321145878094,-0.10664322736257364
2.0239999999999987,0.3928536470564792,-0.5935035001680634,-0.10137190251734868
2.0259999999999985,0.3916584896535352,-0.6016500950348604,-0.09610189697244748
2.0279999999999982,0.39044707508547444,-0.6097606115715757,-0.090833442136105
2.029999999999998,0.3892194758264997,-0.6178347323947008,-0.0855667692996866
2.031999999999998,0.38797576498404823,-0.625872141655251,-0.0803021096291493
2.0339999999999976,0.3867160162957115,-0.6338725250500042,-0.07503969415642275
2.0359999999999974,0.3854403041261323,-0.6418355698328553,-0.06977975377070939
2.037999999999997,0.3841487034638789,-0.649760964826285,-0.06452251920970464
2.039999999999997,0.3828412899182966,-0.657648400432944,-0.059268221050736425
2.0419999999999967,0.38151813971633536,-0.6654975686473492,-0.05401708970182456
2.0439999999999965,0.3801793296993547,-0.6733081630676924,-0.04876935539266075
2.0459999999999963,0.37882493731990413,-0.6810798789077604,-0.04352524816550851
2.047999999999996,0.37745504063848007,-0.6888124130089658,-0.03828499786602391
2.049999999999996,0.3760697183202585,-0.6965054638524847,-0.033048834133997174
2.0519999999999956,0.37466904963180303,-0.7041587315715044,-0.02781698639401614
2.0539999999999954,0.37325311443774895,-0.711771917963576,-0.022589683846050812
2.055999999999995,0.3718219931974616,-0.7193447265030718,-0.01736715545596096
2.057999999999995,0.3703757669616705,-0.7268768623537467,-0.012149629945925722
2.0599999999999947,0.3689145173690778,-0.7343680323814008,-0.006937335784797161
2.0619999999999945,0.3674383266429415,-0.7418179451666423,-0.0017305011783774193
2.0639999999999943,0.365947277587633,-0.7492263110177491,0.0034706459403796575
2.065999999999994,0.3644414535851688,-0.756592841983626,0.008665877921241516
2.067999999999994,0.3629209385917161,-0.7639172518668578,0.013854967406644214
2.0699999999999936,0.3613858171340726,-0.7711992562368543,0.019037687341712795
2.0719999999999934,0.35983617430611936,-0.7784385724430865,0.024213810984354545
2.073999999999993,0.3582720957652476,-0.7856349196284111,0.029383111915423865
2.075999999999993,0.3566936677287582,-0.792788018742482,0.03454536404895797
2.0779999999999927,0.35510097697023507,-0.799897592555245,0.03970034164248276
2.0799999999999925,0.3534941108158906,-0.8069633656705159,0.044847819307387404
2.0819999999999923,0.3518731571408846,-0.813985064539637,0.04998757201936732
2.083999999999992,0.3502382043656152,-0.8209624174752116,0.055119375128933945
2.085999999999992,0.34858934145198295,-0.8278951546649121,0.060243004371990594
2.0879999999999916,0.34692665789962646,-0.8347830081853618,0.06535823588047313
2.0899999999999914,0.34525024374213065,-0.8416257120160839,0.07046484619305443
2.091999999999991,0.3435601895432071,-0.8484230020535198,0.07556261226591132
2.093999999999991,0.341856586392846,-0.8551746161251095,0.08065131148355281
2.0959999999999908,0.34013952590344004,-0.8618802940034337,0.08573072166970874
2.0979999999999905,0.33840910020588,-0.8685397774204149,0.0908006210982768
2.0999999999999903,0.3366654019456217,-0.8751528100815728,0.09586078850432744
2.10199999999999,0.3349085242787248,-0.8817191376803325,0.10091100309516465
2.10399999999999,0.33313856086786225,-0.8882385079123827,0.10595104456144144
2.1059999999999897,0.33135560587830165,-0.8947106704900786,0.11098069308832909
2.1079999999999894,0.3295597539738574,-0.9011353771568893,0.11599972936673764
2.109999999999989,0.32775110031281396,-0.907512381701884,0.12100793460458725
2.111999999999989,0.32592974054382023,-0.9138414399742553,0.12600509053812803
2.1139999999999888,0.32409577080175467,-0.9201223098978754,0.1309909794433074
2.1159999999999886,0.32224928770356137,-0.9263547514858822,0.135965384147183
2.1179999999999883,0.3203903883440569,-0.9325385268552919,0.14092808803937973
2.119999999999988,0.3185191702917081,-0.9386734002416345,0.14587887508358904
2.121999999999988,0.31663573158438024,-0.9447591380136081,0.15081752982910912
2.1239999999999877,0.3147401707250559,-0.9507955086877503,0.15574383742242381
2.1259999999999875,0.3128325866775249,-0.9567822829431206,0.16065758361881927
2.1279999999999872,0.3109130788620444,-0.9627192336359919,0.16555855479403542
2.129999999999987,0.3089817471509698,-0.9686061358145468,0.17044653795595155
2.131999999999987,0.30703869186435634,-0.9744427667335753,0.17532132075630358
2.1339999999999866,0.30508401376553096,-0.9802289058691694,0.18018269150243132
2.1359999999999864,0.30311781405663524,-0.9859643349334114,0.18503043916905376
2.137999999999986,0.30114019437413864,-0.9916488378890522,0.18986435341007046
2.139999999999986,0.2991512567843225,-0.9972822009641751,0.19468422457038748
2.1419999999999857,0.2971511037787347,-1.0028642126668414,0.19948984369776507
2.1439999999999855,0.2951398382696153,-1.0083946637997152,0.204281002554686
2.1459999999999853,0.2931175635852924,-1.0138733474746597,0.20905749363024229
2.147999999999985,0.2910843834655494,-1.0193000591273065,0.21381911015203747
2.149999999999985,0.2890404020569628,-1.0246745965315884,0.21856564609810386
2.1519999999999846,0.28698572390821125,-1.029996759814236,0.22329689620883142
2.1539999999999844,0.2849204539653554,-1.035266351469231,0.2280126559989068
2.155999999999984,0.2828446975670891,-1.040483176372213,0.2327127217692601
2.157999999999984,0.28075856043996134,-1.045647041794838,0.23739689061901748
2.1599999999999837,0.2786621486935705,-1.0507577574190798,0.24206496045745768
2.1619999999999835,0.2765555688157289,-1.0558151353514746,0.24671673001596944
2.1639999999999833,0.27443892766760003,-1.0608189901373022,0.2513519988600084
2.165999999999983,0.2723123324788065,-1.0657691387747,0.25597056740105106
2.167999999999983,0.27017589084251037,-1.0706654007287062,0.2605722369085435
2.1699999999999826,0.26802971071046555,-1.0755075979452284,0.26515680952184273
2.1719999999999824,0.26587390038804204,-1.0802955548649311,0.26972408826214866
2.173999999999982,0.26370856852922264,-1.0850290984370403,0.2742738770444235
2.175999999999982,0.261533824131572,-1.0897080581330607,0.2788059806892975
2.1779999999999817,0.2593497765311785,-1.0943322659603996,0.28332020493495835
2.1799999999999815,0.257156535397569,-1.0989015564758948,0.28781635644902126
2.1819999999999813,0.25495421072859636,-1.1034157667992435,0.2922942428403784
2.183999999999981,0.2527429128453005,-1.1078747366263229,0.29675367267102537
2.185999999999981,0.25052275238674276,-1.1122783082424055,0.30119445546786094
2.1879999999999806,0.24829384030481413,-1.116626326535259,0.30561640173446
2.1899999999999804,0.24605628785901704,-1.120918639008129,0.3100193229628153
2.19199999999998,0.24381020661122163,-1.1251550957926009,0.31440303164504746
2.19399999999998,0.2415557084203964,-1.1293355496613358,0.3187673412850788
2.1959999999999797,0.23929290543731332,-1.1334598560406755,0.32311206641027146
2.1979999999999795,0.23702191009922804,-1.1375278730231146,0.32743702258302443
2.1999999999999793,0.23474283512453517,-1.1415394613796344,0.3317420264123293
2.201999999999979,0.2324557935073992,-1.1454944845718933,0.336026895565282
2.203999999999979,0.23016089851236096,-1.1493928087642724,0.34029144877854745
2.2059999999999786,0.2278582636689204,-1.1532343028357692,0.3445355058697752
2.2079999999999784,0.22554800276609543,-1.157018838391738,0.34875888774896424
2.209999999999978,0.22323022984695773,-1.1607462897754706,0.3529614164297735
2.211999999999978,0.2209050592031454,-1.164416534079616,0.35714291504077755
2.2139999999999778,0.21857260536935294,-1.1680294511574318,0.3613032078366626
2.2159999999999775,0.21623298311779898,-1.1715849236338671,0.36544212020936295
2.2179999999999773,0.2138863074526719,-1.1750828369164696,0.3695594786991346
2.219999999999977,0.21153269360455393,-1.1785230792061152,0.3736551110055629
2.221999999999977,0.2091722570248239,-1.181905541507556,0.37772884599850365
2.2239999999999767,0.20680511338003907,-1.185230117639781,0.38178051372895405
2.2259999999999764,0.20443137854629653,-1.18849670424619,0.3858099454398515
2.227999999999976,0.2020511686035743,-1.1917052008045714,0.38981697357679845
2.229999999999976,0.1996645998300528,-1.1948555096368845,0.3938014317987114
2.231999999999976,0.19727178869641682,-1.1979475359188414,0.39776315498838943
2.2339999999999756,0.1948728518601387,-1.2009811876892844,0.4017019792630039
2.2359999999999753,0.1924679061597428,-1.2039563758593559,0.4056177419845035
2.237999999999975,0.19005706860905192,-1.206873014221457,0.40951028176993515
2.239999999999975,0.18764045639141605,-1.2097310194579918,0.4133794385016766
2.2419999999999747,0.18521818685392377,-1.212530311149894,0.41722505333757987
2.2439999999999745,0.18279037750159685,-1.2152708117849311,0.4210469687210232
2.2459999999999742,0.18035714599156843,-1.2179524467657858,0.4248450283908687
2.247999999999974,0.17791861012724544,-1.220575144417908,0.4286190773913245
2.249999999999974,0.17547488785245524,-1.223138835997137,0.4323689620817086
2.2519999999999736,0.17302609724557755,-1.2256434556970892,0.4360945301461132
2.2539999999999734,0.17057235651366162,-1.228088940656309,0.43979563060296706
2.255999999999973,0.16811378398652946,-1.230475230965179,0.4434721138144928
2.257999999999973,0.1656504981108655,-1.2328022696725887,0.44712383149606005
2.2599999999999727,0.16318261744429302,-1.2350700027923556,0.4507506367254288
2.2619999999999725,0.1607102606494382,-1.2372783793093989,0.45435238395188476
2.2639999999999723,0.15823354648798182,-1.2394273511856615,0.4579289290052613
2.265999999999972,0.1557525938146997,-1.2415168733657782,0.4614801291048489
2.267999999999972,0.1532675215714916,-1.2435469037824871,0.4650058428681894
2.2699999999999716,0.1507784487814001,-1.2455174033617824,0.46850593031975196
2.2719999999999714,0.14828549454261894,-1.2474283360278047,0.4719802528994911
2.273999999999971,0.14578877802249218,-1.2492796687074688,0.47542867347128337
2.275999999999971,0.14328841845150422,-1.2510713713348245,0.4788510563312422
2.2779999999999707,0.14078453511726138,-1.2528034168551487,0.48224726721590805
2.2799999999999705,0.13827724735846558,-1.254475781228768,0.48561717331031296
2.2819999999999703,0.13576667455888067,-1.2560884434346071,0.48896064325591837
2.28399999999997,0.1332529361412919,-1.257641385473465,0.49227754715842287
2.28599999999997,0.13073615156145918,-1.2591345923710116,0.49556775659544056
2.2879999999999696,0.12821644030206444,-1.260568052180509,0.4988311446240466
2.2899999999999694,0.12569392186665415,-1.2619417559852504,0.50206758578819
2.291999999999969,0.12316871577357692,-1.2632556979007181,0.505276956125971
2.293999999999969,0.12064094154991724,-1.2645098750764583,0.5084591331767822
2.2959999999999687,0.11811071872542571,-1.2657042876976705,0.5116139959883119
2.2979999999999685,0.11557816682644642,-1.266838938986511,0.5147414251234096
2.2999999999999683,0.11304340536984193,-1.2679138352031079,0.5178413026668091
2.301999999999968,0.1105065538569166,-1.2689289856462889,0.520913512231712
2.303999999999968,0.10796773176733866,-1.2698844026540166,0.5239579389662279
2.3059999999999676,0.10542705855306178,-1.2707801016035343,0.5269744695596696
2.3079999999999674,0.10288465363224661,-1.2716161009112186,0.5299629922487054
2.309999999999967,0.10034063638318289,-1.2723924220321399,0.5329233968233626
2.311999999999967,0.09779512613821274,-1.2731090894593275,0.535855574632887
2.3139999999999668,0.09524824217765579,-1.273766130722741,0.538759418591451
2.3159999999999665,0.09270010372373652,-1.274363576387946,0.5416348231837147
2.3179999999999663,0.09015082993451466,-1.2749014600544928,0.5444816844702365
2.319999999999966,0.08760053989781907,-1.2753798183540006,0.5472999000927318
2.321999999999966,0.08504935262518579,-1.2757986909479428,0.5500893692791813
2.3239999999999656,0.08249738704580079,-1.2761581205251364,0.5528499928487857
2.3259999999999654,0.07994476200044802,-1.276458152798933,0.5555816732167674
2.327999999999965,0.07739159623546343,-1.2766988365041125,0.5582843143990185
2.329999999999965,0.07483800839669548,-1.27688022339348,0.5609578220165928
2.3319999999999648,0.07228411702347269,-1.2770023682341631,0.5636021033000445
2.3339999999999645,0.06973004054257899,-1.2770653288036136,0.5662170670936089
2.3359999999999643,0.0671758972622373,-1.2770691658853106,0.5688026238592278
2.337999999999964,0.06462180536610204,-1.2770139432641674,0.571358685680418
2.339999999999964,0.0620678829072611,-1.2768997277216414,0.5738851662659816
2.3419999999999637,0.05951424780224785,-1.2767265890305477,0.5763819809535596
2.3439999999999634,0.05696101782506392,-1.2764945999495765,0.578849046713026
2.3459999999999632,0.05440831060121315,-1.2762038362175174,0.5812862821497243
2.347999999999963,0.0518562436017474,-1.2758543765471868,0.5836936075075456
2.349999999999963,0.04930493413732483,-1.2754463026190643,0.586070944671846
2.3519999999999626,0.046754499352281195,-1.2749796990746345,0.5884182171722073
2.3539999999999623,0.04420505621871472,-1.2744546535094383,0.5907353501850361
2.355999999999962,0.041656721530585174,-1.2738712564658339,0.5930222705360044
2.357999999999962,0.03910961189782773,-1.2732296014254672,0.5952789067023317
2.3599999999999617,0.03656384374048216,-1.2725297848014547,0.5975051888149059
2.3619999999999615,0.034019533282837945,-1.2717719059302806,0.5997010486602452
2.3639999999999612,0.03147679654759589,-1.2709560670634057,0.6018664196823024
2.365999999999961,0.028935749350046766,-1.270082373358595,0.604001236984107
2.367999999999961,0.02639650729226767,-1.269150932870962,0.6061054373292508
2.3699999999999606,0.02385918575733647,-1.2681618565437307,0.6081789591432133
2.3719999999999604,0.021323899903565063,-1.2671152581987208,0.6102217425145289
2.37399999999996,0.01879076465875195,-1.2660112545265545,0.6122337291957953
2.37599999999996,0.016259894714454635,-1.2648499650765865,0.6142148626045253
2.3779999999999597,0.013731404520282462,-1.2636315122465631,0.6161650878238386
2.3799999999999595,0.01120540827821041,-1.262356021272008,0.6180843516029991
2.3819999999999593,0.008682019936914365,-1.2610236202153382,0.6199726023577936
2.383999999999959,0.006161353186128444,-1.2596344399547148,0.6218297901707548
2.385999999999959,0.0036435214510248796,-1.2581886141726266,0.623655866791229
2.3879999999999586,0.001128637886616999,-1.2566862793442115,0.6254507856352884
2.3899999999999584,-0.0013831846278141808,-1.2551275747253186,0.6272145017854888
2.391999999999958,-0.00389183349426922,-1.2535126423403105,0.6289469719904734
2.393999999999958,-0.0063971964015548735,-1.251841626969612,0.6306481546644245
2.3959999999999577,-0.008899161330783553,-1.2501146761370048,0.6323180098863609
2.3979999999999575,-0.011397616560847127,-1.2483319400966721,0.6339564993992859
2.3999999999999573,-0.013892450673864564,-1.246493571819996,0.6355635866091832
2.401999999999957,-0.01638355256060292,-1.24459972698211,0.6371392365838626
2.403999999999957,-0.0188708114258712,-1.2426505639482095,0.6386834160516579
2.4059999999999566,-0.021354116793886584,-1.240646243759623,0.640196093399976
2.4079999999999564,-0.023833358513612575,-1.2385869301196486,0.6416772386736981
2.409999999999956,-0.026308426764068575,-1.2364727893791547,0.6431268235734369
2.411999999999956,-0.028779212059610447,-1.2343039905219533,0.6445448214536459
2.4139999999999557,-0.031245605255181573,-1.232080705149945,0.6459312073205871
2.4159999999999555,-0.033707497551533995,-1.2298031074680407,0.6472859578301541
2.4179999999999553,-0.03616478050041918,-1.227471374268862,0.6486090512855543
2.419999999999955,-0.03861734600974795,-1.225085684917226,0.6499004676348502
2.421999999999955,-0.04106508634871919,-1.2226462213344136,0.651160188468361
2.4239999999999546,-0.04350789415291688,-1.2201531679822297,0.652388197015926
2.4259999999999544,-0.04594566242937499,-1.2176067118468548,0.6535844781440318
2.427999999999954,-0.048378284561609974,-1.2150070424224928,0.6547490183528024
2.429999999999954,-0.050805654314620245,-1.2123543516948194,0.6558818057728564
2.4319999999999538,-0.05322766583985243,-1.2096488341242329,0.65698283016203
2.4339999999999535,-0.055644213680133905,-1.2068906866289124,0.6580520829019688
2.4359999999999533,-0.05805519277457126,-1.2040801085676864,0.6590895569945902
2.437999999999953,-0.060460498463414294,-1.2012173017227155,0.6600952470584145
2.439999999999953,-0.06286002649288523,-1.198302470281992,0.661069149324772
2.4419999999999527,-0.06525367301997274,-1.1953358208216631,0.6620112616338812
2.4439999999999524,-0.06764133461719041,-1.1923175622881776,0.6629215834308043
2.445999999999952,-0.07002290827729934,-1.189247905980262,0.6638001157612792
2.447999999999952,-0.0723982914179946,-1.18612706553073,0.6646468612674303
2.4499999999999518,-0.07476738188655499,-1.1829552568881283,0.6654618241833596
2.4519999999999516,-0.07713007796445609,-1.1797326982982228,0.6662450103306191
2.4539999999999513,-0.07948627837194602,-1.1764596102853297,0.6669964271135675
2.455999999999951,-0.08183588227258377,-1.173136215633495,0.6677160835146109
2.457999999999951,-0.08417878927773971,-1.1697627393675258,0.6684039900893313
2.4599999999999507,-0.08651489945105802,-1.1663394087338779,0.6690601589615026
2.4619999999999505,-0.08884411331288075,-1.1628664531814041,0.669684603817997
2.4639999999999502,-0.09116633184463328,-1.1593441043419663,0.6702773399035828
2.46599999999995,-0.09348145649317083,-1.1557725960109158,0.6708383840156165
2.46799999999995,-0.0957893891750858,-1.1521521641274455,0.6713677544986287
2.4699999999999496,-0.0980900322809757,-1.1484830467548193,0.6718654712388086
2.4719999999999493,-0.10038328867967147,-1.1447654840604806,0.6723315556583853
2.473999999999949,-0.1026690617224258,-1.1409997182960454,0.6727660307099118
2.475999999999949,-0.10494725524706143,-1.1371859937771838,0.6731689208704486
2.4779999999999487,-0.10721777358207897,-1.133324556863394,0.6735402521356533
2.4799999999999485,-0.10948052155072434,-1.1294156559376725,0.673880052013776
2.4819999999999482,-0.11173540447501529,-1.1254595413860844,0.6741883495195605
2.483999999999948,-0.11398232817972706,-1.1214564655772392,0.6744651751680575
2.485999999999948,-0.11622119899633687,-1.1174066828416733,0.6747105609683467
2.4879999999999476,-0.11845192376692709,-1.1133104494511474,0.6749245404171735
2.4899999999999474,-0.12067440984804688,-1.1091680235978587,0.6751071484925009
2.491999999999947,-0.12288856511453225,-1.104979665373574,0.6752584216469762
2.493999999999947,-0.12509429796328428,-1.1007456367486883,0.6753783978013193
2.4959999999999467,-0.12729151731700533,-1.0964662015512119,0.6754671163376285
2.4979999999999465,-0.12948013262789326,-1.092141625445689,0.6755246180926113
2.4999999999999463,-0.13166005388129334,-1.0877721759120542,0.6755509453507378
2.501999999999946,-0.1338311915993078,-1.083358122224429,0.6755461418373204
2.503999999999946,-0.13599345684436306,-1.0788997354298635,0.6755102527115223
2.5059999999999456,-0.13814676122273417,-1.074397288327026,0.6754433245592948
2.5079999999999454,-0.1402910168880268,-1.0698510554448457,0.6753454053862472
2.509999999999945,-0.1424261365446163,-1.0652613130211106,0.6752165446104497
2.511999999999945,-0.144552033451044,-1.0606283389810272,0.6750567930551716
2.5139999999999447,-0.14666862142337064,-1.0559524129157434,0.6748662029415575
2.5159999999999445,-0.14877581483848665,-1.0512338160608394,0.6746448278812424
2.5179999999999443,-0.15087352863737954,-1.0464728312747906,0.6743927228689064
2.519999999999944,-0.15296167832835816,-1.041669743017406,0.6741099442747749
2.521999999999944,-0.15504017999023376,-1.0368248373282458,0.6737965498370612
2.5239999999999436,-0.15710895027545788,-1.0319384018050222,0.6734525986543567
2.5259999999999434,-0.1591679064132171,-1.0270107255819871,0.673078151177969
2.527999999999943,-0.16121696621248444,-1.0220420993083101,0.6726732692042107
2.529999999999943,-0.1632560480650276,-1.0170328151264498,0.6722380158666394
2.5319999999999427,-0.16528507094837397,-1.0119831666505243,0.6717724556282525
2.5339999999999425,-0.1673039544287322,-1.0068934489446821,0.6712766542736361
2.5359999999999423,-0.16931261866387073,-1.0017639585014773,0.6707506789010733
2.537999999999942,-0.171310984405953,-0.996594993220254,0.6701945979146093
2.539999999999942,-0.17329897300432928,-0.9913868523855422,0.6696084810160801
2.5419999999999416,-0.1752765064082857,-0.9861398366454684,0.6689923991971004
2.5439999999999414,-0.17724350716974965,-0.9808542479901853,0.6683464247310199
2.545999999999941,-0.17919989844595235,-0.9755303897303229,0.6676706311648423
2.547999999999941,-0.18114560400204838,-0.9701685664754656,0.6669650933111138
2.5499999999999408,-0.18308054821369193,-0.9647690841126567,0.6662298872397812
2.5519999999999405,-0.18500465606957037,-0.9593322497849358,0.6654650902700203
2.5539999999999403,-0.18691785317389475,-0.9538583718699094,0.6646707809620382
2.55599999999994,-0.18882006574884763,-0.9483477599583613,0.6638470391088495
2.55799999999994,-0.19071122063698792,-0.9428007248329027,0.6629939457280283
2.5599999999999397,-0.19259124530361338,-0.937217578446667,0.6621115830534392
2.5619999999999394,-0.19446006783908035,-0.9315986339020514,0.6612000345269469
2.563999999999939,-0.196317616961081,-0.925944205429509,0.660259384790106
2.565999999999939,-0.19816382201687838,-0.9202546083663927,0.6592897196758355
2.5679999999999388,-0.19999861298549906,-0.9145301591358563,0.6582911262000748
2.5699999999999386,-0.2018219204798837,-0.9087711752258129,0.6572636925534272
2.5719999999999383,-0.2036336757489956,-0.9029779751679549,0.6562075080927902
2.573999999999938,-0.20543381067988725,-0.8971508785168386,0.655122663332973
2.575999999999938,-0.2072222577997253,-0.8912902058290344,0.6540092499383066
2.5779999999999377,-0.20899895027777377,-0.8853962786423466,0.6528673607142426
2.5799999999999375,-0.21076382192733578,-0.879469419455105,0.6516970895989471
2.5819999999999372,-0.21251680720765398,-0.8735099517055304,0.6504985316548884
2.583999999999937,-0.21425784122576974,-0.8675181997511767,0.6492717830604191
2.585999999999937,-0.21598685973834134,-0.8614944888484524,0.6480169411013581
2.5879999999999366,-0.21770379915342128,-0.8554391451322223,0.6467341041625675
2.5899999999999364,-0.21940859653219288,-0.8493524955954942,0.6454233717195325
2.591999999999936,-0.2211011895906663,-0.8432348680691898,0.64408484432994
2.593999999999936,-0.2227815167013342,-0.8370865912020045,0.6427186236252612
2.5959999999999357,-0.22444951689478726,-0.8309079944403565,0.6413248123023364
2.5979999999999355,-0.22610512986128967,-0.8246994080084283,0.6399035141149655
2.5999999999999353,-0.22774829595231472,-0.8184611628883022,0.6384548338655038
2.601999999999935,-0.22937895618204088,-0.8121935908001905,0.6369788773964657
2.603999999999935,-0.23099705222880834,-0.8058970241827653,0.6354757515821361
2.6059999999999346,-0.23260252643653634,-0.7995717961735865,0.633945564320191
2.6079999999999344,-0.2341953218161015,-0.7932182405896311,0.6323884245233296
2.609999999999934,-0.23577538204667725,-0.7868366919079259,0.630804442110917
2.611999999999934,-0.23734265147703462,-0.7804274852462849,0.6291937280006402
2.6139999999999337,-0.2388970751268047,-0.773990956344152,0.627556394100177
2.6159999999999335,-0.2404385986877028,-0.7675274415435522,0.6258925532988807
2.6179999999999333,-0.24196716852471464,-0.7610372777701516,0.6242023194594789
2.619999999999933,-0.24348273167724488,-0.7545208025144277,0.6224858074097904
2.621999999999933,-0.2449852358602279,-0.7479783538129517,0.6207431329344587
2.6239999999999326,-0.24647462946520146,-0.7414102702297846,0.6189744127667038
2.6259999999999324,-0.24795086156134302,-0.7348168908379858,0.6171797645800937
2.627999999999932,-0.24941388189646957,-0.7281985552012398,0.6153593069803359
2.629999999999932,-0.25086364089800045,-0.7215556033555969,0.6135131594970895
2.6319999999999317,-0.2523000896738839,-0.7148883757913337,0.6116414425757989
2.6339999999999315,-0.25372318001348765,-0.7081972134349311,0.6097442775695507
2.6359999999999313,-0.2551328643884532,-0.7014824576311721,0.6078217867309532
2.637999999999931,-0.25652909595351475,-0.6947444501253601,0.6058740932040392
2.639999999999931,-0.2579118285472826,-0.6879835330456588,0.6039013210161948
2.6419999999999306,-0.2592810166929912,-0.6812000488855541,0.601903595070112
2.6439999999999304,-0.26063661559921236,-0.674394340486438,0.5998810411357682
2.64599999999993,-0.26197858116053385,-0.6675667510203174,0.5978337858424314
2.64799999999993,-0.26330686995820346,-0.6607176239726456,0.5957619566706925
2.6499999999999297,-0.2646214392607387,-0.6538473031252792,0.5936656819445263
2.6519999999999295,-0.2659222470245028,-0.6469561325395599,0.5915450908233784
2.6539999999999293,-0.2672092518942467,-0.6400444565395214,0.5894003132942827
2.655999999999929,-0.26848241320361804,-0.6331126196952228,0.5872314801640074
2.657999999999929,-0.26974169097563633,-0.6261609668062083,0.5850387230512295
2.6599999999999286,-0.27098704592313566,-0.6191898428850924,0.5828221743787405
2.6619999999999284,-0.27221843944917457,-0.6121995931412733,0.5805819673656818
2.663999999999928,-0.27343583364741336,-0.605190562964772,0.5783182360198111
2.665999999999928,-0.27463919130245923,-0.5981630979101993,0.5760311151297994
2.6679999999999278,-0.27582847589017967,-0.5911175436808491,0.5737207402575588
2.6699999999999275,-0.27700365157798396,-0.5840542461129197,0.5713872477306042
2.6719999999999273,-0.2781646832250733,-0.5769735511598613,0.5690307746344438
2.673999999999927,-0.2793115363826598,-0.5698758048768515,0.566651458805004
2.675999999999927,-0.28044417729415455,-0.562761353405397,0.5642494388210856
2.6779999999999267,-0.2815625728953248,-0.5556305429580621,0.5618248539968531
2.6799999999999264,-0.28266669081442125,-0.5484837198033239,0.5593778443743559
2.681999999999926,-0.28375649937227443,-0.5413212302505537,0.5569085507160831
2.683999999999926,-0.28483196758236196,-0.5341434206351241,0.5544171144975513
2.685999999999926,-0.28589306515084556,-0.5269506373036421,0.551903677899924
2.6879999999999256,-0.2869397624765789,-0.5197432265993069,0.5493683838026666
2.6899999999999253,-0.2879720306510861,-0.5125215348473928,0.5468113757762323
2.691999999999925,-0.2889898414585119,-0.5052859083408555,0.5442327980747825
2.693999999999925,-0.28999316737554226,-0.49803669332606343,0.5416327956289397
2.6959999999999247,-0.29098198157129723,-0.4907742359886509,0.539011514038574
2.6979999999999245,-0.2919562579071955,-0.4834988824394943,0.5363690995656227
2.6999999999999242,-0.2929159709367908,-0.4762109787008102,0.5337056991269427
2.701999999999924,-0.29386109590558096,-0.46891087069237425,0.5310214602871959
2.703999999999924,-0.2947916087507892,-0.4615989042178606,0.5283165312517681
2.7059999999999236,-0.2957074861011184,-0.45427542495130097,0.5255910608597195
2.7079999999999234,-0.29660870527647853,-0.4469407784236624,0.5228451985767689
2.709999999999923,-0.29749524428768703,-0.439595310009543,0.5200790944883098
2.711999999999923,-0.2983670818361428,-0.4322393649139845,0.5172928992924586
2.7139999999999227,-0.29922419731347427,-0.42487328815940145,0.514486764293135
2.7159999999999225,-0.30006657080116095,-0.4174974245726249,0.511660841393175
2.7179999999999223,-0.3008941830701295,-0.4101121187720607,0.5088152830874734
2.719999999999922,-0.3017070155803241,-0.4027177151549609,0.5059502424561598
2.721999999999922,-0.30250505048025145,-0.3953145578848069,0.5030658731578046
2.7239999999999216,-0.30328827060650093,-0.38790299087880387,0.5001623294226549
2.7259999999999214,-0.30405665948323934,-0.38048335779548514,0.49723976604590286
2.727999999999921,-0.30481020132168146,-0.3730560020224249,0.4942983383809819
2.729999999999921,-0.30554888101953587,-0.36562126666405886,0.49133820233289394
2.7319999999999207,-0.3062726841604265,-0.35817949452961095,0.4883595143515653
2.7339999999999205,-0.30698159701329053,-0.35073102812112533,0.485362431425232
2.7359999999999203,-0.30767560653175174,-0.34327620962160205,0.4823471110738532
2.73799999999992,-0.3083547003534709,-0.3358153808832354,0.47931371134255274
2.73999999999992,-0.3090188667994724,-0.32834888341575363,0.4762623907950886
2.7419999999999196,-0.3096680948734478,-0.3208770583748581,0.4731933085073492
2.7439999999999194,-0.3103023742610363,-0.3134002465507616,0.4701066240608769
2.745999999999919,-0.31092169532908226,-0.3059187883568235,0.4670024975364171
2.747999999999919,-0.3115260491248704,-0.29843302381828074,0.463881089507494
2.7499999999999187,-0.31211542737533826,-0.2909432925610732,0.4607425610340108
2.7519999999999185,-0.3126898224862664,-0.28344993380076206,0.45758707365587487
2.7539999999999183,-0.31324922754144696,-0.27595328633153954,0.4544147893866475
2.755999999999918,-0.31379363630182966,-0.26845368851532875,0.45122587070721676
2.757999999999918,-0.3143230432046466,-0.26095147827097187,0.44802048055949406
2.7599999999999176,-0.31483744336251546,-0.2534469930635056,0.44479878234013254
2.7619999999999174,-0.31533683256252104,-0.2459405698935218,0.44156093989426826
2.763999999999917,-0.3158212072652759,-0.2384325452866123,0.438307117509282
2.765999999999917,-0.3162905646039599,-0.23092325528289603,0.43503747990858205
2.7679999999999167,-0.3167449023833388,-0.2234130354266269,0.4317521922454079
2.7699999999999165,-0.31718421907876226,-0.21590222075588122,0.42845142009665227
2.7719999999999163,-0.31760851383514116,-0.20839114579232246,0.42513532945670285
2.773999999999916,-0.31801778646590473,-0.20088014453104228,0.4218040867313024
2.775999999999916,-0.31841203745193714,-0.1933695504304761,0.4184578587314259
2.7779999999999156,-0.3187912679404943,-0.1858596964023915,0.4150968126671752
2.7799999999999154,-0.3191554797441005,-0.17835091480194779,0.41172111614169005
2.781999999999915,-0.3195046753394255,-0.17084353741782538,0.4083309371450744
2.783999999999915,-0.31983885786614147,-0.16333789546242303,0.4049264440483382
2.7859999999999148,-0.3201580311257608,-0.15583431956212165,0.401507805597353
2.7879999999999145,-0.3204621995804545,-0.14833313974761264,0.39807519090682164
2.7899999999999143,-0.32075136835185114,-0.1408346854442895,0.39462876945426084
2.791999999999914,-0.3210255432198165,-0.13333928546270088,0.39116871107399587
2.793999999999914,-0.32128473062121476,-0.12584726798906332,0.387695185951167
2.7959999999999137,-0.32152893764865004,-0.11835896057583241,0.3842083646157464
2.7979999999999134,-0.3217581720491898,-0.1108746901323303,0.38070841793656623
2.7999999999999132,-0.3219724422230689,-0.10339478291542814,0.37719551711535493
2.801999999999913,-0.3221717572223759,-0.09591956452028189,0.373669833680783
2.803999999999913,-0.3223561267497199,-0.08844935987111957,0.37013153948251687
2.8059999999999126,-0.3225255611568799,-0.08098449321207869,0.3665808066852797
2.8079999999999123,-0.32268007144343536,-0.07352528809809196,0.36301780776291925
2.809999999999912,-0.3228196692553786,-0.06607206738581967,0.35944271549248136
2.811999999999912,-0.3229443668837094,-0.058625153224627316,0.3558557029482884
2.8139999999999117,-0.3230541772630115,-0.051184867047606705,0.3522569434960231
2.8159999999999115,-0.32314911397001084,-0.04375152956263892,0.34864661078681486
2.8179999999999112,-0.3232291912221164,-0.03632546074349765,0.3450248787513303
2.819999999999911,-0.3232944238759431,-0.028906979820991243,0.3413919215938652
2.821999999999911,-0.3233448274258171,-0.021496405274141924,0.3377479137864387
2.8239999999999106,-0.32338041800226336,-0.014094054821400581,0.33409303006288804
2.8259999999999104,-0.3234012123704757,-0.006700245411895615,0.33042744541296365
2.82799999999991,-0.32340722792876964,0.0006847067832857195,0.3267513350764235
2.82999999999991,-0.3233984827070174,0.008060486379785015,0.3230648745371268
2.8319999999999097,-0.3233749953650658,0.015426778788630933,0.3193682395171249
2.8339999999999095,-0.3233367851911372,0.022783270224869517,0.3156616059707503
2.8359999999999093,-0.32328387210021226,0.03012964771616798,0.31194515007870244
2.837999999999909,-0.32321627663239666,0.037465599111393556,0.30821904824212826
2.839999999999909,-0.32313401995126984,0.04479081308916877,0.30448347707669987
2.8419999999999086,-0.323037123842217,0.05210497916640463,0.30073861340668545
2.8439999999999084,-0.32292561071074416,0.059407787706813125,0.29698463425901467
2.845999999999908,-0.3227995035807759,0.06669892992940045,0.2932217168573376
2.847999999999908,-0.3226588260929364,0.07397809791694233,0.2894500386160757
2.8499999999999077,-0.3225036025028133,0.08124498462444284,0.28566977713446523
2.8519999999999075,-0.3223338576792049,0.08849928388757798,0.28188111019059187
2.8539999999999073,-0.3221496171023505,0.09574069043112547,0.2780842157354159
2.855999999999907,-0.3219509068621436,0.10296889987738192,0.2742792718867878
2.857999999999907,-0.32173775365632845,0.11018360875456877,0.27046645692345267
2.8599999999999066,-0.32151018478867993,0.11738451450522817,0.26664594927904406
2.8619999999999064,-0.32126822816716644,0.12457131549461012,0.26281792753606587
2.863999999999906,-0.3210119123020962,0.131743711019052,0.2589825704198614
2.865999999999906,-0.3207412663042465,0.13890140131435175,0.2551400567925702
2.8679999999999057,-0.3204563198829767,0.14604408756413584,0.25129056564707064
2.8699999999999055,-0.32015710334432396,0.15317147190822317,0.24743427610090876
2.8719999999999053,-0.3198436475890826,0.16028325745098598,0.24357136739021237
2.873999999999905,-0.31951598411086674,0.16737914826970887,0.23970201886358963
2.875999999999905,-0.3191741449941558,0.1744588494229471,0.23582640997601229
2.8779999999999046,-0.318818162912324,0.18152206695888498,0.23194472028268226
2.8799999999999044,-0.3184480711256525,0.18856850792369567,0.22805712943288153
2.881999999999904,-0.31806390347932506,0.19559788036990303,0.22416381716380465
2.883999999999904,-0.3176656944014072,0.2026098933647467,0.22026496329437356
2.8859999999999038,-0.317253478900808,0.20960425699855126,0.21636074771903385
2.8879999999999035,-0.31682729256522607,0.2165806823931004,0.2124513504015324
2.8899999999999033,-0.3163871715590778,0.22353888171001698,0.20853695136867587
2.891999999999903,-0.31593315262140953,0.23047856815914955,0.2046177307040693
2.893999999999903,-0.3154652730637927,0.2373994560069666,0.20069386854183474
2.8959999999999027,-0.31498357076820205,0.24430126058495902,0.19676554506030938
2.8979999999999024,-0.31448808418487745,0.2511836982980514,0.19283294047572253
2.899999999999902,-0.3139788523301684,0.2580464866330235,0.18889623503585173
2.901999999999902,-0.31345591478436197,0.2648893441669412,0.18495560901365668
2.9039999999999018,-0.3129193116894937,0.2717119905755997,0.18101124270089136
2.9059999999999016,-0.3123690837471419,0.27851414664197743,0.17706331640169387
2.9079999999999013,-0.31180527221620447,0.2852955342647026,0.17311201042615318
2.909999999999901,-0.31122791891065954,0.2920558764665326,0.16915750508385316
2.911999999999901,-0.31063706619730846,0.29879489740284637,0.16519998067739325
2.9139999999999007,-0.3100327569935021,0.3055123223701512,0.16123961749588528
2.9159999999999004,-0.30941503476485005,0.312207877814603,0.15727659580842648
2.9179999999999002,-0.30878394352291294,0.31888129134054194,0.15331109585754854
2.9199999999999,-0.3081395278228774,0.32553229171904263,0.14934329785264197
2.9219999999999,-0.307481832761214,0.33216060889648014,0.14537338196335609
2.9239999999998996,-0.30681090397331817,0.33876597400311137,0.14140152831297392
2.9259999999998993,-0.3061267876311339,0.34534811936167276,0.1374279169717625
2.927999999999899,-0.3054295304407598,0.3519067784959939,0.1334527279502975
2.929999999999899,-0.3047191796400389,0.3584416861396279,0.12947614119276288
2.9319999999998987,-0.30399578299613006,0.36495257824449845,0.12549833657022497
2.9339999999998985,-0.30325938880306275,0.3714391919895633,0.12151949387388084
2.9359999999998982,-0.30251004587927427,0.3779012657894951,0.11753979280828109
2.937999999999898,-0.30174780356512965,0.38433853930337875,0.11355941298452671
2.939999999999898,-0.3009727117204242,0.3907507534434262,0.10957853391344027
2.9419999999998976,-0.3001848207218684,0.397137650383708,0.10559733499871113
2.9439999999998974,-0.2993841814605555,0.403498973568902,0.10161599553001441
2.945999999999897,-0.29857084533941153,0.40983446772305876,0.0976346946761045
2.947999999999897,-0.29774486427062774,0.4161438788583839,0.09365361147788215
2.9499999999998967,-0.2969062906730756,0.42242695428403726,0.0896729248414358
2.9519999999998965,-0.296055177469704,0.42868344261494845,0.08569281353105698
2.9539999999998963,-0.2951915780849189,0.43491309378064846,0.08171345616222978
2.955999999999896,-0.2943155464419453,0.44111565903411787,0.07773503119459468
2.957999999999896,-0.2934271369601715,0.4472908909606503,0.07375771692488636
2.9599999999998956,-0.29252640455247547,0.45343854348673174,0.06978169147984634
2.9619999999998954,-0.2916134046225338,0.4595583718889348,0.0658071328091096
2.963999999999895,-0.2906881930621125,0.46565013280282763,0.06183421867806643
2.965999999999895,-0.28975082624834003,0.4717135842318975,0.057863126660698705
2.9679999999998947,-0.2888013610409626,0.4777484855564879,0.05389403413239127
2.9699999999998945,-0.28783985477958146,0.48375459754274913,0.049927118262718645
2.9719999999998943,-0.2868663652808725,0.48973168235160186,0.045962556008206895
2.973999999999894,-0.2858809508357875,0.49567950354771306,0.042000524105071574
2.975999999999894,-0.2848836702067379,0.5015978261084834,0.038041199061930986
2.9779999999998936,-0.28387458262476,0.5074864164330459,0.0340847571524962
2.9799999999998934,-0.28285374778666295,0.5133450423512754,0.030131374408237044
2.981999999999893,-0.28182122585215774,0.519173473132807,0.026181226611025232
2.983999999999893,-0.2807770774409691,0.5249714794960644,0.022234489285754222
2.9859999999998927,-0.2797213636299286,0.5307388336172958,0.018291337692936893
2.9879999999998925,-0.27865414595005017,0.5364753091396179,0.014351946821280714
2.9899999999998923,-0.2775754863835871,0.5421806811820664,0.0104164913802412
2.991999999999892,-0.2764854473610713,0.5478547263486523,0.006485145792553881
2.993999999999892,-0.2753840917583343,0.553497222737423,0.0025580841867451354
2.9959999999998916,-0.27427148289351005,0.5591079499495277,-0.0013645196103772017
2.9979999999998914,-0.27314768452401966,0.5646866890982862,-0.005282492081253809
2.999999999999891,-0.272012760843538,0.5702332228182591,-0.009195660025123453
3.001999999999891,-0.27086677647894214,0.5757473352743194,-0.013103850565591546
3.0039999999998908,-0.26970979648724175,0.581228812170725,-0.017006891158217574
3.0059999999998905,-0.2685418863524911,0.5866774407601888,-0.020904609598120738
3.0079999999998903,-0.26736311198268314,0.5920930098529482,-0.0247968340276033
3.00999999999989,-0.26617353970662555,0.5974753098258302,-0.028683392943790964
3.01199999999989,-0.2649732362707982,0.602824132631313,-0.032564115206289546
3.0139999999998897,-0.26376226883619314,0.6081392718065818,-0.03643883004485826
3.0159999999998894,-0.26254070497513576,0.6134205224825781,-0.040307367067097755
3.017999999999889,-0.2613086126680886,0.6186676813930404,-0.044169556266153265
3.019999999999889,-0.26006606030043644,0.623880546883537,-0.04802522802843162
3.0219999999998888,-0.25881311665925383,0.6290589189204868,-0.05187421314133206
3.0239999999998886,-0.2575498509300543,0.6342025991001695,-0.05571634280098958
3.0259999999998883,-0.2562763326935215,0.6393113906577221,-0.05955144862003048
3.027999999999888,-0.2549926319222229,0.644385098476121,-0.06337936263533955
3.029999999999888,-0.25369881897730456,0.6494235290951487,-0.06719991731583763
3.0319999999998877,-0.2523949646051692,0.6544264907203423,-0.07101294557026977
3.0339999999998875,-0.2510811399341352,0.6593937932319246,-0.07481828075500196
3.0359999999998872,-0.24975741647107877,0.6643252481937135,-0.07861575668182708
3.037999999999887,-0.2484238660980575,0.6692206688620115,-0.082405207625778
3.039999999999887,-0.24708056106891682,0.6740798701944706,-0.08618646833294824
3.0419999999998866,-0.24572757400587833,0.6789026688589335,-0.08995937402831847
3.0439999999998864,-0.24436497789611053,0.6836888832422483,-0.0937237604235884
3.045999999999886,-0.24299284608828217,0.6884383334590557,-0.09747946372501362
3.047999999999886,-0.24161125228909783,0.6931508413605465,-0.10122632064124568
3.0499999999998857,-0.24022027055981604,0.6978262305431889,-0.10496416839117542
3.0519999999998855,-0.23881997531275015,0.7024643263574226,-0.10869284471177842
3.0539999999998853,-0.23741044130775163,0.7070649559163193,-0.11241218786596116
3.055999999999885,-0.2359917436486762,0.7116279481042074,-0.11612203665040804
3.057999999999885,-0.23456395777983274,0.7161531335852588,-0.11982223040342749
3.0599999999998846,-0.23312715948241505,0.7206403448120375,-0.12351260901279665
3.0619999999998844,-0.23168142487091656,0.725089416034007,-0.12719301292360372
3.063999999999884,-0.230226830389528,0.7295001833059945,-0.13086328314608695
3.065999999999884,-0.22876345280851834,0.7338724844966125,-0.13452326126346928
3.0679999999998837,-0.2272913692205988,0.7382061592966329,-0.1381727894397879
3.0699999999998835,-0.2258106570372702,0.7425010492273149,-0.14181171042771765
3.0719999999998833,-0.22432139398515372,0.7467569976486822,-0.14543986757638722
3.073999999999883,-0.22282365810230503,0.7509738497677501,-0.14905710483918738
3.075999999999883,-0.2213175277345123,0.7551514526466989,-0.15266326678157
3.0779999999998826,-0.21980308153157765,0.7592896552109933,-0.15625819858883716
3.0799999999998824,-0.21828039844358252,0.7633883082574449,-0.15984174607391902
3.081999999999882,-0.21674955771713691,0.7674472644622161,-0.1634137556851399
3.083999999999882,-0.2152106388916129,0.7714663783887652,-0.16697407451397114
3.0859999999998817,-0.21366372179536197,0.775445506495728,-0.1705225503027697
3.0879999999998815,-0.21210888654191692,0.7793845071447368,-0.174059031452502
3.0899999999998813,-0.2105462135261781,0.783283240608174,-0.1775833670304515
3.091999999999881,-0.20897578342058426,0.7871415690768572,-0.1810954067779089
3.093999999999881,-0.20739767717126792,0.7909593566676565,-0.18459500111784433
3.0959999999998806,-0.20581197599419587,0.7947364694310401,-0.18808200116256032
3.0979999999998804,-0.2042187613712944,0.7984727753585477,-0.1915562587213242
3.09999999999988,-0.2026181150465598,0.8021681443901881,-0.19501762630797942
3.10199999999988,-0.20101011902215402,0.8058224484217619,-0.19846595714853427
3.1039999999998797,-0.19939485555448586,0.8094355613121046,-0.20190110518872692
3.1059999999998795,-0.19777240715027777,0.8130073588902507,-0.20532292510156644
3.1079999999998793,-0.19614285656261837,0.8165377189625149,-0.20873127229484756
3.109999999999879,-0.19450628678700077,0.8200265213194905,-0.2121260029186391
3.111999999999879,-0.19286278105734717,0.8234736477429612,-0.21550697387274448
3.1139999999998786,-0.19121242284201967,0.8268789820127266,-0.21887404281413342
3.1159999999998784,-0.1895552958398174,0.8302424099133379,-0.22222706816434362
3.117999999999878,-0.18789148397596045,0.8335638192407426,-0.22556590911685154
3.119999999999878,-0.1862210713980605,0.8368430998088371,-0.22889042564441087
3.1219999999998778,-0.18454414247207834,0.8400801434559236,-0.23220047850635805
3.1239999999998775,-0.18286078177826887,0.843274844051072,-0.23549592925588347
3.1259999999998773,-0.18117107410711308,0.8464270975003825,-0.23877664024726714
3.127999999999877,-0.17947510445523804,0.849536801753149,-0.24204247464307815
3.129999999999877,-0.1777729580213242,0.8526038568079213,-0.2452932964213365
3.1319999999998767,-0.17606472020200112,0.8556281647184626,-0.24852897038263644
3.1339999999998764,-0.174350476587731,0.8586096295996034,-0.2517493621572302
3.135999999999876,-0.17263031295868095,0.8615481576329878,-0.2549543382120707
3.137999999999876,-0.1709043152805835,0.8644436570727112,-0.25814376585781296
3.139999999999876,-0.1691725697005864,0.8672960382508487,-0.2613175132557721
3.1419999999998756,-0.16743516254309102,0.8701052135828704,-0.2644754494248379
3.1439999999998753,-0.16569218030558036,0.8728710975729443,-0.2676174442483442
3.145999999999875,-0.16394370965443641,0.8755936068191237,-0.2707433684808918
3.147999999999875,-0.1621898374207473,0.8782726600184173,-0.27385309375512545
3.1499999999998747,-0.1604306505961044,0.8809081779717418,-0.2769464925884614
3.1519999999998745,-0.1586662363283897,0.883500083588754,-0.2800234383897665
3.1539999999998742,-0.15689668191755354,0.8860483018925613,-0.2830838054659873
3.155999999999874,-0.15512207481138318,0.8885527600243098,-0.2861274690287271
3.157999999999874,-0.15334250260126214,0.8910133872476466,-0.28915430520077173
3.1599999999998736,-0.15155805301792097,0.8934301149530569,-0.29216419102256114
3.1619999999998734,-0.1497688139271792,0.8958028766620737,-0.2951570044586075
3.163999999999873,-0.14797487332567927,0.8981316080313574,-0.2981326244038577
3.165999999999873,-0.14617631933661226,0.9004162468566457,-0.3010909306899994
3.1679999999998727,-0.1443732402054359,0.9026567330765712,-0.3040318040917106
3.1699999999998725,-0.14256572429558503,0.9048530087763461,-0.3069551263328497
3.1719999999998723,-0.14075386008417495,0.9070050181913112,-0.309860780092588
3.173999999999872,-0.1389377361576977,0.9091127077103499,-0.31274864901148064
3.175999999999872,-0.1371174412077116,0.9111760258791646,-0.31561861769747723
3.1779999999998716,-0.13529306402652463,0.9131949234034138,-0.31847057173187066
3.1799999999998714,-0.13346469350287132,0.9151693531517099,-0.32130439767518226
3.181999999999871,-0.13163241861758407,0.9170992701584755,-0.3241199830729836
3.183999999999871,-0.12979632843925873,0.9189846316266576,-0.32691721646165367
3.1859999999998707,-0.12795651211991502,0.9208253969302975,-0.32969598737407
3.1879999999998705,-0.12611305889065183,0.9226215276169573,-0.3324561863452338
3.1899999999998703,-0.12426605805729797,0.9243729874099987,-0.3351977049178268
3.19199999999987,-0.1224155989960583,0.9260797422107165,-0.3379204356477014
3.19399999999987,-0.12056177114915596,0.9277417601003232,-0.34062427210929996
3.1959999999998696,-0.11870466402047058,0.9293590113417843,-0.34330910890100563
3.1979999999998694,-0.11684436717117316,0.9309314683815046,-0.3459748416504216
3.199999999999869,-0.11498097021535757,0.9324591058508622,-0.34862136701957913
3.201999999999869,-0.1131145628156692,0.9339419005675913,-0.35124858271007353
3.2039999999998687,-0.11124523467893103,0.9353798315370118,-0.3538563874681264
3.2059999999998685,-0.10937307555176735,0.936772879953105,-0.35644468108957483
3.2079999999998683,-0.10749817521622546,0.938121029199435,-0.35901336442478515
3.209999999999868,-0.10562062348539575,0.9394242648499145,-0.361562339383492
3.211999999999868,-0.10374051019903034,0.9406825746694142,-0.3640915089395615
3.2139999999998676,-0.10185792521916073,0.9418959486142156,-0.36660077713567674
3.2159999999998674,-0.09997295842571463,0.9430643788323055,-0.36909004908794707
3.217999999999867,-0.09808569971213235,0.9441878596635133,-0.37155923099043814
3.219999999999867,-0.0961962389809832,0.9452663876394877,-0.37400823011962425
3.2219999999998667,-0.09430466613958194,0.9462999614835156,-0.3764369548387606
3.2239999999998665,-0.09241107109560584,0.9472885821101794,-0.37884531460217585
3.2259999999998663,-0.09051554375271258,0.9482322526248543,-0.3812332199594839
3.227999999999866,-0.08861817400615928,0.9491309783230445,-0.3836005825597146
3.229999999999866,-0.08671905173842305,0.949984766689557,-0.38594731515536296
3.2319999999998656,-0.08481826681482338,0.9507936273975147,-0.38827333160635547
3.2339999999998654,-0.08291590907914657,0.9515575723072057,-0.390578546883934
3.235999999999865,-0.08101206834927276,0.9522766154647704,-0.3928628770744563
3.237999999999865,-0.07910683441280558,0.9529507731007256,-0.3951262393831124
3.2399999999998648,-0.07720029702270512,0.953580063628325,-0.39736855213755723
3.2419999999998645,-0.07529254589292415,0.9541645076417564,-0.39958973479145743
3.2439999999998643,-0.07338367069404825,0.9547041279141742,-0.40178970792795404
3.245999999999864,-0.07147376104893993,0.9551989493955693,-0.4039683932630389
3.247999999999864,-0.06956290652838726,0.9556489992104735,-0.4061257136488447
3.2499999999998637,-0.06765119664675721,0.956054306655501,-0.4082615930768495
3.2519999999998634,-0.0657387208576541,0.9564149031967242,-0.41037595668099325
3.2539999999998632,-0.06382556854958342,0.9567308224668869,-0.412468730740708
3.255999999999863,-0.061911829041621416,0.9570021002624519,-0.41453984268386
3.257999999999863,-0.05999759157909075,0.957228774540485,-0.41658922108960456
3.2599999999998626,-0.05808294532924256,0.9574108854153751,-0.4186167956911518
3.2619999999998623,-0.056167979376945204,0.95754847515539,-0.420622497378445
3.263999999999862,-0.05425278272038011,0.9576415881790686,-0.4226062582007498
3.265999999999862,-0.052337444266744956,0.95769027105145,-0.42456801136915423
3.2679999999998617,-0.050422052827964595,0.957694572480138,-0.42650769125898
3.2699999999998615,-0.048506697116409994,0.9576545433112046,-0.4284252334121044
3.2719999999998612,-0.046591465740625525,0.9575702365249289,-0.4303205745391923
3.273999999999861,-0.04467644720106495,0.957441707231375,-0.43219365252183894
3.275999999999861,-0.04276172988583641,0.9572690126658073,-0.43404440641462255
3.2779999999998606,-0.04084740206645675,0.9570522121839448,-0.43587277644706723
3.2799999999998604,-0.03893355189361548,0.9567913672570537,-0.4376787040255156
3.28199999999986,-0.037020267392948725,0.9564865414668807,-0.4394621317349114
3.28399999999986,-0.035107636460823474,0.956137800500425,-0.44122300334049164
3.2859999999998597,-0.03319574686013243,0.9557452121445518,-0.442961263789389
3.2879999999998595,-0.03128468621609978,0.955308846280447,-0.44467685921214345
3.2899999999998593,-0.029374542012098284,0.9548287748779136,-0.44636973692412374
3.291999999999859,-0.027465401585477806,0.9543050719895108,-0.44803984542685854
3.293999999999859,-0.025557352123405843,0.953737813744536,-0.44968713440927754
3.2959999999998586,-0.02365048065872018,0.9531270783428522,-0.4513115547488622
3.2979999999998584,-0.02174487406579407,0.9524729460485581,-0.4529130585127059
3.299999999999858,-0.0198406190564142,0.9517754991835066,-0.454491598958485
3.301999999999858,-0.017937802175671824,0.9510348221206673,-0.4560471305353391
3.3039999999998577,-0.01603650979786727,0.9502510012773381,-0.4575796088846618
3.3059999999998575,-0.014136828122428205,0.9494241251082047,-0.4590889908408018
3.3079999999998573,-0.012238843169841931,0.9485542840982496,-0.46057523443167414
3.309999999999857,-0.010342640777602002,0.9476415707555109,-0.4620382988792829
3.311999999999857,-0.00844830659616948,0.946686079603693,-0.46347814460015346
3.3139999999998566,-0.006555926084949111,0.9456879071746298,-0.46489473320567704
3.3159999999998564,-0.004665584508280736,0.9446471520006011,-0.4662880275023658
3.317999999999856,-0.00277736693144619,0.9435639146065036,-0.4676579914920198
3.319999999999856,-0.0008913582166920294,0.9424382975018777,-0.4690045903718056
3.3219999999998557,0.0009923569807316717,0.9412704051727918,-0.47032779053424684
3.3239999999998555,0.002873694216516138,0.940060344073584,-0.4716275595671276
3.3259999999998553,0.0047525692612220595,0.9388082226184633,-0.4729038662533081
3.327999999999855,0.006628898104190818,0.9375141511729722,-0.47415668057045374
3.329999999999855,0.0085025969574385,0.9361782420453103,-0.4753859736906769
3.3319999999998546,0.010373582259532424,0.9348006094775217,-0.47659171798009364
3.3339999999998544,0.012241770679449902,0.933381369636547,-0.4777738869982933
3.335999999999854,0.014107079120418971,0.931920640605141,-0.47893245549772345
3.337999999999854,0.015969424723740834,0.9304185423726581,-0.4800673994229895
3.3399999999998538,0.01782872487259373,0.9288751968257064,-0.4811786959100699
3.3419999999998535,0.019684897195817994,0.927290727738672,-0.48226632328544694
3.3439999999998533,0.02153785957168202,0.9256652607641154,-0.48333026106515403
3.345999999999853,0.023387530131628916,0.9239989234230399,-0.4843704899537397
3.347999999999853,0.02523382726400354,0.9222918450950368,-0.4853869918431489
3.3499999999998527,0.02707666961775973,0.9205441570083049,-0.48637974981152193
3.3519999999998524,0.02891597610614742,0.9187559922295492,-0.4873487481219122
3.353999999999852,0.030751665910379474,0.916927485653758,-0.488293972220922
3.355999999999852,0.03258365848327792,0.9150587739938622,-0.4892154087372585
3.3579999999998518,0.03441187355289938,0.9131499957702758,-0.490113045480209
3.3599999999998515,0.03623623112613952,0.9112012913003225,-0.49098687143803726
3.3619999999998513,0.03805665149231617,0.9092128026875463,-0.4918368767763007
3.363999999999851,0.03987305522673098,0.9071846738109117,-0.49266305283608935
3.365999999999851,0.041685363194209395,0.9051170503138914,-0.4934653921321868
3.3679999999998507,0.04349349655261865,0.9030100795934467,-0.4942438883511551
3.3699999999998504,0.045297376756363646,0.9008639107888994,-0.494998536349342
3.3719999999998502,0.04709692555986045,0.8986786947706993,-0.49572933215081333
3.37399999999985,0.04889206502098724,0.896454584129087,-0.4964362729452101
3.37599999999985,0.050682717504512455,0.8941917331626557,-0.49711935708553073
3.3779999999998496,0.0524688056855,0.8918902978668123,-0.4977785840858403
3.3799999999998493,0.05425025255269122,0.8895504359221404,-0.49841395461890614
3.381999999999849,0.056026981411863575,0.8871723066826668,-0.49902547051376145
3.383999999999849,0.057798915889165685,0.8847560711640329,-0.49961313475319696
3.3859999999998487,0.059565979934428664,0.8823018920315742,-0.5001769514711821
3.3879999999998485,0.061328097824453524,0.8798099335883078,-0.5007169259502158
3.3899999999998482,0.06308519416627444,0.8772803617628316,-0.5012330646186074
3.391999999999848,0.06483719390039773,0.8747133440971353,-0.5017253750476902
3.393999999999848,0.0665840223040164,0.872109049734327,-0.5021938659489654
3.3959999999998476,0.06832560499420004,0.8694676494062759,-0.50263854717118
3.3979999999998474,0.0700618679310599,0.8667893154211729,-0.503059429697338
3.399999999999847,0.07179273742088903,0.8640742216510124,-0.5034565256416463
3.401999999999847,0.07351814011927733,0.8613225435189957,-0.5038298482463952
3.4039999999998467,0.0752380030342013,0.8585344579868585,-0.5041794118787752
3.4059999999998465,0.07695225352908837,0.8557101435421246,-0.5045052320276305
3.4079999999998463,0.07866081932585561,0.8528497801852877,-0.5048073253001507
3.409999999999846,0.08036362850792293,0.8499535494169225,-0.5050857094184995
3.411999999999846,0.08206060952320018,0.847021634224728,-0.5053404032163842
3.4139999999998456,0.08375169118704844,0.8440542190705047,-0.5055714266355642
3.4159999999998454,0.08543680268521511,0.8410514898770668,-0.5057788007223007
3.417999999999845,0.08711587357674286,0.8380136340150922,-0.5059625476237485
3.419999999999845,0.0887888337968521,0.8349408402899126,-0.5061226905842889
3.4219999999998447,0.09045561365979705,0.8318332989282436,-0.5062592539418084
3.4239999999998445,0.09211614386169523,0.8286912015648602,-0.5063722631239189
3.4259999999998443,0.09377035548333013,0.8255147412292152,-0.5064617446441253
3.427999999999844,0.0954181799929272,0.8223041123320065,-0.5065277260979377
3.429999999999844,0.0970595492489029,0.819059510651693,-0.5065702361589305
3.4319999999998436,0.09869439550258656,0.815781133320961,-0.5065893045747494
3.4339999999998434,0.10032265140091544,0.8124691788131445,-0.506584962163067
3.435999999999843,0.10194424998910229,0.8091238469285991,-0.5065572408074877
3.437999999999843,0.10355912471327575,0.8057453387810338,-0.5065061734534018
3.4399999999998427,0.1051672094230934,0.8023338567838008,-0.5064317941037927
3.4419999999998425,0.1067684383743273,0.7988896046361454,-0.5063341378149938
3.4439999999998423,0.1083627462314219,0.7954127873094197,-0.5062132406924
3.445999999999842,0.1099500680700246,0.7919036110332583,-0.5060691398861318
3.447999999999842,0.11153033937948831,0.7883622832817226,-0.5059018735866537
3.4499999999998416,0.11310349606534652,0.7847890127594113,-0.5057114810203496
3.4519999999998414,0.11466947445176043,0.781184009387541,-0.5054980024450522
3.453999999999841,0.11622821128393826,0.7775474842899991,-0.5052614791455309
3.455999999999841,0.11777964373052659,0.7738796497793697,-0.5050019534289378
3.4579999999998408,0.11932370938597378,0.7701807193429347,-0.5047194686202114
3.4599999999998405,0.12086034627286538,0.7664509076286522,-0.5044140690574411
3.4619999999998403,0.12238949284423137,0.7626904304311133,-0.5040858000871915
3.46399999999984,0.12391108798582545,0.7588995046774802,-0.503734708059788
3.46599999999984,0.12542507101837605,0.7550783484134066,-0.5033608403245655
3.4679999999998397,0.12693138169980928,0.7512271807889412,-0.5029642452250793
3.4699999999998394,0.12842996022744352,0.7473462220444188,-0.5025449720942798
3.471999999999839,0.12992074724015598,0.7434356934963375,-0.5021030712496529
3.473999999999839,0.13140368382052084,0.739495817523226,-0.5016385939883248
3.4759999999998388,0.13287871149691916,0.7355268175515016,-0.5011515925821338
3.4779999999998386,0.13434577224562055,0.7315289180413211,-0.50064212027267
3.4799999999998383,0.1358048084928365,0.7275023444724258,-0.5001102312662811
3.481999999999838,0.1372557631167453,0.7234473233299823,-0.4995559807290494
3.483999999999838,0.1386985794494889,0.7193640820904216,-0.49897942478173646
3.4859999999998377,0.1401332012791411,0.7152528492072765,-0.49838062049469967
3.4879999999998375,0.14155957285164775,0.7111138540970205,-0.49775962588277933
3.4899999999998372,0.14297763887273832,0.7069473271249087,-0.49711649990015805
3.491999999999837,0.14438734450980945,0.7027534995908225,-0.49645130243519264
3.493999999999837,0.14578863539377998,0.6985326037151198,-0.49576409430522067
3.4959999999998366,0.14718145762091778,0.6942848726244929,-0.49505493725133987
3.4979999999998364,0.14856575775463826,0.6900105403378334,-0.4943238939331642
3.499999999999836,0.1499414828272747,0.6857098417521081,-0.49357102792355495
3.501999999999836,0.15130858034182024,0.6813830126282465,-0.4927964037033288
3.5039999999998357,0.15266699827364166,0.6770302895770396,-0.4920000866559435
3.5059999999998355,0.15401668507216515,0.6726519100450546,-0.49118214306216146
3.5079999999998353,0.15535758966253368,0.6682481123005645,-0.4903426400946925
3.509999999999835,0.15668966144723642,0.663819135419494,-0.48948164581281595
3.511999999999835,0.15801285030770995,0.6593652192713854,-0.4885992291569834
3.5139999999998346,0.15932710660591154,0.6548866045053822,-0.48769545994340263
3.5159999999998344,0.1606323811858643,0.6503835325362352,-0.4867704088586026
3.517999999999834,0.1619286253751744,0.6458562455303299,-0.48582414745398184
3.519999999999834,0.1632157909865206,0.6413049863917382,-0.4848567481403394
3.5219999999998337,0.16449383031911533,0.6367299987482933,-0.4838682841823897
3.5239999999998335,0.16576269616013864,0.6321315269376927,-0.482858829693262
3.5259999999998333,0.16702234178614392,0.6275098159936265,-0.481828459628985
3.527999999999833,0.16827272096443602,0.622865111631935,-0.4807772497829572
3.529999999999833,0.16951378795442174,0.6181976602367953,-0.47970527678040353
3.5319999999998326,0.1707454975089328,0.6135077088469386,-0.4786126180728194
3.5339999999998324,0.17196780487552113,0.608795505141899,-0.4774993519324021
3.535999999999832,0.1731806657977267,0.6040612974282953,-0.4763655574464706
3.537999999999832,0.17438403651631812,0.5993053346261465,-0.47521131451187437
3.5399999999998317,0.1755778737705057,0.5945278662552218,-0.4740367038293914
3.5419999999998315,0.17676213479912742,0.5897291424214265,-0.4728418068981166
3.5439999999998313,0.17793677734180746,0.5849094138032249,-0.4716267060098407
3.545999999999831,0.17910175964008798,0.5800689316381011,-0.4703914842434199
3.547999999999831,0.18025704043853347,0.5752079477090575,-0.4691362254591386
3.5499999999998306,0.18140257898580844,0.5703267143311536,-0.4678610142930622
3.5519999999998304,0.1825383350357281,0.5654254843380854,-0.4665659361513852
3.55399999999983,0.1836642688482822,0.5605045110688053,-0.46525107720477077
3.55599999999983,0.18478034119063214,0.5555640483541849,-0.4639165243826848
3.5579999999998297,0.1858865133380817,0.5506043505037203,-0.4625623653677246
3.5599999999998295,0.1869827470750209,0.5456256722922804,-0.46118868858994183
3.5619999999998293,0.18806900469584353,0.5406282689469015,-0.4597955832211611
3.563999999999829,0.18914524900583835,0.5356123961336249,-0.4583831391692943
3.565999999999829,0.19021144332205397,0.5305783099443818,-0.4569514470726508
3.5679999999998286,0.19126755147413757,0.5255262668839245,-0.4555005982942449
3.5699999999998284,0.1923135378051475,0.5204565238568041,-0.45403068491609977
3.571999999999828,0.19334936717233991,0.5153693381543969,-0.4525417997335496
3.573999999999828,0.19437500494792945,0.5102649674419789,-0.45103403624953836
3.5759999999998278,0.19539041701982418,0.5051436697458492,-0.4495074886689189
3.5779999999998275,0.19639556979233486,0.5000057034405031,-0.4479622518927488
3.5799999999998273,0.19739043018685842,0.4948513272358552,-0.4463984215125864
3.581999999999827,0.19837496564253623,0.48968080016451354,-0.44481609380478604
3.583999999999827,0.19934914411688667,0.48449438156910435,-0.44321536572479303
3.5859999999998267,0.2003129340864126,0.47929233108964864,-0.44159633490143885
3.5879999999998264,0.20126630454718356,0.4740749086509908,-0.4399590996312369
3.589999999999826,0.20220922501539287,0.46884237445027943,-0.4383037588726789
3.591999999999826,0.20314166552788987,0.46359498894450146,-0.43663041224053256
3.593999999999826,0.204063596642687,0.4583330128380689,-0.4349391600001406
3.5959999999998256,0.20497498943944245,0.4530567070704595,-0.43323010306172144
3.5979999999998253,0.20587581551991785,0.4477663328039113,-0.4315033429746722
3.599999999999825,0.20676604700841164,0.4424621514111713,-0.4297589819218735
3.601999999999825,0.20764565655216782,0.43714442446329815,-0.42799712271399726
3.6039999999998247,0.20851461732176044,0.4318134137175204,-0.4262178687838169
3.6059999999998245,0.20937290301145384,0.4264693811051491,-0.42442132418052064
3.6079999999998242,0.21022048783953876,0.4211125887195455,-0.4226075935640284
3.609999999999824,0.21105734654864453,0.41574329880414457,-0.42077678219931147
3.611999999999824,0.2118834544060272,0.4103617737405337,-0.4189289959507168
3.6139999999998236,0.21269878720383403,0.4049682760365871,-0.41706434127629405
3.6159999999998234,0.2135033212593442,0.3995630683146561,-0.4151829252221276
3.617999999999823,0.21429703341518608,0.39414641329981537,-0.41328485541667226
3.619999999999823,0.21507990103953087,0.38871857380816505,-0.41137024006509376
3.6219999999998227,0.2158519020262631,0.383279812735189,-0.4094391879436134
3.6239999999998225,0.21661301479512768,0.3778303930441693,-0.40749180839385757
3.6259999999998223,0.21736321829185415,0.3723705777546566,-0.40552821131721234
3.627999999999822,0.21810249198825757,0.36690062993099676,-0.40354850716918245
3.629999999999822,0.2188308158823167,0.3614208126709139,-0.40155280695375595
3.6319999999998216,0.21954817049822953,0.35593138909414934,-0.39954122221777366
3.6339999999998214,0.2202545368864458,0.35043262233115635,-0.39751386504530417
3.635999999999821,0.22094989662367737,0.3449247755118514,-0.395470848052024
3.637999999999821,0.22163423181288575,0.33940811175442126,-0.39341228437960307
3.6399999999998207,0.22230752508324766,0.3338828941541855,-0.3913382876900964
3.6419999999998205,0.22296975959009813,0.3283493857725152,-0.3892489721603404
3.6439999999998203,0.22362091901485154,0.3228078496258071,-0.38714445247635576
3.64599999999982,0.22426098756490082,0.3172585486745129,-0.3850248438277551
3.64799999999982,0.22488994997349446,0.31170174581222443,-0.38289026190215725
3.6499999999998196,0.22550779149959208,0.3061377038548131,-0.38074082287960664
3.6519999999998194,0.22611449792769808,0.30056668552962507,-0.3785766434269986
3.653999999999819,0.2267100555676739,0.29498895346473053,-0.3763978406925106
3.655999999999819,0.22729445125452868,0.2894047701782276,-0.37420453230003914
3.6579999999998187,0.22786767234818878,0.2838143980676004,-0.37199683634364245
3.6599999999998185,0.22842970673324584,0.27821809939913134,-0.36977487138198895
3.6619999999998183,0.2289805428186839,0.27261613629736664,-0.36753875643281153
3.663999999999818,0.22952016953758547,0.26700877073463564,-0.3652886109673672
3.665999999999818,0.23004857634681658,0.261396264520623,-0.36302455490490326
3.6679999999998176,0.23056575322669118,0.2557788792919938,-0.3607467086071281
3.6699999999998174,0.23107169068061476,0.2501568765020711,-0.35845519287268807
3.671999999999817,0.2315663797347073,0.24453051741056556,-0.3561501289316503
3.673999999999817,0.232049811937406,0.23890006307335712,-0.3538316384399901
3.6759999999998167,0.23252197935904725,0.23326577433232779,-0.3514998434740846
3.6779999999998165,0.23298287459142863,0.22762791180524575,-0.34915486652521116
3.6799999999998163,0.23343249074735062,0.22198673587570011,-0.3467968304940515
3.681999999999816,0.2338708214601381,0.216342506683086,-0.3444258586852007
3.683999999999816,0.23429786088314217,0.21069548411263947,-0.3420420748016811
3.6859999999998156,0.23471360368922176,0.2050459277855222,-0.3396456029394619
3.6879999999998154,0.23511804507020567,0.19939409704895494,-0.33723656758198284
3.689999999999815,0.23551118073633487,0.1937402509664,-0.33481509359468314
3.691999999999815,0.23589300691568518,0.18808464830779165,-0.3323813062195349
3.6939999999998148,0.2362635203535705,0.18242754753981472,-0.329935331069581
3.6959999999998145,0.2366227183119267,0.1767692068162302,-0.32747729412347787
3.6979999999998143,0.23697059856867594,0.17110988396824808,-0.32500732172004176
3.699999999999814,0.23730715941707226,0.16544983649494635,-0.32252554055279997
3.701999999999814,0.23763239966502753,0.1597893215537363,-0.32003207766454544
3.7039999999998137,0.23794631863441876,0.15412859595087308,-0.31752706044189566
3.7059999999998134,0.23824891616037633,0.14846791613201155,-0.3150106166098553
3.7079999999998132,0.2385401925905533,0.14280753817280648,-0.3124828742263821
3.709999999999813,0.23882014878437616,0.13714771776955698,-0.30994396167695654
3.711999999999813,0.23908878611227669,0.1314887102298945,-0.30739400766915465
3.7139999999998126,0.23934610645490545,0.12583077046351387,-0.30483314122722394
3.7159999999998123,0.23959211220232662,0.12017415297294697,-0.3022614916866624
3.717999999999812,0.2398268062531945,0.11451911184437852,-0.2996791886888001
3.719999999999812,0.24005019201391167,0.10886590073850345,-0.29708636217538376
3.7219999999998117,0.2402622733977689,0.1032147728814254,-0.2944831423831634
3.7239999999998115,0.24046305482406688,0.0975659810555957,-0.2918696598384816
3.7259999999998112,0.24065254121721993,0.09191977759079252,-0.2892460453518647
3.727999999999811,0.2408307380058417,0.08627641435513955,-0.2866124300126162
3.729999999999811,0.2409976511218128,0.08063614274616375,-0.2839689451834115
3.7319999999998106,0.24115328699933075,0.07499921368189157,-0.28131572249489467
3.7339999999998104,0.2412976525739422,0.06936587759198325,-0.2786528938402765
3.73599999999981,0.24143075528155722,0.06373638440890467,-0.2759805913699338
3.73799999999981,0.24155260305744625,0.05811098355913611,-0.2732989474860096
3.7399999999998097,0.24166320433521923,0.05248992395441755,-0.2706080948370143
3.7419999999998095,0.24176256804578752,0.04687345398302996,-0.26790816631242803
3.7439999999998093,0.24185070361630825,0.04126182150111202,-0.2651992950373025
3.745999999999809,0.24192762096911138,0.035655273824011846,-0.26248161436686424
3.747999999999809,0.24199333052060948,0.03005405771767318,-0.2597552578811173
3.7499999999998086,0.24204784318019038,0.02445841939005549,-0.25702035937944606
3.7519999999998084,0.2420911703490926,0.018868604482587592,-0.2542770528752181
3.753999999999808,0.2421233239192639,0.013284858061654206,-0.2515254725903864
3.755999999999808,0.24214431627220245,0.007707424610115009,-0.24876575295009098
3.7579999999998077,0.24215416027778164,0.0021365480188556525,-0.24599802857725997
3.7599999999998075,0.2421528692930575,-0.0034275284216296886,-0.24322243428720947
3.7619999999998073,0.24214045716105959,-0.008984562029624743,-0.24043910508224264
3.763999999999807,0.2421169382095651,-0.014534310740547028,-0.23764817614624723
3.765999999999807,0.2420823272498562,-0.02007653311527363,-0.2348497828392916
3.7679999999998066,0.24203663957546093,-0.02561098834843737,-0.2320440606922194
3.7699999999998064,0.24197989096087727,-0.031137436276693794,-0.22923114540124223
3.771999999999806,0.241912097660281,-0.03665563738695944,-0.22641117282253037
3.773999999999806,0.24183327640621685,-0.04216535282462185,-0.22358427896680128
3.7759999999998057,0.24174344440827347,-0.047666344401721725,-0.22075059999390592
3.7779999999998055,0.24164261935174186,-0.05315837460510767,-0.2179102722074126
3.7799999999998053,0.24153081939625776,-0.05864120660456395,-0.21506343204918804
3.781999999999805,0.2414080631744275,-0.06411460426091173,-0.21221021609397578
3.783999999999805,0.24127436979043806,-0.06957833213408404,-0.20935076104397166
3.7859999999998046,0.24112975881865062,-0.0750321554911751,-0.20648520372339604
3.7879999999998044,0.24097425030217826,-0.0804758403144642,-0.20361368107306307
3.789999999999804,0.2408078647514476,-0.08590915330941454,-0.20073633014494616
3.791999999999804,0.24063062314274455,-0.0913318619126476,-0.19785328809674035
3.7939999999998038,0.24044254691674385,-0.0967437342998931,-0.19496469218642076
3.7959999999998035,0.24024365797702305,-0.10214453939391513,-0.19207067976679731
3.7979999999998033,0.24003397868856055,-0.10753404687241473,-0.18917138828006547
3.799999999999803,0.23981353187621776,-0.1129120271759092,-0.18626695525235318
3.801999999999803,0.23958234082320573,-0.11827825151558857,-0.18335751828826316
3.8039999999998027,0.23934042926953583,-0.12363249188114943,-0.18044321506541144
3.8059999999998024,0.239087821410455,-0.1289745210486065,-0.1775241833289611
3.807999999999802,0.23882454189486535,-0.1343041125880822,-0.17460056088615178
3.809999999999802,0.2385506158237281,-0.13962104087157456,-0.17167248560082427
3.8119999999998018,0.2382660687484522,-0.14492508108070368,-0.16874009538794082
3.8139999999998015,0.23797092666926714,-0.1502160092144369,-0.16580352820810035
3.8159999999998013,0.23766521603358085,-0.15549360209679317,-0.1628629220620487
3.817999999999801,0.23734896373432163,-0.1607576373845267,-0.15991841498518428
3.819999999999801,0.2370221971082652,-0.16600789357479012,-0.15697014504205828
3.8219999999998007,0.23668494393434616,-0.1712441500127774,-0.15401825032087013
3.8239999999998004,0.23633723243195437,-0.1764661868993466,-0.15106286892795745
3.8259999999998002,0.2359790912592159,-0.18167378529862294,-0.14810413898228109
3.8279999999998,0.23561054951125907,-0.18686672714558206,-0.14514219860990443
3.8299999999998,0.235231636718465,-0.19204479525361368,-0.14217718593846804
3.8319999999997996,0.23484238284470338,-0.19720777332206602,-0.13920923909165817
3.8339999999997993,0.234442818285553,-0.20235544594377086,-0.13623849618367037
3.835999999999799,0.23403297386650718,-0.2074875986125495,-0.13326509531366756
3.837999999999799,0.23361288084116444,-0.21260401773069973,-0.13028917456023242
3.8399999999997987,0.233182570889404,-0.2177044906164638,-0.1273108719758146
3.8419999999997985,0.23274207611554648,-0.22278880551147764,-0.1243303255811721
3.8439999999997982,0.2322914290464996,-0.22785675158820126,-0.12134767335980766
3.845999999999798,0.23183066262988922,-0.2329081189573304,-0.11836305325239897
3.847999999999798,0.2313598102321754,-0.23794269867518963,-0.11537660315122401
3.8499999999997976,0.2308789056367538,-0.24296028275110662,-0.11238846089458057
3.8519999999997974,0.2303879830420424,-0.24796066415476792,-0.1093987642612005
3.853999999999797,0.22988707705955322,-0.2529436368235561,-0.10640765096465843
3.855999999999797,0.22937622271194985,-0.257908995669868,-0.10341525864777518
3.8579999999997967,0.22885545543109,-0.26285653658841496,-0.10042172487701584
3.8599999999997965,0.22832481105605362,-0.2677860564635033,-0.09742718713688253
3.8619999999997963,0.22778432583115638,-0.27269735317629706,-0.09443178282430198
3.863999999999796,0.22723403640394882,-0.27759022561206126,-0.09143564924300784
3.865999999999796,0.22667397982320084,-0.2824644736673865,-0.08843892359791819
3.8679999999997956,0.2261041935368719,-0.2873198982573943,-0.0854417429895076
3.8699999999997954,0.22552471539006672,-0.29215630132292364,-0.08244424440817474
3.871999999999795,0.22493558362297672,-0.2969734858376979,-0.0794465647286049
3.873999999999795,0.22433683686880704,-0.3017712558154726,-0.07644884070412777
3.8759999999997947,0.22372851415168943,-0.3065494163171635,-0.07345120896107074
3.8779999999997945,0.22311065488458076,-0.31130777345795496,-0.07045380599310769
3.8799999999997943,0.22248329886714743,-0.31604613441438845,-0.06745676815560328
3.881999999999794,0.22184648628363557,-0.32076430743143075,-0.06446023165995321
3.883999999999794,0.2212002577007271,-0.32546210182952207,-0.061464332567920194
3.8859999999997936,0.22054465406538182,-0.33013932801160345,-0.058469206785966066
3.8879999999997934,0.21987971670266537,-0.3347957974701234,-0.05547499005958009
3.889999999999793,0.21920548731356326,-0.33943132279402344,-0.05248181796760368
3.891999999999793,0.21852200797278085,-0.3440457176757025,-0.049489825916551544
3.8939999999997927,0.21782932112652953,-0.34863879691795946,-0.046499149134929585
3.8959999999997925,0.21712746959029905,-0.35321037644091374,-0.0435099226675498
3.8979999999997923,0.2164164965466159,-0.35776027328890425,-0.04052228136984218
3.899999999999792,0.21569644554278802,-0.3622883056373649,-0.03753635990216378
3.901999999999792,0.21496736048863574,-0.3667942927996781,-0.034552292724105566
3.9039999999997916,0.2142292856542091,-0.3712780552340044,-0.03157021408879668
3.9059999999997914,0.21348226566749143,-0.3757394145500889,-0.028590258037206884
3.907999999999791,0.21272634551208947,-0.38017819351604343,-0.02561255839244697
3.909999999999791,0.21196157052490977,-0.3845942160651046,-0.02263724875406775
3.9119999999997908,0.21118798639382183,-0.38898730730236697,-0.019664462492357482
3.9139999999997905,0.21040563915530752,-0.39335729351149096,-0.016694332742638346
3.9159999999997903,0.20961457519209745,-0.3977040021613853,-0.013726992399562044
3.91799999999979,0.20881484123079364,-0.4020272619128632,-0.010762574111404799
3.91999999999979,0.20800648433947921,-0.4063269026252723,-0.007801210274362036
3.9219999999997897,0.20718955192531463,-0.41060275536309737,-0.004843033026843052
3.9239999999997894,0.2063640917321209,-0.4148546524025356,-0.0018881742437659443
3.925999999999789,0.20553015183794954,-0.41908242723804406,0.001063234469146912
3.927999999999789,0.20468778065263962,-0.42328591458885856,0.004011061781072495
3.9299999999997888,0.20383702691536165,-0.42746495040548355,0.0069551766417896566
3.9319999999997886,0.20297793969214858,-0.4316193718761525,0.00989544828738012
3.9339999999997883,0.20211056837341396,-0.4357490174332584,0.012831746245927672
3.935999999999788,0.20123496267145713,-0.4398537267597533,0.015763940343215238
3.937999999999788,0.20035117261795582,-0.4439333407955173,0.01869190070841953
3.9399999999997877,0.1994592485614459,-0.44798770174369484,0.021615497779802817
3.9419999999997875,0.19855924116478857,-0.45201665307699984,0.024534602310401527
3.9439999999997872,0.19765120140262496,-0.4560200395439869,0.02744908537371135
3.945999999999787,0.19673518055881814,-0.4599977071752897,0.03035881836936849
3.947999999999787,0.19581123022388283,-0.4639495032898249,0.03326367302882671
3.9499999999997866,0.19487940229240264,-0.46787527650096145,0.03616352142102963
3.9519999999997864,0.19393974896043498,-0.4717748767226542,0.039058235958078086
3.953999999999786,0.19299232272290387,-0.4756481551755422,0.041947689400892135
3.955999999999786,0.19203717637098042,-0.47949496439300937,0.044831754864867235
3.9579999999997857,0.19107436298945138,-0.48331515822720866,0.04771030582552427
3.9599999999997855,0.19010393595407557,-0.4871085918550478,0.05058321612415295
3.9619999999997852,0.18912594892892845,-0.49087512178413617,0.053450359973448325
3.963999999999785,0.18814045586373476,-0.494614605858693,0.056311611963139635
3.965999999999785,0.1871475109911895,-0.4983269032654146,0.05916684706561173
3.9679999999997846,0.1861471688242671,-0.5020118745393016,0.0620159406415178
3.9699999999997844,0.185139484153519,-0.5056693815694444,0.06485876844538371
3.971999999999784,0.18412451204435973,-0.5092992876047661,0.06769520663120321
3.973999999999784,0.18310230783434162,-0.5129014572597231,0.0705251317580233
3.9759999999997837,0.18207292713041792,-0.5164757565199621,0.07334842079551995
3.9779999999997835,0.18103642580619497,-0.5200220527479319,0.07616495112956315
3.9799999999997833,0.17999285999917292,-0.5235402146884507,0.07897460056777098
3.981999999999783,0.17894228610797544,-0.5270301124742277,0.08177724734505243
3.983999999999783,0.17788476078956855,-0.5304916176313379,0.08457277012913841
3.9859999999997826,0.17682034095646842,-0.5339246030846492,0.0873610480261004
3.9879999999997824,0.17574908377393836,-0.5373289431632016,0.09014196058585616
3.989999999999782,0.17467104665717517,-0.5407045136055377,0.09291538780766243
3.991999999999782,0.17358628726848488,-0.5440511915649835,0.09568121014559369
3.9939999999997817,0.17249486351444784,-0.5473688556148782,0.09843930851400687
3.9959999999997815,0.17139683354307367,-0.5506573857537538,0.10118956429299128
3.9979999999997813,0.17029225574094561,-0.5539166634104612,0.10393185933380322
3.999999999999781,0.16918118873035484,-0.5571465714492452,0.10666607596428498
4.001999999999781,0.16806369136642468,-0.5603469941747649,0.10939209699426775
4.003999999999781,0.16693982273422475,-0.5635178173370595,0.11210980572095774
4.005999999999781,0.16580964214587537,-0.5666589281364602,0.11481908593430501
4.007999999999781,0.16467320913764202,-0.5697702152284446,0.11751982192235474
4.00999999999978,0.1635305834670203,-0.5728515687284355,0.12021189847658029
4.01199999999978,0.16238182510981125,-0.5759028802165412,0.12289520089719744
4.01399999999978,0.16122699425718737,-0.578924042742239,0.12556961499845937
4.01599999999978,0.16006615131274915,-0.5819149508289975,0.12823502711393212
4.0179999999997795,0.15889935688957257,-0.5848755004788404,0.13089132410174958
4.019999999999779,0.1577266718072475,-0.5878055891768496,0.13353839334984763
4.021999999999779,0.15654815708890704,-0.5907051158956055,0.13617612278117727
4.023999999999779,0.15536387395824827,-0.5935739810995666,0.1388044008588957
4.025999999999779,0.15417388383654404,-0.5964120867493847,0.14142311659153503
4.027999999999778,0.15297824833964643,-0.599219336306157,0.14403215953814832
4.029999999999778,0.1517770292749816,-0.6019956347356127,0.14663141981343206
4.031999999999778,0.15057028863853641,-0.6047408885122348,0.14922078809282474
4.033999999999778,0.14935808861183686,-0.6074550056233158,0.151800155617581
4.0359999999997775,0.14814049155891842,-0.6101378955729448,0.15436941419982103
4.037999999999777,0.14691756002328862,-0.6127894693859289,0.156928456227554
4.039999999999777,0.14568935672488165,-0.6154096396116443,0.15947717466967584
4.041999999999777,0.14445594455700542,-0.6179983203278187,0.1620154630809405
4.043999999999777,0.14321738658328126,-0.6205554271442433,0.1645432156069039
4.045999999999776,0.14197374603457602,-0.6230808772064139,0.16706032698884038
4.047999999999776,0.14072508630592712,-0.6255745891991007,0.16956669256863094
4.049999999999776,0.13947147095346052,-0.6280364833498445,0.17206220829362323
4.051999999999776,0.13821296369130168,-0.630466481432381,0.17454677072146174
4.053999999999776,0.1369496283884799,-0.6328645067699903,0.17702027702488884
4.055999999999775,0.13568152906582587,-0.6352304842387718,0.17948262499651524
4.057999999999775,0.13440872989286284,-0.6375643402708441,0.18193371305356004
4.059999999999775,0.13313129518469147,-0.6398660028574679,0.1843734402425592
4.061999999999775,0.13184928939886847,-0.6421354015520927,0.18680170624404246
4.0639999999997745,0.13056277713227926,-0.6443724674733259,0.18921841137717788
4.065999999999774,0.12927182311800473,-0.6465771333078226,0.19162345660438368
4.067999999999774,0.1279764922221823,-0.6487493333130979,0.1940167435359066
4.069999999999774,0.12667684944086155,-0.6508890033202582,0.19639817443436666
4.071999999999774,0.12537295989685426,-0.6529960807366525,0.19876765221926757
4.073999999999773,0.12406488883657943,-0.655070504548443,0.20112508047147198
4.075999999999773,0.12275270162690308,-0.6571122153230933,0.20347036343764205
4.077999999999773,0.1214364637519733,-0.6591211552117747,0.20580340603464356
4.079999999999773,0.12011624081005046,-0.6610972679516894,0.20812411385391405
4.0819999999997725,0.11879209851033289,-0.6630404988683095,0.21043239316579426
4.083999999999772,0.11746410266977819,-0.6649507948775323,0.21272815092382186
4.085999999999772,0.11613231920992033,-0.6668281044877503,0.21501129476898795
4.087999999999772,0.11479681415368256,-0.6686723778018359,0.21728173303395482
4.089999999999772,0.11345765362218665,-0.6704835665190394,0.21953937474723537
4.091999999999771,0.11211490383155827,-0.6722616239368012,0.22178412963733304
4.093999999999771,0.11076863108972883,-0.6740065049524757,0.22401590813684236
4.095999999999771,0.10941890179323406,-0.675718166064968,0.22623462138650902
4.097999999999771,0.10806578242400934,-0.677396565376282,0.22844018123924997
4.0999999999997705,0.10670933954618199,-0.6790416625929789,0.23063250026413168
4.10199999999977,0.10534963980286083,-0.6806534190275476,0.23281149175030746
4.10399999999977,0.10398674991292298,-0.6822317975996834,0.23497706971091298
4.10599999999977,0.10262073666779827,-0.6837767628374777,0.23712914888691874
4.10799999999977,0.10125166692825131,-0.6852882808785153,0.2392676447509406
4.109999999999769,0.09987960762116156,-0.6867663194708817,0.24139247351100634
4.111999999999769,0.09850462573630131,-0.688210847974077,0.24350355211427932
4.113999999999769,0.09712678832311204,-0.6896218373598378,0.24560079825073716
4.115999999999769,0.09574616248747925,-0.6909992602128676,0.24768413035680686
4.1179999999997685,0.0943628153885058,-0.6923430907314716,0.24975346761895456
4.119999999999768,0.09297681423528421,-0.6936533047280996,0.25180872997723003
4.121999999999768,0.09158822628366789,-0.6949298796297941,0.2538498381287656
4.123999999999768,0.09019711883304157,-0.6961727944785442,0.2558767135312292
4.125999999999768,0.08880355922309117,-0.6973820299315441,0.25788927840623055
4.127999999999767,0.08740761483057319,-0.6985575682613575,0.25988745574268085
4.129999999999767,0.08600935306608384,-0.6996993933559854,0.26187116930010557
4.131999999999767,0.0846088413708283,-0.7008074907188384,0.2638403436119089
4.133999999999767,0.08320614721338988,-0.7018818474686134,0.2657949039885909
4.1359999999997665,0.08180133808649974,-0.7029224523390729,0.2677347765209168
4.137999999999766,0.080394481503807,-0.7039292956787285,0.2696598880830367
4.139999999999766,0.0789856449966497,-0.7049023694504267,0.27157016633555725
4.141999999999766,0.07757489611082657,-0.7058416672308377,0.2734655397285637
4.143999999999766,0.07616230240337005,-0.7067471842098472,0.2753459375045923
4.145999999999765,0.07474793143932044,-0.7076189171898497,0.2772112897015535
4.147999999999765,0.07333185078850178,-0.708456864584945,0.2790615271556044
4.149999999999765,0.07191412802229927,-0.7092610264200351,0.2808965815039707
4.151999999999765,0.07049483071043865,-0.7100314043298247,0.28271638518771824
4.1539999999997645,0.06907402641776769,-0.7107680015577221,0.2845208714544737
4.155999999999764,0.06765178270104,-0.711470822954642,0.2863099743610934
4.157999999999764,0.0662281671057012,-0.7121398749777095,0.288083628776281
4.159999999999764,0.064803247162678,-0.7127751656888658,0.2898417703831535
4.161999999999764,0.06337709038516996,-0.7133767047533747,0.2915843356817549
4.1639999999997634,0.061949764265444435,-0.7139445034382306,0.29331126199151736
4.165999999999763,0.06052133627163482,-0.7144785746104672,0.2950224874536709
4.167999999999763,0.05909187384454223,-0.7149789327353676,0.29671795103359877
4.169999999999763,0.05766144439444086,-0.7154455938745753,0.2983975925231416
4.171999999999763,0.05623011529788726,-0.7158785756841062,0.30006135254284677
4.173999999999762,0.054797953894533645,-0.7162778974122618,0.30170917254416585
4.175999999999762,0.0533650274839455,-0.7166435798974435,0.30334099481159726
4.177999999999762,0.051931403322423644,-0.716975645565868,0.30495676246477627
4.179999999999762,0.050497148619830984,-0.7172741184291839,0.3065564194605104
4.1819999999997615,0.049062330536424094,-0.7175390240819897,0.308139910594761
4.183999999999761,0.0476270161796899,-0.717770389699253,0.3097071815045707
4.185999999999761,0.04619127260118759,-0.7179682440336319,0.3112581786699366
4.187999999999761,0.04475516679339601,-0.718132617412697,0.31279284941562835
4.189999999999761,0.04331876568656667,-0.7182635417360562,0.31431114191295245
4.19199999999976,0.04188213614558267,-0.7183610504723813,0.31581300518146144
4.19399999999976,0.0404453449668236,-0.718425178656336,0.317298389090608
4.19599999999976,0.03900845887503672,-0.7184559628854077,0.3187672443613444
4.19799999999976,0.03757154452021454,-0.7184534413166405,0.3202195225676671
4.1999999999997595,0.0361346684744791,-0.7184176536632721,0.3216551761381057
4.201999999999759,0.03469789722897297,-0.7183486411912737,0.32307415835715697
4.203999999999759,0.033261297190757384,-0.7182464467157923,0.3244764233666639
4.205999999999759,0.03182493467971748,-0.7181111145974979,0.32586192616713877
4.207999999999759,0.03038887592547502,-0.717942690738834,0.32723062261903146
4.209999999999758,0.028953187064308637,-0.7177412225801728,0.328582469443942
4.211999999999758,0.027517934136081938,-0.7175067590958746,0.32991742422577774
4.213999999999758,0.026083183081179535,-0.7172393507902525,0.33123544541185534
4.215999999999758,0.024648999737451247,-0.7169390496934424,0.3325364923139467
4.2179999999997575,0.02321544983716467,-0.7166059093571787,0.3338205251092699
4.219999999999757,0.021782599003966282,-0.7162399848504765,0.3350875048414247
4.221999999999757,0.020350512749851276,-0.7158413327552194,0.33633739342127195
4.223999999999757,0.018919256472142317,-0.7154100111616558,0.33757015362775844
4.225999999999757,0.01748889545047739,-0.7149460796638011,0.3387857491086856
4.227999999999756,0.016059494843806938,-0.7144495993547489,0.33998414438142316
4.229999999999756,0.014631119687400483,-0.7139206328218904,0.34116530483356755
4.231999999999756,0.013203834889862874,-0.7133592441420422,0.3423291967235447
4.233999999999756,0.011777705230160388,-0.7127654988764838,0.34347578718115823
4.2359999999997555,0.01035279535465685,-0.7121394640659052,0.3446050442080815
4.237999999999755,0.008929169774159928,-0.7114812082252652,0.3457169366782958
4.239999999999755,0.007506892860977817,-0.7107908013385594,0.34681143433847267
4.241999999999755,0.006086028845986472,-0.7100683148535016,0.3478885078083019
4.243999999999755,0.004666641815707561,-0.7093138216761161,0.34894812858076435
4.245999999999754,0.003248795709397327,-0.708527396165243,0.3499902690223505
4.247999999999754,0.0018325543161465201,-0.7077091141269573,0.35101490237322414
4.249999999999754,0.000417981271991584,-0.7068590528089014,0.3520220027473321
4.251999999999754,-0.0009948599429627422,-0.7059772908945328,0.3530115451324591
4.2539999999997535,-0.002405906007409231,-0.7050639084972866,0.3539835053902291
4.255999999999753,-0.003815093761692213,-0.7041189871546543,0.35493786025605256
4.257999999999753,-0.005222360210649701,-0.7031426098221786,0.35587458733901933
4.259999999999753,-0.006627642526443418,-0.7021348608673664,0.356793665121739
4.261999999999753,-0.008030878051376566,-0.7010958260635194,0.35769507296012665
4.263999999999752,-0.009432004300699187,-0.7000255925834826,0.3585787910831363
4.265999999999752,-0.010830958965400922,-0.698924248993314,0.3594448005924405
4.267999999999752,-0.012227679914991046,-0.6977918852458723,0.3602930834620579
4.269999999999752,-0.01362210520026559,-0.6966285926743279,0.3611236225379272
4.2719999999997516,-0.015014173056061408,-0.6954344639855929,0.3619364015374295
4.273999999999751,-0.01640382190399703,-0.6942095932536764,0.36273140504885787
4.275999999999751,-0.017790990355200143,-0.6929540759129601,0.3635086185308352
4.277999999999751,-0.019175617213021558,-0.6916680087514006,0.3642680283116802
4.279999999999751,-0.02055764147573548,-0.6903514899036544,0.36500962158872186
4.2819999999997505,-0.021937002339226,-0.68900461884413,0.36573338642756265
4.28399999999975,-0.023313639199659553,-0.6876274963799653,0.366439311761291
4.28599999999975,-0.024687491656143336,-0.6862202246439331,0.36712738738964223
4.28799999999975,-0.02605849951336939,-0.684782907087274,0.36779760397810984
4.28999999999975,-0.027426602784244327,-0.683315648472459,0.3684499530570064
4.291999999999749,-0.028791741692504483,-0.6818185548658813,0.3690844270204738
4.293999999999749,-0.030153856675316414,-0.680291733630479,0.3697010191254451
4.295999999999749,-0.03151288838586253,-0.6787352934182892,0.3702997234905559
4.297999999999749,-0.03286877769591182,-0.6771493441629346,0.3708805350950071
4.2999999999997485,-0.034221465698375426,-0.6755339970720436,0.37144344977737914
4.301999999999748,-0.03557089370984703,-0.6738893646196042,0.37198846423439724
4.303999999999748,-0.03691700327312788,-0.6722155605382533,0.37251557601964913
4.305999999999748,-0.03825973615973631,-0.6705126998115016,0.3730247835422545
4.307999999999748,-0.03959903437240169,-0.6687808986658962,0.37351608606548714
4.309999999999747,-0.040934840147542575,-0.6670202745631201,0.3739894837053498
4.311999999999747,-0.04226709595772904,-0.6652309461920312,0.3744449774291026
4.313999999999747,-0.04359574451412903,-0.6634130334606405,0.3748825690537446
4.315999999999747,-0.04492072876893857,-0.6615666574880313,0.37530226124444926
4.3179999999997465,-0.04624199191779582,-0.6596919405962198,0.3757040575129542
4.319999999999746,-0.04755947740217871,-0.6577890063019579,0.37608796221590574
4.321999999999746,-0.04887312891178619,-0.6558579793084804,0.37645398055315765
4.323999999999746,-0.0501828903869029,-0.6538989854971956,0.3768021185660264
4.325999999999746,-0.051488706020747156,-0.6519121519193218,0.3771323831355007
4.327999999999745,-0.05279052026180217,-0.6498976067874705,0.3774447819804081
4.329999999999745,-0.05408827781613037,-0.647855479467176,0.3777393236555374
4.331999999999745,-0.055381923649670727,-0.645785900468374,0.37801601754971836
4.333999999999745,-0.056671402990519,-0.6436890014368296,0.3782748738838577
4.3359999999997445,-0.057956661331190804,-0.6415649151455148,0.3785159037089338
4.337999999999744,-0.05923764443086731,-0.639413775485938,0.37873911890394824
4.339999999999744,-0.06051429831762367,-0.6372357174594252,0.37894453217383633
4.341999999999744,-0.06178656929063985,-0.6350308771683545,0.37913215704733627
4.343999999999744,-0.06305440392239395,-0.6327993918073452,0.3793020078748171
4.345999999999743,-0.06431774906083781,-0.6305413996544014,0.3794540998260666
4.347999999999743,-0.06557655183155496,-0.628257040062012,0.3795884488880385
4.349999999999743,-0.06683075963990058,-0.6259464534482081,0.37970507186256097
4.351999999999743,-0.06808032017312363,-0.6236097812875782,0.37980398636400464
4.3539999999997425,-0.06932518140247095,-0.6212471661022424,0.37988521081691273
4.355999999999742,-0.07056529158527329,-0.6188587514527873,0.37994876445359216
4.357999999999742,-0.07180059926701311,-0.6164446819291615,0.379994667311667
4.359999999999742,-0.07303105328337418,-0.6140051031415326,0.38002294023159383
4.361999999999742,-0.07425660276227285,-0.6115401617111088,0.38003360485414045
4.363999999999741,-0.0754771971258709,-0.6090500052609233,0.38002668361782727
4.365999999999741,-0.07669278609257002,-0.6065347824065838,0.3800021997563326
4.367999999999741,-0.07790331967898757,-0.6039946427469883,0.3799601772958619
4.369999999999741,-0.07910874820191395,-0.6014297368550084,0.3799006410524817
4.3719999999997405,-0.08030902228025115,-0.5988402162681393,0.37982361662941816
4.37399999999974,-0.08150409283693263,-0.5962262334791196,0.3797291304143208
4.37599999999974,-0.08269391110082441,-0.5935879419265212,0.3796172095764925
4.37799999999974,-0.08387842860860731,-0.5909254959853091,0.379487882064085
4.37999999999974,-0.08505759720664025,-0.5882390509573739,0.3793411766012619
4.381999999999739,-0.08623136905280464,-0.5855287630620373,0.3791771226853272
4.383999999999739,-0.08739969661832972,-0.5827947894265298,0.3789957505838233
4.385999999999739,-0.08856253268959882,-0.5800372880764455,0.37879709133159467
4.387999999999739,-0.08971983036993653,-0.5772564179261702,0.37858117672782154
4.3899999999997386,-0.0908715430813767,-0.5744523387692877,0.37834803933302164
4.391999999999738,-0.09201762456641122,-0.5716252112689629,0.37809771246602053
4.393999999999738,-0.09315802888971954,-0.568775196948304,0.3778302302008927
4.395999999999738,-0.09429271043987894,-0.5659024581807032,0.37754562736387154
4.397999999999738,-0.09542162393105537,-0.5630071581801586,0.3772439395302305
4.3999999999997375,-0.096544724404675,-0.560089460991577,0.37692520302113464
4.401999999999737,-0.09766196723107633,-0.5571495314810591,0.37658945490046347
4.403999999999737,-0.09877330811114282,-0.5541875353261673,0.37623673297160587
4.405999999999737,-0.09987870307791612,-0.551203639006178,0.37586707577422646
4.407999999999737,-0.10097810849818968,-0.5481980097923187,0.3754805225810051
4.409999999999736,-0.10207148107408294,-0.5451708157379909,0.375077113394349
4.411999999999736,-0.10315877784459583,-0.5421222256689792,0.37465688894307836
4.413999999999736,-0.1042399561871438,-0.5390524091736486,0.3742198906790854
4.415999999999736,-0.1053149738190731,-0.5359615365931302,0.37376616077396807
4.4179999999997355,-0.10638378879915654,-0.5328497790114954,0.3732957421156382
4.419999999999735,-0.10744635952906953,-0.5297173082459214,0.3728086783049043
4.421999999999735,-0.10850264475484644,-0.5265642968368467,0.3723050136520303
4.423999999999735,-0.10955260356831728,-0.5233909180381188,0.3717847931732698
4.425999999999735,-0.11059619540852465,-0.5201973458071348,0.37124806258737664
4.427999999999734,-0.111633380063121,-0.5169837547949754,0.3706948683120921
4.429999999999734,-0.1126641176697461,-0.5137503203365326,0.3701252574606087
4.431999999999734,-0.11368836871738479,-0.5104972184406336,0.3695392778380124
4.433999999999734,-0.114706094047705,-0.5072246257801596,0.3689369779377016
4.4359999999997335,-0.11571725485637596,-0.5039327196821621,0.3683184069377848
4.437999999999733,-0.11672181269436664,-0.5006216781179762,0.36768361469745703
4.439999999999733,-0.11771972946922445,-0.4972916796933323,0.36703265175335476
4.441999999999733,-0.11871096744633414,-0.49394290363846705,0.3663655693158906
4.443999999999733,-0.11969548925015691,-0.4905755297982337,0.36568241926556766
4.445999999999732,-0.12067325786544979,-0.48718973862221354,0.3649832541492738
4.447999999999732,-0.12164423663846516,-0.48378571115482805,0.36426812717655654
4.449999999999732,-0.1226083892781306,-0.4803636290254536,0.36353709221587915
4.451999999999732,-0.12356567985720887,-0.4769236744385384,0.3627902037908574
4.4539999999997315,-0.12451607281343821,-0.4734660301637233,0.36202751707647807
4.455999999999731,-0.12545953295065285,-0.46999087952596647,0.36124908789529986
4.457999999999731,-0.1263960254398837,-0.4664984063956732,0.3604549727136361
4.459999999999731,-0.12732551582043955,-0.46298879517883085,0.3596452286377203
4.461999999999731,-0.12824797000096816,-0.4594622308071504,0.358819913409855
4.46399999999973,-0.12916335426049802,-0.4559188987282144,0.3579790854045434
4.46599999999973,-0.1300716352494602,-0.45235898489563314,0.35712280362460525
4.46799999999973,-0.1309727799906905,-0.44878267575920816,0.35625112769727674
4.46999999999973,-0.1318667558804122,-0.445190158255105,0.3553641178702946
4.4719999999997295,-0.13275353068919868,-0.4415816197960354,0.3544618350079647
4.473999999999729,-0.13363307256291698,-0.4379572482614493,0.3535443405872164
4.475999999999729,-0.13450535002365133,-0.43431723198773753,0.3526116966936416
4.477999999999729,-0.13537033197060724,-0.430661759758446,0.3516639660175201
4.479999999999729,-0.13622798768099612,-0.4269910207945011,0.3507012118498303
4.481999999999728,-0.13707828681090017,-0.4233052047444479,0.34972349807824665
4.483999999999728,-0.13792119939611802,-0.4196045016747013,0.3487308891831241
4.485999999999728,-0.13875669585299058,-0.4158891020598105,0.3477234502334687
4.487999999999728,-0.13958474697920767,-0.41215919677273727,0.34670124688289583
4.4899999999997275,-0.1404053239545951,-0.40841497707514923,0.34566434536557633
4.491999999999727,-0.1412183983418824,-0.4046566346077279,0.3446128124921697
4.493999999999727,-0.14202394208745123,-0.4008843613804922,0.34354671564574635
4.495999999999727,-0.14282192752206427,-0.3970983497631385,0.34246612277769733
4.497999999999727,-0.14361232736157506,-0.3932987924753967,0.34137110240363355
4.499999999999726,-0.14439511470761832,-0.3894858825774033,0.3402617235992734
4.501999999999726,-0.14517026304828126,-0.38565981346009276,0.33913805599631996
4.503999999999726,-0.14593774625875552,-0.3818207788356057,0.33800016977832764
4.505999999999726,-0.14669753860197002,-0.3779689727277164,0.33684813567655836
4.507999999999726,-0.14744961472920465,-0.3741045894622785,0.3356820249658282
4.509999999999725,-0.14819394968068497,-0.3702278236576903,0.33450190946034386
4.511999999999725,-0.1489305188861577,-0.3663388702153797,0.3333078615095301
4.513999999999725,-0.1496592981654473,-0.36243792431030897,0.3320999539938475
4.515999999999725,-0.1503802637289936,-0.3585251813815003,0.33087826032060175
4.5179999999997245,-0.15109339217837042,-0.35460083712258184,0.3296428544197437
4.519999999999724,-0.1517986605067854,-0.3506650874723553,0.32839381073966134
4.521999999999724,-0.15249604609956083,-0.346718128605385,0.32713120424296305
4.523999999999724,-0.15318552673459593,-0.3427601569226084,0.32585511040225335
4.525999999999724,-0.15386708058281012,-0.33879136904197,0.32456560519590016
4.527999999999723,-0.15454068620856773,-0.3348119617890764,0.32326276510379515
4.529999999999723,-0.155206322570084,-0.33082213218787565,0.32194666710310593
4.531999999999723,-0.1558639690198124,-0.32682207745135883,0.3206173886640218
4.533999999999723,-0.15651360530481354,-0.3228119949722857,0.3192750077454918
4.5359999999997225,-0.1571552115671054,-0.3187920823139339,0.3179196027909564
4.537999999999722,-0.1577887683439952,-0.3147625372008727,0.31655125272407236
4.539999999999722,-0.1584142565683926,-0.3107235575097605,0.3151700369444316
4.541999999999722,-0.1590316575691049,-0.30667534126016743,0.3137760353232728
4.543999999999722,-0.15964095307111364,-0.3026180866054228,0.3123693281991886
4.545999999999721,-0.16024212519583297,-0.2985519918234875,0.31094999637382503
4.547999999999721,-0.1608351564613498,-0.29447725530785224,0.3095181211075767
4.549999999999721,-0.1614200297826458,-0.2903940755584606,0.3080737841152759
4.551999999999721,-0.16199672847180124,-0.2863026511726588,0.3066170675618761
4.5539999999997205,-0.16256523623818084,-0.282203180836171,0.3051480540581306
4.55599999999972,-0.16312553718860137,-0.278095863314101,0.3036668266562663
4.55799999999972,-0.1636776158274816,-0.27398089744196025,0.3021734688456519
4.55999999999972,-0.16422145705697408,-0.2698584821167226,0.30066806454846173
4.56199999999972,-0.16475704617707912,-0.2657288162879058,0.29915069811533535
4.563999999999719,-0.16528436888574108,-0.2615920989486801,0.29762145432103204
4.565999999999719,-0.16580341127892673,-0.2574485291270036,0.29608041836008114
4.567999999999719,-0.166314159850686,-0.2532983058767854,0.29452767584242856
4.569999999999719,-0.1668166014931951,-0.2491416282690756,0.2929633127890787
4.5719999999997185,-0.16731072349678194,-0.24497869538328323,0.2913874156277329
4.573999999999718,-0.1677965135499342,-0.2408097062984218,0.28980007118842355
4.575999999999718,-0.16827395973928969,-0.23663486008438245,0.2882013666991451
4.577999999999718,-0.16874305054960953,-0.23245435579323526,0.2865913897814809
4.579999999999718,-0.16920377486373378,-0.22826839245055833,0.28497022844622716
4.581999999999717,-0.16965612196251972,-0.22407716904679514,0.28333797108901293
4.583999999999717,-0.17010008152476314,-0.21988088452864007,0.2816947064859173
4.585999999999717,-0.17053564362710208,-0.21567973779045213,0.2800405237890832
4.587999999999717,-0.17096279874390372,-0.21147392766569706,0.2783755125223282
4.5899999999997165,-0.171381537747134,-0.20726365291841792,0.2766997625767522
4.591999999999716,-0.17179185190621027,-0.20304911223473415,0.2750133642063429
4.593999999999716,-0.17219373288783704,-0.19883050421436915,0.2733164080235774
4.595999999999716,-0.17258717275582464,-0.19460802736220648,0.2716089849950216
4.597999999999716,-0.17297216397089119,-0.1903818800798746,0.2698911864369279
4.599999999999715,-0.17334869939044767,-0.18615226065736054,0.2681631040108285
4.601999999999715,-0.17371677226836627,-0.181919367264652,0.26642482971912795
4.603999999999715,-0.1740763762547321,-0.17768339794340834,0.2646764559006923
4.605999999999715,-0.17442750539557822,-0.1734445505986604,0.2629180752264363
4.6079999999997145,-0.17477015413260405,-0.16920302299053894,0.2611497806949084
4.609999999999714,-0.17510431730287737,-0.16495901272603197,0.2593716656278735
4.611999999999714,-0.17542999013851984,-0.16071271725077088,0.2575838236658934
4.613999999999714,-0.1757471682663761,-0.15646433384084535,0.25578634876390527
4.615999999999714,-0.1760558477076664,-0.1522140595946471,0.25397933518679877
4.6179999999997134,-0.17635602487762334,-0.14796209142474237,0.25216287750498995
4.619999999999713,-0.17664769658511176,-0.14370862604977327,0.25033707058999455
4.621999999999713,-0.17693086003223313,-0.13945385998638782,0.2485020096099984
4.623999999999713,-0.1772055128139134,-0.1351979895411988,0.24665779002542704
4.625999999999713,-0.17747165291747485,-0.1309412108027713,0.24480450758451278
4.627999999999712,-0.17772927872219213,-0.12668371963363892,0.24294225831886052
4.629999999999712,-0.17797838899883217,-0.12242571166234877,0.24107113853901158
4.631999999999712,-0.17821898290917826,-0.11816738227553499,0.23919124483000656
4.633999999999712,-0.17845106000553834,-0.11390892661002092,0.23730267404694574
4.6359999999997115,-0.17867462023023756,-0.10965053954494983,0.23540552331054881
4.637999999999711,-0.178889663915095,-0.10539241569394413,0.23349989000271248
4.639999999999711,-0.1790961917808849,-0.10113474939729312,0.23158587176206707
4.641999999999711,-0.17929420493678208,-0.09687773471416912,0.22966356647953146
4.643999999999711,-0.17948370487979207,-0.09262156541487196,0.22773307229386663
4.64599999999971,-0.17966469349416556,-0.08836643497310182,0.22579448758722803
4.64799999999971,-0.17983717305079752,-0.08411253655826036,0.22384791098071646
4.64999999999971,-0.18000114620661098,-0.07986006302778002,0.2218934413299277
4.65199999999971,-0.18015661600392535,-0.0756092069194815,0.219931177720501
4.6539999999997095,-0.18030358586980966,-0.0713601604439593,0.2179612194636661
4.655999999999709,-0.18044205961542048,-0.06711311547699533,0.21598366609178932
4.657999999999709,-0.18057204143532474,-0.06286826355200048,0.21399861735391815
4.659999999999709,-0.18069353590680742,-0.058625795852484085,0.21200617321132498
4.661999999999709,-0.18080654798916435,-0.05438590320455127,0.21000643383304946
4.663999999999708,-0.18091108302297979,-0.05014877606942802,0.20799949959143998
4.665999999999708,-0.1810071467293893,-0.04591460453601399,0.2059854710576938
4.667999999999708,-0.1810947452093277,-0.04168357831346296,0.2039644489973963
4.669999999999708,-0.18117388494276204,-0.0374558867237909,0.20193653436605918
4.6719999999997075,-0.18124457278791015,-0.033231718694511476,0.1999018283046575
4.673999999999707,-0.1813068159804441,-0.029011262751299043,0.19786043213516588
4.675999999999707,-0.18136062213267934,-0.02479470701067905,0.19581244735609363
4.677999999999707,-0.18140599923274908,-0.020582239172745702,0.19375797563801886
4.679999999999707,-0.1814429556437642,-0.016374046513906886,0.19169711881912194
4.681999999999706,-0.1814715001029586,-0.0121703158796563,0.18962997890071764
4.683999999999706,-0.18149164172082016,-0.007971233677372671,0.18755665804278673
4.685999999999706,-0.18150338998020737,-0.0037769858691460443,0.1854772585595065
4.687999999999706,-0.18150675473545164,0.00041224203536895185,0.1833918829147804
4.6899999999997055,-0.18150174621144516,0.0045962649860729,0.18130063371776717
4.691999999999705,-0.1814883750027149,0.008774898399514525,0.1792036137184087
4.693999999999705,-0.18146665207248208,0.012947958165956822,0.17710092580295764
4.695999999999705,-0.18143658875170776,0.017115260656416425,0.17499267298950366
4.697999999999705,-0.18139819673812435,0.021276622729676287,0.17287895842349954
4.699999999999704,-0.181351488095253,0.02543186173927171,0.1707598853732862
4.701999999999704,-0.18129647525140724,0.029580795540449796,0.16863555722561716
4.703999999999704,-0.18123317099868252,0.03372324249710236,0.16650607748118235
4.705999999999704,-0.1811615884919321,0.037859021488672345,0.16437154975013135
4.7079999999997035,-0.181081741247729,0.04198795191703379,0.1622320777475959
4.709999999999703,-0.18099364314331431,0.04610985371334541,0.1600877652892121
4.711999999999703,-0.1808973084155318,0.0502245473448778,0.1579387162866416
4.713999999999703,-0.1807927516597489,0.054331853821814324,0.1557850347430929
4.715999999999703,-0.18067998782876402,0.058431594704025716,0.15362682474884173
4.717999999999702,-0.1805590322317005,0.06252359210781844,0.15146419047675116
4.719999999999702,-0.18042990053288704,0.06660766871265676,0.14929723617779128
4.721999999999702,-0.18029260875072461,0.07068364776785875,0.14712606617655866
4.723999999999702,-0.1801471732565401,0.07475135309926595,0.14495078486679525
4.7259999999997016,-0.1799936107734266,0.078810609115887,0.14277149670690711
4.727999999999701,-0.17983193837507055,0.0828612408165151,0.1405883062154831
4.729999999999701,-0.17966217348456545,0.08690307379631929,0.13840131796681301
4.731999999999701,-0.17948433387321258,0.09093593425340969,0.1362106365864058
4.733999999999701,-0.17929843765930864,0.09495964899537662,0.13401636674650774
4.7359999999997004,-0.17910450330692018,0.09897404544580352,0.13181861316162033
4.7379999999997,-0.1789025496246452,0.10297895165075388,0.12961748058401842
4.7399999999997,-0.17869259576436164,0.106974196285232,0.12741307379926825
4.7419999999997,-0.17847466121996317,0.1109596086596176,0.12520549762174565
4.7439999999997,-0.17824876582608196,0.11493501872607431,0.12299485689015437
4.745999999999699,-0.17801492975679872,0.11890025708493204,0.1207812564630448
4.747999999999699,-0.17777317352434005,0.12285515499104312,0.1185648012143327
4.749999999999699,-0.17752351797776303,0.1267995443601122,0.1163455960288185
4.751999999999699,-0.17726598430162724,0.13073325777500008,0.11412374579770693
4.7539999999996985,-0.17700059401465415,0.134656128492001,0.1118993554141272
4.755999999999698,-0.17672736896837396,0.1385679904470939,0.10967252976865365
4.757999999999698,-0.17644633134576007,0.14246867826216703,0.10744337374482701
4.759999999999698,-0.17615750365985106,0.14635802725121647,0.10521199221467656
4.761999999999698,-0.17586090875236018,0.15023587342651795,0.10297849003424282
4.763999999999697,-0.17555656979227285,0.1541020535047722,0.10074297203910121
4.765999999999697,-0.1752445102744315,0.15795640491322382,0.09850554303988675
4.767999999999697,-0.17492475401810847,0.16179876579575334,0.09626630781781959
4.769999999999697,-0.17459732516556672,0.1656289750189427,0.09402537112023181
4.7719999999996965,-0.17426224818060823,0.1694468721781138,0.09178283765609538
4.773999999999696,-0.17391954784711067,0.17325229760334035,0.08953881209155133
4.775999999999696,-0.17356924926755182,0.1770450923654325,0.08729339904544049
4.777999999999696,-0.1732113778615222,0.18082509828189458,0.08504670308483557
4.779999999999696,-0.1728459593642256,0.18459215792285566,0.0827988287205749
4.781999999999695,-0.17247301982496813,0.1883461146169727,0.08054988040279776
4.783999999999695,-0.17209258560563517,0.1920868124573066,0.07829996251648177
4.785999999999695,-0.17170468337915673,0.19581409630717045,0.07604917937698187
4.787999999999695,-0.17130934012796106,0.19952781180595033,0.0737976352255715
4.7899999999996945,-0.17090658314241686,0.20322780537489846,0.0715454342249859
4.791999999999694,-0.17049644001926362,0.20691392422289825,0.06929268045496763
4.793999999999694,-0.1700789386600307,0.21058601635220167,0.06703947790781449
4.795999999999694,-0.1696541072694449,0.21424393056413815,0.06478593048392987
4.797999999999694,-0.16922197435382655,0.21788751646479548,0.06253214198737583
4.799999999999693,-0.1687825687194744,0.2215166244706721,0.06027821612142881
4.801999999999693,-0.1683359194710391,0.22513110581430093,0.05802425648413834
4.803999999999693,-0.16788205600988565,0.22873081254984434,0.05577036656388863
4.805999999999693,-0.16742100803244447,0.23231559755866035,0.05351664973496348
4.8079999999996925,-0.1669528055285515,0.2358853145548397,0.0512632092531143
4.809999999999692,-0.16647747877977723,0.2394398180907135,0.04901014825113165
4.811999999999692,-0.16599505835774472,0.2429789635623318,0.04675756973442048
4.813999999999692,-0.16550557512243674,0.24650260721491224,0.04450557657657882
4.815999999999692,-0.165009060220492,0.25001060614825893,0.042254271514980624
4.817999999999691,-0.16450554508349055,0.2535028183221515,0.040003757146362534
4.819999999999691,-0.16399506142622855,0.2569791025617037,0.037754135922414805
4.821999999999691,-0.16347764124498215,0.2604393185626919,0.0355055101453767
4.823999999999691,-0.162953316815761,0.26388332689685273,0.03325798196363619
4.8259999999996905,-0.16242212069255096,0.2673109890171498,0.031011653367334635
4.82799999999969,-0.16188408570554644,0.2707221672630096,0.028766626183976074
4.82999999999969,-0.16133924495937224,0.27411672486552624,0.026523002074041624
4.83199999999969,-0.1607876318312951,0.277494525952634,0.02428088252660912
4.83399999999969,-0.16022927996942482,0.28085543555424913,0.022040368854978093
4.835999999999689,-0.1596642232909052,0.28419931960737865,0.019801562192300254
4.837999999999689,-0.1590924959800948,0.28752604496119777,0.017564563487215884
4.839999999999689,-0.15851413248673754,0.29083547938209425,0.015329473499495927
4.841999999999689,-0.15792916752412317,0.29412749155868034,0.013096392795690415
4.8439999999996886,-0.15733763606723802,0.29740195110677164,0.010865421744783
4.845999999999688,-0.1567395733509055,0.3006587285743326,0.008636660513852201
4.847999999999688,-0.15613501486791692,0.3038976954463888,0.006410209063739181
4.849999999999688,-0.15552399636715256,0.307118724149905,0.00418616714472253
4.851999999999688,-0.1549065538516928,0.31032168805862964,0.0019646342922000626
4.8539999999996875,-0.15428272357691988,0.3135064614979046,-0.00025429017762201855
4.855999999999687,-0.15365254204860984,0.31667291974944056,-0.0024705071720324268
4.857999999999687,-0.1530160460210151,0.3198209390560572,-0.00468391782611044
4.859999999999687,-0.15237327249493746,0.3229503966263885,-0.006894423507013497
4.861999999999687,-0.1517242587157919,0.3260611706395526,-0.009101925818256806
4.863999999999686,-0.15106904217166087,0.3291531402497852,-0.011306326603984396
4.865999999999686,-0.15040766059133953,0.3322261855910379,-0.013507527953231735
4.867999999999686,-0.1497401519423717,0.3352801877815392,-0.015705432204179415
4.869999999999686,-0.1490665544290768,0.33831502892831933,-0.01789994194839789
4.8719999999996855,-0.14838690649056774,0.3413305921316979,-0.020090960035082872
4.873999999999685,-0.14770124679875993,0.3443267614897344,-0.02227838957528122
4.875999999999685,-0.14700961425637135,0.3473034221026405,-0.024462133946107273
4.877999999999685,-0.14631204799491382,0.35026046007715506,-0.02664209679494889
4.879999999999685,-0.1456085873726757,0.3531977625308805,-0.02881818204366371
4.881999999999684,-0.14489927197269584,0.35611521759658044,-0.03099029389276453
4.883999999999684,-0.14418414160072887,0.3590127144264388,-0.03315833682559438
4.885999999999684,-0.14346323628320232,0.361890143196279,-0.03532221561249052
4.887999999999684,-0.14273659626516502,0.3647473951097441,-0.03748183531493718
4.8899999999996835,-0.1420042620082274,0.3675843624024367,-0.039637101289707016
4.891999999999683,-0.1412662741884934,0.3704009383460186,-0.041787919192990935
4.893999999999683,-0.14052267369448435,0.37319701725226984,-0.043934194984515895
4.895999999999683,-0.1397735016250546,0.3759724944771066,-0.04607583493165057
4.897999999999683,-0.1390187992872995,0.37872726642455823,-0.0482127456134987
4.899999999999682,-0.13825860819445487,0.3814612305507018,-0.050344833924979626
4.901999999999682,-0.13749297006378938,0.3841742853675555,-0.05247200708089603
4.903999999999682,-0.13672192681448858,0.38686633044692903,-0.05459417261998836
4.905999999999682,-0.13594552056553158,0.3895372664242316,-0.056711238408975934
4.9079999999996815,-0.13516379363356004,0.39218699500223664,-0.058823112646584214
4.909999999999681,-0.13437678853073978,0.39481541895480315,-0.06092970386755828
4.911999999999681,-0.13358454796261487,0.39742244213055333,-0.0630309209466618
4.913999999999681,-0.1327871148259545,0.40000796945650596,-0.06512667310266179
4.915999999999681,-0.1319845322065926,0.4025719069416653,-0.06721686990229847
4.91799999999968,-0.1311768433772602,0.40511416168056497,-0.06930142126424005
4.91999999999968,-0.13036409179541109,0.407634641856767,-0.07138023746302227
4.92199999999968,-0.12954632110104006,0.41013325674631484,-0.07345322913297242
4.92399999999968,-0.1287235751144947,0.4126099167211406,-0.07552030727211737
4.9259999999996795,-0.12789589783428018,0.41506453325242615,-0.07758138324607561
4.927999999999679,-0.12706333343485748,0.41749701891391716,-0.0796363687919329
4.929999999999679,-0.1262259262644349,0.41990728738519056,-0.0816851760221011
4.931999999999679,-0.12538372084275326,0.42229525345487423,-0.08372771742816038
4.933999999999679,-0.12453676185886456,0.4246608330238192,-0.08576390588468386
4.935999999999678,-0.12368509416890446,0.4270039431082235,-0.08779365465304503
4.937999999999678,-0.12282876279385843,0.42932450184270776,-0.08981687738520729
4.939999999999678,-0.12196781291732196,0.43162242848334204,-0.09183348812749545
4.941999999999678,-0.12110228988325461,0.43389764341062304,-0.09384340132434905
4.9439999999996775,-0.12023223919372823,0.43615006813240226,-0.09584653182205691
4.945999999999677,-0.11935770650666941,0.438379625286764,-0.0978427948724729
4.947999999999677,-0.1184787376335961,0.4405862386448532,-0.09983210613671259
4.949999999999677,-0.11759537853734882,0.44276983311365264,-0.10181438168883049
4.951999999999677,-0.1167076753298161,0.4449303347387093,-0.1037895380194775
4.953999999999676,-0.11581567426965482,0.4470676707068092,-0.10575749203953855
4.955999999999676,-0.11491942176000501,0.4491817693486007,-0.10771816108374978
4.957999999999676,-0.11401896434619957,0.451272560141166,-0.10967146291429535
4.959999999999676,-0.11311434871346888,0.45333997371053997,-0.11161731572438344
4.961999999999676,-0.11220562168464042,0.45538394183417646,-0.1135556381418011
4.963999999999675,-0.11129283021783351,0.4574043974433617,-0.11548634923244781
4.965999999999675,-0.11037602140414926,0.4594012746255742,-0.11740936850384734
4.967999999999675,-0.10945524246535593,0.4613745086267909,-0.11932461590863783
4.969999999999675,-0.10853054075156958,0.4633240358537397,-0.12123201184803953
4.9719999999996745,-0.10760196373893045,0.465249793876097,-0.12313147717530028
4.973999999999674,-0.10666955902727489,0.46715172142863115,-0.12502293319911806
4.975999999999674,-0.10573337433780301,0.46902975841329064,-0.1269063016870407
4.977999999999674,-0.1047934575107424,0.47088384590123705,-0.12878150486884232
4.979999999999674,-0.10384985650300761,0.4727139261348223,-0.13064846543987613
4.981999999999673,-0.1029026193858559,0.47451994252951024,-0.13250710656440357
4.983999999999673,-0.10195179434253915,0.47630183967574136,-0.13435735187889922
4.985999999999673,-0.10099742966595202,0.47805956334074184,-0.13619912549533153
4.987999999999673,-0.1000395737562767,0.4797930604702751,-0.1380323520044189
4.9899999999996725,-0.09907827511862409,0.4815022791903363,-0.13985695647886084
4.991999999999672,-0.0981135823606717,0.4831871688087896,-0.14167286447654404
4.993999999999672,-0.09714554419029833,0.48484767981694776,-0.14348000204372308
4.995999999999672,-0.09617420941321564,0.4864837638910934,-0.14527829571817555
4.997999999999672,-0.0951996269305967,0.4880953738939421,-0.14706767253233105
4.999999999999671,-0.09422184573670181,0.4896824638760473,-0.14884806001637435
5.001999999999671,-0.09324091491650134,0.49124498907714587,-0.15061938620132184
5.003999999999671,-0.09225688364329618,0.49278290592744484,-0.1523815796220716
5.005999999999671,-0.0912698011763355,0.49429617204884885,-0.15413456932042624
5.0079999999996705,-0.09027971685843221,0.4957847462561278,-0.1558782848480889
5.00999999999967,-0.08928668011357609,0.49724858855802473,-0.15761265626963167
5.01199999999967,-0.08829074044454478,0.4986876601583038,-0.1593376141654363
5.01399999999967,-0.08729194743051279,0.5001019234567377,-0.16105308963460713
5.01599999999967,-0.08629035072465849,0.5014913420500343,-0.16275901429785605
5.017999999999669,-0.08528600005176941,0.5028558807327034,-0.16445532030035867
5.019999999999669,-0.08427894520584578,0.5041955054978612,-0.1661419403145823
5.021999999999669,-0.0832692360477026,0.5055101835379746,-0.1678188075430848
5.023999999999669,-0.08225692250257023,0.5067998832455435,-0.16948585572128472
5.0259999999996685,-0.08124205455769369,0.5080645742137216,-0.17114301912020152
5.027999999999668,-0.0802246822599308,0.5093042272368759,-0.17279023254916714
5.029999999999668,-0.07920485571334923,0.5105188143110825,-0.17442743135850713
5.031999999999668,-0.07818262507682265,0.5117083086345627,-0.176054551442192
5.033999999999668,-0.07715804056162606,0.5128726846080547,-0.1776715292404587
5.035999999999667,-0.07613115242903042,0.5140119178351232,-0.17927830174240128
5.037999999999667,-0.07510201098789675,0.5151259851224073,-0.18087480648853121
5.039999999999667,-0.0740706665922698,0.5162148644798037,-0.18246098157330687
5.041999999999667,-0.07303716963897137,0.5172785351205889,-0.18403676564763205
5.0439999999996665,-0.07200157056519356,0.5183169774614765,-0.18560209792132304
5.045999999999666,-0.07096391984609177,0.5193301731226124,-0.1871569181655447
5.047999999999666,-0.06992426799237798,0.5203181049275056,-0.18870116671521445
5.049999999999666,-0.06888266554791417,0.5212807569028963,-0.19023478447137482
5.051999999999666,-0.06783916308730596,0.5222181142785598,-0.191757712903534
5.053999999999665,-0.06679381121349684,0.5231301634870467,-0.19326989405197392
5.055999999999665,-0.06574666055536293,0.524016892163359,-0.1947712705300265
5.057999999999665,-0.06469776176530845,0.5248782891445632,-0.19626178552631657
5.059999999999665,-0.06364716551686203,0.525714344469338,-0.19774138280697318
5.0619999999996645,-0.062594922502274,0.5265250493774581,-0.19921000671780695
5.063999999999664,-0.06154108343011476,0.5273103963092154,-0.20066760218645507
5.065999999999664,-0.06048569902287438,0.5280703789047732,-0.20211411472449292
5.067999999999664,-0.059428820014563566,0.5288049920034582,-0.2035494904295122
5.069999999999664,-0.05837049714831609,0.5295142316429877,-0.20497367598716554
5.0719999999996634,-0.057310781173992825,0.5301980950586315,-0.20638661867317776
5.073999999999663,-0.05624972284578756,0.5308565806823099,-0.2077882663553229
5.075999999999663,-0.055187372919834624,0.5314896881416278,-0.2091785674953674
5.077999999999663,-0.05412378215181856,0.5320974182588429,-0.21055747115097928
5.079999999999663,-0.0530590012945859,0.5326797730497711,-0.2119249269776029
5.081999999999662,-0.05199308109575918,0.5332367557226257,-0.21328088523029964
5.083999999999662,-0.0509260722953534,0.5337683706767933,-0.2146252967655537
5.085999999999662,-0.04985802562339491,0.5342746235015443,-0.21595811304304324
5.087999999999662,-0.04878899179754303,0.53475552097468,-0.21727928612737724
5.0899999999996615,-0.04771902152071435,0.5352110710611142,-0.218588768689797
5.091999999999661,-0.04664816547871002,0.5356412829113909,-0.21988651400984277
5.093999999999661,-0.04557647433784601,0.5360461668601375,-0.22117247597698542
5.095999999999661,-0.044503998742586516,0.536425734424454,-0.22244660909222275
5.097999999999661,-0.043430789313180736,0.5367799983022373,-0.22370886846964047
5.09999999999966,-0.042356896643302965,0.5371089723704423,-0.22495920983793793
5.10199999999966,-0.041282371297696276,0.5374126716832776,-0.22619758954191818
5.10399999999966,-0.040207263809819885,0.5376911124703382,-0.2274239645439425
5.10599999999966,-0.03913162467950029,0.5379443121346743,-0.22863829242534922
5.1079999999996595,-0.03805550437058636,0.5381722892507956,-0.22984053138783686
5.109999999999659,-0.036978953308608425,0.5383750635626126,-0.23103064025481146
5.111999999999659,-0.03590202187844164,0.5385526559813133,-0.23220857847269785
5.113999999999659,-0.03482476042197357,0.5387050885831779,-0.23337430611221502
5.115999999999659,-0.03374721923577626,0.5388323846073291,-0.23452778386961537
5.117999999999658,-0.032669448568782844,0.5389345684534194,-0.23566897306788828
5.119999999999658,-0.03159149861996886,0.5390116656792556,-0.23679783565792684
5.121999999999658,-0.030513419536038356,0.5390637029983604,-0.23791433421965896
5.123999999999658,-0.029435261409114975,0.5390907082774707,-0.23901843196314182
5.1259999999996575,-0.02835707427443805,0.5390927105339749,-0.2401100927296204
5.127999999999657,-0.02727890810806394,0.5390697399332857,-0.24118928099254938
5.129999999999657,-0.026200812824572647,0.5390218277861525,-0.2422559618585789
5.131999999999657,-0.02512283827477988,0.5389490065459112,-0.2433101010685036
5.133999999999657,-0.024045034243454704,0.5388513098056719,-0.2443516649981757
5.135999999999656,-0.02296745044704283,0.5387287722954459,-0.24538062065938124
5.137999999999656,-0.02189013653139576,0.5385814298792106,-0.24639693570068014
5.139999999999656,-0.020813142069505818,0.5384093195519136,-0.24740057840820956
5.141999999999656,-0.019736516559247283,0.5382124794364161,-0.248391517706451
5.1439999999996555,-0.018660309421123643,0.5379909487803756,-0.24936972315896078
5.145999999999655,-0.01758456999602119,0.5377447679530677,-0.25033516496906416
5.147999999999655,-0.016509347542969004,0.5374739784421493,-0.25128781398051264
5.149999999999655,-0.015434691236905473,0.5371786228503599,-0.25222764167810563
5.151999999999655,-0.014360650166451487,0.5368587448921652,-0.25315462018827445
5.153999999999654,-0.013287273331690382,0.5365143893903405,-0.2540687222796311
5.155999999999654,-0.012214609641954796,0.5361456022724946,-0.25496992136347985
5.157999999999654,-0.011142707913620516,0.5357524305675371,-0.2558581914942925
5.159999999999654,-0.01007161686790747,0.5353349224020842,-0.256733507370148
5.1619999999996535,-0.009001385128687946,0.5348931269968098,-0.25759584433313465
5.163999999999653,-0.007932061220302182,0.5344270946627357,-0.258445178369717
5.165999999999653,-0.006863693565381421,0.533936876797467,-0.2592814861110657
5.167999999999653,-0.005796330482678564,0.5334225258813687,-0.2601047448333521
5.169999999999653,-0.004730020184906515,0.532884095473686,-0.2609149324580058
5.171999999999652,-0.0036648107765843503,0.5323216402086086,-0.26171202755193645
5.173999999999652,-0.0026007502518914107,0.5317352157912785,-0.26249600932771994
5.175999999999652,-0.001537886492529437,0.5311248789937421,-0.2632668576437478
5.177999999999652,-0.0004762672655928544,0.530490687650847,-0.2640245530043416
5.1799999999996515,0.0005840597785526807,0.5298327006560842,-0.2647690765598306
5.181999999999651,0.001643047108383364,0.5291509779573752,-0.2655004101065948
5.183999999999651,0.0027006473133218464,0.5284455805528048,-0.26621853608707097
5.185999999999651,0.003756813105833248,0.5277165704863007,-0.26692343758972426
5.187999999999651,0.00481149732351248,0.5269640108432594,-0.2676150983489836
5.1899999999996504,0.005864652931162763,0.5261879657461185,-0.2682935027451422
5.19199999999965,0.006916233022865238,0.5253885003498772,-0.268958635804222
5.19399999999965,0.007966190824039567,0.5245656808375643,-0.26961048319780384
5.19599999999965,0.009014479693495416,0.5237195744156541,-0.2702490312428217
5.19799999999965,0.010061053125474723,0.5228502493094312,-0.27087426690132244
5.199999999999649,0.011105864751684635,0.5219577747583048,-0.27148617778019035
5.201999999999649,0.012148868343321031,0.5210422210110713,-0.27208475213083705
5.203999999999649,0.013190017813082523,0.5201036593211281,-0.2726699788488567
5.205999999999649,0.014229267217174824,0.519142161941637,-0.2732418474736466
5.2079999999996485,0.015266570757305403,0.5181578021206386,-0.2738003481879933
5.209999999999648,0.016301882782668316,0.5171506540961183,-0.2743454718176247
5.211999999999648,0.017335157791919117,0.5161207930910234,-0.27487720983072744
5.213999999999648,0.018366350435139768,0.5150682953082333,-0.27539555433743085
5.215999999999648,0.019395415515793428,0.5139932379254811,-0.27590049808925643
5.217999999999647,0.02042230799266904,0.5128956990902298,-0.276392034478534
5.219999999999647,0.021446982981815643,0.5117757579145008,-0.27687015753778393
5.221999999999647,0.022469395758466258,0.5106334944696574,-0.27733486193906604
5.223999999999647,0.023489501758951335,0.5094689897811426,-0.27778614299329496
5.2259999999996465,0.02450725658260161,0.5082823258231718,-0.27822399664952263
5.227999999999646,0.025522615993640297,0.507073585513381,-0.2786484194941875
5.229999999999646,0.026535535923064547,0.5058428527074317,-0.2790594087503308
5.231999999999646,0.027545972470516072,0.5045902121935715,-0.2794569622767804
5.233999999999646,0.028553881906140836,0.5033157496871524,-0.2798410785673018
5.235999999999645,0.02955922067243775,0.5020195518251065,-0.28021175674971704
5.237999999999645,0.03056194538609627,0.5007017061603793,-0.280568996584991
5.239999999999645,0.03156201283982283,0.49936230115632263,-0.2809127984662859
5.241999999999645,0.03255938000415601,0.4980014261810453,-0.28124316341798417
5.2439999999996445,0.033554004029270355,0.4966191715017248,-0.28156009309467867
5.245999999999644,0.034545842246768814,0.49521562827887805,-0.28186358978013276
5.247999999999644,0.03553485217146365,0.49379088856059344,-0.2821536563862078
5.249999999999644,0.036520991503145764,0.49234504527672374,-0.2824302964517604
5.251999999999644,0.03750421812834242,0.490878192233041,-0.2826935141415076
5.253999999999643,0.03848449012206317,0.48939042410535344,-0.2829433142448629
5.255999999999643,0.03946176574953404,0.4878818364335853,-0.28317970217473987
5.257999999999643,0.040436003467919805,0.48635252561581993,-0.2834026839663267
5.259999999999643,0.04140716192803431,0.4848025889023068,-0.28361226627582975
5.2619999999996425,0.04237519997603879,0.483232124389433,-0.2838084563791877
5.263999999999642,0.04334007665512809,0.48164123101365935,-0.2839912621707553
5.265999999999642,0.04430175120720471,0.48003000854542227,-0.2841606921619578
5.267999999999642,0.045260183074540654,0.47839855758300176,-0.28431675547991586
5.269999999999642,0.04621533190142692,0.47674697954635564,-0.28445946186604154
5.271999999999641,0.04716715753581069,0.4750753766709211,-0.28458882167460475
5.273999999999641,0.04811562003092006,0.47338385200138394,-0.2847048458712712
5.275999999999641,0.049060679646876285,0.47167250938541594,-0.284807546031612
5.277999999999641,0.05000229685229344,0.4699414534673809,-0.28489693433958424
5.2799999999996405,0.05094043232586551,0.46819078968201033,-0.2849730235859839
5.28199999999964,0.05187504695794077,0.4664206242480485,-0.2850358271668707
5.28399999999964,0.052806101852083426,0.4646310641618683,-0.28508535908196503
5.28599999999964,0.053733558326622466,0.462822217191058,-0.2851216339330176
5.28799999999964,0.05465737791618766,0.46099419186797924,-0.28514466692215146
5.289999999999639,0.055577522373232636,0.4591470974832975,-0.2851544738501773
5.291999999999639,0.056493953669545,0.4572810440794848,-0.2851510711148814
5.293999999999639,0.05740663399774343,0.45539614244429566,-0.2851344757092874
5.295999999999639,0.05831552577276169,0.45349250410421715,-0.2851047052198913
5.2979999999996386,0.059220591633319525,0.4515702413178926,-0.28506177782487024
5.299999999999638,0.06012179444338039,0.4496294670695204,-0.2850057122922658
5.301999999999638,0.06101909729359592,0.44767029506222833,-0.28493652797814056
5.303999999999638,0.061912463502737165,0.4456928397114236,-0.2848542448247101
5.305999999999638,0.06280185661911246,0.4436972161381193,-0.28475888335844896
5.3079999999996375,0.06368724042197195,0.44168354016223793,-0.2846504646881721
5.309999999999637,0.0645685789228987,0.43965192829589256,-0.28452901050309093
5.311999999999637,0.06544583636718636,0.43760249773664595,-0.284394543070845
5.313999999999637,0.06631897723520325,0.4355353663607483,-0.28424708523550934
5.315999999999637,0.067187966243743,0.4334506527163544,-0.2840866604155774
5.317999999999636,0.06805276834736156,0.4313484760167201,-0.2839132926019202
5.319999999999636,0.06891334873970056,0.4292289561333794,-0.2837270063557216
5.321999999999636,0.06976967285479706,0.4270922135893022,-0.28352782680639027
5.323999999999636,0.07062170636837951,0.42493836955203323,-0.28331577964944815
5.3259999999996355,0.07146941519915012,0.42276754582681314,-0.2830908911443961
5.327999999999635,0.07231276551005324,0.4205798648496817,-0.28285318811255666
5.329999999999635,0.07315172370953013,0.41837544968056406,-0.28260269793489406
5.331999999999635,0.0739862564527598,0.41615442399634056,-0.2823394485498122
5.333999999999635,0.07481633064288594,0.41391691208390025,-0.2820634684509301
5.335999999999634,0.07564191343222999,0.411663038833179,-0.2817747866848361
5.337999999999634,0.07646297222349029,0.4093929297301829,-0.2814734328488195
5.339999999999634,0.07727947467092719,0.4071067108499966,-0.2811594370885817
5.341999999999634,0.07809138868153424,0.4048045088497785,-0.2808328300959255
5.3439999999996335,0.07889868241619533,0.4024864509617417,-0.2804936431064235
5.345999999999633,0.07970132429082769,0.4001526649861226,-0.28014190789706617
5.347999999999633,0.08049928297751101,0.3978032792841369,-0.279777656783889
5.349999999999633,0.08129252740560226,0.39543842277092334,-0.27940092261957944
5.351999999999633,0.08208102676283652,0.3930582249084767,-0.27901173879106395
5.353999999999632,0.08286475049641358,0.39066281569856925,-0.2786101392170749
5.355999999999632,0.08364366831407044,0.38825232567566226,-0.2781961583456982
5.357999999999632,0.08441775018513958,0.3858268858998071,-0.27776983115190157
5.359999999999632,0.08518696634159303,0.38338662794953754,-0.2773311931350432
5.3619999999996315,0.08595128727907222,0.38093168391475224,-0.2768802803163618
5.363999999999631,0.0867106837579036,0.37846218638958967,-0.27641712923644834
5.365999999999631,0.08746512680409997,0.3759782684652943,-0.27594177695269845
5.367999999999631,0.08821458771034757,0.3734800637230758,-0.27545426103674714
5.369999999999631,0.08895903803697885,0.3709677062269607,-0.2749546195718855
5.37199999999963,0.08969844961293098,0.3684413305166379,-0.27444289115045917
5.37399999999963,0.09043279453668997,0.365901071600298,-0.2739191148712499
5.37599999999963,0.09116204517722053,0.3633470649474666,-0.273383330336839
5.37799999999963,0.09188617417488158,0.36077944648183274,-0.27283557765095384
5.3799999999996295,0.09260515444232742,0.3581983525740726,-0.27227589741579794
5.381999999999629,0.09331895916539448,0.35560392003466884,-0.27170433072936373
5.383999999999629,0.09402756180397377,0.3529962861067258,-0.2711209191827289
5.385999999999629,0.09473093609286894,0.35037558845878175,-0.2705257048573367
5.387999999999629,0.09542905604263996,0.34774196517761796,-0.2699187303222598
5.389999999999628,0.09612189594043241,0.3450955547610651,-0.2693000386314489
5.391999999999628,0.0968094303507924,0.34243649611080773,-0.268669673320965
5.393999999999628,0.09749163411646702,0.3397649285251868,-0.26802767840619623
5.395999999999628,0.09816848235919058,0.33708099169200145,-0.26737409837906045
5.3979999999996275,0.09883995048045618,0.33438482568130923,-0.2667089782051913
5.399999999999627,0.09950601416227314,0.33167657093822644,-0.2660323633211108
5.401999999999627,0.10016664936790987,0.32895636827572805,-0.2653442996313864
5.403999999999627,0.10082183234262238,0.32622435886744827,-0.2646448335057739
5.405999999999627,0.10147153961436844,0.32348068424048176,-0.2639340117763465
5.407999999999626,0.10211574799450729,0.320725486268186,-0.2632118817346093
5.409999999999626,0.10275443457848492,0.3179589071629851,-0.2624784911286003
5.411999999999626,0.1033875767465051,0.31518108946917583,-0.26173388815997745
5.413999999999626,0.10401515216418586,0.31239217605573566,-0.260978121481093
5.415999999999626,0.10463713878320169,0.3095923101091337,-0.26021124019205366
5.417999999999625,0.10525351484191135,0.30678163512614454,-0.25943329383776853
5.419999999999625,0.1058642588659713,0.30396029490666565,-0.25864433240498363
5.421999999999625,0.1064693496689347,0.30112843354653857,-0.2578444063193041
5.423999999999625,0.10706876635283624,0.29828619543037405,-0.257033566442204
5.4259999999996245,0.10766248830876242,0.29543372522438205,-0.25621186406802327
5.427999999999624,0.1082504952174076,0.2925711678692063,-0.25537935092095343
5.429999999999624,0.10883276704961573,0.2896986685727641,-0.2545360791520107
5.431999999999624,0.10940928406690774,0.2868163728030919,-0.2536821013359978
5.433999999999624,0.1099800268219946,0.2839244262811964,-0.2528174704684537
5.435999999999623,0.11054497615927616,0.28102297497391215,-0.2519422399625928
5.437999999999623,0.11110411321532564,0.27811216508676545,-0.25105646364623224
5.439999999999623,0.11165741941935987,0.2751921430568453,-0.25016019575870835
5.441999999999623,0.11220487649369537,0.2722630555456816,-0.24925349094778254
5.4439999999996225,0.11274646645419002,0.26932504943213037,-0.24833640426653616
5.445999999999622,0.11328217161067067,0.2663782718052674,-0.24740899117025522
5.447999999999622,0.11381197456734643,0.2634228699572896,-0.24647130751330437
5.449999999999622,0.1143358582232079,0.26045899137642475,-0.24552340954599122
5.451999999999622,0.11485380577241207,0.2574867837398502,-0.24456535391142026
5.453999999999621,0.1153658007046532,0.2545063949066202,-0.24359719764233717
5.455999999999621,0.11587182680551947,0.251517972910603,-0.24261899815796328
5.457999999999621,0.11637186815683558,0.24852166595342698,-0.24163081326082098
5.459999999999621,0.11686590913699121,0.24551762239743688,-0.24063270113354907
5.4619999999996205,0.11735393442125547,0.24250599075866025,-0.23962472033570964
5.46399999999962,0.11783592898207715,0.239486919699784,-0.2386069298005856
5.46599999999962,0.1183118780893711,0.23646055802314184,-0.23757938883196916
5.46799999999962,0.1187817673107905,0.23342705466371244,-0.236542157100942
5.46999999999962,0.11924558251198515,0.2303865586821289,-0.23549529464264674
5.471999999999619,0.1197033098568458,0.22733921925769945,-0.2344388618530496
5.473999999999619,0.12015493580773454,0.22428518568144004,-0.23337291948569552
5.475999999999619,0.12060044712570125,0.2212246073491186,-0.23229752864845454
5.477999999999619,0.1210398308706862,0.21815763375431174,-0.23121275080026055
5.4799999999996185,0.12147307440170867,0.21508441448147336,-0.23011864774784208
5.481999999999618,0.1219001653770418,0.21200509919901644,-0.22901528164244533
5.483999999999618,0.12232109175437367,0.20891983765240718,-0.22790271497655
5.485999999999618,0.12273584179095441,0.2058287796572725,-0.22678101058057726
5.487999999999618,0.12314440404372973,0.20273207509252072,-0.22565023161959066
5.489999999999617,0.12354676736946056,0.1996298738934757,-0.2245104415899901
5.491999999999617,0.12394292092482906,0.19652232604502468,-0.2233617043161984
5.493999999999617,0.12433285416653088,0.19340958157478022,-0.2222040839473414
5.495999999999617,0.12471655685135381,0.19029179054625597,-0.22103764495392098
5.4979999999996165,0.12509401903624276,0.18716910305205703,-0.2198624521244818
5.499999999999616,0.12546523107835114,0.1840416692070846,-0.21867857056227127
5.501999999999616,0.1258301836350787,0.1809096391417555,-0.21748606568189344
5.503999999999616,0.12618886766409573,0.17777316299523657,-0.21628500320595645
5.505999999999616,0.12654127442335392,0.17463239090869398,-0.215075449161714
5.507999999999615,0.1268873954710835,0.1714874730185581,-0.2138574698777009
5.509999999999615,0.1272272226657771,0.16833855944980358,-0.21263113198036254
5.511999999999615,0.1275607481661602,0.16518580030924515,-0.2113965023906789
5.513999999999615,0.12788796443114794,0.16202934567884922,-0.21015364832078276
5.5159999999996145,0.12820886421978897,0.15886934560906135,-0.20890263727057257
5.517999999999614,0.1285234405911956,0.15570595011215002,-0.20764353702431965
5.519999999999614,0.12883168690446087,0.15253930915556654,-0.2063764156472706
5.521999999999614,0.12913359681856224,0.14936957265532144,-0.20510134148224413
5.523999999999614,0.12942916429225212,0.1461968904693776,-0.20381838314622297
5.525999999999613,0.12971838358393525,0.14302141239105987,-0.20252760952694093
5.527999999999613,0.13000124925153275,0.13984328814248193,-0.2012290897794652
5.529999999999613,0.1302777561523332,0.13666266736799002,-0.19992289332277371
5.531999999999613,0.13054789944283055,0.1334796996276238,-0.1986090898363282
5.533999999999613,0.13081167457854895,0.1302945343905948,-0.19728774925664244
5.535999999999612,0.13106907731385464,0.12710732102878217,-0.19595894177384635
5.537999999999612,0.13132010370175481,0.12391820881024611,-0.19462273782824574
5.539999999999612,0.1315647500936834,0.12072734689275903,-0.19327920810687788
5.541999999999612,0.13180301313927417,0.11753488431735469,-0.19192842354006293
5.5439999999996115,0.13203488978612074,0.11434097000189525,-0.19057045529795152
5.545999999999611,0.13226037727952383,0.11114575273465656,-0.18920537478706836
5.547999999999611,0.1324794731622257,0.10794938116793167,-0.1878332536468521
5.549999999999611,0.13269217527413177,0.10475200381165273,-0.18645416374619153
5.551999999999611,0.13289848175201965,0.10155376902703145,-0.18506817717995813
5.55399999999961,0.1330983910292352,0.09835482502021815,-0.18367536626553538
5.55599999999961,0.1332919018353762,0.09515531983597962,-0.18227580353934428
5.55799999999961,0.13347901319596323,0.09195540135139574,-0.18086956175336602
5.55999999999961,0.133659724432098,0.08875521726957517,-0.1794567138716611
5.5619999999996095,0.13383403516010917,0.08555491511339013,-0.17803733306688557
5.563999999999609,0.13400194529118561,0.08235464221923032,-0.17661149271680424
5.565999999999609,0.13416345503099725,0.07915454573077617,-0.17517926640080078
5.567999999999609,0.13431856487930338,0.07595477259279149,-0.17374072789638534
5.569999999999609,0.13446727562954866,0.07275546954493564,-0.17229595117569912
5.571999999999608,0.13460958836844678,0.06955678311559535,-0.1708450104020165
5.573999999999608,0.13474550447555167,0.06635885961573618,-0.16938797992624444
5.575999999999608,0.13487502562281664,0.06316184513277384,-0.16792493428341976
5.577999999999608,0.13499815377414107,0.05996588552446544,-0.16645594818920356
5.5799999999996075,0.13511489118490508,0.05677112641282069,-0.16498109653637377
5.581999999999607,0.13522524040149195,0.05357771317803328,-0.16350045439131541
5.583999999999607,0.13532920426079836,0.05038579095243238,-0.1620140969905086
5.585999999999607,0.13542678588973275,0.0471955046144545,-0.16052209973701456
5.587999999999607,0.13551798870470144,0.04400699878263568,-0.15902453819696
5.589999999999606,0.13560281641108285,0.0408204178096242,-0.1575214880960193
5.591999999999606,0.13568127300268978,0.03763590577621383,-0.15601302531589495
5.593999999999606,0.13575336276121977,0.034453606485397734,-0.1544992258907967
5.595999999999606,0.1358190902556935,0.03127366345644313,-0.15298016600391864
5.5979999999996055,0.13587846034188153,0.028096219918986778,-0.15145592198391505
5.599999999999605,0.13593147816171905,0.02492141880715137,-0.1499265703013749
5.601999999999605,0.13597814914270906,0.021749402753682964,-0.14839218756529474
5.603999999999605,0.13601847899731376,0.018580314084109473,-0.14685285051955055
5.605999999999605,0.13605247372233428,0.015414294810920348,-0.1453086360393685
5.607999999999604,0.1360801395982788,0.012251486627767524,-0.14375962112779445
5.609999999999604,0.13610148318871906,0.009092030903687712,-0.14220588291216257
5.611999999999604,0.13611651133963548,0.005936068677346128,-0.14064749864056292
5.613999999999604,0.13612523117875058,0.0027837406513017303,-0.13908454567830855
5.6159999999996035,0.13612765011485106,-0.0003648128137059329,-0.13751710150440144
5.617999999999603,0.1361237758370985,-0.003509451704448191,-0.1359452437079981
5.619999999999603,0.1361136163143287,-0.006650036360876955,-0.13436904998487442
5.621999999999603,0.13609717979433955,-0.009786427481772558,-0.1327885981338902
5.623999999999603,0.1360744748031679,-0.012918486130369666,-0.13120396605345327
5.625999999999602,0.1360455101443549,-0.016046073739961163,-0.12961523173798306
5.627999999999602,0.1360102948982004,-0.01916905211947993,-0.12802247327437433
5.629999999999602,0.1359688384210061,-0.022287283459058425,-0.12642576883846043
5.631999999999602,0.1359211503443075,-0.02540063033556601,-0.12482519669147689
5.6339999999996015,0.13586724057409505,-0.02850895571812388,-0.12322083517652449
5.635999999999601,0.13580711929002412,-0.031612122973597584,-0.12161276271503312
5.637999999999601,0.13574079694461397,-0.03470999587206699,-0.12000105780322533
5.639999999999601,0.1356682842624359,-0.03780243859227364,-0.11838579900858047
5.641999999999601,0.1355895922392906,-0.0408893157270454,-0.11676706496629909
5.6439999999996004,0.13550473214137437,-0.043970492288698294,-0.1151449343757679
5.6459999999996,0.13541371550443498,-0.04704583371441551,-0.11351948599702523
5.6479999999996,0.13531655413291646,-0.05011520587160339,-0.11189079864722723
5.6499999999996,0.1352132600990933,-0.05317847506322437,-0.11025895119711476
5.6519999999996,0.13510384574219406,-0.056235508033106806,-0.1086240225674811
5.653999999999599,0.1349883236675144,-0.05928617197123148,-0.10698609172564065
5.655999999999599,0.13486670674551943,-0.06233033451899491,-0.10534523768189866
5.657999999999599,0.13473900811093567,-0.06536786377444909,-0.10370153948602197
5.659999999999599,0.13460524116183253,-0.0683986282975178,-0.10205507622371113
5.6619999999995985,0.13446541955869334,-0.07142249711518935,-0.10040592701307363
5.663999999999598,0.13431955722347608,-0.07443933972668546,-0.09875417100109868
5.665999999999598,0.13416766833866373,-0.07744902610860649,-0.09709988736013335
5.667999999999598,0.13400976734630443,-0.08045142672005276,-0.09544315528436048
5.669999999999598,0.1338458689470414,-0.08344641250772178,-0.09378405398627805
5.671999999999597,0.13367598809913256,-0.08643385491098148,-0.09212266269318051
5.673999999999597,0.13350014001746027,-0.08941362586691917,-0.09045906064364181
5.675999999999597,0.13331834017253077,-0.09238559781536632,-0.08879332708400069
5.677999999999597,0.13313060428946374,-0.09534964370389878,-0.08712554126484762
5.6799999999995965,0.1329369483469718,-0.0983056369928127,-0.08545578243751435
5.681999999999596,0.13273738857633016,-0.10125345166007559,-0.08378412985056546
5.683999999999596,0.1325319414603363,-0.10419296220625293,-0.08211066274629236
5.685999999999596,0.1323206237322599,-0.1071240436594098,-0.08043546035720985
5.687999999999596,0.1321034523747829,-0.11004657157998765,-0.07875860190255499
5.689999999999595,0.13188044461893003,-0.11296042206565594,-0.07708016658478908
5.691999999999595,0.13165161794298935,-0.1158654717561388,-0.07540023358610207
5.693999999999595,0.1314169900714235,-0.11876159783801626,-0.07371888206491994
5.695999999999595,0.13117657897377108,-0.12164867804950022,-0.07203619115241536
5.6979999999995945,0.13093040286353871,-0.12452659068518485,-0.07035223994902097
5.699999999999594,0.13067848019708353,-0.12739521460077144,-0.06866710752094629
5.701999999999594,0.13042082967248625,-0.13025442921776756,-0.06698087289669781
5.703999999999594,0.13015747022841487,-0.13310411452816026,-0.06529361506360247
5.705999999999594,0.12988842104297907,-0.1359441510990634,-0.06360541296433474
5.707999999999593,0.1296137015325754,-0.13877442007733892,-0.061916345493447364
5.709999999999593,0.12933333135072309,-0.14159480319419174,-0.06022649149390594
5.711999999999593,0.1290473303868908,-0.14440518276973854,-0.05853592975362722
5.713999999999593,0.12875571876531436,-0.14720544171754998,-0.05684473900202154
5.7159999999995925,0.1284585168438052,-0.14999546354916626,-0.05515299790653937
5.717999999999592,0.12815574521254997,-0.15277513237858611,-0.053460785069222055
5.719999999999592,0.12784742469290125,-0.15554433292672884,-0.05176817902325691
5.721999999999592,0.12753357633615917,-0.15830295052586937,-0.05007525822953683
5.723999999999592,0.12721422142234426,-0.16105087112404634,-0.04838210107322448
5.725999999999591,0.12688938145896164,-0.1637879812894427,-0.04668878586032109
5.727999999999591,0.1265590781797563,-0.16651416821473913,-0.044995390814240296
5.729999999999591,0.12622333354345983,-0.1692293197214399,-0.043301994072386746
5.731999999999591,0.1258821697325284,-0.1719333242641709,-0.04160867368273988
5.7339999999995905,0.12553560915187228,-0.1746260709349502,-0.039915507600442934
5.73599999999959,0.12518367442757689,-0.1773074494674303,-0.03822257368439719
5.73799999999959,0.12482638840561514,-0.1799773502411125,-0.03652994969386174
5.73999999999959,0.12446377415055171,-0.18263566428553307,-0.034837713285058886
5.74199999999959,0.12409585494423873,-0.1852822832844209,-0.03314594200778517
5.743999999999589,0.12372265428450328,-0.1879170995798267,-0.031454713302028287
5.745999999999589,0.12334419588382664,-0.19054000617622358,-0.029764104494589938
5.747999999999589,0.12296050366801538,-0.19315089674457864,-0.028074192795714853
5.749999999999589,0.12257160177486431,-0.1957496656263958,-0.02638505529572606
5.7519999999995886,0.12217751455281142,-0.19833620783772934,-0.024696768961666407
5.753999999999588,0.12177826655958476,-0.20091041907316814,-0.02300941063394675
5.755999999999588,0.12137388256084145,-0.20347219570979064,-0.02132305702300069
5.757999999999588,0.12096438752879868,-0.2060214348110901,-0.019637784705946126
5.759999999999588,0.12054980664085711,-0.20855803413087,-0.017953670123253634
5.7619999999995875,0.1201301652782163,-0.21108189211710984,-0.016270789575422107
5.763999999999587,0.11970548902448251,-0.21359290791580043,-0.014589219219661373
5.765999999999587,0.11927580366426895,-0.21609098137474939,-0.012909035066582294
5.767999999999587,0.11884113518178825,-0.21857601304735588,-0.011230312976894252
5.769999999999587,0.11840150975943764,-0.2210479041963551,-0.00955312865811031
5.771999999999586,0.1179569537763765,-0.22350655679753167,-0.007877557661260096
5.773999999999586,0.11750749380709655,-0.22595187354340265,-0.006203675377610657
5.775999999999586,0.1170531566199848,-0.22838375784686887,-0.00453155703539522
5.777999999999586,0.11659396917587915,-0.2308021138448356,-0.0028612776965503683
5.7799999999995855,0.1161299586266167,-0.23320684640180142,-0.0011929122534613534
5.781999999999585,0.1156611523135751,-0.23559786111341585,0.000473464574284016
5.783999999999585,0.1151875777662067,-0.23797506431000495,0.0021377782431328263
5.785999999999585,0.11470926270056563,-0.2403383630600652,0.0037999543887957815
5.787999999999585,0.1142262350178281,-0.24268766517372528,0.005459918829466975
5.789999999999584,0.11373852280280561,-0.2450228792061755,0.007117597569034545
5.791999999999584,0.11324615432245148,-0.24734391446106493,0.008772916800282138
5.793999999999584,0.11274915802436054,-0.24965068099386586,0.010425802908080983
5.795999999999584,0.11224756253526216,-0.2519430896152055,0.012076182472572389
5.7979999999995835,0.11174139665950664,-0.2542210518941648,0.01372398227234059
5.799999999999583,0.11123068937754499,-0.25648448016154385,0.01536912928757575
5.801999999999583,0.11071546984440232,-0.2587332875130946,0.017011550703226935
5.803999999999583,0.11019576738814471,-0.2609673878127193,0.018651173912144978
5.805999999999583,0.1096716115083397,-0.26318669569563585,0.020287926518214927
5.807999999999582,0.10914303187451059,-0.2653911265715094,0.02192173633947822
5.809999999999582,0.10861005832458438,-0.26758059662754924,0.023552531411244096
5.811999999999582,0.10807272086333367,-0.2697550228315723,0.025180239989190237
5.813999999999582,0.10753104966081234,-0.27191432293503187,0.026804790552452495
5.8159999999995815,0.10698507505078537,-0.27405841547601173,0.028426111806703597
5.817999999999581,0.10643482752915256,-0.27618721978218574,0.03004413268722049
5.819999999999581,0.10588033775236642,-0.27830065597374254,0.03165878236194031
5.821999999999581,0.10532163653584425,-0.28039864496627487,0.033269990234504845
5.823999999999581,0.10475875485237449,-0.28248110847363395,0.03487768594729318
5.82599999999958,0.10419172383051734,-0.28454796901074836,0.03648179938444249
5.82799999999958,0.10362057475299988,-0.28659914989640706,0.038082260674856844
5.82999999999958,0.10304533905510556,-0.288634575256007,0.03967900019520365
5.83199999999958,0.10246604832305825,-0.2906541700242643,0.04127194857289794
5.8339999999995795,0.10188273429240095,-0.29265785994788973,0.0428610366890739
5.835999999999579,0.10129542884636916,-0.29464557158822746,0.04444619568154391
5.837999999999579,0.10070416401425898,-0.29661723232385756,0.04602735694774457
5.839999999999579,0.10010897196979007,-0.2985727703531617,0.0476044521476698
5.841999999999579,0.09950988502946356,-0.3005121146968521,0.04917741320679078
5.843999999999578,0.09890693565091482,-0.30243519520046297,0.050746172318962474
5.845999999999578,0.09830015643126143,-0.30434194253680574,0.05231066194931666
5.847999999999578,0.09768958010544614,-0.3062322882083856,0.05387081483714144
5.849999999999578,0.09707523954457511,-0.30810616454978157,0.05542656399874667
5.8519999999995775,0.09645716775425149,-0.30996350472998824,0.05697784273031567
5.853999999999577,0.09583539787290417,-0.31180424275471963,0.05852458461074263
5.855999999999577,0.09520996317011211,-0.31362831346867537,0.060066723504455646
5.857999999999577,0.0945808970449242,-0.315435652557768,0.06160419356422557
5.859999999999577,0.09394823302417453,-0.3172261965513125,0.0631369292339598
5.861999999999576,0.09331200476079352,-0.31899988282417663,0.06466486525148173
5.863999999999576,0.09267224603211463,-0.32075664959889294,0.0661879366512948
5.865999999999576,0.09202899073817701,-0.3224964359477317,0.06770607876733184
5.867999999999576,0.09138227290002396,-0.3242191817947346,0.06921922723568884
5.869999999999576,0.09073212665799738,-0.3259248279177094,0.07072731799734333
5.871999999999575,0.09007858627002827,-0.3276133159501851,0.07223028730085732
5.873999999999575,0.08942168610992339,-0.32928458838332764,0.07372807170506429
5.875999999999575,0.0887614606656481,-0.33093858856781533,0.07522060808174043
5.877999999999575,0.0880979445376055,-0.33257526071567517,0.07670783361825956
5.8799999999995745,0.08743117243691188,-0.33419454990207853,0.07818968582023209
5.881999999999574,0.08676117918366875,-0.3357964020670968,0.07966610251412738
5.883999999999574,0.08608799970523126,-0.33738076401741685,0.08113702184987966
5.885999999999574,0.08541166903447331,-0.3389475834280155,0.08260238230347716
5.887999999999574,0.08473222230804932,-0.34049680884379396,0.08406212267953445
5.889999999999573,0.0840496947646528,-0.3420283896811709,0.08551618211384766
5.891999999999573,0.08336412174327174,-0.3435422762296348,0.08696450007593265
5.893999999999573,0.08267553868144097,-0.3450384196532552,0.08840701637154566
5.895999999999573,0.0819839811134915,-0.3465167719921528,0.08984367114518664
5.8979999999995725,0.08128948466879701,-0.3479772861639278,0.0912744048825849
5.899999999999572,0.08059208507001747,-0.3494199159650472,0.0926991584131669
5.901999999999572,0.07989181813134008,-0.35084461607218986,0.09411787291250612
5.903999999999572,0.0791887197567175,-0.3522513420435506,0.09553048990475485
5.905999999999572,0.0784828259381036,-0.3536400503201013,0.09693695126505779
5.907999999999571,0.07777417275368666,-0.3550106982268111,0.09833719922194706
5.909999999999571,0.07706279636612016,-0.35636324397382324,0.09973117635971888
5.911999999999571,0.07634873302075135,-0.35769764665759074,0.10111882562079146
5.913999999999571,0.07563201904384746,-0.35901386626196863,0.10250009030804402
5.9159999999995705,0.07491269084081993,-0.3603118636592644,0.10387491408713685
5.91799999999957,0.0741907848944464,-0.36159160061124523,0.10524324098881226
5.91999999999957,0.07346633776309089,-0.3628530397701031,0.10660501541117622
5.92199999999957,0.07273938607892196,-0.36409614467937607,0.10796018212196065
5.92399999999957,0.07200996654612919,-0.3653208797748275,0.10930868626076608
5.925999999999569,0.07127811593913787,-0.3665272103852817,0.11065047334128457
5.927999999999569,0.07054387110082204,-0.3677151027334162,0.11198548925350298
5.929999999999569,0.0698072689407161,-0.36888452393651117,0.11331368026588605
5.931999999999569,0.0690683464332248,-0.3700354420071552,0.11463499302753949
5.9339999999995685,0.06832714061583209,-0.37116782585390756,0.1159493745703528
5.935999999999568,0.06758368858730839,-0.37228164528191676,0.1172567723111217
5.937999999999568,0.06683802750591694,-0.3733768709934958,0.11855713405365
5.939999999999568,0.06609019458761893,-0.37445347458865336,0.11985040799083096
5.941999999999568,0.06534022710427756,-0.37551142856558123,0.12113654270670775
5.943999999999567,0.06458816238186126,-0.3765507063210977,0.12241548717851305
5.945999999999567,0.063834037798646,-0.3775712821510474,0.1236871907786876
5.947999999999567,0.06307789078341697,-0.3785731312506563,0.1249516032768777
5.949999999999567,0.06231975881366935,-0.3795562297148433,0.12620867484191117
5.9519999999995665,0.06155967941380877,-0.3805205545384874,0.1274583560437523
5.953999999999566,0.06079769015335111,-0.3814660836166502,0.12870059785543492
5.955999999999566,0.06003382864512197,-0.3823927957447548,0.129935351654974
5.957999999999566,0.059268132543455775,-0.38330067061871975,0.13116256922725544
5.959999999999566,0.058500639542394726,-0.3841896888350487,0.1323822027659041
5.961999999999565,0.057731387373887555,-0.38505983189087595,0.13359420487512963
5.963999999999565,0.056960413805988264,-0.3859110821839667,0.13479852857155042
5.965999999999565,0.05618775664105489,-0.38674342301267367,0.13599512728599508
5.967999999999565,0.05541345371394842,-0.3875568385758484,0.13718395486528195
5.9699999999995645,0.054637542890231934,-0.3883513139727083,0.13836496557397576
5.971999999999564,0.053860062064370016,-0.3891268352026588,0.1395381140961222
5.973999999999564,0.053081049157928606,-0.38988338916507115,0.14070335553695937
5.975999999999564,0.05230054211777534,-0.3906209636590152,0.14186064542460697
5.977999999999564,0.05151857891428043,-0.3913395473829475,0.14300993971173226
5.979999999999563,0.05073519753951829,-0.3920391299343548,0.14415119477719332
5.981999999999563,0.0499504360054698,-0.39271970180935273,0.1452843674276591
5.983999999999563,0.04916433234222555,-0.3933812544022397,0.14640941489920656
5.985999999999563,0.04837692459618994,-0.39402378000500604,0.1475262948588943
5.987999999999563,0.04758825082828629,-0.39464727180679854,0.14863496540631307
5.989999999999562,0.04679834911216316,-0.3952517238933399,0.14973538507511297
5.991999999999562,0.04600725753240176,-0.39583713124630376,0.1508275128345068
5.993999999999562,0.04521501418272476,-0.39640348974264494,0.15191130809075012
5.995999999999562,0.0444216571642064,-0.39695079615388473,0.15298673068859772
5.9979999999995615,0.04362722458348413,-0.39747904814535184,0.15405374091273596
5.999999999999561,0.042831754550971775,-0.39798824427537843,0.1551122994891918
6.001999999999561,0.042035285179074386,-0.3984783839944516,0.15616236758671745
6.003999999999561,0.041237854580404805,-0.3989494676443203,0.15720390681815144
6.005999999999561,0.04043950086600208,-0.39940149645705764,0.15823687924175536
6.00799999999956,0.03964026214355178,-0.39983447255407856,0.15926124736252673
6.00999999999956,0.03884017651560835,-0.4002483989451132,0.16027697413348752
6.01199999999956,0.038039282077819536,-0.40064327952713596,0.16128402295694827
6.01399999999956,0.03723761691715299,-0.40101911908324966,0.16228235768574845
6.0159999999995595,0.036435219110125185,-0.401375923281526,0.16327194262447184
6.017999999999559,0.035632126721032685,-0.40171369867380136,0.16425274253063782
6.019999999999559,0.03482837780018582,-0.4020324526944285,0.16522472261586799
6.021999999999559,0.03402401038214497,-0.40233219365898437,0.16618784854702842
6.023999999999559,0.03321906248395943,-0.4026129307629334,0.1671420864473472
6.025999999999558,0.03241357210340901,-0.40287467408024746,0.1680874028975073
6.027999999999558,0.03160757721724847,-0.4031174345619812,0.16902376493671473
6.029999999999558,0.03080111577945475,-0.40334122403480416,0.16995114006374212
6.031999999999558,0.029994225719477314,-0.4035460551994891,0.17086949623794734
6.0339999999995575,0.02918694494049144,-0.40373194162935644,0.17177880188026723
6.035999999999557,0.02837931131765475,-0.4038988977686754,0.17267902587418676
6.037999999999557,0.02757136269636693,-0.40404693893102167,0.17357013756668294
6.039999999999557,0.026763136890532804,-0.40417608129759186,0.1744521067691439
6.041999999999557,0.025954671680828805,-0.40428634191547463,0.17532490375826312
6.043999999999556,0.02514600481297297,-0.4043777386958788,0.17618849927690852
6.045999999999556,0.0243371739959985,-0.40445029041231856,0.17704286453496643
6.047999999999556,0.023528216900530995,-0.4045040166987558,0.17788797121016078
6.049999999999556,0.02271917115706946,-0.4045389380476996,0.1787237914488469
6.0519999999995555,0.021910074354271152,-0.40455507580826344,0.17955029786678034
6.053999999999555,0.02110096403724033,-0.4045524521841798,0.18036746354986058
6.055999999999555,0.020291877705821054,-0.40453109023177236,0.18117526205484957
6.057999999999555,0.019482852812894066,-0.4044910138578863,0.18197366741006513
6.059999999999555,0.018673926762677845,-0.4044322478177762,0.18276265411604908
6.061999999999554,0.01786513690903394,-0.4043548177129528,0.18354219714621026
6.063999999999554,0.01705652055377664,-0.404258749988987,0.18431227194744246
6.065999999999554,0.016248114944987097,-0.4041440719332734,0.18507285444071686
6.067999999999554,0.015439957275331932,-0.4040108116727518,0.1858239210216496
6.0699999999995535,0.014632084680386473,-0.40385899817158766,0.18656544856104398
6.071999999999553,0.013824534236962652,-0.4036886612288114,0.18729741440540737
6.073999999999553,0.013017342961441667,-0.4034998314759173,0.18801979637744307
6.075999999999553,0.012210547808111497,-0.40329254037442097,0.18873257277651698
6.077999999999553,0.011404185667509325,-0.40306682021337703,0.189435722379099
6.079999999999552,0.010598293364768988,-0.40282270410685606,0.19012922443917918
6.081999999999552,0.009792907657973493,-0.4025602259913814,0.19081305868865905
6.083999999999552,0.008988065236512714,-0.40227942062332633,0.1914872053377172
6.085999999999552,0.008183802719446322,-0.40198032357627117,0.19215164507515045
6.0879999999995515,0.007380156653872054,-0.4016629712383211,0.19280635906868926
6.089999999999551,0.006577163513299372,-0.40132740080938445,0.1934513289652885
6.091999999999551,0.005774859696028615,-0.4009736502984119,0.19408653689139285
6.093999999999551,0.0049732815235357065,-0.40060175852059704,0.19471196545317734
6.095999999999551,0.0041724652388625,-0.40021176509453765,0.1953275977367628
6.0979999999995504,0.003372447005012843,-0.3998037104393591,0.19593341730840633
6.09999999999955,0.0025732629033544284,-0.39937763577179913,0.1965294082146667
6.10199999999955,0.0017749489320265177,-0.39893358310325483,0.19711555498254513
6.10399999999955,0.000977541004353608,-0.3984715952367914,0.1976918426196009
6.10599999999955,0.00018107494726511632,-0.3979917157641138,0.1982582566140421
6.107999999999549,-0.000614413500278839,-0.3974939890625009,0.1988147829347918
6.109999999999549,-0.0014088886888554899,-0.39697846029170225,0.19936140803152927
6.111999999999549,-0.0022023150601412256,-0.3964451753907985,0.19989811883470662
6.113999999999549,-0.002994657148467085,-0.39589418107502466,0.20042490275554048
6.1159999999995485,-0.003785879582367858,-0.3953255248325574,0.20094174768597942
6.117999999999548,-0.0045759470861247275,-0.394739254921266,0.20144864199864657
6.119999999999548,-0.005364824481301373,-0.39413542036542754,0.2019455745467577
6.121999999999548,-0.0061524766882734725,-0.39351407095240626,0.20243253466401515
6.123999999999548,-0.00693886872775153,-0.3928752572292979,0.2029095121644766
6.125999999999547,-0.007723965722296949,-0.3922190304995387,0.2033764973424005
6.127999999999547,-0.008507732897831296,-0.3915454428194796,0.2038334809720663
6.129999999999547,-0.009290135585138677,-0.390854546994926,0.2042804543075711
6.131999999999547,-0.010071139221361151,-0.39014639657764294,0.20471740908260166
6.1339999999995465,-0.010850709351487136,-0.3894210458618266,0.20514433751018263
6.135999999999546,-0.011628811629832708,-0.38867854988054185,0.20556123228240042
6.137999999999546,-0.012405411821515748,-0.3879189644021265,0.20596808657010363
6.139999999999546,-0.013180475803922866,-0.3871423459265618,0.206364894022579
6.141999999999546,-0.013953969568169036,-0.38634875168181115,0.20675164876720378
6.143999999999545,-0.014725859220549862,-0.38553823962012485,0.2071283454090746
6.145999999999545,-0.01549611098398644,-0.3847108684143134,0.2074949790306123
6.147999999999545,-0.016264691199462715,-0.3838666974539886,0.20785154519114313
6.149999999999545,-0.017031566327455307,-0.3830057868417727,0.20819803992645702
6.1519999999995445,-0.01779670294935571,-0.3821281973894762,0.20853445974834167
6.153999999999544,-0.018560067768884823,-0.38123399061424434,0.2088608016440938
6.155999999999544,-0.01932162761349974,-0.3803232287346731,0.209177063076007
6.157999999999544,-0.020081349435792744,-0.3793959746668942,0.2094832419808363
6.159999999999544,-0.02083920031488243,-0.37845229202062985,0.20977933676923982
6.161999999999543,-0.02159514745779693,-0.3774922450952181,0.21006534632519736
6.163999999999543,-0.02234915820084913,-0.3765158988756078,0.21034127000540598
6.165999999999543,-0.023101200011003874,-0.3755233190283246,0.21060710763865303
6.167999999999543,-0.02385124048723706,-0.3745145718974077,0.21086285952516617
6.1699999999995425,-0.024599247361886567,-0.37348972450031837,0.2111085264359409
6.171999999999542,-0.025345188501995,-0.3724488445238191,0.21134410961204575
6.173999999999542,-0.026089031910644135,-0.37139200031982583,0.21156961076390454
6.175999999999542,-0.026830745728281074,-0.3703192609012313,0.21178503207055704
6.177999999999542,-0.027570298234035975,-0.3692306959377016,0.2119903761788967
6.179999999999541,-0.02830765784703139,-0.36812637575144536,0.21218564620288677
6.181999999999541,-0.02904279312768309,-0.36700637131295605,0.21237084572275405
6.183999999999541,-0.029775672778992363,-0.36587075423672777,0.21254597878416112
6.185999999999541,-0.030506265647829697,-0.364719596776945,0.21271104989735626
6.1879999999995405,-0.031234540726209844,-0.3635529718231463,0.2128660640363022
6.18999999999954,-0.03196046715255815,-0.36237095289586246,0.21301102663778299
6.19199999999954,-0.032684014212968196,-0.36117361414222965,0.21314594360048938
6.19399999999954,-0.03340515134245055,-0.3599610303315774,0.21327082128408303
6.19599999999954,-0.03412384812617275,-0.3587332768509921,0.21338566650823926
6.197999999999539,-0.034840074300690374,-0.35749042970085637,0.2134904865516688
6.199999999999539,-0.035553799755169126,-0.3562325654903644,0.21358528915111857
6.201999999999539,-0.036264994532597974,-0.3549597614330138,0.21367008250035133
6.203999999999539,-0.03697362883099321,-0.35367209534207383,0.21374487524910485
6.2059999999995386,-0.03767967300459347,-0.35236964562603157,0.21380967650203014
6.207999999999538,-0.038383097565045564,-0.3510524912840145,0.21386449581760925
6.209999999999538,-0.03908387318258119,-0.34972071190119136,0.21390934320705282
6.211999999999538,-0.03978197068718439,-0.34837438764415113,0.21394422913317687
6.213999999999538,-0.04047736106974976,-0.34701359925626013,0.21396916450925996
6.2159999999995375,-0.04117001548323131,-0.3456384280529981,0.21398416069787982
6.217999999999537,-0.04185990524378207,-0.34424895591727334,0.21398922950973037
6.219999999999537,-0.04254700183188417,-0.342845265294717,0.21398438320241875
6.221999999999537,-0.04323127689346963,-0.3414274391889574,0.21396963447924267
6.223999999999537,-0.043912702241031595,-0.3399955611568745,0.21394499648794835
6.225999999999536,-0.04459124985472605,-0.3385497153038344,0.21391048281946884
6.227999999999536,-0.04526689188346404,-0.3370899862789048,0.21386610750664325
6.229999999999536,-0.04593960064599426,-0.33561645927005185,0.21381188502291643
6.231999999999536,-0.04660934863197604,-0.33412921999931783,0.21374783028102018
6.2339999999995355,-0.04727610850304266,-0.33262835471798097,0.21367395863163496
6.235999999999535,-0.04793985309385496,-0.33111395020169726,0.21359028586203316
6.237999999999535,-0.04860055541314524,-0.3295860937456248,0.2134968281947036
6.239999999999535,-0.04925818864475133,-0.3280448731595306,0.21339360228595763
6.241999999999535,-0.04991272614864098,-0.3264903767628809,0.21328062522451663
6.243999999999534,-0.05056414146192626,-0.3249226933799144,0.21315791453008143
6.245999999999534,-0.0512124082998682,-0.32334191233469983,0.21302548815188346
6.247999999999534,-0.0518575005568715,-0.3217481234461771,0.21288336446721812
6.249999999999534,-0.05249939230746928,-0.32014141702318316,0.21273156227996004
6.2519999999995335,-0.0531380578072979,-0.3185218838594626,0.21257010081906086
6.253999999999533,-0.053773471494061774,-0.31688961522866316,0.2123989997370292
6.255999999999533,-0.05440560798848817,-0.31524470287931683,0.21221827910839336
6.257999999999533,-0.05503444209527192,-0.3135872390298066,0.2120279594281466
6.259999999999533,-0.0556599488040101,-0.31191731636331943,0.21182806161017523
6.261999999999532,-0.056282103290126596,-0.31023502802278535,0.2116186069856698
6.263999999999532,-0.05690088091578647,-0.30854046760580367,0.21139961730151927
6.265999999999532,-0.05751625723080025,-0.30683372915955576,0.2111711147186883
6.267999999999532,-0.058128207973518,-0.3051149071757058,0.21093312181057813
6.2699999999995315,-0.058736709071713154,-0.30338409658528864,0.2106856615613709
6.271999999999531,-0.05934173664345616,-0.3016413927535863,0.21042875736435748
6.273999999999531,-0.059943266997977834,-0.29988689147499226,0.2101624330202493
6.275999999999531,-0.060541276636522416,-0.29812068896786464,0.20988671273547396
6.277999999999531,-0.06113574225319038,-0.29634288186936875,0.20960162112045475
6.27999999999953,-0.06172664073577086,-0.2945535672303083,0.20930718318787475
6.28199999999953,-0.062313949166563756,-0.2927528425099467,0.209003424350925
6.28399999999953,-0.06289764482319146,-0.2909408055708183,0.2086903704215371
6.28599999999953,-0.06347770517940023,-0.28911755467352973,0.20836804760860062
6.2879999999995295,-0.06405410790585107,-0.28728318847155176,0.20803648251616508
6.289999999999529,-0.06462683087090032,-0.2854378060060024,0.20769570214162697
6.291999999999529,-0.06519585214136966,-0.2835815067004209,0.2073457338739015
6.293999999999529,-0.06576114998330576,-0.28171439035553353,0.20698660549158013
6.295999999999529,-0.0663227028627294,-0.27983655714401084,0.20661834516107253
6.297999999999528,-0.06688048944637412,-0.27794810760521754,0.20624098143473482
6.299999999999528,-0.06743448860241433,-0.27604914263995434,0.2058545432489829
6.301999999999528,-0.06798467940118293,-0.2741397635051929,0.2054590599223915
6.303999999999528,-0.06853104111587839,-0.2722200718088038,0.2050545611537794
6.3059999999995275,-0.06907355322326128,-0.27029016950427753,0.20464107702028028
6.307999999999527,-0.0696121954043402,-0.2683501588854397,0.20421863797540005
6.309999999999527,-0.07014694754504718,-0.2664001425811598,0.20378727484706005
6.311999999999527,-0.07067778973690243,-0.26444022355005425,0.20334701883562706
6.313999999999527,-0.07120470227766862,-0.26247050507518427,0.20289790151192955
6.315999999999526,-0.07172766567199439,-0.2604910907587483,0.20243995481526075
6.317999999999526,-0.07224666063204732,-0.25850208451676987,0.20197321105136856
6.319999999999526,-0.07276166807813632,-0.25650359057378047,0.20149770289043226
6.321999999999526,-0.07327266913932326,-0.2544957134574986,0.20101346336502657
6.323999999999526,-0.07377964515402405,-0.2524785579935046,0.20052052586807256
6.325999999999525,-0.07428257767059904,-0.25045222929991173,0.20001892415077635
6.327999999999525,-0.07478144844793275,-0.2484168327820341,0.1995086923205549
6.329999999999525,-0.07527623945600294,-0.2463724741270511,0.19898986483894981
6.331999999999525,-0.07576693287643899,-0.2443192592986692,0.19846247651952847
6.3339999999995245,-0.07625351110306962,-0.24225729453178121,0.1979265625257736
6.335999999999524,-0.07673595674245995,-0.2401866863271231,0.19738215836896023
6.337999999999524,-0.0772142526144378,-0.23810754144592883,0.1968292999060215
6.339999999999524,-0.07768838175260938,-0.2360199669045835,0.19626802333740223
6.341999999999524,-0.07815832740486418,-0.23392406996927495,0.19569836520490114
6.343999999999523,-0.07862407303386933,-0.2318199581506442,0.19512036238950164
6.345999999999523,-0.07908560231755304,-0.22970773919843487,0.19453405210919145
6.347999999999523,-0.07954289914957756,-0.22758752109614197,0.19393947191677047
6.349999999999523,-0.07999594763980125,-0.22545941205566028,0.19333665969764854
6.3519999999995225,-0.08044473211473008,-0.22332352051193255,0.1927256536676314
6.353999999999522,-0.08088923711795835,-0.2211799551175979,0.19210649237069635
6.355999999999522,-0.08132944741059876,-0.21902882473764032,0.1914792146767573
6.357999999999522,-0.08176534797170171,-0.2168702384440382,0.19084385977941892
6.359999999999522,-0.08219692399866396,-0.21470430551041428,0.1902004671937208
6.361999999999521,-0.08262416090762659,-0.2125311354066871,0.18954907675387112
6.363999999999521,-0.0830470443338622,-0.2103508377937236,0.18888972861097014
6.365999999999521,-0.08346556013215152,-0.2081635225179934,0.188222463230724
6.367999999999521,-0.0838796943771492,-0.2059692996062249,0.18754732139114821
6.3699999999995205,-0.08428943336373906,-0.2037682792600637,0.18686434418026165
6.37199999999952,-0.08469476360737854,-0.20156057185073303,0.1861735729937709
6.37399999999952,-0.08509567184443254,-0.19934628791369707,0.18547504953274507
6.37599999999952,-0.08549214503249654,-0.1971255381433269,0.18476881580128107
6.37799999999952,-0.08588417035070911,-0.19489843338756963,0.18405491410415997
6.379999999999519,-0.08627173520005374,-0.19266508464262075,0.18333338704449392
6.381999999999519,-0.08665482720364998,-0.19042560304760014,0.1826042775213641
6.383999999999519,-0.087033434207034,-0.18818009987923162,0.18186762872745005
6.385999999999519,-0.08740754427842848,-0.18592868654652664,0.1811234841466498
6.3879999999995185,-0.08777714570900184,-0.18367147458547223,0.1803718875516918
6.389999999999518,-0.08814222701311694,-0.1814085756537232,0.17961288300173794
6.391999999999518,-0.08850277692856906,-0.17914010152529916,0.17884651483997854
6.393999999999518,-0.08885878441681336,-0.1768661640852863,0.17807282769121863
6.395999999999518,-0.0892102386631817,-0.1745868753245444,0.1772918664594565
6.397999999999517,-0.08955712907708893,-0.172302347334419,0.17650367632545388
6.399999999999517,-0.08989944529222856,-0.17001269230145913,0.17570830274429844
6.401999999999517,-0.09023717716675786,-0.1677180225021409,0.17490579144295812
6.403999999999517,-0.09057031478347252,-0.16541845029759691,0.1740961884178283
6.4059999999995165,-0.09089884844997063,-0.16311408812835176,0.17327953993227097
6.407999999999516,-0.09122276869880624,-0.1608050485090641,0.1724558925141465
6.409999999999516,-0.09154206628763237,-0.15849144402327503,0.17162529295333828
6.411999999999516,-0.09185673219933349,-0.1561733873181635,0.17078778829926988
6.413999999999516,-0.09216675764214766,-0.15385099109930847,0.16994342585841524
6.415999999999515,-0.09247213404977797,-0.1515243681254583,0.16909225319180188
6.417999999999515,-0.09277285308149376,-0.1491936312033076,0.1682343181125071
6.419999999999515,-0.09306890662222123,-0.14685889318228137,0.16736966868314757
6.421999999999515,-0.09336028678262373,-0.14452026694932732,0.16649835321336193
6.4239999999995145,-0.09364698589917161,-0.14217786542371563,0.1656204202572874
6.425999999999514,-0.09392899653420164,-0.13983180155184724,0.16473591861102943
6.427999999999514,-0.09420631147596609,-0.13748218830207015,0.16384489731012525
6.429999999999514,-0.09447892373867148,-0.13512913865950452,0.16294740562700116
6.431999999999514,-0.09474682656250694,-0.13277276562087617,0.16204349306842375
6.433999999999513,-0.09501001341366225,-0.13041318218935916,0.161133209372945
6.435999999999513,-0.09526847798433562,-0.12805050136942728,0.16021660450834183
6.437999999999513,-0.09552221419273112,-0.12568483616171486,0.15929372866904926
6.439999999999513,-0.09577121618304589,-0.12331629955788694,0.15836463227358855
6.441999999999513,-0.09601547832544706,-0.12094500453551894,0.15742936596198936
6.443999999999512,-0.09625499521603846,-0.11857106405298631,0.15648798059320654
6.445999999999512,-0.09648976167681717,-0.11619459104436382,0.15554052724253162
6.447999999999512,-0.09671977275561974,-0.11381569841433514,0.15458705719899907
6.449999999999512,-0.09694502372605843,-0.11143449903311267,0.15362762196278731
6.4519999999995115,-0.09716551008744709,-0.10905110573136768,0.15266227324261478
6.453999999999511,-0.0973812275647171,-0.10666563129517119,0.15169106295313092
6.455999999999511,-0.09759217210832308,-0.1042781884609455,0.1507140432123027
6.457999999999511,-0.09779833989413857,-0.10188888991042672,0.14973126633879583
6.459999999999511,-0.09799972732334161,-0.09949784826563836,0.14874278484935194
6.46199999999951,-0.09819633102229035,-0.09710517608387617,0.14774865145616078
6.46399999999951,-0.09838814784238852,-0.09471098585270435,0.14674891906422843
6.46599999999951,-0.09857517485994101,-0.09231538998496336,0.1457436407687407
6.46799999999951,-0.09875740937599944,-0.08991850081378945,0.14473286985242267
6.4699999999995095,-0.09893484891619782,-0.08752043058764604,0.14371665978289416
6.471999999999509,-0.09910749123057813,-0.08512129146536714,0.14269506421002084
6.473999999999509,-0.09927533429340628,-0.08272119551121289,0.1416681369632617
6.475999999999509,-0.09943837630297787,-0.08032025468993756,0.14063593204901273
6.477999999999509,-0.09959661568141438,-0.07791858086186983,0.13959850364794665
6.479999999999508,-0.09975005107444934,-0.07551628577800587,0.1385559061123493
6.481999999999508,-0.09989868135120479,-0.0731134810751151,0.13750819396345226
6.483999999999508,-0.10004250560395794,-0.07071027827085886,0.13645542188876233
6.485999999999508,-0.1001815231478981,-0.0683067887589222,0.13539764473938737
6.4879999999995075,-0.10031573352087388,-0.06590312380415875,0.1343349175273592
6.489999999999507,-0.10044513648313062,-0.0634993945377491,0.13326729542295324
6.491999999999507,-0.1005697320170383,-0.0610957119523725,0.13219483375200516
6.493999999999507,-0.10068952032680965,-0.058692186897392314,0.13111758799322454
6.495999999999507,-0.10080450183820878,-0.056288930074055145,0.13003561377550582
6.497999999999506,-0.1009146771982501,-0.053886052030703874,0.12894896687523635
6.499999999999506,-0.10102004727488777,-0.051483663158004775,0.12785770321360204
6.501999999999506,-0.10112061315669557,-0.04908187368418876,0.12676187885389015
6.503999999999506,-0.10121637615253733,-0.04668079367030695,0.12566154999878995
6.5059999999995055,-0.10130733779122778,-0.04428053300550066,0.1245567729876908
6.507999999999505,-0.10139349982118402,-0.04188120140228598,0.12344760429397811
6.509999999999505,-0.10147486421006763,-0.03948290839185305,0.12233410052232702
6.511999999999505,-0.10155143314441724,-0.03708576331938013,0.12121631840599414
6.513999999999505,-0.1016232090292719,-0.034689875339362714,0.1200943148041073
6.515999999999504,-0.10169019448778503,-0.032295353410957656,0.11896814669895325
6.517999999999504,-0.10175239236082913,-0.02990230629334255,0.11783787119326386
6.519999999999504,-0.10180980570659114,-0.027510842541090458,0.11670354550750041
6.521999999999504,-0.10186243780015866,-0.025121070499560083,0.11556522697713636
6.5239999999995035,-0.10191029213309694,-0.022733098300301596,0.1144229730499387
6.525999999999503,-0.10195337241301664,-0.02034703385647814,0.11327684128324773
6.527999999999503,-0.10199168256313251,-0.01796298485830318,0.1121268893412557
6.529999999999503,-0.10202522672181295,-0.015581058768493871,0.1109731749922841
6.531999999999503,-0.10205400924212049,-0.013201362817740479,0.10981575610605988
6.533999999999502,-0.1020780346913432,-0.01082400400019203,0.10865469065099073
6.535999999999502,-0.10209730785051711,-0.008449089068958315,0.10749003669143922
6.537999999999502,-0.10211183371393967,-0.00607672453162833,0.10632185238499627
6.539999999999502,-0.10212161748867422,-0.0037070166458053285,0.10515019597975384
6.5419999999995015,-0.10212666459404558,-0.0013400714146585492,0.10397512581157689
6.543999999999501,-0.10212698066112674,0.0010240054175082178,0.10279670030137486
6.545999999999501,-0.10212257153221674,0.003385108369671132,0.10161497795237263
6.547999999999501,-0.10211344326030966,0.005743132228483742,0.10043001734738118
6.549999999999501,-0.10209960210855493,0.008097972052657238,0.09924187714606779
6.5519999999995004,-0.10208105454970882,0.010449523177323426,0.0980506160822263
6.5539999999995,-0.1020578072655773,0.012797681218380274,0.09685629296104711
6.5559999999995,-0.10202986714645008,0.015142342076819937,0.09565896665638716
6.5579999999995,-0.10199724129052623,0.017483401943039125,0.09445869610804011
6.5599999999995,-0.10195993700333097,0.01982075730113172,0.09325554031900667
6.561999999999499,-0.10191796179712409,0.022154304933163515,0.09204955835276511
6.563999999999499,-0.10187132339029968,0.024483941923428936,0.09084080933054234
6.565999999999499,-0.10182002970677746,0.02680956566268969,0.08962935242858522
6.567999999999499,-0.10176408887538563,0.02913107385239515,0.08841524687543262
6.5699999999994985,-0.10170350922923525,0.031448364508884455,0.08719855194918805
6.571999999999498,-0.10163829930508636,0.033761335967570076,0.08597932697479302
6.573999999999498,-0.10156846784270555,0.03606988688710291,0.08475763132130132
6.575999999999498,-0.10149402378421545,0.038373916253518596,0.0835335243991541
6.577999999999498,-0.10141497627343572,0.04067332338436513,0.08230706565745614
6.579999999999497,-0.10133133465521603,0.04296800793281148,0.08107831458125316
6.581999999999497,-0.10124310847476062,0.04525786989173728,0.07984733068881028
6.583999999999497,-0.1011503074769449,0.04754280959780327,0.07861417352889198
6.585999999999497,-0.10105294160562374,0.04982272773550261,0.07737890267804326
6.5879999999994965,-0.10095102100293186,0.05209752534119272,0.07614157773787243
6.589999999999496,-0.10084455600857604,0.054367103807107756,0.0749022583323355
6.591999999999496,-0.10073355715911937,0.056631364885351414,0.07366100410502216
6.593999999999496,-0.10061803518725754,0.05889021069187006,0.07241787471644366
6.595999999999496,-0.1004980010210872,0.061143543710406076,0.07117292984132251
6.597999999999495,-0.10037346578336646,0.06339126679643127,0.06992622916588417
6.599999999999495,-0.10024444079076746,0.0656332831810602,0.06867783238515082
6.601999999999495,-0.10011093755312123,0.06786949647494345,0.06742779920023736
6.603999999999495,-0.09997296777265476,0.07009981067214055,0.0661761893156495
6.6059999999994945,-0.09983054334322025,0.0723241301539726,0.06492306243658448
6.607999999999494,-0.09968367634951686,0.07454235969285433,0.06366847826623395
6.609999999999494,-0.09953237906630459,0.07675440445610567,0.06241249650308969
6.611999999999494,-0.0993766639576108,0.07896017000974248,0.06115517683825176
6.613999999999494,-0.09921654367592893,0.08115956232224662,0.05989657895273956
6.615999999999493,-0.0990520310614099,0.08335248776831493,0.05863676251480562
6.617999999999493,-0.09888313914104592,0.08553885313258726,0.05737578717725244
6.619999999999493,-0.09870988112784689,0.08771856561335334,0.05611371257475229
6.621999999999493,-0.0985322704200094,0.08989153282623837,0.054850598321170216
6.6239999999994925,-0.09835032060007842,0.09205766280786719,0.05358650400689021
6.625999999999492,-0.09816404543410166,0.09421686401950705,0.05232148919614483
6.627999999999492,-0.09797345887077663,0.09636904535068869,0.05105561342434814
6.629999999999492,-0.09777857504059054,0.09851411612280574,0.04978893619543229
6.631999999999492,-0.09757940825495295,0.1006519860926923,0.04852151697918767
6.633999999999491,-0.09737597300532141,0.10278256545617859,0.047253415208606805
6.635999999999491,-0.09716828396231986,0.1049057648516245,0.04598469027723212
6.637999999999491,-0.09695635597485006,0.10702149536343106,0.044715401536507604
6.639999999999491,-0.09674020406919606,0.10912966852552951,0.04344560829313453
6.6419999999994905,-0.09651984344812164,0.11123019632484812,0.04217536980643131
6.64399999999949,-0.0962952894899609,0.11332299120475646,0.04090474528569758
6.64599999999949,-0.09606655774770188,0.11540796606848695,0.03963379388758267
6.64799999999949,-0.09583366394806353,0.1174850342825339,0.03836257471345841
6.64999999999949,-0.09559662399056572,0.11955410968002951,0.03709114680679658
6.651999999999489,-0.09535545394659266,0.12161510656409706,0.03581956915055096
6.653999999999489,-0.09511017005844959,0.12366793971118095,0.03454790066454413
6.655999999999489,-0.09486078873841278,0.12571252437435362,0.03327620020285911
6.657999999999489,-0.09460732656777304,0.1277487762865992,0.032004526551235965
6.6599999999994886,-0.09434980029587262,0.12977661166407362,0.030732938424473444
6.661999999999488,-0.09408822683913558,0.13179594720934146,0.029461494463835808
6.663999999999488,-0.09382262328009183,0.13380670011458892,0.02819025323446485
6.665999999999488,-0.09355300686639464,0.13580878806481328,0.02691927322279737
6.667999999999488,-0.09327939500983189,0.13780212924098828,0.025648612833988005
6.6699999999994874,-0.0930018052853309,0.13978664232320576,0.024378330389337746
6.671999999999487,-0.0927202554299572,0.14176224649379307,0.023108484123728026
6.673999999999487,-0.09243476334190683,0.14372886144040642,0.02183913218306066
6.675999999999487,-0.09214534707949268,0.14568640735909982,0.020570332621703616
6.677999999999487,-0.09185202486012466,0.1476348049573697,0.019302143399942767
6.679999999999486,-0.09155481505928373,0.14957397545717488,0.01803462238143981
6.681999999999486,-0.09125373620949002,0.15150384059793215,0.01676782733069629
6.683999999999486,-0.09094880699926497,0.15342432263948683,0.01550181591052395
6.685999999999486,-0.09064004627208745,0.15533534436505866,0.014236645679521556
6.6879999999994855,-0.09032747302534413,0.15723682908416264,0.01297237408955812
6.689999999999485,-0.090011106409274,0.1591287006355048,0.011709058483262813
6.691999999999485,-0.08969096572590707,0.1610108833898528,0.010446756091521597
6.693999999999485,-0.08936707042799746,0.16288330225288125,0.009185524030980663
6.695999999999485,-0.08903944011795073,0.16474588266799148,0.007925419301556838
6.697999999999484,-0.0887080945467456,0.166598550619106,0.006666498783954991
6.699999999999484,-0.08837305361285018,0.16844123263343716,0.005408819237192594
6.701999999999484,-0.08803433736113266,0.17027385578423013,0.0041524372961316
6.703999999999484,-0.08769196598176643,0.17209634769347998,0.0028974094690175922
6.7059999999994835,-0.08734595980913001,0.17390863653462288,0.0016437921350264395
6.707999999999483,-0.0869963393207014,0.17571065103520112,0.00039164154181857425
6.709999999999483,-0.08664312513594728,0.17750232047950196,-0.0008589861968991558
6.711999999999483,-0.0862863380152069,0.17928357471117032,-0.002108035103803696
6.713999999999483,-0.08592599885857072,0.18105434413579485,-0.0033554493403782637
6.715999999999482,-0.08556212870475405,0.18281455972346763,-0.004601173209326709
6.717999999999482,-0.08519474872996544,0.18456415301131726,-0.005845151156979769
6.719999999999482,-0.0848238802467701,0.18630305610601514,-0.007087327775693195
6.721999999999482,-0.08444954470294837,0.18803120168625487,-0.008327647806237473
6.7239999999994815,-0.0840717636803492,0.1897485230052049,-0.009566056140179066
6.725999999999481,-0.08369055889373876,0.19145495389293396,-0.010802497822253246
6.727999999999481,-0.08330595218964425,0.19315042875880933,-0.012036918052728218
6.729999999999481,-0.0829179655451929,0.194834882593868,-0.01326926218976042
6.731999999999481,-0.08252662106694635,0.19650825097316021,-0.014499475751741098
6.73399999999948,-0.08213194098973021,0.1981704700580658,-0.01572750441963376
6.73599999999948,-0.08173394767545923,0.1998214765985827,-0.01695329403930268
6.73799999999948,-0.08133266361195766,0.201461207935588,-0.018176790623832123
6.73999999999948,-0.08092811141177537,0.203089602003071,-0.019397940355836335
6.7419999999994795,-0.08052031381099935,0.2047065973303385,-0.020616689589760123
6.743999999999479,-0.0801092936680609,0.20631213304419208,-0.0218329848541699
6.745999999999479,-0.07969507396253853,0.20790614887107728,-0.02304677285403514
6.747999999999479,-0.07927767779395652,0.20948858513920451,-0.024258000473000113
6.749999999999479,-0.07885712838057927,0.2110593827806418,-0.02546661477564574
6.751999999999478,-0.07843344905820157,0.21261848333337902,-0.02667256300974162
6.753999999999478,-0.07800666327893466,0.21416582894336367,-0.027875792608487937
6.755999999999478,-0.07757679460998833,0.21570136236650808,-0.029076251192747177
6.757999999999478,-0.07714386673244902,0.2172250269706679,-0.030273886573265713
6.7599999999994775,-0.07670790344005399,0.21873676673759174,-0.031468646752884924
6.761999999999477,-0.07626892863796153,0.22023652626484205,-0.03266047992874188
6.763999999999477,-0.07582696634151756,0.2217242507676869,-0.033849334494459496
6.765999999999477,-0.07538204067501823,0.22319988608096275,-0.03503515904232589
6.767999999999477,-0.07493417587046905,0.224663378660908,-0.03621790236546314
6.769999999999476,-0.07448339626634018,0.22611467558696735,-0.037397513459984946
6.771999999999476,-0.07402972630631834,0.22755372456356673,-0.038573941527143496
6.773999999999476,-0.07357319053805499,0.2289804739218588,-0.03974713597546503
6.775999999999476,-0.07311381361191126,0.2303948726214389,-0.040917046422874415
6.7779999999994756,-0.0726516202796993,0.23179687025203147,-0.04208362269880819
6.779999999999475,-0.07218663539342042,0.2331864170351466,-0.04324681484631643
6.781999999999475,-0.0717188839039998,0.23456346382570686,-0.04440657312415287
6.783999999999475,-0.07124839086001818,0.23592796211364434,-0.04556284800885363
6.785999999999475,-0.07077518140644015,0.2372798640254674,-0.04671559019680399
6.7879999999994745,-0.07029928078333958,0.23861912232579788,-0.047864750606293555
6.789999999999474,-0.06982071432462177,0.23994569041887753,-0.04901028037955936
6.791999999999474,-0.06933950745674278,0.24125952235004477,-0.050152130884817
6.793999999999474,-0.06885568569742581,0.2425605728071809,-0.05129025371827961
6.795999999999474,-0.06836927465437466,0.2438487971221259,-0.05242460070616464
6.797999999999473,-0.0678803000239844,0.24512415127206377,-0.05355512390668829
6.799999999999473,-0.0673887875900494,0.24638659188087758,-0.054681775612047484
6.801999999999473,-0.06689476322246853,0.24763607622047348,-0.05580450835038939
6.803999999999473,-0.06639825287594783,0.2488725622120744,-0.056923274887768216
6.8059999999994725,-0.06589928258870066,0.2500960084274828,-0.05803802823008937
6.807999999999472,-0.06539787848114524,0.25130637409031265,-0.05914872162504074
6.809999999999472,-0.06489406675459986,0.2525036190771904,-0.06025530856401108
6.811999999999472,-0.06438787368997564,0.2536877039189251,-0.061357742783995334
6.813999999999472,-0.0638793256464671,0.2548585898016475,-0.0624559782694869
6.815999999999471,-0.06336844906024032,0.2560162385679179,-0.06354996925435664
6.817999999999471,-0.06285527044311903,0.25716061271780294,-0.06463967022371862
6.819999999999471,-0.06233981638126857,0.25829167540992115,-0.06572503591578244
6.821999999999471,-0.061822113533877746,0.25940939046245715,-0.06680602132369201
6.8239999999994705,-0.06130218863183871,0.2605137223541444,-0.06788258169735083
6.82599999999947,-0.060780068476424906,0.26160463622521685,-0.06895467254523349
6.82799999999947,-0.06025577993796716,0.26268209787832886,-0.07002224963618352
6.82999999999947,-0.059729349954527916,0.2637460737794435,-0.07108526900119727
6.83199999999947,-0.059200805530573795,0.26479653105868955,-0.07214368693519382
6.833999999999469,-0.058670173735646404,0.2658334375111867,-0.07319745999877098
6.835999999999469,-0.05813748170303157,0.26685676159783916,-0.07424654501994696
6.837999999999469,-0.057602756628426996,0.26786647244609724,-0.07529089909588801
6.839999999999469,-0.05706602576860845,0.26886253985068753,-0.07633047959462162
6.8419999999994685,-0.05652731644009449,0.26984493427431117,-0.07736524415673532
6.843999999999468,-0.055986656017809854,0.2708136268483099,-0.0783951506970611
6.845999999999468,-0.05544407193374755,0.2717685893733007,-0.07942015740634509
6.847999999999468,-0.05489959167562967,0.27270979431977804,-0.08044022275290279
6.849999999999468,-0.05435324278556709,0.2736372148286845,-0.08145530548425936
6.851999999999467,-0.05380505285871801,0.27455082471194914,-0.08246536462877518
6.853999999999467,-0.05325504954194549,0.2754505984529936,-0.08347035949725656
6.855999999999467,-0.052703260532473956,0.27633651120720665,-0.0844702496845513
6.857999999999467,-0.052149713576544854,0.27720853880238616,-0.08546499507112937
6.8599999999994665,-0.05159443646807139,0.2780666577391491,-0.08645455582464823
6.861999999999466,-0.05103745704729251,0.2789108451913092,-0.08743889240150318
6.863999999999466,-0.050478803199426193,0.2797410790062226,-0.08841796554836209
6.865999999999466,-0.049918502853322,0.28055733770510094,-0.0893917363036851
6.867999999999466,-0.0493565839801131,0.2813596004832928,-0.09036016599922847
6.869999999999465,-0.048793074591867734,0.28214784721053204,-0.0913232162615333
6.871999999999465,-0.04822800274024025,0.28292205843115453,-0.09228084901339828
6.873999999999465,-0.047661396515121676,0.2836822153642821,-0.09323302647533702
6.875999999999465,-0.04709328404329,0.2844282999039746,-0.09417971116701938
6.8779999999994645,-0.046523693487060196,0.2851602946193491,-0.09512086590869731
6.879999999999464,-0.045952653042933965,0.2858781827546672,-0.09605645382261435
6.881999999999464,-0.04538019094024944,0.28658194822938976,-0.09698643833439963
6.883999999999464,-0.044806335439830744,0.28727157563819933,-0.09791078317444543
6.885999999999464,-0.044231114832637516,0.28794705025099004,-0.09882945237926892
6.887999999999463,-0.043654557438414586,0.2886083580128255,-0.0997424102928575
6.889999999999463,-0.04307669160434165,0.28925548554386404,-0.10064962156799817
6.891999999999463,-0.042497545703683234,0.2898884201392514,-0.10155105116759036
6.893999999999463,-0.04191714813443881,0.2905071497689818,-0.10244666436594248
6.895999999999463,-0.04133552731799328,0.29111166307772557,-0.10333642675005208
6.897999999999462,-0.04075271169776784,0.29170194938462557,-0.1042203042208695
6.899999999999462,-0.04016872973787124,0.2922779986830604,-0.10509826299454494
6.901999999999462,-0.03958360992175159,0.2928398016403759,-0.10597026960365898
6.903999999999462,-0.03899738075084874,0.29338734959758367,-0.10683629089843635
6.9059999999994615,-0.03841007074324724,0.2939206345690283,-0.10769629404794309
6.907999999999461,-0.03782170843233005,0.29443964924202126,-0.10855024654126691
6.909999999999461,-0.037232322365433015,0.2949443869764433,-0.10939811618868059
6.911999999999461,-0.03664194110250013,0.29543484180431434,-0.11023987112278864
6.913999999999461,-0.03605059321473973,0.2959110084293311,-0.11107547979965704
6.91599999999946,-0.03545830728328163,0.29637288222637276,-0.11190491099992582
6.91799999999946,-0.034865111897835255,0.2968204592409745,-0.11272813382990475
6.91999999999946,-0.034271035655348926,0.29725373618876866,-0.113545117722652
6.92199999999946,-0.03367610715867021,0.29767271045489424,-0.11435583243903541
6.9239999999994595,-0.033080355015207556,0.29807738009337403,-0.11516024806877691
6.925999999999459,-0.03248380783559315,0.29846774382645996,-0.11595833503147945
6.927999999999459,-0.03188649423234716,0.2988438010439464,-0.11675006407763683
6.929999999999459,-0.031288442818543344,0.29920555180245184,-0.11753540628962605
6.931999999999459,-0.030689682206476183,0.2995529968246682,-0.11831433308268258
6.933999999999458,-0.03009024100632947,0.29988613749857884,-0.11908681620585791
6.935999999999458,-0.029490147824846553,0.30020497587664463,-0.11985282774295995
6.937999999999458,-0.028889431264002233,0.30050951467495834,-0.12061234011347577
6.939999999999458,-0.028288119919676356,0.30079975727236735,-0.12136532607347694
6.9419999999994575,-0.02768624238032921,0.30107570770956493,-0.12211175871650731
6.943999999999457,-0.027083827225678772,0.30133737068814975,-0.12285161147445325
6.945999999999457,-0.02648090302537987,0.3015847515696543,-0.1235848581183961
6.947999999999457,-0.025877498337705297,0.3018178563745416,-0.12431147275944729
6.949999999999457,-0.025273641708229003,0.3020366917811708,-0.1250314298495655
6.951999999999456,-0.02466936166851134,0.30224126512473143,-0.1257447041823564
6.953999999999456,-0.02406468673478651,0.3024315843961464,-0.12645127089385438
6.955999999999456,-0.023459645406652213,0.30260765824094427,-0.1271511054632867
6.957999999999456,-0.02285426616576159,0.30276949595809993,-0.12784418371381992
6.9599999999994555,-0.02224857747451752,0.3029171074988449,-0.12853048181328838
6.961999999999455,-0.02164260777476932,0.30305050346544626,-0.1292099762749049
6.963999999999455,-0.02103638548651192,0.3031696951099554,-0.12988264395795382
6.965999999999455,-0.02042993900658757,0.30327469433292537,-0.13054846206846576
6.967999999999455,-0.01982329670739015,0.30336551368209824,-0.1312074081598751
6.969999999999454,-0.019216486935572135,0.3034421663510616,-0.13185946013365896
6.971999999999454,-0.018609538010754254,0.30350466617787475,-0.13250459623995867
6.973999999999454,-0.01800247822423796,0.30355302764366465,-0.1331427950781831
6.975999999999454,-0.01739533583772073,0.3035872658711914,-0.13377403559759438
6.9779999999994535,-0.016788139082014247,0.30360739662338393,-0.13439829709787496
6.979999999999453,-0.016180916155765546,0.3036134363018453,-0.13501555922967773
6.981999999999453,-0.01557369522418121,0.30360540194532837,-0.13562580199515709
6.983999999999453,-0.014966504417754597,0.30358331122818155,-0.13622900574848298
6.985999999999453,-0.014359371830996233,0.3035471824587648,-0.13682515119633618
6.987999999999452,-0.013752325521167409,0.30349703457783594,-0.13741421939838616
6.989999999999452,-0.013145393507017008,0.303432887156908,-0.13799619176775058
6.991999999999452,-0.012538603767521674,0.30335476039657644,-0.138571050071437
6.993999999999452,-0.011931984240629337,0.3032626751248176,-0.13913877643076655
6.9959999999994515,-0.011325562822006183,0.3031566527952578,-0.13969935332177946
6.997999999999451,-0.010719367363787105,0.3030367154854138,-0.14025276357562272
6.999999999999451,-0.010113425673329705,0.30290288589490383,-0.1407989903789198
7.001999999999451,-0.00950776551197191,0.3027551873436303,-0.1413380172741222
7.003999999999451,-0.008902414593793241,0.3025936437699336,-0.14186982815984325
7.0059999999994504,-0.008297400584379805,0.30241827972871743,-0.14239440729117356
7.00799999999945,-0.007692751099593071,0.302229120389546,-0.1429117392799789
7.00999999999945,-0.007088493704342474,0.3020261915347127,-0.14342180909517993
7.01199999999945,-0.006484655911361909,0.3018095195572807,-0.14392460206301388
7.01399999999945,-0.005881265179990181,0.30157913145909565,-0.14442010386727844
7.015999999999449,-0.005278348914955442,0.3013350548487707,-0.14490830054955764
7.017999999999449,-0.0046759344651637,0.30107731793964354,-0.14538917850942992
7.019999999999449,-0.004074049122491434,0.300805949547706,-0.14586272450465806
7.021999999999449,-0.0034727201205823803,0.3005209790895063,-0.14632892565136157
7.0239999999994485,-0.0028719746336485375,0.3002224365800241,-0.14678776942417077
7.025999999999448,-0.0022718397752754544,0.2999103526305182,-0.1472392436563635
7.027999999999448,-0.0016723425972318441,0.2995847584463475,-0.14768333653998364
7.029999999999448,-0.0010735100882835866,0.2992456858247653,-0.14812003662594192
7.031999999999448,-0.00047536917301216775,0.2988931671526863,-0.14854933282409907
7.033999999999447,0.00012205328936238876,0.29852723540442816,-0.148971214403331
7.035999999999447,0.0007187305061540465,0.2981479241394255,-0.14938567099157646
7.037999999999447,0.001314635752378683,0.29775526749991876,-0.14979269257586678
7.039999999999447,0.0019097423719173683,0.2973493002086166,-0.15019226950233808
7.0419999999994465,0.0025040237786749416,0.2969300575663323,-0.15058439247622568
7.043999999999446,0.003097453457733836,0.2964975754495947,-0.1509690525618411
7.045999999999446,0.0036900049665031,0.2960518903082338,-0.15134624118253118
7.047999999999446,0.004281651935862564,0.29559303916294044,-0.15171595012062
7.049999999999446,0.004872368071302098,0.29512105960280144,-0.15207817151733277
7.051999999999445,0.005462127154055922,0.29463598978280925,-0.1524328978727028
7.053999999999445,0.006050903042231905,0.29413786842134704,-0.15278012204546054
7.055999999999445,0.00663866967193581,0.29362673479764895,-0.15311983725290543
7.057999999999445,0.007225401058390435,0.293102628749236,-0.15345203707076027
7.0599999999994445,0.0078110712970496056,0.2925655906693276,-0.15377671543300842
7.061999999999444,0.00839565456470696,0.2920156615042289,-0.1540938666317134
7.063999999999444,0.008979125120599491,0.2914528827506945,-0.1544034853168214
7.065999999999444,0.009561457307505787,0.2908772964532676,-0.15470556649594672
7.067999999999444,0.010142625552838926,0.29028894520159665,-0.1550001055341396
7.069999999999443,0.01072260436973399,0.28968787212772773,-0.15528709815363725
7.071999999999443,0.011301368358130127,0.28907412090337414,-0.15556654043359786
7.073999999999443,0.011878892205847142,0.2884477357371628,-0.1558384288098172
7.075999999999443,0.012455150689656545,0.2878087613718579,-0.15610276007442855
7.0779999999994425,0.013030118676347036,0.2871572430815618,-0.1563595313755855
7.079999999999442,0.01360377112378436,0.28649322666889365,-0.15660874021712795
7.081999999999442,0.014176083081965505,0.28581675846214544,-0.15685038445823118
7.083999999999442,0.014747029694067179,0.2851278853124164,-0.15708446231303821
7.085999999999442,0.015316586197488548,0.2844266545907251,-0.15731097235027539
7.087999999999441,0.015884727924888164,0.2837131141851001,-0.1575299134928511
7.089999999999441,0.016451430305215058,0.28298731249764913,-0.1577412850174382
7.091999999999441,0.017016668864733953,0.28224929844160684,-0.15794508655403963
7.093999999999441,0.017580419228044545,0.2814991214383616,-0.15814131808553739
7.0959999999994405,0.018142657119094824,0.28073683141446126,-0.15832997994722534
7.09799999999944,0.018703358362188376,0.2799624787985985,-0.15851107282632546
7.09999999999944,0.019262498882985646,0.27917611451857527,-0.1586845977614876
7.10199999999944,0.019820054709499102,0.27837778999824747,-0.15885055614227328
7.10399999999944,0.020376001973082272,0.277567557154449,-0.15900894970862284
7.105999999999439,0.020930316909412605,0.2767454683938963,-0.15915978055030677
7.107999999999439,0.02148297585946813,0.2759115766100734,-0.15930305110636075
7.109999999999439,0.022033955270497858,0.2750659351800967,-0.1594387641645048
7.111999999999439,0.02258323169698589,0.2742085979615616,-0.15956692286054622
7.1139999999994386,0.023130781801609216,0.2733396192893692,-0.1596875306777667
7.115999999999438,0.023676582356189125,0.2724590539725345,-0.1598005914462938
7.117999999999438,0.02422061024263624,0.2715669572909762,-0.1599061093424564
7.119999999999438,0.024762842453889093,0.27066338499228754,-0.16000408888812434
7.121999999999438,0.025303256094846224,0.2697483932884895,-0.16009453495003287
7.1239999999994374,0.025841828383291788,0.2688220388527656,-0.16017745273909095
7.125999999999437,0.026378536650814587,0.2678843788161792,-0.1602528478096746
7.127999999999437,0.026913358343720547,0.26693547076437296,-0.16032072605890418
7.129999999999437,0.027446271023938547,0.2659753727342512,-0.16038109372590703
7.131999999999437,0.02797725236991962,0.265004143210645,-0.16043395739106414
7.133999999999436,0.02850628017752946,0.26402184112296045,-0.16047932397524214
7.135999999999436,0.02903333236093419,0.26302852584181,-0.16051720073900969
7.137999999999436,0.02955838695347942,0.2620242571756276,-0.1605475952818392
7.139999999999436,0.030081422108562465,0.26100909536726735,-0.16057051554129323
7.1419999999994355,0.03060241610049779,0.2599831010905861,-0.16058596979219614
7.143999999999435,0.031121347325375574,0.25894633544701035,-0.16059396664579084
7.145999999999435,0.03163819430191341,0.2578988599620874,-0.16059451504888075
7.147999999999435,0.03215293567230108,0.25684073658202117,-0.16058762428295711
7.149999999999435,0.0326655502030384,0.2557720276701928,-0.16057330396331165
7.151999999999434,0.033176016785766066,0.2546927960036661,-0.1605515640381348
7.153999999999434,0.03368431443808953,0.2536031047696786,-0.16052241478759913
7.155999999999434,0.034190422304395826,0.2525030175621179,-0.16048586682292884
7.157999999999434,0.03469431965666332,0.25139259837798344,-0.1604419310854548
7.1599999999994335,0.03519598589526441,0.25027191161383466,-0.16039061884565503
7.161999999999433,0.035695400549761044,0.249141022062225,-0.16033194170218174
7.163999999999433,0.03619254327969317,0.2479999949081221,-0.16026591158087355
7.165999999999433,0.036687393875359964,0.24684889572531502,-0.16019254073375422
7.167999999999433,0.03717993225859384,0.2456877904728077,-0.16011184173801746
7.169999999999432,0.0376701384835273,0.24451674549119987,-0.1600238274949977
7.171999999999432,0.038157992737352486,0.24333582749905486,-0.15992851122912724
7.173999999999432,0.03864347534107346,0.2421451035892551,-0.15982590648687992
7.175999999999432,0.039126566750251175,0.24094464122534504,-0.159716027135701
7.1779999999994315,0.03960724755574117,0.23973450823786216,-0.15959888736292369
7.179999999999431,0.040085498484423825,0.23851477282065595,-0.15947450167467225
7.181999999999431,0.04056130039992736,0.23728550352719524,-0.1593428848947518
7.183999999999431,0.041034634303343295,0.23604676926686413,-0.15920405216352498
7.185999999999431,0.04150548133393464,0.23479863930124656,-0.15905801893677535
7.18799999999943,0.04197382276983652,0.2335411832403999,-0.15890480098455792
7.18999999999943,0.04243964002874941,0.23227447103911786,-0.15874441439003648
7.19199999999943,0.04290291466862487,0.23099857299318255,-0.15857687554830835
7.19399999999943,0.04336362838834373,0.22971355973560645,-0.15840220116521614
7.1959999999994295,0.043821763028386834,0.22841950223286403,-0.15822040825614697
7.197999999999429,0.04427730057149814,0.22711647178111355,-0.15803151414481886
7.199999999999429,0.04473022314334033,0.22580454000240913,-0.15783553646205492
7.201999999999429,0.04518051301314282,0.22448377884090323,-0.1576324931445449
7.203999999999429,0.045628152594342095,0.22315426055903997,-0.15742240243359443
7.205999999999428,0.046073124445214546,0.22181605773373933,-0.1572052828738621
7.207999999999428,0.04651541126950156,0.2204692432525725,-0.1569811533120842
7.209999999999428,0.046954995917026995,0.21911389030992862,-0.15675003289578782
7.211999999999428,0.04739186138430699,0.2177500724031731,-0.1565119410719913
7.2139999999994275,0.04782599081515205,0.2163778633287977,-0.15626689758589354
7.215999999999427,0.04825736750126145,0.21499733717856265,-0.1560149224795509
7.217999999999427,0.04868597488280993,0.2136085683356311,-0.15575603609054278
7.219999999999427,0.049111796549026594,0.21221163147069583,-0.15549025905062547
7.221999999999427,0.04953481623876612,0.21080660153809866,-0.1552176122843745
7.223999999999426,0.04995501784107215,0.20939355377194288,-0.15493811700781546
7.225999999999426,0.050372385395732924,0.2079725636821986,-0.1546517947270436
7.227999999999426,0.05078690309382914,0.2065437070508014,-0.15435866723683223
7.229999999999426,0.05119855527827394,0.2051070599277446,-0.15405875661922985
7.2319999999994256,0.05160732644434513,0.20366269862716513,-0.15375208524214623
7.233999999999425,0.05201320124020957,0.20221069972342331,-0.1534386757579277
7.235999999999425,0.05241616446743965,0.20075114004717695,-0.15311855110192124
7.237999999999425,0.052816201081522005,0.1992840966814495,-0.15279173449102812
7.239999999999425,0.05321329619235827,0.197809646957693,-0.15245824942224676
7.2419999999994245,0.05360743506475801,0.19632786845184572,-0.15211811967120478
7.243999999999424,0.05399860311892377,0.19483883898038457,-0.15177136929068086
7.245999999999424,0.05438678593092817,0.193342636596373,-0.15141802260911605
7.247999999999424,0.054771969233183115,0.19183933958550406,-0.15105810422911467
7.249999999999424,0.05515413891490114,0.19032902646213917,-0.15069163902593513
7.251999999999423,0.055533281022548744,0.18881177596534246,-0.15031865214597073
7.253999999999423,0.05590938176029184,0.18728766705491134,-0.14993916900521997
7.255999999999423,0.05628242749043324,0.18575677890740314,-0.1495532152877475
7.257999999999423,0.05665240473384222,0.18421919091215813,-0.1491608169441348
7.2599999999994225,0.05701930017037608,0.18267498266731919,-0.14876200018992128
7.261999999999422,0.05738310063929379,0.1811242339758482,-0.1483567915040357
7.263999999999422,0.05774379313966163,0.17956702484153952,-0.1479452176272179
7.265999999999422,0.05810136483075087,0.17800343546503056,-0.1475273055604314
7.267999999999422,0.058455803032427464,0.17643354623980975,-0.14710308256326615
7.269999999999421,0.058807095225533755,0.17485743774822218,-0.14667257615233234
7.271999999999421,0.05915522905226221,0.17327519075747294,-0.14623581409964484
7.273999999999421,0.05950019231652112,0.17168688621562844,-0.14579282443099867
7.275999999999421,0.05984197298429233,0.17009260524761594,-0.14534363542433534
7.2779999999994205,0.060180559183980964,0.16849242915122137,-0.1448882756081003
7.27999999999942,0.060515939206757144,0.16688643939308587,-0.14442677375959165
7.28199999999942,0.06084810150688969,0.16527471760470083,-0.14395915890330008
7.28399999999942,0.06117703470207181,0.1636573455784021,-0.14348546030924011
7.28599999999942,0.061502727573738786,0.1620344052633632,-0.14300570749127287
7.287999999999419,0.06182516906737765,0.16040597876158788,-0.1425199302054204
7.289999999999419,0.06214434829282884,0.15877214832390218,-0.1420281584481716
7.291999999999419,0.06246025452457982,0.1571329963459462,-0.14153042245477993
7.293999999999419,0.06277287720205071,0.15548860536416578,-0.14102675269755294
7.2959999999994185,0.0630822059298719,0.15383905805180412,-0.1405171798841336
7.297999999999418,0.06338823047815362,0.15218443721489386,-0.14000173495577395
7.299999999999418,0.06369094078274751,0.15052482578824936,-0.13948044908560053
7.301999999999418,0.0639903269455002,0.1488603068314598,-0.13895335367687217
7.303999999999418,0.06428637923449886,0.14719096352488287,-0.1384204803612301
7.305999999999417,0.06457908808430865,0.14551687916563977,-0.13788186099694028
7.307999999999417,0.06486844409620238,0.14383813716361096,-0.13733752766712853
7.309999999999417,0.0651544380383819,0.14215482103743354,-0.13678751267800787
7.311999999999417,0.06543706084619169,0.14046701441050002,-0.1362318485570987
7.3139999999994165,0.06571630362232435,0.1387748010069589,-0.1356705680514417
7.315999999999416,0.06599215763701809,0.137078264647717,-0.1351037041258038
7.317999999999416,0.06626461432824629,0.1353774892464438,-0.1345312899608766
7.319999999999416,0.06653366530189901,0.13367255880557824,-0.1339533589514682
7.321999999999416,0.06679930233195656,0.13196355741233765,-0.13336994470468813
7.323999999999415,0.06706151736065503,0.13025056923472939,-0.1327810810381254
7.325999999999415,0.06732030249864392,0.12853367851756514,-0.13218680197801974
7.327999999999415,0.06757565002513573,0.12681296957847826,-0.13158714175742647
7.329999999999415,0.06782755238804768,0.12508852680394403,-0.13098213481437487
7.3319999999994145,0.06807600220413536,0.12336043464530323,-0.1303718157900197
7.333999999999414,0.06832099225911854,0.12162877761478917,-0.12975621952678698
7.335999999999414,0.06856251550779893,0.11989364028155826,-0.12913538106651312
7.337999999999414,0.06880056507417012,0.1181551072677243,-0.12850933564857805
7.339999999999414,0.06903513425151947,0.11641326324439674,-0.12787811870803228
7.341999999999413,0.0692662165025222,0.11466819292772301,-0.12724176587371783
7.343999999999413,0.06949380545932747,0.11291998107493503,-0.1266003129663837
7.345999999999413,0.06971789492363664,0.11116871248040018,-0.125953795996795
7.347999999999413,0.06993847886677357,0.10941447197167682,-0.12530225116383673
7.349999999999413,0.07015555142974704,0.10765734440557455,-0.12464571485261197
7.351999999999412,0.07036910692330539,0.10589741466421927,-0.12398422363253431
7.353999999999412,0.07057913982798314,0.10413476765112342,-0.12331781425541502
7.355999999999412,0.0707856447941399,0.10236948828726129,-0.12264652365354485
7.357999999999412,0.07098861664199134,0.10060166150714976,-0.12197038893777054
7.3599999999994115,0.07118805036163238,0.0988313722549345,-0.12128944739556621
7.361999999999411,0.07138394111305252,0.0970587054804819,-0.12060373648909964
7.363999999999411,0.07157628422614339,0.09528374613547673,-0.11991329385329347
7.365999999999411,0.0717650752006985,0.09350657916952589,-0.11921815729388174
7.367999999999411,0.07195030970640517,0.09172728952626814,-0.11851836478546143
7.36999999999941,0.07213198358282875,0.08994596213949027,-0.11781395446953924
7.37199999999941,0.072310092839389,0.0881626819292495,-0.11710496465257389
7.37399999999941,0.07248463365532873,0.08637753379800266,-0.11639143380401375
7.37599999999941,0.07265560237967485,0.08459060262674191,-0.11567340055433006
7.3779999999994095,0.07282299553119145,0.08280197327113747,-0.11495090369304581
7.379999999999409,0.0729868097983254,0.0810117305576873,-0.11422398216676019
7.381999999999409,0.07314704203914411,0.07921995927987392,-0.11349267507716906
7.383999999999409,0.07330368928126568,0.0774267441943286,-0.11275702167908108
7.385999999999409,0.07345674872178139,0.07563217001700297,-0.11201706137842998
7.387999999999408,0.07360621772717045,0.07383632141934819,-0.11127283373028288
7.389999999999408,0.07375209383320729,0.07203928302450197,-0.11052437843684454
7.391999999999408,0.07389437474486102,0.0702411394034833,-0.10977173534545827
7.393999999999408,0.07403305833618748,0.06844197507139535,-0.10901494444660267
7.3959999999994075,0.07416814265021357,0.06664187448363645,-0.10825404587188515
7.397999999999407,0.07429962589881407,0.0648409220321194,-0.1074890798920318
7.399999999999407,0.07442750646258092,0.06303920204149918,-0.10672008691487378
7.401999999999407,0.07455178289068491,0.06123679876540928,-0.10594710748333051
7.403999999999407,0.07467245390072987,0.05943379638270671,-0.10517018227338955
7.405999999999406,0.07478951837859941,0.05763027899372587,-0.10438935209208322
7.407999999999406,0.07490297537829613,0.055826330616541395,-0.10360465787546236
7.409999999999406,0.07501282412177333,0.0540220351832401,-0.10281614068656683
7.411999999999406,0.07511906399875937,0.05221747653620223,-0.10202384171339338
7.4139999999994055,0.0752216945665745,0.050412738424392006,-0.10122780226686048
7.415999999999405,0.07532071554994038,0.048607904499657774,-0.1004280637787705
7.417999999999405,0.0754161268407821,0.046803058313041726,-0.09962466779976926
7.419999999999405,0.07550792849802292,0.044998283311099445,-0.09881765599730297
7.421999999999405,0.07559612074737161,0.04319366283222933,-0.09800707015357264
7.423999999999404,0.0756807039811025,0.041389280103012044,-0.09719295216348628
7.425999999999404,0.07576167875782816,0.03958521823456019,-0.09637534403260853
7.427999999999404,0.07583904580226485,0.03778156021887819,-0.09555428787510825
7.429999999999404,0.07591280600499065,0.035978388925232634,-0.09472982591170394
7.4319999999994035,0.07598296042219638,0.03417578709653315,-0.09390200046760697
7.433999999999403,0.07604951027542926,0.032373837345723966,-0.09307085397046296
7.435999999999403,0.07611245695132943,0.030572622152186257,-0.09223642894829125
7.437999999999403,0.07617180200135916,0.028772223858151372,-0.09139876802742256
7.439999999999403,0.07622754714152503,0.026972724665125163,-0.09055791393043484
7.441999999999402,0.07627969425209291,0.025174206630323437,-0.08971390947408761
7.443999999999402,0.07632824537729578,0.0233767516631187,-0.08886679756725463
7.445999999999402,0.07637320272503455,0.021580441521498326,-0.08801662120885513
7.447999999999402,0.07641456866657174,0.01978535780853423,-0.08716342348578371
7.4499999999994015,0.07645234573621815,0.017991581968864197,-0.08630724757083885
7.451999999999401,0.07648653663101242,0.016199195285185,-0.08544813672065024
7.453999999999401,0.07651714421039373,0.01440827887475737,-0.08458613427360492
7.455999999999401,0.07654417149586738,0.012618913685922993,-0.08372128364777241
7.457999999999401,0.07656762167066355,0.010831180494633623,-0.08285362833882888
7.4599999999994,0.076587498079389,0.009045159900992443,-0.08198321191798037
7.4619999999994,0.07660380422767192,0.007260932325807765,-0.08111007802988522
7.4639999999994,0.07661654378179997,0.005478578007159223,-0.0802342703905758
7.4659999999994,0.07662572056835133,0.0036981769969765396,-0.07935583278537958
7.4679999999994,0.07663133857381904,0.001919809157630997,-0.0784748090668396
7.469999999999399,0.07663340194422846,0.000143554158539731,-0.07759124315263453
7.471999999999399,0.07663191498474799,-0.0016305085272170507,-0.07670517902349833
7.473999999999399,0.076626882159293,-0.003402299626265806,-0.07581666072113946
7.475999999999399,0.07661830809012311,-0.005171740068296236,-0.0749257323461601
7.4779999999993985,0.07660619755743266,-0.0069387509894045995,-0.074032438055975
7.479999999999398,0.07659055549893459,-0.008703253735423647,-0.07313682206273035
7.481999999999398,0.07657138700943769,-0.010465169865239059,-0.07223892863122278
7.483999999999398,0.07654869734041711,-0.012224421154092294,-0.07133880207681816
7.485999999999398,0.07652249189957842,-0.013980929596869715,-0.07043648676337097
7.487999999999397,0.07649277625041502,-0.015734617411377903,-0.06953202710114356
7.489999999999397,0.07645955611175903,-0.01748540704160504,-0.06862546754472607
7.491999999999397,0.07642283735732569,-0.019233221160968247,-0.06771685259095651
7.493999999999397,0.07638262601525128,-0.020977982675546795,-0.06680622677684156
7.4959999999993965,0.07633892826762456,-0.022719614727301045,-0.06589363467747789
7.497999999999396,0.07629175045001178,-0.024458040697277035,-0.06497912090397404
7.499999999999396,0.07624109905097536,-0.026193184208796606,-0.06406273010137327
7.501999999999396,0.07618698071158612,-0.027924969130632953,-0.06314450694657706
7.503999999999396,0.07612940222492927,-0.02965331958017149,-0.062224496146269646
7.505999999999395,0.07606837053560396,-0.03137815992655595,-0.06130274243484352
7.507999999999395,0.07600389273921669,-0.03309941479381958,-0.06037929057232598
7.509999999999395,0.07593597608186842,-0.03481700906400136,-0.0594541853423069
7.511999999999395,0.0758646279596354,-0.03653086788024713,-0.05852747154986773
7.5139999999993945,0.07578985591804392,-0.03824091664989548,-0.05759919401951184
7.515999999999394,0.07571166765153882,-0.03994708104754841,-0.05666939759309618
7.517999999999394,0.07563007100294593,-0.04164928701812654,-0.05573812712776462
7.519999999999394,0.07554507396292838,-0.043347460779908795,-0.05480542749388266
7.521999999999394,0.07545668466943685,-0.045041528827556535,-0.05387134357297398
7.523999999999393,0.07536491140715382,-0.04673141793512196,-0.05293592025565858
7.525999999999393,0.07526976260693174,-0.04841705515904072,-0.051999202439592836
7.527999999999393,0.07517124684522537,-0.05009836784110855,-0.05106123502741139
7.529999999999393,0.07506937284351803,-0.051775283611442,-0.0501220629246711
7.5319999999993925,0.074964149467742,-0.053447730391423,-0.04918173103779703
7.533999999999392,0.07485558572769316,-0.055115636396627206,-0.048240284272030504
7.535999999999392,0.07474369077643954,-0.05677893013973611,-0.04729776752937956
7.537999999999392,0.07462847390972434,-0.05843754043343267,-0.04635422570657148
7.539999999999392,0.07450994456536297,-0.06009139639328049,-0.04540970369300801
7.541999999999391,0.07438811232263447,-0.061740427440586394,-0.04446424636872273
7.543999999999391,0.07426298690166715,-0.0633845633052463,-0.04351789860234127
7.545999999999391,0.07413457816281857,-0.06502373402857434,-0.042570705249043994
7.547999999999391,0.07400289610604992,-0.06665786996611502,-0.0416227111485314
7.5499999999993905,0.07386795087029474,-0.06828690179043848,-0.04067396112299241
7.55199999999939,0.07372975273282212,-0.06991076049391866,-0.0397244999750755
7.55399999999939,0.07358831210859426,-0.07152937739149424,-0.03877437248586279
7.55599999999939,0.07344363954961869,-0.07314268412341242,-0.03782362341284714
7.55799999999939,0.07329574574429484,-0.07475061265795521,-0.03687229748791248
7.559999999999389,0.0731446415167553,-0.07635309529414844,-0.03592043941531724
7.561999999999389,0.07299033782620165,-0.07795006466445303,-0.03496809386968108
7.563999999999389,0.07283284576623487,-0.07954145373743883,-0.034015305493975134
7.565999999999389,0.07267217656418053,-0.08112719582044052,-0.03306211889751546
7.5679999999993885,0.07250834158040853,-0.0827072245621959,-0.03210857865396027
7.569999999999388,0.07234135230764777,-0.08428147395546609,-0.031154729299310582
7.571999999999388,0.0721712203702954,-0.08584987833963786,-0.03020061532991472
7.573999999999388,0.0719979575237211,-0.08741237240330782,-0.029246281200476468
7.575999999999388,0.07182157565356596,-0.08896889118684836,-0.028291771322067186
7.5779999999993874,0.0716420867750365,-0.09051937008495547,-0.02733713006014178
7.579999999999387,0.07145950303219338,-0.09206374484917806,-0.026382401732558763
7.581999999999387,0.07127383669723529,-0.0936019515904289,-0.02542763060760435
7.583999999999387,0.07108510016977763,-0.09513392678147704,-0.02447286090202084
7.585999999999387,0.07089330597612639,-0.09665960725942153,-0.023518136779039113
7.587999999999386,0.070698466768547,-0.09817893022814651,-0.022563502346415625
7.589999999999386,0.07050059532452835,-0.09969183326075748,-0.02160900165447375
7.591999999999386,0.07029970454604186,-0.10119825430199862,-0.02065467869414961
7.593999999999386,0.07009580745879587,-0.10269813167065125,-0.019700577395042544
7.5959999999993855,0.0698889172114852,-0.10419140406191317,-0.018746741623470245
7.597999999999385,0.06967904707503586,-0.10567801054975884,-0.017793215180528614
7.599999999999385,0.06946621044184524,-0.10715789058928038,-0.01684004180015644
7.601999999999385,0.06925042082501752,-0.10863098401900925,-0.01588726514720505
7.603999999999385,0.06903169185759447,-0.11009723106321853,-0.014934928815512893
7.605999999999384,0.06881003729178173,-0.11155657233420574,-0.013983076325985208
7.607999999999384,0.06858547099817043,-0.11300894883455606,-0.013031751124678859
7.609999999999384,0.06835800696495442,-0.11445430195938597,-0.0120809965808924
7.611999999999384,0.06812765929714297,-0.11589257349856713,-0.011130855985261437
7.6139999999993835,0.06789444221576903,-0.11732370563893046,-0.010181372547859405
7.615999999999383,0.06765837005709316,-0.11874764096645038,-0.009232589396303795
7.617999999999383,0.06741945727180304,-0.120164322468409,-0.00828454957386797
7.619999999999383,0.06717771842420873,-0.12157369353554034,-0.007337296037598542
7.621999999999383,0.06693316819143366,-0.12297569796415445,-0.006390871656438563
7.623999999999382,0.06668582136260132,-0.12437027995824121,-0.005445319209356439
7.625999999999382,0.06643569283801783,-0.12575738413155405,-0.004500681383480712
7.627999999999382,0.06618279762835037,-0.12713695550967308,-0.0035570007722408037
7.629999999999382,0.0659271508538015,-0.12850893953204798,-0.0026143198735138345
7.6319999999993815,0.06566876774327933,-0.1298732820540203,-0.0016726810877775167
7.633999999999381,0.06540766363356376,-0.13122992934882516,-0.0007321267162691825
7.635999999999381,0.06514385396846874,-0.13257882810957242,0.0002073010408488174
7.637999999999381,0.06487735429800051,-0.1339199254512069,0.0011455600863174709
7.639999999999381,0.06460818027751204,-0.13525316891244799,0.002082608427602939
7.64199999999938,0.06433634766685352,-0.13657850645770828,0.0030184041787119503
7.64399999999938,0.06406187232951906,-0.1378958864789913,0.003952905562000619
7.64599999999938,0.06378477023178968,-0.13920525779776813,0.0048860709099765864
7.64799999999938,0.06350505744187247,-0.14050656966683314,0.005817858667094389
7.6499999999993795,0.06322275012903615,-0.14179977177213823,0.006748227391544098
7.651999999999379,0.06293786456274289,-0.14308481423460617,0.007677135757032966
7.653999999999379,0.0626504171117766,-0.1443616476119224,0.008604542554560196
7.655999999999379,0.06236042424336764,-0.1456302229003056,0.009530406694184604
7.657999999999379,0.06206790252231399,-0.14689049153625672,0.010454687206785163
7.659999999999378,0.061772868610098945,-0.14814240539828658,0.011377343245814367
7.661999999999378,0.0614753392640054,-0.14938591680862184,0.012298334089044342
7.663999999999378,0.06117533133622673,-0.15062097853488943,0.013217619140305524
7.665999999999378,0.06087286177297433,-0.15184754379177903,0.01413515793121798
7.6679999999993775,0.06056794761358182,-0.15306556624268416,0.015050910122915186
7.669999999999377,0.060260605989606045,-0.15427500000132102,0.01596483550776026
7.671999999999377,0.05995085412392482,-0.1554757996333258,0.016876894011054466
7.673999999999377,0.059638709329831494,-0.15666792015782977,0.017787045692738084
7.675999999999377,0.059324189010126434,-0.15785131704901248,0.01869525074908339
7.677999999999376,0.059007310656205375,-0.15902594623763286,0.019601469514379806
7.679999999999376,0.05868809184714475,-0.16019176411253813,0.020505662462611055
7.681999999999376,0.05836655024878403,-0.1613487275221506,0.021407790209124318
7.683999999999376,0.058042703612805106,-0.1624967937759321,0.022307813512291268
7.6859999999993756,0.05771656977580875,-0.16363592064582622,0.023205693275160942
7.687999999999375,0.057388166658388265,-0.16476606636767802,0.024101390547104355
7.689999999999375,0.057057512264200236,-0.16588718964263147,0.024994866525450743
7.691999999999375,0.05672462467903258,-0.16699924963850432,0.025886082557115497
7.693999999999375,0.056389522069869844,-0.16810220599114045,0.02677500014021958
7.6959999999993745,0.05605222268395581,-0.16919601880573962,0.027661580925700383
7.697999999999374,0.055712744847853476,-0.17028064865816456,0.028545786718914
7.699999999999374,0.05537110696650246,-0.17135605659622544,0.029427579481228802
7.701999999999374,0.0550273275222738,-0.17242220414094153,0.03030692133161026
7.703999999999374,0.05468142507402234,-0.17347905328778004,0.031183774548196964
7.705999999999373,0.05433341825613658,-0.17452656650787218,0.03205810156986768
7.707999999999373,0.05398332577758616,-0.1755647067492063,0.03292986499779951
7.709999999999373,0.053631166420967,-0.17659343743779804,0.03379902759701699
7.711999999999373,0.053276959041544045,-0.17761272247883766,0.03466555229793202
7.7139999999993725,0.052920722566291836,-0.1786225262578141,0.03552940219787479
7.715999999999372,0.05256247599293278,-0.1796228136416161,0.03639054056261522
7.717999999999372,0.052202238388973275,-0.1806135499796103,0.037248930827875275
7.719999999999372,0.0518400288907377,-0.1815947011046959,0.03810453660083187
7.721999999999372,0.05147586670240032,-0.18256623333433636,0.03895732166161024
7.723999999999371,0.05110977109501512,-0.18352811347156786,0.03980724996476786
7.725999999999371,0.050741761405543706,-0.1844803088059843,0.04065428564076881
7.727999999999371,0.050371857035881214,-0.185422787114699,0.04149839299744844
7.729999999999371,0.05000007745188031,-0.18635551666328337,0.04233953652146829
7.7319999999993705,0.04962644218237337,-0.18727846620668165,0.04317768087976138
7.73399999999937,0.04925097081819285,-0.1881916049901027,0.04401279092096745
7.73599999999937,0.04887368301118987,-0.1890949027498881,0.0448448316768585
7.73799999999937,0.0484945984732511,-0.18998832971435667,0.04567376836375418
7.73999999999937,0.048113736975313987,-0.19087185660462572,0.046499566383927236
7.741999999999369,0.047731118346380365,-0.19174545463540854,0.04732219132699887
7.743999999999369,0.04734676247252846,-0.1926090955157884,0.048141608971323906
7.745999999999369,0.04696068929592343,-0.19346275144996875,0.048957785285365735
7.747999999999369,0.04657291881382637,-0.1943063951380001,0.04977068642906094
7.7499999999993685,0.04618347107760193,-0.19513999977648297,0.05058027875517368
7.751999999999368,0.0457923661917245,-0.19596353905924718,0.051386528810639556
7.753999999999368,0.045399624312783125,-0.19677698717800748,0.05218940333789909
7.755999999999368,0.045005265648485095,-0.19758031882299548,0.05298886927622062
7.757999999999368,0.04460931045665828,-0.1983735091835676,0.053784893763012646
7.759999999999367,0.044211779044252324,-0.19915653394878952,0.054577444135125525
7.761999999999367,0.043812691766338625,-0.1999293693079966,0.055366487930142434
7.763999999999367,0.04341206902510929,-0.20069199195133056,0.05615199288765967
7.765999999999367,0.04300993126887498,-0.20144437907025237,0.05693392695055599
7.7679999999993665,0.0426062989910618,-0.20218650835803115,0.057712258266251204
7.769999999999366,0.04220119272920721,-0.20291835801020933,0.05848695518795377
7.771999999999366,0.041794633063955,-0.20363990672504384,0.059257986275897456
7.773999999999366,0.041386640618049496,-0.2043511337039234,0.06002532029856692
7.775999999999366,0.04097723605532887,-0.205052018651762,0.06078892623391221
7.777999999999365,0.04056644007971769,-0.2057425417773683,0.06154877327055214
7.779999999999365,0.04015427343421885,-0.20642268379379125,0.06230483080896646
7.781999999999365,0.0397407568999047,-0.20709242591864166,0.06305706846267678
7.783999999999365,0.039325911294907645,-0.20775174987438993,0.06380545605941612
7.7859999999993645,0.038909757473410155,-0.2084006378886398,0.06454996364228732
7.787999999999364,0.038492316324634235,-0.209039072694378,0.06529056147090975
7.789999999999364,0.03807360877183044,-0.20966703753020022,0.06602722002255476
7.791999999999364,0.03765365577126644,-0.21028451614051294,0.06675990999326967
7.793999999999364,0.03723247831121523,-0.21089149277571131,0.06748860229899004
7.795999999999363,0.03681009741094297,-0.21148795219233318,0.06821326807664044
7.797999999999363,0.03638653411969659,-0.21207387965318908,0.06893387868522363
7.799999999999363,0.03596180951569115,-0.2126492609274683,0.06965040570689796
7.801999999999363,0.03553594470509694,-0.21321408229082103,0.070362820948043
7.803999999999363,0.03510896082102656,-0.21376833052541658,0.07107109644031358
7.805999999999362,0.0346808790225218,-0.21431199291997757,0.07177520444168173
7.807999999999362,0.03425172049354055,-0.21484505726979045,0.07247511743746698
7.809999999999362,0.033821506441943636,-0.2153675118766918,0.07317080814135468
7.811999999999362,0.03339025809848182,-0.21587934554903096,0.07386224949640226
7.8139999999993615,0.032957996715782784,-0.21638054760160877,0.07454941467603365
7.815999999999361,0.03252474356733832,-0.2168711078555923,0.0752322770850216
7.817999999999361,0.032090519946491695,-0.21735101663840586,0.07591081036045783
7.819999999999361,0.03165534716542529,-0.21782026478359814,0.07658498837271124
7.821999999999361,0.031219246554148494,-0.2182788436306856,0.07725478522637377
7.82399999999936,0.030782239459485924,-0.21872674502497186,0.0779201752611943
7.82599999999936,0.03034434724406608,-0.2191639613173437,0.078581133053
7.82799999999936,0.029905591285310392,-0.21959048536404288,0.07923763341460577
7.82999999999936,0.02946599297442275,-0.22000631052641456,0.07988965139671104
7.8319999999993595,0.029025573715379584,-0.22041143067063182,0.08053716228878453
7.833999999999359,0.028584354923920495,-0.2208058401673967,0.08118014161993632
7.835999999999359,0.028142358026539513,-0.2211895338916175,0.08181856515977787
7.837999999999359,0.027699604459477035,-0.22156250722206228,0.08245240891926923
7.839999999999359,0.027256115667712473,-0.2219247560409892,0.08308164915155411
7.841999999999358,0.02681191310395765,-0.222276276733753,0.08370626235278214
7.843999999999358,0.02636701822765104,-0.22261706618838797,0.08432622526291884
7.845999999999358,0.02592145250395282,-0.22294712179516762,0.08494151486654294
7.847999999999358,0.025475237402740887,-0.2232664414461408,0.08555210839363099
7.8499999999993575,0.025028394397607755,-0.22357502353464434,0.0861579833203295
7.851999999999357,0.02458094496485851,-0.22387286695479253,0.08675911736971442
7.853999999999357,0.024132910582509774,-0.2241599711009431,0.08735548851253776
7.855999999999357,0.023684312729289777,-0.22443633586714,0.08794707496796178
7.857999999999357,0.02323517288363956,-0.22470196164653297,0.08853385520428023
7.859999999999356,0.02278551252271536,-0.22495684933077373,0.08911580793962692
7.861999999999356,0.022335353121392242,-0.22520100030938936,0.0896929121426715
7.863999999999356,0.02188471615126897,-0.2254344164691323,0.09026514703330243
7.865999999999356,0.02143362307967426,-0.2256571001933074,0.09083249208329718
7.8679999999993555,0.02098209536867433,-0.22586905436107604,0.09139492701697943
7.869999999999355,0.020530154474081932,-0.22607028234673715,0.09195243181186369
7.871999999999355,0.020077821844466798,-0.2262607880189855,0.09250498669928664
7.873999999999355,0.01962511892016762,-0.22644057574014703,0.09305257216502595
7.875999999999355,0.019172067132305567,-0.22660965036539152,0.0935951689499059
7.877999999999354,0.0187186879017994,-0.22676801724192244,0.09413275805039019
7.879999999999354,0.01826500263838224,-0.22691568220814418,0.09466532071916182
7.881999999999354,0.01781103273962001,-0.2270526515928066,0.09519283846568985
7.883999999999354,0.01735679958993163,-0.22717893221412724,0.0957152930567833
7.8859999999993535,0.016902324559610975,-0.2272945313788908,0.096232666517132
7.887999999999353,0.01644762900385065,-0.2273994568815264,0.09674494112983442
7.889999999999353,0.015992734261767658,-0.22749371700316237,0.09725209943691256
7.891999999999353,0.015537661655430949,-0.2275773205106588,0.09775412423981353
7.893999999999353,0.015082432488890957,-0.22765027665561793,0.09825099859989844
7.895999999999352,0.014627068047211119,-0.2277125951733724,0.098742705838918
7.897999999999352,0.014171589595501442,-0.22776428628195114,0.09922922953947508
7.899999999999352,0.013716018377954164,-0.22780536068102383,0.09971055354547413
7.901999999999352,0.013260375616881552,-0.22783582955082288,0.10018666196255775
7.9039999999993515,0.012804682511755865,-0.22785570455104384,0.10065753915852989
7.905999999999351,0.01234896023825155,-0.22786499781972402,0.10112316976376606
7.907999999999351,0.011893229947289695,-0.2278637219720993,0.10158353867161046
7.909999999999351,0.0114375127640848,-0.22785189009943949,0.10203863103875996
7.911999999999351,0.010981829787193883,-0.22782951576786195,0.10248843228563495
7.91399999999935,0.010526202087567996,-0.227796613017124,0.1029329280967371
7.91599999999935,0.010070650707606169,-0.2277531963593937,0.10337210442099401
7.91799999999935,0.009615196660211833,-0.22769928077799953,0.10380594747209068
7.91999999999935,0.009159860927851768,-0.22763488172615878,0.10423444372878793
7.92199999999935,0.008704664461617622,-0.22756001512568486,0.10465757993522762
7.923999999999349,0.008249628180290014,-0.2274746973656735,0.10507534310122481
7.925999999999349,0.0077947729694053175,-0.22737894530116817,0.10548772050254673
7.927999999999349,0.007340119680325105,-0.22727277625180456,0.10589469968117877
7.929999999999349,0.006885689129308344,-0.22715620800043415,0.10629626844557717
7.9319999999993485,0.006431502096586352,-0.22702925879172747,0.10669241487090873
7.933999999999348,0.005977579325440579,-0.2268919473307564,0.10708312729927738
7.935999999999348,0.005523941521283237,-0.22674429278155633,0.10746839433993763
7.937999999999348,0.005070609350740827,-0.22658631476566768,0.10784820486949492
7.939999999999348,0.004617603440740606,-0.2264180333606573,0.10822254803209301
7.941999999999347,0.004164944377600029,-0.22623946909861964,0.10859141323958804
7.943999999999347,0.0037126527061192077,-0.22605064296465777,0.1089547901717098
7.945999999999347,0.003260748928676433,-0.2258515763953446,0.10931266877620968
7.947999999999347,0.0028092535043267876,-0.22564229127716398,0.10966503926899586
7.9499999999993465,0.0023581868479039,-0.22542280994493222,0.1100118921342552
7.951999999999346,0.0019075693291248743,-0.22519315518019983,0.11035321812456221
7.953999999999346,0.0014574212716984382,-0.22495335020963375,0.11068900826097504
7.955999999999346,0.0010077629524363424,-0.22470341870338006,0.11101925383311843
7.957999999999346,0.0005586146003680559,-0.22444338477340744,0.11134394639925368
7.959999999999345,0.00010999639585879421,-0.2241732729718313,0.11166307778633566
7.961999999999345,-0.0003380715302690827,-0.22389310828921874,0.11197664009005685
7.963999999999345,-0.0007855690976112631,-0.22360291615287464,0.11228462567487846
7.965999999999345,-0.001232476277053229,-0.22330272242510874,0.11258702717404859
7.9679999999993445,-0.0016787730916385172,-0.22299255340148383,0.11288383748960759
7.969999999999344,-0.0021244396174334586,-0.22267243580904553,0.11317504979238042
7.971999999999344,-0.0025694559843883577,-0.2223423968045332,0.11346065752195622
7.973999999999344,-0.0030138023771950754,-0.2220024639725726,0.11374065438665495
7.975999999999344,-0.00345745903614098,-0.2216526653238501,0.11401503436348137
7.977999999999343,-0.0039004062579592264,-0.22129302929326883,0.11428379169806603
7.979999999999343,-0.004342624396675332,-0.2209235847380865,0.11454692090459365
7.981999999999343,-0.004784093864450007,-0.2205443609360354,0.11480441676571858
7.983999999999343,-0.005224795132418211,-0.22015538758342465,0.1150562743324677
7.9859999999993425,-0.0056647087315243915,-0.21975669479322438,0.11530248892413053
7.987999999999342,-0.006103815253353878,-0.2193483130931326,0.11554305612813658
7.989999999999342,-0.006542095350960389,-0.2189302734236245,0.11577797179992018
7.991999999999342,-0.006979529739689619,-0.21850260713598438,0.11600723206277264
7.993999999999342,-0.007416099197998881,-0.21806534599032024,0.1162308333076818
7.995999999999341,-0.007851784568272745,-0.21761852215356145,0.116448772193159
7.997999999999341,-0.008286566757634672,-0.2171621681974393,0.11666104564505347
7.999999999999341,-0.008720426738754582,-0.21669631709645076,0.11686765085635432
8.001999999999342,-0.009153345550652331,-0.2162210022258054,0.11706858528697997
8.003999999999342,-0.00958530429949708,-0.21573625735935587,0.11726384666355504
8.005999999999343,-0.010016284159402483,-0.21524211666751186,0.11745343297917502
8.007999999999344,-0.010446266373217716,-0.2147386147151377,0.11763734249315841
8.009999999999344,-0.010875232253314264,-0.21422578645943366,0.11781557373078656
8.011999999999345,-0.011303163182368457,-0.2137036672478014,0.11798812548303109
8.013999999999346,-0.011730040614139731,-0.21317229281569336,0.11815499680626916
8.015999999999346,-0.012155846074244567,-0.21263169928444625,0.11831618702198642
8.017999999999347,-0.012580561160926072,-0.2120819231590991,0.11847169571646769
8.019999999999348,-0.013004167545819198,-0.21152300132619553,0.11862152274047562
8.021999999999348,-0.013426646974711536,-0.21095497105157085,0.11876566820891696
8.023999999999349,-0.013847981268299675,-0.21037786997812372,0.11890413250049696
8.02599999999935,-0.014268152322941085,-0.2097917361235728,0.11903691625736153
8.02799999999935,-0.014687142111401506,-0.20919660787819838,0.11916402038472748
8.029999999999351,-0.0151049326835978,-0.20859252400256914,0.1192854460505007
8.031999999999352,-0.015521506167336236,-0.20797952362525426,0.11940119468488238
8.033999999999352,-0.015936844769046204,-0.20735764624052092,0.11951126797996336
8.035999999999353,-0.01635093077450928,-0.20672693170601736,0.11961566788930666
8.037999999999354,-0.016763746549583673,-0.2060874202404418,0.11971439662751795
8.039999999999354,-0.01717527454092398,-0.20543915242119695,0.11980745666980458
8.041999999999355,-0.017585497276696227,-0.20478216918203085,0.11989485075152245
8.043999999999356,-0.01799439736728821,-0.2041165118106635,0.11997658186771165
8.045999999999356,-0.01840195750601503,-0.20344222194640016,0.12005265327261996
8.047999999999357,-0.018808160469819882,-0.2027593415777307,0.12012306847921511
8.049999999999358,-0.01921298911997001,-0.20206791303991586,0.12018783125868523
8.051999999999358,-0.01961642640274782,-0.20136797901255998,0.12024694563992794
8.053999999999359,-0.020018455350137136,-0.20065958251717075,0.12030041590902782
8.05599999999936,-0.020419059080504544,-0.19994276691470592,0.12034824660872251
8.05799999999936,-0.020818220799275842,-0.19921757590310712,0.1203904425378575
8.059999999999361,-0.021215923799607524,-0.19848405351482112,0.1204270087508294
8.061999999999362,-0.0216121514630533,-0.19774224411430838,0.12045795055701808
8.063999999999362,-0.022006887260225625,-0.1969921923955393,0.12048327352020749
8.065999999999363,-0.0224001147514522,-0.19623394337947822,0.12050298345799527
8.067999999999364,-0.02279181758742745,-0.19546754241155523,0.12051708644119132
8.069999999999364,-0.023181979509858893,-0.19469303515912617,0.12052558879320506
8.071999999999365,-0.023570584352108463,-0.19391046760892067,0.12052849708942198
8.073999999999366,-0.023957616039828683,-0.1931198860644786,0.12052581815656879
8.075999999999366,-0.024343058591593723,-0.19232133714357508,0.12051755907206799
8.077999999999367,-0.024726896119525273,-0.19151486777563395,0.12050372716338126
8.079999999999368,-0.025109112829913263,-0.19070052519913025,0.12048433000734225
8.081999999999368,-0.025489693023831337,-0.18987835695898145,0.12045937542947839
8.083999999999369,-0.02586862109774714,-0.18904841090392793,0.12042887150332206
8.08599999999937,-0.026245881544127325,-0.18821073518390258,0.1203928265497111
8.08799999999937,-0.0266214589520373,-0.18736537824738983,0.12035124913607861
8.089999999999371,-0.026995338007735688,-0.18651238883877433,0.12030414807573221
8.091999999999372,-0.02736750349526346,-0.18565181599567912,0.12025153242712286
8.093999999999372,-0.027737940297027742,-0.18478370904629385,0.12019341149310302
8.095999999999373,-0.028106633394380274,-0.18390811760669284,0.12012979482017466
8.097999999999374,-0.02847356786819049,-0.18302509157814345,0.12006069219772669
8.099999999999374,-0.028838728899413194,-0.18213468114440456,0.11998611365726222
8.101999999999375,-0.02920210176965085,-0.1812369367690157,0.11990606947161547
8.103999999999376,-0.02956367186171041,-0.18033190919257666,0.1198205701541587
8.105999999999376,-0.029923424660154716,-0.17941964943001795,0.11972962645799874
8.107999999999377,-0.030281345751848418,-0.17850020876786207,0.11963324937516369
8.109999999999378,-0.030637420826498417,-0.1775736387614759,0.11953145013577945
8.111999999999378,-0.0309916356771888,-0.17663999123231428,0.11942424020723635
8.113999999999379,-0.031343976200910256,-0.1756993182651551,0.11931163129334593
8.11599999999938,-0.03169442839908393,-0.17475167220532575,0.11919363533348781
8.11799999999938,-0.03204297837807977,-0.17379710565592119,0.1190702645017468
8.119999999999381,-0.03238961234972926,-0.17283567147501408,0.11894153120604037
8.121999999999382,-0.032734316631832565,-0.17186742277285674,0.1188074480872363
8.123999999999382,-0.03307707764866012,-0.17089241290907523,0.11866802801826093
8.125999999999383,-0.03341788193144854,-0.16991069548985574,0.11852328410319773
8.127999999999384,-0.033756716118890924,-0.16892232436512356,0.11837322967637641
8.129999999999384,-0.03409356695762151,-0.16792735362571434,0.1182178783014527
8.131999999999385,-0.03442842130269466,-0.16692583760053842,0.11805724377047869
8.133999999999386,-0.03476126611805817,-0.1659178308537378,0.11789134010296387
8.135999999999386,-0.035092088477020895,-0.1649033881818363,0.11772018154492707
8.137999999999387,-0.03542087556271463,-0.16388256461088294,0.11754378256793904
8.139999999999388,-0.035747614668550316,-0.16285541539358855,0.1173621578681561
8.141999999999388,-0.036072293198668504,-0.16182199600645597,0.11717532236534459
8.143999999999389,-0.03639489866838405,-0.16078236214690392,0.11698329120189649
8.14599999999939,-0.03671541870462507,-0.1597365697303846,0.11678607974183601
8.14799999999939,-0.03703384104636613,-0.1586846748874954,0.11658370356981737
8.149999999999391,-0.037350153545055616,-0.15762673396108454,0.11637617849011384
8.151999999999392,-0.03766434416503736,-0.15656280350335103,0.11616352052559789
8.153999999999392,-0.037976400983966443,-0.15549294027293917,0.11594574591671288
8.155999999999393,-0.03828631219321916,-0.15441720123202748,0.11572287112043603
8.157999999999394,-0.038594066098297165,-0.1533356435434124,0.11549491280923291
8.159999999999394,-0.038899651119225824,-0.15224832456758675,0.11526188787000335
8.161999999999395,-0.03920305579094664,-0.15115530185981343,0.1150238134030192
8.163999999999396,-0.039504268763703894,-0.15005663316719414,0.11478070672085336
8.165999999999396,-0.039803278803425365,-0.14895237642573336,0.11453258534730096
8.167999999999397,-0.040100074792097214,-0.14784258975739792,0.11427946701629205
8.169999999999398,-0.04039464572813296,-0.14672733146717215,0.11402136967079618
8.171999999999398,-0.04068698072673656,-0.14560666004010878,0.11375831146171902
8.173999999999399,-0.0409770690202596,-0.14448063413837575,0.11349031074679095
8.1759999999994,-0.041264899958552564,-0.1433493125982991,0.11321738608944748
8.1779999999994,-0.04155046300931021,-0.14221275442740214,0.11293955625770212
8.179999999999401,-0.041833747758410963,-0.1410710188014407,0.11265684022301128
8.181999999999402,-0.04211474391025046,-0.1399241650614354,0.11236925715913132
8.183999999999402,-0.04239344128806907,-0.13877225271069996,0.11207682644096817
8.185999999999403,-0.042669829834273525,-0.13761534141186685,0.11177956764341905
8.187999999999404,-0.042943899610752574,-0.13645349098390955,0.11147750054020694
8.189999999999404,-0.043215640799186696,-0.13528676139916207,0.11117064510270736
8.191999999999405,-0.04348504370135183,-0.13411521278033559,0.11085902149876772
8.193999999999406,-0.04375209873941714,-0.13293890539753261,0.11054265009151962
8.195999999999406,-0.04401679645623682,-0.13175789966525858,0.11022155143818345
8.197999999999407,-0.04427912751563592,-0.1305722561394312,0.10989574628886611
8.199999999999408,-0.04453908270269013,-0.12938203551438748,0.10956525558535152
8.201999999999408,-0.044796652923999696,-0.128187298619889,0.10923010045988388
8.203999999999409,-0.045051829207957216,-0.1269881064181249,0.10889030223394419
8.20599999999941,-0.04530460270500952,-0.12578452000071352,0.10854588241701968
8.20799999999941,-0.04555496468791354,-0.12457660058570215,0.10819686270536628
8.209999999999411,-0.045802906551986135,-0.12336440951456548,0.10784326498076462
8.211999999999412,-0.04604841981534797,-0.12214800824920267,0.10748511130926888
8.213999999999412,-0.04629149611916136,-0.12092745836893326,0.10712242393994931
8.215999999999413,-0.0465321272278621,-0.11970282156749201,0.10675522530362799
8.217999999999414,-0.04677030502938528,-0.11847415965002293,0.1063835380116081
8.219999999999414,-0.047006021535385106,-0.11724153453007247,0.10600738485439674
8.221999999999415,-0.04723926888144872,-0.11600500822658211,0.10562678880042134
8.223999999999416,-0.04747003932730395,-0.11476464286088059,0.10524177299473977
8.225999999999416,-0.04769832525702109,-0.11352050065367565,0.10485236075774425
8.227999999999417,-0.04792411917920865,-0.11227264392204567,0.10445857558385892
8.229999999999418,-0.04814741372720308,-0.1110211350764312,0.10406044114023148
8.231999999999418,-0.04836820165925252,-0.10976603661762668,0.10365798126541868
8.23399999999942,-0.04858647585869445,-0.10850741113377224,0.10325121996806585
8.23599999999942,-0.048802229334127416,-0.10724532129734593,0.10284018142558057
8.23799999999942,-0.049015455219576676,-0.10597982986215647,0.10242488998280039
8.239999999999421,-0.04922614677465386,-0.10471099966033659,0.10200537015065492
8.241999999999422,-0.049434297384710627,-0.10343889359933713,0.10158164660482216
8.243999999999422,-0.049639900560986265,-0.10216357465892205,0.1011537441843792
8.245999999999423,-0.04984294994074935,-0.10088510588816453,0.10072168789044729
8.247999999999424,-0.05004343928743334,-0.09960355040244416,0.10028550288483162
8.249999999999424,-0.050241362490766196,-0.09831897138044544,0.09984521448865542
8.251999999999425,-0.05043671356689397,-0.09703143206115783,0.09940084818098892
8.253999999999426,-0.05062948665849845,-0.0957409957408772,0.09895242959747289
8.255999999999426,-0.050819676034908765,-0.09444772577020914,0.09849998452893705
8.257999999999427,-0.05100727609220699,-0.093151685551074,0.09804353892001333
8.259999999999428,-0.05119228135332781,-0.09185293853371393,0.09758311886774398
8.261999999999428,-0.05137468646815216,-0.09055154821370204,0.09711875062018477
8.26399999999943,-0.051554486213594895,-0.08924757812895374,0.09665046057500318
8.26599999999943,-0.0517316754936865,-0.08794109185674051,0.09617827527807177
8.26799999999943,-0.051906249339648804,-0.08663215301070606,0.09570222142205675
8.269999999999431,-0.05207820290996475,-0.0853208252378852,0.09522232584500184
8.271999999999432,-0.05224753149044222,-0.08400717221572536,0.09473861552890736
8.273999999999432,-0.052414230494271845,-0.08269125764911107,0.0942511175983049
8.275999999999433,-0.05257829546207893,-0.08137314526739144,0.09375985931882738
8.277999999999434,-0.05273972206196941,-0.0800528988214106,0.09326486809577464
8.279999999999434,-0.052898506089569884,-0.07873058208054166,0.09276617147267471
8.281999999999435,-0.053054643468061685,-0.07740625882972381,0.09226379712984072
8.283999999999436,-0.053208130248209085,-0.07607999286650306,0.09175777288292358
8.285999999999436,-0.05335896260838153,-0.07475184799807658,0.09124812668146062
8.287999999999437,-0.05350713685456999,-0.07342188803834071,0.09073488660741982
8.289999999999438,-0.05365264942039742,-0.07209017680494301,0.09021808087374034
8.291999999999438,-0.05379549686712332,-0.07075677811633813,0.08969773782286893
8.29399999999944,-0.053935675883642405,-0.06942175578884789,0.08917388592529238
8.29599999999944,-0.05407318328647739,-0.06808517363372567,0.08864655377806635
8.29799999999944,-0.05420801601976594,-0.066747095454225,0.08811577010334022
8.299999999999441,-0.054340171155241736,-0.06540758504267277,0.08758156374687844
8.301999999999442,-0.054469645892209706,-0.06406670617754699,0.08704396367657813
8.303999999999442,-0.05459643755751539,-0.0627245226205593,0.08650299898098321
8.305999999999443,-0.05472054360550853,-0.06138109811374229,0.08595869886779504
8.307999999999444,-0.05484196161800076,-0.06003649637654181,0.08541109266237967
8.309999999999444,-0.05496068930421757,-0.0586907811029144,0.08486020980627167
8.311999999999445,-0.0550767245007444,-0.057344015958429806,0.08430607985567476
8.313999999999446,-0.05519006517146698,-0.05599626457737897,0.0837487324799593
8.315999999999447,-0.05530070940750592,-0.054647590559887306,0.08318819746015646
8.317999999999447,-0.05540865542714544,-0.05329805746903363,0.08262450468744957
8.319999999999448,-0.05551390157575643,-0.05194772882797469,0.08205768416166226
8.321999999999449,-0.05561644632571376,-0.05059666811707554,0.08148776598974378
8.32399999999945,-0.055716288276307785,-0.049244938771045764,0.08091478038425154
8.32599999999945,-0.0558134261536502,-0.04789260417608171,0.08033875766183067
8.32799999999945,-0.05590785881057418,-0.046539727667014884,0.07975972824169106
8.329999999999451,-0.055999585226528766,-0.04518637252446654,0.07917772264408163
8.331999999999452,-0.056088604507467624,-0.04383260197200867,0.07859277148876204
8.333999999999453,-0.056174915885732125,-0.04247847917333137,0.07800490549347196
8.335999999999453,-0.05625851871992874,-0.04112406722941691,0.07741415547239781
8.337999999999454,-0.05633941249480081,-0.03976942917572034,0.0768205523346372
8.339999999999455,-0.056417596821094665,-0.03841462797935702,0.07622412708266098
8.341999999999455,-0.05649307143542016,-0.037059726536296946,0.07562491081077317
8.343999999999456,-0.05656583620010556,-0.035704787668566204,0.07502293470356863
8.345999999999457,-0.0566358911030469,-0.03434987412145543,0.07441823003438866
8.347999999999457,-0.056703236257551685,-0.0329950485607356,0.07381082816377461
8.349999999999458,-0.0567678719021771,-0.031640373569881086,0.07320076053791949
8.351999999999459,-0.05682979840056264,-0.030285911647300212,0.07258805868711765
8.35399999999946,-0.05688901624125721,-0.028931725203573327,0.07197275422421275
8.35599999999946,-0.05694552603754072,-0.02757787655869856,0.07135487884304387
8.35799999999946,-0.05699932852724017,-0.02622442793934534,0.07073446431689
8.359999999999461,-0.05705042457254027,-0.02487144147611576,0.07011154249691284
8.361999999999462,-0.057098815159788534,-0.02351897920081396,0.06948614531059814
8.363999999999463,-0.05714450139929501,-0.02216710304372356,0.06885830476019551
8.365999999999463,-0.05718748452512648,-0.02081587483089327,0.06822805292115679
8.367999999999464,-0.05722776589489532,-0.019465356281430826,0.06759542194057311
8.369999999999465,-0.057265346989542894,-0.018115609004805272,0.06696044403561073
8.371999999999465,-0.057300229413117604,-0.016766694498157767,0.06632315149194554
8.373999999999466,-0.057332414892547534,-0.015418674143620963,0.06568357666219649
8.375999999999467,-0.057361905277407775,-0.014071609205647092,0.06504175196435802
8.377999999999467,-0.057388702539682396,-0.012725560828344844,0.06439770988023132
8.379999999999468,-0.057412808773521104,-0.011380590032825141,0.06375148295385481
8.381999999999469,-0.0574342261949906,-0.010036757714555908,0.06310310378993367
8.38399999999947,-0.057452957141820644,-0.008694124640725935,0.06245260505226855
8.38599999999947,-0.057469004073144904,-0.007352751447617941,0.06180001946218361
8.38799999999947,-0.05748236956923649,-0.006012698637990919,0.06114537979695388
8.389999999999471,-0.05749305633123831,-0.00467402657847188,0.06048871888823195
8.391999999999472,-0.057501067180888196,-0.0033367954969570775,0.05983006962047425
8.393999999999473,-0.05750640506023888,-0.002001065480022819,0.059169464929366734
8.395999999999473,-0.05750907303137275,-0.0006668964703459555,0.05850693780025029
8.397999999999474,-0.05750907427611149,0.0006656517358658532,0.05784252126654573
8.399999999999475,-0.057506412095720556,0.0019965194914340016,0.05717624840817856
8.401999999999475,-0.057501089910608615,0.0033256473007588386,0.05650815235000355
8.403999999999476,-0.05749311126002181,0.004652975822359505,0.0558382662602292
8.405999999999477,-0.057482479801732995,0.005978445871403622,0.05516662334884206
8.407999999999477,-0.05746919931172593,0.007301998422226726,0.05449325686603118
8.409999999999478,-0.05745327368387442,0.008623574610841372,0.053818200100612563
8.411999999999479,-0.05743470692961649,0.0099431157374358,0.053141486378453735
8.41399999999948,-0.057413503177623504,0.011260563268862081,0.05246314906089859
8.41599999999948,-0.05738966667346439,0.012575858841113646,0.05178322154319246
8.41799999999948,-0.057363201779264864,0.013888944261792113,0.051101737252907564
8.419999999999481,-0.05733411297336179,0.015199761512563309,0.050418729648368805
8.421999999999482,-0.05730240484995257,0.01650825275160242,0.049734232217080135
8.423999999999483,-0.05726808211873971,0.01781436031602816,0.04904827847415136
8.425999999999483,-0.057231149604570514,0.01911802672432587,0.04836090196072563
8.427999999999484,-0.05719161224707192,0.02041919467875947,0.04767213624240758
8.429999999999485,-0.057149475100280546,0.02171780706777218,0.04698201490769219
8.431999999999485,-0.05710474333226795,0.02301380696837589,0.046290571566394455
8.433999999999486,-0.057057422224761095,0.02430713764852915,0.04559783984808
8.435999999999487,-0.05700751717275812,0.025597742569503618,0.04490385340049652
8.437999999999487,-0.056955033684139324,0.026885565388238955,0.04420864588800631
8.439999999999488,-0.0568999773792735,0.02817054995968604,0.043512250990019846
8.441999999999489,-0.05684235399061958,0.029452640339138407,0.04281470239943048
8.44399999999949,-0.05678216936232363,0.030731780784551882,0.04211603382105038
8.44599999999949,-0.05671942944981122,0.03200791575885224,0.04141627897004769
8.44799999999949,-0.05665414031937516,0.033280989932230914,0.040715471570385096
8.449999999999491,-0.056586308147758724,0.03455094818442855,0.0400136453532597
8.451999999999492,-0.05651593922173426,0.03581773560700643,0.03931083405554445
8.453999999999493,-0.05644303993767727,0.03708129750560563,0.03860707141823104
8.455999999999493,-0.05636761680113604,0.038341579402193855,0.03790239118487446
8.457999999999494,-0.05628967642639673,0.03959852703729978,0.03719682710003912
8.459999999999495,-0.056209225536044,0.040852086372235016,0.036490412907746836
8.461999999999495,-0.05612627096051731,0.042102203591303365,0.035783182349926494
8.463999999999496,-0.05604081963766265,0.04334882510399752,0.035075169164865624
8.465999999999497,-0.05595287861228004,0.04459189754718297,0.034366407085663894
8.467999999999497,-0.05586245503566657,0.045831367787269095,0.03365692983868855
8.469999999999498,-0.0557695561651552,0.04706718292236738,0.032946771142032025
8.471999999999499,-0.05567418936364915,0.048299290284436656,0.03223596470397151
8.4739999999995,-0.05557636209915213,0.049527637441415265,0.03152454422143082
8.4759999999995,-0.0554760819442942,0.05075217219934014,0.030812543378444496
8.4779999999995,-0.05537335657585353,0.05197284260445264,0.030099995844624132
8.479999999999501,-0.05526819377427385,0.05318959694529114,0.02938693527362721
8.481999999999502,-0.05516060142317778,0.054402383754770245,0.028673395301628275
8.483999999999503,-0.055050587508876044,0.05561115181224658,0.02795940954579266
8.485999999999503,-0.05493816011987249,0.056815850145571105,0.027245011602752753
8.487999999999504,-0.054823327446365075,0.0580164280331278,0.026530235047086934
8.489999999999505,-0.0547060977797428,0.05921283500585876,0.025815113429801174
8.491999999999505,-0.05458647951207854,0.060405020849275536,0.02509968027681342
8.493999999999506,-0.05446448113561792,0.06159293560545666,0.024383969087440772
8.495999999999507,-0.05434011124226421,0.06277652957503137,0.023668013332889593
8.497999999999507,-0.054213378523059234,0.06395575331914934,0.02295184645474853
8.499999999999508,-0.05408429176766038,0.06513055766143643,0.022235501863484566
8.501999999999509,-0.0539528598638137,0.06630089368993634,0.021519012936942167
8.50399999999951,-0.05381909179682315,0.06746671275903818,0.020802413018845528
8.50599999999951,-0.053682996649015984,0.06862796649138968,0.02008573541730406
8.50799999999951,-0.05354458359920433,0.06978460677979631,0.019369013403321145
8.509999999999511,-0.053403861922143,0.0709365857891059,0.018652280209306177
8.511999999999512,-0.053260840987983504,0.07208385595807891,0.017935569027590047
8.513999999999513,-0.053115530261724414,0.07322637000124417,0.01721891300894405
8.515999999999513,-0.052967939302657946,0.07436408091074011,0.01650234526110233
8.517999999999514,-0.05281807776381292,0.07549694195814134,0.015785898847287892
8.519999999999515,-0.05266595539139409,0.07662490669627062,0.01506960678474225
8.521999999999515,-0.05251158202421784,0.0777479289609959,0.014353502043258783
8.523999999999516,-0.052354967593144286,0.07886596287301281,0.013637617543719886
8.525999999999517,-0.052196122120505895,0.07997896283961202,0.01292198615663788
8.527999999999517,-0.0520350557195325,0.08108688355643186,0.012206640700699885
8.529999999999518,-0.05187177859377289,0.08218968000919577,0.011491613941316571
8.531999999999519,-0.05170630103651292,0.08328730747543486,0.010776938589175007
8.53399999999952,-0.051538633430190155,0.08437972152619519,0.01006264729879549
8.53599999999952,-0.051368786245805174,0.08546687802772993,0.00934877266709256
8.53799999999952,-0.051196770042329476,0.08654873314317629,0.008635347231940212
8.539999999999521,-0.05102259546611003,0.08762524333421716,0.00792240347074133
8.541999999999522,-0.050846273250270545,0.08869636536272726,0.00720997379900145
8.543999999999523,-0.050667814214109465,0.08976205629240405,0.006498090568906913
8.545999999999523,-0.050487229262494694,0.09082227349038301,0.005786786067907439
8.547999999999524,-0.05030452938525511,0.09187697462883744,0.005076092517303191
8.549999999999525,-0.05011972565656893,0.09292611768656268,0.004366042070836393
8.551999999999525,-0.04993282923434886,0.09396966095054465,0.003656666813287586
8.553999999999526,-0.04974385135962419,0.09500756301751268,0.002947998759076531
8.555999999999527,-0.04955280335591975,0.09603978279547656,0.0022400698508678527
8.557999999999527,-0.04935969662863184,0.09706627950524789,0.0015329119581814696
8.559999999999528,-0.0491645426644011,0.09808701268194536,0.0008265568760078973
8.561999999999529,-0.04896735303048242,0.09910194217648426,0.00012103632342842091
8.56399999999953,-0.04876813937411186,0.10011102815704996,-0.0005836180577597078
8.56599999999953,-0.04856691342187067,0.1011142311105554,-0.001287374704413119
8.56799999999953,-0.048363686979046354,0.10211151184408238,-0.001990202133407032
8.569999999999531,-0.048158471928990955,0.10310283148630688,-0.002692068942994834
8.571999999999532,-0.04795128023247641,0.10408815148890807,-0.003392943814162483
8.573999999999533,-0.04774212392704718,0.1050674336279612,-0.004092795511977623
8.575999999999533,-0.047531015126370056,0.10604064000531406,-0.00479159288693342
8.577999999999534,-0.04731796601958126,0.10700773304994726,-0.005489304876286974
8.579999999999535,-0.04710298887063086,0.10796867551931809,-0.006185900505392368
8.581999999999535,-0.046886096017624425,0.10892343050068787,-0.006881348889028187
8.583999999999536,-0.04666729987216217,0.10987196141243295,-0.007575619232719509
8.585999999999537,-0.04644661291867539,0.11081423200533914,-0.008268680834054305
8.587999999999537,-0.046224047713760374,0.11175020636387958,-0.008960503083994181
8.589999999999538,-0.04599961688550976,0.112679848907476,-0.009651055468179418
8.591999999999539,-0.045773333132841404,0.11360312439174333,-0.010340307568228235
8.59399999999954,-0.045545209224824745,0.11451999790971767,-0.011028229063030262
8.59599999999954,-0.045315258000004764,0.11543043489306744,-0.011714789730034092
8.59799999999954,-0.04508349236572351,0.11633440111328781,-0.012399959446528955
8.599999999999541,-0.04484992529743929,0.11723186268287834,-0.013083708190920397
8.601999999999542,-0.04461456983804347,0.11812278605650367,-0.013766006043999884
8.603999999999543,-0.04437743909717501,0.11900713803213739,-0.014446823190208367
8.605999999999543,-0.04413854625053272,0.11988488575218895,-0.015126129918893685
8.607999999999544,-0.043897904539185274,0.12075599670461361,-0.015803896625561753
8.609999999999545,-0.04365552726887902,0.12162043872400535,-0.01648009381312153
8.611999999999545,-0.043411427809343636,0.12247817999267277,-0.017154692093123654
8.613999999999546,-0.043165619593595606,0.12332918904169785,-0.01782766218699275
8.615999999999547,-0.042918116117239676,0.12417343475197765,-0.018498974927253317
8.617999999999547,-0.04266893093776817,0.12501088635524882,-0.019168601258749147
8.619999999999548,-0.042418077673858294,0.12584151343509492,-0.01983651223985624
8.621999999999549,-0.042165570004667474,0.12666528592793658,-0.020502679043689166
8.62399999999955,-0.04191142166912669,0.12748217412400425,-0.021167072959300814
8.62599999999955,-0.0416556464652319,0.12829214866829391,-0.02182966539287544
8.62799999999955,-0.041398258249333575,0.1290951805615052,-0.02249042786891506
8.629999999999551,-0.04113927093542436,0.12989124116096237,-0.02314933203141903
8.631999999999552,-0.04087869849442492,0.1306803021815178,-0.023806349645056825
8.633999999999553,-0.040616554953468005,0.13146233569643812,-0.024461452596333977
8.635999999999553,-0.040352854395180736,0.13223731413827294,-0.025114612894751052
8.637999999999554,-0.0400876109569652,0.13300521029970602,-0.025765802673955736
8.639999999999555,-0.03982083883027732,0.13376599733438901,-0.026414994192887814
8.641999999999555,-0.03955255225990415,0.13451964875775774,-0.027062159836917184
8.643999999999556,-0.03928276554323945,0.13526613844783084,-0.027707272118974717
8.645999999999557,-0.03901149302955777,0.13600544064599088,-0.028350303680675967
8.647999999999557,-0.03873874911928694,0.13673752995774793,-0.02899122729343767
8.649999999999558,-0.03846454826327908,0.13746238135348549,-0.02963001585958703
8.651999999999559,-0.03818890496208012,0.13817997016918876,-0.030266642413463662
8.65399999999956,-0.03791183376519786,0.13889027210715535,-0.03090108012251426
8.65599999999956,-0.0376333492703687,0.1395932632366882,-0.03153330228837981
8.65799999999956,-0.0373534661228229,0.1402889199947709,-0.03216328234797539
8.659999999999561,-0.03707219901454857,0.14097721918672526,-0.032790993874562545
8.661999999999562,-0.03678956268355439,0.1416581379868512,-0.03341641057881406
8.663999999999563,-0.036505571913130974,0.1423316539390488,-0.03403950630987121
8.665999999999563,-0.0362202415311111,0.14299774495742273,-0.03466025505639343
8.667999999999564,-0.0359335864091287,0.1436563893268687,-0.03527863094760027
8.669999999999565,-0.0356456214618767,0.14430756570364234,-0.03589460825430565
8.671999999999565,-0.03535636164636376,0.14495125311591017,-0.03650816138994447
8.673999999999566,-0.035065821961169905,0.14558743096428278,-0.03711926491159133
8.675999999999567,-0.03477401744570113,0.1462160790223301,-0.03772789352097149
8.677999999999567,-0.03448096317944298,0.146837177437079,-0.03833402206546392
8.679999999999568,-0.03418667428121312,0.14745070672949281,-0.03893762553909652
8.681999999999569,-0.03389116590841307,0.14805664779493322,-0.039538679083533285
8.68399999999957,-0.03359445325627888,0.1486549819036041,-0.04013715798905354
8.68599999999957,-0.033296551557131085,0.14924569070097768,-0.04073303769552317
8.68799999999957,-0.0329974760796237,0.14982875620820257,-0.041326293793357755
8.689999999999571,-0.03269724212799253,0.15040416082249417,-0.041916902024477586
8.691999999999572,-0.03239586504130261,0.15097188731750688,-0.042504838283254555
8.693999999999573,-0.032093360192695014,0.15153191884368877,-0.04309007861745083
8.695999999999573,-0.0317897429886329,0.15208423892861803,-0.04367259922914937
8.697999999999574,-0.031485028868146935,0.1526288314773217,-0.04425237647567611
8.699999999999575,-0.03117923330208009,0.15316568077257645,-0.04482938687051392
8.701999999999575,-0.030872371792331873,0.15369477147519142,-0.04540360708420813
8.703999999999576,-0.030564459871101977,0.15421608862427316,-0.045975013945263835
8.705999999999577,-0.030255513100133448,0.15472961763747273,-0.046543584441034604
8.707999999999577,-0.029945547069955353,0.15523534431121483,-0.047109295718602916
8.709999999999578,-0.02963457739912503,0.15573325482090905,-0.047672125085652065
8.711999999999579,-0.029322619733469914,0.15622333572114322,-0.04823205001132949
8.71399999999958,-0.02900968974532901,0.15670557394585885,-0.04878904812710169
8.71599999999958,-0.028695803132794014,0.15717995680850871,-0.04934309722760041
8.71799999999958,-0.028380975618950165,0.15764647200219656,-0.04989417527146034
8.719999999999581,-0.0280652229511168,0.15810510759979893,-0.050442260382148114
8.721999999999582,-0.027748560900087718,0.15855585205406902,-0.050987330848782667
8.723999999999583,-0.02743100525937132,0.1589986941977229,-0.051529365126946794
8.725999999999583,-0.02711257184443064,0.15943362324350766,-0.05206834183949012
8.727999999999584,-0.02679327649192319,0.15986062878425186,-0.05260423977732319
8.729999999999585,-0.02647313505894081,0.16027970079289813,-0.053137037900202744
8.731999999999585,-0.026152163422249373,0.1606908296225179,-0.05366671533750826
8.733999999999586,-0.025830377477528574,0.1610940060063084,-0.05419325138900958
8.735999999999587,-0.025507793138611658,0.16148922105757185,-0.05471662552562563
8.737999999999587,-0.025184426336725272,0.16187646626967683,-0.05523681739017427
8.739999999999588,-0.024860293019729373,0.16225573351600203,-0.05575380679811315
8.741999999999589,-0.024535409151357282,0.16262701504986213,-0.05626757373827164
8.74399999999959,-0.0242097907104559,0.16299030350441598,-0.05677809837357378
8.74599999999959,-0.023883453690226136,0.1633455918925572,-0.057285361041752095
8.74799999999959,-0.023556414097463545,0.16369287360678694,-0.057789342256052464
8.749999999999591,-0.02322868795179927,0.1640321424190691,-0.05829002270592992
8.751999999999592,-0.022900291284941268,0.16436339248066786,-0.05878738325773528
8.753999999999593,-0.022571240139915894,0.16468661832196757,-0.059281404955392664
8.755999999999593,-0.022241550570309843,0.16500181485227516,-0.059772069021067895
8.757999999999594,-0.021911238639512533,0.16530897735960487,-0.06025935685582774
8.759999999999595,-0.02158032041995891,0.16560810151044544,-0.0607432500402899
8.761999999999595,-0.021248811992372753,0.16589918334950993,-0.06122373033526381
8.763999999999596,-0.020916729445010482,0.16618221929946783,-0.06170077968238221
8.765999999999597,-0.020584088872905536,0.16645720616065993,-0.062174380204723434
8.767999999999597,-0.020250906377113326,0.16672414111079556,-0.06264451420742442
8.769999999999598,-0.01991719806395682,0.16698302170463267,-0.06311116417828445
8.771999999999599,-0.019582980044272773,0.16723384587364024,-0.06357431278835951
8.7739999999996,-0.01924826843265866,0.16747661192564364,-0.06403394289254735
8.7759999999996,-0.018913079346720343,0.16771131854445248,-0.06449003753016316
8.7779999999996,-0.018577428906320467,0.16793796478947132,-0.0649425799255059
8.779999999999601,-0.018241333232827697,0.16815655009529307,-0.06539155348841519
8.781999999999602,-0.01790480844836675,0.16836707427127517,-0.06583694181481883
8.783999999999603,-0.01756787067506931,0.16856953750109874,-0.06627872868727083
8.785999999999603,-0.017230536034325825,0.16876394034231038,-0.06671689807548006
8.787999999999604,-0.01689282064603826,0.16895028372584708,-0.06715143413682936
8.789999999999605,-0.016554740627873807,0.16912856895554407,-0.06758232121688529
8.791999999999605,-0.016216312094519587,0.16929879770762543,-0.06800954384989823
8.793999999999606,-0.015877551156938396,0.16946097203017804,-0.06843308675929313
8.795999999999607,-0.015538473921625528,0.16961509434260835,-0.06885293485815062
8.797999999999607,-0.015199096489866688,0.16976116743508246,-0.06926907324967865
8.799999999999608,-0.014859434956997044,0.1698991944679492,-0.06968148722767455
8.801999999999609,-0.014519505411661457,0.17002917897114653,-0.07009016227697756
8.80399999999961,-0.014179323935075913,0.17015112484359105,-0.0704950840739118
8.80599999999961,-0.013838906600290184,0.170265036352551,-0.07089623848671961
8.80799999999961,-0.013498269471451768,0.1703709181330024,-0.07129361157598532
8.809999999999611,-0.013157428603071135,0.1704687751869687,-0.07168718959504942
8.811999999999612,-0.0128164000392883,0.17055861288284388,-0.07207695899041322
8.813999999999613,-0.012475199813140778,0.17064043695469885,-0.07246290640213364
8.815999999999613,-0.012133843945832935,0.1707142535015717,-0.07284501866420864
8.817999999999614,-0.011792348446006776,0.17078006898674128,-0.07322328280495292
8.819999999999615,-0.01145072930901421,0.17083789023698445,-0.07359768604736386
8.821999999999615,-0.011109002516190803,0.17088772444181718,-0.07396821580947802
8.823999999999616,-0.010767184034131079,0.17092957915271925,-0.07433485970471779
8.825999999999617,-0.010425289813965373,0.1709634622823428,-0.07469760554222854
8.827999999999617,-0.010083335790638298,0.17098938210370473,-0.07505644132720603
8.829999999999618,-0.009741337882188837,0.17100734724936303,-0.07541135526121406
8.831999999999619,-0.009399311989032093,0.1710173667105771,-0.07576233574249268
8.83399999999962,-0.009057273993242743,0.171019449836452,-0.07610937136625645
8.83599999999962,-0.008715239757840214,0.17101360633306698,-0.07645245092498326
8.83799999999962,-0.008373225126075622,0.1709998462625879,-0.07679156340869328
8.839999999999621,-0.008031245920720497,0.17097818004236412,-0.07712669800521833
8.841999999999622,-0.007689317943357333,0.17094861844400944,-0.07745784410046157
8.843999999999623,-0.0073474569736719925,0.17091117259246755,-0.07778499127864738
8.845999999999623,-0.007005678768747991,0.1708658539650618,-0.07810812932256178
8.847999999999624,-0.0066639990623627065,0.17081267439052936,-0.0784272482137829
8.849999999999625,-0.006322433564285526,0.17075164604804008,-0.07874233813290198
8.851999999999626,-0.005980997959577975,0.17068278146619972,-0.07905338945973452
8.853999999999626,-0.005639707907895858,0.17060609352203804,-0.07936039277352189
8.855999999999627,-0.005298579042793433,0.17052159543998152,-0.07966333885312316
8.857999999999628,-0.004957626971029657,0.1704293007908108,-0.07996221867719733
8.859999999999628,-0.004616867271876536,0.17032922349060323,-0.08025702342437575
8.861999999999629,-0.004276315496429599,0.1702213777996599,-0.08054774447342508
8.86399999999963,-0.003935987166920537,0.17010577832141827,-0.08083437340340036
8.86599999999963,-0.0035958977760320305,0.1699824400013493,-0.0811169019937886
8.86799999999963,-0.0032560627862147987,0.16985137812584009,-0.08139532222464262
8.869999999999632,-0.002916497629006894,0.1697126083210616,-0.08166962627670524
8.871999999999632,-0.0025772177043552813,0.16956614655182173,-0.08193980653152391
8.873999999999633,-0.0022382383799397234,0.16941200912040352,-0.08220585557155559
8.875999999999634,-0.001899574990499003,0.1692502126653892,-0.08246776618026204
8.877999999999634,-0.0015612428371595136,0.16908077416046938,-0.0827255313421956
8.879999999999635,-0.0012232571867662454,0.16890371091323805,-0.08297914424307518
8.881999999999636,-0.0008856332712161955,0.16871904056397313,-0.08322859826985278
8.883999999999636,-0.0005483862867942313,0.16852678108440283,-0.08347388701077037
8.885999999999637,-0.00021153139351143523,0.1683269507764578,-0.08371500425540719
8.887999999999638,0.0001249162855540398,0.1681195682710091,-0.08395194399471746
8.889999999999638,0.00046094166491357855,0.16790465252659237,-0.08418470042105859
8.891999999999639,0.0007965296973221443,0.16768222282811784,-0.08441326792820976
8.89399999999964,0.0011316653744297268,0.16745229878556658,-0.08463764111138107
8.89599999999964,0.0014663337274301686,0.16721490033267294,-0.08485781476721302
8.89799999999964,0.0018005198277073428,0.16697004772559335,-0.08507378389376664
8.899999999999642,0.0021342087874786546,0.1667177615415614,-0.08528554369050402
8.901999999999642,0.002467385760435839,0.1664580626775295,-0.08549308955825935
8.903999999999643,0.0028000359423830307,0.16619097234879707,-0.08569641709920059
8.905999999999644,0.003132144571872072,0.1659165120876253,-0.08589552211678156
8.907999999999644,0.003463696930835043,0.16563470374183875,-0.08609040061568472
8.909999999999645,0.0037946783452139777,0.16534556947341364,-0.08628104880175441
8.911999999999646,0.004125074185587744,0.1650491317570531,-0.0864674630819208
8.913999999999646,0.004454869867796065,0.16474541337874948,-0.0866496400641143
8.915999999999647,0.004784050853560645,0.16443443743433356,-0.08682757655717081
8.917999999999648,0.0051126026511033856,0.1641162273280111,-0.08700126957072743
8.919999999999648,0.005440510815761666,0.16379080677088645,-0.08717071631510893
8.921999999999649,0.005767760950600647,0.16345819977947373,-0.08733591420120489
8.92399999999965,0.006094338707022596,0.16311843067419526,-0.08749686084033752
8.92599999999965,0.0064202297853731905,0.16277152407786757,-0.08765355404412023
8.92799999999965,0.0067454199355447796,0.16241750491417506,-0.08780599182430698
8.929999999999652,0.007069894957576587,0.16205639840613126,-0.08795417239263231
8.931999999999652,0.007393640702251817,0.16168823007452804,-0.08809809416064221
8.933999999999653,0.007716643071691654,0.1613130257363726,-0.08823775573951584
8.935999999999654,0.008038888019946115,0.16093081150331243,-0.08837315593987795
8.937999999999654,0.008360361553581752,0.16054161378004844,-0.08850429377160232
8.939999999999655,0.008681049732266157,0.16014545926273618,-0.08863116844360597
8.941999999999656,0.009000938669349265,0.15974237493737536,-0.08875377936363425
8.943999999999656,0.00932001453244142,0.15933238807818778,-0.08887212613803695
8.945999999999657,0.009638263543988192,0.15891552624598357,-0.08898620857153532
8.947999999999658,0.009955671981841907,0.15849181728651618,-0.08909602666697998
8.949999999999658,0.010272226179829877,0.15806128932882588,-0.0892015806251
8.951999999999659,0.010587912528319315,0.15762397078357204,-0.08930287084424282
8.95399999999966,0.01090271747477889,0.15717989034135432,-0.08939989792010533
8.95599999999966,0.011216627524336923,0.15672907697102267,-0.08949266264545605
8.957999999999661,0.011529629240336185,0.1562715599179766,-0.08958116600984826
8.959999999999662,0.011841709244885291,0.15580736870245326,-0.08966540919932448
8.961999999999662,0.012152854219406654,0.15533653311780518,-0.08974539359611192
8.963999999999663,0.012463050905180979,0.15485908322876693,-0.08982112077830924
8.965999999999664,0.012772286103888291,0.15437504936971153,-0.08989259251956444
8.967999999999664,0.01308054667814546,0.15388446214289625,-0.08995981078874406
8.969999999999665,0.013387819552040202,0.15338735241669813,-0.09002277774959358
8.971999999999666,0.013694091711661548,0.15288375132383913,-0.09008149576038926
8.973999999999666,0.013999350205626752,0.15237369025960137,-0.09013596737358112
8.975999999999667,0.01430358214560462,0.151857200880032,-0.09018619533542743
8.977999999999668,0.01460677470683523,0.1513343151001383,-0.09023218258562062
8.979999999999668,0.014908915128646047,0.1508050650920731,-0.09027393225690439
8.981999999999669,0.015209990714964382,0.15026948328330997,-0.09031144767468259
8.98399999999967,0.015509988834826216,0.14972760235480942,-0.09034473235661937
8.98599999999967,0.015808896922881316,0.14917945523917492,-0.09037379001223092
8.987999999999671,0.016106702479894677,0.14862507511880002,-0.09039862454246878
8.989999999999672,0.016403393073244243,0.14806449542400577,-0.09041924003929469
8.991999999999672,0.016698956337414892,0.14749774983116912,-0.09043564078524713
8.993999999999673,0.016993379974488663,0.14692487226084222,-0.09044783125299945
8.995999999999674,0.017286651754631222,0.14634589687586255,-0.09045581610490977
8.997999999999674,0.017578759516574536,0.14576085807945427,-0.0904596001925625
8.999999999999675,0.017869691168095746,0.1451697905133207,-0.09045918855630167
9.001999999999676,0.018159434686492195,0.1445727290557283,-0.0904545864247561
9.003999999999676,0.018447978119052647,0.1439697088195817,-0.09044579921435635
9.005999999999677,0.018735309583524627,0.14336076515049062,-0.0904328325288435
9.007999999999678,0.019021417268577888,0.14274593362482818,-0.09041569215876993
9.009999999999678,0.01930628943426399,0.14212525004778104,-0.09039438408099199
9.011999999999679,0.019589914412471977,0.1414987504513914,-0.09036891445815451
9.01399999999968,0.01987228060738011,0.1408664710925909,-0.09033928963816767
9.01599999999968,0.020153376495903694,0.14022844845122653,-0.09030551615367556
9.017999999999681,0.020433190628138906,0.13958471922807889,-0.09026760072151696
9.019999999999682,0.02071171162780269,0.13893532034287245,-0.09022555024217835
9.021999999999682,0.02098892819266864,0.1382802889322785,-0.09017937179923892
9.023999999999683,0.021264829094998897,0.13761966234791032,-0.09012907265880789
9.025999999999684,0.02153940318197202,0.13695347815431108,-0.09007466026895405
9.027999999999684,0.021812639376106824,0.13628177412693446,-0.09001614225912756
9.029999999999685,0.022084526675682184,0.135604588250118,-0.08995352643957405
9.031999999999686,0.022355054155152758,0.13492195871504953,-0.08988682080074119
9.033999999999686,0.022624210965560658,0.1342339239177264,-0.08981603351267753
9.035999999999687,0.022891986334943028,0.1335405224569081,-0.08974117292442385
9.037999999999688,0.023158369568735498,0.13284179313206188,-0.08966224756339708
9.039999999999688,0.023423350050171557,0.13213777494130205,-0.08957926613476644
9.041999999999689,0.02368691724067777,0.13142850707932244,-0.08949223752082258
9.04399999999969,0.023949060680264873,0.1307140289353226,-0.08940117078033899
9.04599999999969,0.0242097699879147,0.12999438009092773,-0.08930607514792618
9.047999999999691,0.024469034861962946,0.12926960031810222,-0.08920696003337857
9.049999999999692,0.024726845080477764,0.12853972957705734,-0.08910383502101406
9.051999999999692,0.024983190501634153,0.1278048080141528,-0.08899670986900643
9.053999999999693,0.02523806106408416,0.1270648759597925,-0.08888559450871056
9.055999999999694,0.02549144678732285,0.1263199739263144,-0.0887704990439804
9.057999999999694,0.025743337772050068,0.12557014260587498,-0.08865143375048004
9.059999999999695,0.02599372420052795,0.12481542286832802,-0.08852840907498756
9.061999999999696,0.0262425963369342,0.12405585575909779,-0.08840143563469197
9.063999999999696,0.026489944527711085,0.12329148249704727,-0.0882705242164831
9.065999999999697,0.026735759201910195,0.1225223444723409,-0.08813568577623472
9.067999999999698,0.026980030871532893,0.12174848324430226,-0.08799693143808064
9.069999999999698,0.02722275013186649,0.12096994053926696,-0.08785427249368402
9.071999999999699,0.02746390766181612,0.12018675824843038,-0.08770772040149998
9.0739999999997,0.027703494224232298,0.11939897842569079,-0.08755728678603131
9.0759999999997,0.027941500666234177,0.11860664328548785,-0.0874029834370777
9.077999999999701,0.028177917919528447,0.11780979520063645,-0.0872448223089781
9.079999999999702,0.02841273700072394,0.1170084767001562,-0.08708281551984667
9.081999999999702,0.02864594901164184,0.11620273046709655,-0.08691697535080203
9.083999999999703,0.02887754513962159,0.11539259933635773,-0.08674731424519011
9.085999999999704,0.029107516657822387,0.11457812629250753,-0.08657384480780045
9.087999999999704,0.02933585492552035,0.11375935446759415,-0.08639657980407615
9.089999999999705,0.029562551388401276,0.11293632713895507,-0.08621553215931743
9.091999999999706,0.02978759757884904,0.1121090877270223,-0.08603071495787881
9.093999999999706,0.03001098511622958,0.11127767979312377,-0.08584214144236019
9.095999999999707,0.030232705707170474,0.1104421470372813,-0.08564982501279146
9.097999999999708,0.030452751145836145,0.10960253329600507,-0.08545377922581113
9.099999999999708,0.03067111331419862,0.1087588825400848,-0.08525401779383868
9.101999999999709,0.03088778418230387,0.10791123887237761,-0.08505055458424102
9.10399999999971,0.031102755808533753,0.10705964652559284,-0.08484340361849267
9.10599999999971,0.03131602033986347,0.10620414986007386,-0.08463257907133018
9.107999999999711,0.03152757001211464,0.10534479336157687,-0.0844180952699004
9.109999999999712,0.031737397150203885,0.10448162163904708,-0.08419996669290308
9.111999999999712,0.03194549416838699,0.10361467942239207,-0.08397820796972742
9.113999999999713,0.03215185357049861,0.10274401156025263,-0.08375283387958302
9.115999999999714,0.03235646795018748,0.10186966301777113,-0.08352385935062492
9.117999999999714,0.0325593299911472,0.10099167887435753,-0.08329129945907304
9.119999999999715,0.03276043246734254,0.10011010432145312,-0.08305516942832597
9.121999999999716,0.032959768243231255,0.09922498466029213,-0.08281548462806909
9.123999999999716,0.033157330273981434,0.09833636529966136,-0.08257226057337733
9.125999999999717,0.03335311160568436,0.09744429175365779,-0.08232551292381211
9.127999999999718,0.03354710537556291,0.09654880963944443,-0.08207525748251326
9.129999999999718,0.033739304812175394,0.09564996467500442,-0.08182151019528512
9.131999999999719,0.033929703235615,0.09474780267689362,-0.0815642871496776
9.13399999999972,0.034118294057704654,0.09384236955799156,-0.0813036045740618
9.13599999999972,0.03430507078218745,0.09293371132525115,-0.08103947883670043
9.137999999999721,0.0344900270049125,0.09202187407744693,-0.08077192644481301
9.139999999999722,0.03467315641401639,0.09110690400292235,-0.08050096404363596
9.141999999999722,0.034854452790099986,0.0901888473773358,-0.08022660841547756
9.143999999999723,0.03503391000640088,0.08926775056140582,-0.07994887647876789
9.145999999999724,0.03521152202896121,0.08834365999865532,-0.07966778528710379
9.147999999999724,0.03538728291679104,0.08741662221315512,-0.07938335202828886
9.149999999999725,0.03556118682202718,0.08648668380726686,-0.0790955940233686
9.151999999999726,0.03573322799008752,0.08555389145938533,-0.0788045287256606
9.153999999999726,0.03590340075982084,0.08461829192168034,-0.07851017371978018
9.155999999999727,0.036071699563652096,0.08367993201783834,-0.07821254672066101
9.157999999999728,0.036238118927723204,0.08273885864080371,-0.07791166557257126
9.159999999999728,0.03640265347202928,0.08179511875052004,-0.07760754824812506
9.161999999999729,0.036565297910550396,0.08084875937167123,-0.0773002128472893
9.16399999999973,0.0367260470513788,0.07989982759142289,-0.076989677596386
9.16599999999973,0.03688489579684163,0.07894837055716372,-0.07667596084709025
9.167999999999731,0.03704183914361907,0.07799443547424731,-0.0763590810754235
9.169999999999732,0.037196872182858054,0.07703806960373429,-0.07603905688074272
9.171999999999732,0.037349990100281415,0.07607932026013497,-0.07571590698472519
9.173999999999733,0.03750118817629252,0.07511823480915261,-0.07538965023034891
9.175999999999734,0.03765046178607541,0.07415486066542734,-0.07506030558086882
9.177999999999734,0.037797806399690416,0.07318924529028094,-0.07472789211878908
9.179999999999735,0.03794321758216527,0.07222143618946249,-0.07439242904483089
9.181999999999736,0.03808669099358169,0.07125148091089505,-0.07405393567689651
9.183999999999736,0.0382282223891575,0.0702794270424234,-0.07371243144902921
9.185999999999737,0.0383678076193242,0.06930532220956308,-0.07336793591036919
9.187999999999738,0.038505442629800095,0.06832921407325061,-0.07302046872410574
9.189999999999738,0.03864112346165884,0.06735115032759524,-0.0726700496664254
9.191999999999739,0.038774846251393574,0.06637117869763216,-0.07231669862545646
9.19399999999974,0.038906607230976505,0.06538934693707728,-0.07196043560020965
9.19599999999974,0.03903640272791405,0.0644057028260838,-0.07160128069951514
9.197999999999741,0.03916422916529746,0.06342029416900051,-0.07123925414095594
9.199999999999742,0.03929008306184895,0.06243316879213208,-0.07087437624979771
9.201999999999742,0.03941396103196341,0.06144437454150124,-0.07050666745791499
9.203999999999743,0.03953585978574557,0.06045395928061318,-0.07013614830271403
9.205999999999744,0.03965577612904277,0.05946197088822206,-0.06976283942605216
9.207999999999744,0.03977370696347319,0.0584684572560999,-0.06938676157315381
9.209999999999745,0.03988964928644967,0.05747346628680779,-0.06900793559152314
9.211999999999746,0.04000360019119907,0.056477045891469624,-0.06862638242985356
9.213999999999746,0.04011555686677717,0.05547924398754846,-0.06824212313693388
9.215999999999747,0.04022551659807911,0.05448010849662548,-0.0678551788605514
9.217999999999748,0.04033347676584544,0.053479687342181836,-0.06746557084639185
9.219999999999748,0.04043943484666368,0.05247802844738326,-0.06707332043693637
9.221999999999749,0.04054338841296547,0.051475179732867735,-0.0666784490703553
9.22399999999975,0.04064533513301933,0.05047118911453621,-0.06628097827939933
9.22599999999975,0.04074527277091897,0.04946610450134643,-0.06588092969028743
9.227999999999751,0.04084319918656718,0.04845997379311013,-0.06547832502159218
9.229999999999752,0.04093911233565539,0.04745284487829342,-0.06507318608312225
9.231999999999752,0.04103301026963872,0.04644476563182076,-0.06466553477480211
9.233999999999753,0.04112489113570675,0.045435783912882416,-0.0642553930855491
9.235999999999754,0.04121475317674982,0.04442594756274552,-0.06384278309214796
9.237999999999754,0.041302594731321064,0.04341530440256888,-0.06342772695812258
9.239999999999755,0.04138841423359394,0.042403902231221625,-0.06301024693260551
9.241999999999756,0.04147221021331552,0.041391788823105694,-0.06259036534920476
9.243999999999756,0.041553981295755354,0.04037901192598239,-0.06216810462486837
9.245999999999757,0.041633726201650054,0.039365619258802984,-0.06174348725874655
9.247999999999758,0.041711443747143466,0.03835165850954351,-0.061316535831051545
9.249999999999758,0.04178713284372258,0.03733717733304382,-0.060887273001915224
9.251999999999759,0.04186079249814912,0.03632222334885103,-0.06045572151024449
9.25399999999976,0.04193242181238676,0.03530684413906738,-0.060021904172574636
9.25599999999976,0.04200201998352413,0.03429108724620264,-0.05958584388192045
9.257999999999761,0.042069586303693465,0.033275000171031174,-0.05914756360662545
9.259999999999762,0.042135120159984996,0.03225863037045367,-0.05870708638920905
9.261999999999762,0.04219862103435708,0.03124202525536375,-0.058264435345211835
9.263999999999763,0.04226008850354204,0.03022523218851938,-0.057819633662038954
9.265999999999764,0.0423195222389478,0.029208298482419338,-0.057372704597801735
9.267999999999764,0.042376922006555205,0.028191271397184723,-0.056923671480157464
9.269999999999765,0.04243228766681119,0.027174198138445602,-0.056472557705147565
9.271999999999766,0.042485619174517666,0.026157125855232926,-0.05601938673603399
9.273999999999766,0.04253691657871624,0.025140101637875757,-0.05556418210213413
9.275999999999767,0.04258618002256869,0.024123172515903915,-0.055106967397654125
9.277999999999768,0.04263340974323328,0.02310638545595612,-0.05464776628052065
9.279999999999768,0.0426786060717369,0.022089787359693722,-0.054186602471211334
9.281999999999769,0.04272176943284304,0.021073425061720084,-0.05372349975158376
9.28399999999977,0.042762900344915554,0.020057345327505742,-0.05325848196370308
9.28599999999977,0.042801999419778386,0.01904159485131938,-0.05279157300866842
9.287999999999771,0.04283906736257106,0.01802622025416474,-0.05232279684543808
9.289999999999772,0.042874104971600095,0.01701126808172351,-0.05185217748965343
9.291999999999772,0.042907113138186334,0.01599678480230433,-0.05137973901246185
9.293999999999773,0.04293809284650814,0.014982816804797947,-0.0509055055393385
9.295999999999774,0.04296704517344049,0.013969410396638604,-0.05042950124890711
9.297999999999774,0.0429939712883901,0.012956611801771795,-0.04995175037175979
9.299999999999775,0.04301887245312634,0.011944467158628404,-0.049472277189276
9.301999999999776,0.043041750021608254,0.010933022518105349,-0.04899110603244054
9.303999999999776,0.04306260543980742,0.009922323841552791,-0.04850826128066093
9.305999999999777,0.0430814402455269,0.008912416998768002,-0.04802376736058382
9.307999999999778,0.04309825606821611,0.007903347765995963,-0.047537648744910906
9.309999999999778,0.0431130546287817,0.0068951618239367725,-0.04704992995121409
9.31199999999978,0.04312583773939453,0.005887904755759948,-0.04656063554075009
9.31399999999978,0.0431366073032926,0.00488162204512569,-0.04606979011727451
9.31599999999978,0.04314536531458005,0.0038763590742131966,-0.04557741832585545
9.317999999999781,0.04315211385802224,0.0028721611217561033,-0.04508354485168665
9.319999999999782,0.04315685510883692,0.0018690733610851203,-0.044588194418900294
9.321999999999782,0.043159591332481435,0.000867140858177949,-0.04409139178937948
9.323999999999783,0.04316032488443612,-0.0001335914302834486,-0.04359316176157041
9.325999999999784,0.04315905820998374,-0.001133078658848148,-0.043093529169294396
9.327999999999784,0.04315579384398511,-0.0021312760952240575,-0.04259251888055966
9.329999999999785,0.04315053441065086,-0.0031281391221981304,-0.04209015579637308
9.331999999999786,0.04314328262330935,-0.004123623239548924,-0.041586464849551794
9.333999999999786,0.0431340412841708,-0.005117684065951429,-0.04108147100353488
9.335999999999787,0.0431228132840876,-0.006110277340874094,-0.040575199251195085
9.337999999999788,0.04310960160231079,-0.00710135892646797,-0.04006767461365055
9.339999999999788,0.04309440930624288,-0.008090884809447916,-0.0395589221390768
9.34199999999979,0.0430772395511868,-0.009078811102965767,-0.03904896690151892
9.34399999999979,0.043058095580091174,-0.010065094048475417,-0.03853783399970392
9.34599999999979,0.043036980723291866,-0.011049690017589731,-0.03802554855585347
9.347999999999791,0.043013898398249796,-0.012032555513929224,-0.037512135714497
9.349999999999792,0.042988852109285096,-0.013013647174962421,-0.03699762064128519
9.351999999999792,0.04296184544730757,-0.013992921773837846,-0.036482028521803885
9.353999999999793,0.04293288208954354,-0.01497033622120756,-0.03596538456038865
9.355999999999794,0.04290196579925897,-0.015945847567042173,-0.035447713978939754
9.357999999999794,0.04286910042547908,-0.01691941300243727,-0.034929042015737884
9.359999999999795,0.04283428990270425,-0.01789098986141119,-0.03440939392426045
9.361999999999796,0.04279753825062241,-0.018860535622694054,-0.033888794971998655
9.363999999999796,0.04275884957381782,-0.019828007911508027,-0.033367270439275384
9.365999999999797,0.042718228061476335,-0.02079336450133869,-0.032844845618063806
9.367999999999798,0.0426756779870871,-0.021756563315697513,-0.03232154581080699
9.369999999999798,0.04263120370814074,-0.0227175624298753,-0.031797396329238344
9.3719999999998,0.042584809665824064,-0.023676320072686594,-0.03127242249320309
9.3739999999998,0.042536500384711275,-0.024632794628204946,-0.030746649629480767
9.3759999999998,0.04248628047245173,-0.025586944637488993,-0.0302201030706088
9.377999999999801,0.04243415461945426,-0.02653872880029927,-0.029692808153707236
9.379999999999802,0.04238012759856804,-0.027488105976805705,-0.029164790219304626
9.381999999999802,0.04232420426476008,-0.028435035189285723,-0.028636074610165187
9.383999999999803,0.04226638955478931,-0.02937947562381291,-0.028106686670117217
9.385999999999804,0.04220668848687734,-0.030321386631936134,-0.02757665174288286
9.387999999999805,0.0421451061603758,-0.03126072773234912,-0.027045995170909276
9.389999999999805,0.04208164775543039,-0.03219745861255038,-0.026514742294201237
9.391999999999806,0.04201631853264167,-0.033131539130493395,-0.025982918449155203
9.393999999999807,0.041949123832722444,-0.03406292931622712,-0.025450548967394973
9.395999999999807,0.04188006907615197,-0.03499158937352658,-0.024917659174608885
9.397999999999808,0.0418091597628269,-0.03591747968151364,-0.024384274389388682
9.399999999999809,0.04173640147170893,-0.036840560796267775,-0.023850419922070078
9.40199999999981,0.04166179986046933,-0.0377607934524269,-0.02331612107357504
9.40399999999981,0.041585360665130196,-0.038678138564778086,-0.022781403134255876
9.40599999999981,0.041507089699702605,-0.03959255722983815,-0.022246291382741153
9.407999999999811,0.041426992855821555,-0.0405040107274241,-0.02171081108478353
9.409999999999812,0.041345076102377816,-0.04141246052221333,-0.021174987492109505
9.411999999999813,0.041261345485146664,-0.04231786826529349,-0.02063884584127115
9.413999999999813,0.041175807126413506,-0.043220195795702014,-0.02010241135249992
9.415999999999814,0.041088467224596456,-0.044119405141955274,-0.0195657092285625
9.417999999999815,0.04099933205386586,-0.04501545852356721,-0.01902876465361882
9.419999999999815,0.040908407963760794,-0.04590831835255747,-0.018491602792082257
9.421999999999816,0.04081570137880254,-0.04679794723494898,-0.017954248787482058
9.423999999999817,0.040721218798105106,-0.04768430797225485,-0.01741672776132805
9.425999999999817,0.04062496679498276,-0.048567363562954616,-0.016879064811977682
9.427999999999818,0.04052695201655463,-0.049447077203959744,-0.01634128501350545
9.429999999999819,0.04042718118334639,-0.05032341229206833,-0.01580341341457476
9.43199999999982,0.040325661088889055,-0.05119633242540897,-0.015265475037312227
9.43399999999982,0.04022239859931483,-0.052065801404873685,-0.01472749487618457
9.43599999999982,0.04011740065295024,-0.05293178323553996,-0.01418949789687799
9.437999999999821,0.04001067425990627,-0.05379424212808173,-0.01365150903518026
9.439999999999822,0.03990222650166584,-0.05465314250016936,-0.013113553195865407
9.441999999999823,0.03979206453066836,-0.05550844897785845,-0.01257565525158116
9.443999999999823,0.039680195569891615,-0.05636012639696757,-0.012037840041739134
9.445999999999824,0.03956662691243088,-0.057208139804444745,-0.011500132371407828
9.447999999999825,0.039451365921075274,-0.058052454459722666,-0.010962557010208509
9.449999999999825,0.03933442002788146,-0.05889303583606267,-0.01042513869121394
9.451999999999826,0.039215796733744666,-0.05972984962188731,-0.00988790210985013
9.453999999999827,0.039095503607967014,-0.060562861722101555,-0.009350871922801013
9.455999999999827,0.03897354828782327,-0.06139203825940256,-0.008814072746916236
9.457999999999828,0.03884993847812394,-0.06221734557557789,-0.00827752915812199
9.459999999999829,0.03872468195077581,-0.0630387502327923,-0.007741265690334991
9.46199999999983,0.038597786544339915,-0.06385621901486285,-0.007205306834379657
9.46399999999983,0.03846926016358697,-0.06466971892852241,-0.006669677036908489
9.46599999999983,0.03833911077905028,-0.06547921720467158,-0.006134400699325762
9.467999999999831,0.038207346426576166,-0.06628468129961874,-0.0055995021767144895
9.469999999999832,0.03807397520687192,-0.06708607889630851,-0.005065005776766794
9.471999999999833,0.037939005285051314,-0.06788337790553825,-0.004530935758717665
9.473999999999833,0.03780244489017769,-0.06867654646716288,-0.003997316332282189
9.475999999999834,0.03766430231480466,-0.06946555295128766,-0.0034641716565962516
9.477999999999835,0.03752458591451438,-0.07025036595944914,-0.0029315258391608284
9.479999999999835,0.03738330410745358,-0.07103095432578413,-0.00239940293478981
9.481999999999836,0.03724046537386716,-0.07180728711818661,-0.0018678269445615153
9.483999999999837,0.037096078255629536,-0.07257933363945267,-0.0013368218147738545
9.485999999999837,0.036950151355773724,-0.07334706342841328,-0.0008064114359032024
9.487999999999838,0.03680269333801812,-0.07411044626105502,-0.00027661964156708296
9.489999999999839,0.0366537129262911,-0.07486945215162857,0.0002525297925093928
9.49199999999984,0.03650321890425337,-0.07562405135374504,0.0007810131495231895
9.49399999999984,0.03635122011481819,-0.07637421436146004,0.0013088067726191518
9.49599999999984,0.03619772545966939,-0.07711991191034549,0.001835887065911826
9.497999999999841,0.03604274389877728,-0.07786111497854913,0.0023622304955033535
9.499999999999842,0.03588628444991244,-0.07859779478784161,0.002887813590497286
9.501999999999843,0.03572835618815747,-0.07932992280465131,0.003412612944008367
9.503999999999843,0.035568968245416624,-0.08005747074108666,0.003936605214168186
9.505999999999844,0.03540812980992343,-0.08078041055594597,0.004459767125126704
9.507999999999845,0.035245850125746346,-0.08149871445571494,0.004982075468049553
9.509999999999845,0.03508213849229236,-0.08221235489555148,0.005503507102111123
9.511999999999846,0.0349170042638087,-0.08292130458025805,0.006024038955483382
9.513999999999847,0.03475045684888256,-0.08362553646524142,0.006543648026320327
9.515999999999847,0.034582505709938975,-0.0843250237574598,0.007062311383738147
9.517999999999848,0.034413160362736755,-0.08501973991635739,0.007580006168790926
9.519999999999849,0.03424243037586259,-0.08570965865478611,0.00809670959544194
9.52199999999985,0.03407032537022333,-0.08639475393991478,0.008612398951530466
9.52399999999985,0.03389685501853646,-0.08707499999412548,0.009127051599734058
9.52599999999985,0.03372202904481878,-0.08775037129589718,0.009640644978526278
9.527999999999851,0.03354585722387334,-0.08842084258067655,0.010153156603129807
9.529999999999852,0.033368349380774646,-0.08908638884173603,0.010664564066464932
9.531999999999853,0.033189515390352156,-0.08974698533101892,0.011174845040093369
9.533999999999853,0.03300936517667211,-0.09040260755997176,0.011683977275157305
9.535999999999854,0.03282790871251772,-0.09105323130036366,0.012191938603313766
9.537999999999855,0.032645156018867666,-0.09169883258509286,0.01269870693766411
9.539999999999855,0.032461117164373096,-0.0923393877089802,0.013204260273678763
9.541999999999856,0.03227580226483297,-0.09297487322954977,0.013708576690117005
9.543999999999857,0.03208922148266789,-0.09360526596779639,0.014211634349941916
9.545999999999857,0.03190138502639241,-0.09423054300894025,0.014713411501230303
9.547999999999858,0.03171230315008583,-0.0948506817031684,0.015213886478077712
9.549999999999859,0.03152198615286153,-0.09546565966636325,0.015713037701498372
9.55199999999986,0.03133044437833488,-0.0960754547808179,0.016210843680320094
9.55399999999986,0.031137688214089704,-0.0966800451959385,0.016707283012074067
9.55599999999986,0.03094372809114335,-0.09727940932893334,0.017202334383879542
9.557999999999861,0.030748574483410434,-0.09787352586548895,0.017695976573323318
9.559999999999862,0.030552237907165197,-0.09846237376043292,0.01818818844933404
9.561999999999863,0.030354728920502585,-0.09904593223838361,0.018678948973051262
9.563999999999863,0.030156058122798018,-0.09962418079438665,0.01916823719868922
9.565999999999864,0.02995623615416592,-0.10019709919453826,0.019656032274395305
9.567999999999865,0.029755273694917,-0.10076466747659525,0.02014231344310321
9.569999999999865,0.029553181465014337,-0.10132686595057193,0.020627060043380625
9.571999999999866,0.029349970223528272,-0.10188367519932358,0.021110251510271627
9.573999999999867,0.029145650768090163,-0.10243507607911681,0.021591867376133517
9.575999999999867,0.028940233934344993,-0.10298104972018657,0.022071887271468242
9.577999999999868,0.0287337305954029,-0.10352157752727983,0.02255029092574829
9.579999999999869,0.028526151661289613,-0.10405664118018601,0.023027058168237018
9.58199999999987,0.028317508078395847,-0.10458622263425403,0.023502168928803392
9.58399999999987,0.028107810828925682,-0.10511030412089609,0.02397560323873117
9.58599999999987,0.027897070930343944,-0.10562886814807801,0.02444734123152236
9.587999999999871,0.027685299434822615,-0.10614189750079636,0.02491736314369506
9.589999999999872,0.027472507428686312,-0.10664937524154208,0.025385649315575565
9.591999999999873,0.02725870603185684,-0.10715128471075082,0.02585218019208473
9.593999999999873,0.02704390639729687,-0.1076476095272398,0.02631693632351857
9.595999999999874,0.02682811971045274,-0.10813833358863145,0.02677989836632303
9.597999999999875,0.02661135718869645,-0.10862344107176347,0.027241047083862987
9.599999999999875,0.026393630080766815,-0.1091029164330856,0.027700363347185286
9.601999999999876,0.02617494966620986,-0.10957674440904296,0.028157828135775987
9.603999999999877,0.025955327254818472,-0.11004491001644592,0.028613422538311617
9.605999999999877,0.02573477418607129,-0.11050739855282668,0.02906712775340449
9.607999999999878,0.025513301828570922,-0.11096419559678228,0.02951892509034205
9.609999999999879,0.0252909215794815,-0.11141528700830426,0.029968795969820217
9.61199999999988,0.02506764486396555,-0.11186065892909491,0.030416721924670632
9.61399999999988,0.02484348313462028,-0.11230029778287008,0.03086268460058191
9.61599999999988,0.02461844787091326,-0.11273419027564849,0.03130666575681476
9.617999999999881,0.02439255057861753,-0.1131623233960277,0.031748647266910984
9.619999999999882,0.024165802789246193,-0.11358468441544664,0.03218861111939632
9.621999999999883,0.02393821605948646,-0.11400126088843461,0.032626539418477124
9.623999999999883,0.02370980197063325,-0.11441204065284699,0.03306241438473084
9.625999999999884,0.02348057212802231,-0.11481701183008743,0.033496218355790246
9.627999999999885,0.0232505381604629,-0.1152161628253166,0.0339279337870214
9.629999999999885,0.023019711719670093,-0.11560948232764766,0.0343575432521954
9.631999999999886,0.02278810447969667,-0.11599695931032807,0.03478502944415374
9.633999999999887,0.022555728136364705,-0.11637858303090823,0.035210375175467365
9.635999999999887,0.022322594406696775,-0.11675434303139659,0.035633563379089406
9.637999999999888,0.022088715028346917,-0.11712422913840133,0.03605457710900152
9.639999999999889,0.021854101759031297,-0.11748823146325871,0.03647339954085375
9.64199999999989,0.021618766375958633,-0.117846340402148,0.03689001397259806
9.64399999999989,0.021382720675260404,-0.11819854663619307,0.037304403825115365
9.64599999999989,0.021145976471420875,-0.1185448411315505,0.03771655264283613
9.647999999999891,0.020908545596706955,-0.11888521513948445,0.03812644409435438
9.649999999999892,0.020670439900597914,-0.1192196601964281,0.03853406197303527
9.651999999999893,0.020431671249215,-0.11954816812403175,0.038939390197616136
9.653999999999893,0.020192251524750963,-0.11987073102919764,0.039342412812800875
9.655999999999894,0.01995219262489953,-0.12018734130410132,0.03974311398984785
9.657999999999895,0.019711506462284846,-0.12049799162619988,0.04014147802715113
9.659999999999895,0.019470204963890923,-0.12080267495822677,0.040537489350815095
9.661999999999896,0.019228300070491092,-0.12110138454817336,0.040931132515222464
9.663999999999897,0.018985803736077528,-0.12139411392925718,0.041322392203595584
9.665999999999897,0.018742727927290825,-0.12168085691987705,0.041711253228551064
9.667999999999898,0.018499084622849705,-0.12196160762355479,0.042097700532647706
9.669999999999899,0.018254885812980837,-0.12223636042886382,0.042481719188927694
9.6719999999999,0.018010143498848816,-0.12250511000934451,0.04286329440145108
9.6739999999999,0.01776486969198632,-0.12276785132340638,0.04324241150582344
9.6759999999999,0.01751907641372449,-0.12302457961421705,0.043619055969716866
9.677999999999901,0.017272775694623523,-0.1232752904095781,0.04399321339338404
9.679999999999902,0.017025979573903553,-0.12351997952178781,0.04436486951016553
9.681999999999903,0.016778700098875804,-0.12375864304749067,0.04473401018699035
9.683999999999903,0.016530949324374048,-0.12399127736751393,0.04510062142486953
9.685999999999904,0.016282739312186423,-0.12421787914669104,0.045464689359382915
9.687999999999905,0.016034082130487612,-0.12443844533367196,0.04582620026115909
9.689999999999905,0.0157849898532714,-0.12465297316072053,0.04618514053634837
9.691999999999906,0.015535474559783668,-0.1248614601434988,0.04654149672708886
9.693999999999907,0.015285548333955819,-0.1250639040808384,0.04689525551196573
9.695999999999907,0.015035223263838682,-0.1252603030544988,0.04724640370646338
9.697999999999908,0.014784511441036907,-0.125450655428913,0.047594928263410725
9.699999999999909,0.014533424960143882,-0.12563495985091988,0.0479408162734196
9.70199999999991,0.014281975918177203,-0.12581321524948388,0.048284054965316056
9.70399999999991,0.01403017641401471,-0.1259854208354019,0.04862463170656474
9.70599999999991,0.013778038547831127,-0.1261515761009972,0.04896253400368624
9.707999999999911,0.013525574420535333,-0.1263116808198006,0.04929774950266747
9.709999999999912,0.013272796133208267,-0.12646573504621886,0.049630265989364965
9.711999999999913,0.013019715786541524,-0.12661373911519042,0.04996007138990116
9.713999999999913,0.012766345480276643,-0.12675569364182826,0.05028715377105368
9.715999999999914,0.01251269731264513,-0.1268915995210502,0.05061150134063749
9.717999999999915,0.012258783379809226,-0.12702145792719652,0.05093310244787997
9.719999999999915,0.012004615775303457,-0.12714527031363496,0.05125194558378903
9.721999999999916,0.01175020658947698,-0.1272630384123531,0.05156801938151402
9.723999999999917,0.01149556790893677,-0.12737476423353825,0.051881312616699565
9.725999999999917,0.011240711815991641,-0.12748045006514477,0.05219181420783235
9.727999999999918,0.010985650388097165,-0.12758009847244892,0.052499513216580744
9.729999999999919,0.010730395697301477,-0.12767371229759122,0.05280439884812729
9.73199999999992,0.010474959809692019,-0.12776129465910652,0.053106460451494135
9.73399999999992,0.010219354784843225,-0.12784284895144146,0.05340568751986124
9.73599999999992,0.0099635926752652,-0.12791837884445986,0.053702069690877506
9.737999999999921,0.009707685525853384,-0.1279878882829356,0.05399559674696473
9.739999999999922,0.00945164537333925,-0.12805138148603332,0.054286258615614424
9.741999999999923,0.009195484245742054,-0.12810886294677679,0.05457404536967741
9.743999999999923,0.008939214161821656,-0.12816033743150532,0.05485894722764634
9.745999999999924,0.008682847130532446,-0.12820580997931774,0.055140954553931004
9.747999999999925,0.00842639515047839,-0.12824528590150444,0.055420057859126425
9.749999999999925,0.008169870209369224,-0.1282787707809673,0.05569624780027383
9.751999999999926,0.007913284283477822,-0.12830627047162751,0.055969515181114426
9.753999999999927,0.007656649337098761,-0.1283277910978216,0.05623985095233593
9.755999999999927,0.007399977322008099,-0.12834333905368528,0.056507246211812044
9.757999999999928,0.007143280176924411,-0.12835292100252554,0.05677169220483454
9.759999999999929,0.006886569826971078,-0.12835654387618087,0.057033180324338364
9.76199999999993,0.0066298581831398746,-0.12835421487436957,0.05729170211111936
9.76399999999993,0.006373157141755874,-0.12834594146402648,0.05754724925404491
9.76599999999993,0.006116478583943687,-0.12833173137862772,0.05779981359025736
9.767999999999931,0.00585983437509506,-0.128311592617504,0.05804938710537017
9.769999999999932,0.005603236364337869,-0.12828553344514212,0.05829596193365694
9.771999999999933,0.005346696384006512,-0.12825356239047506,0.05853953035823319
9.773999999999933,0.005090226249113737,-0.1282156882461603,0.058780084811231016
9.775999999999934,0.0048338377568239235,-0.1281719200678469,0.059017617873966415
9.777999999999935,0.004577542685927843,-0.12812226717343086,0.05925212227709952
9.779999999999935,0.004321352796318918,-0.12806673914229944,0.059483590900787586
9.781999999999936,0.004065279828471006,-0.12800534581456377,0.0597120167748308
9.783999999999937,0.0038093355029177292,-0.1279380972902804,0.05993739307881088
9.785999999999937,0.0035535315197333696,-0.1278650039286616,0.06015971314222247
9.787999999999938,0.0032978795580153575,-0.12778607634727426,0.06037897044459743
9.789999999999939,0.003042391275368373,-0.127701325421228,0.06059515861562177
9.79199999999994,0.0027870783073900805,-0.12761076228235183,0.06080827143524563
9.79399999999994,0.002531952267158525,-0.12751439831835998,0.06101830283378583
9.79599999999994,0.0022770247447212026,-0.12741224517200678,0.06122524689202147
9.797999999999941,0.0020223073065858354,-0.12730431474023046,0.061429097841282185
9.799999999999942,0.0017678114952128692,-0.1271906191732862,0.0616298500635294
9.801999999999943,0.0015135488285097152,-0.1270711708738683,0.061827498091430226
9.803999999999943,0.001259530799326759,-0.1269459824962216,0.06202203660842443
9.805999999999944,0.0010057688749551571,-0.12681506694524225,0.06221346044878404
9.807999999999945,0.0007522744966264418,-0.12667843737556767,0.06240176459766597
9.809999999999945,0.0004990590790139582,-0.1265361071906561,0.06258694419115739
9.811999999999946,0.00024613400973615113,-0.12638809004185558,0.0627689945163141
9.813999999999947,-6.489351138273716e-06,-0.12623439982746226,0.06294791101119164
9.815999999999947,-0.00025879967158329645,-0.12607505069176858,0.0631236892648694
9.817999999999948,-0.0005107856481066147,-0.12591005702410082,0.06329632501746758
9.819999999999949,-0.0007624360062387407,-0.12573943345784658,0.06346581416015702
9.82199999999995,-0.001013739501020142,-0.12556319486947176,0.06363215273516203
9.82399999999995,-0.0012646849174864075,-0.12538135637752765,0.06379533693575602
9.82599999999995,-0.0015152610711514163,-0.12519393334164763,0.06395536310625023
9.827999999999951,-0.0017654568084884904,-0.12500094136153397,0.06411222774197524
9.829999999999952,-0.002015261007409511,-0.12480239627593455,0.06426592748925548
9.831999999999953,-0.0022646625777419777,-0.12459831416160967,0.06441645914537679
9.833999999999953,-0.002513650461703993,-0.12438871133228901,0.06456381965854681
9.835999999999954,-0.0027622136343771484,-0.1241736043376187,0.0647080061278485
9.837999999999955,-0.0030103411041772976,-0.1239530099620987,0.0648490158031865
9.839999999999955,-0.003258021913323193,-0.12372694522401045,0.06498684608522665
9.841999999999956,-0.0035052451383029678,-0.12349542737433497,0.06512149452532842
9.843999999999957,-0.0037519998903384456,-0.12325847389566129,0.06525295882547046
9.845999999999957,-0.003998275315847258,-0.12301610250108545,0.06538123683816909
9.847999999999958,-0.004244060596902748,-0.12276833113310008,0.06550632656638998
9.849999999999959,-0.004489344951691647,-0.12251517796247456,0.06562822616345279
9.85199999999996,-0.0047341176349694975,-0.12225666138712593,0.06574693393292892
9.85399999999996,-0.004978367938513816,-0.12199280003098055,0.06586244832853247
9.85599999999996,-0.005222085191574964,-0.12172361274282659,0.06597476795400409
9.857999999999961,-0.005465258761324713,-0.12144911859515739,0.06608389156298826
9.859999999999962,-0.0057078780533024965,-0.12116933688300588,0.06618981805890341
9.861999999999963,-0.005949932511859313,-0.12088428712276991,0.06629254649480544
9.863999999999963,-0.006191411620599274,-0.12059398905102879,0.06639207607324427
9.865999999999964,-0.006432304902818776,-0.12029846262335094,0.06648840614611368
9.867999999999965,-0.006672601921943281,-0.11999772801309279,0.06658153621449424
9.869999999999965,-0.006912292281961681,-0.11969180561018901,0.06667146592848967
9.871999999999966,-0.007151365627858241,-0.11938071601993412,0.06675819508705619
9.873999999999967,-0.007389811646042091,-0.1190644800617555,0.0668417236378253
9.875999999999967,-0.007627620064774259,-0.11874311876797801,0.06692205167691984
9.877999999999968,-0.007864780654592222,-0.11841665338258006,0.06699917944876327
9.879999999999969,-0.008101283228731965,-0.11808510535994152,0.06707310734588226
9.88199999999997,-0.00833711764354752,-0.11774849636358319,0.06714383590870272
9.88399999999997,-0.00857227379892799,-0.1174068482648982,0.06721136582533911
9.88599999999997,-0.008806741638712007,-0.11706018314187522,0.06727569793137708
9.887999999999971,-0.009040511151099646,-0.11670852327781361,0.06733683320964962
9.889999999999972,-0.009273572369061756,-0.11635189116003065,0.06739477279000645
9.891999999999973,-0.009505915370746692,-0.11599030947856079,0.06744951794907708
9.893999999999973,-0.009737530279884448,-0.11562380112484709,0.06750107011002708
9.895999999999974,-0.009968407266188153,-0.11525238919042494,0.067549430842308
9.897999999999975,-0.010198536545752937,-0.11487609696559803,0.06759460186140062
9.899999999999975,-0.010427908381452137,-0.11449494793810674,0.06763658502855195
9.901999999999976,-0.010656513083330831,-0.114108965791789,0.0676753823505055
9.903999999999977,-0.01088434100899669,-0.11371817440523362,0.06771099597922534
9.905999999999977,-0.011111382564008124,-0.11332259785042631,0.0677434282116135
9.907999999999978,-0.011337628202259722,-0.11292226039138833,0.06777268148922128
9.909999999999979,-0.011563068426364944,-0.11251718648280795,0.06779875839795389
9.91199999999998,-0.011787693788036097,-0.11210740076866464,0.06782166166776891
9.91399999999998,-0.01201149488846152,-0.11169292808084628,0.06784139417236842
9.91599999999998,-0.012234462378680025,-0.11127379343775934,0.06785795892888466
9.917999999999981,-0.012456586959952528,-0.11085002204293203,0.06787135909755969
9.919999999999982,-0.012677859384130897,-0.11042163928361068,0.06788159798141855
9.921999999999983,-0.012898270454023978,-0.10998867072934933,0.06788867902593623
9.923999999999984,-0.013117811023760792,-0.10955114213059253,0.06789260581869865
9.925999999999984,-0.013336471999150896,-0.1091090794172516,0.06789338208905706
9.927999999999985,-0.01355424433804189,-0.1086625086972743,0.0678910117077767
9.929999999999986,-0.013771119050674043,-0.10821145625520795,0.06788549868667904
9.931999999999986,-0.013987087200032066,-0.10775594855075633,0.06787684717827802
9.933999999999987,-0.014202139902193963,-0.10729601221733004,0.06786506147541023
9.935999999999988,-0.014416268326676999,-0.10683167406059076,0.06785014601085898
9.937999999999988,-0.014629463696780736,-0.10636296105698931,0.06783210535697237
9.939999999999989,-0.014841717289927149,-0.10588990035229759,0.0678109442252754
9.94199999999999,-0.01505302043799779,-0.10541251926013452,0.06778666746607595
9.94399999999999,-0.015263364527668005,-0.1049308452604861,0.06775928006806504
9.94599999999999,-0.015472741000738189,-0.10444490599821953,0.06772878715791106
9.947999999999992,-0.01568114135446205,-0.1039547292815916,0.06769519399984796
9.949999999999992,-0.015888557141871894,-0.10346034308075146,0.06765850599525786
9.951999999999993,-0.016094979972100912,-0.10296177552623756,0.06761872868224762
9.953999999999994,-0.016300401510702448,-0.10245905490746932,0.06757586773521969
9.955999999999994,-0.01650481347996625,-0.10195220967123311,0.0675299289644371
9.957999999999995,-0.01670820765923168,-0.10144126842016304,0.06748091831558281
9.959999999999996,-0.01691057588519789,-0.10092625991121632,0.0674288418693132
9.961999999999996,-0.017111910052230946,-0.1004072130541434,0.06737370584080604
9.963999999999997,-0.017312202112667867,-0.09988415690995311,0.06731551657930264
9.965999999999998,-0.017511444077117615,-0.09935712068937262,0.06725428056764443
9.967999999999998,-0.01770962801475898,-0.09882613375130239,0.06719000442180392
9.969999999999999,-0.01790674605363538,-0.09829122560126634,0.06712269489041017
9.972,-0.018102790380946553,-0.09775242588985711,0.06705235885426855
9.974,-0.018297753243337146,-0.09720976441117665,0.06697900332587511
9.976,-0.018491626947182153,-0.09666327110127207,0.06690263544892547
9.978000000000002,-0.01868440385886925,-0.096112976036567,0.06682326249781818
9.980000000000002,-0.01887607640507797,-0.09555890943228838,0.06674089187715275
9.982000000000003,-0.01906663707305574,-0.0950011016408889,0.06665553112122216
9.984000000000004,-0.01925607841089074,-0.09443958315046504,0.06656718789350019
9.986000000000004,-0.01944439302778162,-0.0938743845831709,0.06647586998612326
9.988000000000005,-0.019631573594304015,-0.0933055366936279,0.06638158531936708
9.990000000000006,-0.019817612842673887,-0.09273307036733024,0.06628434194111796
9.992000000000006,-0.020002503567007678,-0.09215701661904649,0.06618414802633901
9.994000000000007,-0.020186238623579253,-0.09157740659121723,0.06608101187653093
9.996000000000008,-0.020368810931073636,-0.09099427155234878,0.06597494191918787
9.998000000000008,-0.020550213470837544,-0.09040764289540319,0.06586594670724802
10.000000000000009,-0.020730439287126673,-0.0898175521361846,0.06575403491853914
