time,q,dq,u
0.002,0.7853815869312974,-0.016576425736929686,-0.7853981633974483
0.004,0.7853319403081684,-0.03307007634866101,-0.7522287354574381
0.006,0.7852493892326304,-0.04948079790851878,-0.7191917876108465
0.008,0.7851340997135928,-0.0658084399956678,-0.6862877934155929
0.01,0.7849862380573529,-0.08205285563642721,-0.6535172197222572
0.012,0.7848059708607588,-0.09821390124657878,-0.6208805267844985
0.014,0.7845934650044876,-0.11429143657467095,-0.5883781683676013
0.016,0.7843488876464357,-0.13028532464632067,-0.5560105918551457
0.018000000000000002,0.7840724062152197,-0.14619543170951424,-0.5237782383537943
0.020000000000000004,0.7837641884037847,-0.16202162718090807,-0.4916815427961912
0.022000000000000006,0.7834244021631207,-0.17776378359313014,-0.45972093404196857
0.024000000000000007,0.7830532156960819,-0.19342177654308212,-0.42789683497686043
0.02600000000000001,0.7826507974513093,-0.20899548464124246,-0.39620966260991763
0.02800000000000001,0.7822173161172531,-0.22448478946196937,-0.36465982816882436
0.030000000000000013,0.781752940616294,-0.23988957549480347,-0.33324773719331435
0.032000000000000015,0.7812578400989605,-0.2552097300967685,-0.30197378962668703
0.034000000000000016,0.780732183938241,-0.270445143445669,-0.2708383799054235
0.03600000000000002,0.7801761417239875,-0.2855957084943827,-0.23984189704690295
0.03800000000000002,0.7795898832574112,-0.3006613209261461,-0.20898472473522212
0.04000000000000002,0.7789735785456648,-0.3156418791108303,-0.17826724140511896
0.04200000000000002,0.7783273977965126,-0.3305372840622045,-0.14768982032400424
0.044000000000000025,0.7776515114130843,-0.3453474393961845,-0.1172528296721036
0.04600000000000003,0.7769460899887118,-0.3600722512900623,-0.08695663262071529
0.04800000000000003,0.7762113043018465,-0.37471162844271394,-0.056801587408587206
0.05000000000000003,0.7754473253110545,-0.389265482035781,-0.026788047416418603
0.05200000000000003,0.7746543241500897,-0.4037337256958224,0.0030836387605074345
0.054000000000000034,0.7738324721230407,-0.4181162754574314,0.03281312724155505
0.056000000000000036,0.7729819406995507,-0.43241304972731387,0.06240007879182208
0.05800000000000004,0.7721029015101085,-0.4466239692493223,0.09184415875507701
0.06000000000000004,0.7711955263414084,-0.46074895707044106,0.12114503698853607
0.06200000000000004,0.770259987131777,-0.474787938507717,0.1503023877994737
0.06400000000000004,0.7692964559666654,-0.48874084111613036,0.179315889883657
0.06600000000000004,0.7683051050742047,-0.5026075946573998,0.20818522626559532
0.06800000000000005,0.7672861068208229,-0.5163881310697154,0.2369100842405949
0.07000000000000005,0.7662396337069213,-0.530082384438394,0.26549015531860787
0.07200000000000005,0.7651658583626089,-0.5436902909674498,0.2939251351698666
0.07400000000000005,0.7640649535434928,-0.5572117889520742,0.32221472357229075
0.07600000000000005,0.7629370921265225,-0.5706468187520173,0.3503586243606557
0.07800000000000006,0.7617824471058864,-0.5839953227658639,0.37835654537751207
0.08000000000000006,0.7606011915889593,-0.5972572454061986,0.4062081984258413
0.08200000000000006,0.7593934987922989,-0.6104325330756504,0.4339132992234379
0.08400000000000006,0.7581595420376879,-0.6235211341438092,0.46147156735900186
0.08600000000000006,0.7568994947482234,-0.636522998925009,0.48888272624993045
0.08800000000000006,0.7556135304444483,-0.6494380796569669,0.5161465031017946
0.09000000000000007,0.7543018227405257,-0.6622663304802713,0.5432626288694854
0.09200000000000007,0.7529645453404523,-0.6750077074187105,0.5702308382200169
0.09400000000000007,0.7516018720343115,-0.6876621683604341,0.5970508694969687
0.09600000000000007,0.7502139766945626,-0.7002296730399373,0.6237224646865568
0.09800000000000007,0.7488010332723652,-0.7127101830208601,0.6502453693853121
0.10000000000000007,0.7473632157939383,-0.725103661679593,0.6766193327693549
0.10200000000000008,0.7459006983569492,-0.7374100741896792,0.7028441075652476
0.10400000000000008,0.744413655126935,-0.7496293875070049,0.7289194500224092
0.10600000000000008,0.7429022603337523,-0.7617615703557675,0.7548451198870748
0.10800000000000008,0.7413666882680531,-0.7738065932152134,0.7806208803777828
0.11000000000000008,0.7398071132777878,-0.7857644283071351,0.8062464981623737
0.11200000000000009,0.7382237097647322,-0.7976350495841181,0.8317217433364824
0.11400000000000009,0.7366166521810366,-0.8094184327185279,0.8570463894035041
0.11600000000000009,0.7349861150257967,-0.8211145550922267,0.8822202132560192
0.11800000000000009,0.7333322728416446,-0.8327233957870113,0.9072429951586568
0.12000000000000009,0.7316553002113576,-0.8442449355757591,0.9321145187323779
0.1220000000000001,0.7299553717544845,-0.8556791569142758,0.9568345709401606
0.1240000000000001,0.7282326621239871,-0.867026043933831,0.981402942074067
0.12600000000000008,0.7264873460028962,-0.8782855824343736,1.0058194257436748
0.12800000000000009,0.7247195981009807,-0.8894577598784152,1.030083818865851
0.1300000000000001,0.7229295931514279,-0.9005425653855712,1.0541959216558499
0.1320000000000001,0.7211175059075341,-0.9115399897277492,1.0781555376197145
0.1340000000000001,0.7192835111394043,-0.9224500253249737,1.1019624735479643
0.1360000000000001,0.7174277836306598,-0.9332726662418361,1.125616539510543
0.1380000000000001,0.7155504981751521,-0.9440079081845592,1.1491175488530123
0.1400000000000001,0.7136518295736819,-0.9546557484986646,1.1724653181939662
0.1420000000000001,0.7117319526307222,-0.9652161861672336,1.1956596674236475
0.1440000000000001,0.7097910421511449,-0.9756892218097478,1.218700419703745
0.1460000000000001,0.7078292729369482,-0.9860748576815008,1.2415874014683508
0.1480000000000001,0.7058468197839857,-0.9963730976735677,1.2643204424260535
0.1500000000000001,0.7038438574786936,-1.0065839473133222,1.28689937556315
0.1520000000000001,0.701820560794818,-1.01670741376549,1.3093240371479509
0.1540000000000001,0.699777104490138,-1.0267435058337246,1.3315942667361618
0.1560000000000001,0.6977136633031861,-1.0366922339626994,1.3537099071773113
0.1580000000000001,0.6956304119499639,-1.0465536102406976,1.3756708046222128
0.16000000000000011,0.6935275251206515,-1.0563276484026938,1.3974768085314313
0.16200000000000012,0.6914051774763109,-1.0660143638339128,1.4191277716847361
0.16400000000000012,0.6892635436455814,-1.0756137735738558,1.4406235501915146
0.16600000000000012,0.6871027982213667,-1.0851258963207797,1.4619640035021302
0.16800000000000012,0.6849231157575125,-1.0945507524366205,1.4831489944201928
0.17000000000000012,0.6827246707654742,-1.1038883639523467,1.5041783891157285
0.17200000000000013,0.6805076377109724,-1.1131387545737335,1.5250520571392192
0.17400000000000013,0.6782721910106382,-1.1223019496875428,1.5457698714364945
0.17600000000000013,0.6760185050286436,-1.1313779763681004,1.5663317083644475
0.17800000000000013,0.6737467540733203,-1.1403668633842554,1.5867374477075573
0.18000000000000013,0.6714571123937633,-1.1492686412067128,1.6069869726951906
0.18200000000000013,0.669149754176419,-1.1580833420157248,1.6270801700196622
0.18400000000000014,0.6668248535416588,-1.1668109997091316,1.6470169298550306
0.18600000000000014,0.6644825845403352,-1.1754516499107373,1.6667971458766044
0.18800000000000014,0.6621231211503213,-1.18400532997901,1.6864207152811392
0.19000000000000014,0.659746637273033,-1.1924720790160959,1.7058875388076988
0.19200000000000014,0.6573533067299314,-1.200851937877131,1.7251975207591588
0.19400000000000014,0.6549433032590083,-1.209144949179844,1.7443505690243306
0.19600000000000015,0.6525168005112504,-1.2173511573144353,1.7633465951006797
0.19800000000000015,0.6500739720470848,-1.2254706084537195,1.7821855141176202
0.20000000000000015,0.6476149913328032,-1.233503350563522,1.800867244860354
0.20200000000000015,0.6451400317369653,-1.2414494334133173,1.8193917097942407
0.20400000000000015,0.6426492665267807,-1.249308908587095,1.8377588350896692
0.20600000000000016,0.6401428688644688,-1.257081829494445,1.8559685506474093
0.20800000000000016,0.6376210118035964,-1.2647682513818468,1.8740207901244212
0.21000000000000016,0.6350838682853926,-1.2723682313441547,1.891915490960097
0.21200000000000016,0.6325316111350402,-1.2798818283362636,1.9096525944029166
0.21400000000000016,0.6299644130579437,-1.287309103184947,1.9272320455374872
0.21600000000000016,0.6273824466359741,-1.294650118600853,1.9446537933119505
0.21800000000000017,0.6247858843236886,-1.301904939190648,1.961917790565732
0.22000000000000017,0.6221748984445266,-1.3090736314692974,1.9790239940576075
0.22200000000000017,0.6195496611869802,-1.316156263872469,1.9959723644940683
0.22400000000000017,0.6169103446007411,-1.3231529067690515,2.012762866557958
0.22600000000000017,0.614257120592821,-1.330063632473772,2.029395468937362
0.22800000000000017,0.6115901609236474,-1.3368885152599075,2.045870144354723
0.23000000000000018,0.6089096372031336,-1.3436276313720716,2.0621868695961676
0.23200000000000018,0.6062157208867237,-1.3502810590390726,2.0783456255410098
0.23400000000000018,0.6035085832714105,-1.3568488784868256,2.0943463971914213
0.23600000000000018,0.6007883954917291,-1.363331171951312,2.1101891737022407
0.23800000000000018,0.5980553285157233,-1.3697280236915732,2.1258739484108946
0.24000000000000019,0.5953095531408866,-1.3760395200027282,2.1414007188674233
0.2420000000000002,0.5925512399900774,-1.3822657492290036,2.1567694868645697
0.2440000000000002,0.5897805595074073,-1.388406801776767,2.1719802584679297
0.2460000000000002,0.5869976819541037,-1.3944627701275507,2.1870330440461268
0.2480000000000002,0.5842027774043471,-1.4004337488510572,2.201927858300998
0.25000000000000017,0.5813960157410812,-1.4063198346181347,2.2166647202977674
0.25200000000000017,0.578577566651798,-1.4121211262137126,2.2312436534951883
0.25400000000000017,0.5757475996242967,-1.417837724549687,2.245664685775627
0.25600000000000017,0.5729062839424166,-1.4234697326777455,2.259927849475077
0.2580000000000002,0.5700537886817454,-1.4290172558021217,2.274033181413074
0.2600000000000002,0.5671902827053009,-1.434480401292268,2.287980722922498
0.2620000000000002,0.5643159346591884,-1.4398592786954394,2.301770519879235
0.2640000000000002,0.561430912968232,-1.4451539997491754,2.3154026227316904
0.2660000000000002,0.5585353858315824,-1.4503646783936726,2.3288770865301185
0.2680000000000002,0.5556295212182986,-1.455491430784038,2.342193970955763
0.2700000000000002,0.5527134868629064,-1.4605343753024127,2.3553533403497777
0.2720000000000002,0.5497874502609326,-1.4654936325699561,2.368355263741919
0.2740000000000002,0.5468515786644143,-1.4703693254586843,2.38119981487898
0.2760000000000002,0.543906039077386,-1.47516157910315,2.393887072252954
0.2780000000000002,0.5409509982513431,-1.479870520911958,2.406417119128914
0.2800000000000002,0.5379866226806821,-1.4844962805791042,2.418790043572573
0.2820000000000002,0.5350130785981189,-1.489038990095133,2.431005938477526
0.2840000000000002,0.5320305319700844,-1.4934987837581015,2.4430649015921473
0.2860000000000002,0.5290391484920994,-1.4978757981843434,2.454967035546119
0.2880000000000002,0.5260390935841266,-1.5021701723190242,2.466712447876587
0.2900000000000002,0.5230305323859029,-1.506382047446479,2.4783012510539217
0.2920000000000002,0.5200136297522512,-1.5105115672003262,2.4897335625070554
0.2940000000000002,0.5169885502483715,-1.514558877573346,2.501009504648401
0.2960000000000002,0.5139554581451132,-1.5185241269271215,2.5121292048983204
0.2980000000000002,0.5109145174142281,-1.522407466001427,2.52309279570913
0.3000000000000002,0.5078658917236044,-1.5262090479233652,2.533900414588626
0.3020000000000002,0.5048097444324837,-1.5299290282162368,2.544552204123126
0.3040000000000002,0.5017462385866597,-1.5335675648081424,2.5550483119999896
0.3060000000000002,0.4986755369136601,-1.537124818040306,2.565388891029625
0.3080000000000002,0.4955978018179127,-1.540600950675115,2.575574099166952
0.3100000000000002,0.4925131953758948,-1.5439961279038674,2.5856040995323175
0.3120000000000002,0.4894218793312682,-1.5473105173542232,2.59547906043184
0.3140000000000002,0.4863240150899992,-1.5505442890973513,2.605199155377178
0.3160000000000002,0.4832197637154646,-1.5536976156547655,2.6147645631047034
0.3180000000000002,0.4801092859235447,-1.5567706720048455,2.6241754675940663
0.32000000000000023,0.476992742077703,-1.5597636355890343,2.6334320580861466
0.32200000000000023,0.47387029218405435,-1.5626766863177086,2.6425345291003657
0.32400000000000023,0.47074209588642163,-1.5655100065757157,2.6514830804513627
0.32600000000000023,0.4676083124613812,-1.568263781227571,2.66027791726501
0.32800000000000024,0.4644691008132989,-1.5709381976223116,2.668919249993761
0.33000000000000024,0.46132461946935643,-1.5735334455980003,2.6774072944313243
0.33200000000000024,0.4581750265745691,-1.5760497174858767,2.685742271726644
0.33400000000000024,0.4550204798867955,-1.5784872081141479,2.6939244083971845
0.33600000000000024,0.4518611367717403,-1.5808461148114161,2.7019539363415004
0.33800000000000024,0.4486971541979501,-1.58312663740974,2.709831092851092
0.34000000000000025,0.44552868873180396,-1.5853289782473212,2.7175561206215297
0.34200000000000025,0.4423558965324987,-1.5874533421708183,2.7251292677628385
0.34400000000000025,0.4391789333470299,-1.5894999365372777,2.732550787809138
0.34600000000000025,0.4359979545051696,-1.5914689712156826,2.7398209397275255
0.34800000000000025,0.43281311491444124,-1.5933606585881153,2.7469399879261958
0.35000000000000026,0.42962456905509255,-1.5951752135505268,2.753908202261789
0.35200000000000026,0.42643247097506737,-1.5969128535131163,2.7607258580459613
0.35400000000000026,0.42323697428497714,-1.5985737984003112,2.767393236051165
0.35600000000000026,0.42003823215307284,-1.6001582706503488,2.773910622515645
0.35800000000000026,0.41683639730021804,-1.6016664952144566,2.780278309147625
0.36000000000000026,0.4136316219948641,-1.6030986995556273,2.786496593128695
0.36200000000000027,0.41042405804802823,-1.6044551136469878,2.7925657771163905
0.36400000000000027,0.4072138568082752,-1.605735969969759,2.7984861692459475
0.36600000000000027,0.40400116915670353,-1.6069415035108057,2.804258083131243
0.36800000000000027,0.400786145501937,-1.6080719517597726,2.809881837864908
0.3700000000000003,0.39756893577512215,-1.609127554705808,2.8153577580176083
0.3720000000000003,0.39434968942493315,-1.610108554833871,2.820686173636494
0.3740000000000003,0.3911285554125841,-1.6110151971206235,2.8258674202428087
0.3760000000000003,0.38790568220685007,-1.6118477290299025,2.830901838828663
0.3780000000000003,0.3846812177790975,-1.6126064005077763,2.835789775852955
0.3800000000000003,0.38145530959832524,-1.6132914639771798,2.840531583236455
0.3820000000000003,0.37822810462621653,-1.6139031743321315,2.8451276183560346
0.3840000000000003,0.37499974931220276,-1.6144417889315295,2.8495782440380464
0.3860000000000003,0.3717703895885404,-1.6149075675925277,2.853883828550856
0.3880000000000003,0.36854017086540153,-1.615300772583493,2.8580447455965152
0.3900000000000003,0.36530923802597853,-1.61562166861654,2.862061374301584
0.3920000000000003,0.3620777354216047,-1.6158705228396495,2.865934099207102
0.3940000000000003,0.3588458068668906,-1.6160476048283643,2.8696633102576943
0.3960000000000003,0.35561359563487766,-1.6161531865770695,2.873249402789838
0.3980000000000003,0.35238124445220936,-1.6161875424898537,2.8766927775192612
0.4000000000000003,0.34914889549432154,-1.6161509493709543,2.879993840527498
0.4020000000000003,0.3459166903806519,-1.6160436864147862,2.883153003247587
0.4040000000000003,0.34268477016987,-1.615866035195559,2.8861706824489204
0.4060000000000003,0.33945327535512815,-1.6156182796564778,2.889047300221248
0.4080000000000003,0.33622234585933497,-1.615300706098537,2.8917832839578272
0.4100000000000003,0.33299212103045106,-1.6149136031689015,2.8943790663377387
0.4120000000000003,0.32976273963680863,-1.614457261848884,2.896835085307352
0.4140000000000003,0.32653433986245567,-1.6139319754415133,2.899151784060959
0.4160000000000003,0.3233070593025252,-1.6133380395587038,2.901329611020571
0.4180000000000003,0.3200810349586306,-1.6126757521080215,2.9033690198148823
0.4200000000000003,0.31685640323428804,-1.6119454132790534,2.9052704692574123
0.4220000000000003,0.3136332999303662,-1.6111473255293813,2.9070344233238186
0.4240000000000003,0.3104118602405647,-1.6102817935701639,2.9086613511283965
0.4260000000000003,0.3071922187469218,-1.6093491243513278,2.910151726899763
0.4280000000000003,0.30397450941535176,-1.6083496270463744,2.911506029955734
0.4300000000000003,0.30075886559121323,-1.607283613036802,2.912724744677397
0.43200000000000033,0.2975454199949094,-1.6061513958961486,2.913808360482391
0.43400000000000033,0.29433430471751987,-1.604953291373659,2.914757371797388
0.43600000000000033,0.29112565121646594,-1.6036896173775792,2.9155722780297983
0.43800000000000033,0.28791959031120984,-1.602360693958081,2.9162535835386922
0.44000000000000034,0.2847162521789879,-1.6009668432898236,2.9168017976049523
0.44200000000000034,0.28151576635057945,-1.5995083896541524,2.9172174344006594
0.44400000000000034,0.2783182617061117,-1.597985659420942,2.9175010129577252
0.44600000000000034,0.2751238664709008,-1.5963989810300871,2.9176530571357726
0.44800000000000034,0.27193270821133086,-1.5947486849726435,2.9176740955892733
0.45000000000000034,0.26874491383077065,-1.5930351037716275,2.917564661733956
0.45200000000000035,0.26556060956552907,-1.5912585719624748,2.9173252937124845
0.45400000000000035,0.2623799209808503,-1.5894194260731656,2.9169565343594206
0.45600000000000035,0.2592029729669486,-1.5875180046040192,2.9164589311654807
0.45800000000000035,0.25602988973508445,-1.5855546480071652,2.91583303624109
0.46000000000000035,0.2528607948136813,-1.5835296986656933,2.9150794062792458
0.46200000000000035,0.249695811044485,-1.5814435008724899,2.9141986025177053
0.46400000000000036,0.2465350605787656,-1.579296400808764,2.913191190700495
0.46600000000000036,0.24337866487356233,-1.5770887465222694,2.9120577410387622
0.46800000000000036,0.24022674468797256,-1.5748208879052275,2.9107988281709765
0.47000000000000036,0.2370794200794852,-1.572493176671957,2.9094150311224825
0.47200000000000036,0.23393681040035907,-1.5701059663362156,2.907906933264429
0.47400000000000037,0.23079903429404688,-1.5676596121882589,2.906275122272072
0.47600000000000037,0.22766620969166543,-1.5651544712716225,2.904520190082471
0.47800000000000037,0.22453845380851242,-1.5625909023596338,2.9026427328515796
0.48000000000000037,0.22141588314063063,-1.559969265931657,2.900643350910755
0.4820000000000004,0.21829861346141977,-1.557289924149081,2.8985226487226834
0.4840000000000004,0.21518675981829657,-1.5545532408310512,2.896281234836742
0.4860000000000004,0.21208043652940387,-1.551759581429956,2.893919721843806
0.4880000000000004,0.20897975718036868,-1.5489093130066707,2.891438726330508
0.4900000000000004,0.2058848346211102,-1.5460028042055658,2.8888388688329725
0.4920000000000004,0.20279578096269807,-1.5430404252292875,2.8861207737900214
0.4940000000000004,0.19971270757426102,-1.540022547813314,2.883285069495877
0.4960000000000004,0.196635725079947,-1.5369495452002953,2.8803323880523672
0.4980000000000004,0.19356494335593458,-1.5338217921141817,2.8772633653206436
0.5000000000000003,0.1905004715274963,-1.5306396647341507,2.874078640872429
0.5020000000000003,0.18744241796611455,-1.5274035406683328,2.870778857940805
0.5040000000000003,0.18439089028665004,-1.524113798927348,2.867364663370551
0.5060000000000003,0.18134599534456336,-1.5207708198976568,2.863836707568046
0.5080000000000003,0.17830783923319013,-1.5173749853147322,2.86019564445075
0.5100000000000003,0.17527652728106996,-1.5139266782360599,2.8564421313962742
0.5120000000000003,0.17225216404932944,-1.5104262830139727,2.8525768291910496
0.5140000000000003,0.16923485332911983,-1.5068741852683267,2.848600401978616
0.5160000000000003,0.16622469813910937,-1.503270771859023,2.8445135172075338
0.5180000000000003,0.1632218007230308,-1.4996164308583857,2.8403168455789367
0.5200000000000004,0.16022626254728423,-1.495911551523398,2.836011060993741
0.5220000000000004,0.15723818429859565,-1.4921565242678076,2.831596840499512
0.5240000000000004,0.15425766588173143,-1.4883517406341036,2.82707486423702
0.5260000000000004,0.1512848064172689,-1.4844975932653748,2.8224458153864758
0.5280000000000004,0.14831970423942337,-1.480594475877055,2.8177103801134806
0.5300000000000004,0.14536245689393174,-1.476642783228561,2.8128692475146866
0.5320000000000004,0.142413161135993,-1.4726429110948287,2.8079231095631902
0.5340000000000004,0.13947191292826575,-1.46859525623776,2.8028726610536645
0.5360000000000004,0.13653880743892272,-1.4645002163775773,2.797718599547254
0.5380000000000004,0.13361393903976296,-1.4603581901641014,2.792461625316232
0.5400000000000004,0.13069740130438134,-1.456169577147953,2.78710244128844
0.5420000000000004,0.12778928700639586,-1.4519347777516876,2.7816417529915247
0.5440000000000004,0.12488968811773253,-1.4476541932408684,2.776080268496979
0.5460000000000004,0.12199869580696845,-1.4433282256950857,2.7704186983640042
0.5480000000000004,0.1191164004377327,-1.438957277978926,2.764657755583203
0.5500000000000004,0.11624289156716532,-1.4345417537129008,2.758798155520119
0.5520000000000004,0.11337825794443465,-1.4300820572443393,2.7528406158586365
0.5540000000000004,0.11052258750931276,-1.425578593618251,2.746785856544244
0.5560000000000004,0.10767596739080922,-1.4210317685481657,2.7406345997271893
0.5580000000000004,0.10483848390586317,-1.4164419883869568,2.734387569705522
0.5600000000000004,0.10201022255809389,-1.4118096600976537,2.72804549286805
0.5620000000000004,0.09919126803660955,-1.4071351912242502,2.721609097637214
0.5640000000000004,0.09638170421487453,-1.4024189898625132,2.715079114411891
0.5660000000000004,0.093581614149635,-1.3976614646308003,2.708456275510152
0.5680000000000004,0.09079108007990289,-1.3928630246408906,2.7017413151119656
0.5700000000000004,0.08801018342599816,-1.388024079468835,2.6949349692018782
0.5720000000000004,0.08523900478864942,-1.383145039125832,2.688037975511672
0.5740000000000004,0.08247762394815263,-1.3782263140291349,2.6810510734630144
0.5760000000000004,0.07972611986358807,-1.3732683149729967,2.673975004110117
0.5780000000000004,0.07698457067209538,-1.3682714530996567,2.6668105100824055
0.5800000000000004,0.07425305368820645,-1.363236139870377,2.659558335527218
0.5820000000000004,0.07153164540323631,-1.358162787036532,2.6522192260525475
0.5840000000000004,0.06882042148473176,-1.353051806610759,2.6447939286698277
0.5860000000000004,0.06611945677597761,-1.3479036108381728,2.6372831917367865
0.5880000000000004,0.06342882529556039,-1.342718612167651,2.629687764900368
0.5900000000000004,0.060748600236989504,-1.337497223223197,2.622008399039742
0.5920000000000004,0.05807885396837549,-1.332239856775382,2.6142458462094043
0.5940000000000004,0.05541965803216537,-1.3269469257128752,2.606400859582388
0.5960000000000004,0.05277108314493481,-1.3216188430140652,2.598474193393585
0.5980000000000004,0.05013319919723696,-1.3162560217187775,2.5904666028831955
0.6000000000000004,0.047506075253507744,-1.3108588749000953,2.582378844240318
0.6020000000000004,0.04488977955202744,-1.3054278156362855,2.574211674546683
0.6040000000000004,0.04228437950493825,-1.299963256982837,2.5659658517205437
0.6060000000000004,0.03968994169831769,-1.2944656119446152,2.557642134460736
0.6080000000000004,0.03710653189230759,-1.2889352934481373,2.5492412821909127
0.6100000000000004,0.034534215021298345,-1.283372714313974,2.540764055003967
0.6120000000000004,0.03197305519416833,-1.2777782872292802,2.5322112136066495
0.6140000000000004,0.029423115694578,-1.2721524247204616,2.5235835192643923
0.6160000000000004,0.026884458981318648,-1.2664955391259793,2.5148817337463454
0.6180000000000004,0.024357146688715307,-1.2608080425692985,2.50610661927064
0.6200000000000004,0.021841239627083658,-1.2550903469319838,2.497258938449882
0.6220000000000004,0.019336797783240597,-1.2493428638269475,2.488339454236884
0.6240000000000004,0.016843880321068122,-1.2435660045718522,2.4793489298706546
0.6260000000000004,0.014362545582130296,-1.2377601801626743,2.470288128822636
0.6280000000000004,0.01189285108634288,-1.2319258012474297,2.4611578147432183
0.6300000000000004,0.009434853532695376,-1.226063278100068,2.4519587514085166
0.6320000000000005,0.006988608800025097,-1.2201730205945376,2.4426917026674406
0.6340000000000005,0.004554171947842944,-1.2142554381790243,2.43335743238905
0.6360000000000005,0.002131597217210516,-1.2083109398503697,2.4239567044102057
0.6380000000000005,-0.00027906196833178904,-1.20233993412867,2.414490282483529
0.6400000000000005,-0.0026777530017860584,-1.19634282903206,2.4049589302256718
0.6420000000000005,-0.005064424091667904,-1.1903200320516858,2.395363411065906
0.6440000000000005,-0.007439024260927636,-1.1842719501268686,2.3857044881950396
0.6460000000000005,-0.009801503345821963,-1.1781989896204628,2.375982924514665
0.6480000000000005,-0.012151811994736597,-1.1721015562944115,2.3661994825867474
0.6500000000000005,-0.01448990166696018,-1.1659800552855035,2.3563549245835596
0.6520000000000005,-0.01681572463140991,-1.159834891081332,2.346450012237967
0.6540000000000005,-0.01912923396530932,-1.15366646749646,2.336485506794074
0.6560000000000005,-0.02143038355281856,-1.1474751876487947,2.3264621689582294
0.6580000000000005,-0.023719128083617657,-1.1412614539361723,2.316380758850408
0.6600000000000005,-0.025995423051443166,-1.1350256680131565,2.3062420359559623
0.6620000000000005,-0.028259224752578613,-1.1287682307680544,2.2960467590777562
0.6640000000000005,-0.030510490284299203,-1.1224895423001486,2.2857956862886875
0.6660000000000005,-0.0327491775432712,-1.1161900018971516,2.2754895748845967
0.6680000000000005,-0.03497524522390647,-1.1098700080128812,2.2651291813375742
0.6700000000000005,-0.03718865281667253,-1.103529958245163,2.2547152612496686
0.6720000000000005,-0.03938936060635872,-1.097170249313957,2.2442485693069987
0.6740000000000005,-0.041577329670298764,-1.0907912770397141,2.233729859234273
0.6760000000000005,-0.043752521876550356,-1.084393436321963,2.223159883749727
0.6780000000000005,-0.045914899882032095,-1.0779771211181284,2.2125393945204763
0.6800000000000005,-0.048064427130618315,-1.0715427244225832,2.201869142118289
0.6820000000000005,-0.05020106785119223,-1.065090638245936,2.1911498759757846
0.6840000000000005,-0.05232478705565794,-1.0586212535945543,2.180382344343064
0.6860000000000005,-0.05443555053691165,-1.0521349604503274,2.1695672942447666
0.6880000000000005,-0.05653332486677273,-1.0456321477506667,2.1587054714375666
0.6900000000000005,-0.05861807739387496,-1.0391132033687471,2.147797620368106
0.6920000000000005,-0.06068977624151849,-1.0325785140939905,2.136844484131369
0.6940000000000005,-0.06274839030548308,-1.026028465612791,2.1258468044294996
0.6960000000000005,-0.064793889251803,-1.019463442489484,2.114805321531065
0.6980000000000005,-0.06682624351450403,-1.0128838281475603,2.103720774230771
0.7000000000000005,-0.06884542429330326,-1.0062900048511245,2.0925938998096245
0.7020000000000005,-0.07085140355127201,-0.9996823536865996,2.0814254339955522
0.7040000000000005,-0.07284415401246234,-0.9930612545446788,2.070216110924471
0.7060000000000005,-0.07482364915949782,-0.9864270861025237,2.05896666310182
0.7080000000000005,-0.07678986323112884,-0.979780225806211,2.0476778213645455
0.7100000000000005,-0.07874277121975314,-0.9731210498534265,2.036350314843551
0.7120000000000005,-0.08068234886890192,-0.966449933176408,2.0249848709266063
0.7140000000000005,-0.08260857267069215,-0.9597672494251372,2.013582215221718
0.7160000000000005,-0.08452141986324542,-0.9530733709507802,2.0021430715209667
0.7180000000000005,-0.086420868428074,-0.9463686687893769,1.9906681617648057
0.7200000000000005,-0.08830689708743453,-0.9396535126457806,1.9791582060068278
0.7220000000000005,-0.09017948530164971,-0.9329282708778457,1.9676139223789957
0.7240000000000005,-0.09203861326639884,-0.9261933104808651,1.9560360270573411
0.7260000000000005,-0.09388426190997726,-0.9194489970722566,1.944425234228129
0.7280000000000005,-0.09571641289052553,-0.9126956948764982,1.9327822560544905
0.7300000000000005,-0.09753504859322874,-0.9059337667103117,1.9211078026435218
0.7320000000000005,-0.09934015212748637,-0.8991635739680951,1.909402582013852
0.7340000000000005,-0.1011317073240533,-0.8923854766076023,1.8976673000636766
0.7360000000000005,-0.10290969873215242,-0.8855998331358707,1.8859026605392577
0.7380000000000005,-0.10467411161655933,-0.8788070005953956,1.8741093650038938
0.7400000000000005,-0.10642493195465969,-0.8720073345505515,1.8622881128073505
0.7420000000000005,-0.10816214643347957,-0.8652011890742579,1.8504396010557627
0.7440000000000005,-0.10988574244668947,-0.8583889167348923,1.8385645245819955
0.7460000000000006,-0.11159570809158231,-0.8515708685834457,1.826663575916474
0.7480000000000006,-0.11329203216602607,-0.8447473941409228,1.8147374452584737
0.7500000000000006,-0.1149747041653914,-0.837918841385985,1.8027868204478716
0.7520000000000006,-0.11664371427945484,-0.831085556742835,1.7908123869373616
0.7540000000000006,-0.11829905338927793,-0.8242478850693425,1.7788148277651248
0.7560000000000006,-0.11994071306406293,-0.8174061696454104,1.7667948235279631
0.7580000000000006,-0.12156868555798543,-0.8105607521615792,1.7547530523548835
0.7600000000000006,-0.12318296380700451,-0.8037119727078704,1.7426901898811438
0.7620000000000006,-0.12478354142565065,-0.7968601697628659,1.7306069092227454
0.7640000000000006,-0.1263704127037922,-0.7900056801830232,1.7185038809513824
0.7660000000000006,-0.12794357260338066,-0.7831488391922257,1.7063817730698385
0.7680000000000006,-0.12950301675517523,-0.7762899803715652,1.694241250987832
0.7700000000000006,-0.1310487414554473,-0.7694294356493575,1.6820829774983055
0.7720000000000006,-0.132580743662665,-0.7625675352913877,1.6699076127541623
0.7740000000000006,-0.1340990209941587,-0.7557046078913847,1.6577158142454402
0.7760000000000006,-0.13560357172276752,-0.7488409803617249,1.6455082367769283
0.7780000000000006,-0.1370943947734675,-0.7419769779243599,1.6332855324462172
0.7800000000000006,-0.13857148971998187,-0.7351129241019717,1.6210483506221873
0.7820000000000006,-0.14003485678137398,-0.7282491407093492,1.6087973379239253
0.7840000000000006,-0.14148449681862293,-0.7213859478449881,1.5965331382000725
0.7860000000000006,-0.14292041133118286,-0.7145236638829098,1.584256392508599
0.7880000000000006,-0.14434260245352598,-0.7076626054646997,1.5719677390970024
0.7900000000000006,-0.14575107295166995,-0.7008030874917629,1.5596678133829254
0.7920000000000006,-0.14714582621968994,-0.693945423117794,1.5473572479351958
0.7940000000000006,-0.1485268662762159,-0.6870899237414615,1.5350366724552778
0.7960000000000006,-0.14989419776091528,-0.6802368989993043,1.5227067137591388
0.7980000000000006,-0.15124782593096203,-0.6733866567588376,1.5103679957595237
0.8000000000000006,-0.15258775665749164,-0.6665395031118675,1.4980211394486371
0.8020000000000006,-0.15391399642204331,-0.6596957423680128,1.4856667628812266
0.8040000000000006,-0.15522655231298935,-0.6528556770484306,1.4733054811580688
0.8060000000000006,-0.156525432021952,-0.646019607879746,1.4609379064098507
0.8080000000000006,-0.15781064384020854,-0.6391878337881816,1.448564647781444
0.8100000000000006,-0.15908219665508486,-0.6323606518938872,1.4361863114165716
0.8120000000000006,-0.1603400999463377,-0.6255383575054667,1.4238035004428593
0.8140000000000006,-0.1615843637825263,-0.6187212441146998,1.411416814957271
0.8160000000000006,-0.16281499881737369,-0.6119096033914574,1.3990268520119258
0.8180000000000006,-0.16403201628611785,-0.6051037251788095,1.3866342056002885
0.8200000000000006,-0.1652354280018535,-0.598303897488321,1.3742394666437368
0.8220000000000006,-0.16642524635186443,-0.5915104064955362,1.3618432229784956
0.8240000000000006,-0.16760148429394717,-0.5847235365356486,1.349446059342937
0.8260000000000006,-0.16876415535272613,-0.5779435700993539,1.3370485573652444
0.8280000000000006,-0.16991327361596056,-0.5711707878288856,1.324651295551434
0.8300000000000006,-0.17104885373084386,-0.564405468514229,1.3122548492737318
0.8320000000000006,-0.1721709109002954,-0.5576478890895132,1.299859790759302
0.8340000000000006,-0.17327946087924545,-0.5508983246295789,1.2874666890793218
0.8360000000000006,-0.1743745199709132,-0.5441570483467189,1.2750761101384032
0.8380000000000006,-0.1754561050230786,-0.5374243315875907,1.262688616664351
0.8400000000000006,-0.17652423342434817,-0.5307004438302985,1.25030476819826
0.8420000000000006,-0.17757892310041515,-0.5239856526816411,1.2379251210849451
0.8440000000000006,-0.17862019251031416,-0.5172802238745271,1.2255502284636974
0.8460000000000006,-0.17964806064267108,-0.5105844212655516,1.2131806402593683
0.8480000000000006,-0.1806625470119481,-0.5038985068327345,1.2008169031737743
0.8500000000000006,-0.18166367165468442,-0.49722274067341804,1.188459560677417
0.8520000000000006,-0.182651455125733,-0.49055738100232094,1.1761091530015204
0.8540000000000006,-0.18362591849449342,-0.48390268414974746,1.1637662171303749
0.8560000000000006,-0.18458708334114143,-0.47725890455994935,1.1514312867939884
0.8580000000000007,-0.18553497175285533,-0.4706262947896383,1.13910489246104
0.8600000000000007,-0.18646960632003953,-0.4640051055066473,1.1267875613321319
0.8620000000000007,-0.18739101013254558,-0.45739558548873827,1.1144798173333341
0.8640000000000007,-0.18829920677589096,-0.4507979816225544,1.102182181110022
0.8660000000000007,-0.1891942203274759,-0.4442125389027151,1.0898951700209998
0.8680000000000007,-0.19007607535279858,-0.43763950043105093,1.0776192981329062
0.8700000000000007,-0.19094479690166882,-0.4310791074159772,1.0653550762149004
0.8720000000000007,-0.19180041050442087,-0.4245315991720039,1.0531030117336233
0.8740000000000007,-0.19264294216812514,-0.4179972131193797,1.0408636088484287
0.8760000000000007,-0.19347241837279944,-0.4114761847838685,1.0286373684068846
0.8780000000000007,-0.19428886606761991,-0.4049687477966559,1.0164247879405364
0.8800000000000007,-0.19509231266713187,-0.3984751338943844,1.0042263616609317
0.8820000000000007,-0.1958827860474609,-0.3919955729193141,0.9920425804559007
0.8840000000000007,-0.19666031454252428,-0.3855302928196083,0.9798739318860891
0.8860000000000007,-0.19742492694024327,-0.37907951964974135,0.967720900181741
0.8880000000000007,-0.19817665247875618,-0.3726434775710261,0.955583966239726
0.8900000000000007,-0.1989155208426327,-0.36622238885226066,0.9434636076208084
0.8920000000000007,-0.19964156215908957,-0.3598164738704907,0.9313602985471541
0.8940000000000007,-0.20035480699420805,-0.35342595111188696,0.919274509900071
0.8960000000000007,-0.20105528634915298,-0.34705103717273467,0.907206709217982
0.8980000000000007,-0.20174303165639426,-0.34069194676053394,0.8951573606946224
0.9000000000000007,-0.20241807477593032,-0.33434889269520895,0.8831269251774622
0.9020000000000007,-0.20308044799151437,-0.32802208591042376,0.8711158601663482
0.9040000000000007,-0.20373018400688322,-0.32171173545500326,0.8591246198123619
0.9060000000000007,-0.20436731594198917,-0.31541804849445726,0.8471536549168898
0.9080000000000007,-0.20499187732923493,-0.30914123031260593,0.8352034129309037
0.9100000000000007,-0.205603902109712,-0.30288148431330464,0.8232743379544468
0.9120000000000007,-0.20620342462944247,-0.29663901202226645,0.8113668707363213
0.9140000000000007,-0.20679047963562477,-0.2904140130889806,0.7994814486739754
0.9160000000000007,-0.2073651022728831,-0.28420668528872534,0.7876185058135861
0.9180000000000007,-0.2079273280795211,-0.2780172245246724,0.7757784728503337
0.9200000000000007,-0.20847719298377992,-0.2718458248300831,0.7639617771288659
0.9220000000000007,-0.20901473330010056,-0.2656926783705925,0.7521688426439461
0.9240000000000007,-0.20953998572539106,-0.25955797544658127,0.7404000900412856
0.9260000000000007,-0.21005298733529834,-0.25344190449563286,0.7286559366185537
0.9280000000000007,-0.21055377558048521,-0.24734465209507467,0.716936796326564
0.9300000000000007,-0.21104238828291244,-0.24126640296460133,0.7052430797706346
0.9320000000000007,-0.2115188636321262,-0.2352073399689786,0.6935751942121151
0.9340000000000007,-0.2119832401815509,-0.22916764412082624,0.6819335435700834
0.9360000000000007,-0.21243555684478788,-0.22314749458347818,0.6703185284232034
0.9380000000000007,-0.21287585289191963,-0.21714706867391873,0.6587305460117443
0.9400000000000007,-0.21330416794582016,-0.2111665418657927,0.6471699902397571
0.9420000000000007,-0.21372054197847137,-0.2052060877924886,0.6356372516774056
0.9440000000000007,-0.21412501530728567,-0.1992658782502928,0.6241327175634486
0.9460000000000007,-0.214517628591435,-0.19334608320161337,0.6126567718078713
0.9480000000000007,-0.21489842282818636,-0.18744687077827246,0.6012097949946618
0.9500000000000007,-0.21526743934924397,-0.1815684072848652,0.5897921643847313
0.9520000000000007,-0.21562471981709824,-0.17571085720218396,0.5784042539189744
0.9540000000000007,-0.21597030622138164,-0.1698743831907067,0.5670464342214662
0.9560000000000007,-0.21630424087523156,-0.16405914609414773,0.555719072602795
0.9580000000000007,-0.21662656641166048,-0.15826530494306978,0.5444225330635271
0.9600000000000007,-0.21693732577993324,-0.15249301695855572,0.5331571762978
0.9620000000000007,-0.2172365622419519,-0.14674243755593888,0.5219233596970447
0.9640000000000007,-0.21752431936864786,-0.1410137203485906,0.5107214373538297
0.9660000000000007,-0.2178006410363819,-0.13530701715176358,0.4995517600658291
0.9680000000000007,-0.21806557142335178,-0.12962247798648982,0.488414675339909
0.9700000000000008,-0.21831915500600782,-0.12396025108353213,0.4773105273963314
0.9720000000000008,-0.2185614365554762,-0.11832048288738754,0.4662396571730721
0.9740000000000008,-0.21879246113399056,-0.11270331806034183,0.4552024023302513
0.9760000000000008,-0.21901227409133173,-0.10710889948657372,0.4441990972546742
0.9780000000000008,-0.21922092106127555,-0.10153736827630777,0.43323007306447914
0.9800000000000008,-0.2194184479580492,-0.09598886377001456,0.4222956576138911
0.9820000000000008,-0.21960490097279597,-0.09046352354265731,0.41139617549807833
0.9840000000000008,-0.21978032657004842,-0.08496148340798373,0.4005319480581106
0.9860000000000008,-0.2199447714842104,-0.07948287742286193,0.3897032933860159
0.9880000000000008,-0.2200982827160476,-0.07402783789165947,0.37891052632993427
0.9900000000000008,-0.2202409075291869,-0.06859649537066441,0.3681539584993665
0.9920000000000008,-0.2203726934466248,-0.06318897867254744,0.35743389827051575
0.9940000000000008,-0.22049368824724458,-0.05780541487086394,0.3467506507917197
0.9960000000000008,-0.22060393996234262,-0.052445929304595136,0.33610451798897245
0.9980000000000008,-0.22070349687216384,-0.04711064558272728,0.3254957985715329
1.0000000000000007,-0.22079240750244628,-0.04179968558886807,0.3149247880376184
1.0020000000000007,-0.22087072062097507,-0.03651316948589915,0.3043917786801824
1.0040000000000007,-0.22093848523414555,-0.03125121572066404,0.29389705959277335
1.0060000000000007,-0.220995750583536,-0.026013941028690445,0.28344091667547366
1.0080000000000007,-0.22104256614248968,-0.02080146043894615,0.2730236326409169
1.0100000000000007,-0.22107898161270656,-0.01561388727862768,0.262645487020382
1.0120000000000007,-0.22110504692084454,-0.010451333177980835,0.2523067561699619
1.0140000000000007,-0.2211208122151304,-0.005313908075152361,0.2420077132768062
1.0160000000000007,-0.22112632786198055,-0.00020172022107195573,0.23174862836543514
1.0180000000000007,-0.22112164444263135,0.004885123815636176,0.22152976830412446
1.0200000000000007,-0.22110681274977959,0.009946519143712931,0.211351396811359
1.0220000000000007,-0.22108188378423257,0.014982362544295835,0.20121377446235372
1.0240000000000007,-0.22104690875156846,0.01999255246592318,0.19111715869564092
1.0260000000000007,-0.22100193905880636,0.02497698901951145,0.1810618038197221
1.0280000000000007,-0.2209470263110867,0.029935573973306758,0.17104796101978345
1.0300000000000007,-0.22088222230836158,0.03486821074781088,0.16107587836447318
1.0320000000000007,-0.2208075790420954,0.039774804410682554,0.15114580081273982
1.0340000000000007,-0.22072314869197557,0.044655261671614696,0.14125797022073028
1.0360000000000007,-0.22062898362263372,0.04950949087718808,0.13141262534874618
1.0380000000000007,-0.220525136380377,0.05433740200570207,0.12161000186825756
1.0400000000000007,-0.22041165968992976,0.05913890666198303,0.11185033236897285
1.0420000000000007,-0.22028860645118586,0.06391391807217087,0.1021338463659637
1.0440000000000007,-0.2201560297359712,0.06866235107848437,0.09246077030684413
1.0460000000000007,-0.2200139827848168,0.0733841221339657,0.08283132757900247
1.0480000000000007,-0.21986251900374235,0.07807914929720468,0.0732457385168854
1.0500000000000007,-0.21970169196105058,0.08274735222704328,0.06370422040933299
1.0520000000000007,-0.2195315553841319,0.08738865217726084,0.05420698750696401
1.0540000000000007,-0.21935216315627998,0.09200297199124036,0.044754251029610226
1.0560000000000007,-0.21916356931351777,0.09659023609661643,0.035346219173799265
1.0580000000000007,-0.21896582804143444,0.1011503704999052,0.025983097120284904
1.0600000000000007,-0.218758993672033,0.10568330278111668,0.016665087041624033
1.0620000000000007,-0.21854312068058865,0.11018896208834994,0.007392388109799641
1.0640000000000007,-0.21831826368251808,0.11466727913237144,-0.0018348034961112314
1.0660000000000007,-0.21808447743025952,0.119118186181177,-0.011016294582224806
1.0680000000000007,-0.2178418168101638,0.12354161705453756,-0.02015189493209449
1.0700000000000007,-0.21759033683939613,0.12793750711852928,-0.029241417298911332
1.0720000000000007,-0.21733009266284917,0.1323057932800482,-0.03828467739766242
1.0740000000000007,-0.21706113955006667,0.13664641398130983,-0.047281493897247256
1.0760000000000007,-0.21678353289217847,0.14095930919433375,-0.056231688412552994
1.0780000000000007,-0.21649732819884643,0.14524442041541388,-0.06513508549648903
1.0800000000000007,-0.2162025810952213,0.14950169065957444,-0.07399151263198134
1.0820000000000007,-0.21589934731891097,0.1537310644550118,-0.08280080022392758
1.0840000000000007,-0.21558768271695958,0.1579324878375228,-0.09156278159111264
1.0860000000000007,-0.21526764324283787,0.16210590834491936,-0.10027729295808605
1.0880000000000007,-0.2149392849534449,0.16625127501142992,-0.10894417344700086
1.0900000000000007,-0.21460266400612063,0.17036853836208776,-0.11756326506941495
1.0920000000000007,-0.21425783665567014,0.17445765040710656,-0.1261344127180549
1.0940000000000007,-0.21390485925139865,0.17851856463624316,-0.134657464158543
1.0960000000000008,-0.21354378823415832,0.1825512360131479,-0.14313227002108767
1.0980000000000008,-0.21317468013340596,0.18655562096970274,-0.1515586837921375
1.1000000000000008,-0.2127975915642723,0.190531677400347,-0.15993656180599952
1.1020000000000008,-0.21241257922464254,0.19447936465639132,-0.16826576323642167
1.1040000000000008,-0.2120196998922483,0.19839864354031977,-0.1765461500881401
1.1060000000000008,-0.21161901042177103,0.2022894763000801,-0.18477758718839124
1.1080000000000008,-0.21121056774195665,0.20615182662336246,-0.19295994217838916
1.1100000000000008,-0.21079442885274197,0.20998565963186672,-0.20109308550476826
1.1120000000000008,-0.2103706508223923,0.21379094187555836,-0.20917689041099147
1.1140000000000008,-0.20993929078465076,0.2175676413269131,-0.2172112329287244
1.1160000000000008,-0.20950040593589886,0.22131572737515037,-0.22519599186917547
1.1180000000000008,-0.20905405353232895,0.22503517082045568,-0.2331310488144019
1.1200000000000008,-0.20860029088712798,0.22872594386819203,-0.24101628810858242
1.1220000000000008,-0.20813917536767298,0.23238802012310034,-0.2488515968492561
1.1240000000000008,-0.20767076439273813,0.236021374583489,-0.25663686487852766
1.1260000000000008,-0.2071951154297133,0.2396259836354127,-0.2643719847742399
1.1280000000000008,-0.2067122859918346,0.24320182504684024,-0.2720568518411121
1.1300000000000008,-0.20622233363542625,0.24674887796181194,-0.27969136410184586
1.1320000000000008,-0.20572531595715426,0.25026712289458614,-0.28727542228819763
1.1340000000000008,-0.20522129059129196,0.25375654172377515,-0.294808929832018
1.1360000000000008,-0.20471031520699706,0.2572171176864705,-0.30229179285625835
1.1380000000000008,-0.20419244750560067,0.26064883537235756,-0.3097239201659439
1.1400000000000008,-0.20366774521790795,0.26405168071781976,-0.31710522323911444
1.1420000000000008,-0.20313626610151056,0.26742564100003197,-0.32443561621773154
1.1440000000000008,-0.2025980679381111,0.27077070483104354,-0.33171501589855334
1.1460000000000008,-0.2020532085308592,0.2740868621518506,-0.338943341723976
1.1480000000000008,-0.2015017457016996,0.2773741042264577,-0.346120515772842
1.1500000000000008,-0.20094373728873205,0.2806324236359293,-0.3532464627512158
1.1520000000000008,-0.20037924114358316,0.28386181427243007,-0.3603211099831265
1.1540000000000008,-0.1998083151287902,0.2870622713332552,-0.36734438740127695
1.1560000000000008,-0.19923101711519667,0.2902337913148495,-0.3743162275377202
1.1580000000000008,-0.19864740497936023,0.29337637200681627,-0.38123656551450236
1.1600000000000008,-0.19805753660097214,0.2964900124859154,-0.3881053390342723
1.1620000000000008,-0.19746146986028912,0.2995747131100507,-0.39492248837085864
1.1640000000000008,-0.19685926263557696,0.30263047551224653,-0.40168795635981225
1.1660000000000008,-0.19625097280056636,0.3056573025946139,-0.4084016883889161
1.1680000000000008,-0.19563665822192086,0.30865519852230533,-0.4150636323886614
1.1700000000000008,-0.19501637675671668,0.31162416871745946,-0.42167373882268977
1.1720000000000008,-0.1943901862499349,0.3145642198531343,-0.42823196067820224
1.1740000000000008,-0.1937581445319657,0.31747535984723,-0.43473825345633377
1.1760000000000008,-0.19312030941612462,0.32035759785640033,-0.4411925751624943
1.1780000000000008,-0.19247673869618137,0.3232109442699535,-0.44759488629667604
1.1800000000000008,-0.19182749014390044,0.3260354107037418,-0.45394514984372564
1.1820000000000008,-0.1911726215065942,0.32883100999404036,-0.4602433312635832
1.1840000000000008,-0.19051219050468818,0.33159775619141446,-0.4664893984814865
1.1860000000000008,-0.18984625482929862,0.33433566455457614,-0.47268332187814077
1.1880000000000008,-0.18917487213982234,0.3370447515442294,-0.47882507427985366
1.1900000000000008,-0.18849810006153886,0.33972503481690425,-0.4849146309486365
1.1920000000000008,-0.187815996183225,0.34237653321877937,-0.4909519695722696
1.1940000000000008,-0.18712861805478176,0.3449992667794938,-0.49693707025433376
1.1960000000000008,-0.18643602318487346,0.3475932567059467,-0.5028699155042058
1.1980000000000008,-0.18573826903857962,0.3501585253760866,-0.5087504902270199
1.2000000000000008,-0.18503541303505894,0.35269509633268825,-0.5145787817135936
1.2020000000000008,-0.18432751254522592,0.35520299427711866,-0.5203547796303176
1.2040000000000008,-0.18361462488943991,0.3576822450630915,-0.5260784760090114
1.2060000000000008,-0.1828968073352067,0.3601328756904098,-0.5317498652367431
1.2080000000000009,-0.1821741170948925,0.3625549142986973,-0.5373689440456129
1.2100000000000009,-0.18144661132345077,0.364948390161118,-0.5429357115025021
1.2120000000000009,-0.18071434711616122,0.3673133336780843,-0.5484501689987853
1.2140000000000009,-0.17997738150638168,0.36964977637095287,-0.5539123202400074
1.2160000000000009,-0.17923577146331257,0.37195775087571,-0.5593221712355241
1.2180000000000009,-0.17848957388977393,0.37423729093664376,-0.5646797302881074
1.2200000000000009,-0.17773884561999514,0.37648843140000565,-0.5699850079835136
1.2220000000000009,-0.17698364341741732,0.3787112082076597,-0.5752380171800162
1.2240000000000009,-0.1762240239725085,0.3809056583907201,-0.580438772997902
1.2260000000000009,-0.17546004390059147,0.3830718200631771,-0.5855872928089317
1.2280000000000009,-0.17469175973968443,0.38520973241551065,-0.5906835962257627
1.2300000000000009,-0.17391922794835435,0.3873194357082928,-0.5957277050913369
1.2320000000000009,-0.17314250490358324,0.3894009712657779,-0.6007196434682313
1.2340000000000009,-0.17236164689864714,0.39145438146948075,-0.6056594376279725
1.2360000000000009,-0.17157671014100812,0.39347970975174346,-0.6105471160403144
1.2380000000000009,-0.170787750750219,0.39547700058929003,-0.6153827093624789
1.2400000000000009,-0.169994824755841,0.39744629949676913,-0.620166250428361
1.2420000000000009,-0.16919798809537445,0.39938765302028517,-0.6248977742376973
1.2440000000000009,-0.16839729661220232,0.4013011087309174,-0.6295773179451959
1.2460000000000009,-0.1675928060535467,0.40318671521822735,-0.6342049208496325
1.2480000000000009,-0.16678457206843839,0.4050445220837543,-0.638780624382908
1.2500000000000009,-0.1659726502056994,0.40687457993449905,-0.6433044720990702
1.252000000000001,-0.16515709591193867,0.4086769403763959,-0.6477765096632987
1.254000000000001,-0.16433796452956057,0.41045165600777295,-0.6521967848408532
1.256000000000001,-0.16351531129478677,0.41219878041280067,-0.6565653474859854
1.258000000000001,-0.1626891913356911,0.41391836815492883,-0.6608822495308145
1.260000000000001,-0.1618596596702475,0.41561047477031177,-0.6651475449741666
1.262000000000001,-0.16102677120439132,0.4172751567612221,-0.669361289870376
1.264000000000001,-0.16019058073009348,0.41891247158945305,-0.6735235423180529
1.266000000000001,-0.15935114292344818,0.4205224776697089,-0.6776343624488126
1.268000000000001,-0.15850851234277366,0.4221052343629845,-0.6816938124159696
1.270000000000001,-0.15766274342672623,0.42366080196993333,-0.6857019563831954
1.272000000000001,-0.1568138904924276,0.4251892417242238,-0.6896588605131404
1.274000000000001,-0.1559620077336055,0.42669061578588496,-0.6935645929560199
1.276000000000001,-0.15510714921874755,0.4281649872346408,-0.6974192238381645
1.278000000000001,-0.15424936888926866,0.4296124200632333,-0.701222825250534
1.280000000000001,-0.1533887205576916,0.43103297917073496,-0.704975471237198
1.282000000000001,-0.15252525790584104,0.43242673035584983,-0.7086772377837783
1.284000000000001,-0.15165903448305101,0.4337937403102043,-0.7123282028058586
1.286000000000001,-0.15079010370438575,0.4351340766116268,-0.7159284461373576
1.288000000000001,-0.14991851884887405,0.4364478077174171,-0.7194780495188678
1.290000000000001,-0.149044333057757,0.4377350029576051,-0.7229770965859601
1.292000000000001,-0.14816759933274928,0.4389957325281991,-0.7264256728574532
1.294000000000001,-0.14728837053431404,0.44023006748442406,-0.729823865723649
1.296000000000001,-0.14640669937995113,0.4414380797339491,-0.7331717644345341
1.298000000000001,-0.14552263844249905,0.4426198420301059,-0.7364694600879471
1.300000000000001,-0.14463624014845036,0.44377542796509645,-0.7397170456177128
1.302000000000001,-0.14374755677628082,0.4449049119631912,-0.7429146157817426
1.304000000000001,-0.14285664045479196,0.44600836927391796,-0.7460622671501016
1.306000000000001,-0.14196354316146745,0.44708587596524074,-0.749160098093044
1.308000000000001,-0.14106831672084297,0.4481375089167297,-0.7522082087690141
1.310000000000001,-0.14017101280288996,0.4491633458127217,-0.7552067011126165
1.312000000000001,-0.1392716829214128,0.4501634651354719,-0.7581556788225534
1.314000000000001,-0.13837037843245986,0.45113794615829633,-0.761055247349531
1.316000000000001,-0.13746715053274833,0.4520868689387062,-0.7639055138841329
1.318000000000001,-0.13656205025810256,0.45301031431153305,-0.7667065873446641
1.320000000000001,-0.1356551284819064,0.45390836388204614,-0.7694585783649636
1.322000000000001,-0.1347464359135691,0.4547811000190612,-0.7721615992821859
1.324000000000001,-0.13383602309700526,0.45562860584804155,-0.7748157641245532
1.326000000000001,-0.1329239404091283,0.4564509652441911,-0.7774211885990778
1.328000000000001,-0.13201023805835796,0.4572482628255401,-0.7799779900792538
1.330000000000001,-0.13109496608314153,0.458020583946023,-0.7824862875927222
1.332000000000001,-0.13017817435048898,0.4587680146885497,-0.7849462018089045
1.334000000000001,-0.12925991255452196,0.4594906418580692,-0.7873578550266105
1.336000000000001,-0.1283402302150366,0.46018855297462685,-0.7897213711616164
1.338000000000001,-0.1274191766760803,0.46086183626641486,-0.7920368757342171
1.340000000000001,-0.12649680110454237,0.4615105806628165,-0.7943044958567494
1.342000000000001,-0.12557315248875864,0.4621348757874443,-0.7965243602210907
1.344000000000001,-0.12464827963712995,0.4627348119511717,-0.7986965990861299
1.346000000000001,-0.12372223117675454,0.4633104801451602,-0.8008213442652135
1.348000000000001,-0.12279505555207454,0.46386197203387974,-0.8028987291135659
1.350000000000001,-0.12186680102353623,0.46438937994812496,-0.8049288885156849
1.352000000000001,-0.12093751566626444,0.4648927968780258,-0.8069119588727137
1.354000000000001,-0.12000724736875087,0.4653723164660537,-0.8088480780897872
1.356000000000001,-0.11907604383155637,0.46582803300002323,-0.8107373855633565
1.358000000000001,-0.11814395256602726,0.4662600414060896,-0.8125800221684901
1.360000000000001,-0.11721102089302565,0.4666684372417421,-0.814376130246152
1.362000000000001,-0.11627729594167378,0.467053316688794,-0.8161258535904585
1.364000000000001,-0.11534282464811238,0.4674147765463688,-0.8178293374359142
1.366000000000001,-0.11440765375427304,0.4677529142238836,-0.8194867284446252
1.368000000000001,-0.11347182980666468,0.46806782773402933,-0.8210981746934941
1.370000000000001,-0.11253539915517397,0.4683596156857486,-0.822663825661394
1.372000000000001,-0.11159840795187988,0.4686283772772109,-0.8241838322163232
1.374000000000001,-0.11066090214988225,0.46887421228878634,-0.8256583466025419
1.376000000000001,-0.10972292750214437,0.4690972210760168,-0.8270875224276905
1.378000000000001,-0.1087845295603497,0.46929750456258645,-0.8284715146498892
1.380000000000001,-0.10784575367377261,0.4694751642332904,-0.8298104795648232
1.382000000000001,-0.10690664498816314,0.46963030212700285,-0.8311045747928082
1.384000000000001,-0.10596724844464596,0.4697630208296448,-0.8323539592658425
1.386000000000001,-0.10502760877863318,0.4698734234671508,-0.8335587932146435
1.388000000000001,-0.10408777051875147,0.46996161369843653,-0.8347192381556684
1.390000000000001,-0.10314777798578303,0.4700276957083661,-0.8358354568781216
1.392000000000001,-0.1022076752916208,0.4700717742007203,-0.8369076134309492
1.394000000000001,-0.10126750633823758,0.47009395439116564,-0.8379358731098199
1.396000000000001,-0.10032731481666934,0.47009434200022465,-0.8389204024440937
1.398000000000001,-0.09938714420601251,0.47007304324624793,-0.83986136918378
1.400000000000001,-0.09844703777243531,0.4700301648383878,-0.8407589422864834
1.402000000000001,-0.09750703856820324,0.4699658139695743,-0.8416132919043402
1.404000000000001,-0.09656718943071847,0.46988009830949395,-0.8424245893709454
1.406000000000001,-0.0956275329815734,0.46977312599757076,-0.8431930071882694
1.408000000000001,-0.09468811162561812,0.4696450056359512,-0.8439187190135682
1.410000000000001,-0.09374896755004207,0.46949584628249186,-0.8446018996462843
1.412000000000001,-0.09281014272346953,0.46932575744375177,-0.8452427250149417
1.414000000000001,-0.09187167889506928,0.4691348490679882,-0.845841372164034
1.416000000000001,-0.09093361759367816,0.46892323153815724,-0.8463980192409071
1.418000000000001,-0.08999600012693867,0.4686910156649195,-0.8469128454826363
1.420000000000001,-0.08905886758045058,0.46843831267965036,-0.8473860312029003
1.422000000000001,-0.08812226081693642,0.4681652342274563,-0.8478177577788502
1.424000000000001,-0.08718622047542104,0.46787189236019683,-0.8482082076379762
1.426000000000001,-0.08625078697042507,0.46755839952951245,-0.8485575642449726
1.428000000000001,-0.08531600049117226,0.4672248685798597,-0.8488660120885998
1.430000000000001,-0.08438190100081089,0.46687141274155225,-0.8491337366685471
1.432000000000001,-0.08344852823564892,0.46649814562381015,-0.8493609244822936
1.434000000000001,-0.08251592170440321,0.46610518120781586,-0.8495477630119713
1.436000000000001,-0.0815841206874624,0.4656926338397786,-0.8496944407112285
1.438000000000001,-0.08065316423616391,0.46526061822400683,-0.8498011469920947
1.440000000000001,-0.07972309117208456,0.4648092494159893,-0.8498680722118498
1.442000000000001,-0.07879394008634519,0.4643386428154852,-0.849895407659894
1.444000000000001,-0.07786574933892895,0.46384891415962354,-0.8498833455446252
1.446000000000001,-0.07693855705801349,0.46334017951601186,-0.8498320789803181
1.448000000000001,-0.07601240113931687,0.4628125552758556,-0.8497418019740103
1.450000000000001,-0.07508731924545722,0.462266158147087,-0.8496127094123943
1.452000000000001,-0.07416334880532617,0.4617011051475054,-0.8494449970487168
1.454000000000001,-0.07324052701347591,0.4611175135979282,-0.8492388614896846
1.456000000000001,-0.07231889082952006,0.4605155011153532,-0.8489945001823804
1.458000000000001,-0.07139847697754806,0.45989518560613285,-0.8487121114011864
1.460000000000001,-0.07047932194555331,0.45925668525916036,-0.8483918942347176
1.462000000000001,-0.06956146198487491,0.45860011853906846,-0.8480340485727674
1.464000000000001,-0.0686449331096529,0.4579256041794408,-0.847638775093262
1.466000000000001,-0.06772977109629719,0.4572332611760364,-0.8472062752492286
1.468000000000001,-0.06681601148296991,0.45652320878002794,-0.8467367512557756
1.470000000000001,-0.06590368956908141,0.45579556649125336,-0.846230406077086
1.472000000000001,-0.0649928404147996,0.45505045405148187,-0.8456874434134253
1.474000000000001,-0.06408349884057278,0.45428799143769455,-0.8451080676881642
1.476000000000001,-0.06317569942666601,0.45350829885537963,-0.8444924840348164
1.478000000000001,-0.06226947651271069,0.4527114967318431,-0.8438408982840933
1.480000000000001,-0.06136486419726765,0.45189770570953464,-0.8431535169509755
1.482000000000001,-0.060461896337403495,0.4510670466393897,-0.8424305472218017
1.484000000000001,-0.059560606548280284,0.4502196405741876,-0.8416721969413758
1.486000000000001,-0.05866102820275845,0.4493556087619263,-0.8408786746000949
1.488000000000001,-0.057763194431013,0.44847507263921393,-0.8400501893210942
1.490000000000001,-0.05686713812016284,0.4475781538246775,-0.8391869508474149
1.492000000000001,-0.055972891913913345,0.44666497411238953,-0.8382891695291922
1.494000000000001,-0.055080488212211995,0.44573565546531213,-0.8373570563108658
1.496000000000001,-0.05418995917091716,0.4447903200087595,-0.8363908227184123
1.498000000000001,-0.05330133670147988,0.4438290900238791,-0.8353906808466018
1.500000000000001,-0.05241465247063872,0.4428520879411514,-0.8343568433462784
1.5020000000000011,-0.051529937900127575,0.44185943633390906,-0.8332895234116641
1.5040000000000011,-0.05064722416639642,0.4408512579118758,-0.8321889347676905
1.5060000000000011,-0.049766542200344994,0.4398276755147245,-0.8310552916573551
1.5080000000000011,-0.04888792268706927,0.43878881210565623,-0.829888808829104
1.5100000000000011,-0.04801139606562084,0.43773479076499927,-0.8286897015242431
1.5120000000000011,-0.04713699252877904,0.43666573468382913,-0.8274581854643777
1.5140000000000011,-0.04626474202283577,0.4355817671576096,-0.8261944768388793
1.5160000000000011,-0.04539467424739312,0.4344830115798554,-0.8248987922923834
1.5180000000000011,-0.04452681865517352,0.43336959143581644,-0.8235713489123178
1.5200000000000011,-0.043661204451842586,0.432241630296184,-0.8222123642164594
1.5220000000000011,-0.04279786059584452,0.4310992518108197,-0.8208220561405254
1.5240000000000011,-0.041936815798249996,0.4299425797025066,-0.8194006430257949
1.5260000000000011,-0.041078098522616555,0.42877173776072364,-0.8179483436067632
1.5280000000000011,-0.04022173698486141,0.4275868498354432,-0.8164653769988307
1.5300000000000011,-0.039367759153146636,0.42638803983095225,-0.814951962686025
1.5320000000000011,-0.0385161927477767,0.4251754316996973,-0.8134083205087579
1.5340000000000011,-0.03766706524110825,0.4239491494361535,-0.8118346706516179
1.5360000000000011,-0.036820403857472206,0.42270931707071835,-0.8102312336311988
1.5380000000000011,-0.035976235573107945,0.42145605866362956,-0.8085982302839645
1.5400000000000011,-0.03513458711610973,0.42018949829890867,-0.8069358817541512
1.5420000000000011,-0.03429548496638512,0.41890976007832936,-0.8052444094817076
1.5440000000000011,-0.03345895535562551,0.41761696811541155,-0.8035240351902736
1.5460000000000012,-0.032625024267288597,0.4163112465294413,-0.8017749808751976
1.5480000000000012,-0.03179371743659282,0.4149927194395167,-0.799997468791594
1.5500000000000012,-0.030965060350523634,0.41366151095862025,-0.7981917214424405
1.5520000000000012,-0.03013907824785168,0.41231774518771763,-0.7963579615667169
1.5540000000000012,-0.029315796119162657,0.4109615462098838,-0.7944964121275836
1.5560000000000012,-0.028495238706898976,0.40959303808445563,-0.7926072963006049
1.5580000000000012,-0.027677430505413034,0.40821234484121244,-0.7906908374620123
1.5600000000000012,-0.026862395761032137,0.4068195904745839,-0.7887472591770118
1.5620000000000012,-0.02605015847213496,0.4054148989378858,-0.7867767851881357
1.5640000000000012,-0.02524074238923951,0.4039983941375843,-0.7847796394036366
1.5660000000000012,-0.02443417101510252,0.4025701999275882,-0.7827560458859292
1.5680000000000012,-0.023630467604830268,0.4011304401035697,-0.7807062288400739
1.5700000000000012,-0.02282965516600068,0.3996792383973146,-0.7786304126023091
1.5720000000000012,-0.02203175645879673,0.39821671847110107,-0.7765288216286286
1.5740000000000012,-0.02123679399615105,0.3967430039121077,-0.7744016804834054
1.5760000000000012,-0.020444790043901696,0.3952582182268516,-0.7722492138280643
1.5780000000000012,-0.019655766620958984,0.3937624848356556,-0.7700716464098015
1.5800000000000012,-0.018869745499483406,0.39225592706714607,-0.7678692030503522
1.5820000000000012,-0.01808674820507448,0.3907386681527802,-0.7656421086348087
1.5840000000000012,-0.017306796016970535,0.3892108312214043,-0.7633905881004859
1.5860000000000012,-0.016529909968259347,0.38767253929384254,-0.7611148664258381
1.5880000000000012,-0.015756110846099562,0.38612391527751616,-0.7588151686194258
1.5900000000000012,-0.014985419191952851,0.38456508196109407,-0.7564917197089328
1.5920000000000012,-0.014217855301826737,0.38299616200917463,-0.7541447447302353
1.5940000000000012,-0.013453439226528021,0.3814172779569986,-0.7517744687165225
1.5960000000000012,-0.012692190771926756,0.37982855220519374,-0.7493811166874692
1.5980000000000012,-0.011934129499230693,0.3782301070145513,-0.7469649136384607
1.6000000000000012,-0.01117927472527015,0.37662206450083435,-0.7445260845298719
1.6020000000000012,-0.010427645522793232,0.3750045466296183,-0.7420648542763986
1.6040000000000012,-0.009679260720771325,0.37337767521116366,-0.7395814477364434
1.6060000000000012,-0.008934138904714832,0.3717415718953212,-0.737076089701556
1.6080000000000012,-0.008192298416999049,0.37009635816647,-0.7345490048859276
1.6100000000000012,-0.007453757357200141,0.36844215533848806,-0.732000417915941
1.6120000000000012,-0.006718533582441143,0.36677908454975583,-0.729430553319776
1.6140000000000012,-0.005986644707747917,0.36510726675819316,-0.7268396355170705
1.6160000000000012,-0.005258108106415006,0.36342682273632926,-0.7242278888086384
1.6180000000000012,-0.004532940910381315,0.361737873066406,-0.7215955373662435
1.6200000000000012,-0.003811160010615544,0.36004053813551506,-0.7189428052224306
1.6220000000000012,-0.0030927820575113274,0.35833493813076855,-0.7162699162604146
1.6240000000000012,-0.002377823461291984,0.35662119303450357,-0.7135770942040258
1.6260000000000012,-0.001666300392424833,0.3548994226195206,-0.7108645626077151
1.6280000000000012,-0.0009582287820449948,0.3531697464443562,-0.7081325448466164
1.6300000000000012,-0.00025362432238861443,0.35143228384858977,-0.7053812641066675
1.6320000000000012,0.00044749753276456384,0.34968715394818467,-0.7026109433747909
1.6340000000000012,0.0011451215676393381,0.3479344756308639,-0.6998218054291339
1.6360000000000012,0.001839232804003977,0.3461743675515202,-0.6970140728293671
1.6380000000000012,0.0025298165007000017,0.34440694812766104,-0.6941879679070444
1.6400000000000012,0.0032168581531628933,0.34263233553488814,-0.6913437127560221
1.6420000000000012,0.003900343492933794,0.34085064770241225,-0.6884815292229391
1.6440000000000012,0.0045802584871622734,0.3390620023086025,-0.6856016388977583
1.6460000000000012,0.0052565893381002265,0.33726651677657116,-0.6827042631043673
1.6480000000000012,0.00592932248258698,0.3354643082697935,-0.6797896228912426
1.6500000000000012,0.006598444591525668,0.33365549368776287,-0.676857939022174
1.6520000000000012,0.007263942569350961,0.3318401896616812,-0.6739094319670514
1.6540000000000012,0.007925803553488204,0.33001851255018494,-0.6709443218927134
1.6560000000000012,0.008584014913804042,0.32819057843510635,-0.667962828653858
1.6580000000000013,0.009238564252048614,0.32635650311727077,-0.6649651717840167
1.6600000000000013,0.009889439401289363,0.3245164021123291,-0.6619515704865901
1.6620000000000013,0.010536628425336555,0.32267039064662645,-0.6589222436259476
1.6640000000000013,0.011180119618160572,0.32081858365310606,-0.6558774097185894
1.6660000000000013,0.011819901503301042,0.31896109576724957,-0.6528172869243727
1.6680000000000013,0.012455962833267893,0.317098041323053,-0.6497420930378002
1.6700000000000013,0.013088292588934387,0.3152295343490388,-0.6466520454793739
1.6720000000000013,0.01371687997892222,0.3133556885643034,-0.643547361287012
1.6740000000000013,0.014341714438978758,0.3114766173746017,-0.640428257107529
1.6760000000000013,0.014962785631346459,0.30959243386846697,-0.6372949491881822
1.6780000000000013,0.015580083444124595,0.3077032508133671,-0.6341476533682804
1.6800000000000013,0.016193597990623303,0.3058091806518971,-0.6309865850708588
1.6820000000000013,0.01680331960871007,0.30391033549800783,-0.6278119592944175
1.6840000000000013,0.017409238860148706,0.30200682713327065,-0.6246239906047257
1.6860000000000013,0.01801134652993088,0.30009876700317883,-0.62142289312669
1.6880000000000013,0.018609633625600308,0.29818626621348493,-0.6182088805362885
1.6900000000000013,0.01920409137656963,0.2962694355265744,-0.6149821660525702
1.6920000000000013,0.01979471123343009,0.2943483853578759,-0.6117429624297185
1.6940000000000013,0.02038148486725407,0.29242322577230745,-0.6084914819491819
1.6960000000000013,0.020964404168890536,0.2904940664807594,-0.605227936411869
1.6980000000000013,0.02154346124825351,0.28856101683661356,-0.6019525371304094
1.7000000000000013,0.02211864843360361,0.2866241858322985,-0.5986654949214806
1.7020000000000013,0.022689958270822708,0.28468368209588135,-0.5953670200982005
1.7040000000000013,0.023257383522681863,0.2827396138876963,-0.5920573224625854
1.7060000000000013,0.023820917168102498,0.28079208909700876,-0.5887366112980745
1.7080000000000013,0.024380552401410967,0.27884121523871647,-0.58540509536212
1.7100000000000013,0.024936282631586544,0.27688709945008655,-0.582062982878844
1.7120000000000013,0.02548810148150295,0.2749298484875291,-0.5787104815317596
1.7140000000000013,0.02603600278716343,0.27296956872340694,-0.5753477984565611
1.7160000000000013,0.02657998059692951,0.2710063661428817,-0.5719751402339773
1.7180000000000013,0.02712002917074346,0.26904034634079627,-0.5685927128826929
1.7200000000000013,0.027656142979344604,0.2670716145185932,-0.5652007218523359
1.7220000000000013,0.02818831670347943,0.26510027548126947,-0.561799372016531
1.7240000000000013,0.028716545233105715,0.26312643363436744,-0.5583888676660184
1.7260000000000013,0.029240823666590633,0.261150192981002,-0.5549694125018406
1.7280000000000013,0.02976114730990295,0.25917165711892354,-0.5515412096285947
1.7300000000000013,0.030277511675799403,0.25719092923761716,-0.54810446154775
1.7320000000000013,0.0307899124830053,0.255208112115438,-0.5446593701510337
1.7340000000000013,0.03129834565538942,0.25322330811678223,-0.5412061367138813
1.7360000000000013,0.03180280732113331,0.2512366191892943,-0.5377449618889539
1.7380000000000013,0.032303293811895006,0.2492481468611098,-0.5342760456997219
1.7400000000000013,0.03279980166196731,0.2472579922381342,-0.5307995875341146
1.7420000000000013,0.03329232760743062,0.2452662560013574,-0.5273157861382357
1.7440000000000013,0.03378086858530047,0.243273038404204,-0.5238248396101455
1.7460000000000013,0.03426542173266976,0.24127843926991907,-0.5203269453937085
1.7480000000000013,0.03474598438584582,0.23928255798898962,-0.5168223002725079
1.7500000000000013,0.035222554079482354,0.23728549351660155,-0.5133111003638251
1.7520000000000013,0.03569512854570632,0.23528734437013205,-0.5097935411126855
1.7540000000000013,0.036163705713239847,0.23328820862667737,-0.5062698172859704
1.7560000000000013,0.03662828370651722,0.23128818392061593,-0.5027401229665946
1.7580000000000013,0.03708886084479704,0.2292873674412065,-0.49920465154774907
1.7600000000000013,0.03754543564126964,0.22728585593022183,-0.4956635957272101
1.7620000000000013,0.037998006802159735,0.225283745679617,-0.4921171475017133
1.7640000000000013,0.038446573225824524,0.2232811325292331,-0.4885654981613938
1.7660000000000013,0.038891134001847176,0.22127811186453555,-0.4850088382842907
1.7680000000000013,0.039331688410125853,0.21927477861438746,-0.4814473577309183
1.7700000000000014,0.03976823591995832,0.21727122724885753,-0.4778812456389008
1.7720000000000014,0.04020077618912217,0.2152675517770628,-0.4743106904176734
1.7740000000000014,0.04062930906295083,0.21326384574504584,-0.47073587974324776
1.7760000000000014,0.041053834573405286,0.2112602022336864,-0.4671570005530425
1.7780000000000014,0.04147435293814172,0.20925671385664754,-0.4635742390407781
1.7800000000000014,0.04189086455957506,0.20725347275835587,-0.4599877806514368
1.7820000000000014,0.04230337002393848,0.20525057061201618,-0.4563978100762868
1.7840000000000014,0.042711870100339056,0.20324809861765997,-0.45280451124797083
1.7860000000000014,0.04311636573980944,0.201246147500228,-0.449208067335659
1.7880000000000014,0.043516858074355846,0.1992448075076869,-0.44560866074026545
1.7900000000000014,0.04391334841600222,0.19724416840917913,-0.4420064730897296
1.7920000000000014,0.04430583825583076,0.19524431949320714,-0.43840168523436046
1.7940000000000014,0.04469432926301888,0.19324534956585068,-0.43479447724224507
1.7960000000000014,0.04507882328387259,0.19124734694901765,-0.4311850283947202
1.7980000000000014,0.04545932234085644,0.18925039947872846,-0.4275735171819079
1.8000000000000014,0.04583582863162006,0.18725459450343335,-0.42396012129831334
1.8020000000000014,0.04620834452802136,0.18526001888236301,-0.42034501763848675
1.8040000000000014,0.046576872575146484,0.18326675898391212,-0.4167283822927474
1.8060000000000014,0.04694141549032654,0.18127490068405575,-0.4131103905429707
1.8080000000000014,0.04730197616215119,0.17928452936479855,-0.40949121685843803
1.8100000000000014,0.04765855764947924,0.17729572991265657,-0.4058710348917483
1.8120000000000014,0.048011163180446105,0.1753085867171716,-0.4022500174747924
1.8140000000000014,0.04835979615146846,0.1733231836694578,-0.3986283366147893
1.8160000000000014,0.04870446012624593,0.1713396041607808,-0.39500616349038403
1.8180000000000014,0.04904515883476,0.16935793108116887,-0.39138366844780753
1.8200000000000014,0.04938189617227021,0.16737824681805585,-0.38776102099709775
1.8220000000000014,0.04971467619830758,0.1654006332549564,-0.3841383898083819
1.8240000000000014,0.05004350313566554,0.1634251717701727,-0.3805159427082204
1.8260000000000014,0.05036838136938819,0.16145194323553294,-0.37689384667601095
1.8280000000000014,0.05068931544575615,0.15948102801516115,-0.3732722678404541
1.8300000000000014,0.051006310071269934,0.15751250596427857,-0.36965137147607846
1.8320000000000014,0.051319370111630964,0.15554645642803624,-0.3660313219998271
1.8340000000000014,0.051628500590720314,0.15358295824037851,-0.36241228296770345
1.8360000000000014,0.051933706689575164,0.15162208972293773,-0.35879441707147736
1.8380000000000014,0.05223499374536312,0.1496639286839596,-0.3551778861354506
1.8400000000000014,0.05253236725035437,0.14770855241725944,-0.35156285111328234
1.8420000000000014,0.05282583285089183,0.1457560377012087,-0.34794947208487326
1.8440000000000014,0.05311539634635924,0.14380646079775222,-0.34433790825330923
1.8460000000000014,0.053401063688147385,0.1418598974514555,-0.3407283179418637
1.8480000000000014,0.05368284097861838,0.13991642288858225,-0.3371208585910584
1.8500000000000014,0.05396073447006821,0.13797611181620195,-0.33351568675578286
1.8520000000000014,0.05423475056368743,0.1360390384213272,-0.3299129581024721
1.8540000000000014,0.05450489580852024,0.1341052763700808,-0.3263128274063418
1.8560000000000014,0.05477117690042191,0.13217489880689237,-0.32271544854868184
1.8580000000000014,0.05503360068101458,0.13024797835372454,-0.3191209745142066
1.8600000000000014,0.05529217413664161,0.1283245871093282,-0.31552955738846367
1.8620000000000014,0.055546904397320414,0.1264047966485271,-0.311941348355298
1.8640000000000014,0.05579779873569394,0.12448867802153135,-0.3083564976943746
1.8660000000000014,0.056044864565980755,0.12257630175327967,-0.30477515477875666
1.8680000000000014,0.05628810944292389,0.12066773784281054,-0.3011974680725401
1.8700000000000014,0.056527541060738415,0.11876305576266173,-0.297623585128545
1.8720000000000014,0.05676316725205789,0.11686232445829833,-0.29405365258606186
1.8740000000000014,0.056994995986879654,0.11496561234756901,-0.29048781616865454
1.8760000000000014,0.05722303537150906,0.11307298732019035,-0.2869262206820177
1.8780000000000014,0.05744729364750275,0.1111845167372592,-0.28336901001188974
1.8800000000000014,0.057667779190610925,0.10930026743079278,-0.27981632712202115
1.8820000000000014,0.05788450050971877,0.10742030570329651,-0.2762683140521965
1.8840000000000015,0.058097466245787016,0.10554469732735923,-0.27272511191631177
1.8860000000000015,0.058306685170791704,0.10367350754527592,-0.2691868609005055
1.8880000000000015,0.05851216618666328,0.10180680106869751,-0.26565370026134355
1.8900000000000015,0.05871391832422495,0.09994464207830783,-0.2621257683240583
1.8920000000000015,0.058911950742130466,0.0980870942235274,-0.2586032024808406
1.8940000000000015,0.05910627272580131,0.09623422062224399,-0.25508613918918527
1.8960000000000015,0.05929689368636339,0.09438608386056978,-0.2515747139702893
1.8980000000000015,0.05948382315958329,0.09254274599262499,-0.24806906140750296
1.9000000000000015,0.05966707080480403,0.09070426854034776,-0.24456931514483327
1.9020000000000015,0.05984664640388061,0.08887071249333019,-0.24107560788549953
1.9040000000000015,0.060022559860115135,0.08704213830868038,-0.237588071390541
1.9060000000000015,0.06019482119719172,0.08521860591091025,-0.23410683647747588
1.9080000000000015,0.06036344055811123,0.08340017469184914,-0.23063203301901222
1.9100000000000015,0.06052842820412586,0.08158690351058281,-0.22716378994180952
1.9120000000000015,0.060689794513673574,0.07977885069341795,-0.22370223522529148
1.9140000000000015,0.06084754998131257,0.07797607403387173,-0.22024749590050946
1.9160000000000015,0.061001705216655676,0.07617863079268664,-0.21679969804905602
1.9180000000000015,0.061152270943304866,0.07438657769787001,-0.21335896680202895
1.9200000000000015,0.061299257997785836,0.07259997094475847,-0.20992542633904487
1.9220000000000015,0.06144267732848275,0.07081886619610692,-0.20649919988730275
1.9240000000000015,0.061582539994573186,0.06904331858220195,-0.20308040972069658
1.9260000000000015,0.06171885716496334,0.06727338270099956,-0.19966917715897708
1.9280000000000015,0.0618516401172235,0.06550911261828705,-0.19626562256696245
1.9300000000000015,0.06198090023652394,0.06375056186786889,-0.1928698653537976
1.9320000000000015,0.062106649014571094,0.06199778345177633,-0.18948202397226172
1.9340000000000015,0.06222889804854429,0.06025082984050086,-0.18610221591812376
1.9360000000000015,0.062347659040032914,0.058509752973251006,-0.18273055772954602
1.9380000000000015,0.0624629437939741,0.056774604258232615,-0.17936716498653493
1.9400000000000015,0.06257476421759105,0.055045434572952336,-0.17601215231043932
1.9420000000000015,0.06268313231933192,0.053322294264544115,-0.17266563336349572
1.9440000000000015,0.0627880602078095,0.05160523315011864,-0.16932772084842015
1.9460000000000015,0.06288956009074144,0.04989430051713553,-0.16599852650804678
1.9480000000000015,0.06298764427389139,0.048189545123798104,-0.1626781611250125
1.9500000000000015,0.0630823251600109,0.046491015199470624,-0.15936673452148759
1.9520000000000015,0.06317361524778217,0.04479875844511781,-0.15606435555895215
1.9540000000000015,0.06326152713076172,0.0431128220337665,-0.1527711321380178
1.9560000000000015,0.06334607349632496,0.041433252610989284,-0.14948717119829472
1.9580000000000015,0.06342726712461182,0.03976009629541001,-0.1462125787183035
1.9600000000000015,0.06350512088747337,0.03809339867923093,-0.14294745971543182
1.9620000000000015,0.06357964774741952,0.03643320482878136,-0.13969191824593524
1.9640000000000015,0.06365086075656781,0.03477955928508779,-0.13644605740498222
1.9660000000000015,0.06371877305559345,0.03313250606446513,-0.1332099793267434
1.9680000000000015,0.06378339787268046,0.03149208865912908,-0.1299837851845237
1.9700000000000015,0.0638447485224741,0.02985835003782941,-0.12676757519093862
1.9720000000000015,0.06390283840503463,0.02823133264650399,-0.12356144859813292
1.9740000000000015,0.06395768100479232,0.026611078408953465,-0.12036550369804261
1.9760000000000015,0.06400928988950388,0.02499762872753636,-0.11717983782269925
1.9780000000000015,0.0640576787092103,0.02339102448388453,-0.1140045473445766
1.9800000000000015,0.06410286119519606,0.02179130603963876,-0.11083972767697936
1.9820000000000015,0.06414485115895004,0.020198513237204382,-0.10768547327447359
1.9840000000000015,0.06418366249112765,0.01861268540052675,-0.1045418776333588
1.9860000000000015,0.06421930916051487,0.017033861335886438,-0.10140903329218115
1.9880000000000015,0.06425180521299358,0.01546207933271398,-0.09828703183228774
1.9900000000000015,0.06428116477050878,0.013897377164424062,-0.09517596387842153
1.9920000000000015,0.06430740203003743,0.012339792089268942,-0.0920759190993569
1.9940000000000015,0.06433053126255889,0.01078936085121101,-0.08898698620857531
1.9960000000000016,0.06435056681202733,0.009246119680814305,-0.0859092529649809
1.9980000000000016,0.06436752309434579,0.0077101042961548565,-0.08284280617365594
2.0000000000000013,0.06438141459634214,0.0061813499037496975,-0.07978773168665551
2.002000000000001,0.06439225587474691,0.004659891199504402,-0.07674411440384153
2.004000000000001,0.06440006155517301,0.0031457623696790004,-0.07371203827375572
2.0060000000000007,0.06440484633109747,0.001638997091872124,-0.07069158629453101
2.0080000000000005,0.06440662496284505,0.0001396285360232331,-0.06768284051484172
2.0100000000000002,0.064405412276574,-0.0013523106345672141,-0.06468588203489152
2.012,0.06440122316326374,-0.002836788262199805,-0.06170079100743957
2.014,0.06439407257770481,-0.00431377269372057,-0.05872764663886414
2.0159999999999996,0.06438397553749076,-0.005783232779447877,-0.05576652719026367
2.0179999999999993,0.06437094712201234,-0.0072451378720819705,-0.052817509978595
2.019999999999999,0.06435500247145384,-0.008699457825597305,-0.0498806713778484
2.021999999999999,0.06433615678579163,-0.010146162994117806,-0.04695608682025923
2.0239999999999987,0.06431442532379504,-0.011585224230775215,-0.04404383079755602
2.0259999999999985,0.06428982340202948,-0.013016612886550646,-0.04114397686224461
2.0279999999999982,0.06426236639386189,-0.014440300809099521,-0.038256597628928184
2.029999999999998,0.06423206972846864,-0.015856260341560003,-0.03538176477566285
2.031999999999998,0.06419894888984569,-0.017264464321345076,-0.03251954904534863
2.0339999999999976,0.06416301941582134,-0.018664886078918433,-0.029670020247155537
2.0359999999999974,0.06412429689707132,-0.02005749943655429,-0.02683324725798447
2.037999999999997,0.06408279697613642,-0.021442278707081267,-0.02400929802396274
2.039999999999997,0.06403853534644267,-0.022819198692610513,-0.021198239561973885
2.0419999999999967,0.06399152775132405,-0.024188234683248155,-0.018400137961221648
2.0439999999999965,0.0639417899830478,-0.025549362455792278,-0.01561505838482774
2.0459999999999963,0.06388933788184234,-0.02690255827241453,-0.012843065071463239
2.047999999999996,0.06383418733492788,-0.0282477988793265,-0.010084221337013283
2.049999999999996,0.06377635427554966,-0.029585061505431044,-0.007338589576274875
2.0519999999999956,0.06371585468201395,-0.030914323860958628,-0.004606231264687573
2.0539999999999954,0.06365270457672674,-0.0322355641360889,-0.001887206960096692
2.055999999999995,0.06358692002523526,-0.033548760999557586,0.0008184236954510565
2.057999999999995,0.06351851713527228,-0.034853893597248865,0.0035106019738799094
2.0599999999999947,0.06344751205580317,-0.03615094155077335,0.006189270059225455
2.0619999999999945,0.06337392097607594,-0.03743988495603183,0.008854371045743534
2.0639999999999943,0.06329776012467413,-0.03872070438176487,0.011505848935987717
2.065999999999994,0.0632190457685725,-0.03999338086808848,0.014143648638855616
2.067999999999994,0.06313779421219584,-0.0412578959250159,0.016767715967604457
2.0699999999999936,0.06305402179648062,-0.04251423153096571,0.01937799763783596
2.0719999999999934,0.0629677448979397,-0.043762370131256355,0.021974441265450798
2.073999999999993,0.06287897992773002,-0.04500229463658725,0.02455699536457301
2.075999999999993,0.0627877433307234,-0.046233988421506576,0.027125609345444487
2.0779999999999927,0.06269405158458037,-0.047457435322865914,0.029680233512289753
2.0799999999999925,0.06259792119882711,-0.04867261963826186,0.03222081906115146
2.0819999999999923,0.062499368713935556,-0.049879526124464744,0.03474731807769661
2.083999999999992,0.062398410700406595,-0.05107813999583457,0.03725968353499393
2.085999999999992,0.06229506375785652,-0.05226844692272435,0.03975786929126254
2.0879999999999916,0.062189344514106605,-0.05345043302987093,0.042241830087592185
2.0899999999999914,0.06208126962427601,-0.05462408489477347,0.044711521545635256
2.091999999999991,0.06197085576987782,-0.05578938954605965,0.04716690016527093
2.093999999999991,0.06185811965791851,-0.05694633446183987,0.04960792332224148
2.0959999999999908,0.06174307802000056,-0.05809490756804938,0.05203454926576124
2.0979999999999905,0.061625747611428514,-0.05923509723677861,0.0544467371160982
2.0999999999999903,0.06150614521031835,-0.060366892284591855,0.05684444686212871
2.10199999999999,0.0613842876167102,-0.0614902819708343,0.05922763935886536
2.10399999999999,0.061260191651684504,-0.06260525599592766,0.061596276324958406
2.1059999999999897,0.06113387415648156,-0.06371180449965448,0.06395032034017081
2.1079999999999894,0.061005351991624546,-0.06480991805943126,0.06628973484282741
2.109999999999989,0.060874642036045964,-0.06589958768857052,0.06861448412723797
2.111999999999989,0.0607417611862176,-0.06698080483453195,0.07092453334109507
2.1139999999999888,0.060606726355284,-0.06805356137716279,0.0732198484828463
2.1159999999999886,0.060469554472199455,-0.06911784962692745,0.07550039639904157
2.1179999999999883,0.06033026248086853,-0.07017366232312673,0.07776614478165544
2.119999999999988,0.06018886733929019,-0.07122099263210649,0.08001706216538493
2.121999999999988,0.06004538601870553,-0.0722598341454561,0.08225311792492279
2.1239999999999877,0.059899835502749056,-0.07329018087819676,0.08447428227220667
2.1259999999999875,0.05975223278660367,-0.07431202726695973,0.08668052625364447
2.1279999999999872,0.059602594876159286,-0.07532536816815472,0.0888718217473158
2.129999999999987,0.05945093878717506,-0.07633019885612839,0.09104814146015014
2.131999999999987,0.05929728154444544,-0.07732651502131337,0.09320945892508173
2.1339999999999866,0.05914164018096978,-0.07831431276836756,0.09535574849818129
2.1359999999999864,0.05898403173712581,-0.07929358861430422,0.09748698535576533
2.137999999999986,0.05882447325984677,-0.08026433948661257,0.09960314549148262
2.139999999999986,0.058662981801802364,-0.08122656272136948,0.10170420571337838
2.1419999999999857,0.058499574420583456,-0.08218025606134191,0.1037901436409366
2.1439999999999855,0.05833426817789062,-0.08312541765408057,0.10586093770210037
2.1459999999999853,0.058167080138726464,-0.0840620460500048,0.10791656713027054
2.147999999999985,0.05799802737059183,-0.0849901402004787,0.10995701196128313
2.149999999999985,0.057827126942685825,-0.08590969945587885,0.11198225303036556
2.1519999999999846,0.05765439592510973,-0.08682072356365357,0.11399227196907188
2.1539999999999844,0.057479851388074814,-0.08772321266637377,0.1159870512021974
2.155999999999984,0.05730351040111403,-0.08861716729977587,0.11796657394467272
2.157999999999984,0.05712539003229767,-0.08950258839079646,0.1199308241984377
2.1599999999999837,0.056945507347452906,-0.09037947725559917,0.12187978674929525
2.1619999999999835,0.05676387940938733,-0.09124783559759365,0.12381344716374543
2.1639999999999833,0.056580523277116455,-0.09210766550544697,0.12573179178579996
2.165999999999983,0.05639545600509517,-0.09295896945108732,0.12763480773377747
2.167999999999983,0.05620869464245325,-0.09380175028770041,0.12952248289707946
2.1699999999999826,0.05602025623223481,-0.09463601124771844,0.13139480593294756
2.1719999999999824,0.055830157810641885,-0.09546175594080195,0.13325176626320206
2.173999999999982,0.055638416406281935,-0.09627898835181453,0.135093354070962
2.175999999999982,0.0554450490394195,-0.09708771283879063,0.13691956029734714
2.1779999999999817,0.0552500727212319,-0.09788793413089643,0.13873037663816176
2.1799999999999815,0.05505350445306899,-0.09867965732638409,0.14052579554056097
2.1819999999999813,0.05485536122571707,-0.09946288789053934,0.14230581019969918
2.183999999999981,0.05465566001866684,-0.10023763165362254,0.1440704145553616
2.185999999999981,0.05445441779938555,-0.10100389480880351,0.14581960328857824
2.1879999999999806,0.05425165152259322,-0.10176168391008994,0.14755337181822148
2.1899999999999804,0.05404737812954304,-0.10251100587024975,0.14927171629758668
2.19199999999998,0.05384161454730597,-0.10325186795872746,0.15097463361095645
2.19399999999998,0.05363437768805941,-0.10398427779955453,0.15266212137014895
2.1959999999999797,0.05342568444838019,-0.1047082433692541,0.15433417791104964
2.1979999999999795,0.05321555170854162,-0.1054237729947399,0.15599080229012802
2.1999999999999793,0.053003996331814865,-0.10613087535120966,0.1576319942809382
2.201999999999979,0.052791035163774445,-0.10682955946003309,0.15925775437060447
2.203999999999979,0.05257668503160804,-0.10751983468663455,0.16086808375629172
2.2059999999999786,0.05236096274343049,-0.10820171073837045,0.16246298434166107
2.2079999999999784,0.05214388508760203,-0.10887519766240164,0.16404245873331041
2.209999999999978,0.051925468832050854,-0.10954030584356071,0.16560651023720124
2.211999999999978,0.05170573072359988,-0.11019704600221453,0.16715514285507058
2.2139999999999778,0.05148468748729783,-0.11084542919212197,0.16868836128082917
2.2159999999999775,0.05126235582575459,-0.11148546679828701,0.17020617089694612
2.2179999999999773,0.05103875241848087,-0.11211717053480731,0.17170857777081944
2.219999999999977,0.05081389392123215,-0.11274055244271834,0.17319558865113377
2.221999999999977,0.050587796965357014,-0.11335562488783327,0.17466721096420454
2.2239999999999767,0.05036047815714969,-0.11396240055857862,0.17612345281030953
2.2259999999999764,0.05013195407720704,-0.11456089246382584,0.17756432296000754
2.227999999999976,0.04990224127978982,-0.11515111393071893,0.17898983085044462
2.229999999999976,0.049671356292188315,-0.11573307860249823,0.18039998658164805
2.231999999999976,0.049439315614092316,-0.1163068004363204,0.18179480091280814
2.2339999999999756,0.04920613571696547,-0.1168722937010748,0.18317428525854848
2.2359999999999753,0.04897183304342402,-0.11742957297519639,0.18453845168518412
2.237999999999975,0.048736424006619865,-0.11797865314447517,0.18588731290696875
2.239999999999975,0.04849992498962808,-0.1185195493998623,0.18722088228233047
2.2419999999999747,0.04826235234483876,-0.11905227723527306,0.18853917381009652
2.2439999999999745,0.048023722393353306,-0.11957685244538671,0.18984220212570735
2.2459999999999742,0.04778405142438509,-0.12009329112344339,0.1911299824974201
2.247999999999974,0.047543355694664544,-0.12060160965903811,0.1924025308225017
2.249999999999974,0.04730165142784865,-0.12110182473591208,0.1936598636234117
2.2519999999999736,0.047058954813934864,-0.12159395332974121,0.1949019980439755
2.2539999999999734,0.046815282008679446,-0.12207801270592226,0.19612895184554757
2.255999999999973,0.04657064913302025,-0.12255402041735644,0.1973407434031651
2.257999999999973,0.04632507227250393,-0.12302199430223068,0.19853739170169263
2.2599999999999727,0.04607856747671756,-0.12348195248179675,0.19971891633195743
2.2619999999999725,0.045831150758724765,-0.12393391335814817,0.20088533748687593
2.2639999999999723,0.04558283809450623,-0.1243778956119952,0.20203667595757158
2.265999999999972,0.04533364542240471,-0.12481391820043786,0.2031729531294842
2.267999999999972,0.04508358864257446,-0.12524200035473712,0.204294190978471
2.2699999999999716,0.04483268361643517,-0.12566216157808455,0.2054004120668998
2.2719999999999714,0.04458094616613031,-0.12607442164337018,0.20649163953973393
2.273999999999971,0.044328392073989954,-0.126478800590949,0.20756789712061005
2.275999999999971,0.04407503708199813,-0.12687531872640603,0.20862920910790803
2.2779999999999707,0.04382089689126454,-0.12726399661832022,0.20967560037081395
2.2799999999999705,0.04356598716150084,-0.1276448550960269,0.2107070963453759
2.2819999999999703,0.04331032351050137,-0.12801791524737954,0.21172372303055298
2.28399999999997,0.043053921513628315,-0.1283831984165102,0.2127255069842577
2.28599999999997,0.04279679670330143,-0.1287407262015893,0.21371247531939208
2.2879999999999696,0.04253896456849218,-0.12909052045258465,0.21468465569987716
2.2899999999999694,0.0422804405542224,-0.12943260326901962,0.21564207633667712
2.291999999999969,0.042021240061067396,-0.12976699699773095,0.21658476598381685
2.293999999999969,0.0417613784446636,-0.13009372423062604,0.2175127539343945
2.2959999999999687,0.04150087101522063,-0.13041280780243986,0.21842607001658848
2.2979999999999685,0.04123973303703791,-0.1307242707884915,0.2193247445896591
2.2999999999999683,0.04097797972802571,-0.13102813650244083,0.2202088085399451
2.301999999999968,0.04071562625923073,-0.13132442849404485,0.22107829327685596
2.303999999999968,0.04045268775436617,-0.13161317054691413,0.22193323072885898
2.3059999999999676,0.04018917928934619,-0.13189438667626946,0.22277365333946209
2.3079999999999674,0.039925115891825014,-0.13216810112669872,0.22359959406319274
2.309999999999967,0.03966051254074039,-0.13243433836991403,0.22441108636157242
2.311999999999967,0.039395384165861594,-0.13269312310250936,0.22520816419908768
2.3139999999999668,0.039129745647341896,-0.1329444802437187,0.22599086203915714
2.3159999999999665,0.03886361181527554,-0.13318843493317475,0.22675921484009548
2.3179999999999663,0.03859699744925918,-0.13342501252866854,0.22751325805107397
2.319999999999966,0.03832991727795778,-0.1336542386039096,0.2282530276080779
2.321999999999966,0.03806238597867505,-0.13387613894628728,0.2289785599298614
2.3239999999999656,0.03779441817692829,-0.13409073955463294,0.2296898919138995
2.3259999999999654,0.03752602844602776,-0.1342980666369833,0.23038706093233757
2.327999999999965,0.03725723130666049,-0.13449814660834497,0.23107010482793883
2.329999999999965,0.0369880412264786,-0.13469100608846032,0.23173906191002946
2.3319999999999648,0.03671847261969202,-0.13487667189957464,0.23239397095044206
2.3339999999999645,0.036448539846665746,-0.13505517106420484,0.23303487117945726
2.3359999999999643,0.03617825721352151,-0.13522653080290978,0.23366180228174394
2.337999999999964,0.03590763897174393,-0.13539077853206216,0.23427480439229803
2.339999999999964,0.03563669931779109,-0.13554794186162225,0.2348739180923804
2.3419999999999637,0.03536545239270963,-0.13569804859291343,0.2354591844054534
2.3439999999999634,0.03509391228175418,-0.13584112671639967,0.23603064479311722
2.3459999999999632,0.03482209301401136,-0.13597720440946506,0.23658834115104516
2.347999999999963,0.034550008562028105,-0.1361063100341955,0.23713231580491878
2.349999999999963,0.03427767284144451,-0.13622847213516243,0.23766261150636286
2.3519999999999626,0.034005099710631065,-0.1363437194372092,0.23817927142888035
2.3539999999999623,0.033732302970330294,-0.1364520808432394,0.2386823391637873
2.355999999999962,0.033459296363302894,-0.1365535854320081,0.2391718587161485
2.357999999999962,0.033186093573978184,-0.13664826245591535,0.23964787450071331
2.3599999999999617,0.03291270822810906,-0.13673614133880244,0.24011043133785254
2.3619999999999615,0.03263915389243128,-0.13681725167375092,0.24055957444949583
2.3639999999999612,0.0323654440743272,-0.1368916232208845,0.24099534945507056
2.365999999999961,0.032091592221493874,-0.13695928590517373,0.24141780236744179
2.367999999999961,0.03181761172161557,-0.1370202698142438,0.24182697958885357
2.3699999999999606,0.03154351590204061,-0.13707460519618545,0.24222292790687205
2.3719999999999604,0.031269318029462666,-0.13712232245736883,0.2426056944903303
2.37399999999996,0.030995031309606357,-0.13716345216026102,0.24297532688527498
2.37599999999996,0.030720668886917248,-0.13719802502124648,0.2433318730109157
2.3779999999999597,0.03044624384425617,-0.1372260719084512,0.24367538115557572
2.3799999999999595,0.030171769202597933,-0.13724762383957032,0.24400589997264624
2.3819999999999593,0.02989725792073434,-0.13726271197969914,0.2443234784765427
2.383999999999959,0.02962272289498155,-0.1372713676391681,0.24462816603866394
2.385999999999959,0.029348176958891786,-0.13727362227138143,0.24492001238335467
2.3879999999999586,0.029073632882969314,-0.1372695074706594,0.24519906758387108
2.3899999999999584,0.02879910337439079,-0.13725905497008492,0.2454653820583495
2.391999999999958,0.02852460107672987,-0.1372422966393537,0.24571900656577905
2.393999999999958,0.028250138569686133,-0.13721926448262886,0.2459599922019775
2.3959999999999577,0.027975728368818287,-0.13718999063639947,0.24618839039557158
2.3979999999999575,0.02770138292528165,-0.13715450736734341,0.24640425290398066
2.3999999999999573,0.02742711462556991,-0.13711284707019453,0.24660763180940518
2.401999999999957,0.027152935791261136,-0.13706504226561425,0.24679857951481915
2.403999999999957,0.026878858678768047,-0.1370111255980676,0.24697714873996737
2.4059999999999566,0.026604895479092523,-0.1369511298337038,0.24714339251736717
2.4079999999999564,0.02633105831758435,-0.1368850878582415,0.24729736418831508
2.409999999999956,0.026057359253704192,-0.13681303267485864,0.24743911739889865
2.411999999999956,0.025783810280790777,-0.13673499740208728,0.24756870609601309
2.4139999999999557,0.025510423325832286,-0.136651015271713,0.24768618452338378
2.4159999999999555,0.025237210249241943,-0.13656111962667958,0.24779160721759372
2.4179999999999553,0.024964182844637788,-0.1364653439189983,0.2478850290041172
2.419999999999955,0.024691352838626626,-0.1363637217076627,0.24796650499335884
2.421999999999955,0.024418731890592144,-0.13625628665656808,0.2480360905766988
2.4239999999999546,0.024146331592487174,-0.1361430725324366,0.248093841422544
2.4259999999999544,0.02387416346863012,-0.13602411320274746,0.24813981347238603
2.427999999999954,0.0236022389755055,-0.1358994426336725,0.2481740629368648
2.429999999999954,0.02333056950156862,-0.13576909488801725,0.24819664629183952
2.4319999999999538,0.023059166367054358,-0.1356331041231674,0.24820762027446588
2.4339999999999535,0.02278804082379006,-0.13549150458904094,0.24820704187928044
2.4359999999999533,0.022517204055012504,-0.13534433062604598,0.24819496835429183
2.437999999999953,0.022246667175188965,-0.13519161666304413,0.24817145719707945
2.439999999999953,0.021976441229842332,-0.1350333972153198,0.2481365661508993
2.4419999999999527,0.021706537195380293,-0.13486970688255526,0.24809035320079725
2.4439999999999524,0.02143696597892855,-0.13470058034681168,0.24803287656973022
2.445999999999952,0.021167738418168082,-0.1345260523705161,0.2479641947146948
2.447999999999952,0.02089886528117641,-0.1343461577944545,0.24788436632286412
2.4499999999999518,0.02063035726627289,-0.1341609315357709,0.2477934503077326
2.4519999999999516,0.020362225001867983,-0.1339704085859728,0.24769150580526894
2.4539999999999513,0.02009447904631652,-0.1337746240089426,0.24757859217007763
2.455999999999951,0.01982712988777493,-0.13357361293895562,0.2474547689715687
2.457999999999951,0.019560187944062436,-0.13336741057870422,0.2473200959901363
2.4599999999999507,0.019293663562526184,-0.13315605219732857,0.24717463321334598
2.4619999999999505,0.01902756701991031,-0.13293957312845378,0.24701844083213095
2.4639999999999502,0.018761908522228934,-0.13271800876823361,0.24685157923699724
2.46599999999995,0.018496698204643034,-0.1324913945734009,0.2466741090142383
2.46799999999995,0.01823194613134125,-0.13225976605932438,0.24648609094215876
2.4699999999999496,0.017967662295424534,-0.13202315879807267,0.24628758598730752
2.4719999999999493,0.01770385661879469,-0.13178160841648465,0.2460786553007208
2.473999999999949,0.01744053895204675,-0.13153515059424686,0.2458593602141746
2.475999999999949,0.01717771907436519,-0.1312838210619779,0.24562976223644697
2.4779999999999487,0.016915406693423982,-0.1310276555993196,0.2453899230495906
2.4799999999999485,0.016653611445290453,-0.13076669003303534,0.2451399045052152
2.4819999999999482,0.016392342894332914,-0.1305009602351155,0.24487976862078023
2.483999999999948,0.01613161053313212,-0.13023050212088988,0.2446095775758981
2.485999999999948,0.015871423782396452,-0.12995535164714742,0.24432939370864765
2.4879999999999476,0.015611791990880888,-0.12967554481026314,0.24403927951189838
2.4899999999999474,0.015352724435309675,-0.12939111764433242,0.24373929762964539
2.491999999999947,0.015094230320302767,-0.1291021062193126,0.24342951085335518
2.493999999999947,0.014836318778305942,-0.12880854663917188,0.2431099821183224
2.4959999999999467,0.01457899886952462,-0.12851047504004595,0.24278077450003782
2.4979999999999465,0.014322279581861374,-0.12820792758840183,0.24244195121056727
2.4999999999999463,0.014066169830857088,-0.1279009404792094,0.24209357559494227
2.501999999999946,0.013810678459635774,-0.1275895499341206,0.24173571112756173
2.503999999999946,0.01355581423885302,-0.1272737921996562,0.24136842140860545
2.5059999999999456,0.013301585866648062,-0.12695370354540025,0.2409917701604594
2.5079999999999454,0.013048001968599449,-0.12662932026220242,0.24060582122415244
2.509999999999945,0.012795071097684305,-0.126300678660388,0.24021063855580538
2.511999999999945,0.012542801734241158,-0.12596781506797589,0.2398062862230917
2.5139999999999447,0.01229120228593633,-0.12563076582890434,0.2393928284017106
2.5159999999999445,0.012040281087733858,-0.12528956730126475,0.23897032937187235
2.5179999999999443,0.011790046401868955,-0.12494425585554345,0.23853885351479565
2.519999999999944,0.011540506417824963,-0.12459486787287138,0.23809846530921794
2.521999999999944,0.011291669252313806,-0.1242414397432821,0.2376492293279178
2.5239999999999436,0.011043542949259924,-0.12388400786397764,0.23719121023425038
2.5259999999999434,0.010796135479787656,-0.12352260863760278,0.23672447277869535
2.527999999999943,0.010549454742212076,-0.12315727847052732,0.2362490817954179
2.529999999999943,0.010303508562033253,-0.12278805377113675,0.23576510219884256
2.5319999999999427,0.010058304691933913,-0.12241497094813113,0.23527259898024025
2.5339999999999425,0.009813850811780515,-0.12203806640883236,0.23477163720432834
2.5359999999999423,0.00957015452862768,-0.12165737655749977,0.2342622820058842
2.537999999999942,0.009327223376726,-0.12127293779365414,0.23374459858637187
2.539999999999942,0.009085064817533179,-0.12088478651041021,0.23321865221058227
2.5419999999999416,0.008843686239728503,-0.12049295909281763,0.23268450820328723
2.5439999999999414,0.008603094959230626,-0.12009749191621044,0.23214223194590675
2.545999999999941,0.008363298219218638,-0.11969842134456518,0.23159188887319027
2.547999999999941,0.008124303190156416,-0.11929578372886751,0.23103354446991173
2.5499999999999408,0.007886116969820228,-0.11888961540548752,0.2304672642675786
2.5519999999999405,0.007648746583329584,-0.11847995269456373,0.22989311384115482
2.5539999999999403,0.007412198983181305,-0.1180668318983957,0.22931115880579786
2.55599999999994,0.007176481049286797,-0.11765028929984557,0.2287214648136101
2.55799999999994,0.006941599589012521,-0.11723036116074813,0.22812409755040433
2.5599999999999397,0.006707561337223623,-0.1168070837203299,0.22751912273248373
2.5619999999999394,0.006474372956330728,-0.11638049319363698,0.2269066061034362
2.563999999999939,0.006242041036339861,-0.11595062576997174,0.22628661343094325
2.565999999999939,0.006010572094905489,-0.11551751761133845,0.22565921050360363
2.5679999999999388,0.005779972577386667,-0.11508120485089784,0.2250244631277714
2.5699999999999386,0.005550248856906254,-0.11464172359143064,0.22438243712440903
2.5719999999999383,0.00532140723441321,-0.11419910990381005,0.22373319832595503
2.573999999999938,0.005093453938747923,-0.11375339982548331,0.22307681257320688
2.575999999999938,0.004866395126710571,-0.1133046293589623,0.2224133457122187
2.5779999999999377,0.0046402368831324975,-0.11285283447032317,0.221742863591214
2.5799999999999375,0.004414985220950571,-0.11239805108771514,0.22106543205751383
2.5819999999999372,0.004190646081284522,-0.11194031509987838,0.2203811169544797
2.583999999999937,0.003967225333517233,-0.1114796623546711,0.21968998411847224
2.585999999999937,0.003744728775377971,-0.11101612865760578,0.21899209937582498
2.5879999999999366,0.003523162133028528,-0.11054974977039461,0.2182875285398336
2.5899999999999364,0.003302531061152271,-0.11008056140950419,0.2175763374077607
2.591999999999936,0.0030828411430460674,-0.10960859924471947,0.2168585917578561
2.593999999999936,0.0028640978907150776,-0.10913389889771695,0.21613435734639286
2.5959999999999357,0.002646306744970388,-0.10865649594064723,0.21540369990471883
2.5979999999999355,0.002429473075529472,-0.10817642589472683,0.2146666851363241
2.5999999999999353,0.002213602181119457,-0.10769372422883937,0.2139233787139242
2.601999999999935,0.00199869928958318,-0.10720842635814615,0.21317384627655928
2.603999999999935,0.0017847695579880133,-0.10672056764270604,0.2124181534267091
2.6059999999999346,0.0015718180727374398,-0.10623018338610489,0.21165636572742408
2.6079999999999344,0.0013598498496853607,-0.10573730883409421,0.21088854869947235
2.609999999999934,0.0011488698342531167,-0.10524197917323945,0.21011476781850305
2.611999999999934,0.0009388829015492028,-0.1047442295295776,0.2093350885122258
2.6139999999999337,0.0007298938564916581,-0.10424409496728437,0.208549576157606
2.6159999999999335,0.0005219074339331125,-0.10374161048735084,0.20775829607807708
2.6179999999999333,0.00031492829878847033,-0.10323681102626954,0.20696131354076858
2.619999999999933,0.00010896104616521212,-0.1027297314547302,0.20615869375375062
2.621999999999933,-9.598979850370458e-05,-0.1022204065763249,0.2053505018632952
2.6239999999999326,-0.0002999197793243641,-0.10170887112626288,0.2045368029511535
2.6259999999999324,-0.0005028245098038511,-0.10119515977009483,0.20371766203185013
2.627999999999932,-0.0007046996727096664,-0.10067930710244684,0.2028931440499935
2.629999999999932,-0.0009055410199266215,-0.1001613476457639,0.20206331387760335
2.6319999999999317,-0.001105344372311228,-0.09964131584906302,0.20122823631145442
2.6339999999999315,-0.0013041056195436046,-0.09911924608669598,0.20038797607043726
2.6359999999999313,-0.0015018207199769189,-0.09859517265712166,0.19954259779293557
2.637999999999931,-0.0016984857004843817,-0.09806912978168808,0.19869216603422024
2.639999999999931,-0.0018940966563038176,-0.0975411516034241,0.19783674526386055
2.6419999999999306,-0.0020886497508798268,-0.09701127218584063,0.19697639986315202
2.6439999999999304,-0.0022821412157035606,-0.09647952551174174,0.1961111941225611
2.64599999999993,-0.002474567350150126,-0.09594594548204527,0.19524119223918704
2.64799999999993,-0.0026659245213136447,-0.09541056591461318,0.19436645831424065
2.6499999999999297,-0.0028562091638399804,-0.09487342054309161,0.19348705635054
2.6519999999999295,-0.003045417779757156,-0.09433454301576064,0.1926030502500232
2.6539999999999293,-0.00323354693830348,-0.09379396689439373,0.19171450381127841
2.655999999999929,-0.0034205932757534027,-0.09325172565312694,0.19082148072709093
2.657999999999929,-0.0036065534952411196,-0.09270785267733771,0.18992404458200726
2.6599999999999286,-0.003791424366581941,-0.09216238126253358,0.18902225884991652
2.6619999999999284,-0.0039752027260914514,-0.0916153446132505,0.1881161868916491
2.663999999999928,-0.004157885476402473,-0.09106677584196084,0.18720589195259243
2.665999999999928,-0.004339469586279855,-0.09051670796799129,0.18629143716032415
2.6679999999999278,-0.0045199520904331105,-0.08996517391645034,0.18537288552226242
2.6699999999999275,-0.004699330089326916,-0.08941220651716558,0.18445029992333378
2.6719999999999273,-0.004877600748989497,-0.08885783850363073,0.18352374312365807
2.673999999999927,-0.0050547613008189145,-0.0883021025119624,0.18259327775625095
2.675999999999927,-0.005230809041387278,-0.08774503107986659,0.1816589663247437
2.6779999999999267,-0.005405741332242898,-0.08718665664561497,0.18072087120112046
2.6799999999999264,-0.0055795555997104045,-0.08662701154703087,0.17977905462347282
2.681999999999926,-0.005752249334688847,-0.08606612802048504,0.17883357869377214
2.683999999999926,-0.00592382009244779,-0.08550403819990109,0.17788450537565892
2.685999999999926,-0.006094265492421434,-0.08494077411577076,0.17693189649224997
2.6879999999999256,-0.00626358321800078,-0.08437636769417887,0.17597581372396295
2.6899999999999253,-0.006431771016323846,-0.08381085075583804,0.17501631860635852
2.691999999999925,-0.006598826698063966,-0.08324425501513308,0.1740534725279999
2.693999999999925,-0.00676474813721619,-0.08267661207917519,0.17308733672833013
2.6959999999999247,-0.006929533270881798,-0.08210795344686586,0.17211797229556658
2.6979999999999245,-0.007093180099050955,-0.08153831050797045,0.17114544016461353
2.6999999999999242,-0.007255686684383521,-0.08096771454220152,0.17016980111499186
2.701999999999924,-0.007417051151988036,-0.0803961967183119,0.16919111576878657
2.703999999999924,-0.0075772716891989046,-0.07982378809319741,0.16820944458861184
2.7059999999999236,-0.007736346545351792,-0.0792505196110093,0.16722484787559375
2.7079999999999234,-0.007894274031557258,-0.07867642210227639,0.1662373857673704
2.709999999999923,-0.008051052520472642,-0.0781015262830369,0.16524711823611005
2.711999999999923,-0.008206680446072222,-0.07752586275397992,0.16425410508654645
2.7139999999999227,-0.008361156303415666,-0.07694946199959662,0.16325840595403207
2.7159999999999225,-0.0085144786484148,-0.07637235438734104,0.1622600803026089
2.7179999999999223,-0.008666646097598702,-0.07579457016680057,0.16125918742309686
2.719999999999922,-0.008817657327877143,-0.07521613946887609,0.16025578643119984
2.721999999999922,-0.00896751107630241,-0.07463709230497174,0.15924993626562933
2.7239999999999216,-0.009116206139829506,-0.07405745856619426,0.1582416956862459
2.7259999999999214,-0.009263741375074764,-0.073477268022562,0.15723112327221803
2.727999999999921,-0.009410115698072893,-0.07289655032222352,0.15621827742019878
2.729999999999921,-0.00955532808403246,-0.07231533499068572,0.15520321634251993
2.7319999999999207,-0.009699377567089844,-0.07173365143005168,0.1541859980654039
2.7339999999999205,-0.00984226324006168,-0.07115152891826793,0.15316668042719322
2.7359999999999203,-0.009983984254195794,-0.07056899660838131,0.15214532107659753
2.73799999999992,-0.010124539818920676,-0.06998608352780544,0.15112197747095843
2.73999999999992,-0.010263929201593486,-0.06940281857759663,0.15009670687453155
2.7419999999999196,-0.010402151727246624,-0.06881923053173931,0.14906956635678675
2.7439999999999194,-0.010539206778332878,-0.06823534803644103,0.14804061279072525
2.745999999999919,-0.010675093794469178,-0.06765119960943686,0.14700990285121493
2.747999999999919,-0.010809812272178962,-0.06706681363930331,0.1459774930133429
2.7499999999999187,-0.01094336176463318,-0.06648221838478166,0.1449434395507856
2.7519999999999185,-0.01107574188138996,-0.0658974419741108,0.1439077985341965
2.7539999999999183,-0.011206952288132935,-0.06531251240436937,0.14287062582961155
2.755999999999918,-0.011336992706408288,-0.06472745754082748,0.14183197709687168
2.757999999999918,-0.011465862913360481,-0.06414230511630759,0.14079190778806325
2.7599999999999176,-0.011593562741466737,-0.06355708273055494,0.13975047314597566
2.7619999999999174,-0.01172009207827026,-0.0629718178496173,0.1387077282025766
2.763999999999917,-0.011845450866112231,-0.06238653780523402,0.13766372777750488
2.765999999999917,-0.01196963910186259,-0.06180126979423432,0.13661852647658027
2.7679999999999167,-0.012092656836649618,-0.061216040877945084,0.13557217869033122
2.7699999999999165,-0.01221450417558835,-0.06063087798160771,0.13452473859253977
2.7719999999999163,-0.012335181277507833,-0.06004580789380436,0.13347626013880376
2.773999999999916,-0.012454688354677237,-0.05946085726589336,0.13242679706511654
2.775999999999916,-0.012573025672530852,-0.05887605261145393,0.13137640288646396
2.7779999999999156,-0.012690193549391984,-0.05829142030573996,0.1303251308954387
2.7799999999999154,-0.012806192356195768,-0.05770698658514309,0.1292730341608719
2.781999999999915,-0.012921022516210912,-0.05712277754666489,0.12822016552648194
2.783999999999915,-0.013034684504760396,-0.05653881914739815,0.1271665776095407
2.7859999999999148,-0.013147178848941149,-0.055955137204017374,0.1261123227995567
2.7879999999999145,-0.013258506127342704,-0.05537175739227822,0.1250574532569759
2.7899999999999143,-0.013368666969764876,-0.05478870524652613,0.12400202091189914
2.791999999999914,-0.01347766205693445,-0.05420600615921399,0.12294607746281715
2.793999999999914,-0.013585492120220928,-0.05362368538042871,0.12188967437536243
2.7959999999999137,-0.01369215794135133,-0.053041768017426924,0.12083286288107833
2.7979999999999134,-0.013797660352124074,-0.0524602790341796,0.11977569397620517
2.7999999999999132,-0.01390200023412196,-0.051879243250925605,0.11871821842048327
2.801999999999913,-0.014005178518424269,-0.05129868534373419,0.11766048673597317
2.803999999999913,-0.014107196185317987,-0.05071862984407641,0.11660254920589265
2.8059999999999126,-0.0142080542640082,-0.050139101138405355,0.1155444558734708
2.8079999999999123,-0.014307753832327633,-0.04956012346774532,0.11448625654081891
2.809999999999912,-0.014406296016445398,-0.048981720927289696,0.11342800076781827
2.811999999999912,-0.014503681990574934,-0.048403917466007744,0.11236973787102479
2.8139999999999117,-0.014599912976681175,-0.0478267368862601,0.11131151692259042
2.8159999999999115,-0.014694990244186957,-0.04725020284342302,0.11025338674920138
2.8179999999999112,-0.014788915109678679,-0.046674338845521364,0.10919539593103299
2.819999999999911,-0.01488168893661124,-0.046099168252870276,0.10813759280072141
2.821999999999911,-0.014973313135012272,-0.045524714277725496,0.10708002544235179
2.8239999999999106,-0.015063789161185677,-0.044950999983942336,0.10602274169046326
2.8259999999999104,-0.015153118517414493,-0.04437804828664326,0.10496578912907034
2.82799999999991,-0.015241302751663103,-0.04380588195189404,0.10390921509070102
2.82999999999991,-0.01532834345727881,-0.04323452359638846,0.10285306665545119
2.8319999999999097,-0.015414242272692774,-0.042663995687141555,0.10179739065005573
2.8339999999999095,-0.01549900088112037,-0.04209432054119133,0.10074223364697589
2.8359999999999093,-0.01558262101026093,-0.04152552032530898,0.09968764196350303
2.837999999999909,-0.015665104431996937,-0.040957617055717474,0.09863366166087889
2.839999999999909,-0.015746452962092646,-0.04039063259781864,0.09758033854343189
2.8419999999999086,-0.015826668459892182,-0.03982458866592853,0.09652771815772992
2.8439999999999084,-0.015905752828017105,-0.03925950682302123,0.09547584579174924
2.845999999999908,-0.01598370801206349,-0.03869540848048088,0.09442476647405956
2.847999999999908,-0.016060536000298487,-0.038132314897862084,0.09337452497302524
2.8499999999999077,-0.016136238823356453,-0.037570247182658494,0.09232516579602265
2.8519999999999075,-0.01621081855393458,-0.037009226290079654,0.09127673318867344
2.8539999999999073,-0.016284277306488133,-0.036449273022836036,0.09022927113409389
2.855999999999907,-0.016356617236925233,-0.035890408030932235,0.08918282335216021
2.857999999999907,-0.016427840542301245,-0.035332651811468274,0.0881374332987897
2.8599999999999066,-0.01649794946051278,-0.03477602470844904,0.08709314416523779
2.8619999999999064,-0.01656694626999132,-0.03422054691260174,0.08604999887741085
2.863999999999906,-0.01663483328939649,-0.03366623846120145,0.0850080400951948
2.865999999999906,-0.016701612877308984,-0.033113119237904616,0.0839673102117994
2.8679999999999057,-0.016767287431923166,-0.0325612089725905,0.08292785135311821
2.8699999999999055,-0.01683185939073937,-0.032010527241210666,0.08188970537710417
2.8719999999999053,-0.01689533123025589,-0.031461093465646225,0.08085291387316071
2.873999999999905,-0.016957705465660722,-0.03091292691357307,0.07981751816154833
2.875999999999905,-0.017018984650523,-0.03036604669833487,0.07878355929280687
2.8779999999999046,-0.017079171376484233,-0.029820471778823885,0.07775107804719274
2.8799999999999044,-0.017138268272949283,-0.029276220959369565,0.076720114934132
2.881999999999904,-0.017196278006777126,-0.028733312889634852,0.07569071019168841
2.883999999999904,-0.017253203281971437,-0.0281917660645202,0.07466290378604683
2.8859999999999038,-0.017309046839370963,-0.02765159882407526,0.07363673541101184
2.8879999999999035,-0.017363811456339747,-0.027112829353418154,0.07261224448752149
2.8899999999999033,-0.01741749994645719,-0.02657547568266241,0.07158947016317606
2.891999999999903,-0.017470115159207968,-0.026039555686851398,0.07056845131178201
2.893999999999903,-0.01752165997967184,-0.02550508708590031,0.06954922653291076
2.8959999999999027,-0.01757213732821334,-0.024972087444545637,0.06853183415147246
2.8979999999999024,-0.017621550160171376,-0.024440574172302075,0.06751631221730461
2.899999999999902,-0.01766990146554874,-0.02391056452342687,0.06650269850477553
2.901999999999902,-0.017717194268701577,-0.02338207559689154,0.06549103051240249
2.9039999999999018,-0.017763431628028785,-0.022855124336360916,0.06448134546248466
2.9059999999999016,-0.017808616635661384,-0.02232972753017954,0.06347368030075062
2.9079999999999013,-0.01785275241715187,-0.02180590181136528,0.062468071696020464
2.909999999999901,-0.017895842131163575,-0.021283663657610224,0.061464556039882434
2.911999999999901,-0.017937888969159994,-0.020763029391288747,0.060463169446384024
2.9139999999999007,-0.017978896155094192,-0.020244015179472757,0.05946394775173749
2.9159999999999004,-0.018018866945098203,-0.019726637033954053,0.0584669265140397
2.9179999999999002,-0.018057804627172505,-0.01921091081127378,0.05747214101300631
2.9199999999999,-0.01809571252087555,-0.01869685221275892,0.05647962624972006
2.9219999999999,-0.01813259397701339,-0.018184476784565834,0.055489416946393394
2.9239999999998996,-0.018168452377329364,-0.017673799917730725,0.05450154754614506
2.9259999999998993,-0.018203291134193934,-0.017164836848227092,0.053516052212790814
2.927999999999899,-0.01823711369029461,-0.016657602657030045,0.05253296483064812
2.929999999999899,-0.018269923518326032,-0.01615211227018751,0.051552319004354696
2.9319999999998987,-0.018301724120680186,-0.01564838045889825,0.05057414805870106
2.9339999999998985,-0.0183325190291368,-0.015146421839596663,0.049598485038476685
2.9359999999998982,-0.018362311804553885,-0.01464625087404435,0.04862536270833012
2.937999999999898,-0.01839110603655851,-0.014147881869428372,0.04765481355264259
2.939999999999898,-0.018418905343237743,-0.01365132897846619,0.04668686977541525
2.9419999999998976,-0.018445713370829824,-0.013156606199517244,0.045721563300170125
2.9439999999998974,-0.01847153379341557,-0.012663727376701113,0.044758925769864316
2.945999999999897,-0.01849637031261002,-0.01217270620002224,0.043798988546817796
2.947999999999897,-0.01852022665725432,-0.011683556205501176,0.0428417827126545
2.9499999999998967,-0.01854310658310792,-0.011196290775312296,0.041887339068256674
2.9519999999998965,-0.018565013872540993,-0.01071092313792796,0.04093568813373251
2.9539999999998963,-0.018585952334227204,-0.010227466368269069,0.03998686014839691
2.955999999999896,-0.018605925802836758,-0.00974593338786199,0.03904088507076534
2.957999999999896,-0.018624938138729757,-0.009266336965001796,0.03809779257856074
2.9599999999998956,-0.018642993227649934,-0.008788689714921787,0.037157612068733345
2.9619999999998954,-0.01866009498041868,-0.008313004099969266,0.036220372657493505
2.963999999999895,-0.01867624733262946,-0.0078392924297875,0.035286103180357214
2.965999999999895,-0.018691454244342598,-0.007367566861503861,0.03435483219220446
2.9679999999998947,-0.018705719699780434,-0.006897839399924083,0.03342658796735032
2.9699999999998945,-0.01871904770702288,-0.006430121897732605,0.0325013984996286
2.9719999999998943,-0.018731442297703384,-0.005964426055698958,0.03157929150248809
2.973999999999894,-0.018742907526705307,-0.005500763422890157,0.0306602944091013
2.975999999999894,-0.018753447471858743,-0.005039145396889056,0.02974443437248562
2.9779999999998936,-0.018763066233637764,-0.0045795832240186326,0.028831738265636855
2.9799999999998934,-0.01877176793485814,-0.004122087999572146,0.027922232681675027
2.981999999999893,-0.01877955672037551,-0.0036666706680491537,0.02701594393400243
2.983999999999893,-0.01878643675678403,-0.0032133420233973167,0.026112898056473814
2.9859999999998927,-0.01879241223211553,-0.0027621127092599808,0.025213120803578664
2.9879999999998925,-0.018797487355539134,-0.0023129932192294733,0.024316637650635492
2.9899999999998923,-0.018801666357061445,-0.0018659938971060852,0.023423473793998083
2.991999999999892,-0.018804953487227202,-0.0014211249371626948,0.022533654151273615
2.993999999999892,-0.018807353016820502,-0.000978396384414994,0.02164720336155259
2.9959999999998916,-0.018808869236566564,-0.0005378181348972738,0.02076414578565049
2.9979999999998914,-0.01880950645683404,-9.939993594373204e-05,0.019884505506361113
2.999999999999891,-0.018809269007337905,0.00033684861352474023,0.019008306328721504
3.001999999999891,-0.01880816123684292,0.0007709180627083328,0.018135571780288424
3.0039999999998908,-0.018806187512867688,0.0012027991086306922,0.017266325111426256
3.0059999999998905,-0.018803352221389305,0.0016324825958359405,0.016400589295606303
3.0079999999998903,-0.018799659766548633,0.002059959516080377,0.015538387029717424
3.00999999999989,-0.01879511457035618,0.002485221008018904,0.01467974073438788
3.01199999999989,-0.018789721072398628,0.002908258356886217,0.013824672554318372
3.0139999999998897,-0.01878348372954599,0.0033290629941728047,0.012973204358626193
3.0159999999998894,-0.01877640701565943,0.0037476264972957883,0.01212535774120038
3.017999999999889,-0.018768495421299748,0.0041639405892646576,0.011281154021067854
3.019999999999889,-0.018759753453436525,0.0045779971383419285,0.010440614242770433
3.0219999999998888,-0.018750185635157963,0.004989788157698777,0.009603759176752668
3.0239999999998886,-0.018739796505381417,0.005399305805065677,0.00877060931976041
3.0259999999998883,-0.01872859061856463,0.0058065423823780975,0.007941184895250062
3.027999999999888,-0.018716572544417682,0.006211490335417286,0.007115505853808435
3.029999999999888,-0.018703746867615657,0.006614142253446192,0.00629359187358311
3.0319999999998877,-0.018690118187512053,0.007014490868840561,0.005475462360723273
3.0339999999998875,-0.01867569111785293,0.007412529056715249,0.004661136449830931
3.0359999999998872,-0.0186604702864918,0.007808249834545791,0.003850633004422432
3.037999999999887,-0.0186444603351053,0.00820164636178527,0.0030439706174002195
3.039999999999887,-0.01862766591890961,0.008592711939476525,0.002241167611534759
3.0419999999998866,-0.01861009170637768,0.00898144000985974,0.0014422420399565587
3.0439999999998864,-0.01859174237895722,0.009367824155975457,0.0006472116866582008
3.045999999999886,-0.018572622630789508,0.009751858101263045,-0.00014390593299369245
3.047999999999886,-0.018552737168428986,0.010133535709154687,-0.0009310935717365826
3.0499999999998857,-0.018532090710563696,0.010512850982664896,-0.0017143342498803886
3.0519999999998855,-0.018510687987736522,0.010889798063975628,-0.002493611254766097
3.0539999999998853,-0.01848853374206728,0.011264371234017021,-0.003268908140214733
3.055999999999885,-0.018465632726975635,0.011636564912043804,-0.004040208725966762
3.057999999999885,-0.018441989706904888,0.012006373655207406,-0.004807497097111972
3.0599999999998846,-0.018417609457046603,0.012373792158123832,-0.005570757603509925
3.0619999999998844,-0.01839249676306613,0.012738815252437315,-0.00632997485920106
3.063999999999884,-0.018366656420828967,0.013101437906379812,-0.0070851337418085004
3.065999999999884,-0.018340093236128046,0.013461655224326371,-0.007836219391930657
3.0679999999998837,-0.018312812024411887,0.013819462446346412,-0.008583217212524696
3.0699999999998835,-0.01828481761051366,0.014174854947750962,-0.009326112868280938
3.0719999999998833,-0.01825611482838116,0.01452782823863589,-0.010064892284988265
3.073999999999883,-0.018226708520807697,0.014878377963421183,-0.010799541648890621
3.075999999999883,-0.01819660353916391,0.015226499900386293,-0.01153004740603467
3.0779999999998826,-0.01816580474313052,0.015572189961201608,-0.012256396261608675
3.0799999999998824,-0.018134317000432013,0.015915444190456086,-0.012978575179272697
3.081999999999882,-0.018102145186571283,0.016256258765181088,-0.013696571380480159
3.083999999999882,-0.018069294184565224,0.016594629994370447,-0.014410372343790893
3.0859999999998817,-0.018035768884681287,0.016930554318496837,-0.01511996580417567
3.0879999999998815,-0.018001574184175015,0.017264028309024442,-0.015825339752312387
3.0899999999998813,-0.01796671498702854,0.01759504866791801,-0.01652648243387387
3.091999999999881,-0.017931196203690082,0.017923612227148306,-0.017223382348807482
3.093999999999881,-0.017895022750814435,0.018249715948194,-0.01791602825060653
3.0959999999998806,-0.01785819955100445,0.018573356921540055,-0.018604409145573562
3.0979999999998804,-0.01782073153255352,0.018894532366172643,-0.019288514292075662
3.09999999999988,-0.017782623629189108,0.019213239629070608,-0.019968333199791764
3.10199999999988,-0.017743880779817235,0.019529476184693566,-0.02064385562895211
3.1039999999998797,-0.017704507928268068,0.01984323963446662,-0.021315071589569898
3.1059999999998795,-0.01766451002304249,0.020154527706261798,-0.021981971340665173
3.1079999999998793,-0.017623892017059727,0.02046333825387619,-0.022644545389481106
3.109999999999879,-0.01758265886740603,0.02076966925650687,-0.02330278449069265
3.111999999999879,-0.017540815535084395,0.021073518818222624,-0.023956679645607708
3.1139999999998786,-0.01749836698476535,0.021374885167432533,-0.024606222101360854
3.1159999999998784,-0.01745531818453882,0.02167376665635142,-0.025251403350099715
3.117999999999878,-0.017411674105667033,0.021970161760462268,-0.025892215128164024
3.119999999999878,-0.017367439722338538,0.022264069077975564,-0.026528649415257503
3.1219999999998778,-0.01732262001142329,0.022555487329285685,-0.02716069843361259
3.1239999999998775,-0.017277219952228823,0.022844415356424314,-0.02778835464714808
3.1259999999998773,-0.01723124452625753,0.02313085212251095,-0.028411610760619804
3.127999999999877,-0.017184698716965034,0.023414796711200548,-0.02903045971876437
3.129999999999877,-0.017137587509519676,0.02369624832612833,-0.029644894705436062
3.1319999999998767,-0.017089915890563107,0.023975206290351783,-0.030254909142736982
3.1339999999998764,-0.017041688847972008,0.024251670045789944,-0.03086049669014046
3.135999999999876,-0.01699291137062093,0.024525639152659928,-0.03146165124360788
3.137999999999876,-0.016943588448146252,0.024797113288910808,-0.03205836693469893
3.139999999999876,-0.0168937250707113,0.025066092249654854,-0.03265063812967536
3.1419999999998756,-0.016843326228772583,0.025332575946596173,-0.033238459428598405
3.1439999999998753,-0.016792396912847184,0.025596564407456796,-0.03382182566441976
3.145999999999875,-0.016740942113281303,0.025858057775400244,-0.03440073190206641
3.147999999999875,-0.016688966820019944,0.026117056308452617,-0.034975173437519186
3.1499999999998747,-0.016636476022377777,0.026373560378921242,-0.035545145796885294
3.1519999999998745,-0.016583474708811156,0.02662757047281093,-0.03611064473546471
3.1539999999998742,-0.016529967866691316,0.026879087189237844,-0.0366716662368107
3.155999999999874,-0.016475960482078725,0.027128111239841084,-0.03722820651178437
3.157999999999874,-0.01642145753949864,0.027374643448191946,-0.03778026199760344
3.1599999999998736,-0.01636646402171783,0.027618684749200956,-0.03832782935688525
3.1619999999998734,-0.016310984909522486,0.027860236188522697,-0.03887090547668408
3.163999999999873,-0.016255025181497344,0.028099298921958463,-0.03940948746752291
3.165999999999873,-0.01619858981380598,0.028335874214856765,-0.03994357266241958
3.1679999999998727,-0.016141683779972313,0.028569963441511775,-0.04047315861590755
3.1699999999998725,-0.016084312050663328,0.02880156808455969,-0.04099824310305124
3.1719999999998723,-0.016026479593472986,0.02903068973437307,-0.041518824118456046
3.173999999999872,-0.015968191372707365,0.029257330088453243,-0.04203489987527316
3.175999999999872,-0.01590945234917101,0.029481490950820706,-0.04254646880419912
3.1779999999998716,-0.015850267479954504,0.02970317423140367,-0.0430535295524704
3.1799999999998714,-0.015790641718223267,0.0299223819454247,-0.04355608098285284
3.181999999999871,-0.015730580013007575,0.030139116212785574,-0.04405412217262614
3.183999999999871,-0.01567008730899383,0.03035337925745029,-0.044547652412563574
3.1859999999998707,-0.015609168546317042,0.030565173406826362,-0.04503667120590675
3.1879999999998705,-0.01554782866035457,0.030774501091144383,-0.045521178267335684
3.1899999999998703,-0.015486072581521092,0.03098136484283591,-0.0460011735219342
3.19199999999987,-0.015423905235064829,0.0311857672959097,-0.04647665710415073
3.19399999999987,-0.015361331540865013,0.03138771118532634,-0.04694762935675457
3.1959999999998696,-0.015298356413230612,0.031587199346371324,-0.047414090829787675
3.1979999999998694,-0.015234984760700305,0.031784234714026555,-0.04787604227951203
3.199999999999869,-0.015171221485843722,0.03197882032234039,-0.04833348466735281
3.201999999999869,-0.015107071485063938,0.0321709593037962,-0.04878641915883705
3.2039999999998687,-0.015042539648401243,0.03236065488867955,-0.049234847122528465
3.2059999999998685,-0.014977630859338157,0.03254791040444389,-0.049678770128957855
3.2079999999998683,-0.014912349994605743,0.03273272927507501,-0.05011818994954962
3.209999999999868,-0.014846701923991172,0.03291511502045413,-0.050553108555544284
3.211999999999868,-0.014780691510146571,0.03309507125571966,-0.050983528116917094
3.2139999999998676,-0.014714323608399147,0.03327260169062778,-0.051409451001292746
3.2159999999998674,-0.01464760306656259,0.03344771012891183,-0.05183087977285642
3.217999999999867,-0.014580534724749763,0.03362040046764043,-0.05224781719126107
3.219999999999867,-0.014513123415186674,0.03379067669657455,-0.05266026621053109
3.2219999999998667,-0.014445373962027733,0.03395854289752343,-0.05306822997796242
3.2239999999998665,-0.014377291181172295,0.03412400324369947,-0.05347171183301913
3.2259999999998663,-0.014308879880082509,0.03428706199907202,-0.05387071530622665
3.227999999999866,-0.014240144857602445,0.034447723517720255,-0.05426524411806153
3.229999999999866,-0.014171090903778523,0.03460599224318502,-0.05465530217783807
3.2319999999998656,-0.014101722799681235,0.03476187270781979,-0.055040893582591524
3.2339999999998654,-0.014032045317228176,0.03491536953214068,-0.05542202261595834
3.235999999999865,-0.013962063219008362,0.035066487424175674,-0.05579869374705319
3.237999999999865,-0.01389178125810786,0.035215231178812964,-0.056170911629342984
3.2399999999998648,-0.013821204177936723,0.0353616056771485,-0.05653868109951807
3.2419999999998645,-0.013750336712057219,0.03550561588583282,-0.05690200717636028
3.2439999999998643,-0.013679183584013382,0.03564726685641713,-0.05726089505960842
3.245999999999864,-0.013607749507161863,0.03578656372469869,-0.05761535012882087
3.247999999999864,-0.013536039184504094,0.03592351171006556,-0.05796537794223552
3.2499999999998637,-0.013464057308519755,0.036058116114840694,-0.05831098423562703
3.2519999999998634,-0.013391808561001566,0.036190382323625474,-0.058652174921161634
3.2539999999998632,-0.01331929761289139,0.03632031580264268,-0.05898895608624938
3.255999999999863,-0.013246529124117636,0.03644792209907892,-0.05932133399239397
3.257999999999863,-0.013173507743434003,0.03657320684042657,-0.0596493150740402
3.2599999999998626,-0.013100238108259513,0.03669617573382529,-0.05997290593741914
3.2619999999998623,-0.013026724844519881,0.03681683456540306,-0.06029211335939107
3.263999999999862,-0.012952972566490202,0.036935189199616865,-0.060606944286286234
3.265999999999862,-0.012878985876638943,0.037051245578593,-0.06091740583274353
3.2679999999998617,-0.012804769365473267,0.03716500972146706,-0.06122350528054706
3.2699999999998615,-0.01273032761138568,0.037276487723723585,-0.06152525007746085
3.2719999999998612,-0.012655665180501983,0.03738568575653554,-0.06182264783606149
3.273999999999861,-0.012580786626530564,0.03749261006610344,-0.06211570633256909
3.275999999999861,-0.012505696490612998,0.03759726697299436,-0.062404433505676316
3.2779999999998606,-0.01243039930117598,0.037699662871480764,-0.06268883745537573
3.2799999999998604,-0.01235489957378457,0.037799804228879144,-0.06296892644178555
3.28199999999986,-0.012279201810996765,0.0378976975848886,-0.06324470888397372
3.28399999999986,-0.012203310502219402,0.037993349550929326,-0.06351619335878043
3.2859999999998597,-0.012127230123565369,0.038086766809481074,-0.06378338859963925
3.2879999999998595,-0.012050965137712153,0.038177956113421556,-0.06404630349539678
3.2899999999998593,-0.011974519993761699,0.03826692428536489,-0.06430494708913095
3.291999999999859,-0.011897899127101604,0.038353678217000114,-0.06455932857696808
3.293999999999859,-0.011821106959267625,0.03843822486842972,-0.06480945730689863
3.2959999999998586,-0.011744147897807516,0.038520571267508345,-0.06505534277759181
3.2979999999998584,-0.011667026336146177,0.03860072450918159,-0.06529699463720917
3.299999999999858,-0.011589746653452145,0.03867869175482496,-0.065534422682217
3.301999999999858,-0.011512313214505378,0.03875448023158307,-0.06576763685619777
3.3039999999998577,-0.011434730369566397,0.03882809723170904,-0.06599664724866076
3.3059999999998575,-0.01135700245424671,0.03889955011190411,-0.06622146409385168
3.3079999999998573,-0.011279133789380585,0.03896884629265762,-0.0664420977695615
3.309999999999857,-0.011201128680898136,0.03903599325758724,-0.06665855879593466
3.311999999999857,-0.011122991419699716,0.039100998552779556,-0.06687085783427635
3.3139999999998566,-0.011044726281531646,0.03916386978613104,-0.0670790056858594
3.3159999999998564,-0.010966337526863249,0.03922461462668941,-0.06728301329073043
3.317999999999856,-0.010887829400765206,0.03928324080399541,-0.06748289172651556
3.319999999999856,-0.010809206132789228,0.03933975610742508,-0.06767865220722562
3.3219999999998557,-0.010730471936849043,0.03939416838553246,-0.06787030608206093
3.3239999999998555,-0.010651631011102693,0.039446485545392845,-0.06805786483421587
3.3259999999998553,-0.010572687537836155,0.03949671555194656,-0.068241340079683
3.327999999999855,-0.010493645683348254,0.03954486642734332,-0.06842074356605696
3.329999999999855,-0.01041450959783691,0.03959094625028717,-0.06859608717133839
3.3319999999998546,-0.01033528341528668,0.03963496315538206,-0.06876738290273743
3.3339999999998544,-0.010255971253357608,0.03967692533247804,-0.06893464289547743
3.335999999999854,-0.01017657721327539,0.0397168410260182,-0.06909787941159848
3.337999999999854,-0.010097105379722835,0.0397547185343862,-0.069257104838761
3.3399999999998538,-0.010017559820732644,0.03979056620925469,-0.06941233168904958
3.3419999999998535,-0.009937944587581472,0.0398243924549343,-0.06956357259777673
3.3439999999998533,-0.00985826371468531,0.03985620572772357,-0.06971084032228712
3.345999999999853,-0.009778521219496154,0.03988601453525962,-0.06985414774076182
3.347999999999853,-0.009698721102399974,0.039913827435869645,-0.06999350785102308
3.3499999999998527,-0.009618867346615989,0.0399396530379233,-0.07012893376933932
3.3519999999998524,-0.00953896391809722,0.039963499999185984,-0.07026043872923061
3.353999999999852,-0.009459014765432351,0.03998537702617296,-0.07038803608027475
3.355999999999852,-0.009379023819748864,0.04000529287350454,-0.07051173928691357
3.3579999999998518,-0.009298994994617485,0.04002325634326208,-0.07063156192726021
3.3599999999998515,-0.009218932185957896,0.04003927628434512,-0.07074751769190667
3.3619999999998513,-0.009138839271945741,0.040053361591829414,-0.07085962038273234
3.363999999999851,-0.009058720112920918,0.04006552120632606,-0.07096788391171309
3.365999999999851,-0.008978578551297146,0.040075764113341676,-0.0710723222997312
3.3679999999998507,-0.008898418411472809,0.04008409934263966,-0.0711729496753862
3.3699999999998504,-0.008818243499743084,0.04009053596760256,-0.07126978027380651
3.3719999999998502,-0.008738057604213338,0.0400950831045956,-0.07136282843546203
3.37399999999985,-0.008657864494713799,0.040097749912331344,-0.07145210860497786
3.37599999999985,-0.00857766792271549,0.040098545591235525,-0.07153763532994889
3.3779999999998496,-0.00849747162124744,0.04009747938281412,-0.07161942325975557
3.3799999999998493,-0.008417279304815155,0.040094560569021644,-0.0716974871443808
3.381999999999849,-0.00833709466932035,0.04008979847163066,-0.07177184183322813
3.383999999999849,-0.008256921391981939,0.04008320245160262,-0.07184250227394097
3.3859999999998487,-0.008176763131258287,0.04007478190845996,-0.07190948351122331
3.3879999999998485,-0.00809662352677072,0.04006454627965953,-0.07197280068566163
3.3899999999998482,-0.00801650619922827,0.0400525050399674,-0.07203246903254834
3.391999999999848,-0.007936414750353692,0.04003866770083496,-0.07208850388070653
3.393999999999848,-0.007856352762810702,0.040023043809776476,-0.07214092065131622
3.3959999999998476,-0.007776323800132488,0.04000564294974803,-0.07218973485674225
3.3979999999998474,-0.007696331406651432,0.03998647473852787,-0.07223496209936357
3.399999999999847,-0.00761637910743009,0.03996554882809826,-0.07227661807040431
3.401999999999847,-0.007536470408193402,0.039942874904028765,-0.07231471854876644
3.4039999999998467,-0.007456608795262126,0.03991846268486105,-0.07234927939986413
3.4059999999998465,-0.007376797735487515,0.0398923219214952,-0.07238031657445998
3.4079999999998463,-0.007297040676187205,0.03986446239657756,-0.0724078461075029
3.409999999999846,-0.0072173410450823376,0.03983489392389014,-0.07243188411696791
3.411999999999846,-0.007137702250235897,0.039803626347741636,-0.07245244680269794
3.4139999999998456,-0.007058127679992261,0.03977066954235997,-0.07246955044524737
3.4159999999998454,-0.006978620702917971,0.039736033411286543,-0.07248321140472769
3.417999999999845,-0.006899184667743707,0.03969972788677206,-0.07249344611965512
3.419999999999845,-0.006819822903307473,0.03966176292917407,-0.07250027110580042
3.4219999999998447,-0.006740538718498983,0.039622148526356094,-0.07250370295504066
3.4239999999998445,-0.006661335402205249,0.039580894693088585,-0.0725037583342132
3.4259999999998443,-0.0065822162232573615,0.0395380114704515,-0.07250045398397192
3.427999999999844,-0.0065031844303784685,0.039493508925238646,-0.07249380671764565
3.429999999999844,-0.006424243252132942,0.039447397149363794,-0.07248383342009883
3.4319999999998436,-0.006345395896876727,0.03939968625926855,-0.07247055104659465
3.4339999999998434,-0.00626664555270888,0.039350386395332025,-0.07245397662166037
3.435999999999843,-0.006187995387424279,0.039299507721282344,-0.07243412723795517
3.437999999999843,-0.006109448548467515,0.03924706042360993,-0.07241102005514041
3.4399999999998427,-0.006031008162887949,0.03919305471098271,-0.07238467229875235
3.4419999999998425,-0.005952677337295939,0.039137500813663115,-0.07235510125907747
3.4439999999998423,-0.005874459157820239,0.03908040898292702,-0.07232232429003028
3.445999999999842,-0.005796356690066542,0.03902178949048458,-0.0722863588080338
3.447999999999842,-0.005718372979077195,0.03896165262790293,-0.07224722229090261
3.4499999999998416,-0.005640511049292058,0.03890000870603092,-0.07220493227672867
3.4519999999998414,-0.0055627739045105125,0.038836868054425724,-0.07215950636276978
3.453999999999841,-0.0054851645278546175,0.03877224102078144,-0.07211096220434093
3.455999999999841,-0.0054076858817334065,0.03870613797035971,-0.07205931751370825
3.4579999999998408,-0.005330340907808317,0.03863856928542232,-0.07200459005898602
3.4599999999998405,-0.005253132526959755,0.03856954536466581,-0.07194679766303633
3.4619999999998403,-0.005176063639254794,0.03849907662265813,-0.07188595820237186
3.46399999999984,-0.005099137123915986,0.038427173489277384,-0.07182208960606146
3.46599999999984,-0.005022355839291306,0.038353846409152605,-0.07175520985463878
3.4679999999998397,-0.004945722622825203,0.03827910584110661,-0.0716853369790139
3.4699999999998394,-0.004869240291030773,0.03820296225760098,-0.07161248905938801
3.471999999999839,-0.004792911639463026,0.038125426144183176,-0.0715366842241712
3.473999999999839,-0.004716739442693274,0.03804650799893571,-0.07145794064890333
3.4759999999998388,-0.004640726454284602,0.03796621833192755,-0.07137627655517816
3.4779999999998386,-0.004564875406768446,0.03788456766466763,-0.0712917102095705
3.4799999999998383,-0.0044891890116222554,0.037801566529560564,-0.0712042599225668
3.481999999999838,-0.004413669959248245,0.03771722546936454,-0.07111394404749888
3.483999999999838,-0.0043383209189532266,0.03763155503665141,-0.07102078097948084
3.4859999999998377,-0.004263144538929518,0.03754456579326902,-0.07092478915434959
3.4879999999998375,-0.00418814344623693,0.03745626830980577,-0.07082598704760852
3.4899999999998372,-0.004113320246785815,0.037366673165057394,-0.07072439317337462
3.491999999999837,-0.004038677525321184,0.03727579094549602,-0.07062002608332897
3.493999999999837,-0.003964217845407885,0.03718363224474152,-0.07051290436567086
3.4959999999998366,-0.00388994374941683,0.03709020766303513,-0.07040304664407515
3.4979999999998364,-0.0038158577585122792,0.036995527806715355,-0.07029047157665343
3.499999999999836,-0.0037419623726401663,0.036899603287696224,-0.07017519785491844
3.501999999999836,-0.0036682600705174677,0.03680244472294784,-0.07005724420275228
3.5039999999998357,-0.0035947533096226084,0.03670406273397927,-0.0699366293753782
3.5059999999998355,-0.0035214445261868964,0.036604467946323826,-0.06981337215833593
3.5079999999998353,-0.003448336135186989,0.03650367098902666,-0.06968749136646075
3.509999999999835,-0.0033754305303383774,0.03640168249413475,-0.06955900584286634
3.511999999999835,-0.0033027300840898915,0.03629851309618929,-0.06942793445793112
3.5139999999998346,-0.003230237147619217,0.036194173431720454,-0.06929429610828869
3.5159999999998344,-0.003157954050829419,0.03608867413874461,-0.06915810971582169
3.517999999999834,-0.0030858831023464705,0.035982025856263894,-0.0690193942266598
3.519999999999834,-0.0030140265895177796,0.03587423922376829,-0.06887816861018131
3.5219999999998337,-0.0029423867784117087,0.0357653248807401,-0.0687344518580188
3.5239999999998335,-0.002870965913818083,0.03565529346616088,-0.06858826298306848
3.5259999999998333,-0.002799766219249682,0.035544155618020865,-0.06843962101850368
3.527999999999833,-0.0027287898969447113,0.03543192197283086,-0.06828854501679205
3.529999999999833,-0.0026580391278702466,0.0353186031651366,-0.06813505404871702
3.5319999999998326,-0.002587516071726646,0.03520420982703564,-0.06797916720240296
3.5339999999998324,-0.00251722286695293,0.03508875258769671,-0.06782090358234463
3.535999999999832,-0.002447161630733113,0.03497224207288163,-0.0676602823084405
3.537999999999832,-0.0023773344590034967,0.03485468890446974,-0.06749732251503016
3.5399999999998317,-0.0023077434264609053,0.03473610369998484,-0.06733204334993598
3.5419999999998315,-0.0022383905865718686,0.03461649707212472,-0.06716446397350877
3.5439999999998313,-0.0021692779715827416,0.03449587962829321,-0.06699460355767757
3.545999999999831,-0.002100407592530758,0.0343742619701348,-0.06682248128500368
3.547999999999831,-0.002031781439256011,0.03425165469307188,-0.06664811634773884
3.5499999999998306,-0.0019634014804143594,0.03412806838584445,-0.06647152794688774
3.5519999999998304,-0.0018952696634912474,0.034003513630052586,-0.06629273529127454
3.55399999999983,-0.0018273879148164424,0.033878000999701334,-0.06611175759661392
3.55599999999983,-0.0017597581395796757,0.03375154106074833,-0.06592861408458622
3.5579999999998297,-0.0016923822218471874,0.033624144370654,-0.06574332398191698
3.5599999999998295,-0.001625262024579169,0.033495821477934354,-0.06555590651946082
3.5619999999998293,-0.0015583993896480957,0.03336658292171646,-0.06536638093128953
3.563999999999829,-0.001491796137857947,0.03323643923129652,-0.06517476645378482
3.565999999999829,-0.0014254540689643074,0.03310540092570063,-0.0649810823247351
3.5679999999998286,-0.0013593749616953436,0.032973478513248125,-0.06478534778243694
3.5699999999998284,-0.0012935605737736517,0.032840682491117684,-0.0645875820648009
3.571999999999828,-0.00122801264193897,0.032707023344916,-0.06438780440846172
3.573999999999828,-0.001162732881971752,0.032572511548249215,-0.06418603404789303
3.5759999999998278,-0.0010977229887175928,0.03243715756229696,-0.06398229021452669
3.5779999999998275,-0.0010329846361125062,0.032300971835389145,-0.06377659213587633
3.5799999999998273,-0.0009685194772090441,0.0321639648025854,-0.06356895903466578
3.581999999999827,-0.0009043291442032557,0.03202614688525722,-0.06335941012796176
3.583999999999827,-0.0008404152484624783,0.03188752849067286,-0.06314796462631118
3.5859999999998267,-0.0007767793805539568,0.03174812001158489,-0.06293464173288324
3.5879999999998264,-0.0007134231102742847,0.03160793182582049,-0.06271946064261583
3.589999999999826,-0.000650347986679662,0.03146697429587446,-0.0625024405413667
3.591999999999826,-0.0005875555381169642,0.03132525776850498,-0.06228360060506925
3.593999999999826,-0.0005250472722556174,0.031182792574332076,-0.06206295999889299
3.5959999999998256,-0.0004628246761202733,0.031039589027438856,-0.06184053787640854
3.5979999999998253,-0.0004008892161242792,0.030895657424975454,-0.06161635337875744
3.599999999999825,-0.0003392423381039376,0.03075100804676575,-0.06139042563382663
3.601999999999825,-0.00027788546735354905,0.030605651154916837,-0.061162773755427564
3.6039999999998247,-0.00021682000866123373,0.03045959699343124,-0.060933416842480125
3.6059999999998245,-0.00015604734634552586,0.030312855787821905,-0.060702373978201246
3.6079999999998242,-9.556884429273503e-05,0.030165437744729955,-0.06046966422929828
3.609999999999824,-3.5385845995069606e-05,0.030017353051545206,-0.06023530664516717
3.611999999999824,2.4500325410483904e-05,0.029868611876029467,-0.05999932025709534
3.6139999999998236,8.408836710253075e-05,0.02971922436594262,-0.05976172407746942
3.6159999999998234,0.00014337699653489276,0.029569200648671468,-0.05952253709898777
3.617999999999823,0.0002023649513954938,0.029418550830861395,-0.059281778293877825
3.619999999999823,0.00026105098956451104,0.029267284998050782,-0.059039466613118284
3.6219999999998227,0.0003194338890717982,0.029115413214308234,-0.058795620985666076
3.6239999999998225,0.00037751244805358586,0.028962945521872608,-0.058550260317688264
3.6259999999998223,0.0004352854847084645,0.028809891940795813,-0.0583034034917988
3.627999999999822,0.000492751837252656,0.028656262468588444,-0.05805506936630009
3.629999999999822,0.0005499103638745798,0.028502067079868184,-0.057805276774429544
3.6319999999998216,0.0006067599426887172,0.02834731572601104,-0.057554044523610945
3.6339999999998214,0.000663299471688783,0.028192018334805374,-0.0573013913947108
3.635999999999821,0.0007195278687002058,0.02803618481010874,-0.05704733614129953
3.637999999999821,0.0007754440713319267,0.02787982503150754,-0.056791897488917685
3.6399999999998207,0.000831047036927519,0.027722948853979492,-0.05653509413434701
3.6419999999998205,0.0008863357425156358,0.027565566107558913,-0.0562769447448865
3.6439999999998203,0.0009413091847597912,0.027407686597004818,-0.05601746795763346
3.64599999999982,0.0009959663799074807,0.02724932010147184,-0.05575668237876943
3.64799999999982,0.0010503063637386455,0.027090476374183957,-0.05549460658285116
3.6499999999998196,0.0011043281915134881,0.02693116514211107,-0.05523125911210656
3.6519999999998194,0.001158030937919643,0.026771396105648364,-0.054966658475735626
3.653999999999819,0.0012114136970187094,0.026611178938298525,-0.05470082314921637
3.655999999999819,0.001264475582192151,0.026450523286356754,-0.05443377157361576
3.6579999999998187,0.0013172157260865685,0.02628943876859863,-0.05416552215490566
3.6599999999998185,0.0013696332805583516,0.026127934975970775,-0.05389609326328383
3.6619999999998183,0.0014217274166177132,0.025966021471284358,-0.0536255032324999
3.663999999999818,0.001473497324372116,0.02580370778891142,-0.053353770359186425
3.665999999999818,0.0015249422129690918,0.02564100343448403,-0.05308091290219496
3.6679999999998176,0.0015760613105384644,0.025477917884596253,-0.05280694908193716
3.6699999999998174,0.0016268538641339774,0.025314460586508946,-0.05253189707973097
3.671999999999817,0.0016773191396743361,0.0251506409578574,-0.05225577503715187
3.673999999999817,0.0017274564218836658,0.024986468386361774,-0.05197860105538914
3.6759999999998167,0.001777265014231395,0.024821952229540374,-0.051700393194607216
3.6779999999998165,0.0018267442388715674,0.024657101814425753,-0.05142116947331214
3.6799999999998163,0.0018758934365815895,0.024491926437283616,-0.05114094786772307
3.681999999999816,0.0019247119667004176,0.024326435363334578,-0.05085974631114882
3.683999999999816,0.001973199207066193,0.02416063782647871,-0.05057758269336957
3.6859999999998156,0.0020213545539533267,0.02399454302902292,-0.050294474860023614
3.6879999999998154,0.0020691774220090455,0.023828160141411148,-0.05001044061199916
3.689999999999815,0.0021166672441893957,0.023661498301957382,-0.04972549770483134
3.691999999999815,0.002163823471694721,0.023494566616581485,-0.04943966384810416
3.6939999999998148,0.0022106455739046124,0.023327374158547826,-0.04915295670485769
3.6959999999998145,0.0022571330383123374,0.02315992996820674,-0.04886539389100027
3.6979999999998143,0.002303285370458757,0.022992243052738778,-0.04857699297472581
3.699999999999814,0.0023491020938657325,0.02282432238590178,-0.04828777147593631
3.701999999999814,0.0023945827499690297,0.022656176907780746,-0.047997746865669294
3.7039999999998137,0.002439726898050726,0.0224878155245405,-0.047706936565530524
3.7059999999998134,0.0024845341151711244,0.02231924710818117,-0.047415357947131725
3.7079999999998132,0.0025290039961001843,0.02215048049629646,-0.047123028331533465
3.709999999999813,0.002573136153248466,0.021981524491834714,-0.0468299649886931
3.711999999999813,0.0026169302165976074,0.021812387862862773,-0.046536185136917894
3.7139999999998126,0.0026603858336303244,0.021643079342332616,-0.04624170594232315
3.7159999999998123,0.002703502669259952,0.021473607627850798,-0.04594654451829556
3.717999999999812,0.002746280405759525,0.021303981381450662,-0.045650717924961545
3.719999999999812,0.0027887187426904065,0.021134209229367342,-0.04535424316866085
3.7219999999998117,0.002830817396830468,0.020964299761815523,-0.04505713720142509
3.7239999999998115,0.00287257610210183,0.02079426153276999,-0.044759416920461516
3.7259999999998112,0.002913994609498165,0.020624103059748943,-0.04446109916764181
3.727999999999811,0.00295507268701157,0.02045383282360007,-0.04416220072899605
3.729999999999811,0.002995810119559014,0.02028345926828939,-0.043862738334211705
3.7319999999998106,0.0030362067089083657,0.020112990800692863,-0.0435627286561378
3.7339999999998104,0.0030762622736040086,0.019942435790390716,-0.04326218831029409
3.73599999999981,0.003115976648892045,0.019771802569464567,-0.04296113385438544
3.73799999999981,0.0031553496866450997,0.019601099432297268,-0.04265958178782118
3.7399999999998097,0.0031943812552867232,0.019430334635375485,-0.04235754855123963
3.7419999999998095,0.003233071239715406,0.019259516397095028,-0.042055050526037696
3.7439999999998093,0.0032714195412282036,0.01908865289756891,-0.04175210403390546
3.745999999999809,0.0033094260774439816,0.018917752278438126,-0.041448725336366024
3.747999999999809,0.003347090782226286,0.018746822642685165,-0.04114493063432023
3.7499999999998086,0.00338441360560584,0.01857587205445023,-0.04084073606759662
3.7519999999998084,0.00342139451370268,0.018404908538850174,-0.0405361577145063
3.753999999999808,0.00345803348864793,0.018233940081800154,-0.04023121159140303
3.755999999999808,0.0034943305285052213,0.018062974629837966,-0.039925913652248235
3.7579999999998077,0.0035302856471917652,0.0178920200899511,-0.039620279788181154
3.7599999999998075,0.003565898874399082,0.017721084329406472,-0.03931432582709397
3.7619999999998073,0.0036011702555133916,0.017550175175582848,-0.039008067533212024
3.763999999999807,0.0036360998515356725,0.017379300415805942,-0.038701520606679085
3.765999999999807,0.003670687739001393,0.017208467797186208,-0.038394700683147556
3.7679999999998066,0.00370493400989992,0.017037685026459273,-0.03808762333337381
3.7699999999998064,0.0037388387715936136,0.01686695976982906,-0.037780304062818466
3.771999999999806,0.0037724021467366088,0.016696299652813548,-0.037472758311251735
3.773999999999806,0.003805624273193291,0.016525712260093205,-0.037165001452363705
3.7759999999998057,0.003838505303956472,0.016355205135362046,-0.0368570487933797
3.7779999999998055,0.0038710454070652713,0.01618478578118134,-0.03654891557468056
3.7799999999998053,0.003903244765522706,0.016014461658835938,-0.03624061696942795
3.781999999999805,0.003935103577212997,0.015844240188193262,-0.035932168083194584
3.783999999999805,0.0039666220548185945,0.01567412874756487,-0.03562358395359952
3.7859999999998046,0.003997800425736932,0.015504134673570653,-0.03531487954994834
3.7879999999998044,0.004028638931996907,0.01533426526100565,-0.03500606977287824
3.789999999999804,0.004059137830175102,0.015164527762709448,-0.034697169454008206
3.791999999999804,0.0040892973913117464,0.014994929389438175,-0.034388193355593996
3.7939999999998038,0.0041191179008264215,0.014825477309739089,-0.0340791561701881
3.7959999999998035,0.0041485996584335215,0.014656178649827737,-0.033770072520304596
3.7979999999998033,0.004177742978057467,0.014487040493467692,-0.033460956958089
3.799999999999803,0.004206548187747687,0.014318069881852847,-0.03315182396499285
3.801999999999803,0.00423501562959336,0.014149273813492274,-0.032842687951453384
3.8039999999998027,0.004263145659637934,0.013980659244097632,-0.032533563256577906
3.8059999999998024,0.0042909386477934216,0.013812233086473112,-0.0322244641478332
3.807999999999802,0.004318394977754475,0.01364400221040792,-0.031915404820739644
3.809999999999802,0.004345515046912253,0.013475973442571298,-0.031606399398570316
3.8119999999998018,0.004372299266268076,0.01330815356641004,-0.03129746193205485
3.8139999999998015,0.004398748060346884,0.013140549322048545,-0.030988606399088157
3.8159999999998013,0.004424861867110491,0.012973167406191364,-0.030679846704443976
3.817999999999801,0.0044506411378706515,0.012806014472028239,-0.030371196679493218
3.819999999999801,0.004476086337201939,0.012639097129141633,-0.030062670081927128
3.8219999999998007,0.004501197942854439,0.012472421943416752,-0.029754280595485204
3.8239999999998004,0.004525976445666267,0.012305995436954017,-0.029446041829687943
3.8259999999998002,0.004550422349475916,0.012139824087984015,-0.0291379673195743
3.8279999999998,0.004574536171034433,0.011973914330784905,-0.028830070525443945
3.8299999999998,0.004598318439917429,0.011808272555602264,-0.028522364832604244
3.8319999999997996,0.004621769698436945,0.011642905108571378,-0.028214863551121957
3.8339999999997993,0.004644890501553146,0.011477818291641958,-0.0279075799155797
3.835999999999799,0.0046676814167858835,0.011313018362505282,-0.02760052708483706
3.837999999999799,0.004690143024126106,0.01114851153452375,-0.027293718141796448
3.8399999999997987,0.0047122759159471325,0.010984303976662836,-0.026987166093173608
3.8419999999997985,0.004734080696915791,0.010820401813425445,-0.026680883869272806
3.8439999999997982,0.004755557983903432,0.010656811124788652,-0.02637488432376668
3.845999999999798,0.004776708405896819,0.010493537946142812,-0.026069180233480736
3.847999999999798,0.004797532603908887,0.010330588268233057,-0.025763784298182442
3.8499999999997976,0.0048180312308894035,0.010167968037103129,-0.025458709140375
3.8519999999997974,0.0048382049516355104,0.010005683154041585,-0.025153967305095663
3.853999999999797,0.0048580544427021585,0.009843739475530324,-0.024849571259718678
3.855999999999797,0.004877580392312448,0.009682142813195465,-0.02454553339376281
3.8579999999997967,0.004896783500267867,0.00952089893376053,-0.02424186601870338
3.8599999999997965,0.0049156644778584465,0.009360013559001956,-0.023938581367788928
3.8619999999997963,0.004934224047772817,0.009199492365706895,-0.02363569159586236
3.863999999999796,0.004952462944008195,0.009039340985633323,-0.02333320877918661
3.865999999999796,0.0049703819117802835,0.008879565005472424,-0.023031144915274842
3.8679999999997956,0.004987981707433106,0.008720169966813254,-0.02272951192272513
3.8699999999997954,0.005005263098348765,0.008561161366109672,-0.022428321641059616
3.871999999999795,0.005022226862857144,0.008402544654649518,-0.02212758583056811
3.873999999999795,0.005038873790145544,0.00824432523852605,-0.02182731617215618
3.8759999999997947,0.005055204680168269,0.008086508478611604,-0.021527524267197645
3.8779999999997945,0.005071220343556159,0.007929099690533492,-0.02122822163739148
3.8799999999997943,0.005086921601526079,0.007772104144652106,-0.020929419724623144
3.881999999999794,0.0051023092857903655,0.007615527066041241,-0.020631129890830293
3.883999999999794,0.005117384238466231,0.007459373634470595,-0.020333363417872848
3.8859999999997936,0.005132147311985147,0.00730364898439048,-0.02003613150740742
3.8879999999997934,0.0051465993690021855,0.007148358204918688,-0.019739445280766106
3.889999999999793,0.0051607412823053474,0.0069935063398295335,-0.01944331577883956
3.891999999999793,0.005174573934724864,0.006839098387545048,-0.019147753961964414
3.8939999999997927,0.005188098219042487,0.006685139301128324,-0.01885277070981496
3.8959999999997925,0.005201315037900762,0.0065316339882789875,-0.018558376821299134
3.8979999999997923,0.005214225303712306,0.0063785873113307995,-0.018264583014458737
3.899999999999792,0.005226829938569066,0.0062260040872513705,-0.017971399926373904
3.901999999999792,0.005239129874151596,0.006073889087643981,-0.017678838113071808
3.9039999999997916,0.005251126051638328,0.005922247038751491,-0.01738690804943956
3.9059999999997914,0.005262819421614859,0.005771082621462333,-0.01709562012914131
3.907999999999791,0.005274210943983246,0.00562040047131858,-0.016804984664539526
3.909999999999791,0.005285301587871328,0.005470205178526071,-0.016515011886620405
3.9119999999997908,0.0052960923315420625,0.005320501287966592,-0.01622571194492347
3.9139999999997905,0.005306584162302891,0.005171293299212087,-0.015937094907475247
3.9159999999997903,0.0053167780764151375,0.0050225856665409106,-0.015649170760727065
3.91799999999979,0.005326675079003437,0.0048743827989560905,-0.015361949409496959
3.91999999999979,0.005336276183965206,0.004726689060205599,-0.015075440676915618
3.9219999999997897,0.005345582413880154,0.004579508768804623,-0.014789654304376405
3.9239999999997894,0.005354594799919842,0.004432846198059812,-0.0145045999514894
3.925999999999789,0.005363314381757292,0.004286705576095517,-0.014220287196039468
3.927999999999789,0.005371742207476648,0.00414109108588197,-0.013936725533948325
3.9299999999997888,0.005379879333482902,0.003996006865265438,-0.013653924379240588
3.9319999999997886,0.005387726824411671,0.0038514570070003022,-0.013371893064013778
3.9339999999997883,0.005395285753039054,0.0037074455587830756,-0.013090640838412274
3.935999999999788,0.005402557200191549,0.0035639765232883375,-0.012810176870605205
3.937999999999788,0.0054095422546560435,0.003421053858206576,-0.012530510246768224
3.9399999999997877,0.005416242013089892,0.0032786814762839254,-0.012251649971069195
3.9419999999997875,0.005422657579931064,0.0031368632453637915,-0.011973604965657744
3.9439999999997872,0.005428790067308384,0.0029956029884303493,-0.011696384070658646
3.945999999999787,0.005434640594951855,0.0028549044836539044,-0.011419996044169083
3.947999999999787,0.005440210290103082,0.0027147714644381042,-0.011144449562259663
3.9499999999997866,0.005445500287425784,0.0025752076194689912,-0.01086975321897929
3.9519999999997864,0.0054505117289164115,0.002436216592765882,-0.010595915526363766
3.953999999999786,0.005455245763814864,0.0022978019837340672,-0.010322944914448176
3.955999999999786,0.005459703548515317,0.002159967347219313,-0.010050849731282998
3.9579999999997857,0.005463886246477158,0.0020227161935641594,-0.009779638242953942
3.9599999999997855,0.0054677950281360405,0.0018860519886660014,-0.009509318633605476
3.9619999999997852,0.005471431070815049,0.001749978154036939,-0.009239899005468044
3.963999999999785,0.005474795558635993,0.0016144980668653885,-0.008971387378888926
3.965999999999785,0.005477889682430821,0.0014796150600794417,-0.00870379169236677
3.9679999999997846,0.005480714639653166,0.001345332422411961,-0.008437119802589705
3.9699999999997844,0.0054832716342900194,0.0012116533984673984,-0.008171379484477088
3.971999999999784,0.005485561876773547,0.0010785811887903296,-0.007906578431224817
3.973999999999784,0.005487586583893032,0.0009461189499356874,-0.007642724254354206
3.9759999999997837,0.005489346978706975,0.0008142697945406859,-0.007379824483764407
3.9779999999997835,0.0054908442904553255,0.0006830367913984222,-0.007117886567788346
3.9799999999997833,0.0054920797544718725,0.0005524229655331448,-0.00685691787325217
3.981999999999783,0.005493054612096783,0.00042243129827717533,-0.006596925685538162
3.983999999999783,0.005493770110589294,0.0002930647273494745,-0.006337917208651133
3.9859999999997826,0.005494227503040569,0.00016432614693583748,-0.006079899565288243
3.9879999999997824,0.0054944280482867106,3.621840777070918e-05,-0.005822879796912244
3.989999999999782,0.005494373010821941,-9.12556827793934e-05,-0.005566864863828129
3.991999999999782,0.0054940636607119534,-0.00021809336063086373,-0.005311861645263154
3.9939999999997817,0.005493501273507431,-0.0003442919048964044,-0.005057876939450226
3.9959999999997815,0.00549268713015774,-0.0004698486377968542,-0.004804917463714622
3.9979999999997813,0.0054916225169248075,-0.0005947609245714558,-0.004552989854564032
3.999999999999781,0.005490308725297171,-0.0007190261733865748,-0.004302100667781895
4.001999999999781,0.005488747051904218,-0.0008426418352428838,-0.004052256378524021
4.003999999999781,0.005486938798430615,-0.0009656054038810216,-0.0038034633814184506
4.005999999999781,0.0054848852715309185,-0.0010879144156857403,-0.003555727990668572
4.007999999999781,0.005482587782744385,-0.0012095664495885533,-0.003309056440159438
4.00999999999978,0.005480047648409977,-0.0013305591269688936,-0.003063454883567278
4.01199999999978,0.005477266189581568,-0.0014508901115537966,-0.0028189293944721897
4.01399999999978,0.005474244731943347,-0.0015705571093161195,-0.002575485966473975
4.01599999999978,0.005470984605725429,-0.0016895578683713062,-0.0023331305133111077
4.0179999999997795,0.005467487145619677,-0.0018078901788727145,-0.0020918688689828165
4.019999999999779,0.00546375369069573,-0.0019255518729055126,-0.0018517067878742479
4.021999999999779,0.005459785584317247,-0.0020425408243791607,-0.0016126499448847046
4.023999999999779,0.00545558417405837,-0.002158854948918489,-0.001374703935558926
4.025999999999779,0.005451150811620394,-0.002274492203753381,-0.0011378742762213918
4.027999999999778,0.005446486852748682,-0.0023894505876070784,-0.0009021664041136326
4.029999999999778,0.00544159365714978,-0.0025037281405831183,-0.0006675856775345251
4.031999999999778,0.005436472588408774,-0.0026173229440509117,-0.00043413737598354315
4.033999999999778,0.005431125013906878,-0.0027302331205299804,-0.00020182670030695089
4.0359999999997775,0.005425552304739241,-0.0028424568335728598,2.9341227153083238e-05
4.037999999999777,0.00541975583563301,-0.0029539922876466837,0.0002593613624064786
4.039999999999777,0.005413736984865612,-0.003064837728013458,0.00048822873966035754
4.041999999999777,0.005407497134183291,-0.003174991440609042,0.0007159384711613037
4.043999999999777,0.0054010376687198755,-0.0032844517519208423,0.0009424857470347933
4.045999999999776,0.005394359976915806,-0.003393217028864236,0.001167865835121809
4.047999999999776,0.005387465450437398,-0.0035012856786577366,0.0013920740808126665
4.049999999999776,0.0053803554840963635,-0.0036086561486969064,0.0016151059068780756
4.051999999999776,0.005373031475769587,-0.0037153269264270376,0.0018369568132974492
4.053999999999776,0.00536549482631915,-0.0038212965392146084,0.002057622377084488
4.055999999999775,0.00535774693951262,-0.003926563554217526,0.0022770982521100663
4.057999999999775,0.005349789221943596,-0.004031126578254172,0.0024953801689224326
4.059999999999775,0.0053416230829525235,-0.004134984257671257,0.0027124639345647485
4.061999999999775,0.005333249934547768,-0.004238135278210503,0.0029283454323899907
4.0639999999997745,0.005324671191326961,-0.004340578364874158,0.0031430206218732376
4.065999999999774,0.005315888270398611,-0.004442312281789364,0.0033564855384213554
4.067999999999774,0.005306902591303994,-0.004543335832071378,0.0035687362931801168
4.069999999999774,0.005297715575939314,-0.004643647857685673,0.0037797690728387616
4.071999999999774,0.005288328648478139,-0.00474324723930892,0.003989580139432032
4.073999999999773,0.0052787432352941225,-0.004842132896188861,0.0041981658301397
4.075999999999773,0.005268960764883997,-0.0049403037860031,0.004405522557083599
4.077999999999773,0.005258982667790861,-0.0050377589047168065,0.004611646807122204
4.079999999999773,0.005248810376527747,-0.005134497286439353,0.004816535141642752
4.0819999999997725,0.005238445325501472,-0.005230518003279899,0.005020184196350959
4.083999999999772,0.005227888950936788,-0.005325820165201927,0.005222590681058326
4.085999999999772,0.005217142690800819,-0.005420402919876748,0.005423751379467066
4.087999999999772,0.005206207984727791,-0.005514265452535989,0.0056236631489526775
4.089999999999772,0.00519508627394406,-0.005607406985823065,0.005822322920344187
4.091999999999771,0.00518377900119344,-0.005699826779643667,0.0060197276977020705
4.093999999999771,0.005172287610662825,-0.005791524131015251,0.006215874558093895
4.095999999999771,0.0051606135479081204,-0.005882498373915563,0.0064107606513676765
4.097999999999771,0.00514875825978047,-0.005972748879130203,0.006604383199923006
4.0999999999997705,0.005136723194352799,-0.006062275054099232,0.006796739498479935
4.10199999999977,0.005124509800846653,-0.0061510763427628555,0.006987826913845665
4.10399999999977,0.005112119529559359,-0.006239152225406168,0.007177642884679058
4.10599999999977,0.005099553831791488,-0.00632650221850299,0.007366184921252977
4.10799999999977,0.005086814159774633,-0.006413125874558803,0.007553450605214493
4.109999999999769,0.005073901966599508,-0.006499022781952793,0.007739437589342974
4.111999999999769,0.005060818706144355,-0.006584192564779013,0.007924143597306078
4.113999999999769,0.005047565833003674,-0.006668634882686688,0.00810756642341367
4.115999999999769,0.0050341448024172775,-0.006752349430719654,0.008289703932369701
4.1179999999997685,0.005020557070199656,-0.0068353359391549575,0.00847055405902203
4.119999999999768,0.0050068040926696785,-0.006917594173340626,0.00865011480811026
4.121999999999768,0.0049928873265806095,-0.0069991239335326135,0.008828384254011574
4.123999999999768,0.004978808229050461,-0.007079925054730943,0.009005360540484618
4.125999999999768,0.004964568257492666,-0.007159997406515046,0.009181041880411425
4.127999999999767,0.004950168869547084,-0.007239340892878324,0.009355426555537425
4.129999999999767,0.004935611523011342,-0.007317955452061925,0.009528512916209562
4.131999999999767,0.004920897675772504,-0.007395841056387774,0.009700299381112509
4.133999999999767,0.004906028785739078,-0.007472997712090833,0.009870784437003044
4.1359999999997665,0.004891006310773355,-0.0075494254591506405,0.010039966638442588
4.137999999999766,0.004875831708624092,-0.00762512437112211,0.010207844607527926
4.139999999999766,0.004860506436859533,-0.0077000945549656205,0.010374417033620128
4.141999999999766,0.004845031952800761,-0.0077743361508763945,0.010539682673071708
4.143999999999766,0.004829409713455406,-0.00784784933211319,0.010703640348952027
4.145999999999765,0.004813641175451688,-0.007920634304826302,0.010866288950770974
4.147999999999765,0.004797727794972807,-0.007992691307884906,0.011027627434200916
4.149999999999765,0.004781671027691675,-0.008064020612703728,0.011187654820797005
4.151999999999765,0.004765472328706002,-0.00813462252306907,0.011346370197715781
4.1539999999997645,0.004749133152473727,-0.008204497374964207,0.011503772717432137
4.155999999999764,0.004732654952748797,-0.00827364553639415,0.011659861597454687
4.157999999999764,0.004716039182517301,-0.008342067407209792,0.011814636120039503
4.159999999999764,0.0046992872939339535,-0.008409763418931465,0.011968095631902282
4.161999999999764,0.004682400738258935,-0.008476734034571887,0.012120239543928976
4.1639999999997634,0.004665380965795079,-0.008542979748458536,0.012271067330884839
4.165999999999763,0.0046482294258254255,-0.00860850108605546,0.012420578531121992
4.167999999999763,0.004630947566551126,-0.008673298603784522,0.012568772746285496
4.169999999999763,0.004613536835029706,-0.008737372888846089,0.012715649641017918
4.171999999999763,0.004595998677113684,-0.008800724559039203,0.012861208942662471
4.173999999999762,0.004578334537389562,-0.008863354262581214,0.013005450440964721
4.175999999999762,0.004560545859117163,-0.008925262677926895,0.013148373987772865
4.177999999999762,0.004542634084169339,-0.008986450513587065,0.013289979496736628
4.179999999999762,0.004524600652972044,-0.009046918507946712,0.013430266943004792
4.1819999999997615,0.004506447004444762,-0.009106667429082628,0.013569236362921379
4.183999999999761,0.00448817457594131,-0.009165698074580586,0.013706887853720495
4.185999999999761,0.004469784803191004,-0.009224011271352051,0.013843221573219863
4.187999999999761,0.004451279120240187,-0.009281607875450432,0.013978237739513098
4.189999999999761,0.004432658959394133,-0.00933848877188691,0.014111936630660675
4.19199999999976,0.004413925751159312,-0.009394654874445825,0.014244318584379686
4.19399999999976,0.004395080924186032,-0.009450107125499662,0.01437538399773234
4.19599999999976,0.004376125905211449,-0.009504846495823607,0.014505133326813292
4.19799999999976,0.004357062119002942,-0.009558873984409725,0.014633567086435765
4.1999999999997595,0.00433789098830187,-0.009612190618280744,0.014760685849816508
4.201999999999759,0.004318613933767692,-0.00966479745230347,0.014886490248259618
4.203999999999759,0.004299232373922475,-0.00971669556900183,0.015010980970839248
4.205999999999759,0.004279747725095754,-0.009767886078369563,0.015134158764081184
4.207999999999759,0.004260161401369791,-0.00981837011768257,0.01525602443164337
4.209999999999758,0.004240474814525193,-0.00986814885131093,0.01537657883399535
4.211999999999758,0.004220689373986912,-0.009917223470530588,0.015495822888096667
4.213999999999758,0.004200806486770624,-0.009965595193334736,0.015613757567074263
4.215999999999758,0.004180827557429482,-0.01001326526424489,0.015730383899898847
4.2179999999997575,0.004160753988001246,-0.010060234954121672,0.015845702971060298
4.219999999999757,0.004140587177955797,-0.010106505559975311,0.015959715920242097
4.221999999999757,0.004120328524143028,-0.01015207840477588,0.016072423941994825
4.223999999999757,0.004099979420741112,-0.010196954837263256,0.016183828285408732
4.225999999999757,0.004079541259205154,-0.010241136231756846,0.0162939302537854
4.227999999999756,0.00405901542821622,-0.010284623987965051,0.01640273120430854
4.229999999999756,0.004038403313630754,-0.010327419530794522,0.01651023254771388
4.231999999999756,0.004017706298430366,-0.01036952431015917,0.01661643574795829
4.233999999999756,0.003996925762672013,-0.01041093980078899,0.016721342321887975
4.2359999999997555,0.003976063083438561,-0.010451667502038658,0.016824953838905966
4.237999999999755,0.003955119634789717,-0.010491708937695956,0.016927271920638757
4.239999999999755,0.003934096787713366,-0.010531065655790005,0.017028298240602195
4.241999999999755,0.0039129959100772695,-0.010569739228399324,0.017128034523866645
4.243999999999755,0.0038918183665811678,-0.010607731251459735,0.017226482546721378
4.245999999999754,0.003870565518709252,-0.010645043344572114,0.017323644136338304
4.247999999999754,0.003849238724683027,-0.010681677150809983,0.017419521170434975
4.249999999999754,0.0038278393394145602,-0.010717634336526996,0.01751411557693694
4.251999999999754,0.003806368714460112,-0.010752916591164275,0.01760742933363943
4.2539999999997535,0.0037848281979741536,-0.010787525627057648,0.017699464467868437
4.255999999999753,0.003763219134663772,-0.010821463179244777,0.01779022305614114
4.257999999999753,0.003741542865743457,-0.010854731005272185,0.017879707223825782
4.259999999999753,0.003719800728890278,-0.01088733088500221,0.017967919144800913
4.261999999999753,0.0036979940581994444,-0.010919264620419868,0.018054861041114142
4.263999999999752,0.0036761241841402536,-0.010950534035439661,0.01814053518264029
4.265999999999752,0.0036541924335124253,-0.010981140975712319,0.018224943886739068
4.267999999999752,0.0036322001294028217,-0.01101108730843149,0.018308089517912213
4.269999999999752,0.003610148591142555,-0.011040374922140406,0.01838997448746016
4.2719999999997516,0.0035880391342644827,-0.011069005726538501,0.018470601253138257
4.273999999999751,0.0035658730704610864,-0.011096981652288018,0.01854997231881252
4.275999999999751,0.0035436517075427406,-0.011124304650820599,0.01862809023411495
4.277999999999751,0.003521376349396367,-0.011150976694143874,0.018704957594098456
4.279999999999751,0.0034990482959444762,-0.01117699977464806,0.018780577038891383
4.2819999999997505,0.003476668843104595,-0.011202375904912559,0.018854951253351643
4.28399999999975,0.003454239282749081,-0.011227107117512599,0.018928082966720522
4.28599999999975,0.0034317609026653264,-0.011251195464825897,0.018999974952276115
4.28799999999975,0.003409234986516343,-0.011274643018839365,0.019070630026986467
4.28999999999975,0.0033866628138017395,-0.011297451870955863,0.019140051051162385
4.291999999999749,0.003364045659819081,-0.011319624131801013,0.019208240928109986
4.293999999999749,0.003341384795625637,-0.011341161931030087,0.019275202603782945
4.295999999999749,0.0033186814880005163,-0.011362067417134957,0.019340939066434536
4.297999999999749,0.003295936999407184,-0.011382342757251139,0.019405453346269398
4.2999999999997485,0.0032731525879563686,-0.01140199013696493,0.019468748515095093
4.301999999999748,0.0032503295073693537,-0.011421011760120644,0.01953082768597349
4.303999999999748,0.003227469006941653,-0.011439409848627952,0.019591694012871932
4.305999999999748,0.003204572331507073,-0.011457186642269357,0.01965135069031425
4.307999999999748,0.0031816407214021584,-0.011474344398507776,0.01970980095303164
4.309999999999747,0.0031586754124310256,-0.01149088539229427,0.019767048075613393
4.311999999999747,0.0031356776358305765,-0.011506811915875907,0.019823095372157512
4.313999999999747,0.0031126486182360986,-0.011522126278603793,0.019877946195921238
4.315999999999747,0.0030895895816472493,-0.011536830806741243,0.01993160393897149
4.3179999999997465,0.003066501743394423,-0.011550927843272127,0.019984072031835238
4.319999999999746,0.0030433863161055006,-0.0115644197477094,0.02003535394314983
4.321999999999746,0.0030202445076729836,-0.011577308895903804,0.0200854531793133
4.323999999999746,0.002997077521221508,-0.011589597679852763,0.020134373284134623
4.325999999999746,0.002973886555075744,-0.011601288507509484,0.020182117838484018
4.327999999999745,0.0029506728027286714,-0.011612383802592262,0.020228690459943223
4.329999999999745,0.0029274374528102443,-0.011622886004393998,0.02027409480245585
4.331999999999745,0.002904181689056429,-0.011632797567591939,0.02031833455597775
4.333999999999745,0.002880906690278626,-0.011642120962057655,0.02036141344612745
4.3359999999997445,0.00285761363033347,-0.011650858672667245,0.020403335233836684
4.337999999999744,0.002834303678093013,-0.011659013199111803,0.02044410371500102
4.339999999999744,0.0028109779974152807,-0.011666587055708118,0.020483722720130593
4.341999999999744,0.0027876377471152116,-0.011673582771209652,0.020522196114000954
4.343999999999744,0.0027642840809359724,-0.011680002888617777,0.02055952779530409
4.345999999999743,0.002740918147520649,-0.011685849964993292,0.02059572169629958
4.347999999999743,0.002717541090384317,-0.011691126571268218,0.020630781782465933
4.349999999999743,0.002694154047886488,-0.011695835292057892,0.020664712052152118
4.351999999999743,0.0026707581532039275,-0.011699978725473348,0.020697516536229296
4.3539999999997425,0.0026473545343038544,-0.011703559482934016,0.020729199297742768
4.355999999999742,0.002623944313917508,-0.01170658018898072,0.020759764431564177
4.357999999999742,0.0026005286095140937,-0.011709043481088999,0.02078921606404393
4.359999999999742,0.0025771085332750993,-0.011710952009482767,0.020817558352663905
4.361999999999742,0.0025536851920689835,-0.011712308436948284,0.020844795485690435
4.363999999999741,0.002530259687426238,-0.011713115438648483,0.020870931681827586
4.365999999999741,0.0025068331155148186,-0.011713375701937645,0.02089597118987073
4.367999999999741,0.0024834065671159476,-0.011713091926176413,0.02091991828836047
4.369999999999741,0.0024599811276002858,-0.011712266822547189,0.02094277728523688
4.3719999999997405,0.0024365578769044724,-0.011710903113869875,0.020964552517494094
4.37399999999974,0.002413137889508035,-0.011709003534418009,0.02098524835083528
4.37599999999974,0.002389722234410665,-0.011706570829735268,0.021004869179327982
4.37799999999974,0.0023663119751098595,-0.011703607756452364,0.02102341942505987
4.37999999999974,0.002342908169578932,-0.011700117082104338,0.021040903537794867
4.381999999999739,0.0023195118702453842,-0.011696101584948247,0.021057325994629745
4.383999999999739,0.002296124123969645,-0.011691564053781259,0.021072691299651107
4.385999999999739,0.00227274597202417,-0.011686507287759171,0.021087003983592874
4.387999999999739,0.002249378450072907,-0.011680934096215338,0.021100268603494173
4.3899999999997386,0.002226022588151121,-0.011674847298480026,0.02111248974235777
4.391999999999738,0.0022026794106455795,-0.011668249723700204,0.02112367200880893
4.393999999999738,0.0021793499362751,-0.011661144210659778,0.02113382003675483
4.395999999999738,0.0021560351780714557,-0.011653533607600259,0.021142938485044456
4.397999999999738,0.0021327361433606373,-0.011645420772041887,0.021151032037129064
4.3999999999997375,0.002109453833744475,-0.011636808570605216,0.02115810540072314
4.401999999999737,0.002086189245082616,-0.011627699878833157,0.02116416330746596
4.403999999999737,0.002062943367474858,-0.011618097581013492,0.0211692105125837
4.405999999999737,0.0020397171852438336,-0.011608004570001858,0.021173251794552126
4.407999999999737,0.002016511676918054,-0.011597423747045225,0.021176291954759882
4.409999999999736,0.0019933278152153007,-0.011586358021605842,0.021178335817172395
4.411999999999736,0.001970166567026371,-0.011574810311185691,0.021179388227996383
4.413999999999736,0.001947028893399173,-0.011562783541151431,0.021179454055345014
4.415999999999736,0.0019239157495231718,-0.011550280644559846,0.021178538188903688
4.4179999999997355,0.0019008280847141823,-0.011537304561983805,0.02117664553959652
4.419999999999735,0.001877766842399511,-0.011523858241338735,0.021173781039253426
4.421999999999735,0.0018547329601034431,-0.011509944637709617,0.02116994964027796
4.423999999999735,0.001831727369433077,-0.0114955667131785,0.021165156315315792
4.425999999999735,0.001808750996064501,-0.011480727436652552,0.021159406056923923
4.427999999999734,0.0017858047597293153,-0.011465429783692653,0.021152703877240605
4.429999999999734,0.0017628895742014942,-0.011449676736342515,0.02114505480765599
4.431999999999734,0.0017400063472845925,-0.011433471282958364,0.021136463898483535
4.433999999999734,0.0017171559807992883,-0.011416816418039159,0.021126936218632136
4.4359999999997335,0.001694339370571268,-0.011399715142057384,0.02111647685527903
4.437999999999733,0.0016715574064194473,-0.011382170461290394,0.0211050909135435
4.439999999999733,0.00164881097214453,-0.011364185387652322,0.02109278351616134
4.441999999999733,0.001626100945517901,-0.011345762938526573,0.021079559803160116
4.443999999999733,0.001603428198270856,-0.011326906136598884,0.021065424931535244
4.445999999999732,0.0015807935960841617,-0.01130761800969097,0.021050384074926914
4.447999999999732,0.0015581979985779505,-0.011287901590594757,0.02103444242329778
4.449999999999732,0.001535642259301945,-0.011267759916907202,0.021017605182611563
4.451999999999732,0.0015131272257260123,-0.011247196030865722,0.02099987757451246
4.4539999999997315,0.0014906537392310477,-0.011226212979184209,0.02098126483600543
4.455999999999731,0.001468222635100184,-0.011204813812889658,0.02096177221913737
4.457999999999731,0.0014458347425103288,-0.011183001587159406,0.020941404990679133
4.459999999999731,0.001423490884524026,-0.011160779361158984,0.020920168431808484
4.461999999999731,0.0014011918780816404,-0.011138150197880586,0.02089806783779394
4.46399999999973,0.0013789385339938655,-0.011115117163982172,0.02087510851767953
4.46599999999973,0.0013567316569345527,-0.011091683329627181,0.02085129579397048
4.46799999999973,0.0013345720454338587,-0.011067851768324893,0.02082663500231981
4.46999999999973,0.0013124604918717143,-0.01104362555677142,0.02080113149121593
4.4719999999997295,0.001290397782471608,-0.01101900777469134,0.020774790621671126
4.473999999999729,0.001268384697294687,-0.010994001504679968,0.020747617766911072
4.475999999999729,0.0012464220102341738,-0.010968609832046294,0.020719618312065247
4.477999999999729,0.0012245104890100933,-0.010942835844656556,0.020690797653858412
4.479999999999729,0.001202650895164316,-0.010916682632778478,0.020661161200303018
4.481999999999728,0.0011808439840559084,-0.01089015328892617,0.020630714370392638
4.483999999999728,0.0011590905048567963,-0.010863250907705693,0.020599462593796435
4.485999999999728,0.0011373912005477336,-0.010835978585661286,0.02056741131055459
4.487999999999728,0.001115746807914579,-0.010808339421122278,0.02053456597077484
4.4899999999997275,0.0010941580575448786,-0.010780336514050661,0.020500932034329976
4.491999999999727,0.0010726256738247527,-0.01075197296588936,0.020466514970556442
4.493999999999727,0.001051150374936084,-0.010723251879411175,0.020431320257953967
4.495999999999727,0.0010297328728540085,-0.010694176358568412,0.020395353383886268
4.497999999999727,0.0010083738733447068,-0.010664749508343212,0.020358619844282815
4.499999999999726,0.0009870740759634928,-0.010634974434598564,0.02032112514334172
4.501999999999726,0.0009658341740532004,-0.010604854243930022,0.020282874793233634
4.503999999999726,0.000944654854742866,-0.010574392043518129,0.020243874313806844
4.505999999999726,0.0009235367989467053,-0.01054359094098153,0.02020412923229339
4.507999999999726,0.0009024806813633837,-0.010512454044230814,0.020163645083016355
4.509999999999725,0.0008814871704755769,-0.010480984461323044,0.020122427407098246
4.511999999999725,0.0008605569285498239,-0.01044918530031702,0.02008048175217051
4.513999999999725,0.0008396906116366666,-0.010417059669129251,0.020037813672084216
4.515999999999725,0.000818888869571078,-0.010384610675390654,0.019994428726621837
4.5179999999997245,0.0007981523459731764,-0.010351841426303967,0.01995033248121023
4.519999999999724,0.0007774816782492228,-0.010318755028501898,0.019905530506634756
4.521999999999724,0.0007568774975929028,-0.010285354587905998,0.01986002837875457
4.523999999999724,0.000736340428986889,-0.010251643209586275,0.019813831678219092
4.525999999999724,0.0007158710912046836,-0.010217623997621533,0.01976694599018566
4.527999999999723,0.0006954700968127401,-0.010183300054960452,0.019719376904038383
4.529999999999723,0.0006751380521728614,-0.01014867448328342,0.019671130013108166
4.531999999999723,0.0006548755574448741,-0.010113750382865093,0.019622210914393978
4.533999999999723,0.0006346832065895764,-0.010078530852437713,0.019572625208285312
4.5359999999997225,0.0006145615873719591,-0.010043018989055172,0.01952237849828585
4.537999999999722,0.0005945112813646974,-0.010007217887957826,0.019471476390738384
4.539999999999722,0.0005745328639519124,-0.009971130642438068,0.019419924494550954
4.541999999999722,0.0005546269043332007,-0.009934760343706649,0.019367728420924223
4.543999999999722,0.0005347939655279306,-0.00989811008075977,0.019314893783080097
4.545999999999721,0.0005150346043798035,-0.009861182940246927,0.01926142619599161
4.547999999999721,0.0004953493715616786,-0.009823982006339525,0.01920733127611405
4.549999999999721,0.0004757388115806598,-0.009786510360600255,0.01915261464111737
4.551999999999721,0.0004562034627834428,-0.009748771081853243,0.01909728190961985
4.5539999999997205,0.00043674385736192155,-0.009710767246054965,0.019041338700923043
4.55599999999972,0.0004173605213590518,-0.009672501926165939,0.01898479063474801
4.55799999999972,0.00039805397467497066,-0.009633978192023196,0.018927643330972826
4.55999999999972,0.0003788247310733701,-0.009595199110213514,0.01886990240937142
4.56199999999972,0.0003596732981881238,-0.00955616774394745,0.018811573489353656
4.563999999999719,0.00034060017753016444,-0.009516887152934136,0.018752662189706774
4.565999999999719,0.00032160586449461135,-0.009477360393256872,0.018693174128338107
4.567999999999719,0.00030269084836814564,-0.009437590517249496,0.018633114922019134
4.569999999999719,0.00028385561233663193,-0.009397580573373539,0.018572490186130847
4.5719999999997185,0.0002651006334929852,-0.009357333606096177,0.018511305534410445
4.573999999999718,0.0002464263828452807,-0.009316852655768969,0.01844956657869937
4.575999999999718,0.00022783332532510565,-0.009276140758507382,0.018387278928692657
4.577999999999718,0.00020932191979615124,-0.00923520094607112,0.018324448191689657
4.579999999999718,0.00019089261906304298,-0.009194036245745238,0.01826107997234609
4.581999999999717,0.00017254586988040815,-0.00915264968022206,0.018197179872427433
4.583999999999717,0.0001542821129621786,-0.009111044267483895,0.018132753490563713
4.585999999999717,0.0001361017829911272,-0.009069223020686551,0.01806780642200561
4.587999999999717,0.00011800530862863668,-0.009027188948043644,0.018002344258381976
4.5899999999997165,9.999311252469889e-05,-0.008984945052711725,0.01793637258745865
4.591999999999716,8.206561132814298e-05,-0.008942494332676198,0.017869896992898752
4.593999999999716,6.42232156970911e-05,-0.008899839780638047,0.017802923054024252
4.595999999999716,4.646633030963968e-05,-0.00885698438390137,0.017735456345579003
4.597999999999716,2.8795353874764925e-05,-0.008813931124261725,0.017667502437493102
4.599999999999715,1.121067914345077e-05,-0.008770682977895275,0.017599066894648685
4.601999999999715,-6.287307079962254e-06,-0.008727242915248757,0.0175301552766471
4.603999999999715,-2.3698223926208887e-05,-0.008683613900930243,0.017460773137577476
4.605999999999715,-4.102169644931337e-05,-0.00863979889360074,0.017390926025786697
4.6079999999997145,-5.825735561458767e-05,-0.008595800845866572,0.017320619483650792
4.609999999999714,-7.540483828641526e-05,-0.008551622704172604,0.017249859047347733
4.611999999999714,-9.246378721582222e-05,-0.008507267408696263,0.01717865024663162
4.613999999999714,-0.00010943385102783713,-0.008462737893242384,0.017106998604608348
4.615999999999714,-0.00012631468420864152,-0.008418037085138868,0.017034909637512606
4.6179999999997134,-0.00014310594709251247,-0.00837316790513316,0.016962388854486376
4.619999999999713,-0.0001598073058485588,-0.008328133267289548,0.016889441757358833
4.621999999999713,-0.00017641843246725308,-0.008282936078887273,0.016816073840427655
4.623999999999713,-0.00019293900474676016,-0.008237579240319468,0.0167422905902418
4.625999999999713,-0.00020936870627906483,-0.008192065644992908,0.016668097485385697
4.627999999999712,-0.00022570722643589958,-0.008146398179228595,0.01659349999626488
4.629999999999712,-0.0002419542603544744,-0.008100579722163142,0.01651850358489309
4.631999999999712,-0.00025810950892301014,-0.008054613145651004,0.016443113704680757
4.633999999999712,-0.00027417267876607724,-0.008008501314167514,0.01636733580022502
4.6359999999997115,-0.0002901434822297413,-0.00796224708471275,0.016291175307101106
4.637999999999711,-0.0003060216373665171,-0.007915853306716215,0.01621463765165524
4.639999999999711,-0.0003218068679201331,-0.007869322821942363,0.016137728250798948
4.641999999999711,-0.0003374989033101075,-0.007822658464396918,0.01606045251180486
4.643999999999711,-0.0003530974786161378,-0.007775863060234045,0.015982815832103942
4.64599999999971,-0.0003686023345623058,-0.007728939427664326,0.01590482359908423
4.64799999999971,-0.00038401321750109905,-0.0076818903768635675,0.015826481189890957
4.64999999999971,-0.000399329879397251,-0.007634718709882439,0.015747793971228233
4.65199999999971,-0.000414552077811401,-0.007587427220556923,0.01566876729916213
4.6539999999997095,-0.0004296795758835761,-0.0075400186944196024,0.015589406518925248
4.655999999999709,-0.0004447121423164966,-0.007492495908611761,0.01550971696472278
4.657999999999709,-0.00045964955135870594,-0.007444861631796321,0.01542970395954002
4.659999999999709,-0.000474491582787528,-0.0073971186240715915,0.015349372814951348
4.661999999999709,-0.0004892380218918522,-0.007349269636885858,0.015268728830930712
4.663999999999708,-0.0005038886594547487,-0.0073013174129527795,0.015187777295663568
4.665999999999708,-0.0005184432917359157,-0.007253264686167622,0.015106523485360308
4.667999999999708,-0.0005329017204539594,-0.007205114181524308,0.015024972664071158
4.669999999999708,-0.000547263752768509,-0.0071568686150333,0.014943130083502575
4.6719999999997075,-0.0005615292012621686,-0.0071085306936402946,0.014861000982835108
4.673999999999707,-0.0005756978839223071,-0.007060103115145751,0.014778590588542757
4.675999999999707,-0.0005897696241226881,-0.007011588568125235,0.01469590411421381
4.677999999999707,-0.0006037442506049409,-0.006962989731850591,0.014612946760373158
4.679999999999707,-0.0006176215974598754,-0.00691430927621193,0.014529723714306123
4.681999999999706,-0.0006314015041086411,-0.006865549861640446,0.014446240149883735
4.683999999999706,-0.0006450838152837328,-0.0068167141390320495,0.014362501227389532
4.685999999999706,-0.0006586683810098449,-0.006767804749671821,0.014278512093347831
4.687999999999706,-0.0006721550565845743,-0.006718824325159287,0.014194277880353486
4.6899999999997055,-0.0006855437025589756,-0.006669775487334513,0.014109803706903148
4.691999999999705,-0.000698834184717969,-0.0066206608482050205,0.014025094677228001
4.693999999999705,-0.0007120263740606031,-0.006571483009873511,0.01394015588112801
4.695999999999705,-0.0007251201467801734,-0.0065222445644664215,0.013854992393807625
4.697999999999705,-0.0007381153842441993,-0.006472948094063286,0.013769609275713017
4.699999999999704,-0.0007510119729742602,-0.0064235961706269155,0.013684011572370772
4.701999999999704,-0.0007638098046256932,-0.006374191355934399,0.01359820431422809
4.703999999999704,-0.0007765087759671532,-0.006324736201508909,0.01351219251649449
4.705999999999704,-0.0007891087888600379,-0.006275233248552326,0.013425981178984971
4.7079999999997035,-0.0008016097502377782,-0.006225685027878679,0.01333957528596469
4.709999999999703,-0.0008140115720849969,-0.006176094059848387,0.013252979805995137
4.711999999999703,-0.0008263141714165365,-0.006126462854303318,0.01316619969178177
4.713999999999703,-0.0008385174702563578,-0.0060767939105026625,0.013079239880023174
4.715999999999703,-0.0008506213956163112,-0.006027089717059602,0.012992105291261683
4.717999999999702,-0.0008626258794747818,-0.005977352751878798,0.012904800829735516
4.719999999999702,-0.0008745308587552114,-0.005927585482094678,0.012817331383232378
4.721999999999702,-0.0008863362753044959,-0.0058777903640105334,0.012729701822944568
4.723999999999702,-0.0008980420758712639,-0.005827969843038414,0.012641917003325563
4.7259999999997016,-0.000909648212084034,-0.005778126353639835,0.012553981761948092
4.727999999999701,-0.0009211546404292559,-0.005728262319267275,0.012465900919363703
4.729999999999701,-0.000932561322229234,-0.005678380152306484,0.012377679278963806
4.731999999999701,-0.0009438682236199372,-0.005628482254019579,0.012289321626842202
4.733999999999701,-0.0009550753155286953,-0.005578571014488954,0.012200832731659096
4.7359999999997004,-0.0009661825736517846,-0.005528648812561966,0.012112217344506604
4.7379999999997,-0.0009771899784319026,-0.0054787180157964315,0.012023480198775718
4.7399999999997,-0.0009880975150355358,-0.00542878098040691,0.011934626010024766
4.7419999999997,-0.0009989051733302196,-0.005378840051211782,0.011845659475849356
4.7439999999997,-0.001009612947861694,-0.005328897561581114,0.011756585275753784
4.745999999999699,-0.001020220837830956,-0.005278955833385314,0.011667408071023922
4.747999999999699,-0.0010307288470712082,-0.005229017176944579,0.011578132504601584
4.749999999999699,-0.0010411369840247103,-0.0051790838909791205,0.011488763200960365
4.751999999999699,-0.0010514452617195289,-0.005129158262560182,0.011399304765982951
4.7539999999996985,-0.0010616536977461918,-0.005079242567061833,0.011309761786839893
4.755999999999698,-0.001071762314234246,-0.005029339068113548,0.011220138831869857
4.757999999999698,-0.0010817711378287218,-0.004979450017553565,0.011130440450461342
4.759999999999698,-0.0010916801996665043,-0.004929577655383019,0.011040671172935852
4.761999999999698,-0.001101489535352614,-0.004879724209720852,0.010950835510432542
4.763999999999697,-0.0011111991849363982,-0.004829891896759501,0.010860937954794318
4.765999999999697,-0.0011208091928876344,-0.004780082920721354,0.0107709829784554
4.767999999999697,-0.0011303196080725468,-0.004730299473815977,0.010680975034330343
4.769999999999697,-0.0011397304837297395,-0.004680543736198114,0.010590918555704501
4.7719999999996965,-0.0011490418774460446,-0.004630817875926449,0.010500817956125967
4.773999999999696,-0.0011582538511322902,-0.0045811240489231336,0.010410677629298943
4.775999999999696,-0.0011673664709989872,-0.004531464398934082,0.010320501948978558
4.777999999999696,-0.0011763798075319378,-0.004481841057490023,0.010230295268867151
4.779999999999696,-0.001185293935467767,-0.004432256143868311,0.010140061922511982
4.781999999999695,-0.0011941089337693786,-0.004382711765055499,0.01004980622320439
4.783999999999695,-0.0012028248856013359,-0.004333210015710659,0.009959532463880377
4.785999999999695,-0.0012114418783051718,-0.004283752978129462,0.009869244917022653
4.787999999999695,-0.001219960003374626,-0.004234342722209008,0.009778947834564096
4.7899999999996945,-0.001228379356430814,-0.004184981305413403,0.009688645447792642
4.791999999999694,-0.001236700037197327,-0.004135670772740082,0.00959834196725762
4.793999999999694,-0.0012449221494752647,-0.004086413156686881,0.009508041582677491
4.795999999999694,-0.0012530458011182056,-0.004037210477219846,0.009417748462849027
4.797999999999694,-0.0012610711040071105,-0.003988064741741789,0.009327466755557899
4.799999999999693,-0.001268998174025166,-0.003938977945061575,0.009237200587490689
4.801999999999693,-0.0012768271310325656,-0.0038899520693641493,0.009146954064148316
4.803999999999693,-0.001284558098841234,-0.0038409890841812986,0.009056731269760865
4.805999999999693,-0.0012921912051894904,-0.00379209094636314,0.008966536267203831
4.8079999999996925,-0.0012997265817166592,-0.003743259600050343,0.008876373097915771
4.809999999999692,-0.0013071643639376224,-0.0036944969766470746,0.008786245781817345
4.811999999999692,-0.0013145046912173208,-0.003645804994794673,0.008696158317231771
4.813999999999692,-0.0013217477067452028,-0.0035971855603460384,0.008606114680806668
4.815999999999692,-0.0013288935575096223,-0.003548640566340747,0.00851611882743728
4.817999999999691,-0.001335942394272188,-0.003500171892980881,0.008426174690191116
4.819999999999691,-0.0013428943715420643,-0.003451781407607573,0.00833628618023395
4.821999999999691,-0.0013497496475502275,-0.003403470964678262,0.008246457186757209
4.823999999999691,-0.0013565083842236756,-0.003355242405744663,0.008156691576906752
4.8259999999996905,-0.0013631707471595958,-0.0033070975594314375,0.008066993195713003
4.82799999999969,-0.0013697369055994891,-0.0032590382414155747,0.007977365866022471
4.82999999999969,-0.0013762070324032558,-0.0032110662544064714,0.007887813388430639
4.83199999999969,-0.0013825813040232405,-0.003163183388126713,0.007798339541216198
4.83399999999969,-0.0013888599004782396,-0.0031153914192935516,0.007708948080276667
4.835999999999689,-0.0013950430053274734,-0.003067692111601078,0.007619642739065343
4.837999999999689,-0.001401130805644522,-0.003020087215703086,0.007530427228529629
4.839999999999689,-0.0014071234919912285,-0.0029725784691966247,0.007441305237050694
4.841999999999689,-0.0014130212583915694,-0.0029251675966062403,0.007352280430384478
4.8439999999996886,-0.0014188243023054946,-0.0028778563093688984,0.00726335645160405
4.845999999999688,-0.001424532824602738,-0.0028306463058195897,0.007174536921043292
4.847999999999688,-0.001430147029536599,-0.002783539271177614,0.007085825436241917
4.849999999999688,-0.0014356671247176987,-0.002736536877533539,0.006997225571891827
4.851999999999688,-0.0014410933210877097,-0.0026896407838368315,0.006908740879784776
4.8539999999996875,-0.001446425832893062,-0.002642852635884162,0.006820374888761372
4.855999999999687,-0.0014516648776586264,-0.0025961740663083743,0.006732131104661386
4.857999999999687,-0.001456810676161377,-0.002549606694568119,0.006644013010275375
4.859999999999687,-0.0014618634524040314,-0.002503152126938151,0.006556024065297615
4.861999999999687,-0.0014668234335886757,-0.002456811956500286,0.006468167706280334
4.863999999999686,-0.0014716908500903689,-0.0024105877631350092,0.006380447346589248
4.865999999999686,-0.0014764659354307324,-0.002364481113513745,0.0062928663763603876
4.867999999999686,-0.0014811489262515258,-0.0023184935610917686,0.006205428162458223
4.869999999999686,-0.0014857400622882069,-0.0022726266461017696,0.006118136048435063
4.8719999999996855,-0.001490239586343481,-0.002226881895548062,0.006030993354491746
4.873999999999685,-0.001494647744260839,-0.002181260823201431,0.0059440033774396045
4.875999999999685,-0.001498964784898086,-0.0021357649295946227,0.005857169390663701
4.877999999999685,-0.0015031909601008607,-0.0020903957020184665,0.005770494644087331
4.879999999999685,-0.0015073265246761487,-0.002045154614518633,0.0056839823641377935
4.881999999999684,-0.0015113717363657892,-0.00200004312789302,0.005597635753713415
4.883999999999684,-0.0015153268558199774,-0.001955062689689765,0.0055114579921518286
4.885999999999684,-0.0015191921465707637,-0.0019102147342058842,0.005425452235199507
4.887999999999684,-0.0015229678750055503,-0.0018655006824865284,0.005339621614982532
4.8899999999996835,-0.0015266543103405878,-0.0018209219423248597,0.005253969239978607
4.891999999999683,-0.001530251724594471,-0.001776479908262541,0.005168498194990307
4.893999999999683,-0.0015337603925616376,-0.0017321759615908385,0.005083211541119553
4.895999999999683,-0.0015371805917858681,-0.0016880114703523316,0.004998112315743314
4.897999999999683,-0.0015405126025337915,-0.0016439877893432288,0.004913203532490531
4.899999999999682,-0.001543756707768395,-0.0016001062601162857,0.0048284881812202494
4.901999999999682,-0.0015469131931225403,-0.0015563682109843223,0.004743969228000966
4.903999999999682,-0.0015499823468724887,-0.0015127749570243358,0.004659649615091185
4.905999999999682,-0.0015529644599114327,-0.0014693278000822076,0.00457553226092116
4.9079999999996815,-0.00155585982572304,-0.0014260280287779986,0.004491620060075848
4.909999999999681,-0.0015586687403550074,-0.0013828769185118318,0.004407915883279037
4.911999999999681,-0.001561391502392627,-0.001339875731470358,0.0043244225773786706
4.913999999999681,-0.0015640284129323665,-0.001297025716633802,0.004241142965333343
4.915999999999681,-0.0015665797755554643,-0.0012543281097835857,0.004158079846199971
4.91799999999968,-0.0015690458963015384,-0.001211784133510525,0.004075235995122635
4.91999999999968,-0.0015714270836422162,-0.0011693949972235963,0.003992614163322588
4.92199999999968,-0.0015737236484547781,-0.0011271618971592724,0.003910217078089409
4.92399999999968,-0.0015759359039958232,-0.0010850860163914204,0.003828047442773323
4.9259999999996795,-0.0015780641658749543,-0.0010431685248417613,0.003746107936778664
4.927999999999679,-0.0015801087520284846,-0.0010014105792908873,0.0036644012155584767
4.929999999999679,-0.0015820699826931668,-0.000959813323389833,0.0035829299106102594
4.931999999999679,-0.0015839481803799464,-0.0009183778876721979,0.0035016966294728327
4.933999999999679,-0.0015857436698477384,-0.0008771053895668157,0.0034207039557243423
4.935999999999678,-0.001587456778077232,-0.0008359969334109699,0.00333995444898137
4.937999999999678,-0.0015890878342447211,-0.0007950536104641482,0.003259450644899172
4.939999999999678,-0.001590637169695962,-0.0007542764989223359,0.0031791950551730173
4.941999999999678,-0.0015921051179200614,-0.0007136666639328438,0.0030991901675406336
4.9439999999996775,-0.0015934920145233955,-0.0006732251576096669,0.0030194384457857487
4.945999999999677,-0.0015947981972035577,-0.0006329530190493706,0.0029399423297427293
4.947999999999677,-0.0015960240057233408,-0.0005928512743475016,0.002860704235302299
4.949999999999677,-0.0015971697818847517,-0.0005529209366155197,0.0027817265544183437
4.951999999999677,-0.0015982358695030602,-0.0005131630059982473,0.002703011655115791
4.953999999999676,-0.0015992226143808842,-0.00047357846969183355,0.002624561881499555
4.955999999999676,-0.0016001303642823104,-0.0004341683019622283,0.0025463795537645512
4.957999999999676,-0.001600959468907053,-0.0003949334641641647,0.0024684669682067673
4.959999999999676,-0.0016017102798646502,-0.0003558749047606455,0.0023908263972353826
4.961999999999676,-0.0016023831506487012,-0.0003169935593429298,0.002313460089385941
4.963999999999675,-0.0016029784366111428,-0.0002782903506510176,0.002236370269334561
4.965999999999675,-0.001603496494936568,-0.00023976618859462766,0.002159559137913178
4.967999999999675,-0.001603937684616586,-0.00020142197027466627,0.002083028872125823
4.969999999999675,-0.0016043023664242281,-0.00016325858000518283,0.0020067816251659186
4.9719999999996745,-0.0016045909028883948,-0.00012527688933580914,0.0019308195264345937
4.973999999999674,-0.0016048036582683501,-8.74777570746787e-05,0.001855144681560013
4.975999999999674,-0.0016049409985282625,-4.986202931182285e-05,0.0017797591724177074
4.977999999999674,-0.0016050032913117918,-1.2430539443040159e-05,0.0017046650571519082
4.979999999999674,-0.0016049909059167252,2.48158918057644e-05,0.001629864370197872
4.981999999999673,-0.0016049042132696629,6.187645635377393e-05,0.0015553591223051964
4.983999999999673,-0.0016047435859007514,9.875035873999118e-05,0.0014811513005621151
4.985999999999673,-0.0016045093979184712,0.00013543681609751062,0.001407242868420769
4.987999999999673,-0.001604202024984474,0.00017193505812733472,0.00133363576572345
4.9899999999996725,-0.0016038218442884732,0.0002082443270717376,0.0012603319087298045
4.991999999999672,-0.001603369234523189,0.0002443638776871797,0.0011873331901449979
4.993999999999672,-0.001602844575859347,0.0002802929772167771,0.0011146414791488295
4.995999999999672,-0.0016022482499207327,0.0003160309053623285,0.0010422586214257927
4.997999999999672,-0.001601580639759303,0.00035157695425590377,0.0009701864391960757
4.999999999999671,-0.001600842129830354,0.00038693042843099783,0.0008984267312474955
5.001999999999671,-0.001600033105967747,0.0004220906447932523,0.0008269812729683584
5.003999999999671,-0.0015991539553591948,0.00045705693259074937,0.0007558518163812424
5.005999999999671,-0.001598205066521606,0.0004918286333838815,0.0006850400901776961
5.0079999999996705,-0.0015971868292764912,0.0005264051010147994,0.000614547799753843
5.00999999999967,-0.0015960996347254303,0.0005607857015764428,0.0005443766272468925
5.01199999999967,-0.0015949438752256022,0.0005949698133811573,0.00047452823157254466
5.01399999999967,-0.001593719944365378,0.0006289568269289003,0.00040500424846328753
5.01599999999967,-0.0015924282369399773,0.0006627461448750402,0.0003358062905075773
5.017999999999669,-0.0015910691489271905,0.0006963371819977518,0.0002669359471898969
5.019999999999669,-0.0015896430774631658,0.0007297293651650121,0.00019839478493168688
5.021999999999669,-0.0015881504208182628,0.0007629221333011992,0.00013018434713314166
5.023999999999669,-0.0015865915783729737,0.0007959149373532982,6.230615421586451e-05
5.0259999999996685,-0.0015849669505939121,0.0008287072402567182,-5.238296333622645e-06
5.027999999999668,-0.0015832769390098703,0.0008612985169007227,-7.244752991952428e-05
5.029999999999668,-0.001581521946187947,0.0008936882540934776,-0.00013932009479157505
5.031999999999668,-0.0015797023757097447,0.0009258759505267209,-0.0002058545619990082
5.033999999999668,-0.0015778186321476373,0.0009578611167400559,-0.00027204952534369705
5.035999999999667,-0.0015758711210411118,0.000989643275084874,-0.00033790360133247456
5.037999999999667,-0.0015738602488731797,0.0010212219596879078,-0.00040341542912863634
5.039999999999667,-0.0015717864230468644,0.0010525967164144198,-0.0004685836705026359
5.041999999999667,-0.0015696500518617596,0.0010837671028310297,-0.0005334070097819752
5.0439999999996665,-0.0015674515444906657,0.0011147326881681846,-0.0005978841538002999
5.045999999999666,-0.0015651913109562988,0.0011454930532822734,-0.0006620138318457034
5.047999999999666,-0.0015628697621080773,0.0011760477906173918,-0.000725794795608248
5.049999999999666,-0.0015604873095989855,0.0012063965041667593,-0.0007892258191267063
5.051999999999666,-0.0015580443658625134,0.0012365388094337923,-0.0008523056987345332
5.053999999999665,-0.0015555413440896762,0.0012664743333928373,-0.0009150332530050711
5.055999999999665,-0.001552978658206111,0.0012962027144495676,-0.0009774073226959984
5.057999999999665,-0.001550356722849255,0.0013257236024010462,-0.0010394267706930244
5.059999999999665,-0.0015476759533456024,0.0013550366583954584,-0.0011010904819528373
5.0619999999996645,-0.0015449367656880431,0.0013841415548915196,-0.0011623973634453143
5.063999999999664,-0.001542139576513282,0.0014130379756175596,-0.0012233463440949961
5.065999999999664,-0.001539284803079341,0.001441725615530287,-0.0012839363747218372
5.067999999999664,-0.001536372863243144,0.001470204180773239,-0.0013441664279812329
5.069999999999664,-0.0015334041754381843,0.001498473388634918,-0.001404035498303334
5.0719999999996634,-0.0015303791586522783,0.0015265329675066203,-0.0014635426018316518
5.073999999999663,-0.0015272982324054003,0.0015543826568399583,-0.0015226867763609624
5.075999999999663,-0.0015241618167276063,0.001582022207104082,-0.0015814670812745162
5.077999999999663,-0.0015209703321370411,0.0016094513797426013,-0.0016398825974805575
5.079999999999663,-0.0015177241996180326,0.0016366699471302144,-0.0016979324273481615
5.081999999999662,-0.0015144238405992735,0.001663677692529044,-0.0017556156946423962
5.083999999999662,-0.0015110696769320903,0.0016904744100446857,-0.0018129315444588145
5.085999999999662,-0.0015076621308688003,0.001717059904581972,-0.001869879143157281
5.087999999999662,-0.0015042016250411577,0.0017434339918004555,-0.0019264576782951437
5.0899999999996615,-0.0015006885824388892,0.0017695964980696146,-0.001982666358559753
5.091999999999661,-0.0014971234263883187,0.0017955472604237845,-0.00203850441370034
5.093999999999661,-0.001493506580531083,0.001821286126516818,-0.0020939710944592503
5.095999999999661,-0.001489838468802938,0.0018468129545764795,-0.002149065672502553
5.097999999999661,-0.0014861195154126574,0.0018721276133585743,-0.002203787440350021
5.09999999999966,-0.001482350144821022,0.0018972299821008185,-0.0022581357113044915
5.10199999999966,-0.0014785307817199028,0.0019221199504764511,-0.002312109819380615
5.10399999999966,-0.0014746618510114357,0.0019467974185475936,-0.0023657091192329995
5.10599999999966,-0.0014707437777872912,0.0019712622967183583,-0.0024189329860837515
5.1079999999996595,-0.0014667769873080373,0.0019955145056877116,-0.0024717808156494254
5.109999999999659,-0.0014627619049825972,0.0020195539764020923,-0.002524252024067386
5.111999999999659,-0.0014586989563478018,0.002043380650007791,-0.002576346047821587
5.113999999999659,-0.0014545885670480376,0.0020669944778030935,-0.0026280623436677805
5.115999999999659,-0.0014504311628149912,0.00209039542119019,-0.0026794003885581494
5.117999999999658,-0.001446227169447489,0.0021135834516268553,-0.002730359679565389
5.119999999999658,-0.0014419770127914358,0.0021365585505779034,-0.0027809397338062216
5.121999999999658,-0.0014376811187198477,0.0021593207094664168,-0.0028311400883643707
5.123999999999658,-0.0014333399131129857,0.0021818699296247595,-0.0028809603002129857
5.1259999999996575,-0.0014289538218385863,0.002204206222245371,-0.002930399946136533
5.127999999999657,-0.00142452327073219,0.0022263296083313497,-0.0029794586226521563
5.129999999999657,-0.00142004868557757,0.002248240118646824,-0.0030281359459305096
5.131999999999657,-0.0014155304920872595,0.002269937793667121,-0.0030764315517160783
5.133999999999657,-0.0014109691158831802,0.002291422683528728,-0.003124345095246982
5.135999999999656,-0.0014063649824773688,0.0023126948479790595,-0.0031718762511742755
5.137999999999656,-0.001401718517252807,0.002333754356326023,-0.00321902471348075
5.139999999999656,-0.0013970301454443495,0.0023546012873873947,-0.0032657901953992386
5.141999999999656,-0.0013923002921197565,0.0023752357294400065,-0.0033121724293304396
5.1439999999996555,-0.0013875293821608253,0.002395657780168744,-0.0033581711667602567
5.145999999999655,-0.0013827178402446264,0.002415867546615363,-0.003403786178176663
5.147999999999655,-0.00137786609082484,0.0024358651451271266,-0.0034490172529861
5.149999999999655,-0.0013729745581131973,0.0024556507013052654,-0.0034938641994294133
5.151999999999655,-0.0013680436660610236,0.002475224349953264,-0.0035383268444973337
5.153999999999654,-0.0013630738383408863,0.002494586235024979,-0.003582405033845505
5.155999999999654,-0.0013580654983283455,0.0025137365095725885,-0.0036260986317090717
5.157999999999654,-0.0013530190690838096,0.0025326753356943793,-0.0036694075208168315
5.159999999999654,-0.001347934973334496,0.0025514028844823736,-0.003712331602304949
5.1619999999996535,-0.001342813633456495,0.0025699193359697997,-0.0037548707956302513
5.163999999999653,-0.001337655471456941,0.0025882248790784065,-0.0037970250384831046
5.165999999999653,-0.0013324609089562882,0.00260631971156563,-0.0038387942866998717
5.167999999999653,-0.0013272303671706914,0.0026242040399716104,-0.0038801785141749714
5.169999999999653,-0.001321964266894494,0.002641878079566067,-0.00392117771277253
5.171999999999652,-0.0013166630284828227,0.002659342054295031,-0.003961791892237641
5.173999999999652,-0.001311327071834287,0.002676596196727439,-0.004002021080107239
5.175999999999652,-0.0013059568163737876,0.002693640748001594,-0.004041865321620591
5.177999999999652,-0.001300552681035432,0.0027104759577714953,-0.0040813246796294
5.1799999999996515,-0.001295115084245555,0.0027271020841530373,-0.004120399234507559
5.181999999999651,-0.0012896444439058506,0.002743519393670085,-0.004159089084060519
5.183999999999651,-0.0012841411773766088,0.002759728161200427,-0.004197394343434319
5.185999999999651,-0.0012786057014600625,0.002775728669921609,-0.004235315145024245
5.187999999999651,-0.0012730384323838423,0.0027915212112566523,-0.004272851638383156
5.1899999999996504,-0.0012674397857845392,0.002807106084819659,-0.0043100039901294625
5.19199999999965,-0.0012618101766913778,0.002822483598361305,-0.004346772383854778
5.19399999999965,-0.0012561500195099968,0.0028376540677142324,-0.004383157020031232
5.19599999999965,-0.0012504597280063403,0.0028526178167383306,-0.004419158115918468
5.19799999999965,-0.001244739715290658,0.002867375177265923,-0.004454775905470321
5.199999999999649,-0.0012389903938016152,0.002881926489046853,-0.004490010639241188
5.201999999999649,-0.0012332121752905124,0.0028962720996934753,-0.0045248625842920906
5.203999999999649,-0.0012274054708056158,0.002910412364625559,-0.0045593320240964385
5.205999999999649,-0.0012215706906765972,0.002924347647015097,-0.0045934192584455025
5.2079999999996485,-0.0012157082444990848,0.002938078317731035,-0.004627124603353597
5.209999999999648,-0.0012098185411193252,0.002951604755283913,-0.004660448390962985
5.211999999999648,-0.0012039019886189546,0.002964927345770433,-0.004693390969448501
5.213999999999648,-0.0011979589942998827,0.0029780464828179447,-0.004725952702921912
5.215999999999648,-0.0011919899646692866,0.002990962567528861,-0.004758133971336007
5.217999999999647,-0.0011859953054247166,0.003003676008425001,-0.0047899351703884355
5.219999999999647,-0.0011799754214393125,0.0030161872213918667,-0.004821356711425286
5.221999999999647,-0.0011739307167471327,0.003028496629622853,-0.004852399021344421
5.223999999999647,-0.0011678615945285935,0.0030406046635633975,-0.004883062542498573
5.2259999999996465,-0.0011617684570960215,0.003052511760855071,-0.004913347732598201
5.227999999999646,-0.0011556517058793165,0.0030642183662796104,-0.004943255064614121
5.229999999999646,-0.001149511741411728,0.0030757249317029,-0.004972785026679904
5.231999999999646,-0.0011433489633157425,0.0030870319160189006,-0.005001938121994072
5.233999999999646,-0.001137163770289083,0.003098139785093534,-0.005030714868722058
5.235999999999645,-0.0011309565600908223,0.00310904901170852,-0.005059115799897986
5.237999999999645,-0.0011247277295276061,0.0031197600755051708,-0.0050871414633262176
5.239999999999645,-0.0011184776744399914,0.00313027346292815,-0.005114792421482736
5.241999999999645,-0.0011122067896888951,0.003140589667169192,-0.005142069251416309
5.2439999999996445,-0.0011059154691421568,0.003150709188110789,-0.005168972544649489
5.245999999999644,-0.001099604105661213,0.0031606325322698476,-0.005195502907079421
5.247999999999644,-0.0010932730910878847,0.003170360212741317,-0.005221660958878482
5.249999999999644,-0.001086922816231278,0.0031798927491417913,-0.005247447334394749
5.251999999999644,-0.0010805536708547968,0.003189230667553091,-0.005272862682052305
5.253999999999643,-0.001074166043663269,0.003198374500465823,-0.005297907664251385
5.255999999999643,-0.0010677603222901855,0.003207324786722924,-0.005322582957268377
5.257999999999643,-0.0010613368932850514,0.0032160820714631916,-0.005346889251155663
5.259999999999643,-0.001054896142100851,0.0032246469060648,-0.005370827249641332
5.2619999999996425,-0.0010484384530816263,0.0032330198480888086,-0.005394397670028748
5.263999999999642,-0.0010419642094501658,0.0032412014612226664,-0.005417601243095991
5.265999999999642,-0.00103547379329581,0.0032491923152237084,-0.005440438712995167
5.267999999999642,-0.0010289675855623672,0.003256992985862654,-0.005462910837151606
5.269999999999642,-0.0010224459660361435,0.003264604054867107,-0.0054850183861629405
5.271999999999641,-0.0010159093133340852,0.003272026109865057,-0.00550676214369807
5.273999999999641,-0.0010093580048920348,0.003279259744328392,-0.005528142906396029
5.275999999999641,-0.0010027924169530996,0.0032863055575164156,-0.005549161483764749
5.277999999999641,-0.000996212924556133,0.0032931641544193795,-0.005569818698079732
5.2799999999996405,-0.000989619901524329,0.00329983614570203,-0.005590115384282626
5.28199999999964,-0.0009830137204539305,0.0033063221476471697,-0.005610052389879731
5.28399999999964,-0.0009763947527030481,0.003312622782099241,-0.005629630574840409
5.28599999999964,-0.0009697633683805945,0.0033187386764079304,-0.005648850811495434
5.28799999999964,-0.0009631199363353296,0.003324670463371797,-0.005667713984435266
5.289999999999639,-0.0009564648241450192,0.0033304187811819303,-0.005686220990408265
5.291999999999639,-0.0009497983981057066,0.0033359842733656346,-0.005704372738218841
5.293999999999639,-0.0009431210232210957,0.003341367588730148,-0.005722170148625563
5.295999999999639,-0.0009364330631920481,0.0033465693813063938,-0.0057396141542392
5.2979999999996386,-0.0009297348804061913,0.0033515903102927704,-0.005756705699420739
5.299999999999638,-0.0009230268359276402,0.0033564310399989794,-0.0057734457401793495
5.301999999999638,-0.0009163092894868307,0.003361092239789896,-0.005789835244070319
5.303999999999638,-0.0009095825994704648,0.0033655745840294833,-0.005805875190092961
5.305999999999638,-0.0009028471229115694,0.0033698787520247543,-0.005821566568588502
5.3079999999996375,-0.0008961032154796652,0.0033740054279697796,-0.00583691038113794
5.309999999999637,-0.0008893512314710493,0.003377955300889751,-0.005851907640459894
5.311999999999637,-0.0008825915237991879,0.003381729064585093,-0.005866559370308453
5.313999999999637,-0.0008758244439852225,0.003385327417575636,-0.005880866605370998
5.315999999999637,-0.0008690503421485864,0.0033887510630448443,-0.005894830391166049
5.317999999999636,-0.0008622695669977332,0.003392000708784104,-0.0059084517839411025
5.319999999999636,-0.0008554824658209765,0.003395077067137076,-0.005921731850570475
5.321999999999636,-0.000848689384477441,0.003397980854944113,-0.0059346716684531755
5.323999999999636,-0.0008418906673881246,0.003400712793486743,-0.005947272325410785
5.3259999999996355,-0.0008350866575270713,0.003403273608432224,-0.005959534919585362
5.327999999999635,-0.0008282776964126553,0.0034056640297781687,-0.005971460559337376
5.329999999999635,-0.0008214641240989755,0.003407884791797245,-0.005983050363143682
5.331999999999635,-0.0008146462791673605,0.0034099366329819504,-0.005994305459495515
5.333999999999635,-0.0008078244987179841,0.0034118202959894667,-0.00600522698679654
5.335999999999634,-0.000800999118361591,0.0034135365275865955,-0.0060158160932609495
5.337999999999634,-0.0007941704722113326,0.003415086078594773,-0.0060260739368116
5.339999999999634,-0.0007873388928747124,0.003416469703835174,-0.006036001684978213
5.341999999999634,-0.0007805047114456412,0.0034176881620738993,-0.006045600514795635
5.3439999999996335,-0.0007736682574966026,0.003418742215967256,-0.006054871612702157
5.345999999999633,-0.0007668298590709264,0.0034196326320071234,-0.006063816174437909
5.347999999999633,-0.0007599898426751725,0.0034203601804664177,-0.00607243540494332
5.349999999999633,-0.0007531485332716227,0.0034209256353446484,-0.006080730518257663
5.351999999999633,-0.0007463062542708827,0.003421329774313573,-0.006088702737417674
5.353999999999632,-0.000739463327524591,0.0034215733786629524,-0.006096353294356264
5.355999999999632,-0.0007326200733182372,0.0034216572332464047,-0.006103683429801314
5.357999999999632,-0.0007257768103640888,0.0034215821264273654,-0.006110694393174572
5.359999999999632,-0.0007189338557942248,0.0034213488500251517,-0.0061173874424906415
5.3619999999996315,-0.0007120915251536781,0.0034209581992611336,-0.006123763844256078
5.363999999999631,-0.0007052501323936851,0.003420410972705015,-0.006129824873368589
5.365999999999631,-0.0006984099898650426,0.0034197079722212264,-0.006135571813016345
5.367999999999631,-0.0006915714083115715,0.0034188500029154294,-0.00614100595457741
5.369999999999631,-0.0006847346968636882,0.003417837873081138,-0.006146128597519287
5.37199999999963,-0.0006779001630320818,0.003416672394146457,-0.006150941049298588
5.37399999999963,-0.0006710681127014982,0.003415354380620936,-0.006155444625260832
5.37599999999963,-0.0006642388501246302,0.0034138846500425483,-0.006159640648540373
5.37799999999963,-0.0006574126779161133,0.003412264022924791,-0.006163530449960466
5.3799999999996295,-0.0006505898970466278,0.0034104933227039084,-0.006167115367933468
5.381999999999629,-0.0006437708068371055,0.0034085733756862428,-0.006170396748361189
5.383999999999629,-0.0006369557049530424,0.0034065050109957137,-0.0061733759445353805
5.385999999999629,-0.0006301448873989157,0.003404289060521426,-0.006176054317038385
5.387999999999629,-0.0006233386485127056,0.0034019263588654105,-0.006178433233643936
5.389999999999628,-0.0006165372809605221,0.003399417743290498,-0.006180514069218115
5.391999999999628,-0.0006097410757313344,0.0033967640536683263,-0.006182298205620473
5.393999999999628,-0.0006029503221318059,0.00339396613242749,-0.006183787031605319
5.395999999999628,-0.0005961653077812319,0.0033910248245018217,-0.006184981942723174
5.3979999999996275,-0.0005893863186065803,0.0033879409772788185,-0.0061858843412224114
5.399999999999627,-0.000582613638837636,0.003384715440548209,-0.006186495635951057
5.401999999999627,-0.0005758475510022477,0.003381349066450663,-0.006186817242258782
5.403999999999627,-0.0005690883359216771,0.003377842709426651,-0.006186850581899078
5.405999999999627,-0.0005623362727060501,0.0033741972261654434,-0.0061865970829316245
5.407999999999626,-0.0005555916387499103,0.003370413475554265,-0.006186058179624837
5.409999999999626,-0.0005488547097278737,0.0033664923186275974,-0.00618523531235862
5.411999999999626,-0.0005421257595903845,0.0033624346185166325,-0.0061841299275273215
5.413999999999626,-0.0005354050605595724,0.003358241240398881,-0.0061827434774428805
5.415999999999626,-0.0005286928831252101,0.0033539130514479345,-0.00618107742023819
5.417999999999625,-0.0005219894960407709,0.0033494509207833856,-0.006179133219770659
5.419999999999625,-0.0005152951663195869,0.003344855719420906,-0.006176912345526001
5.421999999999625,-0.0005086101592311068,0.003340128320222483,-0.006174416272522225
5.423999999999625,-0.0005019347382972521,0.0033352695978468194,-0.006171646481213859
5.4259999999996245,-0.0004952691652888741,0.003330280428699894,-0.006168604457396387
5.427999999999624,-0.0004886137002223077,0.0033251616908856873,-0.0061652916921109135
5.429999999999624,-0.0004819686013560251,0.003319914264157074,-0.006161709681549067
5.431999999999624,-0.00047533412518738655,0.0033145390298668803,-0.006157859926958123
5.433999999999624,-0.0004687105264494896,0.0033090368709191107,-0.006153743934546374
5.435999999999623,-0.00046209805810811487,0.0033034086717203467,-0.006149363215388732
5.437999999999623,-0.00045549697135876984,0.0032976553181313134,-0.006144719285332579
5.439999999999623,-0.0004489075156238283,0.0032917776974186216,-0.006139813664903857
5.441999999999623,-0.0004423299385497671,0.003285776698206684,-0.006134647879213415
5.4439999999996225,-0.00043576448600449804,0.003279653210429805,-0.006129223457863601
5.445999999999622,-0.0004292114020747962,0.0032734081252844493,-0.006123541934855112
5.447999999999622,-0.0004226709290638228,0.003267042335181688,-0.006117604848494103
5.449999999999622,-0.0004161433074887437,0.0032605567336998235,-0.0061114137412995526
5.451999999999622,-0.0004096287760784419,0.003253952215537198,-0.0061049701599109035
5.453999999999621,-0.0004031275717713244,0.0032472296764651794,-0.006098275654995954
5.455999999999621,-0.00039663992971322314,0.003240390013281336,-0.006091331781159034
5.457999999999621,-0.00039016608325538924,0.003233434123762793,-0.0060841400968494495
5.459999999999621,-0.00038370626395258027,0.0032263629066197723,-0.006076702164270196
5.4619999999996205,-0.00037726070156124023,0.0032191772614493263,-0.006069019549286964
5.46399999999962,-0.0003708296240377722,0.003211878088689254,-0.006061093821337412
5.46599999999962,-0.00036441325753690246,0.003204466289572209,-0.006052926553340735
5.46799999999962,-0.00035801182641013676,0.0031969427660799993,-0.006044519321607516
5.46999999999962,-0.00035162555320430723,0.003189308420898076,-0.006035873705749862
5.471999999999619,-0.0003452546586602106,0.0031815641573702184,-0.006026991288591845
5.473999999999619,-0.0003388993617113366,0.003173710879453411,-0.006017873656080227
5.475999999999619,-0.0003325598794826865,0.0031657494916729166,-0.006008522397195485
5.477999999999619,-0.0003262364272896812,0.0031576808990775476,-0.005998939103863146
5.4799999999996185,-0.0003199292186371588,0.0031495060071951315,-0.005989125370865414
5.481999999999618,-0.0003136384652184608,0.0031412257219881772,-0.005979082795753104
5.483999999999618,-0.00030736437691460675,0.003132840949809741,-0.005968812978757894
5.485999999999618,-0.0003011071617935574,0.0031243525973594925,-0.005958317522704875
5.487999999999618,-0.00029486702610956496,0.003115761571639984,-0.005947598032925428
5.489999999999617,-0.00028864417430261093,0.00310706877991312,-0.005936656117170403
5.491999999999617,-0.00028243880899793064,0.003098275129656833,-0.005925493385523629
5.493999999999617,-0.0002762511310056245,0.003089381528521964,-0.005914111450315736
5.495999999999617,-0.000270081339320355,0.003080388884289346,-0.005902511926038303
5.4979999999996165,-0.0002639296311211293,0.0030712981048270985,-0.005890696429258337
5.499999999999616,-0.00025779620177116734,0.0030621100980481263,-0.005878666578533068
5.501999999999616,-0.0002516812448178545,0.0030528257718678295,-0.005866423994325085
5.503999999999616,-0.00024558495199277863,0.0030434460341620213,-0.005853970298917805
5.505999999999616,-0.0002395075132118513,0.0030339717927250574,-0.005841307116331264
5.507999999999615,-0.00023344911657551204,0.0030244039552281754,-0.005828436072238263
5.509999999999615,-0.00022740994836901632,0.003014743429178049,-0.005815358793880838
5.511999999999615,-0.0002213901930628058,0.0030049911218755524,-0.005802076909987081
5.513999999999615,-0.0002153900333129609,0.0029951479403747426,-0.0057885920506882994
5.5159999999996145,-0.00020940964996173537,0.002985214791442051,-0.005774905847436524
5.517999999999614,-0.000203449222038172,0.002975192581515697,-0.005761019932922367
5.519999999999614,-0.00019750892675879947,0.002965082216665312,-0.005746935940993222
5.521999999999614,-0.00019158893952840977,0.0029548846025517867,-0.005732655506571824
5.523999999999614,-0.00018568943394091546,0.002944600644387332,-0.005718180265575164
5.525999999999613,-0.00017981058178028687,0.0029342312468957593,-0.005703511854833749
5.527999999999613,-0.0001739525530215684,0.0029237773142729833,-0.005688651912011232
5.529999999999613,-0.0001681155158319735,0.0029132397501477423,-0.005673602075524398
5.531999999999613,-0.00016229963657205822,0.00290261945754254,-0.005658363984463511
5.533999999999613,-0.00015650507979697237,0.00289191733883481,-0.005642939278513021
5.535999999999612,-0.0001507320082577884,0.0028811342957183027,-0.005627329597872648
5.537999999999612,-0.00014498058290290716,0.0028702712291646944,-0.005611536583178817
5.539999999999612,-0.00013925096287954007,0.0028593290393854214,-0.005595561875426482
5.541999999999612,-0.00013354330553526776,0.002848308625793738,-0.005579407115891302
5.5439999999996115,-0.00012785776641967397,0.002837210886966999,-0.005563073946052208
5.545999999999611,-0.000122194499286055,0.0028260367206091705,-0.005546564007514325
5.547999999999611,-0.00011655365609320362,0.0028147870235135626,-0.005529878941932286
5.549999999999611,-0.00011093538700726754,0.002803462691525794,-0.005513020390933922
5.551999999999611,-0.00010533984040368152,0.002792064619506982,-0.0054959899960443205
5.55399999999961,-9.976716286917303e-05,0.002780593701297159,-0.005478789398610282
5.55599999999961,-9.421749920384076e-05,0.00276905082967892,-0.005461420239725145
5.55799999999961,-8.869099242330558e-05,0.002757436896341301,-0.005443884160153999
5.55999999999961,-8.318778376093364e-05,0.0027457527918438814,-0.005426182800259296
5.5619999999996095,-7.770801267013088e-05,0.0027339994055811234,-0.005408317799926829
5.563999999999609,-7.225181682670875e-05,0.002722177625746937,-0.005390290798492116
5.565999999999609,-6.681933213132053e-05,0.0027102883392994804,-0.005372103434667166
5.567999999999609,-6.141069271196777e-05,0.002698332431926189,-0.00535375734646764
5.569999999999609,-5.60260309265765e-05,0.002686310788009039,-0.00533525417114041
5.571999999999608,-5.06654773656427e-05,0.0026742242905900423,-0.005316595545091502
5.573999999999608,-4.532916085494645e-05,0.002662073821336975,-0.005297783103814442
5.575999999999608,-4.001720845833448e-05,0.0026498602605093406,-0.005278818481819003
5.577999999999608,-3.472974548057053e-05,0.0026375844869245654,-0.005259703312560347
5.5799999999996075,-2.9466895470253086e-05,0.0026252473779244307,-0.0052404392283685606
5.581999999999607,-2.4228780222799992e-05,0.0026128498093417364,-0.005221027860378608
5.583999999999607,-1.9015519783499547e-05,0.0026003926554672035,-0.005201470838460673
5.585999999999607,-1.3827232450627521e-05,0.0025878767890166105,-0.005181769791150907
5.587999999999607,-8.664034778629687e-06,0.0025753030810981657,-0.005161926345582594
5.589999999999606,-3.5260415813693646e-06,0.002562672401180115,-0.005141942127417701
5.591999999999606,1.5866340645604945e-06,0.002549985617058589,-0.00512181876077886
5.593999999999606,6.673880816461145e-06,0.002537243594825684,-0.005101557868181739
5.595999999999606,1.1735589062088284e-05,0.0025244471988377835,-0.005081161070467829
5.5979999999996055,1.6771650916149176e-05,0.0025115972916841117,-0.005060629986737655
5.599999999999605,2.178196021673711e-05,0.0024986947341555325,-0.005039966234284373
5.601999999999605,2.6766412521703707e-05,0.00248574038521358,-0.005019171428527802
5.603999999999605,3.172490510496951e-05,0.002472735101959731,-0.0049982471829488635
5.605999999999605,3.665733695277338e-05,0.002459679739604914,-0.004977195109024431
5.607999999999604,4.156360875986112e-05,0.0024465751514392594,-0.004956016816162602
5.609999999999604,4.644362292561386e-05,0.002433422188802086,-0.00493471391163838
5.611999999999604,5.129728355011665e-05,0.002420221701052129,-0.004913288000529786
5.613999999999604,5.6124496430167746e-05,0.002406974535538005,-0.004891740685654375
5.6159999999996035,6.0925169055229055e-05,0.0023936815375689207,-0.004870073567506178
5.617999999999603,6.569921060331825e-05,0.0023803435503856156,-0.00484828824419307
5.619999999999603,7.044653193684304e-05,0.0023669614151315497,-0.00482638631137455
5.621999999999603,7.516704559837795e-05,0.0023535359708243293,-0.004804369362199942
5.623999999999603,7.986066580638432e-05,0.0023400680543273723,-0.004782238987247036
5.625999999999602,8.452730845087382e-05,0.0023265585003218155,-0.004759996774461129
5.627999999999602,8.916689108901602e-05,0.0023130081412786603,-0.004737644309094504
5.629999999999602,9.377933294069045e-05,0.002299417807431161,-0.004715183173646336
5.631999999999602,9.836455488398375e-05,0.0022857883267474533,-0.004692614947803013
5.6339999999996015,0.0001029224794506323,0.002272120524903421,-0.00466994120837889
5.635999999999601,0.00010745303082141077,0.0022584152252558077,-0.004647163529257474
5.637999999999601,0.00011195613482146722,0.002244673248815566,-0.004624283481333026
5.639999999999601,0.00011643171891560505,0.0022308954142214485,-0.004601302632452599
5.641999999999601,0.00012087971220351244,0.002217082537713841,-0.004578222547358502
5.6439999999996004,0.00012530004541493967,0.0022032354331088335,-0.004555044787631194
5.6459999999996,0.00012969265090482482,0.0021893549117725365,-0.004531770911632607
5.6479999999996,0.00013405746264836835,0.0021754417825956334,-0.004508402474449898
5.6499999999996,0.00013839441623605703,0.0021614968519681785,-0.004484941027839635
5.6519999999996,0.00014270344886863767,0.002147520923754631,-0.004461388120172414
5.653999999999599,0.00014698449935204128,0.002133514799269135,-0.0044377452963778995
5.655999999999599,0.00015123750809225783,0.002119479277251035,-0.004414014097890311
5.657999999999599,0.0001554624170901624,0.002105415153840638,-0.004390196062594328
5.659999999999599,0.00015965916993629324,0.0020913232225552095,-0.004366292724771438
5.6619999999995985,0.0001638277118055817,0.002077204274265216,-0.004342305615046712
5.663999999999598,0.00016796798945203518,0.0020630590971708043,-0.004318236260336014
5.665999999999598,0.0001720799512033733,0.002048888476778524,-0.004294086183793643
5.667999999999598,0.0001761635469556174,0.002034693195878286,-0.004269856904760421
5.669999999999598,0.00018021872816763475,0.0020204740345205674,-0.004245549938712189
5.671999999999597,0.00018424544785563683,0.0020062317699938493,-0.00422116679720877
5.673999999999597,0.0001882436605876332,0.0019919671768023005,-0.004196708987843335
5.675999999999597,0.00019221332247784065,0.001977681026643697,-0.0041721780141922345
5.677999999999597,0.00019615439118104863,0.001963374088387583,-0.004147575375765235
5.6799999999995965,0.0002000668258869411,0.0019490471280536714,-0.004122902567956215
5.681999999999596,0.00020395058731437557,0.0019347009087904805,-0.004098161081994284
5.683999999999596,0.0002078056377056195,0.0019203361908542145,-0.004073352404895337
5.685999999999596,0.00021163194082054478,0.0019059537315878788,-0.004048478019414049
5.687999999999596,0.0002154294619307807,0.0018915542854006354,-0.004023539403996302
5.689999999999595,0.00021919816781382583,0.0018771386037473967,-0.003998538032732052
5.691999999999595,0.00022293802674711928,0.0018627074351086571,-0.003973475375308619
5.693999999999595,0.00022664900850207198,0.0018482615249705628,-0.003948352896964434
5.695999999999595,0.0002303310843380582,0.0018338016158052182,-0.003923172058443197
5.6979999999995945,0.00023398422699636811,0.0018193284470512307,-0.0038979343159484944
5.699999999999594,0.0002376084106941214,0.0018048427550944927,-0.0038726411210988293
5.701999999999594,0.00024120361111814293,0.001790345273249199,-0.0038472939208831066
5.703999999999594,0.0002447698054188006,0.0017758367317391019,-0.0038218941576165406
5.705999999999594,0.0002483069722038058,0.0017613178576790021,-0.0037964432688970045
5.707999999999593,0.0002518150915319773,0.0017467893750564758,-0.0037709426875618102
5.709999999999593,0.0002552941449069689,0.0017322520047138358,-0.0037453938416449287
5.711999999999593,0.00025874411527096073,0.00171770646433033,-0.0037197981543346404
5.713999999999593,0.0002621649869983159,0.0017031534684045736,-0.003694157043931621
5.7159999999995925,0.00026555674588920144,0.0016885937282372153,-0.0036684719238074632
5.717999999999592,0.0002689193791631758,0.0016740279519138386,-0.0036427442023636318
5.719999999999592,0.00027225287545274134,0.0016594568442880966,-0.003616975282990853
5.721999999999592,0.00027555722479686407,0.00164488110696508,-0.0035911665640289345
5.723999999999592,0.00027883241863446007,0.0016303014382849181,-0.003565319438727024
5.725999999999591,0.00028207844979784936,0.001615718533306613,-0.0035394352952042964
5.727999999999591,0.00028529531250617765,0.0016011330837921048,-0.0035135155164110754
5.729999999999591,0.00028848300235880653,0.00158654577819057,-0.0034875614800903873
5.731999999999591,0.00029164151632867245,0.0015719573016229498,-0.0034615745587399465
5.7339999999995905,0.00029477085275561495,0.0015573683358667118,-0.0034355561195745722
5.73599999999959,0.0002978710113396748,0.0015427795593408382,-0.0034095075244890386
5.73799999999959,0.00030094199313436207,0.0015281916470910484,-0.003383430130021351
5.73999999999959,0.0003039838005398951,0.0015136052707752485,-0.003357325287316459
5.74199999999959,0.0003069964372964105,0.0014990210986492102,-0.003331194342090392
5.743999999999589,0.00030997990847714485,0.0014844397955524793,-0.003305038634594831
5.745999999999589,0.00031293422048158835,0.001469862022894512,-0.0032788594995821034
5.747999999999589,0.0003158593810286108,0.0014552884386410385,-0.003252658266270612
5.749999999999589,0.00031875539914956094,0.0014407196973006543,-0.003226436258310688
5.7519999999995886,0.00032162228518133886,0.0014261564499116375,-0.0032001947937508697
5.753999999999588,0.00032446005075944243,0.0014115993440289932,-0.0031739351850046137
5.755999999999588,0.000327268708810988,0.001397049023711723,-0.003147658738817429
5.757999999999588,0.00033004827354770575,0.0013825061295103197,-0.003121366756234434
5.759999999999588,0.00033279876045891056,0.0013679712984544868,-0.003095060532568345
5.7619999999995875,0.0003355201863044482,0.0013534451640410813,-0.0030687413573678842
5.763999999999587,0.0003382125691076178,0.0013389283562222811,-0.0030424105143866107
5.765999999999587,0.000340875928148071,0.0013244215013939746,-0.00301606928155218
5.767999999999587,0.0003435102839546878,0.0013099252223843726,-0.0029897189309360203
5.769999999999587,0.00034611565829842996,0.0012954401384428428,-0.002963360728723433
5.771999999999586,0.0003486920741851726,0.0012809668652289641,-0.0029369959351841154
5.773999999999586,0.0003512395558485136,0.0012665060148018034,-0.002910625804643101
5.775999999999586,0.00035375812874256215,0.00125205819560941,-0.0028842515854521204
5.777999999999586,0.0003562478195347066,0.0012376240124785326,-0.0028578745199613824
5.7799999999995855,0.0003587086560983614,0.0012232040666045514,-0.002831495844491772
5.781999999999585,0.00036114066750569474,0.0012087989555416316,-0.0028051167893074643
5.783999999999585,0.0003635438840203364,0.0011944092731930925,-0.0027787385785889578
5.785999999999585,0.00036591833709006665,0.0011800356098019943,-0.0027523624304065216
5.787999999999585,0.0003682640593394865,0.0011656785519419412,-0.0027259895566940553
5.789999999999584,0.0003705810845626696,0.0011513386825080995,-0.002699621163223369
5.791999999999584,0.000372869447715797,0.0011370165807084319,-0.0026732584495788685
5.793999999999584,0.00037512918490977367,0.0011227128220551448,-0.0026469026091326606
5.795999999999584,0.000377360333402829,0.00110842797835635,-0.0026205548290200633
5.7979999999995835,0.0003795629315931002,0.0010941626177079394,-0.002594216290115529
5.799999999999583,0.0003817370190112001,0.0010799173044856716,-0.002567888167008979
5.801999999999583,0.0003838826363127691,0.0010656925993374705,-0.0025415716279825434
5.803999999999583,0.00038599982527101205,0.0010514890591759346,-0.0025152678349877103
5.805999999999583,0.00038808862876922,0.001037307237171057,-0.002488977943622881
5.807999999999582,0.0003901490907932783,0.0010231476827431538,-0.002462703103111334
5.809999999999582,0.00039218125642416003,0.0010090109415560027,-0.0024364444562795856
5.811999999999582,0.00039418517183040653,0.0009948975555101889,-0.0024102031395361653
5.813999999999582,0.00039616088426059433,0.0009808080627366584,-0.0023839802828507844
5.8159999999995815,0.0003981084420357897,0.0009667429975904781,-0.0023577770097339113
5.817999999999581,0.0004000278945419907,0.0009527028906448018,-0.002331594437216746
5.819999999999581,0.00040191929222255766,0.0009386882686850411,-0.002305433675831594
5.821999999999581,0.00040378268657063204,0.0009246996547032417,-0.00227929582959264
5.823999999999581,0.0004056181301215442,0.0009107375678926613,-0.0022531819959771154
5.82599999999958,0.00040742567644521044,0.0008968025236425531,-0.0022270932659068667
5.82799999999958,0.0004092053801385202,0.000882895033533149,-0.0022010307237303166
5.82999999999958,0.0004109572968177131,0.000869015605330846,-0.002174995447204818
5.83199999999958,0.0004126814831107465,0.0008551647429835918,-0.002148988507479405
5.8339999999995795,0.00041437799664965425,0.0008413429466164711,-0.00212301096907793
5.835999999999579,0.0004160468960628968,0.0008275507125274908,-0.0020970638898825966
5.837999999999579,0.00041768824096770287,0.000813788533183563,-0.0020711483211178785
5.839999999999579,0.00041930209196240354,0.0008000568972166859,-0.0020452653073348287
5.841999999999579,0.00042088851061875866,0.000786356289420321,-0.0020194158863957755
5.843999999999578,0.0004224475594742763,0.0007726871907459666,-0.0019936010894594006
5.845999999999578,0.0004239793020245258,0.0007590500782999256,-0.0019678219409662097
5.847999999999578,0.00042548380271544397,0.0007454454253402683,-0.001942079458624377
5.849999999999578,0.0004269611269356361,0.0007318737012739878,-0.0019163746533959805
5.8519999999995775,0.00042841134100867086,0.0007183353716543489,-0.0018907085294836117
5.853999999999577,0.00042983451218537043,0.0007048308981784272,-0.0018650820843173685
5.855999999999577,0.00043123070863609593,0.0006913607386848411,-0.0018394963085422247
5.857999999999577,0.0004325999994430283,0.000677925347151672,-0.001813952186005778
5.859999999999577,0.0004339424545924454,0.0006645251736945749,-0.0017884506937463724
5.861999999999576,0.00043525814496699517,0.0006511606645650765,-0.0017629928019815952
5.863999999999576,0.00043654714233796625,0.0006378322621490614,-0.0017375794740971482
5.865999999999576,0.00043780951935755495,0.000624540404965445,-0.0017122116666360892
5.867999999999576,0.0004390453495511304,0.0006112855276650313,-0.001686890329288445
5.869999999999576,0.0004402547073094972,0.0005980680610295565,-0.001661616404881193
5.871999999999575,0.00044143766788115667,0.0005848884319709163,-0.0016363908293686102
5.873999999999575,0.0004425943073645662,0.0005717470635305763,-0.0016112145318229892
5.875999999999575,0.00044372470270039835,0.0005586443748791646,-0.0015860884344257187
5.877999999999575,0.0004448289316637987,0.0005455807813162459,-0.0015610134524587276
5.8799999999995745,0.0004459070728566437,0.0005325566942702764,-0.0015359904942962906
5.881999999999574,0.00044695920569979853,0.0005195725212987373,-0.0015110204613971963
5.883999999999574,0.0004479854104253755,0.0005066286660884484,-0.0014861042482972732
5.885999999999574,0.0004489857680689932,0.0004937255284560581,-0.0014612427426022722
5.887999999999574,0.00044996036046203675,0.0004808635043487115,-0.0014364368249811094
5.889999999999573,0.00045090927022391946,0.00046804298584489357,-0.0014116873691594597
5.891999999999573,0.00045183258075434684,0.000455264361155448,-0.0013869952419137065
5.893999999999573,0.00045273037622558225,0.00044252801462476974,-0.001362361303065243
5.895999999999573,0.00045360274157471537,0.0004298343267321713,-0.0013377864054751217
5.8979999999995725,0.00045444976249593363,0.0004171836740934209,-0.0013132713950390579
5.899999999999572,0.00045527152543279665,0.0004045764294624522,-0.0012888171106827755
5.901999999999572,0.0004560681175705146,0.0003920129617332446,-0.0012644243843577012
5.903999999999572,0.00045683962682823017,0.00037949363594187285,-0.0012400940410370038
5.905999999999572,0.0004575861418513051,0.0003670188132687254,-0.0012158268987119759
5.907999999999571,0.00045830775200361105,0.0003545888510408904,-0.001191623768388756
5.909999999999571,0.00045900454735982554,0.00034220410273470836,-0.001167485454085392
5.911999999999571,0.00045967661869773314,0.0003298649179784905,-0.0011434127528292422
5.913999999999571,0.0004603240574905324,0.0003175716425554022,-0.0011194064546547141
5.9159999999995705,0.0004609469558991483,0.0003053246184065101,-0.0010954673426013368
5.91799999999957,0.00046154540676455157,0.00029312418363399193,-0.0010715961927121685
5.91999999999957,0.00046211950360008404,0.0002809706725045089,-0.0010477937740325355
5.92199999999957,0.0004626693405837912,0.0002688644154527384,-0.0010240608486091019
5.92399999999957,0.0004631950125507617,0.00025680573908506716,-0.001000398171489268
5.925999999999569,0.0004636966149854751,0.0002447949661834434,-0.000976806490720896
5.927999999999569,0.0004641742440141563,0.00023283241570938712,-0.0009532865473523619
5.929999999999569,0.00046462799639713934,0.0002209184028081572,-0.0009298390754329305
5.931999999999569,0.000465057969521239,0.00020905323881307525,-0.0009064648020134538
5.9339999999995685,0.0004654642613921313,0.00019723723125000407,-0.0008831644471473895
5.935999999999568,0.0004658469706267434,0.0001854706838419807,-0.0008599387238921395
5.937999999999568,0.0004662061964456524,0.0001737538965140026,-0.0008367883383107047
5.939999999999568,0.00046654203866549444,0.00016208716539796588,-0.0008137139894736575
5.941999999999568,0.00046685459769138353,0.0001504707828377552,-0.0007907163694614262
5.943999999999567,0.00046714397450934057,0.00013890503739448355,-0.0007677961633668939
5.945999999999567,0.00046741027067873336,0.00012739021385188153,-0.0007449540492983077
5.947999999999567,0.0004676535883247272,0.00011592659322183494,-0.0007221906983824964
5.949999999999567,0.000467874030130747,0.00010451445275006958,-0.0006995067747683971
5.9519999999995665,0.0004680716993309506,9.315406592198241e-05,-0.0006769029356308862
5.953999999999566,0.0004682466997027143,8.184570246861808e-05,-0.0006543798311749154
5.955999999999566,0.00046839913555912993,7.058962837278966e-05,-0.0006319381046399504
5.957999999999566,0.00046852911174151494,5.938610587534287e-05,-0.0006095783923047093
5.959999999999566,0.00046863673361193463,4.823539348156245e-05,-0.0005873013234922007
5.961999999999565,0.00046872210704573765,3.713774596771997e-05,-0.0005651075205750595
5.963999999999565,0.00046878533842410454,2.609341438776187e-05,-0.0005429975989811776
5.965999999999565,0.0004688265346266101,1.5102646080136912e-05,-0.0005209721671996282
5.967999999999565,0.0004688458030237991,4.165684674761829e-06,-0.0004990318267868839
5.9699999999995645,0.0004688432514697764,-6.717229899875674e-06,-0.00047717717237332277
5.971999999999564,0.00046881898829481125,-1.754586140947765e-05,-0.0004554087916700251
5.973999999999564,0.00046877312229795634,-2.8319977306561377e-05,-0.00043372726547585594
5.975999999999564,0.00046870576273968156,-3.9039348722950544e-05,-0.0004121331676848336
5.977999999999564,0.00046861701933452313,-4.9703750462133214e-05,-0.00039062706529378047
5.979999999999563,0.0004685070022437479,-6.031296099148755e-05,-0.0003692095184102567
5.981999999999563,0.0004683758220680335,-7.086676243437633e-05,-0.00034788108026077277
5.983999999999563,0.0004682235898401643,-8.136494056211124e-05,-0.00032664229719928085
5.985999999999563,0.0004680504170177439,-9.180728478578803e-05,-0.00030549370871594183
5.987999999999563,0.0004678564154759235,-0.00010219358814799349,-0.00028443584744616786
5.989999999999562,0.00046764169750014757,-0.00011252364731438525,-0.00026346923917993655
5.991999999999562,0.0004674063757789161,-0.00012279726256514553,-0.00024259440287137708
5.993999999999562,0.0004671505633965641,-0.00013301423778630972,-0.00022181185064862503
5.995999999999562,0.000466874373826059,-0.00014317438046097098,-0.00020112208782394465
5.9979999999995615,0.0004665779209218151,-0.00015327750166036164,-0.00018052561290411706
5.999999999999561,0.00046626131891252653,-0.00016332341603481274,-0.00016002291760109185
6.001999999999561,0.0004659246823940179,-0.00017331194180459242,-0.00013961448684290104
6.003999999999561,0.00046556812632211404,-0.00018324290075062442,-0.00011930079878483306
6.005999999999561,0.0004651917660055278,-0.00019311611820508758,-9.90823248208652e-05
6.00799999999956,0.00046479571709876714,-0.00020293142304189744,-7.895952959535263e-05
6.00999999999956,0.00046438009559506135,-0.0002126886476670709,-5.893287101497226e-05
6.01199999999956,0.00046394501781930636,-0.000222387628008975,-3.900280026091955e-05
6.01399999999956,0.00046349060042103006,-0.00023202820350846096,-1.916976180135635e-05
6.0159999999995595,0.00046301696036737716,-0.00024161021710888421,5.658065958918631e-07
6.017999999999559,0.00046252421493611444,-0.00025113351524601177,2.0203473850391267e-05
6.019999999999559,0.0004620124817086559,-0.0002605979478378177,3.97428155559091e-05
6.021999999999559,0.00046148187856310873,-0.00027000336827416816,5.9183413966979544e-05
6.023999999999559,0.00046093252366733996,-0.00027934963340639615,7.852485798522758e-05
6.025999999999558,0.00046036453547206393,-0.00028863660353676824,9.776674314545235e-05
6.027999999999558,0.0004597780327039512,-0.0002978641424078431,0.00011690867160147255
6.029999999999558,0.00045917313435875844,-0.00030703211719172377,0.00013595025211173505
6.031999999999558,0.0004585499596944805,-0.00031614039847920397,0.0001548911000246891
6.0339999999995575,0.0004579086282245237,-0.0003251888602688102,0.00017373083726392744
6.035999999999557,0.00045724925971090156,-0.00033417737995573995,0.0001924690923130967
6.037999999999557,0.0004565719741574524,-0.00034310583832069765,0.00021110550020057834
6.039999999999557,0.00045587689180307987,-0.000351974119518629,0.00022963970248394288
6.041999999999557,0.00045516413311501546,-0.00036078211106735467,0.00024807134723417814
6.043999999999556,0.0004544338187821045,-0.00036952970383610486,0.0002664000890196939
6.045999999999556,0.0004536860697081148,-0.0003782167920339552,0.0002846255888901052
6.047999999999556,0.00045292100700506836,-0.0003868432731981653,0.0003027475143597956
6.049999999999556,0.0004521387519865971,-0.00039540904818242105,0.00032076553939126227
6.0519999999995555,0.00045133942616132165,-0.0004039140211449812,0.000338679344378245
6.053999999999555,0.00045052315122625405,-0.00041235809953673,0.0003564886161286407
6.055999999999555,0.00044969004906022467,-0.00042074119408913656,0.000374193047847206
6.057999999999555,0.0004488402417173331,-0.00042906321880212126,0.00039179233911804844
6.059999999999555,0.0004479738514204235,-0.0004373240909318318,0.0004092861958869094
6.061999999999554,0.00044709100055458426,-0.00044552373097832835,0.0004266743304432401
6.063999999999554,0.0004461918116606727,-0.00045366206267317966,0.00044395646140207244
6.065999999999554,0.00044527640742886466,-0.000461739012966971,0.0004611323136856866
6.067999999999554,0.00044434491069222866,-0.00046975451201672477,0.0004782016185050773
6.0699999999995535,0.000443397444420326,-0.00047770849317323513,0.0004951641133412209
6.071999999999553,0.0004424341317128358,-0.00048560089296831717,0.0005120195419261442
6.073999999999553,0.0004414550957932057,-0.0004934316511019722,0.0005287676542237985
6.075999999999553,0.0004404604600023286,-0.0005012007104294696,0.0005454082064107386
6.077999999999553,0.0004394503477922449,-0.0005089080169483472,0.0005619409608566107
6.079999999999552,0.00043842488271987113,-0.0005165535197853291,0.0005783656861044495
6.081999999999552,0.00043738418844075467,-0.0005241371711831653,0.0005946821568507872
6.083999999999552,0.00043632838870285494,-0.0005316589264873906,0.0006108901539255761
6.085999999999552,0.0004352576073403511,-0.0005391187441330061,0.0006269894642719261
6.0879999999995515,0.0004341719682674766,-0.0005465165856310837,0.0006429798809256611
6.089999999999551,0.0004330715954723802,-0.0005538524155552941,0.0006588612029946909
6.091999999999551,0.0004319566130110148,-0.0005611262015283603,0.0006746332356382081
6.093999999999551,0.00043082714500105234,-0.000568337914208436,0.0006902957900457058
6.095999999999551,0.00042968331561582713,-0.000575487527275412,0.0007058486834158196
6.0979999999995504,0.00042852524907830575,-0.00058257501741715,0.0007212917389349968
6.09999999999955,0.0004273530696550852,-0.000589600364315645,0.0007366247857559942
6.10199999999955,0.00042616690165041824,-0.000596563550633118,0.0007518476589762047
6.10399999999955,0.0004249668694002672,-0.0006034645619980401,0.0007669601996158178
6.10599999999955,0.00042375309726638523,-0.0006103033869910866,0.0007819622545958129
6.107999999999549,0.00042252570963042624,-0.0006170800171310265,0.0007968536767157879
6.109999999999549,0.0004212848308880826,-0.0006237944468605437,0.0008116343246316268
6.111999999999549,0.0004200305854432517,-0.0006304466735319942,0.0008263040628330048
6.113999999999549,0.00041876309770223096,-0.0006370366973930989,0.0008408627616207367
6.1159999999995485,0.00041748249206794124,-0.0006435645215725728,0.0008553102970839668
6.117999999999548,0.0004161888929341794,-0.0006500301520656925,0.0008696465510772043
6.119999999999548,0.00041488242467989963,-0.0006564335977198023,0.0008838714111972057
6.121999999999548,0.00041356321166352393,-0.0006627748702197595,0.0008979847707597049
6.123999999999548,0.00041223137821728143,-0.0006690539840733215,0.000911986528775995
6.125999999999547,0.0004108870486415776,-0.0006752709565964732,0.0009258765899293616
6.127999999999547,0.00040953034719939214,-0.0006814258078986985,0.0009396548645513688
6.129999999999547,0.00040816139811070704,-0.0006875185608681941,0.0009533212685980049
6.131999999999547,0.0004067803255469638,-0.0006935492411570288,0.0009668757236256813
6.1339999999995465,0.00040538725362555063,-0.0006995178771662476,0.0009803181567670939
6.135999999999546,0.00040398230640431945,-0.0007054245000309231,0.0009936485007069446
6.137999999999546,0.0004025656078761327,-0.0007112691436051536,0.0010068666936575267
6.139999999999546,0.0004011372819634405,-0.0007170518444470104,0.0010199726793341745
6.141999999999546,0.00039969745251288764,-0.0007227726418034331,0.0010329664069305803
6.143999999999545,0.0003982462432899511,-0.0007284315775950771,0.0010458478310939785
6.145999999999545,0.0003967837779736077,-0.0007340286964011108,0.001058616911900203
6.147999999999545,0.00039531018015103223,-0.0007395640454439657,0.001071273614828614
6.149999999999545,0.00039382557331232653,-0.0007450376745740397,0.0010838179107368992
6.1519999999995445,0.00039233008084527853,-0.0007504496362543541,0.001096249775835753
6.153999999999544,0.00039082382603015253,-0.000755799985545166,0.0011085691916634297
6.155999999999544,0.0003893069320345102,-0.0007610887800885365,0.0011207761450601796
6.157999999999544,0.00038777952190806217,-0.0007663160800928555,0.0011328706281425627
6.159999999999544,0.00038624171857755125,-0.0007714819483173254,0.0011448526382776489
6.161999999999543,0.0003846936448416661,-0.0007765864500564021,0.0011567221780570994
6.163999999999543,0.00038313542336598625,-0.0007816296531241968,0.001168479255271138
6.165999999999543,0.00038156717667795864,-0.000786611627838838,0.0011801238828824073
6.167999999999543,0.00037998902716190506,-0.0007915324470067946,0.0011916560789997173
6.1699999999995425,0.00037840109705406124,-0.0007963921859071625,0.0012030758668516842
6.171999999999542,0.0003768035084376473,-0.0008011909222759136,0.0012143832747602639
6.173999999999542,0.0003751963832379698,-0.0008059287362901095,0.00122557833611418
6.175999999999542,0.0003735798432175553,-0.0008106057105520802,0.0012366610893422493
6.177999999999542,0.00037195400997131584,-0.000815221930073569,0.0012476315778866052
6.179999999999541,0.00037031900492174566,-0.0008197774822598446,0.0012584898501758223
6.181999999999541,0.0003686749493141504,-0.0008242724568937806,0.0012692359595979437
6.183999999999541,0.00036702196421190756,-0.0008287069461199041,0.001279869964473411
6.185999999999541,0.0003653601704917594,-0.000833081044428414,0.0012903919280279007
6.1879999999995405,0.00036368968883913736,-0.0008373948486391697,0.0013008019183650688
6.18999999999954,0.0003620106397435189,-0.0008416484578856511,0.001311100008439202
6.19199999999954,0.0003603231434938163,-0.000845841973598892,0.0013212862760277834
6.19399999999954,0.00035862732017379756,-0.0008499754994913851,0.0013313608037039677
6.19599999999954,0.00035692328965753964,-0.0008540491415409621,0.0013413236788089727
6.197999999999539,0.0003552111716049139,-0.0008580630079746489,0.0013511749934243845
6.199999999999539,0.0003534910854571039,-0.000862017209252496,0.0013609148443443839
6.201999999999539,0.0003517631504321555,-0.0008659118580513864,0.0013705433330478882
6.203999999999539,0.00035002748552055935,-0.0008697470692488198,0.0013800605656706173
6.2059999999995386,0.00034828420948086595,-0.0008735229599066772,0.0013894666529770802
6.207999999999538,0.0003465334408353331,-0.000877239649254963,0.0013987617103324885
6.209999999999538,0.0003447752978656059,-0.0008808972586755279,0.0014079458576745929
6.211999999999538,0.0003430098986084294,-0.0008844959116857734,0.0014170192194854498
6.213999999999538,0.0003412373608513936,-0.0008880357339223374,0.0014259819247631174
6.2159999999995375,0.0003394578021287117,-0.0008915168531247625,0.0014348341069932813
6.217999999999537,0.00033767133971703017,-0.0008949393991191484,0.0014435759041208133
6.219999999999537,0.00033587809063127225,-0.0008983035038017883,0.0014522074585212666
6.221999999999537,0.00033407817162051383,-0.0009016093011227908,0.0014607289169723044
6.223999999999537,0.0003322716991638923,-0.0009048569270696874,0.0014691404306250678
6.225999999999536,0.0003304587894665479,-0.0009080465196510274,0.0014774421549754826
6.227999999999536,0.00032863955845559837,-0.0009111782188799602,0.0014856342498355069
6.229999999999536,0.0003268141217761459,-0.0009142521667578062,0.001493716879304322
6.231999999999536,0.00032498259478731735,-0.0009172685072576172,0.0015016902117394664
6.2339999999995355,0.0003231450925583372,-0.0009202273863077267,0.001509554419727917
6.235999999999535,0.00032130172986463343,-0.0009231289517752914,0.0015173096800571162
6.237999999999535,0.0003194526211839763,-0.0009259733534498246,0.0015249561736859494
6.239999999999535,0.00031759788069265013,-0.0009287607430267215,0.001532494085715673
6.241999999999535,0.00031573762226165807,-0.0009314912740907788,0.0015399236053607929
6.243999999999534,0.0003138719594529596,-0.0009341651020997082,0.0015472449259198995
6.245999999999534,0.00031200100551574125,-0.0009367823843676441,0.0015544582447464567
6.247999999999534,0.00031012487338272037,-0.0009393432800486486,0.001561563763219547
6.249999999999534,0.0003082436756664816,-0.0009418479501202115,0.0015685616867145767
6.2519999999995335,0.0003063575246558466,-0.0009442965573667485,0.0015754522245739412
6.253999999999533,0.00030446653231227654,-0.0009466892663630976,0.0015822355900776503
6.255999999999533,0.00030257081026630793,-0.0009490262434580138,0.0015889120004139187
6.257999999999533,0.00030067046981402124,-0.0009513076567576637,0.0015954816766497197
6.259999999999533,0.00029876562191354246,-0.0009535336761091212,0.0016019448437013062
6.261999999999532,0.00029685637718157793,-0.0009557044730838628,0.0016083017303046999
6.263999999999532,0.0002949428458899819,-0.0009578202209612667,0.0016145525689861477
6.265999999999532,0.0002930251379623572,-0.0009598810947121134,0.0016206975960325516
6.267999999999532,0.00029110336297068906,-0.0009618872709820899,0.0016267370514618695
6.2699999999995315,0.00028917763013201173,-0.0009638389280752985,0.0016326711789934906
6.271999999999531,0.00028724804830510805,-0.0009657362459377705,0.0016385002260185853
6.273999999999531,0.00028531472598724206,-0.0009675794061409849,0.0016442244435704329
6.275999999999531,0.00028337777131092466,-0.0009693685918653943,0.0016498440862947276
6.277999999999531,0.00028143729204071203,-0.000971103987883958,0.001655359412419864
6.27999999999953,0.00027949339557003714,-0.0009727857805456818,0.001660770683727204
6.28199999999953,0.00027754618891807404,-0.0009744141577591681,0.0016660781655213263
6.28399999999953,0.00027559577872663516,-0.000975989308976174,0.001671282126600262
6.28599999999953,0.00027364227125710136,-0.00097751142517518,0.001676382839225713
6.2879999999995295,0.00027168577238738487,-0.0009789806988449693,0.0016813805790932585
6.289999999999529,0.0002697263876089252,-0.0009803973239682186,0.0016862756253025538
6.291999999999529,0.0002677642220237176,-0.0009817614960051012,0.0016910682603275121
6.293999999999529,0.00026579938034137455,-0.0009830734118769027,0.0016957587699864848
6.295999999999529,0.0002638319668762199,-0.0009843332699496503,0.001700347443412431
6.297999999999528,0.00026186208554441554,-0.0009855412700177566,0.0017048345730230807
6.299999999999528,0.00025988983986112126,-0.0009866976132876775,0.0017092204544910975
6.301999999999528,0.00025791533293768675,-0.0009878025023615875,0.0017135053867142337
6.303999999999528,0.0002559386674788766,-0.0009888561412210693,0.0017176896717854882
6.3059999999995275,0.00025395994578012755,-0.0009898587352108212,0.001721773614963262
6.307999999999527,0.0002519792697248389,-0.0009908104910223824,0.0017257575246415148
6.309999999999527,0.00024999674078169477,-0.0009917116166778767,0.001729641712319926
6.311999999999527,0.00024801246000201915,-0.0009925623215137737,0.0017334264925740585
6.313999999999527,0.0002460265280171637,-0.0009933628161646723,0.0017371121830255282
6.315999999999526,0.00024403904503592726,-0.0009941133125471017,0.001740699104312181
6.317999999999526,0.00024205011084200861,-0.000994814023843345,0.0017441875800582763
6.319999999999526,0.00024005982479149082,-0.000995465164485284,0.0017475779368446812
6.321999999999526,0.00023806828581035818,-0.0009960669501382661,0.001750870504179077
6.323999999999526,0.00023607559239204553,-0.000996619597684994,0.001754065614466174
6.325999999999525,0.00023408184259501947,-0.000997123325209439,0.0017571636029779425
6.327999999999525,0.00023208713404039197,-0.0009975783519807786,0.0017601648078238584
6.329999999999525,0.000230091563909566,-0.0009979848984373587,0.001763069569921165
6.331999999999525,0.00022809522894191305,-0.000998343186170681,0.0017658782329651515
6.3339999999995245,0.00022609822543248303,-0.000998653437909416,0.001768591143399449
6.335999999999524,0.0002241006492297457,-0.000998915877503444,0.0017712086503863488
6.337999999999524,0.00022210259573336423,-0.0009991307299079218,0.0017737311057771422
6.339999999999524,0.00022010415989200056,-0.0009992982211673783,0.0017761588640824795
6.341999999999524,0.00021810543620115252,-0.0009994185783998369,0.001778492282442756
6.343999999999523,0.00021610651870102265,-0.0009994920297809692,0.0017807317205985212
6.345999999999523,0.00021410750097441877,-0.0009995188045282765,0.0017828775408609157
6.347999999999523,0.00021210847614468607,-0.000999499132885302,0.0017849301080821343
6.349999999999523,0.00021010953687367075,-0.000999433246105874,0.0017868897896259179
6.3519999999995225,0.00020811077535971525,-0.00099932137643838,0.0017887569553380774
6.353999999999522,0.0002061122833356847,-0.0009991637571100736,0.001790531977517045
6.355999999999522,0.00020411415206702494,-0.000998960622311412,0.0017922152308844626
6.357999999999522,0.0002021164723498517,-0.0009987122071804285,0.0017938070925557989
6.359999999999522,0.00020011933450907106,-0.000998418747787138,0.0017953079420110053
6.361999999999521,0.00019812282839653096,-0.0009980804811179763,0.0017967181610652051
6.363999999999521,0.00019612704338920397,-0.000997697645060274,0.0017980381338394218
6.365999999999521,0.00019413206838740096,-0.0009972704783867662,0.0017992682467313438
6.367999999999521,0.00019213799181301572,-0.0009967992207401378,0.0018004088883861315
6.3699999999995205,0.00019014490160780046,-0.0009962841126176052,0.00180146044966726
6.37199999999952,0.00018815288523167222,-0.0009957253953555346,0.0018024233236274099
6.37399999999952,0.00018616202966104976,-0.0009951233111140977,0.001803297905479397
6.37599999999952,0.00018417242138722134,-0.0009944781028619655,0.0018040845925671456
6.37799999999952,0.000182184146414743,-0.0009937900143610408,0.0018047837843367096
6.379999999999519,0.00018019729025986722,-0.0009930592901512296,0.0018053958823073387
6.381999999999519,0.00017821193794900224,-0.0009922861755352506,0.001805921290042592
6.383999999999519,0.0001762281740172015,-0.0009914709165634874,0.001806360413121499
6.385999999999519,0.00017424608250668337,-0.0009906137600188783,0.0018067136591097732
6.3879999999995185,0.00017226574696538118,-0.0009897149534018495,0.0018069814375310733
6.389999999999518,0.00017028725044552324,-0.0009887747449152879,0.0018071641598383177
6.391999999999518,0.00016831067550224287,-0.000987793383449557,0.0018072622393850526
6.393999999999518,0.00016633610419221844,-0.0009867711185675553,0.0018072760913968714
6.395999999999518,0.00016436361807234314,-0.000985708200489816,0.0018072061329428922
6.397999999999517,0.00016239329819842463,-0.000984604880079653,0.0018070527829072889
6.399999999999517,0.00016042522512391418,-0.0009834614088283483,0.0018068164619608816
6.401999999999517,0.0001584594788986656,-0.0009822780388403843,0.0018064975925327824
6.403999999999517,0.00015649613906772354,-0.0009810550228187222,0.001806096598782103
6.4059999999995165,0.0001545352846701411,-0.0009797926140501238,0.0018056139065697207
6.407999999999516,0.00015257699423782702,-0.000978491066390521,0.0018050499434301066
6.409999999999516,0.00015062134579442178,-0.0009771506342504297,0.0018044051385432151
6.411999999999516,0.00014866841685420306,-0.0009757715725804109,0.0018036799227064376
6.413999999999516,0.0001467182844210201,-0.0009743541368565798,0.0018028747283066187
6.415999999999515,0.00014477102498725703,-0.0009728985830661613,0.0018019899892921395
6.417999999999515,0.00014282671453282506,-0.0009714051676930938,0.0018010261411450655
6.419999999999515,0.00014088542852418336,-0.0009698741477036819,0.0017999836208533627
6.421999999999515,0.0001389472419133887,-0.0009683057805322966,0.0017988628668831803
6.4239999999995145,0.00013701222913717348,-0.0009667003240671263,0.0017976643191512044
6.425999999999514,0.0001350804641160523,-0.0009650580366359765,0.0017963884189970791
6.427999999999514,0.00013315202025345697,-0.0009633791769921192,0.0017950356091559006
6.429999999999514,0.00013122697043489953,-0.0009616640043001943,0.0017936063337307814
6.431999999999514,0.00012930538702716368,-0.0009599127781221601,0.0017921010381654892
6.433999999999513,0.00012738734187752408,-0.0009581257584032959,0.0017905201692171564
6.435999999999513,0.00012547290631299366,-0.0009563032054582568,0.0017888641749290676
6.437999999999513,0.00012356215113959877,-0.0009544453799571792,0.00178713350460352
6.439999999999513,0.00012165514664168202,-0.0009525525429118397,0.0017853286087747596
6.441999999999513,0.00011975196258123283,-0.0009506249556618669,0.0017834499391819972
6.443999999999512,0.00011785266819724547,-0.0009486628798610056,0.001781497948742501
6.445999999999512,0.00011595733220510444,-0.0009466665774634356,0.0017794730915247658
6.447999999999512,0.00011406602279599728,-0.000944636310710143,0.0017773758227217667
6.449999999999512,0.00011217880763635455,-0.0009425723421153477,0.001775206598624289
6.4519999999995115,0.00011029575386731677,-0.0009404749344529836,0.0017729658765943408
6.453999999999511,0.0001084169281042286,-0.0009383443507432353,0.0017706541150386505
6.455999999999511,0.00010654239643615964,-0.0009361808542391294,0.001768271773382242
6.457999999999511,0.00010467222442545214,-0.0009339847084131817,0.0017658193120420993
6.459999999999511,0.00010280647710729531,-0.0009317561769441006,0.0017632971924009114
6.46199999999951,0.00010094521898932616,-0.0009294955237035461,0.001760705876780906
6.46399999999951,9.90885140512568e-05,-0.0009272030127429472,0.0017580458284177662
6.46599999999951,9.723642574452801e-05,-0.0009248789082803746,0.0017553175114346376
6.46799999999951,9.538901699198906e-05,-0.0009225234746874714,0.0017525213908162211
6.4699999999995095,9.354635018760353e-05,-0.000920136976476442,0.0017496579323829538
6.471999999999509,9.170848719618114e-05,-0.0009177196782870985,0.0017467276027652806
6.473999999999509,8.987548935313549e-05,-0.0009152718448739652,0.0017437308693780157
6.475999999999509,8.804741746426741e-05,-0.0009127937410934426,0.0017406682003947948
6.477999999999509,8.622433180557399e-05,-0.0009102856318910295,0.001737540064722618
6.479999999999508,8.440629212308313e-05,-0.0009077477822886043,0.001734346931976485
6.481999999999508,8.259335763271343e-05,-0.0009051804573717669,0.0017310892724541256
6.483999999999508,8.078558702015931e-05,-0.0009025839222772392,0.0017277675571108204
6.485999999999508,7.898303844080138e-05,-0.0008999584421803264,0.001724382257534319
6.4879999999995075,7.718576951964167e-05,-0.0008973042822824384,0.0017209338459198513
6.489999999999507,7.539383735126388e-05,-0.0008946217077986723,0.0017174227950452353
6.491999999999507,7.360729849981837e-05,-0.0008919109839454548,0.0017138495782460807
6.493999999999507,7.182620899903179e-05,-0.0008891723759282477,0.0017102146693910912
6.495999999999507,7.00506243522412e-05,-0.0008864061489293126,0.0017065185428574636
6.497999999999506,6.828059953245271e-05,-0.0008836125680955393,0.001702761673506384
6.499999999999506,6.651618898242431e-05,-0.000880791898526335,0.001698944536658626
6.501999999999506,6.475744661477286e-05,-0.0008779444052615761,0.0016950676080702456
6.503999999999506,6.300442581210518e-05,-0.000875070353269623,0.0016911313639083794
6.5059999999995055,6.125717942717295e-05,-0.0008721700074353968,0.0016871362807271409
6.507999999999505,5.951575978305149e-05,-0.0008692436325485197,0.0016830828354436208
6.509999999999505,5.778021867334216e-05,-0.0008662914932915179,0.0016789715053139877
6.511999999999505,5.605060736239827e-05,-0.0008633138542280891,0.0016748027679096937
6.513999999999505,5.432697658557439e-05,-0.0008603109797914324,0.00167057710109378
6.515999999999504,5.260937654949899e-05,-0.0008572831342726432,0.0016662949829972904
6.517999999999504,5.089785693237017e-05,-0.0008542305818091711,0.0016619568919957874
6.519999999999504,4.9192466884274425e-05,-0.0008511535863733438,0.0016575633066859721
6.521999999999504,4.749325502752832e-05,-0.0008480524117609536,0.001653114705862413
6.5239999999995035,4.580026945704289e-05,-0.0008449273215799106,0.0016486115684943789
6.525999999999503,4.41135577407107e-05,-0.000841778579238959,0.0016440543737027782
6.527999999999503,4.2433166919815404e-05,-0.0008386064479364605,0.0016394436007372074
6.529999999999503,4.0759143509463645e-05,-0.0008354111906492413,0.0016347797289531056
6.531999999999503,3.909153349903922e-05,-0.000832193070121506,0.001630063237789019
6.533999999999502,3.7430382352679356e-05,-0.0008289523488538166,0.0016252946067439728
6.535999999999502,3.577573500977294e-05,-0.0008256892890921376,0.0016204743153549537
6.537999999999502,3.4127635885480604e-05,-0.0008224041528169471,0.0016156028431745023
6.539999999999502,3.248612887127654e-05,-0.0008190972017324147,0.0016106806697484136
6.5419999999995015,3.0851257335511854e-05,-0.000815768697255645,0.001605708274593553
6.543999999999501,2.9223064123999392e-05,-0.0008124189005059884,0.0016006861371757782
6.545999999999501,2.760159156061988e-05,-0.0008090480722944191,0.0015956147368879775
6.547999999999501,2.5986881447949232e-05,-0.0008056564731129787,0.0015904945530282183
6.549999999999501,2.4378975067906902e-05,-0.0008022443631242882,0.001585326064778008
6.5519999999995004,2.277791318242515e-05,-0.0007988120021511267,0.0015801097511806694
6.5539999999995,2.1183736034139087e-05,-0.0007953596496660779,0.0015748460911198282
6.5559999999995,1.9596483347097345e-05,-0.0007918875647812436,0.0015695355632980167
6.5579999999995,1.8016194327493274e-05,-0.0007883960062380253,0.0015641786462153898
6.5599999999995,1.6442907664416483e-05,-0.0007848852323969738,0.0015587758181485572
6.561999999999499,1.4876661530624636e-05,-0.0007813555012277064,0.001553327557129531
6.563999999999499,1.331749358333533e-05,-0.0007778070702988927,0.0015478343409247883
6.565999999999499,1.1765440965037944e-05,-0.000774240196768308,0.0015422966470144501
6.567999999999499,1.0220540304325307e-05,-0.0007706551373729552,0.001536714952571578
6.5699999999994985,8.682827716745053e-06,-0.0007670521484192563,0.001531089734441585
6.571999999999498,7.15233880567053e-06,-0.0007634314857733108,0.0015254214691217676
6.573999999999498,5.629108663191118e-06,-0.0007597934048512237,0.001519710632740951
6.575999999999498,4.1131718710218255e-06,-0.0007561381606095025,0.0015139577010392562
6.577999999999498,2.6045625014320197e-06,-0.0007524660075355229,0.0015081631493479833
6.579999999999497,1.1033141181931627e-06,-0.0007487771996380631,0.0015023274525696139
6.581999999999497,-3.9054022245459677e-07,-0.0007450719904379077,0.001496451085157933
6.583999999999497,-1.8769679708171067e-06,-0.000741350632958521,0.00149053452109827
6.585999999999497,-3.3559370827423066e-06,-0.0007376133797167887,0.001484578233887859
6.5879999999994965,-4.827416018597882e-06,-0.0007338604827138305,0.0014785826965163199
6.589999999999496,-6.291373742230606e-06,-0.0007300921934258802,0.0014725483814462589
6.591999999999496,-7.7477797195635e-06,-0.0007263087624512176,0.001466475760593991
6.593999999999496,-9.196603918208734e-06,-0.0007225104408789888,0.0014603653046219986
6.595999999999496,-1.0637816806371184e-05,-0.0007186974782110201,0.0014542174856761864
6.597999999999495,-1.2071389351046163e-05,-0.0007148701237342072,0.0014480327732284113
6.599999999999495,-1.3497293017235062e-05,-0.0007110286261660107,0.0014418116368194605
6.601999999999495,-1.4915499766797765e-05,-0.0007071732336457558,0.0014355545453492565
6.603999999999495,-1.6325982057287755e-05,-0.0007033041937260015,0.0014292619670583093
6.6059999999994945,-1.7728712840770007e-05,-0.0006994217533639797,0.0014229343695092906
6.607999999999494,-1.9123665562621844e-05,-0.0006955261589131052,0.0014165722195687294
6.609999999999494,-2.0510814160316877e-05,-0.0006916176561145548,0.0014101759833888322
6.611999999999494,-2.1890133062192177e-05,-0.0006876964900889169,0.0014037461263894265
6.613999999999494,-2.326159718619881e-05,-0.0006837629053279119,0.0013972831132400261
6.615999999999493,-2.4625181938635892e-05,-0.0006798171456861813,0.0013907874078420226
6.617999999999493,-2.5980863212868273e-05,-0.0006758594543731488,0.0013842594733109986
6.619999999999493,-2.7328617388028047e-05,-0.0006718900739449502,0.0013776997719591659
6.621999999999493,-2.8668421327699963e-05,-0.0006679092462964344,0.0013711087652779285
6.6239999999994925,-3.000025237859091e-05,-0.0006639172126532347,0.0013644869139205686
6.625999999999492,-3.132408836918364e-05,-0.0006599142135639101,0.0013578346776850604
6.627999999999492,-3.2639907608374806e-05,-0.000655900488892157,0.0013511525154970038
6.629999999999492,-3.394768888409754e-05,-0.0006518762778090914,0.0013444408853926888
6.631999999999492,-3.5247411461928605e-05,-0.0006478418187856015,0.0013377002445022802
6.633999999999491,-3.65390550836804e-05,-0.0006437973495847706,0.0013309310490331315
6.635999999999491,-3.7822599965977796e-05,-0.0006397431072543701,0.0013241337542532216
6.637999999999491,-3.9098026798820105e-05,-0.0006356793281194236,0.001317308814474718
6.639999999999491,-4.036531674412819e-05,-0.0006316062477748402,0.0013104566830376672
6.6419999999994905,-4.162445143427695e-05,-0.0006275241010781197,0.0013035778122938086
6.64399999999949,-4.2875412970613264e-05,-0.0006234331221421267,0.0012966726535905164
6.64599999999949,-4.411818392195956e-05,-0.0006193335443279357,0.0012897416572548665
6.64799999999949,-4.535274732310315e-05,-0.000615225600237747,0.001282785272577831
6.64999999999949,-4.6579086673271454e-05,-0.0006111095217078718,0.0012758039477985973
6.651999999999489,-4.779718593459329e-05,-0.000606985539801788,0.0012687981300890149
6.653999999999489,-4.9007029530546296e-05,-0.0006028538848032671,0.0012617682655381693
6.655999999999489,-5.0208602344390746e-05,-0.0005987147862095701,0.0012547147991370804
6.657999999999489,-5.140188971758976e-05,-0.0005945684727247142,0.0012476381747635308
6.6599999999994886,-5.258687744821617e-05,-0.0005904151722528094,0.001240538835167018
6.661999999999488,-5.376355178934609e-05,-0.0005862551118914656,0.001233417221953835
6.663999999999488,-5.493189944743939e-05,-0.0005820885179252695,0.0012262737755722774
6.665999999999488,-5.60919075807072e-05,-0.0005779156158193312,0.0012191089352979784
6.667999999999488,-5.7243563797466565e-05,-0.0005737366302129014,0.0012119231392193697
6.6699999999994874,-5.83868561544824e-05,-0.0005695517849130584,0.0012047168242232695
6.671999999999487,-5.952177315529691e-05,-0.0005653613028884643,0.0011974904259805994
6.673999999999487,-6.0648303748546544e-05,-0.000561165406263192,0.0011902443789322255
6.675999999999487,-6.176643732626677e-05,-0.0005569643163106211,0.0011829791162749305
6.677999999999487,-6.287616372218459e-05,-0.0005527582534474042,0.001175695069947509
6.679999999999486,-6.397747320999911e-05,-0.0005485474372275022,0.001168392670616993
6.681999999999486,-6.507035650165036e-05,-0.0005443320863362894,0.0011610723476650035
6.683999999999486,-6.615480474557612e-05,-0.0005401124185847283,0.0011537345291742292
6.685999999999486,-6.723080952495748e-05,-0.0005358886509036138,0.0011463796419150327
6.6879999999994855,-6.829836285595275e-05,-0.0005316609993378859,0.001139008111332185
6.689999999999485,-6.935745718592014e-05,-0.0005274296790410129,0.0011316203615317245
6.691999999999485,-7.040808539162923e-05,-0.000523194904269443,0.001124216815267946
6.693999999999485,-7.14502407774615e-05,-0.000518956888377125,0.0011167978939305152
6.695999999999485,-7.248391707359987e-05,-0.0005147158438100982,0.0011093640175317116
6.697999999999484,-7.350910843420757e-05,-0.000510471982101151,0.0011019156046937963
6.699999999999484,-7.45258094355963e-05,-0.000506225513864549,0.0010944530726365097
6.701999999999484,-7.553401507438407e-05,-0.0005019766487908304,0.0010869768371646943
6.703999999999484,-7.653372076564249e-05,-0.0004977255956416715,0.001079487312656045
6.7059999999994835,-7.752492234103406e-05,-0.0004934725622448197,0.0010719849120489854
6.707999999999483,-7.850761604693928e-05,-0.0004892177554890957,0.0010644700468306735
6.709999999999483,-7.948179854257383e-05,-0.0004849613813194629,0.0010569431270251307
6.711999999999483,-8.044746689809606e-05,-0.00048070364473216617,0.0010494045611814996
6.713999999999483,-8.140461859270467e-05,-0.00047644474976993794,0.0010418547563624285
6.715999999999482,-8.235325151272702e-05,-0.0004721848995172726,0.0010342941181325806
6.717999999999482,-8.329336394969792e-05,-0.00046792429609576833,0.001026723050547272
6.719999999999482,-8.422495459842933e-05,-0.00046366314065953725,0.0010191419561412346
6.721999999999482,-8.514802255507076e-05,-0.00045940163339068264,0.001011551235917504
6.7239999999994815,-8.606256731516086e-05,-0.00045513997349484384,0.001003951289336436
6.725999999999481,-8.69685887716701e-05,-0.0004508783591968085,0.0009963425143048486
6.727999999999481,-8.786608721303469e-05,-0.00044661698773619204,0.000988725307165287
6.729999999999481,-8.875506332118201e-05,-0.000442356055363184,0.0009811000626854189
6.731999999999481,-8.963551816954756e-05,-0.0004380957573343617,0.00097346717404755
6.73399999999948,-9.050745322108358e-05,-0.0004338362879085704,0.000965827032838271
6.73599999999948,-9.137087032625959e-05,-0.0004295778403428701,0.0009581800290382244
6.73799999999948,-9.222577172105477e-05,-0.00042532060688854915,0.0009505265510119998
6.73999999999948,-9.30721600249425e-05,-0.00042106477878720396,0.000942866985498153
6.7419999999994795,-9.391003823886712e-05,-0.00041681054626688496,0.0009352017175993505
6.743999999999479,-9.473940974321308e-05,-0.00041255809853830885,0.0009275311307726371
6.745999999999479,-9.556027829576645e-05,-0.0004083076237911366,0.0009198556068198307
6.747999999999479,-9.637264802966926e-05,-0.0004040593091903171,0.0009121755258780397
6.749999999999479,-9.71765234513664e-05,-0.0003998133408724968,0.0009044912664103034
6.751999999999478,-9.797190943854551e-05,-0.0003955699039424944,0.00089680320519636
6.753999999999478,-9.875881123806982e-05,-0.00039132918246984104,0.0008891117173235343
6.755999999999478,-9.953723446390426e-05,-0.00038709135948538574,0.0008814171761777519
6.757999999999478,-0.00010030718509503466,-0.00038285661697796546,0.0008737199534346757
6.7599999999994775,-0.00010106866947338053,-0.00037862513589114025,0.0008660204190509656
6.761999999999477,-0.00010182169430170124,-0.0003743970961199929,0.000858318941255661
6.763999999999477,-0.00010256626664149597,-0.000370172676507993,0.0008506158865416869
6.765999999999477,-0.00010330239391089737,-0.00036595205484392563,0.000842911619657482
6.767999999999477,-0.0001040300838825592,-0.00036173540785888346,0.0008352065035987487
6.769999999999476,-0.00010474934468153799,-0.00035752291122332345,0.0008275008996003261
6.771999999999476,-0.00010546018478316885,-0.000353314739544187,0.0008197951671281849
6.773999999999476,-0.00010616261301093568,-0.00034911106636208357,0.0008120896638715428
6.775999999999476,-0.00010685663853433567,-0.000344912064148538,0.0008043847457351028
6.7779999999994756,-0.0001075422708667385,-0.00034071790430330063,0.0007966807668314117
6.779999999999475,-0.00010821951986324009,-0.0003365287571517207,0.0007889780794733398
6.781999999999475,-0.00010888839571851131,-0.00033234479194218245,0.0007812770341666816
6.783999999999475,-0.00010954890896464147,-0.0003281661768436038,0.0007735779796028761
6.785999999999475,-0.00011020107046897698,-0.00032399307894299755,0.0007658812626518491
6.7879999999994745,-0.00011084489143195512,-0.00031982566424309486,0.0007581872283549721
6.789999999999474,-0.00011148038338493319,-0.00031566409766003046,0.0007504962199181448
6.791999999999474,-0.00011210755818801304,-0.00031150854302109006,0.000742808578704994
6.793999999999474,-0.00011272642802786119,-0.0003073591630625191,0.0007351246442301931
6.795999999999474,-0.0001133370054155246,-0.00030321611942739303,0.0007274447541528994
6.797999999999473,-0.00011393930318424222,-0.00029907957266354896,0.0007197692442703107
6.799999999999473,-0.00011453333448725258,-0.00029494968222157803,0.0007120984485113401
6.801999999999473,-0.00011511911279559725,-0.00029082660645287863,0.0007044326989304086
6.803999999999473,-0.00011569665189592064,-0.0002867105026077706,0.0006967723257013546
6.8059999999994725,-0.00011626596588826595,-0.0002826015268336691,0.0006891176571114618
6.807999999999472,-0.00011682706918386763,-0.00027849983417331926,0.0006814690195556041
6.809999999999472,-0.00011737997650294032,-0.00027440557856309064,0.0006738267375305062
6.811999999999472,-0.0001179247028724644,-0.00027031891283133105,0.0006661911336291216
6.813999999999472,-0.00011846126362396843,-0.00026623998869678035,0.0006585625285351265
6.815999999999471,-0.00011898967439130832,-0.00026216895676704316,0.0006509412410175291
6.817999999999471,-0.00011950995110844364,-0.00025810596653712096,0.0006433275879253946
6.819999999999471,-0.00012002211000721098,-0.00025405116638800275,0.0006357218841826855
6.821999999999471,-0.00012052616761509455,-0.00025000470358531443,0.0006281244427832164
6.8239999999994705,-0.00012102214075299419,-0.0002459667242780266,0.0006205355747857234
6.82599999999947,-0.00012151004653299077,-0.0002419373734972203,0.0006129555893090473
6.82799999999947,-0.00012198990235610925,-0.0002379167951549112,0.0006053847935274314
6.82999999999947,-0.00012246172591007947,-0.0002339051320429307,0.0005978234926659316
6.83199999999947,-0.00012292553516709463,-0.00022990252583186512,0.0005902719899959409
6.833999999999469,-0.00012338134838156783,-0.0002259091170700518,0.0005827305868308249
6.835999999999469,-0.00012382918408788661,-0.00022192504518263228,0.0005751995825216715
6.837999999999469,-0.00012426906109816568,-0.00021795044847066218,0.0005676792744531511
6.839999999999469,-0.0001247009984999979,-0.00021398546411027756,0.0005601699580394901
6.8419999999994685,-0.00012512501565420362,-0.00021003022815191768,0.000552671926720553
6.843999999999468,-0.0001255411321925786,-0.00020608487551960355,0.000545185471958039
6.845999999999468,-0.00012594936801564046,-0.00020214954001027244,0.0005377108832317857
6.847999999999468,-0.00012634974329037399,-0.00019822435429316777,0.0005302484480361853
6.849999999999468,-0.00012674227844797505,-0.00019430944990928446,0.0005227984518767095
6.851999999999467,-0.0001271269941815937,-0.0001904049572708691,0.000515361178266544
6.853999999999467,-0.00012750391144407614,-0.00018651100566097507,0.0005079369087233319
6.855999999999467,-0.000127873051445706,-0.00018262772323307208,0.0005005259227660263
6.857999999999467,-0.00012823443565194488,-0.00017875523701071,0.0004931284979118502
6.8599999999994665,-0.00012858808578117205,-0.00017489367288723686,0.0004857449096733649
6.861999999999466,-0.00012893402380242396,-0.00017104315562557035,0.0004783754315556458
6.863999999999466,-0.00012927227193313315,-0.00016720380885802306,0.0004710203350535647
6.865999999999466,-0.00012960285263686688,-0.0001633757550861809,0.00046367988964917924
6.867999999999466,-0.00012992578862106564,-0.00015955911568083444,0.0004563543628092287
6.869999999999465,-0.00013024110283478153,-0.00015575401088196314,0.00044904401998273455
6.871999999999465,-0.00013054881846641665,-0.00015196055979877196,0.00044174912459870783
6.873999999999465,-0.00013084895894146167,-0.0001481788804097801,0.00043446993806396054
6.875999999999465,-0.00013114154792023453,-0.00014440908956296197,0.0004272067197610219
6.8779999999994645,-0.00013142660929561957,-0.00014065130297593944,0.00041995972704615843
6.879999999999464,-0.00013170416719080705,-0.00013690563523622594,0.00041272921524749845
6.881999999999464,-0.00013197424595703328,-0.00013317219980152136,0.00040551543766325894
6.883999999999464,-0.00013223687017132124,-0.0001294511090000581,0.00039831864556007603
6.885999999999464,-0.00013249206463422208,-0.00012574247403099754,0.0003911390881714375
6.887999999999463,-0.0001327398543675574,-0.00012204640496487697,0.00038397701269621715
6.889999999999463,-0.00013298026461216252,-0.00011836301074410665,0.00037683266429731135
6.891999999999463,-0.00013321332082563076,-0.00011469239918351647,0.00036970628610037584
6.893999999999463,-0.00013343904868005883,-0.00011103467697095242,0.0003625981191926637
6.895999999999463,-0.00013365747405979353,-0.00010738994966792208,0.0003555084026219637
6.897999999999462,-0.00013386862305917978,-0.00010375832171028926,0.0003484373733956377
6.899999999999462,-0.00013407252198031,-0.00010013989640901724,0.00034138526647975833
6.901999999999462,-0.00013426919733077516,-9.653477595096057e-05,0.0003343523147983445
6.903999999999462,-0.0001344586758214174,-9.29430613997049e-05,0.0003273387492326963
6.9059999999994615,-0.00013464098436408427,-8.936485269645478e-05,0.0003203447986208272
6.907999999999461,-0.00013481615006938506,-8.580024866096905e-05,0.0003133706897569938
6.909999999999461,-0.00013498420024444873,-8.224934699254354e-05,0.00030641664739132317
6.911999999999461,-0.00013514516239068408,-7.871224427104075e-05,0.0002994828942295358
6.913999999999461,-0.00013529906420154194,-7.518903595796646e-05,0.0002925696509327656
6.91599999999946,-0.00013544593356027958,-7.167981639759268e-05,0.00028567713611747484
6.91799999999946,-0.00013558579853772737,-6.818467881812679e-05,0.00027880556635546494
6.91999999999946,-0.00013571868739005794,-6.47037153329267e-05,0.0002719551561739809
6.92199999999946,-0.00013584462855655761,-6.12370169417616e-05,0.00026512611805591137
6.9239999999994595,-0.00013596365065740067,-5.7784673532118e-05,0.0002583186624400808
6.925999999999459,-0.00013607578249142594,-5.4346773880550873e-05,0.00025153299772163665
6.927999999999459,-0.00013618105303391656,-5.092340565407961e-05,0.0002447693302525277
6.929999999999459,-0.00013627949143438212,-4.7514655411628405e-05,0.00023802786434207578
6.931999999999459,-0.00013637112701434407,-4.4120608605510875e-05,0.00023130880225763893
6.933999999999458,-0.00013645598926512398,-4.0741349582958564e-05,0.00022461234422536583
6.935999999999458,-0.000136534107845635,-3.73769615876931e-05,0.0002179386884310411
6.937999999999458,-0.00013660551258017629,-3.402752676154169e-05,0.0002112880310210212
6.939999999999458,-0.0001366702334562311,-3.069312614609564e-05,0.00020466056610325966
6.9419999999994575,-0.00013672830062226788,-2.7373839684411605e-05,0.0001980564857484224
6.943999999999457,-0.00013677974438554486,-2.40697462227554e-05,0.00019147597999109108
6.945999999999457,-0.00013682459520991842,-2.0780923512387874e-05,0.00018491923683105566
6.947999999999457,-0.0001368628837136548,-1.7507448211392717e-05,0.00017838644223469417
6.949999999999457,-0.00013689464066724558,-1.424939588654586e-05,0.00017187778013644022
6.951999999999456,-0.00013691989699122706,-1.100684101522616e-05,0.0001653934324403373
6.953999999999456,-0.00013693868375400334,-7.779856987367089e-06,0.0001589335790216794
6.955999999999456,-0.00013695103216967346,-4.5685161074491185e-06,0.00015249839772873752
6.957999999999456,-0.00013695697359586247,-1.3728895965325516e-06,0.0001460880643845717
6.9599999999994555,-0.00013695653953155667,1.8069524056695625e-06,0.00013970275278892756
6.961999999999455,-0.00013694976161494307,4.970940838678661e-06,0.00013334263472021755
6.963999999999455,-0.00013693667162125302,8.119007719098387e-06,0.00012700787993758574
6.965999999999455,-0.00013691730146061018,1.1251086138423073e-05,0.00012069865618305624
6.967999999999455,-0.00013689168317588312,1.4367110260807273e-05,0.00011441512918376404
6.969999999999454,-0.00013685984894054208,1.7467015320796675e-05,0.00010815746265426858
6.971999999999454,-0.00013682183105652058,2.055073762102065e-05,0.00010192581829894873
6.973999999999454,-0.0001367776619520816,2.361821452984677e-05,9.572035581447928e-05
6.975999999999454,-0.00013672737417968843,2.666938447899756e-05,8.954123289238805e-05
6.9779999999994535,-0.00013667100041388046,2.9704186961129814e-05,8.338860522169331e-05
6.979999999999453,-0.00013660857344915364,3.272256252737674e-05,7.726262649162082e-05
6.981999999999453,-0.00013654012619784614,3.5724452784853263e-05,7.116344839440017e-05
6.983999999999453,-0.00013646569168802874,3.870980039412476e-05,6.509122062813961e-05
6.985999999999453,-0.00013638530306140073,4.1678549066639556e-05,5.9046090899779217e-05
6.987999999999452,-0.00013629899357119052,4.463064356212541e-05,5.302820492812161e-05
6.989999999999452,-0.00013620679658006183,4.7566029685950406e-05,4.70377064469397e-05
6.991999999999452,-0.00013610874555802506,5.048465428644844e-05,4.107473720816102e-05
6.993999999999452,-0.00013600487408035403,5.3386465252209636e-05,3.513943698512818e-05
6.9959999999994515,-0.0001358952158255082,5.627141150933604e-05,2.9231943575934758e-05
6.997999999999451,-0.00013577980457306054,5.913944301866281e-05,2.3352392806836133e-05
6.999999999999451,-0.00013565867420163062,6.199051077294526e-05,1.750091853573492e-05
7.001999999999451,-0.0001355318586868239,6.482456679401204e-05,1.1677652655740111e-05
7.003999999999451,-0.00013539939209917623,6.764156412988473e-05,5.882725098799819e-06
7.0059999999994504,-0.0001352613086021045,7.044145685186424e-05,1.162638394067671e-07
7.00799999999945,-0.00013511764244986298,7.32242000515841e-05,-5.621605101623978e-06
7.00999999999945,-0.00013496842798550558,7.598974983803127e-05,-1.1330757653305236e-05
7.01199999999945,-0.00013481369963885427,7.873806333453444e-05,-1.7011071690556964e-05
7.01399999999945,-0.00013465349192447326,8.146909867572032e-05,-2.266242703021461e-05
7.015999999999449,-0.00013448783943964966,8.418281500443818e-05,-2.8284705426967385e-05
7.017999999999449,-0.00013431677686237997,8.687917246865289e-05,-3.38777905692267e-05
7.019999999999449,-0.00013414033894936314,8.955813221830686e-05,-3.944156807492581e-05
7.021999999999449,-0.00013395856053399958,9.221965640215098e-05,-4.497592548725058e-05
7.0239999999994485,-0.00013377147652439696,9.486370816454518e-05,-5.0480752270302384e-05
7.025999999999448,-0.00013357912190138202,9.749025164222857e-05,-5.5955939804693406e-05
7.027999999999448,-0.0001333815317165192,0.00010009925196105969,-6.140138138307512e-05
7.029999999999448,-0.00013317874109013557,0.00010269067523272708,-6.681697220560018e-05
7.031999999999448,-0.00013297078520935259,0.0001052644885514305,-7.22026093753186e-05
7.033999999999447,-0.00013275769932612438,0.00010782065999053302,-7.755819189350841e-05
7.035999999999447,-0.00013253951875528275,0.00011035915859918441,-8.288362065494165e-05
7.037999999999447,-0.00013231627887258903,0.00011287995439891609,-8.817879844308607e-05
7.039999999999447,-0.00013208801511279276,0.00011538301838020777,-9.344362992524315e-05
7.0419999999994465,-0.00013185476296769723,0.0001178683224990264,-9.867802164762279e-05
7.043999999999446,-0.00013161655798423196,0.0001203358396733374,-0.00010388188203035558
7.045999999999446,-0.0001313734357625323,0.0001227855437795887,-0.00010905512136244285
7.047999999999446,-0.00013112543195402585,0.00012521740964916773,-0.0001141976517966451
7.049999999999446,-0.00013087258225952632,0.0001276314130648319,-0.0001193093873443096
7.051999999999445,-0.00013061492242733426,0.00013002753075711245,-0.00012439024387013746
7.053999999999445,-0.00013035248825134514,0.00013240574040069246,-0.00012944013908689064
7.055999999999445,-0.0001300853155691648,0.0001347660206107589,-0.00013445899255003978
7.057999999999445,-0.0001298134402602319,0.00013710835093932926,-0.000139446725652353
7.0599999999994445,-0.00012953689824394814,0.00013943271187155304,-0.00014440326161842664
7.061999999999444,-0.00012925572547781562,0.00014173908482198818,-0.00014932852549915795
7.063999999999444,-0.00012896995795558182,0.00014402745213085318,-0.00015422244416616075
7.065999999999444,-0.000128679631705392,0.00014629779706025456,-0.00015908494630612454
7.067999999999444,-0.0001283847827879492,0.0001485501037903906,-0.00016391596241511713
7.069999999999443,-0.00012808544729468193,0.00015078435741573118,-0.00016871542479283199
7.071999999999443,-0.0001277816613459194,0.0001530005439411744,-0.00017348326753678043
7.073999999999443,-0.0001274734610890746,0.00015519865027817977,-0.00017821942653642938
7.075999999999443,-0.00012716088269683497,0.000157378664240879,-0.00018292383946728495
7.0779999999994425,-0.00012684396236536106,0.00015954057454216374,-0.00018759644578492302
7.079999999999442,-0.00012652273631249284,0.00016168437078975157,-0.00019223718671896643
7.081999999999442,-0.00012619724077596404,0.00016381004348222964,-0.0001968460052670103
7.083999999999442,-0.00012586751201162442,0.00016591758400507693,-0.00020142284618849523
7.085999999999442,-0.00012553358629166994,0.00016800698462666498,-0.00020596765599852944
7.087999999999441,-0.00012519549990288095,0.00017007823849423764,-0.00021048038296166003
7.089999999999441,-0.0001248532891448686,0.00017213133962986995,-0.00021496097708559433
7.091999999999441,-0.0001245069903283291,0.0001741662829264066,-0.0002194093901148713
7.093999999999441,-0.00012415663977330638,0.00017618306414338017,-0.0002238255755244841
7.0959999999994405,-0.00012380227380746263,0.00017818167990290936,-0.00022820948851345397
7.09799999999944,-0.00012344392876435746,0.00018016212768557773,-0.00023256108599835609
7.09999999999944,-0.00012308164098173496,0.00018212440582629304,-0.000236880326606798
7.10199999999944,-0.00012271544679981928,0.00018406851351012753,-0.00024116717067085113
7.10399999999944,-0.0001223453825596184,0.00018599445076813943,-0.0002454215802204358
7.105999999999439,-0.00012197148460123642,0.00018790221847317604,-0.0002496435189766605
7.107999999999439,-0.00012159378926219416,0.00018979181833565854,-0.00025383295234511564
7.109999999999439,-0.00012121233287575824,0.00019166325289934902,-0.00025798984740912293
7.111999999999439,-0.00012082715176927864,0.00019351652553709973,-0.0002621141729229398
7.1139999999994386,-0.00012043828226253478,0.0001953516404465851,-0.00026620589930492083
7.115999999999438,-0.0001200457606660902,0.00019716860264601676,-0.0002702649986306354
7.117999999999438,-0.00011964962327965568,0.00019896741796984153,-0.00027429144462594334
7.119999999999438,-0.0001192499063904612,0.00020074809306442332,-0.00027828521266002736
7.121999999999438,-0.00011884664627163637,0.0002025106353837085,-0.00028224627973838544
7.1239999999994374,-0.0001184398791805996,0.00020425505318487542,-0.00028617462449578065
7.125999999999437,-0.00011802964135745604,0.00020598135552396847,-0.00029007022718915125
7.127999999999437,-0.00011761596902340419,0.00020768955225151643,-0.0002939330696904809
7.129999999999437,-0.00011719889837915134,0.0002093796540081361,-0.00029776313547962864
7.131999999999437,-0.0001167784656033378,0.00021105167222012093,-0.00030156040963712086
7.133999999999436,-0.00011635470685096993,0.00021270561909501507,-0.00030532487883690407
7.135999999999436,-0.00011592765825186215,0.00021434150761717337,-0.0003090565313390602
7.137999999999436,-0.00011549735590908768,0.00021595935154330718,-0.0003127553569824846
7.139999999999436,-0.00011506383589743836,0.00021755916539801666,-0.0003164213471775267
7.1419999999994355,-0.00011462713426189331,0.0002191409644693095,-0.00032005449489859493
7.143999999999435,-0.00011418728701609661,0.00022070476480410658,-0.0003236547946767257
7.145999999999435,-0.00011374433014084397,0.0002222505832037347,-0.00032722224259211654
7.147999999999435,-0.00011329829958257847,0.00022377843721940675,-0.0003307568362666254
7.149999999999435,-0.00011284923125189525,0.00022528834514768965,-0.000334258574856235
7.151999999999434,-0.00011239716102205542,0.00022678032602595989,-0.000337727459043484
7.153999999999434,-0.0001119421247275089,0.00022825439962784771,-0.00034116349102986435
7.155999999999434,-0.00011148415816242657,0.00022971058645866946,-0.00034456667452818654
7.157999999999434,-0.00011102329707924141,0.00023114890775084883,-0.00034793701475491234
7.1599999999994335,-0.00011055957718719887,0.00023256938545932704,-0.0003512745184224563
7.161999999999433,-0.00011009303415091646,0.0002339720422569624,-0.0003545791937314552
7.163999999999433,-0.00010962370358895251,0.0002353569015299193,-0.0003578510503630083
7.165999999999433,-0.00010915162107238418,0.0002367239873730472,-0.0003610900994708861
7.167999999999433,-0.0001086768221233947,0.00023807332458524938,-0.0003642963536737102
7.169999999999432,-0.0001081993422138699,0.00023940493866484241,-0.0003674698270471041
7.171999999999432,-0.00010771921676400403,0.00024071885580490604,-0.00037061053511581494
7.173999999999432,-0.00010723648114091493,0.0002420151028886238,-0.00037371849484580804
7.175999999999432,-0.0001067511706572684,0.00024329370748461514,-0.00037679372463633265
7.1779999999994315,-0.00010626332056991208,0.00024455469784225855,-0.00037983624431196187
7.179999999999431,-0.00010577296607851859,0.00024579810288700657,-0.000382846075114605
7.181999999999431,-0.00010528014232423804,0.00024702395221569255,-0.00038582323969549455
7.183999999999431,-0.00010478488438836001,0.0002482322760918298,-0.00038876776210714707
7.185999999999431,-0.00010428722729098483,0.00024942310544090305,-0.00039167966779529966
7.18799999999943,-0.00010378720598970443,0.0002505964718456523,-0.00039455898359082124
7.18999999999943,-0.0001032848553782925,0.0002517524075413501,-0.00039740573770160014
7.19199999999943,-0.00010278021028540414,0.00025289094541107183,-0.00040021995970440774
7.19399999999943,-0.00010227330547328502,0.00025401211898095917,-0.00040300168053673954
7.1959999999994295,-0.00010176417563648995,0.00025511596241547754,-0.0004057509324886333
7.197999999999429,-0.00010125285540061105,0.00025620251051266754,-0.0004084677491944651
7.199999999999429,-0.00010073937932101522,0.00025727179869939026,-0.00041115216562472403
7.201999999999429,-0.00010022378188159138,0.0002583238630265674,-0.0004138042180777653
7.203999999999429,-9.970609749350705e-05,0.0002593587401644157,-0.00041642394417154343
7.205999999999428,-9.918636049397454e-05,0.0002603764673976768,-0.00041901138283532437
7.207999999999428,-9.866460514502665e-05,0.00026137708262084173,-0.0004215665743013791
7.209999999999428,-9.814086563230198e-05,0.00026236062433337114,-0.0004240895600966568
7.211999999999428,-9.761517606383977e-05,0.0002633271316349113,-0.0004265803830344403
7.2139999999994275,-9.708757046888426e-05,0.0002642766442205057,-0.0004290390872059828
7.215999999999427,-9.655808279669877e-05,0.00026520920237580316,-0.00043146571797212713
7.217999999999427,-9.602674691538919e-05,0.000266124846972262,-0.00043386032195490755
7.219999999999427,-9.549359661073722e-05,0.000267023619462351,-0.0004362229470291348
7.221999999999427,-9.495866558504312e-05,0.0002679055618747475,-0.0004385536423139648
7.223999999999426,-9.442198745597809e-05,0.000268770716809532,-0.0004408524581644519
7.225999999999426,-9.388359575544633e-05,0.00026961912743338087,-0.0004431194461630859
7.227999999999426,-9.334352392845652e-05,0.0002704508374747558,-0.0004453546591113154
7.229999999999426,-9.28018053320032e-05,0.00027126589121909193,-0.0004475581510210551
7.2319999999994256,-9.225847323395756e-05,0.00027206433350398347,-0.00044972997710618064
7.233999999999425,-9.171356081196794e-05,0.0002728462097143677,-0.00045187019377400937
7.235999999999425,-9.116710115236997e-05,0.00027361156577770777,-0.0004539788586167675
7.237999999999425,-9.061912724910632e-05,0.0002743604481591739,-0.00045605603040304557
7.239999999999425,-9.006967200265613e-05,0.0002750929038568238,-0.0004581017690692415
7.2419999999994245,-8.9518768218974e-05,0.0002758089803967821,-0.0004601161357109915
7.243999999999424,-8.896644860843873e-05,0.00027650872582841947,-0.00046209919257459017
7.245999999999424,-8.841274578481161e-05,0.00027719218871953116,-0.00046405100304840023
7.247999999999424,-8.785769226420441e-05,0.0002778594181515156,-0.0004659716316542507
7.249999999999424,-8.730132046405697e-05,0.00027851046371455307,-0.00046786114403882684
7.251999999999423,-8.674366270212447e-05,0.0002791453755027846,-0.0004697196069650492
7.253999999999423,-8.618475119547431e-05,0.0002797642041094915,-0.0004715470883034447
7.255999999999423,-8.562461805949268e-05,0.0002803670006222759,-0.0004733436570235087
7.257999999999423,-8.50632953069007e-05,0.00028095381661824174,-0.00047510938318505913
7.2599999999994225,-8.450081484678021e-05,0.00028152470415917754,-0.0004768443379295828
7.261999999999422,-8.39372084836093e-05,0.0002820797157867403,-0.00047854859347157486
7.263999999999422,-8.337250791630728e-05,0.00028261890451764107,-0.00048022222308987127
7.265999999999422,-8.280674473728945e-05,0.0002831423238388325,-0.00048186530111897486
7.267999999999422,-8.22399504315314e-05,0.00028365002770269835,-0.0004834779029403755
7.269999999999421,-8.167215637564297e-05,0.00028414207052224536,-0.0004850601049738653
7.271999999999421,-8.110339383695177e-05,0.00028461850716629756,-0.00048661198466884773
7.273999999999421,-8.053369397259636e-05,0.0002850793929546934,-0.00048813362049564333
7.275999999999421,-7.996308782862906e-05,0.0002855247836534857,-0.0004896250919367905
7.2779999999994205,-7.939160633912825e-05,0.0002859547354701447,-0.0004910864794783423
7.27999999999942,-7.881928032532039e-05,0.00028636930504876465,-0.0004925178646011611
7.28199999999942,-7.824614049471148e-05,0.00028676854946527364,-0.0004939193297722089
7.28399999999942,-7.767221744022826e-05,0.0002871525262226475,-0.0004952909584358358
7.28599999999942,-7.709754163936882e-05,0.00028752129324612725,-0.0004966328350050667
7.287999999999419,-7.652214345336294e-05,0.00028787490887844123,-0.0004979450448528857
7.289999999999419,-7.594605312634175e-05,0.000288213431875031,-0.0004992276743035196
7.291999999999419,-7.536930078451721e-05,0.00028853692139928233,-0.0005004808106237203
7.293999999999419,-7.479191643537088e-05,0.00028884543701776044,-0.0005017045420140474
7.2959999999994185,-7.421392996685236e-05,0.00028913903869545065,-0.00050289895760015
7.297999999999418,-7.363537114658723e-05,0.00028941778679100386,-0.0005040641474240489
7.299999999999418,-7.30562696210944e-05,0.0002896817420519874,-0.0005052002024354205
7.301999999999418,-7.247665491501306e-05,0.0002899309656101417,-0.0005063072144828805
7.303999999999418,-7.189655643033908e-05,0.0002901655189766421,-0.0005073852763052703
7.305999999999417,-7.131600344567082e-05,0.00029038546403736733,-0.0005084344815229451
7.307999999999417,-7.073502511546452e-05,0.0002905908630481735,-0.0005094549246290639
7.309999999999417,-7.015365046929898e-05,0.00029078177863017444,-0.0005104467009808824
7.311999999999417,-6.95719084111498e-05,0.000290958273765029,-0.0005114099067910499
7.3139999999994165,-6.898982771867301e-05,0.00029112041179023447,-0.0005123446391189082
7.315999999999416,-6.840743704249804e-05,0.0002912682563944271,-0.000513250995861796
7.317999999999416,-6.782476490553018e-05,0.0002914018716126895,-0.0005141290757463561
7.319999999999416,-6.724183970226236e-05,0.0002915213218218657,-0.0005149789783198489
7.321999999999416,-6.665868969809625e-05,0.00029162667173588297,-0.000515800803941469
7.323999999999415,-6.607534302867287e-05,0.0002917179864010817,-0.0005165946537736697
7.325999999999415,-6.549182769921231e-05,0.0002917953311915527,-0.0005173606297734904
7.327999999999415,-6.490817158386293e-05,0.00029185877180448305,-0.0005180988346838931
7.329999999999415,-6.432440242505984e-05,0.00029190837425550903,-0.0005188093720251032
7.3319999999994145,-6.37405478328926e-05,0.0002919442048740784,-0.0005194923460859582
7.333999999999414,-6.315663528448222e-05,0.0002919663302988204,-0.0005201478619152642
7.335999999999414,-6.257269212336746e-05,0.00029197481747292493,-0.0005207760253131586
7.337999999999414,-6.198874555890024e-05,0.0002919697336395299,-0.0005213769428224825
7.339999999999414,-6.140482266565044e-05,0.00029195114633711824,-0.0005219507217201595
7.341999999999413,-6.0820950382819755e-05,0.0002919191233949236,-0.000522497470008586
7.343999999999413,-6.023715551366475e-05,0.0002918737329283455,-0.0005230172964070274
7.345999999999413,-5.9653464724929145e-05,0.000291815043334374,-0.0005235103103430263
7.347999999999413,-5.9069904546285184e-05,0.00029174312328702394,-0.0005239766219438189
7.349999999999413,-5.848650136978414e-05,0.0002916580417327789,-0.0005244163420277627
7.351999999999412,-5.790328144931591e-05,0.00029155986788604547,-0.0005248295820957736
7.353999999999412,-5.732027090007772e-05,0.00029144867122461726,-0.000525216454322775
7.355999999999412,-5.673749569805187e-05,0.0002913245214851494,-0.0005255770715491568
7.357999999999412,-5.615498167949251e-05,0.00029118748865864354,-0.0005259115472722469
7.3599999999994115,-5.557275454042147e-05,0.00029103764298594315,-0.0005262199956377946
7.361999999999411,-5.4990839836133065e-05,0.0002908750549532401,-0.0005265025314314648
7.363999999999411,-5.4409262980707855e-05,0.0002906997952875916,-0.0005267592700703472
7.365999999999411,-5.3828049246535425e-05,0.0002905119349524486,-0.0005269903275944753
7.367999999999411,-5.324722376384602e-05,0.00029031154514319525,-0.0005271958206583617
7.36999999999941,-5.2666811520251145e-05,0.0002900986972826998,-0.0005273758665225445
7.37199999999941,-5.208683736029303e-05,0.00028987346301687696,-0.0005275305830451485
7.37399999999941,-5.150732598500296e-05,0.0002896359142102619,-0.0005276600886734609
7.37599999999941,-5.092830195146845e-05,0.00028938612294159634,-0.0005277645024355208
7.3779999999994095,-5.0349789672409225e-05,0.0002891241614994261,-0.0005278439439317242
7.379999999999409,-4.9771813415762e-05,0.0002888501023777114,-0.000527898533326443
7.381999999999409,-4.919439730427405e-05,0.0002885640182714487,-0.0005279283913396608
7.383999999999409,-4.8617565310751903e-05,0.000288265984249064,-0.0005279336392386234
7.385999999999409,-4.804134127074404e-05,0.00028795606903007985,-0.000527914403187376
7.387999999999408,-4.746574886908891e-05,0.00028763434807411883,-0.0005278707967894156
7.389999999999408,-4.689081164388601e-05,0.0002873008948367962,-0.0005278029472791487
7.391999999999408,-4.631655298614376e-05,0.00028695578295306326,-0.0005277109780297063
7.393999999999408,-4.5742996139425135e-05,0.00028659908623290635,-0.0005275950129199827
7.3959999999994075,-4.517016419950187e-05,0.00028623087865705857,-0.0005274551763263875
7.397999999999407,-4.4598080114017277e-05,0.00028585123437272506,-0.0005272915931146153
7.399999999999407,-4.402676668215751e-05,0.00028546022768932174,-0.0005271043886314328
7.401999999999407,-4.345624655433142e-05,0.0002850579330742276,-0.000526893688696486
7.403999999999407,-4.288654223185887e-05,0.000284644425148551,-0.0005266596195941238
7.405999999999406,-4.2317676066667474e-05,0.00028421977868290933,-0.000526402308065243
7.407999999999406,-4.174967026099779e-05,0.0002837840685932233,-0.0005261218812991512
7.409999999999406,-4.1182546867116905e-05,0.0002833373699365248,-0.0005258184669254489
7.411999999999406,-4.0616327787040395e-05,0.00028287975790677937,-0.0005254921930059328
7.4139999999994055,-4.005103477226261e-05,0.00028241130783072287,-0.0005251431880265183
7.415999999999405,-3.94866894234953e-05,0.0002819320951637127,-0.0005247715808891832
7.417999999999405,-3.8923313190414466e-05,0.00028144219548559377,-0.0005243775009039301
7.419999999999405,-3.836092737141556e-05,0.0002809416844965788,-0.0005239610777807731
7.421999999999405,-3.7799553113376805e-05,0.000280430638013144,-0.0005235224416217421
7.423999999999404,-3.723921141143078e-05,0.0002799091319639393,-0.0005230617229129112
7.425999999999404,-3.667992310874414e-05,0.0002793772423857138,-0.0005225790525164478
7.427999999999404,-3.612170889630547e-05,0.00027883504541925664,-0.0005220745616626835
7.429999999999404,-3.556458931272127e-05,0.00027828261730535275,-0.0005215483819422078
7.4319999999994035,-3.500858474401996e-05,0.00027772003438075445,-0.0005210006452979842
7.433999999999403,-3.4453715423464e-05,0.0002771473730741682,-0.000520431484017489
7.435999999999403,-3.390000143136992e-05,0.00027656470990225724,-0.0005198410307248724
7.437999999999403,-3.334746269493644e-05,0.0002759721214656601,-0.0005192294183731446
7.439999999999403,-3.2796118988080466e-05,0.00027536968444502445,-0.0005185967802363837
7.441999999999402,-3.224598993128102e-05,0.00027475747559705754,-0.0005179432499019685
7.443999999999402,-3.169709499143104e-05,0.0002741355717505922,-0.0005172689612628341
7.445999999999402,-3.114945348169708e-05,0.0002735040498026693,-0.0005165740485097533
7.447999999999402,-3.060308456138676e-05,0.0002728629867146364,-0.0005158586461236415
7.4499999999994015,-3.005800723582406e-05,0.00027221245950826274,-0.000515122888867886
7.451999999999401,-2.9514240356232336e-05,0.00027155254526187075,-0.0005143669117807014
7.453999999999401,-2.8971802619625063e-05,0.000270883321106484,-0.0005135908501675092
7.455999999999401,-2.8430712568704275e-05,0.00027020486422199195,-0.0005127948395933429
7.457999999999401,-2.7890988591766645e-05,0.0002695172518333315,-0.0005119790158752796
7.4599999999994,-2.7352648922617195e-05,0.00026882056120668525,-0.0005111435150748964
7.4619999999994,-2.6815711640490585e-05,0.00026811486964569656,-0.0005102884734907534
7.4639999999994,-2.6280194669979968e-05,0.0002674002544877021,-0.0005094140276509025
7.4659999999994,-2.574611578097334e-05,0.00026667679309998123,-0.0005085203143054243
7.4679999999994,-2.5213492588597405e-05,0.0002659445628760224,-0.0005076074704189891
7.469999999999399,-2.4682342553168853e-05,0.0002652036412318072,-0.0005066756331634474
7.471999999999399,-2.415268298015309e-05,0.0002644541056021119,-0.0005057249399104456
7.473999999999399,-2.362453102013032e-05,0.00026369603343682585,-0.0005047555282240708
7.475999999999399,-2.309790366876898e-05,0.000262929502197288,-0.0005037675358535214
7.4779999999993985,-2.2572817766806498e-05,0.0002621545893526409,-0.000502761100725807
7.479999999999398,-2.2049290000037302e-05,0.00026137137237620245,-0.0005017363609384753
7.481999999999398,-2.1527336899308092e-05,0.00026057992874185516,-0.0005006934547523676
7.483999999999398,-2.100697484052029e-05,0.00025978033592045376,-0.0004996325205844023
7.485999999999398,-2.048822004463968e-05,0.00025897267137625044,-0.0004985536970003872
7.487999999999397,-1.9971088577713163e-05,0.0002581570125633382,-0.0004974571227078612
7.489999999999397,-1.9455596350892624e-05,0.0002573334369221124,-0.0004963429365489633
7.491999999999397,-1.8941759120465836e-05,0.00025650202187575043,-0.0004952112774933322
7.493999999999397,-1.842959248789441e-05,0.0002556628448267094,-0.0004940622846310351
7.4959999999993965,-1.7919111899858702e-05,0.0002548159831532427,-0.0004928960971655244
7.497999999999396,-1.7410332648309706e-05,0.0002539615142059345,-0.0004917128544066268
7.499999999999396,-1.690326987052783e-05,0.0002530995153042528,-0.0004905126957635592
7.501999999999396,-1.639793854918855e-05,0.00025223006373312115,-0.0004892957607379778
7.503999999999396,-1.589435351243493e-05,0.0002513532367395089,-0.00048806218891705376
7.505999999999395,-1.539252943395689e-05,0.0002504691115290402,-0.0004868121199665829
7.507999999999395,-1.4892480833077306e-05,0.0002495777652626214,-0.0004855456936241235
7.509999999999395,-1.4394222074844765e-05,0.0002486792750530878,-0.0004842630496921655
7.511999999999395,-1.3897767370133067e-05,0.00024777371796186874,-0.00048296432803133084
7.5139999999993945,-1.3403130775747338e-05,0.0002468611709956719,-0.0004816496685536044
7.515999999999394,-1.2910326194536782e-05,0.00024594171110318654,-0.0004803192112155965
7.517999999999394,-1.2419367375513986e-05,0.00024501541517180575,-0.0004789730960118363
7.519999999999394,-1.193026791398078e-05,0.00024408236002436767,-0.0004776114629680975
7.521999999999394,-1.1443041251660574e-05,0.00024314262241591613,-0.00047623445213475457
7.523999999999393,-1.0957700676837186e-05,0.00024219627903048025,-0.00047484220358017166
7.525999999999393,-1.0474259324500057e-05,0.00024124340647787348,-0.00047343485738412334
7.527999999999393,-9.992730176495873e-06,0.0002402840812905118,-0.0004720125536312469
7.529999999999393,-9.51312606168652e-06,0.0002393183799202514,-0.0004705754324045277
7.5319999999993925,-9.035459656113345e-06,0.00023834637873524576,-0.00046912363377881627
7.533999999999392,-8.559743483167691e-06,0.0002373681540168221,-0.00046765729781437815
7.535999999999392,-8.085989913767651e-06,0.00023638378195637742,-0.00046617656455047647
7.537999999999392,-7.614211166541011e-06,0.00023539333865229422,-0.00046468157399898717
7.539999999999392,-7.144419308014349e-06,0.00023439690010687553,-0.00046317246613804746
7.541999999999391,-6.676626252808237e-06,0.0002333945422232999,-0.0004616493809057367
7.543999999999391,-6.210843763838517e-06,0.00023238634080259581,-0.00046011245819379154
7.545999999999391,-5.747083452523608e-06,0.00023137237154063615,-0.0004585618378413531
7.547999999999391,-5.285356778997801e-06,0.00023035271002515208,-0.0004569976596287487
7.5499999999993905,-4.825675052330516e-06,0.000229327431732767,-0.0004554200632713064
7.55199999999939,-4.368049430751454e-06,0.00022829661202605035,-0.0004538291884132035
7.55399999999939,-3.912490921881644e-06,0.00022726032615059114,-0.00045222517462134923
7.55599999999939,-3.459010382970303e-06,0.0002262186492320916,-0.0004506081613793006
7.55799999999939,-3.007618521137498e-06,0.00022517165627348066,-0.0004489782880812129
7.559999999999389,-2.558325893622563e-06,0.00022411942215204753,-0.00044733569402582383
7.561999999999389,-2.1111429080382226e-06,0.00022306202161659531,-0.0004456805184104725
7.563999999999389,-1.6660798226303938e-06,0.00022199952928461455,-0.0004440129003251524
7.565999999999389,-1.2231467465436162e-06,0.00022093201963947707,-0.0004423329787465987
7.5679999999993885,-7.823536400920779e-07,0.00021985956702764983,-0.0004406408925324105
7.569999999999388,-3.4371031503619174e-07,0.000218782245655929,-0.00043893678041520757
7.571999999999388,9.277356513531644e-08,0.00021770012958869408,-0.0004372207809968218
7.573999999999388,5.27088484917848e-07,0.00021661329274518253,-0.0004354930327425235
7.575999999999388,9.59225076497941e-07,0.00021552180889678428,-0.0004337536739752829
7.5779999999993874,1.3891741194548889e-06,0.00021442575166435684,-0.0004320028428700665
7.579999999999387,1.8169265404570101e-06,0.00021332519451556045,-0.00043024067744816855
7.581999999999387,2.242473418192841e-06,0.00021222021600239988,-0.0004284673155715779
7.583999999999387,2.665805972550073e-06,0.00021111087877162492,-0.0004266829054229926
7.585999999999387,3.086915564322308e-06,0.0002099972610818241,-0.0004248875635157999
7.587999999999386,3.505793705390861e-06,0.00020887943576162956,-0.00042308143772797047
7.589999999999386,3.922432053128597e-06,0.00020775747547345757,-0.00042126466522864997
7.591999999999386,4.336822410064954e-06,0.000206631452710966,-0.0004194373830000437
7.593999999999386,4.748956723545908e-06,0.0002055014397965321,-0.0004175997278319969
7.5959999999993855,5.158827085388902e-06,0.0002043675088787509,-0.0004157518363166101
7.597999999999385,5.566425731532803e-06,0.00020322973192995398,-0.0004138938448428907
7.599999999999385,5.9717450416829145e-06,0.00020208818074374864,-0.00041202588959144077
7.601999999999385,6.374777538951083e-06,0.00020094292693257767,-0.0004101481065291802
7.603999999999385,6.77551588949095e-06,0.00019979404192529957,-0.00040826063140410643
7.605999999999384,7.173952902128381e-06,0.00019864159696478934,-0.0004063635997400901
7.607999999999384,7.570081527987123e-06,0.00019748566310555962,-0.00040445714683170705
7.609999999999384,7.963894860109713e-06,0.00019632631121140255,-0.0004025414077391064
7.611999999999384,8.355386133073705e-06,0.00019516361195305202,-0.0004006165172829148
7.6139999999993835,8.744548722603233e-06,0.00019399763580586657,-0.00039868261003917773
7.615999999999383,9.131376145175958e-06,0.0001928284530475327,-0.0003967398203343364
7.617999999999383,9.51586205762545e-06,0.00019165613375578892,-0.00039478828224024135
7.619999999999383,9.898000256739038e-06,0.00019048074780617016,-0.0003928281295692033
7.621999999999383,1.0277784678851162e-05,0.00018930236486977277,-0.0003908594958690793
7.623999999999382,1.065520939943228e-05,0.00018812105441104023,-0.00038888251441839667
7.625999999999382,1.1030268632673372e-05,0.00018693688568556928,-0.00038689731822151276
7.627999999999382,1.1402956731066063e-05,0.00018574992773793658,-0.00038490404000381194
7.629999999999382,1.177326818497844e-05,0.00018456024939954603,-0.0003829028122069392
7.6319999999993815,1.2141197622226563e-05,0.00018336791928649662,-0.0003808937669840705
7.633999999999381,1.2506739807641746e-05,0.00018217300579747073,-0.0003788770361952198
7.635999999999381,1.2869889642633633e-05,0.00018097557711164314,-0.0003768527514025832
7.637999999999381,1.3230642164749106e-05,0.0001797757011866104,-0.0003748210438659199
7.639999999999381,1.3588992547227082e-05,0.00017857344575634092,-0.0003727820445379699
7.64199999999938,1.3944936098549222e-05,0.00017736887832914546,-0.0003707358840599089
7.64399999999938,1.4298468261986607e-05,0.00017616206618566814,-0.0003686826927568401
7.64599999999938,1.4649584615142417e-05,0.00017495307637689807,-0.0003666226006333229
7.64799999999938,1.4998280869490644e-05,0.00017374197572220137,-0.00036455573736893855
7.6499999999993795,1.5344552869910905e-05,0.00017252883080737377,-0.0003624822323138934
7.651999999999379,1.568839659421937e-05,0.00017131370798271356,-0.00036040221448465845
7.653999999999379,1.6029808152695855e-05,0.00017009667336111516,-0.00035831581255964647
7.655999999999379,1.6368783787607133e-05,0.00016887779281618312,-0.00035622315487492616
7.657999999999379,1.6705319872726485e-05,0.00016765713198036643,-0.0003541243694199734
7.659999999999378,1.7039412912849536e-05,0.00016643475624311338,-0.00035201958383345935
7.661999999999378,1.7371059543306436e-05,0.00016521073074904686,-0.0003499089253990763
7.663999999999378,1.77002565294704e-05,0.00016398512039615988,-0.00034779252104140016
7.665999999999378,1.8027000766262656e-05,0.00016275798983403166,-0.00034567049732179016
7.6679999999993775,1.8351289277653868e-05,0.00016152940346206402,-0.00034354298043432597
7.669999999999377,1.867311921616202e-05,0.00016029942542773794,-0.0003414100962017819
7.671999999999377,1.899248786234685e-05,0.00015906811962489075,-0.0003392719700716379
7.673999999999377,1.930939262430088e-05,0.00015783554969201337,-0.00033712872711212833
7.675999999999377,1.9623831037137006e-05,0.0001566017790105679,-0.0003349804920083276
7.677999999999376,1.9935800762472804e-05,0.00015536687070332556,-0.00033282738905827285
7.679999999999376,2.024529958791149e-05,0.00015413088763272458,-0.00033066954216912396
7.681999999999376,2.055232542651963e-05,0.00015289389239924868,-0.00032850707485336067
7.683999999999376,2.0856876316301643e-05,0.00015165594733982545,-0.000326340110225017
7.6859999999993756,2.1158950419671088e-05,0.00015041711452624498,-0.0003241687709959525
7.687999999999375,2.145854602291883e-05,0.00014917745576359859,-0.00032199317947216106
7.689999999999375,2.1755661535678112e-05,0.00014793703258873767,-0.000319813457550116
7.691999999999375,2.205029549038653e-05,0.00014669590626875271,-0.00031762972671315346
7.693999999999375,2.2342446541745028e-05,0.00014545413779947213,-0.00031544210802789195
7.6959999999993745,2.2632113466173878e-05,0.00014421178790398128,-0.0003132507221406893
7.697999999999374,2.2919295161265745e-05,0.0001429689170311615,-0.00031105568927413643
7.699999999999374,2.3203990645235817e-05,0.0001417255853542489,-0.00030885712922358875
7.701999999999374,2.348619905636911e-05,0.00014048185276941324,-0.0003066551613537336
7.703999999999374,2.3765919652464923e-05,0.00013923777889435674,-0.0003044499045951956
7.705999999999373,2.4043151810278514e-05,0.00013799342306693247,-0.0003022414774411784
7.707999999999373,2.431789502496005e-05,0.0001367488443437829,-0.00030002999794414344
7.709999999999373,2.459014890949084e-05,0.00013550410149899792,-0.00029781558371252585
7.711999999999373,2.4859913194116896e-05,0.00013425925302279295,-0.0002955983519074867
7.7139999999993725,2.512718772577989e-05,0.00013301435712020638,-0.0002933784192397028
7.715999999999372,2.5391972467545507e-05,0.00013176947170981696,-0.0002911559019661927
7.717999999999372,2.565426749802927e-05,0.00013052465442248075,-0.0002889309158871794
7.719999999999372,2.5914073010819842e-05,0.00012927996260008755,-0.00028670357634299077
7.721999999999372,2.6171389313899875e-05,0.00012803545329433713,-0.00028447399821099497
7.723999999999371,2.642621682906441e-05,0.0001267911832655347,-0.00028224229590257413
7.725999999999371,2.6678556091336913e-05,0.00012554720898140612,-0.00028000858336013385
7.727999999999371,2.6928407748382947e-05,0.00012430358661593227,-0.00027777297405414916
7.729999999999371,2.717577255992153e-05,0.00012306037204820301,-0.00027553558098024746
7.7319999999993705,2.742065139713423e-05,0.00012181762086129051,-0.00027329651665632755
7.73399999999937,2.766304524207201e-05,0.00012057538834114166,-0.00027105589311971525
7.73599999999937,2.79029551870599e-05,0.00011933372947549,-0.00026881382192435536
7.73799999999937,2.8140382434099483e-05,0.00011809269895278669,-0.0002665704141380399
7.73999999999937,2.83753282942693e-05,0.00011685235116115072,-0.00026432578033967286
7.741999999999369,2.860779418712314e-05,0.00011561274018733824,-0.00026208003061657073
7.743999999999369,2.883778164008629e-05,0.00011437391981573093,-0.0002598332745617996
7.745999999999369,2.9065292287849818e-05,0.00011313594352734345,-0.00025758562127154816
7.747999999999369,2.929032787176284e-05,0.00011189886449884982,-0.0002553371793425367
7.7499999999993685,2.951289023922289e-05,0.00011066273560162878,-0.0002530880568694625
7.751999999999368,2.9732981343064393e-05,0.00010942760940082797,-0.00025083836144248046
7.753999999999368,2.9950603240945287e-05,0.000108193538154447,-0.00024858820014472035
7.755999999999368,3.0165758094731816e-05,0.00010696057381243926,-0.0002463376795498393
7.757999999999368,3.0378448169881567e-05,0.00010572876801583246,-0.00024408690571961033
7.759999999999367,3.058867583482475e-05,0.00010449817209586789,-0.0002418359842015465
7.761999999999367,3.079644356034378e-05,0.00010326883707315821,-0.00023958502002656052
7.763999999999367,3.100175391895119e-05,0.00010204081365686395,-0.0002373341177066602
7.765999999999367,3.1204609584265947e-05,0.00010081415224388838,-0.00023508338123267908
7.7679999999993665,3.14050133303881e-05,9.958890291809093e-05,-0.0002328329140720427
7.769999999999366,3.160296803127196e-05,9.8365115449519e-05,-0.00023058281916656995
7.771999999999366,3.179847666009773e-05,9.71428392936581e-05,-0.00022833319893030997
7.773999999999366,3.1991542288641596e-05,9.59221235907003e-05,-0.00022608415524741392
7.775999999999366,3.2182168086644495e-05,9.470301716483091e-05,-0.0002238357894700422
7.777999999999365,3.237035732117934e-05,9.348556852353336e-05,-0.0002215882024163063
7.779999999999365,3.255611335601699e-05,9.226982585691219e-05,-0.00021934149436824606
7.781999999999365,3.273943965099078e-05,9.105583703703406e-05,-0.00021709576506984135
7.783999999999365,3.2920339761359844e-05,8.984364961728684e-05,-0.0002148511137250589
7.7859999999993645,3.3098817337171116e-05,8.863331083175663e-05,-0.00021260763899593352
7.787999999999364,3.3274876122620125e-05,8.742486759462259e-05,-0.0002103654390006844
7.789999999999364,3.344851995541057e-05,8.621836649956969e-05,-0.0002081246113118653
7.791999999999364,3.3619752766112795e-05,8.501385381921915e-05,-0.00020588525295454994
7.793999999999364,3.3788578577521074e-05,8.381137550457665e-05,-0.0002036474604045511
7.795999999999363,3.395500150400987e-05,8.261097718449812e-05,-0.00020141132958667439
7.797999999999363,3.4119025750888993e-05,8.141270416517312e-05,-0.00019917695587300612
7.799999999999363,3.428065561375779e-05,8.021660142962577e-05,-0.00019694443408123523
7.801999999999363,3.4439895477858315e-05,7.902271363723305e-05,-0.00019471385847300932
7.803999999999363,3.459674981742756e-05,7.783108512326062e-05,-0.00019248532275232443
7.805999999999362,3.4751223195048814e-05,7.664175989841577e-05,-0.0001902589200639488
7.807999999999362,3.490332026100208e-05,7.545478164841784e-05,-0.00018803474299188035
7.809999999999362,3.5053045752613705e-05,7.427019373358562e-05,-0.00018581288355783775
7.811999999999362,3.520040449360518e-05,7.308803918844204e-05,-0.00018359343321978493
7.8139999999993615,3.534540139344115e-05,7.190836072133585e-05,-0.00018137648287048927
7.815999999999361,3.548804144667673e-05,7.073120071408024e-05,-0.00017916212283611285
7.817999999999361,3.5628329732304054e-05,6.95566012216085e-05,-0.00017695044287483722
7.819999999999361,3.576627141309823e-05,6.838460397164645e-05,-0.00017474153217552106
7.821999999999361,3.5901871734962563e-05,6.721525036440159e-05,-0.00017253547935639112
7.82399999999936,3.603513602627326e-05,6.604858147226918e-05,-0.00017033237246376573
7.82599999999936,3.61660696972235e-05,6.488463803955477e-05,-0.00016813229897081163
7.82799999999936,3.629467823916701e-05,6.372346048221337e-05,-0.00016593534577633305
7.82999999999936,3.6420967223961114e-05,6.256508888760514e-05,-0.00016374159920359374
7.8319999999993595,3.654494230330929e-05,6.140956301426757e-05,-0.0001615511449991714
7.833999999999359,3.666660920810335e-05,6.0256922291703845e-05,-0.00015936406833184442
7.835999999999359,3.6785973747765134e-05,5.9107205820187765e-05,-0.00015718045379151102
7.837999999999359,3.690304180958791e-05,5.796045237058466e-05,-0.00015500038538814067
7.839999999999359,3.7017819358077366e-05,5.681670038418857e-05,-0.00015282394655075722
7.841999999999358,3.713031243429232e-05,5.567598797257551e-05,-0.00015065122012645452
7.843999999999358,3.724052715518515e-05,5.4538352917472676e-05,-0.00014848228837944334
7.845999999999358,3.7348469712941986e-05,5.340383267064363e-05,-0.0001463172329901305
7.847999999999358,3.7454146374322694e-05,5.227246435378933e-05,-0.00014415613505422924
7.8499999999993575,3.7557563480000635e-05,5.1144284758464974e-05,-0.00014199907508190136
7.851999999999357,3.765872744390232e-05,5.001933034601249e-05,-0.00013984613299693058
7.853999999999357,3.775764475254694e-05,4.889763724750871e-05,-0.0001376973881359273
7.855999999999357,3.785432196438578e-05,4.777924126372911e-05,-0.00013555291924756437
7.857999999999357,3.7948765709141604e-05,4.6664177865127e-05,-0.000133412804491844
7.859999999999356,3.8040982687147985e-05,4.555248219182813e-05,-0.0001312771214393956
7.861999999999356,3.813097966868869e-05,4.444418905364069e-05,-0.00012914594707080426
7.863999999999356,3.821876349333703e-05,4.333933293008045e-05,-0.00012701935777597006
7.865999999999356,3.830434106929535e-05,4.223794797041119e-05,-0.00012489742935349794
7.8679999999993555,3.838771937273455e-05,4.1140067993700164e-05,-0.00012278023701011774
7.869999999999355,3.8468905447133765e-05,4.004572648888863e-05,-0.00012066785536013488
7.871999999999355,3.854790640262022e-05,3.89549566148773e-05,-0.00011856035842491104
7.873999999999355,3.862472941530921e-05,3.786779120062666e-05,-0.00011645781963237482
7.875999999999355,3.869938172664436e-05,3.678426274527209e-05,-0.00011436031181656252
7.877999999999354,3.87718706427381e-05,3.570440341825373e-05,-0.00011226790721718854
7.879999999999354,3.88422035337124e-05,3.462824505946087e-05,-0.00011018067747924556
7.881999999999354,3.891038783303983e-05,3.355581917939105e-05,-0.00010809869365263413
7.883999999999354,3.897643103688497e-05,3.248715695932348e-05,-0.00010602202619182193
7.8859999999993535,3.904034070344613e-05,3.1422289251506975e-05,-0.00010395074495553192
7.887999999999353,3.91021244522975e-05,3.036124657936213e-05,-0.00010188491920646008
7.889999999999353,3.916178996373172e-05,2.9304059137697753e-05,-9.982461761102176e-05
7.891999999999353,3.921934497810285e-05,2.8250756792941464e-05,-9.776990823912722e-05
7.893999999999353,3.927479729516991e-05,2.7201369083384338e-05,-9.572085856398579e-05
7.895999999999352,3.93281547734408e-05,2.615592521943956e-05,-9.367753546193859e-05
7.897999999999352,3.937942532951684e-05,2.5114454083914997e-05,-9.164000521231993e-05
7.899999999999352,3.9428616937437866e-05,2.4076984232299565e-05,-8.960833349734684e-05
7.901999999999352,3.947573762802784e-05,2.304354389306337e-05,-8.758258540203699e-05
7.9039999999993515,3.952079548824118e-05,2.2014160967971513e-05,-8.556282541415458e-05
7.905999999999351,3.956379866050963e-05,2.098886303241147e-05,-8.354911742418421e-05
7.907999999999351,3.960475534208986e-05,1.9967677335733956e-05,-8.154152472533257e-05
7.909999999999351,3.964367378441177e-05,1.8950630801607238e-05,-7.954011001355777e-05
7.911999999999351,3.9680562292427436e-05,1.7937750028384758e-05,-7.754493538762624e-05
7.91399999999935,3.971542922396091e-05,1.6929061289486016e-05,-7.555606234919695e-05
7.91599999999935,3.974828298905871e-05,1.5924590533790608e-05,-7.357355180293295e-05
7.91799999999935,3.9779132049341174e-05,1.4924363386045374e-05,-7.159746405663993e-05
7.91999999999935,3.9807984917354577e-05,1.3928405147284515e-05,-6.962785882143191e-05
7.92199999999935,3.9834850155924166e-05,1.2936740795262646e-05,-6.766479521192361e-05
7.923999999999349,3.9859736377508035e-05,1.1949394984900676e-05,-6.570833174644946e-05
7.925999999999349,3.9882652243551915e-05,1.0966392048744429e-05,-6.375852634730939e-05
7.927999999999349,3.990360646384489e-05,9.987755997435939e-06,-6.181543634104078e-05
7.929999999999349,3.992260779587607e-05,9.013510520197316e-06,-5.987911845871677e-05
7.9319999999993485,3.993966504419225e-05,8.043678985327107e-06,-5.7949628836270704e-05
7.933999999999348,3.9954787059756565e-05,7.078284440709068e-06,-5.602702301484646e-05
7.935999999999348,3.996798273930819e-05,6.117349614333255e-06,-5.41113559411747e-05
7.937999999999348,3.997926102472306e-05,5.16089691482936e-06,-5.22026819679747e-05
7.939999999999348,3.998863090237572e-05,4.2089484320121905e-06,-5.0301054854381784e-05
7.941999999999347,3.999610140250225e-05,3.261525937439227e-06,-4.8406527766400105e-05
7.943999999999347,4.000168159856427e-05,2.318650884980155e-06,-4.65191532773807e-05
7.945999999999347,4.000538060661422e-05,1.380344411398295e-06,-4.463898336852458e-05
7.947999999999347,4.000720758466167e-05,4.4662733694384177e-07,-4.276606942941081e-05
7.9499999999993465,4.000717173204094e-05,-4.824798340411713e-07,-4.0900462258549355e-05
7.951999999999346,4.000528228877987e-05,-1.4069569125062714e-06,-3.9042212063958594e-05
7.953999999999346,4.0001548534969886e-05,-2.326784024064393e-06,-3.719136846376733e-05
7.955999999999346,3.99959797901373e-05,-3.2419416083522615e-06,-3.5347980486841104e-05
7.957999999999346,3.998858541261591e-05,-4.152410418379395e-06,-3.351209657343278e-05
7.959999999999345,3.9979374798920914e-05,-5.058171519865818e-06,-3.168376457585712e-05
7.961999999999345,3.996835738312417e-05,-5.959206290568567e-06,-2.9863031759189278e-05
7.963999999999345,3.9955542636230776e-05,-6.855496419597077e-06,-2.8049944801987035e-05
7.965999999999345,3.99409400655571e-05,-7.747023906717545e-06,-2.624454979703662e-05
7.9679999999993445,3.992455921411015e-05,-8.633771061646332e-06,-2.4446892252122012e-05
7.969999999999344,3.9906409659968376e-05,-9.515720503332525e-06,-2.2657017090817487e-05
7.971999999999344,3.988650101566396e-05,-1.0392855159229714e-05,-2.0874968653303327e-05
7.973999999999344,3.986484292756651e-05,-1.1265158264557104e-05,-1.910079069720453e-05
7.975999999999344,3.9841445075268314e-05,-1.2132613361550007e-05,-1.73345263984523e-05
7.977999999999343,3.981631717097103e-05,-1.299520429869984e-05,-1.55762183521683e-05
7.979999999999343,3.9789468958873966e-05,-1.3852915229983706e-05,-1.3825908573571353e-05
7.981999999999343,3.9760910214563876e-05,-1.4705730614083626e-05,-1.2083638498906554e-05
7.983999999999343,3.973065074440634e-05,-1.5553635213595535e-05,-1.0349448986396624e-05
7.9859999999993425,3.9698700384938744e-05,-1.6396614094228112e-05,-8.62338031721527e-06
7.987999999999342,3.9665069002264854e-05,-1.7234652623991552e-05,-6.90547219648252e-06
7.989999999999342,3.962976649145103e-05,-1.806773647237633e-05,-5.195763754281749e-06
7.991999999999342,3.959280277592411e-05,-1.8895851609522092e-05,-3.4942935466983666e-06
7.993999999999342,3.955418780687093e-05,-1.971898430537672e-05,-1.8010995568799233e-06
7.995999999999341,3.951393156263957e-05,-2.0537121128845693e-05,-1.1621919611748475e-07
7.997999999999341,3.9472044048142294e-05,-2.1350248946931792e-05,1.5603106950518177e-06
7.999999999999341,3.942853529426022e-05,-2.215835492386527e-05,3.228453845721289e-06
8.001999999999342,3.938341535724975e-05,-2.2961426520224585e-05,4.888174553470322e-06
8.003999999999342,3.933669431815076e-05,-2.3759451492047705e-05,6.539437683199416e-06
8.005999999999343,3.9288382282196554e-05,-2.45524178899342e-05,8.182208665944648e-06
8.007999999999344,3.923848937822567e-05,-2.5340314058138082e-05,9.816453497671845e-06
8.009999999999344,3.9187025758095495e-05,-2.6123128633651572e-05,1.144213873805049e-05
8.011999999999345,3.913400159609768e-05,-2.6900850545279827e-05,1.305923150920765e-05
8.013999999999346,3.9079427088375465e-05,-2.767346901270674e-05,1.4667699494461974e-05
8.015999999999346,3.902331245234286e-05,-2.844097354555191e-05,1.6267510937038018e-05
8.017999999999347,3.8965667926105724e-05,-2.9203353942418815e-05,1.785863463876096e-05
8.019999999999348,3.890650376788476e-05,-2.9960600289934366e-05,1.9441039958731906e-05
8.021999999999348,3.884583025544042e-05,-3.071270296177984e-05,2.1014696811983974e-05
8.023999999999349,3.878365768549979e-05,-3.1459652617713314e-05,2.2579575668119255e-05
8.02599999999935,3.871999637318541e-05,-3.220144020258376e-05,2.413564754992684e-05
8.02799999999935,3.865485665144608e-05,-3.293805694533671e-05,2.5682884031982115e-05
8.029999999999351,3.85882488704897e-05,-3.366949435801179e-05,2.7221257239227345e-05
8.031999999999352,3.852018339721802e-05,-3.439574423473201e-05,2.8750739845533878e-05
8.033999999999352,3.8450670614663586e-05,-3.5116798650685116e-05,3.027130507224599e-05
8.035999999999353,3.8379720921428545e-05,-3.583264996109687e-05,3.178292668670665e-05
8.037999999999354,3.8307344731125655e-05,-3.654329080019647e-05,3.32855790007652e-05
8.039999999999354,3.823355247182131e-05,-3.72487140801742e-05,3.4779236869267283e-05
8.041999999999355,3.815835458548065e-05,-3.794891299013136e-05,3.62638756885271e-05
8.043999999999356,3.8081761527414814e-05,-3.864388099502255e-05,3.7739471394782074e-05
8.045999999999356,3.8003783765730284e-05,-3.933361183459043e-05,3.9206000462630284e-05
8.047999999999357,3.792443178078038e-05,-4.001809952229305e-05,4.0663439903450574e-05
8.049999999999358,3.784371606461891e-05,-4.06973383442238e-05,4.211176726380572e-05
8.051999999999358,3.7761647120455996e-05,-4.137132285802406e-05,4.355096062382869e-05
8.053999999999359,3.767823546211605e-05,-4.2040047891788724e-05,4.498099859559213e-05
8.05599999999936,3.759349161349799e-05,-4.270350854296454e-05,4.6401860321461395e-05
8.05799999999936,3.750742610803761e-05,-4.3361700177241504e-05,4.7813525472431095e-05
8.059999999999361,3.7420049488172245e-05,-4.401461842743727e-05,4.9215974246445395e-05
8.061999999999362,3.733137230480761e-05,-4.4662259192374744e-05,5.060918736670229e-05
8.063999999999362,3.724140511678693e-05,-4.530461863575293e-05,5.199314607994188e-05
8.065999999999363,3.7150158490362315e-05,-4.594169318501104e-05,5.3367832154718925e-05
8.067999999999364,3.7057642998668424e-05,-4.657347953018612e-05,5.473322787965976e-05
8.069999999999364,3.696386922119841e-05,-4.719997462276405e-05,5.608931606170381e-05
8.071999999999365,3.686884774328218e-05,-4.782117567452426e-05,5.7436080024329696e-05
8.073999999999366,3.677258915556698e-05,-4.843708015637798e-05,5.8773503605766336e-05
8.075999999999366,3.667510405350028e-05,-4.904768579720036e-05,6.0101571157188974e-05
8.077999999999367,3.6576403036815026e-05,-4.965299058265635e-05,6.142026754090044e-05
8.079999999999368,3.647649670901723e-05,-5.025299275402057e-05,6.272957812849769e-05
8.081999999999368,3.6375395676875945e-05,-5.08476908069911e-05,6.402948879902391e-05
8.083999999999369,3.627311054991561e-05,-5.143708349049747e-05,6.531998593710625e-05
8.08599999999937,3.616965193991079e-05,-5.202116980550273e-05,6.660105643107933e-05
8.08799999999937,3.606503046038327e-05,-5.259994900379987e-05,6.787268767109467e-05
8.089999999999371,3.595925672610166e-05,-5.317342058680251e-05,6.913486754721647e-05
8.091999999999372,3.5852341352583334e-05,-5.374158430433006e-05,7.038758444750335e-05
8.093999999999372,3.574429495559883e-05,-5.4304440153387405e-05,7.163082725607678e-05
8.095999999999373,3.5635128150678735e-05,-5.4861988376939173e-05,7.286458535117598e-05
8.097999999999374,3.552485155262296e-05,-5.5414229462678664e-05,7.40888486031996e-05
8.099999999999374,3.541347577501253e-05,-5.596116414179158e-05,7.530360737273436e-05
8.101999999999375,3.530101142972386e-05,-5.650279338771458e-05,7.650885250857063e-05
8.103999999999376,3.518746912644546e-05,-5.7039118414888796e-05,7.77045753457053e-05
8.105999999999376,3.5072859472197214e-05,-5.757014067750832e-05,7.889076770333214e-05
8.107999999999377,3.4957193070852096e-05,-5.8095861868263815e-05,8.006742188281941e-05
8.109999999999378,3.484048052266046e-05,-5.861628391708133e-05,8.123453066567553e-05
8.111999999999378,3.472273242377682e-05,-5.913140898985631e-05,8.239208731150219e-05
8.113999999999379,3.4603959365789176e-05,-5.964123948718302e-05,8.35400855559358e-05
8.11599999999938,3.448417193525092e-05,-6.0145778043079346e-05,8.467851960857687e-05
8.11799999999938,3.436338071321522e-05,-6.0645027523707136e-05,8.580738415090778e-05
8.119999999999381,3.4241596274772064e-05,-6.113899102608812e-05,8.692667433419905e-05
8.121999999999382,3.411882918858779e-05,-6.162767187681548e-05,8.803638577740418e-05
8.123999999999382,3.399509001644724e-05,-6.211107363076123e-05,8.913651456504317e-05
8.125999999999383,3.3870389312798524e-05,-6.258920006977934e-05,9.02270572450752e-05
8.127999999999384,3.374473762430032e-05,-6.306205520140489e-05,9.130801082676016e-05
8.129999999999384,3.3618145489371834e-05,-6.352964325754908e-05,9.237937277850947e-05
8.131999999999385,3.349062343774536e-05,-6.399196869319043e-05,9.344114102572632e-05
8.133999999999386,3.336218199002144e-05,-6.44490361850621e-05,9.44933139486355e-05
8.135999999999386,3.3232831657226683e-05,-6.490085063033542e-05,9.553589038010276e-05
8.137999999999387,3.3102582940374204e-05,-6.534741714529976e-05,9.656886960344416e-05
8.139999999999388,3.29714463300267e-05,-6.578874106403878e-05,9.759225135022531e-05
8.141999999999388,3.283943230586222e-05,-6.622482793710316e-05,9.860603579805085e-05
8.143999999999389,3.2706551336242504e-05,-6.665568353017989e-05,9.96102235683441e-05
8.14599999999939,3.2572813877784095e-05,-6.708131382275819e-05,0.00010060481572411728
8.14799999999939,3.243823037493205e-05,-6.750172500679209e-05,0.00010158981376773228
8.149999999999391,3.2302811259536345e-05,-6.79169234853599e-05,0.00010256521963865212
8.151999999999392,3.2166566950430976e-05,-6.832691587132044e-05,0.00010353103571118345
8.153999999999392,3.202950785301574e-05,-6.873170898596629e-05,0.00010448726479220992
8.155999999999393,3.1891644358840716e-05,-6.9131309857674e-05,0.00010543391011891685
8.157999999999394,3.175298684519346e-05,-6.952572572055144e-05,0.00010637097535650728
8.159999999999394,3.161354567468886e-05,-6.991496401308233e-05,0.00010729846459590942
8.161999999999395,3.147333119486181e-05,-7.0299032376768e-05,0.00010821638235147579
8.163999999999396,3.133235373776244e-05,-7.067793865476648e-05,0.00010912473355867419
8.165999999999396,3.119062361955426e-05,-7.105169089052899e-05,0.00011002352357177052
8.167999999999397,3.104815114011487e-05,-7.142029732643393e-05,0.00011091275816150371
8.169999999999398,3.0904946582639496e-05,-7.178376640241844e-05,0.00011179244351275299
8.171999999999398,3.076102021324726e-05,-7.214210675460756e-05,0.00011266258622219739
8.173999999999399,3.0616382280590145e-05,-7.249532721394107e-05,0.00011352319329596786
8.1759999999994,3.0471043015464756e-05,-7.284343680479822e-05,0.00011437427214729199
8.1779999999994,3.0325012630426817e-05,-7.31864447436202e-05,0.00011521583059413168
8.179999999999401,3.017830131940842e-05,-7.352436043753062e-05,0.00011604787685681358
8.181999999999402,3.0030919257338048e-05,-7.385719348295395e-05,0.00011687041955565282
8.183999999999402,2.9882876599763348e-05,-7.418495366423206e-05,0.00011768346770856985
8.185999999999403,2.973418348247668e-05,-7.450765095223891e-05,0.00011848703072870077
8.187999999999404,2.9584850021143445e-05,-7.48252955029935e-05,0.00011928111842200115
8.189999999999404,2.943488631093318e-05,-7.513789765627103e-05,0.00012006574098484355
8.191999999999405,2.9284302426153435e-05,-7.544546793421257e-05,0.00012084090900160889
8.193999999999406,2.9133108419886425e-05,-7.574801703993302e-05,0.00012160663344227171
8.195999999999406,2.8981314323628485e-05,-7.60455558561277e-05,0.0001223629256599796
8.197999999999407,2.8828930146932298e-05,-7.63380954436775e-05,0.0001231097973886269
8.199999999999408,2.867596587705192e-05,-7.662564704025268e-05,0.0001238472607404227
8.201999999999408,2.8522431478590588e-05,-7.690822205891541e-05,0.00012457532820345343
8.203999999999409,2.8368336893151353e-05,-7.718583208672109e-05,0.00012529401263924024
8.20599999999941,2.8213692038990477e-05,-7.74584888833186e-05,0.00012600332728029083
8.20799999999941,2.8058506810673647e-05,-7.772620437954942e-05,0.0001267032857276467
8.209999999999411,2.7902791078734998e-05,-7.798899067604588e-05,0.0001273939019484252
8.211999999999412,2.7746554689338927e-05,-7.82468600418283e-05,0.00012807519027335676
8.213999999999412,2.758980746394472e-05,-7.849982491290155e-05,0.00012874716539431767
8.215999999999413,2.7432559198973986e-05,-7.874789789085053e-05,0.00012940984236185836
8.217999999999414,2.7274819665480902e-05,-7.899109174143525e-05,0.00013006323658272707
8.219999999999414,2.7116598608825268e-05,-7.922941939318501e-05,0.0001307073638173896
8.221999999999415,2.6957905748348373e-05,-7.946289393599218e-05,0.00013134224017754477
8.223999999999416,2.6798750777051673e-05,-7.96915286197054e-05,0.000131967882123636
8.225999999999416,2.6639143361278286e-05,-7.991533685272235e-05,0.00013258430646235914
8.227999999999417,2.6479093140397303e-05,-8.013433220058219e-05,0.0001331915303441664
8.229999999999418,2.6318609726490903e-05,-8.034852838455766e-05,0.0001337895712607671
8.231999999999418,2.6157702704044303e-05,-8.055793928024696e-05,0.00013437844704262443
8.23399999999942,2.599638162963851e-05,-8.076257891616545e-05,0.00013495817585644962
8.23599999999942,2.5834656031645894e-05,-8.09624614723373e-05,0.0001355287762026924
8.23799999999942,2.567253540992858e-05,-8.115760127888703e-05,0.00013609026691302871
8.239999999999421,2.5510029235539646e-05,-8.134801281463113e-05,0.00013664266714784548
8.241999999999422,2.534714695042716e-05,-8.153371070566976e-05,0.0001371859963937226
8.243999999999422,2.5183897967141013e-05,-8.17147097239786e-05,0.00013772027446091236
8.245999999999423,2.5020291668542567e-05,-8.189102478600095e-05,0.00013824552148081619
8.247999999999424,2.485633740751714e-05,-8.20626709512401e-05,0.00013876175790345933
8.249999999999424,2.4692044506689282e-05,-8.222966342085203e-05,0.00013926900449496305
8.251999999999425,2.452742225814089e-05,-8.23920175362386e-05,0.00013976728233501477
8.253999999999426,2.43624799231321e-05,-8.25497487776411e-05,0.0001402566128143363
8.255999999999426,2.4197226731825032e-05,-8.270287276273447e-05,0.0001407370176321501
8.257999999999427,2.4031671883010316e-05,-8.285140524522206e-05,0.00014120851879364393
8.259999999999428,2.3865824543836443e-05,-8.299536211343101e-05,0.0001416711386074338
8.261999999999428,2.3699693849541924e-05,-8.313475938890847e-05,0.00014212489968302557
8.26399999999943,2.3533288903190237e-05,-8.326961322501849e-05,0.00014256982492827502
8.26599999999943,2.3366618775407618e-05,-8.339993990553985e-05,0.00014300593754684672
8.26799999999943,2.3199692504123607e-05,-8.352575584326479e-05,0.00014343326103567208
8.269999999999431,2.3032519094314444e-05,-8.364707757859865e-05,0.00014385181918240598
8.271999999999432,2.2865107517749226e-05,-8.376392177816057e-05,0.00014426163606288286
8.273999999999432,2.2697466712738876e-05,-8.387630523338536e-05,0.00014466273603857193
8.275999999999433,2.252960558388792e-05,-8.398424485912637e-05,0.00014505514375403184
8.277999999999434,2.2361533001849035e-05,-8.408775769225973e-05,0.00014543888413436483
8.279999999999434,2.2193257803080396e-05,-8.418686089028974e-05,0.00014581398238267045
8.281999999999435,2.2024788789605818e-05,-8.428157172995562e-05,0.0001461804639774991
8.283999999999436,2.1856134728777677e-05,-8.437190760583966e-05,0.00014653835467030543
8.285999999999436,2.1687304353042606e-05,-8.445788602897684e-05,0.00014688768048290164
8.287999999999437,2.1518306359709993e-05,-8.453952462546588e-05,0.00014722846770491108
8.289999999999438,2.1349149410723223e-05,-8.461684113508188e-05,0.00014756074289122177
8.291999999999438,2.1179842132433715e-05,-8.468985340989058e-05,0.00014788453285944053
8.29399999999944,2.101039311537773e-05,-8.47585794128643e-05,0.00014819986468734745
8.29599999999944,2.084081091405594e-05,-8.482303721649959e-05,0.00014850676571035088
8.29799999999944,2.0671104046715748e-05,-8.48832450014366e-05,0.00014880526351894322
8.299999999999441,2.0501280995136392e-05,-8.493922105508042e-05,0.00014909538595615746
8.301999999999442,2.0331350204416782e-05,-8.49909837702242e-05,0.00014937716111502444
8.303999999999442,2.01613200827661e-05,-8.503855164367426e-05,0.0001496506173360316
8.305999999999443,1.999119900129715e-05,-8.508194327487717e-05,0.0001499157832045824
8.307999999999444,1.9820995293822443e-05,-8.512117736454895e-05,0.0001501726875484572
8.309999999999444,1.965071725665303e-05,-8.515627271330627e-05,0.00015042135943527546
8.311999999999445,1.9480373148400064e-05,-8.518724822029989e-05,0.0001506618281699595
8.313999999999446,1.9309971189779094e-05,-8.521412288185031e-05,0.00015089412329219971
8.315999999999447,1.9139519563417094e-05,-8.523691579008565e-05,0.00015111827457392154
8.317999999999447,1.8969026413662196e-05,-8.525564613158181e-05,0.0001513343120167542
8.319999999999448,1.8798499846396162e-05,-8.527033318600517e-05,0.00015154226584950144
8.321999999999449,1.8627947928849547e-05,-8.528099632475742e-05,0.00015174216652561416
8.32399999999945,1.845737868941959e-05,-8.528765500962316e-05,0.0001519340447206653
8.32599999999945,1.8286800117490797e-05,-8.529032879141982e-05,0.00015211793132982672
8.32799999999945,1.811622016325821e-05,-8.528903730865023e-05,0.00015229385746534885
8.329999999999451,1.7945646737553392e-05,-8.528380028615778e-05,0.00015246185445404225
8.331999999999452,1.777508771167309e-05,-8.527463753378427e-05,0.00015262195383476218
8.333999999999453,1.7604550917210566e-05,-8.526156894503046e-05,0.00015277418735589544
8.335999999999453,1.743404414588962e-05,-8.524461449571942e-05,0.00015291858697285036
8.337999999999454,1.7263575149401284e-05,-8.522379424266265e-05,0.00015305518484554922
8.339999999999455,1.709315163924317e-05,-8.519912832232909e-05,0.00015318401333592403
8.341999999999455,1.6922781286561476e-05,-8.517063694951701e-05,0.00015330510500541502
8.343999999999456,1.6752471721995675e-05,-8.513834041602893e-05,0.00015341849261247254
8.345999999999457,1.6582230535525797e-05,-8.510225908934941e-05,0.00015352420911006218
8.347999999999457,1.6412065276322408e-05,-8.506241341132607e-05,0.00015362228764317302
8.349999999999458,1.6241983452599185e-05,-8.501882389685352e-05,0.00015371276154632974
8.351999999999459,1.6071992531468146e-05,-8.497151113256062e-05,0.00015379566434110787
8.35399999999946,1.590209993879748e-05,-8.49204957755007e-05,0.0001538710297336531
8.35599999999946,1.573231305907201e-05,-8.486579855184526e-05,0.0001539388916122039
8.35799999999946,1.556263923525626e-05,-8.480744025558076e-05,0.00015399928404461852
8.359999999999461,1.539308576866012e-05,-8.47454417472088e-05,0.00015405224127590527
8.361999999999462,1.5223659918807115e-05,-8.467982395244968e-05,0.00015409779772575748
8.363999999999463,1.5054368903305254e-05,-8.461060786094932e-05,0.00015413598798609223
8.365999999999463,1.4885219897720483e-05,-8.453781452498971e-05,0.0001541668468185934
8.367999999999464,1.4716220035452679e-05,-8.446146505820274e-05,0.00015419040915225893
8.369999999999465,1.4547376407614248e-05,-8.438158063428766e-05,0.0001542067100809528
8.371999999999465,1.4378696062911264e-05,-8.429818248573208e-05,0.00015421578486096105
8.373999999999466,1.4210186005965108e-05,-8.421129268355484e-05,0.0001542176689085529
8.375999999999467,1.404185320624252e-05,-8.412092883120553e-05,0.00015421239936114456
8.377999999999467,1.38737045801822e-05,-8.402711747943182e-05,0.00015420000445616854
8.379999999999468,1.3705747005716371e-05,-8.39298778954291e-05,0.00015418053037868145
8.381999999999469,1.3537987317825687e-05,-8.382923158656943e-05,0.00015415400878514182
8.38399999999947,1.3370432308424714e-05,-8.372520011141674e-05,0.00015412047585531318
8.38599999999947,1.3203088726260804e-05,-8.361780507847393e-05,0.00015407996791440875
8.38799999999947,1.3035963276815464e-05,-8.3507068144934e-05,0.00015403252143068706
8.389999999999471,1.2869062622208219e-05,-8.339301101543507e-05,0.00015397817301305254
8.391999999999472,1.2702393381102965e-05,-8.327565544081934e-05,0.00015391695940866193
8.393999999999473,1.2535962128616797e-05,-8.315502321689618e-05,0.00015384891750053572
8.395999999999473,1.2369775396231306e-05,-8.303113618320912e-05,0.00015377408430517555
8.397999999999474,1.220383967170634e-05,-8.290401622180705e-05,0.00015369249697018693
8.399999999999475,1.2038161398996216e-05,-8.277368525601948e-05,0.00015360419277190776
8.401999999999475,1.1872746978168382e-05,-8.264016524923599e-05,0.00015350920911304274
8.403999999999476,1.1707602765324512e-05,-8.250347820368984e-05,0.0001534075835203036
8.405999999999477,1.154273507252403e-05,-8.236364615924588e-05,0.00015329935364205517
8.407999999999477,1.1378150167710052e-05,-8.222069119219267e-05,0.00015318455724596774
8.409999999999478,1.1213854274637748e-05,-8.207463541403886e-05,0.0001530632322166753
8.411999999999479,1.1049853572805096e-05,-8.192550097031407e-05,0.00015293541655343997
8.41399999999948,1.0886154197386034e-05,-8.177331003937397e-05,0.00015280114836782306
8.41599999999948,1.0722762239166002e-05,-8.161808483120982e-05,0.0001526604658813619
8.41799999999948,1.0559683744479853e-05,-8.145984758626254e-05,0.00015251340742325364
8.419999999999481,1.039692471515214e-05,-8.129862057424105e-05,0.0001523600114280452
8.421999999999482,1.0234491108439747e-05,-8.113442609294534e-05,0.00015220031643332996
8.423999999999483,1.0072388836976893e-05,-8.096728646709389e-05,0.00015203436107745093
8.425999999999483,9.910623768722453e-06,-8.07972240471558e-05,0.0001518621840972109
8.427999999999484,9.74920172690962e-06,-8.062426120818745e-05,0.00015168382432558916
8.429999999999485,9.588128489997893e-06,-8.044842034867371e-05,0.00015149932068946528
8.431999999999485,9.42740979162737e-06,-8.026972388937401e-05,0.00015130871220734953
8.433999999999486,9.267051320575356e-06,-8.00881942721729e-05,0.00015111203798712065
8.435999999999487,9.107058720715245e-06,-7.99038539589355e-05,0.00015090933722377046
8.437999999999487,8.947437590977711e-06,-7.971672543036756e-05,0.00015070064919715575
8.439999999999488,8.78819348531415e-06,-7.952683118488035e-05,0.0001504860132697574
8.441999999999489,8.629331912662409e-06,-7.933419373746041e-05,0.00015026546888444655
8.44399999999949,8.470858336914757e-06,-7.913883561854409e-05,0.0001500390555622584
8.44599999999949,8.312778176888102e-06,-7.894077937289693e-05,0.0001498068129001734
8.44799999999949,8.155096806296456e-06,-7.874004755849801e-05,0.00014956878056890578
8.449999999999491,7.997819553725612e-06,-7.853666274542914e-05,0.00014932499831069956
8.451999999999492,7.84095170261005e-06,-7.833064751476902e-05,0.00014907550593713266
8.453999999999493,7.684498491212035e-06,-7.812202445749245e-05,0.000148820343326928
8.455999999999493,7.528465112602931e-06,-7.791081617337443e-05,0.00014855955042377287
8.457999999999494,7.3728567146466864e-06,-7.769704526989933e-05,0.00014829316723414594
8.459999999999495,7.2176783999855e-06,-7.748073436117517e-05,0.00014802123382515197
8.461999999999495,7.062935226027655e-06,-7.726190606685284e-05,0.00014774379032236483
8.463999999999496,6.908632204937512e-06,-7.704058301105063e-05,0.00014746087690767804
8.465999999999497,6.75477430362764e-06,-7.681678782128364e-05,0.00014717253381716375
8.467999999999497,6.601366443753092e-06,-7.659054312739855e-05,0.00014687880133893965
8.469999999999498,6.448413501707798e-06,-7.636187156051345e-05,0.000146579719811044
8.471999999999499,6.295920308623081e-06,-7.613079575196293e-05,0.0001462753296193191
8.4739999999995,6.143891650368272e-06,-7.589733833224832e-05,0.00014596567119530278
8.4759999999995,5.992332267553419e-06,-7.566152192999324e-05,0.00014565078501412837
8.4779999999995,5.841246855534086e-06,-7.54233691709044e-05,0.00014533071159243306
8.479999999999501,5.690640064418217e-06,-7.518290267673769e-05,0.00014500549148627472
8.481999999999502,5.540516499075069e-06,-7.494014506426954e-05,0.00014467516528905716
8.483999999999503,5.390880719146191e-06,-7.469511894427368e-05,0.000144339773629464
8.485999999999503,5.241737239058451e-06,-7.444784692050318e-05,0.00014399935716940117
8.487999999999504,5.093090528039087e-06,-7.419835158867798e-05,0.00014365395660194792
8.489999999999505,4.944945010132783e-06,-7.394665553547765e-05,0.00014330361264931686
8.491999999999505,4.797305064220749e-06,-7.369278133753968e-05,0.00014294836606082252
8.493999999999506,4.650175024041804e-06,-7.343675156046319e-05,0.00014258825761085861
8.495999999999507,4.50355917821544e-06,-7.317858875781805e-05,0.00014222332809688456
8.497999999999507,4.3574617702668715e-06,-7.291831547015953e-05,0.00014185361833742065
8.499999999999508,4.21188699865404e-06,-7.265595422404836e-05,0.00014147916917005217
8.501999999999509,4.066839016796578e-06,-7.239152753107639e-05,0.0001411000214494427
8.50399999999951,3.92232193310672e-06,-7.212505788689771e-05,0.0001407162160453562
8.50599999999951,3.7783398110221347e-06,-7.185656777026533e-05,0.0001403277938406887
8.50799999999951,3.6348966690406917e-06,-7.158607964207342e-05,0.00013993479572950852
8.509999999999511,3.4919964807571265e-06,-7.131361594440514e-05,0.00013953726261510614
8.511999999999512,3.349643174901612e-06,-7.103919909958608e-05,0.00013913523540805316
8.513999999999513,3.2078406353802146e-06,-7.076285150924324e-05,0.00013872875502427055
8.515999999999513,3.0665927013172245e-06,-7.048459555336972e-05,0.00013831786238310628
8.517999999999514,2.9259031670993565e-06,-7.020445358939497e-05,0.00013790259840542221
8.519999999999515,2.7857757824217996e-06,-6.99224479512608e-05,0.0001374830040116906
8.521999999999515,2.6462142523361114e-06,-6.963860094850293e-05,0.0001370591201200998
8.523999999999516,2.507222237299943e-06,-6.935293486533835e-05,0.00013663098764466974
8.525999999999517,2.368803353228583e-06,-6.906547195975829e-05,0.00013619864749337676
8.527999999999517,2.230961171548313e-06,-6.877623446262696e-05,0.000135762140566288
8.529999999999518,2.0936992192515537e-06,-6.848524457678597e-05,0.0001353215077537056
8.531999999999519,1.957020978953803e-06,-6.819252447616454e-05,0.00013487678993432038
8.53399999999952,1.8209298889523435e-06,-6.789809630489542e-05,0.00013442802797337527
8.53599999999952,1.685429343286715e-06,-6.760198217643661e-05,0.0001339752627208385
8.53799999999952,1.5505226918009356e-06,-6.730420417269881e-05,0.0001335185350095865
8.539999999999521,1.4162132402074643e-06,-6.700478434317871e-05,0.0001330578856535967
8.541999999999522,1.2825042501528894e-06,-6.670374470409806e-05,0.00013259335544614997
8.543999999999523,1.1493989392853345e-06,-6.640110723754852e-05,0.00013212498515804323
8.545999999999523,1.0169004813235675e-06,-6.60968938906424e-05,0.00013165281553581169
8.547999999999524,8.850120061278034e-07,-6.579112657466917e-05,0.00013117688729996123
8.549999999999525,7.537365997721876e-07,-6.548382716425785e-05,0.00013069724114321053
8.551999999999525,6.230773046189491e-07,-6.517501749654523e-05,0.0001302139177287435
8.553999999999526,4.930371193942109e-07,-6.486471937034996e-05,0.0001297269576884715
8.555999999999527,3.636189992654468e-07,-6.455295454535254e-05,0.0001292364016213057
8.557999999999527,2.34825855920572e-07,-6.423974474128113e-05,0.00012874229009143963
8.559999999999528,1.0666055764865633e-07,-6.392511163710331e-05,0.0001282446636266417
8.561999999999529,-2.0874070577751983e-08,-6.360907687022368e-05,0.00012774356271655796
8.56399999999953,-1.4777524701870347e-07,-6.329166203568743e-05,0.00012723902781102512
8.56599999999953,-2.740402330813379e-07,-6.297288868538977e-05,0.00012673109931839356
8.56799999999953,-3.996663332327993e-07,-6.265277832729127e-05,0.00012621981760386087
8.569999999999531,-5.246509067734261e-07,-6.233136428641074e-05,0.00012570522298781535
8.571999999999532,-6.489913460144267e-07,-6.200864624855439e-05,0.0001251873794795949
8.573999999999533,-7.726850643502061e-07,-6.168464561099727e-05,0.00012466628384312322
8.575999999999533,-8.957295355631892e-07,-6.135940136425106e-05,0.00012414197628634474
8.577999999999534,-1.0181222858814643e-06,-6.103292696331923e-05,0.00012361453226406531
8.579999999999535,-1.1398608762164608e-06,-6.0705243636411856e-05,0.00012308397621251993
8.581999999999535,-1.2609429098869134e-06,-6.037637256247828e-05,0.00012255034814904017
8.583999999999536,-1.381366032519604e-06,-6.004633487047005e-05,0.00012201368803484347
8.585999999999537,-1.5011279319486338e-06,-5.971515163860989e-05,0.00012147403577345971
8.587999999999537,-1.620226338113241e-06,-5.938284389366655e-05,0.00012093143120916841
8.589999999999538,-1.7386590229541726e-06,-5.9049432610235724e-05,0.00012038591412544634
8.591999999999539,-1.856423800308626e-06,-5.871493871002689e-05,0.00011983752424342562
8.59399999999954,-1.9735185258037678e-06,-5.83793830611562e-05,0.00011928630122036241
8.59599999999954,-2.0899410967488463e-06,-5.804278647744527e-05,0.00011873228464811617
8.59799999999954,-2.2056894520259063e-06,-5.770516971772607e-05,0.00011817551405163938
8.599999999999541,-2.320761571979121e-06,-5.7366553485151726e-05,0.00011761602888747804
8.601999999999542,-2.4351554783027504e-06,-5.702695842651335e-05,0.00011705386854228257
8.603999999999543,-2.5488692339277395e-06,-5.6686405131562886e-05,0.00011648907233132945
8.605999999999543,-2.661900942906969e-06,-5.634491413234192e-05,0.00011592167949705352
8.607999999999544,-2.7742487502991683e-06,-5.6002505902516524e-05,0.00011535172920759081
8.609999999999545,-2.8859108420515054e-06,-5.5659200856718095e-05,0.00011477926055533221
8.611999999999545,-2.996885444880864e-06,-5.5315019349890195e-05,0.0001142043125554877
8.613999999999546,-3.10717082615382e-06,-5.496998167664139e-05,0.00011362692414466125
8.615999999999547,-3.216765293765329e-06,-5.462410807060412e-05,0.00011304713417943661
8.617999999999547,-3.3256671960161413e-06,-5.427741870379952e-05,0.00011246498143497357
8.619999999999548,-3.4338749214889466e-06,-5.3929933686008315e-05,0.00011188050460361518
8.621999999999549,-3.5413868989232716e-06,-5.358167306414768e-05,0.00011129374229350557
8.62399999999955,-3.648201597089135e-06,-5.323265682165408e-05,0.00011070473302721863
8.62599999999955,-3.7543175246594726e-06,-5.288290487787219e-05,0.0001101135152403973
8.62799999999955,-3.859733230081352e-06,-5.2532437087449714e-05,0.00010952012728040385
8.629999999999551,-3.964447301445974e-06,-5.2181273239738284e-05,0.00010892460740498078
8.631999999999552,-4.068458366357493e-06,-5.1829433058200324e-05,0.00010832699378092254
8.633999999999553,-4.171765091800645e-06,-5.147693619982191e-05,0.00010772732448275813
8.635999999999553,-4.274366184007218e-06,-5.112380225453162e-05,0.00010712563749144447
8.637999999999554,-4.3762603883213565e-06,-5.0770050744625356e-05,0.00010652197069307046
8.639999999999555,-4.4774464890637325e-06,-5.0415701124197224e-05,0.00010591636187757206
8.641999999999555,-4.577923309394574e-06,-5.00607727785763e-05,0.00010530884873745818
8.643999999999556,-4.677689711175577e-06,-4.9705285023769424e-05,0.00010469946886654717
8.645999999999557,-4.7767445948307124e-06,-4.934925710591e-05,0.00010408825975871443
8.647999999999557,-4.875086899205932e-06,-4.8992708200712695e-05,0.0001034752588066507
8.649999999999558,-4.972715601427788e-06,-4.863565741293417e-05,0.00010286050330063132
8.651999999999559,-5.06962971676099e-06,-4.8278123775839724e-05,0.00010224403042729612
8.65399999999956,-5.165828298464888e-06,-4.7920126250675945e-05,0.00010162587726844044
8.65599999999956,-5.261310437648915e-06,-4.7561683726149266e-05,0.00010100608079981678
8.65799999999956,-5.356075263126993e-06,-4.7202815017910494e-05,0.00010038467788994744
8.659999999999561,-5.45012194127091e-06,-4.684353886804529e-05,9.976170529894798e-05
8.661999999999562,-5.5434496758626845e-06,-4.648387394457055e-05,9.913719967736149e-05
8.663999999999563,-5.63605770794593e-06,-4.612383884093675e-05,9.851119756500378e-05
8.665999999999563,-5.727945315676233e-06,-4.576345207553618e-05,9.788373538981943e-05
8.667999999999564,-5.8191118141705465e-06,-4.540273209121716e-05,9.72548494667486e-05
8.669999999999565,-5.909556555355624e-06,-4.504169725480406e-05,9.662457599660487e-05
8.671999999999565,-5.999278927815495e-06,-4.468036585662334e-05,9.599295106496375e-05
8.673999999999566,-6.0882783566380035e-06,-4.431875611003539e-05,9.536001064106218e-05
8.675999999999567,-6.176554303260409e-06,-4.395688615097229e-05,9.472579057670878e-05
8.677999999999567,-6.2641062653140765e-06,-4.3594774037481506e-05,9.409032660520499e-05
8.679999999999568,-6.350933776468256e-06,-4.323243774927537e-05,9.345365434027709e-05
8.681999999999569,-6.437036406272965e-06,-4.286989518728645e-05,9.281580927501899e-05
8.68399999999957,-6.522413760000991e-06,-4.250716417322885e-05,9.217682678084587e-05
8.68599999999957,-6.607065478489022e-06,-4.214426244916521e-05,9.15367421064587e-05
8.68799999999957,-6.6909912379779125e-06,-4.17812076770797e-05,9.089559037681944e-05
8.689999999999571,-6.774190749952109e-06,-4.141801743845672e-05,9.025340659213731e-05
8.691999999999572,-6.8566637609782305e-06,-4.105470923386551e-05,8.961022562686556e-05
8.693999999999573,-6.938410052542834e-06,-4.06913004825505e-05,8.896608222870925e-05
8.695999999999573,-7.0194294408893526e-06,-4.03278085220275e-05,8.832101101764383e-05
8.697999999999574,-7.099721776854246e-06,-3.9964250607685685e-05,8.767504648494436e-05
8.699999999999575,-7.17928694570235e-06,-3.9600643912395294e-05,8.702822299222562e-05
8.701999999999575,-7.2581248669614555e-06,-3.9237005526121204e-05,8.638057477049294e-05
8.703999999999576,-7.336235494256114e-06,-3.887335364912533e-05,8.573213591920387e-05
8.705999999999577,-7.4136188175219184e-06,-3.850970237895893e-05,8.508294279250678e-05
8.707999999999577,-7.490274854819652e-06,-3.814607062097434e-05,8.443302357543977e-05
8.709999999999578,-7.566203661926321e-06,-3.778247469526743e-05,8.378241609676833e-05
8.711999999999579,-7.641405327176626e-06,-3.741893127168028e-05,8.313115305246118e-05
8.71399999999958,-7.715879972159965e-06,-3.7055456934951244e-05,8.247926787053719e-05
8.71599999999958,-7.789627751549875e-06,-3.66920681843685e-05,8.182679384206245e-05
8.71799999999958,-7.862648852932794e-06,-3.632878143342931e-05,8.117376412028688e-05
8.719999999999581,-7.934943496636139e-06,-3.596561300950499e-05,8.052021171979142e-05
8.721999999999582,-8.006511935555727e-06,-3.560257915351145e-05,7.986616951564612e-05
8.723999999999583,-8.07735445498254e-06,-3.5239696019585445e-05,7.921167024257864e-05
8.725999999999583,-8.147471372428849e-06,-3.4876979674766396e-05,7.855674649415344e-05
8.727999999999584,-8.216863037453701e-06,-3.451444609868389e-05,7.790143072196164e-05
8.729999999999585,-8.285529831487799e-06,-3.41521111832507e-05,7.724575523482147e-05
8.731999999999585,-8.353472167657758e-06,-3.378999073236147e-05,7.658975219798919e-05
8.733999999999586,-8.420690490609782e-06,-3.342810046159692e-05,7.59334536323807e-05
8.735999999999587,-8.487185276332737e-06,-3.306645599793363e-05,7.527689141380363e-05
8.737999999999587,-8.55295703198066e-06,-3.2705072879459364e-05,7.462009727219999e-05
8.739999999999588,-8.618006295694708e-06,-3.234396655509392e-05,7.396310279089939e-05
8.741999999999589,-8.682333636424536e-06,-3.198315238431553e-05,7.330593940588255e-05
8.74399999999959,-8.745939653749153e-06,-3.1622645636892687e-05,7.26486384050556e-05
8.74599999999959,-8.808824977697242e-06,-3.1262461492621556e-05,7.199123092753452e-05
8.74799999999959,-8.870990268566947e-06,-3.090261504106877e-05,7.133374796294035e-05
8.749999999999591,-8.932436216745172e-06,-3.054312128131974e-05,7.067622035070449e-05
8.751999999999592,-8.993163542526364e-06,-3.0183995121732364e-05,7.001867877938465e-05
8.753999999999593,-9.053172995930823e-06,-2.9825251379696196e-05,6.936115378599109e-05
8.755999999999593,-9.112465356522524e-06,-2.9466904781397006e-05,6.870367575532321e-05
8.757999999999594,-9.171041433226485e-06,-2.9108969961586734e-05,6.804627491931654e-05
8.759999999999595,-9.228902064145662e-06,-2.8751461463358827e-05,6.738898135639995e-05
8.761999999999595,-9.28604811637743e-06,-2.839439373792894e-05,6.673182499086331e-05
8.763999999999596,-9.342480485829594e-06,-2.8037781144420963e-05,6.60748355922353e-05
8.765999999999597,-9.39820009703601e-06,-2.768163794965841e-05,6.541804277467152e-05
8.767999999999597,-9.453207902971778e-06,-2.732597832796108e-05,6.476147599635283e-05
8.769999999999598,-9.507504884868024e-06,-2.6970816360947047e-05,6.410516455889393e-05
8.771999999999599,-9.561092052026323e-06,-2.6616166037339907e-05,6.344913760676212e-05
8.7739999999996,-9.613970441632702e-06,-2.626204125278129e-05,6.279342412670613e-05
8.7759999999996,-9.66614111857131e-06,-2.5908455809648607e-05,6.213805294719527e-05
8.7779999999996,-9.7176051752377e-06,-2.555542341687806e-05,6.148305273786852e-05
8.779999999999601,-9.76836373135178e-06,-2.520295768979279e-05,6.0828452008993814e-05
8.781999999999602,-9.818417933770421e-06,-2.48510721499363e-05,6.017427911093736e-05
8.783999999999603,-9.867768956299726e-06,-2.4499780224910962e-05,5.9520562233643024e-05
8.785999999999603,-9.916417999507004e-06,-2.414909524822175e-05,5.8867329406121646e-05
8.787999999999604,-9.964366290532415e-06,-2.379903045912507e-05,5.821460849595051e-05
8.789999999999605,-1.0011615082900326e-05,-2.3449599002482708e-05,5.756242720878255e-05
8.791999999999605,-1.0058165656330385e-05,-2.31008139286209e-05,5.691081308786574e-05
8.793999999999606,-1.010401931654831e-05,-2.2752688193194446e-05,5.6259793513572184e-05
8.795999999999607,-1.0149177395096416e-05,-2.2405234657055922e-05,5.56093957029372e-05
8.797999999999607,-1.0193641249143881e-05,-2.20584660861299e-05,5.495964670920826e-05
8.799999999999608,-1.0237412261296775e-05,-2.1712395151292216e-05,5.431057342140368e-05
8.801999999999609,-1.0280491839407838e-05,-2.136703442825422e-05,5.3662202563881205e-05
8.80399999999961,-1.0322881416386047e-05,-2.1022396397452033e-05,5.301456069591628e-05
8.80599999999961,-1.0364582450005955e-05,-2.067849344394074e-05,5.236767421129011e-05
8.80799999999961,-1.0405596422716827e-05,-2.033533785729356e-05,5.172156933788744e-05
8.809999999999611,-1.0445924841451585e-05,-1.9992941831505903e-05,5.1076272137303954e-05
8.811999999999612,-1.0485569237435551e-05,-1.965131746490436e-05,5.043180850446339e-05
8.813999999999613,-1.0524531165995033e-05,-1.9310476760060572e-05,4.978820416724427e-05
8.815999999999613,-1.0562812206365726e-05,-1.897043162370995e-05,4.914548468611618e-05
8.817999999999614,-1.0600413961500968e-05,-1.8631193866675258e-05,4.850367545378563e-05
8.819999999999615,-1.0637338057879834e-05,-1.8292775203795e-05,4.7862801694851486e-05
8.821999999999615,-1.0673586145315111e-05,-1.795518725385662e-05,4.722288846546983e-05
8.823999999999616,-1.0709159896761124e-05,-1.7618441539534488e-05,4.658396065302835e-05
8.825999999999617,-1.0744061008121456e-05,-1.728254948733264e-05,4.59460429758301e-05
8.827999999999617,-1.0778291198056557e-05,-1.6947522427532257e-05,4.530915998278674e-05
8.829999999999618,-1.0811852207791242e-05,-1.6613371594143864e-05,4.467333605312107e-05
8.831999999999619,-1.0844745800922113e-05,-1.6280108124864236e-05,4.403859539607897e-05
8.83399999999962,-1.0876973763224889e-05,-1.5947743061037964e-05,4.340496205065058e-05
8.83599999999962,-1.0908537902461669e-05,-1.5616287347623696e-05,4.277245988530082e-05
8.83799999999962,-1.0939440048188126e-05,-1.528575183316499e-05,4.214111259770906e-05
8.839999999999621,-1.096968205156066e-05,-1.4956147269765792e-05,4.1510943714518106e-05
8.841999999999622,-1.0999265785143491e-05,-1.462748431307051e-05,4.0881976591092246e-05
8.843999999999623,-1.1028193142715726e-05,-1.4299773522248646e-05,4.0254234411284516e-05
8.845999999999623,-1.1056466039078394e-05,-1.3973025359983966e-05,3.9627740187213014e-05
8.847999999999624,-1.1084086409861479e-05,-1.3647250192468219e-05,3.9002516759046324e-05
8.849999999999625,-1.111105621133092e-05,-1.3322458289399337e-05,3.837858679479792e-05
8.851999999999626,-1.1137377420195632e-05,-1.2998659823984125e-05,3.775597279012959e-05
8.853999999999626,-1.1163052033414532e-05,-1.2675864872945406e-05,3.713469706816388e-05
8.855999999999627,-1.1188082068003577e-05,-1.2354083416533604e-05,3.6514781779305344e-05
8.857999999999628,-1.1212469560842837e-05,-1.203332533854273e-05,3.5896248901070785e-05
8.859999999999628,-1.1236216568483604e-05,-1.1713600426330775e-05,3.5279120237928296e-05
8.861999999999629,-1.125932516695554e-05,-1.1394918370844452e-05,3.466341742114515e-05
8.86399999999963,-1.1281797451573884e-05,-1.1077288766648298e-05,3.404916190864444e-05
8.86599999999963,-1.1303635536746722e-05,-1.0760721111958083e-05,3.3436374984870476e-05
8.86799999999963,-1.1324841555782328e-05,-1.0445224808678538e-05,3.282507776066289e-05
8.869999999999632,-1.1345417660696578e-05,-1.0130809162445333e-05,3.221529117313941e-05
8.871999999999632,-1.136536602202046e-05,-9.817483382671327e-06,3.160703598558724e-05
8.873999999999633,-1.138468882860768e-05,-9.505256582597042e-06,3.100033278736312e-05
8.875999999999634,-1.1403388287442371e-05,-9.19413777934534e-06,3.0395201993801764e-05
8.877999999999634,-1.1421466623446913e-05,-8.884135893980283e-06,2.9791663846133053e-05
8.879999999999635,-1.143892607928988e-05,-8.575259751570156e-06,2.918973841140748e-05
8.881999999999636,-1.1455768915194112e-05,-8.267518081254621e-06,2.8589445582430193e-05
8.883999999999636,-1.1471997408744937e-05,-7.960919516315988e-06,2.7990805077703357e-05
8.885999999999637,-1.148761385469852e-05,-7.655472594254563e-06,2.7393836441376912e-05
8.887999999999638,-1.1502620564790382e-05,-7.3511857568680805e-06,2.6798559043207644e-05
8.889999999999638,-1.151701986754408e-05,-7.048067350335154e-06,2.6204992078526543e-05
8.891999999999639,-1.1530814108080057e-05,-6.746125625302758e-06,2.561315456821439e-05
8.89399999999964,-1.1544005647924658e-05,-6.445368736977701e-06,2.5023065358685573e-05
8.89599999999964,-1.1556596864819361e-05,-6.145804745222058e-06,2.443474312188006e-05
8.89799999999964,-1.1568590152530175e-05,-5.847441614652562e-06,2.3848206355263476e-05
8.899999999999642,-1.1579987920657255e-05,-5.550287214743902e-06,2.32634733818353e-05
8.901999999999642,-1.1590792594444723e-05,-5.2543493199359245e-06,2.268056235014506e-05
8.903999999999643,-1.160100661459071e-05,-4.959635609744708e-06,2.209949123431657e-05
8.905999999999644,-1.161063243705763e-05,-4.66615366887748e-06,2.1520277834080128e-05
8.907999999999644,-1.1619672532882662e-05,-4.373910987351362e-06,2.094293977481259e-05
8.909999999999645,-1.1628129387988513e-05,-4.08291496061591e-06,2.0367494507585386e-05
8.911999999999646,-1.1636005502994392e-05,-3.7931728896794307e-06,1.9793959309220333e-05
8.913999999999646,-1.1643303393027266e-05,-3.5046919812390447e-06,1.9222351282353253e-05
8.915999999999647,-1.1650025587533369e-05,-3.2174793478144788e-06,1.8652687355505355e-05
8.917999999999648,-1.1656174630089982e-05,-2.931542007885556e-06,1.8084984283162325e-05
8.919999999999648,-1.1661753078217494e-05,-2.646886886033361e-06,1.7519258645861093e-05
8.921999999999649,-1.1666763503191754e-05,-2.3635208130850577e-06,1.6955526850284217e-05
8.92399999999965,-1.16712084898567e-05,-2.081450526262332e-06,1.639380512936187e-05
8.92599999999965,-1.1675090636437313e-05,-1.8006826693334344e-06,1.5834109542381362e-05
8.92799999999965,-1.1678412554352853e-05,-1.5212237927688023e-06,1.5276455975104182e-05
8.929999999999652,-1.1681176868030428e-05,-1.2430803539002296e-06,1.4720860139890458e-05
8.931999999999652,-1.1683386214718882e-05,-9.66258717083565e-07,1.4167337575830887e-05
8.933999999999653,-1.1685043244302998e-05,-6.907651538649109e-07,1.3615903648886013e-05
8.935999999999654,-1.1686150619118058e-05,-4.1660584315029904e-07,1.306657355203282e-05
8.937999999999654,-1.1686711013764732e-05,-1.4378687137881624e-07,1.2519362305418656e-05
8.939999999999655,-1.1686727114924317e-05,1.276857673008435e-07,1.1974284756522365e-05
8.941999999999656,-1.168620162117434e-05,3.9780617085042586e-07,1.143135558032263e-05
8.943999999999656,-1.1685137242804517e-05,6.665685291587877e-07,1.0890589279473488e-05
8.945999999999657,-1.1683536701633085e-05,9.33967123855218e-07,1.0352000184486942e-05
8.947999999999658,-1.1681402730823513e-05,1.1999963281194342e-06,9.81560245392265e-06
8.949999999999658,-1.167873807470159e-05,1.4646506064882786e-06,9.281410074584646e-06
8.951999999999659,-1.1675545488572909e-05,1.7279245146591396e-06,8.749436861725033e-06
8.95399999999966,-1.1671827738540744e-05,1.989812699290125e-06,8.21969645925463e-06
8.95599999999966,-1.1667587601324332e-05,2.25030989779701e-06,7.692202339960495e-06
8.957999999999661,-1.1662827864077566e-05,2.5094109381469887e-06,7.166967805730312e-06
8.959999999999662,-1.1657551324208094e-05,2.7671107386492524e-06,6.6440059877835885e-06
8.961999999999662,-1.1651760789196853e-05,3.023404307742418e-06,6.123329846909589e-06
8.963999999999663,-1.1645459076418023e-05,3.278286743778837e-06,5.604952173712017e-06
8.965999999999664,-1.1638649012959419e-05,3.531753234805808e-06,5.0888855888603495e-06
8.967999999999664,-1.1631333435443318e-05,3.783799058343716e-06,4.575142543347803e-06
8.969999999999665,-1.1623515189847742e-05,4.034419581161128e-06,4.063735318755886e-06
8.971999999999666,-1.1615197131328186e-05,4.283610259046868e-06,3.5546760275254853e-06
8.973999999999666,-1.1606382124039813e-05,4.531366636579097e-06,3.0479766132344503e-06
8.975999999999667,-1.1597073040960102e-05,4.777684346891426e-06,2.5436488508816195e-06
8.977999999999668,-1.1587272763711973e-05,5.022559111436082e-06,2.04170434717725e-06
8.979999999999668,-1.1576984182387397e-05,5.2659867397441594e-06,1.5421545408398095e-06
8.981999999999669,-1.1566210195371473e-05,5.50796312918298e-06,1.0450107028990783e-06
8.98399999999967,-1.1554953709167002e-05,5.748484264710583e-06,5.502839370055126e-07
8.98599999999967,-1.1543217638219554e-05,5.987546218627374e-06,5.798517974583521e-08
8.987999999999671,-1.1531004904743036e-05,6.225145150324961e-06,-4.31874799035194e-07
8.989999999999672,-1.1518318438545757e-05,6.461277306032203e-06,-9.192853959068863e-07
8.991999999999672,-1.1505161176857018e-05,6.695939018558486e-06,-1.4042361735186491e-06
8.993999999999673,-1.1491536064154201e-05,6.9291267070342674e-06,-1.8867168602599534e-06
8.995999999999674,-1.1477446051990395e-05,7.160836876648907e-06,-2.366717349914334e-06
8.997999999999674,-1.1462894098822538e-05,7.391066118385807e-06,-2.84422770130742e-06
8.999999999999675,-1.1447883169840099e-05,7.619811108754891e-06,-3.319238137949076e-06
9.001999999999676,-1.1432416236794294e-05,7.847068609522451e-06,-3.791739047669684e-06
9.003999999999676,-1.1416496277827844e-05,8.072835467438379e-06,-4.2617209822506086e-06
9.005999999999677,-1.1400126277305284e-05,8.297108613960813e-06,-4.729174657048913e-06
9.007999999999678,-1.1383309225643824e-05,8.519885064978229e-06,-5.194090950616341e-06
9.009999999999678,-1.1366048119144765e-05,8.741161920528995e-06,-5.6564609043126335e-06
9.011999999999679,-1.1348345959825485e-05,8.960936364518416e-06,-6.116275721913226e-06
9.01399999999968,-1.1330205755251992e-05,9.179205664433298e-06,-6.573526769211346e-06
9.01599999999968,-1.131163051837204e-05,9.395967171054056e-06,-7.028205573614605e-06
9.017999999999681,-1.1292623267348842e-05,9.611218318164386e-06,-7.480303823736072e-06
9.019999999999682,-1.1273187025395347e-05,9.824956622258536e-06,-7.929813368979929e-06
9.021999999999682,-1.1253324820609118e-05,1.0037179682246193e-05,-8.376726219121725e-06
9.023999999999683,-1.1233039685807797e-05,1.0247885179155012e-05,-8.821034543883268e-06
9.025999999999684,-1.121233465836517e-05,1.0457070875830826e-05,-9.262730672502226e-06
9.027999999999684,-1.1191212780047825e-05,1.0664734616635536e-05,-9.701807093296481e-06
9.029999999999685,-1.1169677096852435e-05,1.0870874327142739e-05,-1.0138256453223248e-05
9.031999999999686,-1.1147730658843633e-05,1.1075488013831084e-05,-1.0572071557433042e-05
9.033999999999686,-1.1125376519992511e-05,1.127857376377542e-05,-1.1003245368818535e-05
9.035999999999687,-1.1102617738015739e-05,1.1480129744335723e-05,-1.1431771007558328e-05
9.037999999999688,-1.1079457374215307e-05,1.168015420284386e-05,-1.1857641750655707e-05
9.039999999999688,-1.1055898493318902e-05,1.187864546628819e-05,-1.2280851031472413e-05
9.041999999999689,-1.1031944163320897e-05,1.2075601940996043e-05,-1.2701392439257478e-05
9.04399999999969,-1.100759745532401e-05,1.22710221123141e-05,-1.3119259718671189e-05
9.04599999999969,-1.0982861443381574e-05,1.2464904544286695e-05,-1.353444676930419e-05
9.047999999999691,-1.0957739204340471e-05,1.2657247879332057e-05,-1.3946947645191815e-05
9.049999999999692,-1.0932233817684706e-05,1.2848050837916543e-05,-1.4356756554323642e-05
9.051999999999692,-1.0906348365379641e-05,1.3037312218226855e-05,-1.476386785814838e-05
9.053999999999693,-1.088008593171688e-05,1.3225030895840292e-05,-1.516827607107407e-05
9.055999999999694,-1.0853449603159823e-05,1.341120582339304e-05,-1.5569975859963705e-05
9.057999999999694,-1.0826442468189879e-05,1.359583603024655e-05,-1.5968962043626258e-05
9.059999999999695,-1.079906761715335e-05,1.3778920622152004e-05,-1.636522959230322e-05
9.061999999999696,-1.0771328142108987e-05,1.3960458780912915e-05,-1.675877362715066e-05
9.063999999999696,-1.0743227136676233e-05,1.4140449764045863e-05,-1.7149589419716842e-05
9.065999999999697,-1.0714767695884123e-05,1.4318892904439424e-05,-1.7537672391415494e-05
9.067999999999698,-1.0685952916020897e-05,1.4495787610011277e-05,-1.7923018112994724e-05
9.069999999999698,-1.0656785894484272e-05,1.4671133363363556e-05,-1.830562230400166e-05
9.071999999999699,-1.0627269729632432e-05,1.484492972143643e-05,-1.868548083224284e-05
9.0739999999997,-1.059740752063569e-05,1.5017176315159977e-05,-1.9062589713240427e-05
9.0759999999997,-1.0567202367328863e-05,1.5187872849104337e-05,-1.9436945109684265e-05
9.077999999999701,-1.053665737006434e-05,1.53570191011282e-05,-1.980854333087981e-05
9.079999999999702,-1.050577562956586e-05,1.552461492202564e-05,-2.017738083219206e-05
9.081999999999702,-1.047456024678299e-05,1.569066023517132e-05,-2.0543454214485424e-05
9.083999999999703,-1.0443014322746329e-05,1.5855155036164086e-05,-2.0906760223559654e-05
9.085999999999704,-1.0411140958423408e-05,1.601809939246899e-05,-2.1267295749581842e-05
9.087999999999704,-1.0378943254575321e-05,1.617949344305777e-05,-2.1625057826514577e-05
9.089999999999705,-1.0346424311614076e-05,1.6339337398047754e-05,-2.1980043631540217e-05
9.091999999999706,-1.0313587229460655e-05,1.6497631538339336e-05,-2.2332250484481432e-05
9.093999999999706,-1.0280435107403822e-05,1.665437621525188e-05,-2.2681675847218015e-05
9.095999999999707,-1.0246971043959646e-05,1.6809571850158248e-05,-2.302831732309994e-05
9.097999999999708,-1.021319813673176e-05,1.6963218934117827e-05,-2.337217265635685e-05
9.099999999999708,-1.0179119482272356e-05,1.7115318027508203e-05,-2.3713239731503896e-05
9.101999999999709,-1.014473817594392e-05,1.726586975965541e-05,-2.405151657274405e-05
9.10399999999971,-1.0110057311781702e-05,1.741487482846283e-05,-2.4387001343366897e-05
9.10599999999971,-1.0075079982356935e-05,1.756233400003878e-05,-2.4719692345143962e-05
9.107999999999711,-1.00398092786408e-05,1.7708248108322733e-05,-2.5049588017720626e-05
9.109999999999712,-1.0004248289869136e-05,1.78526180547103e-05,-2.5376686938004664e-05
9.111999999999712,-9.968400103407908e-06,1.7995444807676928e-05,-2.5700987819551466e-05
9.113999999999713,-9.932267804619415e-06,1.8136729402400343e-05,-2.6022489511945948e-05
9.115999999999714,-9.895854476729274e-06,1.8276472940381796e-05,-2.634119100018127e-05
9.117999999999714,-9.859163200694146e-06,1.8414676589066098e-05,-2.6657091404034317e-05
9.119999999999715,-9.822197055070232e-06,1.8551341581460497e-05,-2.697018997743805e-05
9.121999999999716,-9.784959115882532e-06,1.8686469215752397e-05,-2.728048610785076e-05
9.123999999999716,-9.747452456494861e-06,1.8820060854925953e-05,-2.758797931562226e-05
9.125999999999717,-9.709680147480648e-06,1.8952117926377574e-05,-2.7892669253357045e-05
9.127999999999718,-9.67164525649449e-06,1.9082641921530343e-05,-2.81945557052745e-05
9.129999999999718,-9.633350848144488e-06,1.9211634395447374e-05,-2.8493638586566194e-05
9.131999999999719,-9.594799983865352e-06,1.9339096966444157e-05,-2.878991794275026e-05
9.13399999999972,-9.55599572179229e-06,1.9465031315699875e-05,-2.9083393949022962e-05
9.13599999999972,-9.51694111663566e-06,1.9589439186867743e-05,-2.937406690960746e-05
9.137999999999721,-9.477639219556422e-06,1.9712322385684392e-05,-2.9661937257099825e-05
9.139999999999722,-9.43809307804236e-06,1.983368277957831e-05,-2.9947005551812363e-05
9.141999999999722,-9.398305735785081e-06,1.9953522297277348e-05,-3.0229272481114262e-05
9.143999999999723,-9.358280232557824e-06,2.0071842928415366e-05,-3.0508738858769614e-05
9.145999999999724,-9.318019604094032e-06,2.0188646723137978e-05,-3.078540562427291e-05
9.147999999999724,-9.277526881966726e-06,2.0303935791707465e-05,-3.1059273842181924e-05
9.149999999999725,-9.236805093468666e-06,2.041771230410685e-05,-3.1330344701448205e-05
9.151999999999726,-9.19585726149331e-06,2.0529978489643185e-05,-3.159861951474504e-05
9.153999999999726,-9.154686404416556e-06,2.064073663655004e-05,-3.186409971779306e-05
9.155999999999727,-9.11329553597929e-06,2.0749989091589245e-05,-3.212678686868352e-05
9.157999999999728,-9.071687665170734e-06,2.0857738259651888e-05,-3.2386682647199196e-05
9.159999999999728,-9.029865796112576e-06,2.09639866033586e-05,-3.264378885413304e-05
9.161999999999729,-8.98783292794392e-06,2.1068736642659153e-05,-3.2898107410604624e-05
9.16399999999973,-8.945592054707022e-06,2.1171990954431374e-05,-3.314964035737439e-05
9.16599999999973,-8.903146165233841e-06,2.127375217207943e-05,-3.339838985415573e-05
9.167999999999731,-8.860498243033384e-06,2.1374022985131463e-05,-3.364435817892502e-05
9.169999999999732,-8.817651266179861e-06,2.1472806138836644e-05,-3.388754772722954e-05
9.171999999999732,-8.774608207201648e-06,2.1570104433761615e-05,-3.4127961011493426e-05
9.173999999999733,-8.731372032971053e-06,2.1665920725386405e-05,-3.4365600660321585e-05
9.175999999999734,-8.6879457045949e-06,2.1760257923699774e-05,-3.4600469417801756e-05
9.177999999999734,-8.644332177305906e-06,2.1853118992794048e-05,-3.483257014280465e-05
9.179999999999735,-8.60053440035489e-06,2.194450695045946e-05,-3.506190580828219e-05
9.181999999999736,-8.556555316903773e-06,2.2034424867778027e-05,-3.528847950056403e-05
9.183999999999736,-8.51239786391941e-06,2.2122875868716936e-05,-3.551229441865228e-05
9.185999999999737,-8.468064972068218e-06,2.220986312972153e-05,-3.573335387351446e-05
9.187999999999738,-8.423559565611632e-06,2.229538987930787e-05,-3.595166128737484e-05
9.189999999999738,-8.37888456230237e-06,2.23794593976549e-05,-3.616722019300411e-05
9.191999999999739,-8.334042873281514e-06,2.246207501619624e-05,-3.6380034233007434e-05
9.19399999999974,-8.28903740297641e-06,2.2543240117211644e-05,-3.6590107159110965e-05
9.19599999999974,-8.243871048999382e-06,2.262295813341811e-05,-3.679744283144688e-05
9.197999999999741,-8.19854670204727e-06,2.270123254756068e-05,-3.7002045217836835e-05
9.199999999999742,-8.153067245801781e-06,2.2778066892002982e-05,-3.720391839307409e-05
9.201999999999742,-8.107435556830663e-06,2.2853464748317453e-05,-3.740306653820418e-05
9.203999999999743,-8.06165450448969e-06,2.292742974687536e-05,-3.759949393980424e-05
9.205999999999744,-8.015726950825484e-06,2.2999965566436567e-05,-3.779320498926103e-05
9.207999999999744,-7.969655750479144e-06,2.3071075933739107e-05,-3.798420418204765e-05
9.209999999999745,-7.923443750590698e-06,2.3140764623088554e-05,-3.817249611699907e-05
9.211999999999746,-7.877093790704379e-06,2.3209035455947244e-05,-3.8358085495586414e-05
9.213999999999746,-7.830608702674726e-06,2.327589230052333e-05,-3.8540977121190106e-05
9.215999999999747,-7.783991310573498e-06,2.3341339071359723e-05,-3.872117589837193e-05
9.217999999999748,-7.737244430597415e-06,2.340537972892292e-05,-3.8898686832145946e-05
9.219999999999748,-7.690370870976729e-06,2.3468018279191738e-05,-3.9073515027248425e-05
9.221999999999749,-7.643373431884603e-06,2.3529258773245983e-05,-3.924566568740675e-05
9.22399999999975,-7.596254905347325e-06,2.3589105306855078e-05,-3.941514411460736e-05
9.22599999999975,-7.549018075155334e-06,2.3647562020066644e-05,-3.958195570836283e-05
9.227999999999751,-7.5016657167750794e-06,2.370463309679508e-05,-3.974610596497796e-05
9.229999999999752,-7.454200597261699e-06,2.3760322764410145e-05,-3.990760047681508e-05
9.231999999999752,-7.4066254751725175e-06,2.381463529332558e-05,-4.006644493155859e-05
9.233999999999753,-7.358943100481368e-06,2.3867574996587758e-05,-4.022264511147864e-05
9.235999999999754,-7.311156214493742e-06,2.39191462294644e-05,-4.037620689269415e-05
9.237999999999754,-7.263267549762753e-06,2.3969353389033392e-05,-4.052713624443506e-05
9.239999999999755,-7.21527983000593e-06,2.4018200913771696e-05,-4.067543922830403e-05
9.241999999999756,-7.167195770022831e-06,2.406569328314436e-05,-4.082112199753746e-05
9.243999999999756,-7.119018075613474e-06,2.4111835017193706e-05,-4.096419079626589e-05
9.245999999999757,-7.0707494434975935e-06,2.415663067612863e-05,-4.110465195877394e-05
9.247999999999758,-7.02239256123472e-06,2.4200084859914135e-05,-4.124251190875967e-05
9.249999999999758,-6.9739501071450764e-06,2.424220220786099e-05,-4.137777715859355e-05
9.251999999999759,-6.925424750231296e-06,2.4282987398215653e-05,-4.1510454308576904e-05
9.25399999999976,-6.87681915010096e-06,2.432244514775041e-05,-4.164055004620001e-05
9.25599999999976,-6.828135956889957e-06,2.4360580211353745e-05,-4.176807114539986e-05
9.257999999999761,-6.779377811186659e-06,2.4397397381620997e-05,-4.1893024465817535e-05
9.259999999999762,-6.7305473439569165e-06,2.4432901488445283e-05,-4.201541695205534e-05
9.261999999999762,-6.681647176469871e-06,2.4467097398608738e-05,-4.213525563293365e-05
9.263999999999763,-6.632679920224586e-06,2.4499990015374053e-05,-4.2252547620747605e-05
9.265999999999764,-6.583648176877492e-06,2.453158427807637e-05,-4.236730011052352e-05
9.267999999999764,-6.534554538170651e-06,2.4561885161715512e-05,-4.2479520379275245e-05
9.269999999999765,-6.485401585860834e-06,2.459089767654859e-05,-4.258921578526037e-05
9.271999999999766,-6.436191891649413e-06,2.4618626867683e-05,-4.2696393767236346e-05
9.273999999999766,-6.3869280171130654e-06,2.4645077814669817e-05,-4.280106184371659e-05
9.275999999999767,-6.337612513635294e-06,2.467025563109761e-05,-4.290322761222657e-05
9.277999999999768,-6.28824792233876e-06,2.4694165464186705e-05,-4.300289874855993e-05
9.279999999999768,-6.238836774018418e-06,2.471681249438388e-05,-4.3100083006034653e-05
9.281999999999769,-6.189381589075474e-06,2.473820193495756e-05,-4.319478821474934e-05
9.28399999999977,-6.139884877452142e-06,2.4758339031593468e-05,-4.328702228083965e-05
9.28599999999977,-6.090349138567218e-06,2.47772290619908e-05,-4.337679318573479e-05
9.287999999999771,-6.04077686125245e-06,2.4794877335458914e-05,-4.3464108985414385e-05
9.289999999999772,-5.991170523689724e-06,2.4811289192514554e-05,-4.354897780966538e-05
9.291999999999772,-5.94153259334905e-06,2.482647000447962e-05,-4.3631407861339384e-05
9.293999999999773,-5.8918655269273545e-06,2.484042517307952e-05,-4.371140741561019e-05
9.295999999999774,-5.842171770288073e-06,2.485316013004208e-05,-4.3788984819231686e-05
9.297999999999774,-5.7924537584015455e-06,2.486468033669709e-05,-4.386414848979609e-05
9.299999999999775,-5.742713915286213e-06,2.4874991283576416e-05,-4.393690691499263e-05
9.301999999999776,-5.6929546539506125e-06,2.4884098490014797e-05,-4.4007268651866616e-05
9.303999999999776,-5.643178376336168e-06,2.489200750375124e-05,-4.407524232607898e-05
9.305999999999777,-5.5933874732607806e-06,2.4898723900531103e-05,-4.414083663116631e-05
9.307999999999778,-5.543584324363214e-06,2.490425328370884e-05,-4.420406032780143e-05
9.309999999999778,-5.493771298048271e-06,2.4908601283851447e-05,-4.426492224305447e-05
9.31199999999978,-5.443950751432766e-06,2.4911773558342608e-05,-4.432343126965462e-05
9.31399999999978,-5.394125030292283e-06,2.491377579098756e-05,-4.437959636525245e-05
9.31599999999978,-5.3442964690087325e-06,2.4914613691618694e-05,-4.4433426551682836e-05
9.317999999999781,-5.294467390518684e-06,2.491429299570192e-05,-4.4484930914228654e-05
9.319999999999782,-5.244640106262497e-06,2.4912819463943776e-05,-4.453411860088516e-05
9.321999999999782,-5.194816916134229e-06,2.4910198881899316e-05,-4.4580998821625056e-05
9.323999999999783,-5.145000108432329e-06,2.490643705958081e-05,-4.46255808476644e-05
9.325999999999784,-5.095191959811116e-06,2.4901539831067242e-05,-4.4667874010729294e-05
9.327999999999784,-5.045394735233034e-06,2.4895513054114626e-05,-4.470788770232337e-05
9.329999999999785,-4.995610687921685e-06,2.488836260976715e-05,-4.4745631372996215e-05
9.331999999999786,-4.945842059315643e-06,2.488009440196919e-05,-4.478111453161262e-05
9.333999999999786,-4.896091079023038e-06,2.4870714357178182e-05,-4.481434674462274e-05
9.335999999999787,-4.84635996477692e-06,2.4860228423978347e-05,-4.484533763533333e-05
9.337999999999788,-4.796650922391384e-06,2.4848642572695336e-05,-4.4874096883179774e-05
9.339999999999788,-4.7469661457184795e-06,2.4835962795011765e-05,-4.490063422299929e-05
9.34199999999979,-4.697307816605874e-06,2.4822195103583667e-05,-4.492495944430505e-05
9.34399999999979,-4.64767810485529e-06,2.480734553165788e-05,-4.494708239056146e-05
9.34599999999979,-4.598079168181706e-06,2.479142013269037e-05,-4.496701295846047e-05
9.347999999999791,-4.548513152173321e-06,2.4774424979965522e-05,-4.498476109719903e-05
9.349999999999792,-4.49898219025227e-06,2.4756366166216385e-05,-4.5000336807757726e-05
9.351999999999792,-4.449488403636113e-06,2.4737249803245916e-05,-4.50137501421805e-05
9.353999999999793,-4.40003390130007e-06,2.47170820215492e-05,-4.502501120285572e-05
9.355999999999794,-4.350620779940011e-06,2.46958689699367e-05,-4.503413014179833e-05
9.357999999999794,-4.301251118157021e-06,2.4673619704720505e-05,-4.504111715993339e-05
9.359999999999795,-4.251926989744552e-06,2.46503366312706e-05,-4.504598829128399e-05
9.361999999999796,-4.202650456118125e-06,2.4626025956537254e-05,-4.504874627279665e-05
9.363999999999796,-4.153423566256131e-06,2.460069390747813e-05,-4.5049401456956384e-05
9.365999999999797,-4.104248356666518e-06,2.457434672751735e-05,-4.504796424870013e-05
9.367999999999798,-4.05512685135423e-06,2.4546990676171602e-05,-4.504444509836818e-05
9.369999999999798,-4.006061061789393e-06,2.451863202868e-05,-4.5038854500988974e-05
9.3719999999998,-3.9570529868762405e-06,2.448927707563504e-05,-4.5031202995570605e-05
9.3739999999998,-3.908104604900839e-06,2.4458936133541184e-05,-4.502150116439384e-05
9.3759999999998,-3.859217887878808e-06,2.4427612334875132e-05,-4.500976766218153e-05
9.377999999999801,-3.810394795204335e-06,2.4395312005350056e-05,-4.499600678187146e-05
9.379999999999802,-3.7616372736062593e-06,2.436204148455636e-05,-4.498022921549578e-05
9.381999999999802,-3.7129472571206813e-06,2.4327807125599096e-05,-4.4962445695506456e-05
9.383999999999803,-3.6643266670642945e-06,2.429261529473658e-05,-4.4942666994077514e-05
9.385999999999804,-3.6157774120084385e-06,2.4256472371020154e-05,-4.4920903922408865e-05
9.387999999999805,-3.5673013877538722e-06,2.4219384745935178e-05,-4.489716733003187e-05
9.389999999999805,-3.5189004773062632e-06,2.4181358823043206e-05,-4.487146810411648e-05
9.391999999999806,-3.4705765508523927e-06,2.4142401017625384e-05,-4.484381716878015e-05
9.393999999999807,-3.4223314657370706e-06,2.410251775632706e-05,-4.481422548439837e-05
9.395999999999807,-3.374167066440762e-06,2.4061715476803657e-05,-4.478270404691705e-05
9.397999999999808,-3.3260851845579197e-06,2.402000062736776e-05,-4.474926388716655e-05
9.399999999999809,-3.278087638776021e-06,2.3977379666637492e-05,-4.47139160701776e-05
9.40199999999981,-3.230176234855307e-06,2.3933859063186126e-05,-4.467667169449896e-05
9.40399999999981,-3.182352765609223e-06,2.3889445295192993e-05,-4.463754189151694e-05
9.40599999999981,-3.1346190108855502e-06,2.3844144850095667e-05,-4.4596537824776764e-05
9.407999999999811,-3.0869767375482404e-06,2.3797964224243455e-05,-4.455367068930578e-05
9.409999999999812,-3.0394276994599345e-06,2.3750909922552183e-05,-4.450895171093867e-05
9.411999999999813,-2.9919736374651743e-06,2.3702988458160298e-05,-4.446239214564443e-05
9.413999999999813,-2.9446162793742996e-06,2.36542063520863e-05,-4.441400327885542e-05
9.415999999999814,-2.8973573399480297e-06,2.3604570132887515e-05,-4.4363796424798305e-05
9.417999999999815,-2.8501985208827248e-06,2.3554086336320175e-05,-4.4311782925827e-05
9.419999999999815,-2.8031415107963278e-06,2.3502761505000902e-05,-4.4257974151757626e-05
9.421999999999816,-2.7561879852149794e-06,2.3450602188069518e-05,-4.420238149920548e-05
9.423999999999817,-2.709339606560309e-06,2.3397614940853233e-05,-4.414501639092406e-05
9.425999999999817,-2.662598024137392e-06,2.3343806324532208e-05,-4.4085890275146154e-05
9.427999999999818,-2.615964874123379e-06,2.3289182905806522e-05,-4.402501462492702e-05
9.429999999999819,-2.5694417795567877e-06,2.323375125656451e-05,-4.396240093748967e-05
9.43199999999982,-2.523030350327455e-06,2.3177517953552537e-05,-4.3898060733572236e-05
9.43399999999982,-2.47673218316715e-06,2.312048957804614e-05,-4.383200555677762e-05
9.43599999999982,-2.4305488616408443e-06,2.3062672715522634e-05,-4.3764246972925126e-05
9.437999999999821,-2.384481956138634e-06,2.3004073955335137e-05,-4.3694796569404424e-05
9.439999999999822,-2.338533023868311e-06,2.2944699890388e-05,-4.362366595453164e-05
9.441999999999823,-2.292703608848586e-06,2.2884557116813738e-05,-4.355086675690769e-05
9.443999999999823,-2.246995241902952e-06,2.2823652233651353e-05,-4.347641062477889e-05
9.445999999999824,-2.201409440654193e-06,2.2761991842526168e-05,-4.340030922539975e-05
9.447999999999825,-2.155947709519528e-06,2.26995825473311e-05,-4.332257424439814e-05
9.449999999999825,-2.1106115397063948e-06,2.263643095390942e-05,-4.3243217385142675e-05
9.451999999999826,-2.065402409208865e-06,2.2572543669738992e-05,-4.316225036811245e-05
9.453999999999827,-2.0203217828046885e-06,2.2507927303618e-05,-4.3079684930269116e-05
9.455999999999827,-1.9753711120529654e-06,2.2442588465352178e-05,-4.299553282443131e-05
9.457999999999828,-1.930551835292442e-06,2.237653376544354e-05,-4.290980581865139e-05
9.459999999999829,-1.8858653776404296e-06,2.2309769814780636e-05,-4.282251569559464e-05
9.46199999999983,-1.8413131509923375e-06,2.224230322433029e-05,-4.273367425192084e-05
9.46399999999983,-1.7968965540218248e-06,2.2174140604830904e-05,-4.264329329766824e-05
9.46599999999983,-1.7526169721815614e-06,2.2105288566487274e-05,-4.255138465563998e-05
9.467999999999831,-1.7084757777045996e-06,2.2035753718666942e-05,-4.2457960160792986e-05
9.469999999999832,-1.6644743296063503e-06,2.1965542669598098e-05,-4.2363031659629285e-05
9.471999999999833,-1.6206139736871622e-06,2.189466202606904e-05,-4.2266611009589846e-05
9.473999999999833,-1.576896042535501e-06,2.182311839312917e-05,-4.216871007845092e-05
9.475999999999834,-1.533321855531724e-06,2.1750918373791575e-05,-4.206934074372284e-05
9.477999999999835,-1.4898927188524497e-06,2.1678068568737173e-05,-4.196851489205143e-05
9.479999999999835,-1.446609925475515e-06,2.160457557602042e-05,-4.186624441862189e-05
9.481999999999836,-1.4034747551855216e-06,2.1530445990776616e-05,-4.1762541226565326e-05
9.483999999999837,-1.3604884745799658e-06,2.145568640493079e-05,-4.165741722636771e-05
9.485999999999837,-1.317652337075948e-06,2.138030340690817e-05,-4.155088433528161e-05
9.487999999999838,-1.2749675829174604e-06,2.1304303581346278e-05,-4.1442954476740396e-05
9.489999999999839,-1.2324354391832488e-06,2.1227693508808586e-05,-4.133363957977509e-05
9.49199999999984,-1.1900571197952456e-06,2.1150479765499815e-05,-4.122295157843392e-05
9.49399999999984,-1.14783382552757e-06,2.1072668922982846e-05,-4.111090241120439e-05
9.49599999999984,-1.1057667440160938e-06,2.0994267547897224e-05,-4.099750402043812e-05
9.497999999999841,-1.0638570497685672e-06,2.091528220167931e-05,-4.088276835177835e-05
9.499999999999842,-1.0221059041753044e-06,2.0835719440284067e-05,-4.076670735359005e-05
9.501999999999843,-9.805144555204221e-07,2.0755585813908444e-05,-4.064933297639283e-05
9.503999999999843,-9.39083838993631e-07,2.0674887866716443e-05,-4.0530657172296466e-05
9.505999999999844,-8.97815176702575e-07,2.0593632136565804e-05,-4.041069189443926e-05
9.507999999999845,-8.567095776857152e-07,2.0511825154736332e-05,-4.028944909642903e-05
9.509999999999845,-8.157681379257564e-07,2.0429473445659898e-05,-4.016694073178695e-05
9.511999999999846,-7.749919403636107e-07,2.0346583526652082e-05,-4.004317875339404e-05
9.513999999999847,-7.34382054912897e-07,2.0263161907645472e-05,-3.991817511294055e-05
9.515999999999847,-6.939395384749725e-07,2.017921509092465e-05,-3.979194176037805e-05
9.517999999999848,-6.536654349544915e-07,2.009474957086281e-05,-3.966449064337432e-05
9.519999999999849,-6.135607752754905e-07,2.00097718336601e-05,-3.9535833706771134e-05
9.52199999999985,-5.73626577397994e-07,1.9924288357083573e-05,-3.940598289204471e-05
9.52399999999985,-5.338638463351389e-07,1.983830561020889e-05,-3.927495013676915e-05
9.52599999999985,-4.942735741708145e-07,1.975183005316366e-05,-3.9142747374082644e-05
9.527999999999851,-4.5485674007781344e-07,1.9664868136872472e-05,-3.90093865321565e-05
9.529999999999852,-4.1561431033649084e-07,1.957742630280364e-05,-3.887487953366713e-05
9.531999999999853,-3.7654723835392875e-07,1.9489510982717625e-05,-3.8739238295270794e-05
9.533999999999853,-3.3765646468360165e-07,1.940112859841715e-05,-3.860247472708132e-05
9.535999999999854,-2.989429170455403e-07,1.931228556149903e-05,-3.846460073215069e-05
9.537999999999855,-2.6040751034698997e-07,1.9222988273107697e-05,-3.832562820595252e-05
9.539999999999855,-2.2205114670356019e-07,1.9133243123690445e-05,-3.818556903586841e-05
9.541999999999856,-1.8387471546086202e-07,1.9043056492754353e-05,-3.8044435100677333e-05
9.543999999999857,-1.4587909321663e-07,1.8952434748624952e-05,-3.790223827004785e-05
9.545999999999857,-1.0806514384332487e-07,1.88613842482066e-05,-3.7758990404033274e-05
9.547999999999858,-7.043371851121397e-08,1.8769911336744563e-05,-3.761470335256988e-05
9.549999999999859,-3.298565571192566e-08,1.8678022347588823e-05,-3.746938895497791e-05
9.55199999999986,4.2782187175255176e-09,1.8585723601959617e-05,-3.732305903946572e-05
9.55399999999986,4.135710389554662e-08,1.8493033733949344e-05,-3.717572542263676e-05
9.55599999999986,7.825020860441705e-08,1.8399943773355383e-05,-3.7027424571794236e-05
9.557999999999861,1.1495673891745949e-07,1.8306459981405193e-05,-3.6878137755315186e-05
9.559999999999862,1.5147591346804635e-07,1.821258865687763e-05,-3.6727876701727846e-05
9.561999999999863,1.878069634741016e-07,1.8118336085502054e-05,-3.6576653227223307e-05
9.563999999999863,2.2394913271160807e-07,1.8023708539564606e-05,-3.642447913447821e-05
9.565999999999864,2.599016774874953e-07,1.792871227768272e-05,-3.627136621184082e-05
9.567999999999865,2.95663866612079e-07,1.7833353544581933e-05,-3.6117326232852933e-05
9.569999999999865,3.312349813710556e-07,1.7737638570874445e-05,-3.596237095577594e-05
9.571999999999866,3.6661432240342944e-07,1.764158047921314e-05,-3.580651212311995e-05
9.573999999999867,4.0180121210927663e-07,1.7545187907843974e-05,-3.564977528082971e-05
9.575999999999867,4.367949810756585e-07,1.7448460405597415e-05,-3.5492177027797225e-05
9.577999999999868,4.715949655815163e-07,1.735140411545784e-05,-3.533371579227049e-05
9.579999999999869,5.062005141765719e-07,1.725402516517931e-05,-3.51744031964972e-05
9.58199999999987,5.40610987650659e-07,1.7156329667077155e-05,-3.501425084453519e-05
9.58399999999987,5.748257590026382e-07,1.7058323717821343e-05,-3.4853270321804966e-05
9.58599999999987,6.088442134089023e-07,1.696001339823155e-05,-3.469147319464532e-05
9.587999999999871,6.426657481914715e-07,1.686140477307402e-05,-3.4528871009872e-05
9.589999999999872,6.762897727856857e-07,1.6762503890860166e-05,-3.436547529433951e-05
9.591999999999873,7.097157087074945e-07,1.6663316783646908e-05,-3.420129755450602e-05
9.593999999999873,7.429429895203508e-07,1.6563849466838786e-05,-3.403634927600131e-05
9.595999999999874,7.759710608017092e-07,1.646410793899181e-05,-3.3870641923197926e-05
9.597999999999875,8.087993801091349e-07,1.6364098181619066e-05,-3.370418693878533e-05
9.599999999999875,8.414274169460248e-07,1.6263826158998085e-05,-3.3536995743347265e-05
9.601999999999876,8.738546527269455e-07,1.6163297817979954e-05,-3.33690797349422e-05
9.603999999999877,9.060805807425912e-07,1.6062519087800192e-05,-3.320045028868685e-05
9.605999999999877,9.38104706124365e-07,1.5961495879891367e-05,-3.303111875634298e-05
9.607999999999878,9.699265458085873e-07,1.5860234087697482e-05,-3.2861096465907097e-05
9.609999999999879,1.0015456285003343e-06,1.5758739586490107e-05,-3.269039472120355e-05
9.61199999999988,1.0329614946369118e-06,1.5657018233186258e-05,-3.251902480148055e-05
9.61399999999988,1.0641736963509647e-06,1.555507586616805e-05,-3.234699796100943e-05
9.61599999999988,1.095181797433229e-06,1.5452918305104078e-05,-3.2174325428687064e-05
9.617999999999881,1.1259853732949274e-06,1.5350551350772577e-05,-3.2001018407641385e-05
9.619999999999882,1.1565840109298138e-06,1.524798078488631e-05,-3.182708807484008e-05
9.621999999999883,1.1869773088758682e-06,1.5145212369919222e-05,-3.1652545580702436e-05
9.623999999999883,1.217164877176648e-06,1.5042251848934844e-05,-3.147740204871431e-05
9.625999999999884,1.2471463373422972e-06,1.4939104945416444e-05,-3.1301668575046336e-05
9.627999999999885,1.2769213223102168e-06,1.4835777363098928e-05,-3.1125356228175184e-05
9.629999999999885,1.3064894764054025e-06,1.4732274785802492e-05,-3.094847604850807e-05
9.631999999999886,1.3358504553004502e-06,1.4628602877268022e-05,-3.077103904801039e-05
9.633999999999887,1.3650039259752344e-06,1.4524767280994234e-05,-3.059305620983649e-05
9.635999999999887,1.3939495666762623e-06,1.442077362007657e-05,-3.0414538487963703e-05
9.637999999999888,1.4226870668757087e-06,1.4316627497047829e-05,-3.02354968068294e-05
9.639999999999889,1.4512161272301316e-06,1.421233449372055e-05,-3.0055942060971366e-05
9.64199999999989,1.4795364595388766e-06,1.4107900171031128e-05,-2.9875885114671234e-05
9.64399999999989,1.5076477867021705e-06,1.4003330068885673e-05,-2.9695336801601134e-05
9.64599999999989,1.535549842678907e-06,1.3898629706007615e-05,-2.9514307924473516e-05
9.647999999999891,1.5632423724441319e-06,1.3793804579787037e-05,-2.9332809254694136e-05
9.649999999999892,1.5907251319462265e-06,1.3688860166131746e-05,-2.9150851532018204e-05
9.651999999999893,1.617997888063796e-06,1.3583801919320082e-05,-2.8968445464209717e-05
9.653999999999893,1.6450604185622646e-06,1.3478635271855456e-05,-2.878560172670396e-05
9.655999999999894,1.6719125120501824e-06,1.3373365634322617e-05,-2.8602330962273177e-05
9.657999999999895,1.6985539679352454e-06,1.3267998395245651e-05,-2.8418643780695418e-05
9.659999999999895,1.7249845963800343e-06,1.3162538920947706e-05,-2.8234550758426547e-05
9.661999999999896,1.7512042182574727e-06,1.3056992555412435e-05,-2.8050062438275447e-05
9.663999999999897,1.7772126651060127e-06,1.295136462014717e-05,-2.786518932908234e-05
9.665999999999897,1.8030097790845461e-06,1.2845660414047814e-05,-2.7679941905400352e-05
9.667999999999898,1.828595412927048e-06,1.2739885213265446e-05,-2.7494330607180173e-05
9.669999999999899,1.8539694298969553e-06,1.2634044271074643e-05,-2.730836583945794e-05
9.6719999999999,1.8791317037412841e-06,1.2528142817743523e-05,-2.712205797204624e-05
9.6739999999999,1.904082118644488e-06,1.2422186060405487e-05,-2.693541733922833e-05
9.6759999999999,1.9288205691820617e-06,1.2316179182932672e-05,-2.6748454239455463e-05
9.677999999999901,1.9533469602738937e-06,1.221012734581112e-05,-2.6561178935047408e-05
9.679999999999902,1.977661207137371e-06,1.2104035686017632e-05,-2.6373601651896133e-05
9.681999999999903,2.0017632352402395e-06,1.199790931689834e-05,-2.6185732579172635e-05
9.683999999999903,2.0256529802532205e-06,1.1891753328048957e-05,-2.599758186903692e-05
9.685999999999904,2.049330388002395e-06,1.1785572785196741e-05,-2.5809159636351135e-05
9.687999999999905,2.072795414421348e-06,1.1679375615989083e-05,-2.5620475958395877e-05
9.689999999999905,2.096048031260535e-06,1.1573161051880088e-05,-2.5431546646399514e-05
9.691999999999906,2.1190882087377976e-06,1.1466938203831141e-05,-2.524237013502071e-05
9.693999999999907,2.1419159352482595e-06,1.1360711207693844e-05,-2.505296461640008e-05
9.695999999999907,2.1645312074384365e-06,1.125448418238572e-05,-2.4863338350635946e-05
9.697999999999908,2.1869340301722634e-06,1.1148261229801151e-05,-2.4673499572209876e-05
9.699999999999909,2.209124416496942e-06,1.104204643472336e-05,-2.4483456489774565e-05
9.70199999999991,2.231102387608614e-06,1.0935848900406461e-05,-2.4293217285943662e-05
9.70399999999991,2.252867982864143e-06,1.0829671310819078e-05,-2.4102800188421536e-05
9.70599999999991,2.274421246974066e-06,1.0723518486883526e-05,-2.39122106045023e-05
9.707999999999911,2.2957622342657385e-06,1.06173952244661e-05,-2.3721458220741118e-05
9.709999999999912,2.3168910086331307e-06,1.0511306294279116e-05,-2.3530552683197937e-05
9.711999999999913,2.3378076434864177e-06,1.0405256441784604e-05,-2.333950359719136e-05
9.713999999999913,2.358512221701388e-06,1.0299250387099649e-05,-2.3148320527055624e-05
9.715999999999914,2.3790048355686576e-06,1.0193292824903369e-05,-2.2957012995900685e-05
9.717999999999915,2.3992855867427044e-06,1.0087388424345541e-05,-2.2765590485375395e-05
9.719999999999915,2.4193545861907187e-06,9.981541828956856e-06,-2.2574062435433787e-05
9.721999999999916,2.4392119541412764e-06,9.875757656560815e-06,-2.238243824410443e-05
9.723999999999917,2.4588578200328392e-06,9.770040499187245e-06,-2.2190727267262905e-05
9.725999999999917,2.478292322462081e-06,9.664394922987444e-06,-2.199893881840733e-05
9.727999999999918,2.497515609132048e-06,9.558825468150942e-06,-2.1807082168436968e-05
9.729999999999919,2.516527836800154e-06,9.453336648823878e-06,-2.161516654543393e-05
9.73199999999992,2.5353291712260114e-06,9.347932953028998e-06,-2.142320113444791e-05
9.73399999999992,2.553919787119108e-06,9.242618842587245e-06,-2.123119507728401e-05
9.73599999999992,2.572299868086326e-06,9.137398753040962e-06,-2.10391574722936e-05
9.737999999999921,2.590469606579308e-06,9.032277093578691e-06,-2.084709737416825e-05
9.739999999999922,2.608429203841677e-06,8.927258246961567e-06,-2.065502379373669e-05
9.741999999999923,2.6261788698561096e-06,8.8223465694513e-06,-2.046294569776481e-05
9.743999999999923,2.6437188232912645e-06,8.717546390739744e-06,-2.027087200875871e-05
9.745999999999924,2.661049291448576e-06,8.612862013880042e-06,-2.0078811604770752e-05
9.747999999999925,2.678170510208909e-06,8.508297715219352e-06,-1.988677331920866e-05
9.749999999999925,2.6950827239790785e-06,8.403857744333142e-06,-1.9694765940647612e-05
9.751999999999926,2.7117861856382463e-06,8.29954632396105e-06,-1.9502798212645362e-05
9.753999999999927,2.728281156484182e-06,8.195367649944312e-06,-1.9310878833560348e-05
9.755999999999927,2.7445679061794077e-06,8.091325891164733e-06,-1.9119016456372805e-05
9.757999999999928,2.7606467126972194e-06,7.987425189485225e-06,-1.8927219688508874e-05
9.759999999999929,2.77651786226759e-06,7.883669659691884e-06,-1.873549709166767e-05
9.76199999999993,2.7921816493229605e-06,7.78006338943761e-06,-1.8543857181651358e-05
9.76399999999993,2.8076383764439167e-06,7.676610439187262e-06,-1.835230842819818e-05
9.76599999999993,2.822888354304761e-06,7.573314842164349e-06,-1.816085925481844e-05
9.767999999999931,2.8379319016189778e-06,7.470180604299245e-06,-1.7969518038633458e-05
9.769999999999932,2.852769345084596e-06,7.367211704178926e-06,-1.777829311021747e-05
9.771999999999933,2.8674010193294533e-06,7.26441209299822e-06,-1.758719275344245e-05
9.773999999999933,2.8818272668563657e-06,7.161785694512578e-06,-1.7396225205325895e-05
9.775999999999934,2.8960484379882017e-06,7.059336404992338e-06,-1.7205398655881522e-05
9.777999999999935,2.9100648908128672e-06,6.957068093178496e-06,-1.701472124797288e-05
9.779999999999935,2.9238769911282058e-06,6.854984600239973e-06,-1.6824201077169858e-05
9.781999999999936,2.9374851123868108e-06,6.753089739732369e-06,-1.6633846191608152e-05
9.783999999999937,2.9508896356407603e-06,6.651387297558201e-06,-1.6443664591851547e-05
9.785999999999937,2.9640909494862725e-06,6.549881031928619e-06,-1.6253664230757164e-05
9.787999999999938,2.977089450008285e-06,6.448574673326599e-06,-1.6063853013343512e-05
9.789999999999939,2.989885540724964e-06,6.3474719244716e-06,-1.5874238796661485e-05
9.79199999999994,3.002479632532142e-06,6.24657646028568e-06,-1.5684829389668165e-05
9.79399999999994,3.0148721436476914e-06,6.145891927861074e-06,-1.54956325531035e-05
9.79599999999994,3.0270634995558332e-06,6.045421946429222e-06,-1.530665599936984e-05
9.797999999999941,3.0390541329513856e-06,5.945170107331232e-06,-1.5117907392414276e-05
9.799999999999942,3.050844483683956e-06,5.845139973989796e-06,-1.492939434761385e-05
9.801999999999943,3.062434998702076e-06,5.745335081882529e-06,-1.4741124431663549e-05
9.803999999999943,3.0738261319972866e-06,5.645758938516737e-06,-1.4553105162467135e-05
9.805999999999944,3.085018344548173e-06,5.5464150234056084e-06,-1.436534400903076e-05
9.807999999999945,3.096012104264355e-06,5.447306788045819e-06,-1.417784839135939e-05
9.809999999999945,3.106807885930431e-06,5.348437655896547e-06,-1.3990625680355994e-05
9.811999999999946,3.117406171149885e-06,5.24981102235989e-06,-1.3803683197723526e-05
9.813999999999947,3.1278074482889524e-06,5.15143025476268e-06,-1.3617028215869665e-05
9.815999999999947,3.138012212420454e-06,5.0532986923396885e-06,-1.3430667957814313e-05
9.817999999999948,3.148020965267596e-06,4.955419646218221e-06,-1.3244609597099831e-05
9.819999999999949,3.157834215147739e-06,4.857796399404082e-06,-1.3058860257704037e-05
9.82199999999995,3.1674524769161446e-06,4.760432206768921e-06,-1.2873427013955903e-05
9.82399999999995,3.1768762719096948e-06,4.663330295038939e-06,-1.2688316890453986e-05
9.82599999999995,3.18610612789059e-06,4.566493862784959e-06,-1.2503536861987573e-05
9.827999999999951,3.195142578990031e-06,4.469926080413848e-06,-1.2319093853460509e-05
9.829999999999952,3.2039861656518823e-06,4.373630090161287e-06,-1.2134994739817728e-05
9.831999999999953,3.2126374345763246e-06,4.277609006085884e-06,-1.1951246345974457e-05
9.833999999999953,3.221096938663496e-06,4.181865914064617e-06,-1.1767855446748094e-05
9.835999999999954,3.2293652369571236e-06,4.086403871789613e-06,-1.158482876679273e-05
9.837999999999955,3.2374428945881543e-06,3.991225908766242e-06,-1.140217298053635e-05
9.839999999999955,3.2453304827183787e-06,3.896335026312528e-06,-1.1219894712120637e-05
9.841999999999956,3.253028578484057e-06,3.8017341975598746e-06,-1.1038000535343435e-05
9.843999999999957,3.260537764939549e-06,3.707426367455084e-06,-1.0856496973603806e-05
9.845999999999957,3.2678586310009458e-06,3.6134144527636797e-06,-1.0675390499849716e-05
9.847999999999958,3.274991771389714e-06,3.519701342074514e-06,-1.0494687536528305e-05
9.849999999999959,3.281937786576346e-06,3.4262898958056588e-06,-1.0314394455538742e-05
9.85199999999996,3.2886972827240273e-06,3.333182946211576e-06,-1.0134517578187664e-05
9.85399999999996,3.295270871632316e-06,3.240383297391552e-06,-9.95506317514718e-06
9.85599999999996,3.3016591706808425e-06,3.1478937252994003e-06,-9.77603746641542e-06
9.857999999999961,3.30786280277303e-06,3.0557169777544136e-06,-9.597446621279642e-06
9.859999999999962,3.3138823962798354e-06,2.9638557744535734e-06,-9.419296758281857e-06
9.861999999999963,3.319718584983521e-06,2.8723128069849952e-06,-9.241593945186982e-06
9.863999999999963,3.325372008021449e-06,2.781090738842613e-06,-9.064344198953512e-06
9.865999999999964,3.330843309829909e-06,2.6901922054420916e-06,-8.887553485706675e-06
9.867999999999965,3.3361331400879793e-06,2.5996198141379606e-06,-8.711227720714093e-06
9.869999999999965,3.3412421536614224e-06,2.5093761442419655e-06,-8.535372768363901e-06
9.871999999999966,3.3461710105466186e-06,2.419463747042626e-06,-8.359994442145354e-06
9.873999999999967,3.35092037581454e-06,2.329885145825994e-06,-8.18509850463187e-06
9.875999999999967,3.3554909195547686e-06,2.2406428358976104e-06,-8.010690667466528e-06
9.877999999999968,3.359883316819556e-06,2.1517392846056454e-06,-7.83677659134999e-06
9.879999999999969,3.3640982475679345e-06,2.0631769313652214e-06,-7.663361886030847e-06
9.88199999999997,3.3681363966098763e-06,1.9749581876839103e-06,-7.490452110298377e-06
9.88399999999997,3.371998453550504e-06,1.8870854371883949e-06,-7.318052771977697e-06
9.88599999999997,3.3756851127343563e-06,1.7995610356522928e-06,-7.146169327927294e-06
9.887999999999971,3.379197073189712e-06,1.7123873110251312e-06,-6.974807184038942e-06
9.889999999999972,3.382535038572971e-06,1.6255665634624676e-06,-6.8039716952399745e-06
9.891999999999973,3.385699717113096e-06,1.5391010653571497e-06,-6.6336681654979064e-06
9.893999999999973,3.3886918215561226e-06,1.4529930613717052e-06,-6.463901847827395e-06
9.895999999999974,3.3915120691097286e-06,1.3672447684718575e-06,-6.2946779442995325e-06
9.897999999999975,3.394161181387877e-06,1.2818583759611573e-06,-6.126001606053444e-06
9.899999999999975,3.396639884355526e-06,1.1968360455167254e-06,-5.9578779333101916e-06
9.901999999999976,3.3989489082734135e-06,1.1121799112260966e-06,-5.790311975388977e-06
9.903999999999977,3.4010889876429157e-06,1.0278920796251612e-06,-5.623308730725607e-06
9.905999999999977,3.403060861150982e-06,9.439746297371939e-07,-5.456873146893238e-06
9.907999999999978,3.4048652716151498e-06,8.604296131129636e-07,-5.29101012062537e-06
9.909999999999979,3.406502965928642e-06,7.772590538719185e-07,-5.125724497841077e-06
9.91199999999998,3.407974695005544e-06,6.94464948744437e-07,-4.961021073672479e-06
9.91399999999998,3.40928121372607e-06,6.120492671151383e-07,-4.796904592494418e-06
9.91599999999998,3.410423280881916e-06,5.300139510672455e-07,-4.633379747956347e-06
9.917999999999981,3.4114016591217015e-06,4.483609154279942e-07,-4.470451183016407e-06
9.919999999999982,3.4122171148965045e-06,3.6709204781507757e-07,-4.30812348997769e-06
9.921999999999983,3.4128704184054882e-06,2.86209208684123e-07,-4.1464012105266594e-06
9.923999999999984,3.4133623435416273e-06,2.0571423137719145e-07,-3.985288835773734e-06
9.925999999999984,3.4136936678375284e-06,1.256089221722926e-07,-3.82479080629601e-06
9.927999999999985,3.413865172411353e-06,4.5895060333908495e-08,-3.6649115121821135e-06
9.929999999999986,3.4138776419128425e-06,-3.342560183548157e-08,-3.50565529307917e-06
9.931999999999986,3.4137318644694447e-06,-1.1235133894288251e-07,-3.3470264382418794e-06
9.933999999999987,3.4134286316325502e-06,-1.9088045245127848e-07,-3.1890291865836795e-06
9.935999999999988,3.412968738323833e-06,-2.690112706251488e-07,-3.0316677267299935e-06
9.937999999999988,3.412352982781704e-06,-3.467421484750122e-07,-2.8749461970735356e-06
9.939999999999989,3.411582166507874e-06,-4.2407146770100694e-07,-2.7188686858316794e-06
9.94199999999999,3.410657094214034e-06,-5.009976366355137e-07,-2.56343923110586e-06
9.94399999999999,3.409578573768645e-06,-5.775190901848297e-07,-2.4086618209430063e-06
9.94599999999999,3.408347416143853e-06,-6.536342897698994e-07,-2.254540393398986e-06
9.947999999999992,3.406964435362518e-06,-7.293417232661125e-07,-2.101078836604054e-06
9.949999999999992,3.4054304484453652e-06,-8.046399049421729e-07,-1.9482809888302927e-06
9.951999999999993,3.4037462753582627e-06,-8.795273753980486e-07,-1.7961506385610195e-06
9.953999999999994,3.4019127389596195e-06,-9.540027015020098e-07,-1.6446915245621655e-06
9.955999999999994,3.3999306649479134e-06,-1.028064476326761e-06,-1.4939073359556e-06
9.957999999999995,3.397800881809347e-06,-1.1017113190846767e-06,-1.3438017122943914e-06
9.959999999999996,3.395524220765634e-06,-1.1749418750621455e-06,-1.1943782436399939e-06
9.961999999999996,3.393101515721916e-06,-1.247754815553034e-06,-1.0456404706413431e-06
9.963999999999997,3.3905336032148165e-06,-1.3201488377912737e-06,-8.975918846158479e-07
9.965999999999998,3.3878213223606286e-06,-1.3921226648825806e-06,-7.50235927632269e-07
9.967999999999998,3.3849655148036393e-06,-1.4636750457353153e-06,-6.035759925954673e-07
9.969999999999999,3.3819670246645954e-06,-1.5348047549904898e-06,-4.576154233330087e-07
9.972,3.378826698489308e-06,-1.6055105929509292e-06,-3.1235751468361574e-07
9.974,3.3755453851974e-06,-1.6757913855095959e-06,-1.6780551258744953e-07
9.976,3.3721239360312e-06,-1.745645984077083e-06,-2.3962614178208337e-08
9.978000000000002,3.3685632045047776e-06,-1.8150732655082855e-06,1.1916803212296603e-07
9.980000000000002,3.364864046353131e-06,-1.8840721320282562e-06,2.6158332651179344e-07
9.982000000000003,3.3610273194815206e-06,-1.9526415111572526e-06,4.032802177033814e-07
9.984000000000004,3.3570538839149537e-06,-2.020780355634985e-06,5.442557028329845e-07
9.986000000000004,3.3529446017478225e-06,-2.0884876433440705e-06,6.845068273550159e-07
9.988000000000005,3.3487003370936955e-06,-2.1557623772327032e-06,8.240306849403184e-07
9.990000000000006,3.344321956035264e-06,-2.2226035852365436e-06,9.62824417371711e-07
9.992000000000006,3.339810326574446e-06,-2.289010320199841e-06,1.1008852144378231e-06
9.994000000000007,3.335166318582649e-06,-2.35498165979579e-06,1.2382103138252361e-06
9.996000000000008,3.330390803751191e-06,-2.4205167064461337e-06,1.374797001008931e-06
9.998000000000008,3.3254846555418856e-06,-2.4856145872400174e-06,1.5106426091410766e-06
10.000000000000009,3.3204487491377887e-06,-2.5502744538521024e-06,1.6457445189381492e-06
