time,q,dq,u
0.002,0.7853640504140985,-0.034112900180693406,-7.853981633974483
0.004,0.7852617979394279,-0.06813932517740495,-7.819527603960292
0.006,0.7850915813958489,-0.10207680332236033,-7.784478654216873
0.008,0.7848535811364077,-0.13592287562839747,-7.748839010636129
0.01,0.78454798241946,-0.1696750957516534,-7.712612935735679
0.012,0.7841749753834213,-0.20333102995543467,-7.675804728442946
0.014,0.7837347550215875,-0.23688825707540462,-7.638418723878778
0.016,0.783227521157024,-0.27034436848621685,-7.60045929314047
0.018000000000000002,0.7826534784175196,-0.3036969680697221,-7.561930843084022
0.020000000000000004,0.782012836210603,-0.3369436721848729,-7.522837816105475
0.022000000000000006,0.7813058086986168,-0.37008210963944765,-7.483184689921157
0.024000000000000007,0.780532614773847,-0.40310992166371185,-7.44297597734672
0.02600000000000001,0.7796934780337028,-0.43602476188613315,-7.402216226074758
0.02800000000000001,0.7787886267559423,-0.4688242963112622,-7.360910018450895
0.030000000000000013,0.7778182938739411,-0.5015062032998892,-7.319061971248161
0.032000000000000015,0.7767827169519976,-0.5340681735515826,-7.276676735439522
0.034000000000000016,0.7756821381606711,-0.5665079100897146,-7.233758995968394
0.03600000000000002,0.7745168042521469,-0.5988231282490717,-7.190313471516997
0.03800000000000002,0.7732869665356237,-0.6310115556661507,-7.146344914272397
0.04000000000000002,0.771992880852718,-0.6630709322722321,-7.101858109690086
0.04200000000000002,0.7706348075528789,-0.6949990102893228,-7.056857876254948
0.044000000000000025,0.7692130114688085,-0.7267935542290563,-7.011349065239467
0.04600000000000003,0.7677277618918811,-0.7584523408946353,-6.965336560459029
0.04800000000000003,0.7661793325475558,-0.7899731593858963,-6.918825278024175
0.05000000000000003,0.7645680015707755,-0.8213538111075771,-6.871820166089662
0.05200000000000003,0.7628940514813466,-0.8525921097808598,-6.824326204600179
0.054000000000000034,0.7611577691592912,-0.8836858814582615,-6.776348405032606
0.056000000000000036,0.7593594458201676,-0.9146329645419418,-6.7278918101346505
0.05800000000000004,0.757499376990349,-0.9454312098054889,-6.678961493659734
0.06000000000000004,0.7555778624822569,-0.97607848041925,-6.629562560098001
0.06200000000000004,0.7535952063695389,-1.0065726519792593,-6.5797001444033185
0.06400000000000004,0.7515517169621857,-1.036911612539821,-6.52937941171613
0.06600000000000004,0.7494477067815787,-1.0670932626497969,-6.478605557082036
0.06800000000000005,0.7472834925354618,-1.0971155153926462,-6.42738380516599
0.07000000000000005,0.7450593950928291,-1.126976296430261,-6.375719409961971
0.07200000000000005,0.7427757394587214,-1.1566735440506384,-6.3236176544980305
0.07400000000000005,0.7404328547489227,-1.1862052092194248,-6.271083850536575
0.07600000000000005,0.7380310741645505,-1.2155692556353672,-6.218123338269802
0.07800000000000006,0.7355707349665309,-1.2447636597896974,-6.164741486010137
0.08000000000000006,0.7330521784499514,-1.2737864110294794,-6.1109436898756115
0.08200000000000006,0.7304757499182822,-1.3026355116249388,-6.056735373470035
0.08400000000000006,0.72784179865746,-1.3313089768407929,-6.002121987557883
0.08600000000000006,0.7251506779098237,-1.3598048350115972,-5.947109009733807
0.08800000000000006,0.7224027448478967,-1.38812112762112,-5.891701944086639
0.09000000000000007,0.7195983605480059,-1.4162559093857487,-5.835906320857847
0.09200000000000007,0.7167378899637293,-1.4442072483419361,-5.7797276960943105
0.09400000000000007,0.713821701899166,-1.4719732259376819,-5.723171651295358
0.09600000000000007,0.7108501689820178,-1.499551937128049,-5.666243793053979
0.09800000000000007,0.7078236676364764,-1.5269414904747045,-5.608949752692129
0.10000000000000007,0.7047425780559078,-1.5541400082494743,-5.551295185890059
0.10200000000000008,0.701607284175325,-1.5811456265418962,-5.493285772309603
0.10400000000000008,0.698418173643642,-1.6079564953707528,-5.434927215211355
0.10600000000000008,0.6951756377957005,-1.6345707787995594,-5.376225241065667
0.10800000000000008,0.6918800716240617,-1.660986655055982,-5.317185599157446
0.11000000000000008,0.6885318737505561,-1.6872023166551542,-5.257814061184635
0.11200000000000009,0.6851314463975815,-1.7132159705268584,-5.198116420850408
0.11400000000000009,0.6816791953591439,-1.7390258381465329,-5.138098493448956
0.11600000000000009,0.6781755299716319,-1.7646301556700639,-5.077766115444906
0.11800000000000009,0.6746208630843186,-1.7900271740723157,-5.017125144046255
0.12000000000000009,0.6710156110295815,-1.8152151592893506,-4.95618145677087
0.1220000000000001,0.6673601935928357,-1.840192392364285,-4.894940951006464
0.1240000000000001,0.6636550339821706,-1.864957169596723,-4.833409543564072
0.12600000000000008,0.6599005587976853,-1.8895078026957126,-4.771593170224984
0.12800000000000009,0.6560971980005134,-1.9138426189361504,-4.70949778528114
0.1300000000000001,0.6522453848815327,-1.937959961318578,-4.647129361068983
0.1320000000000001,0.6483455560297517,-1.9618581887322906,-4.584493887496749
0.1340000000000001,0.644398151300366,-1.9855356761216854,-4.521597371565227
0.1360000000000001,0.6404036137824796,-2.008990814655772,-4.458445836881975
0.1380000000000001,0.6363623897664835,-2.032222011900761,-4.395045323169024
0.1400000000000001,0.6322749287110871,-2.0552276919956443,-4.331401885764075
0.1420000000000001,0.6281416832099942,-2.0780062958306837,-4.267521595115228
0.1440000000000001,0.6239631089582198,-2.1005562812287057,-4.203410536269258
0.1460000000000001,0.6197396647180422,-2.1228761231291147,-4.139074808353493
0.1480000000000001,0.6154718122845833,-2.144964313774522,-4.074520524051308
0.1500000000000001,0.6111600164510138,-2.166819362899888,-4.00975380907131
0.1520000000000001,0.6068047449733779,-2.1884397979240746,-3.94478080161025
0.1540000000000001,0.6024064685350318,-2.209824164143694,-3.8796076518097045
0.1560000000000001,0.597965660710693,-2.2309710249291475,-3.814240521206624
0.1580000000000001,0.5934827979300952,-2.251878961922737,-3.748685582177783
0.16000000000000011,0.5889583594412446,-2.2725465752387306,-3.6829490173782147
0.16200000000000012,0.5843928272732755,-2.2929724836652627,-3.617037019173716
0.16400000000000012,0.5797866861988981,-2.3131553248679473,-3.550955789067492
0.16600000000000012,0.57514042369644,-2.333093755595073,-3.4847115371210333
0.16800000000000012,0.5704545299114745,-2.352786451884258,-3.418310481369327
0.17000000000000012,0.5657294976180337,-2.3722321092704277,-3.351758847230487
0.17200000000000013,0.5609658221794059,-2.391429442994985,-3.285062866909909
0.17400000000000013,0.5561640015085128,-2.410377188216036,-3.218228778799074
0.17600000000000013,0.5513245360278646,-2.429074100219533,-3.1512628268690914
0.17800000000000013,0.5464479286290936,-2.447518954631195,-3.0841712600591125
0.18000000000000013,0.5415346846320622,-2.4657105476290613,-3.0169603316597415
0.18200000000000013,0.5365853117435454,-2.483647696156537,-2.9496362986915607
0.18400000000000014,0.531600320015487,-2.50132923813578,-2.882205421278917
0.18600000000000014,0.5265802218028288,-2.518754032681289,-2.8146739620190897
0.18800000000000014,0.5215255317209129,-2.535920960313531,-2.7470481853469986
0.19000000000000014,0.5164367666024559,-2.552828923172468,-2.6793343568955983
0.19200000000000014,0.5113144454540971,-2.5694768452308283,-2.6115387428520904
0.19400000000000014,0.5061590894125206,-2.585863672506962,-2.543667609310143
0.19600000000000015,0.5009712217001515,-2.6019883732771354,-2.4757272216182447
0.19800000000000015,0.49575136758042876,-2.6178499382871006,-2.4077238437243795
0.20000000000000015,0.4905000543126557,-2.6334473809627887,-2.339663737517187
0.20200000000000015,0.4852178111064301,-2.648779737619966,-2.2715531621637686
0.20400000000000015,0.479905169075656,-2.6638460676726976,-2.203398373444335
0.20600000000000016,0.4745626611921402,-2.678645453840455,-2.1352056230838623
0.20800000000000016,0.4691908222387757,-2.6931770023537167,-2.066981158080947
0.21000000000000016,0.4637901887623158,-2.707439843157893,-1.9987312200340401
0.21200000000000016,0.4583612990257423,-2.7214331301154258,-1.9304620444652651
0.21400000000000016,0.4529046929602309,-2.735156041205893,-1.8621798601419974
0.21600000000000016,0.4474209121167192,-2.7486077787239687,-1.7938908883964162
0.21800000000000017,0.44191049961708045,-2.7617875694750746,-1.7256013424432233
0.22000000000000017,0.43637400010490907,-2.774694664968566,-1.6573174266957298
0.22200000000000017,0.43081195969592173,-2.787328341608294,-1.5890453360805243
0.22400000000000017,0.4252249259279806,-2.799687900880387,-1.5207912553509235
0.22600000000000017,0.4196134477107437,-2.8117726695380987,-1.4525613583994192
0.22800000000000017,0.41397807527494845,-2.8235819997835607,-1.3843618075693382
0.23000000000000018,0.40831936012133546,-2.835115269446295,-1.3161987529659234
0.23200000000000018,0.40263785496921806,-2.8463718821583264,-1.2480783317670592
0.23400000000000018,0.39693411370470555,-2.8573512675257455,-1.1800066675338545
0.23600000000000018,0.3912086913285869,-2.8680528812965784,-1.11198986952131
0.23800000000000018,0.3854621439038823,-2.878476205524807,-1.0440340319892902
0.24000000000000019,0.3796950285030711,-2.8886207487304003,-0.9761452335140159
0.2420000000000002,0.3739079031550032,-2.8984860460552118,-0.9083295363003105
0.2440000000000002,0.3681013267915036,-2.9080716594146,-0.8405929854948204
0.2460000000000002,0.36227585919367733,-2.917377177644634,-0.7729416085004361
0.2480000000000002,0.3564320609379251,-2.926402216644748,-0.7053814142921397
0.25000000000000017,0.3505704933416781,-2.9351464195157098,-0.6379183927345036
0.25200000000000017,0.3446917184088616,-2.943609456692771,-0.5705585139010712
0.25400000000000017,0.3387962987750972,-2.9517910260738733,-0.5033077273958448
0.25600000000000017,0.33288479765265383,-2.9596908531427815,-0.4361719616770987
0.2580000000000002,0.3269577787751574,-2.9673086910870237,-0.36915712338375695
0.2600000000000002,0.3210158063420703,-2.974644320910518,-0.3022690966645505
0.2620000000000002,0.31505944496295035,-2.98169755154077,-0.23551374251018498
0.2640000000000002,0.30908925960150185,-2.98846821993053,-0.16889689808873332
0.2660000000000002,0.303105815519428,-2.994956191153797,-0.10242437608448851
0.2680000000000002,0.29710967822009765,-3.0011613584960695,-0.03610196404048294
0.2700000000000002,0.29110141339203705,-3.0070836435387367,0.03006457629509285
0.2720000000000002,0.28508158685225904,-3.012722996237517,0.09606950961836613
0.2740000000000002,0.27905076448944116,-3.0180793949948463,0.16190712771492644
0.2760000000000002,0.2730095122069653,-3.0231528467261275,0.22757175010043484
0.2780000000000002,0.2669583958658308,-3.027943386919759,0.2930577246564745
0.2800000000000002,0.2608979812274541,-3.0324510796908557,0.35835942826145084
0.2820000000000002,0.25482883389636707,-3.0366760178285896,0.4234712674163146
0.2840000000000002,0.24875151926282718,-3.040618322837076,0.48838767886491885
0.2860000000000002,0.24266660244535246,-3.044278144969738,0.5531031302088043
0.2880000000000002,0.23657464823319418,-3.047655663257083,0.6176121205162133
0.2900000000000002,0.23047622102876075,-3.0507510855278395,0.6819091809251407
0.2920000000000002,0.22437188479000592,-3.0535646484233907,0.7459888752402319
0.2940000000000002,0.21826220297279494,-3.0560966174054616,0.8098458005233318
0.2960000000000002,0.21214773847326207,-3.058347286757013,0.8734745876775123
0.2980000000000002,0.20602905357017312,-3.0603169795763043,0.9368699020243927
0.3000000000000002,0.1999067098673068,-3.0620060477640845,1.0000264438745732
0.3020000000000002,0.19378126823586847,-3.06341487200389,1.0629389490910164
0.3040000000000002,0.18765328875695028,-3.064543861735415,1.125602189645205
0.3060000000000002,0.1815233306640515,-3.0653934551209403,1.1880109741659122
0.3080000000000002,0.17539195228567295,-3.0659641190048004,1.2501601484804254
0.3100000000000002,0.16925971098799944,-3.066256348865884,1.312044596148071
0.3120000000000002,0.1631271631176842,-3.066270668763155,1.3736592389858895
0.3140000000000002,0.15699486394474918,-3.0660076312742017,1.434999037586313
0.3160000000000002,0.1508633676056154,-3.0654678174268106,1.49605899182671
0.3180000000000002,0.1447332270462768,-3.0646518366235784,1.5568341413706568
0.32000000000000023,0.13860499396563222,-3.0635603265595766,1.6173195661608104
0.32200000000000023,0.13247921875898858,-3.0621939531330864,1.6775103869032544
0.32400000000000023,0.12635645046174973,-3.060553410349426,1.7374017655432006
0.32600000000000023,0.12023723669330455,-3.058639420217904,1.7969889057319288
0.32800000000000024,0.11412212360112779,-3.0564527326419264,1.8562670532848584
0.33000000000000024,0.10801165580510773,-3.053994125302302,1.9152314966306485
0.33200000000000024,0.10190637634211382,-3.051264403533782,1.973877567251225
0.33400000000000024,0.09580682661081803,-3.048264400194888,2.0322006401126442
0.33600000000000024,0.0897135463167833,-3.044994975531075,2.0901961340867077
0.33800000000000024,0.08362707341783206,-3.0414570170312913,2.147859512363242
0.34000000000000025,0.07754794406970839,-3.037651439277993,2.2051862828529707
0.34200000000000025,0.07147669257204654,-3.033579183790679,2.262171998580909
0.34400000000000025,0.06541385131465882,-3.0292412188630187,2.3188122580702135
0.34600000000000025,0.059359950724155536,-3.0246385393936417,2.3751027057164302
0.34800000000000025,0.05331551921090968,-3.0197721667106765,2.4310390321520865
0.35000000000000026,0.04728108311637867,-3.014643148390109,2.4866169746015796
0.35200000000000026,0.041257166660795534,-3.009252558068057,2.5418323172263224
0.35400000000000026,0.03524429189124147,-3.003601495247046,2.596680891460102
0.35600000000000026,0.029242978630111823,-2.9976910850963794,2.6511585763346313
0.35800000000000026,0.02325374442398718,-2.991522478246707,2.705261298795261
0.36000000000000026,0.017277104492920935,-2.985096850578883,2.758985034006835
0.36200000000000027,0.011313571680154854,-2.9784154030072263,2.8123258056496736
0.36400000000000027,0.00536365640227358,-2.9714793612572894,2.8652796862056777
0.36600000000000027,-0.0005721334001909956,-2.9642899756382435,2.9178427972345538
0.36800000000000027,-0.006493292311694855,-2.9568485208099973,2.9700113096401535
0.3700000000000003,-0.012399317490146037,-2.949156295545165,3.0217814439269457
0.3720000000000003,-0.018289708714887713,-2.9412146224860076,3.0731494704466256
0.3740000000000003,-0.024163968434190226,-2.933024847896461,3.1241117096348847
0.3760000000000003,-0.030021601812242386,-2.9245883414093883,3.1746645322383635
0.3780000000000003,-0.0358621167756326,-2.915906495769174,3.224804359531812
0.3800000000000003,-0.041685024059310634,-2.906980726569795,3.2745276635255
0.3820000000000003,-0.04748983725202113,-2.8978124719885026,3.3238309671629014
0.3840000000000003,-0.05327607284120021,-2.888403192515243,3.3727108445087137
0.3860000000000003,-0.05904325025732672,-2.8787543706779597,3.421163920927245
0.3880000000000003,-0.06479089191772021,-2.868867510763912,3.469186873251227
0.3900000000000003,-0.07051852326977752,-2.8587441385371504,3.516776429941114
0.3920000000000003,-0.07622567283364075,-2.848385800952291,3.5639293712349254
0.3940000000000003,-0.08191187224428909,-2.83779406586473,3.6106425292886986
0.3960000000000003,-0.0875766562930477,-2.826970521737441,3.6569127883076207
0.3980000000000003,-0.09321956296850688,-2.8159167773445066,3.702737084667918
0.4000000000000003,-0.09884013349684515,-2.804634461471519,3.7481124070295753
0.4020000000000003,-0.10443791238155012,-2.7931252226130088,3.7930357964399706
0.4040000000000003,-0.11001244744253143,-2.78139072866704,3.83750434642851
0.4060000000000003,-0.1155632898546201,-2.769432666627123,3.8815152030923543
0.4080000000000003,-0.12108999418544916,-2.7572527422715942,3.925065565173324
0.4100000000000003,-0.12659211843271073,-2.74485267985061,3.968152684126086
0.4120000000000003,-0.13206922406078467,-2.7322342217709035,4.010773864177717
0.4140000000000003,-0.13752087603673474,-2.719399128278454,4.05292646237875
0.4160000000000003,-0.1429466428656682,-2.7063491771392183,4.094607888645802
0.4180000000000003,-0.1483460966254548,-2.693086163318067,4.1358156057959
0.4200000000000003,-0.15371881300080242,-2.679611898656084,4.176547129572615
0.4220000000000003,-0.15906437131668524,-2.6659282115463663,4.2168000286641085
0.4240000000000003,-0.1643823545711226,-2.6520369466084768,4.256571924713219
0.4260000000000003,-0.1696723494673054,-2.637939964361696,4.295860492319703
0.4280000000000003,-0.17493394644506774,-2.6236391408972155,4.33466345903475
0.4300000000000003,-0.18016673971170236,-2.609136367549418,4.3729786053478925
0.43200000000000033,-0.18537032727211747,-2.594433550566391,4.410803764666442
0.43400000000000033,-0.19054431095833432,-2.5795326107798107,4.448136823287566
0.43600000000000033,-0.19568829645832375,-2.5644354832743392,4.484975720363154
0.43800000000000033,-0.2008018933441813,-2.5491441170566755,4.521318447857577
0.44000000000000034,-0.2058847150996402,-2.533660474724396,4.557163050498488
0.44200000000000034,-0.21093637914692193,-2.5179865321347212,4.592507625720798
0.44400000000000034,-0.21595650687292425,-2.5021242780733437,4.62735032360394
0.44600000000000034,-0.22094472365474727,-2.4860757139234493,4.661689346802586
0.44800000000000034,-0.22590065888455765,-2.469842853335062,4.695522950470922
0.45000000000000034,-0.2308239459937921,-2.453427721894842,4.728849442180639
0.45200000000000035,-0.2357142224767009,-2.436832356796462,4.761667181832763
0.45400000000000035,-0.24057112991323298,-2.4200588065116877,4.793974581563472
0.45600000000000035,-0.24539431399126382,-2.4031091304622856,4.825770105644017
0.45800000000000035,-0.2501834245281683,-2.3859853986928727,4.857052270374924
0.46000000000000035,-0.25493811549174,-2.3686896915448346,4.887819643974556
0.46200000000000035,-0.2596580450204599,-2.351224099331416,4.918070846462235
0.46400000000000036,-0.2643428754431162,-2.333590722014109,4.9478045495360155
0.46600000000000036,-0.2689922732977783,-2.315791668880434,4.977019476445271
0.46800000000000036,-0.27360590935012813,-2.297829058223236,5.005714401858217
0.47000000000000036,-0.27818345861115135,-2.2797050170215902,5.0338881517245175
0.47200000000000036,-0.28272460035419233,-2.2614216806234215,5.061539603133104
0.47400000000000037,-0.2872290181313759,-2.2429811924299408,5.088667684165345
0.47600000000000037,-0.2916963997894001,-2.224385703581989,5.1152713737437
0.47800000000000037,-0.2961264374847034,-2.2056373726483867,5.14134970147599
0.48000000000000037,-0.300518827698011,-2.186738365316376,5.166901747495421
0.4820000000000004,-0.30487327124826386,-2.167690854084247,5.191926642296487
0.4840000000000004,-0.30918947330593527,-2.1484970179562297,5.216423566566886
0.4860000000000004,-0.31346714340573995,-2.1291590421397335,5.240391751015583
0.4880000000000004,-0.3177059954587394,-2.109679117745016,5.263830476197133
0.4900000000000004,-0.3219057477638497,-2.0900594414873526,5.286739072332409
0.4920000000000004,-0.32606612301875587,-2.070302215391786,5.30911691912585
0.4940000000000004,-0.33018684833023815,-2.0504096465005155,5.330963445579345
0.4960000000000004,-0.33426765522391644,-2.0303839465830027,5.352278129802897
0.4980000000000004,-0.3383082796534171,-2.0102273318488515,5.373060498822167
0.5000000000000003,-0.3423084620089686,-1.9899420226635245,5.393310128383023
0.5020000000000003,-0.34626794712543135,-1.9695302432669521,5.41302664275321
0.5040000000000003,-0.350186484289768,-1.9489942214950913,5.4322097145212656
0.5060000000000003,-0.35406382724795943,-1.9283361885044825,5.4508590643927715
0.5080000000000003,-0.3578997342113731,-1.9075583784998555,5.468974460984077
0.5100000000000003,-0.3616939678625899,-1.8866630284648267,5.486555720613587
0.5120000000000003,-0.36544629536069506,-1.8656523778957335,5.503602707090725
0.5140000000000003,-0.3691564883460403,-1.8445286685386415,5.520115331502684
0.5160000000000003,-0.37282432294448314,-1.8232941441295645,5.536093551999045
0.5180000000000003,-0.37644957977110954,-1.801951050137927,5.551537373574396
0.5200000000000004,-0.38003204393344725,-1.7805016335133024,5.566446847849022
0.5220000000000004,-0.38357150503417553,-1.7589481424354527,5.580822072847775
0.5240000000000004,-0.3870677571733386,-1.737292826067696,5.594663192777208
0.5260000000000004,-0.3905205989500688,-1.7155379343136217,5.607970397801082
0.5280000000000004,-0.39392983346382693,-1.6936857175771722,5.6207439238143095
0.5300000000000004,-0.3972952683151658,-1.6717384265261115,5.632984052215441
0.5320000000000004,-0.4006167156060244,-1.6496983118588875,5.64469110967777
0.5340000000000004,-0.4038939919395589,-1.6275676240749049,5.655865467919131
0.5360000000000004,-0.4071269184195179,-1.6053486132482118,5.666507543470494
0.5380000000000004,-0.4103153206491685,-1.58304352880461,5.676617797443391
0.5400000000000004,-0.41345902872977935,-1.5606546193021882,5.686196735296295
0.5420000000000004,-0.4165578772586694,-1.5381841322152794,5.6952449065999815
0.5440000000000004,-0.41961170532682673,-1.5156343137218429,5.703762904801973
0.5460000000000004,-0.42262035651610647,-1.4930074084942622,5.71175136699011
0.5480000000000004,-0.42558367889601323,-1.4703056594935549,5.7192109736553265
0.5500000000000004,-0.4285015250200755,-1.4475313077669838,5.726142448453687
0.5520000000000004,-0.43137375192181876,-1.4246865922490586,5.732546557967739
0.5540000000000004,-0.4342002211103439,-1.4017737495659124,5.738424111467246
0.5560000000000004,-0.43698079856551764,-1.37879501384304,5.7437759606693515
0.5580000000000004,-0.439715354732782,-1.3557526165163771,5.748602999498217
0.5600000000000004,-0.442403764517589,-1.3326487861467011,5.752906163844197
0.5620000000000004,-0.4450459072794677,-1.3094857482373312,5.756686431322591
0.5640000000000004,-0.44764166682572976,-1.2862657250551046,5.7599448210320086
0.5660000000000004,-0.4501909314048203,-1.2629909354546,5.762682393312403
0.5680000000000004,-0.4526935936993204,-1.2396635947055832,5.764900249502803
0.5700000000000004,-0.4551495508186076,-1.216285914323643,5.7665995316987875
0.5720000000000004,-0.45755870429118095,-1.1928601019039873,5.767781422509719
0.5740000000000004,-0.4599209600566569,-1.169388360958364,5.768447144815797
0.5760000000000004,-0.4622362284574417,-1.1458728907550748,5.768597961524933
0.5780000000000004,-0.46450442423008753,-1.1223158861620428,5.768235175329492
0.5800000000000004,-0.466725466496337,-1.098719537492897,5.767360128462918
0.5820000000000004,-0.46889927875386356,-1.0750860303560348,5.765974202456268
0.5840000000000004,-0.4710257888667126,-1.05141754550662,5.764078817894671
0.5860000000000004,-0.4731049290554494,-1.0277162587014768,5.761675434173746
0.5880000000000004,-0.4751366358870198,-1.0039843405568336,5.758765549255971
0.5900000000000004,-0.47712085026432943,-0.9802239564088737,5.755350699427032
0.5920000000000004,-0.47905751741554625,-0.956437266177046,5.751432459052168
0.5940000000000004,-0.48094658688313296,-0.9326264242300905,5.747012440332508
0.5960000000000004,-0.482788012512614,-0.908793579254728,5.74209229306142
0.5980000000000004,-0.48458175244108226,-0.8849408741269689,5.736673704380868
0.6000000000000004,-0.48632776908545133,-0.8610704457859858,5.730758398537791
0.6020000000000004,-0.488026029130458,-0.8371844251105056,5.724348136640499
0.6040000000000004,-0.4896765035164197,-0.8132849367976638,5.717444716415086
0.6060000000000004,-0.4912791674267526,-0.7893740992442724,5.710049971961861
0.6080000000000004,-0.49283400027525387,-0.7654540244304471,5.702165773511798
0.6100000000000004,-0.4943409856931543,-0.7415268178055401,5.693794027182986
0.6120000000000004,-0.4958001115159446,-0.717594578176324,5.6849366747370835
0.6140000000000004,-0.4972113697699803,-0.6936593975973734,5.67559569333577
0.6160000000000004,-0.49857475665886963,-0.6697233612635871,5.665773095297176
0.6180000000000004,-0.4998902725496486,-0.6457885474047964,5.655470927852283
0.6200000000000004,-0.5011579219587471,-0.6218570271824034,5.644691272901282
0.6220000000000004,-0.5023777135377507,-0.5979308645879924,5.633436246769874
0.6240000000000004,-0.5035496600589613,-0.5740121163438575,5.6217079999654995
0.6260000000000004,-0.5046737784007603,-0.5501028318053914,5.609508716933471
0.6280000000000004,-0.5057500895327794,-0.5262050528652755,5.596840615812995
0.6300000000000004,-0.5067786185008805,-0.502320813859416,5.58370594819307
0.6320000000000005,-0.5077593944119497,-0.4784521414745688,5.570106998868221
0.6340000000000005,-0.5086924504185083,-0.4546010546575952,5.556046085594066
0.6360000000000005,-0.5095778237031433,-0.43076956452629067,5.541525558842678
0.6380000000000005,-0.5104155554627618,-0.40695967428173135,5.526547801557723
0.6400000000000005,-0.5112056908926713,-0.3831733791220791,5.51111522890935
0.6420000000000005,-0.5119482791704885,-0.3594126661577897,5.495230288048792
0.6440000000000005,-0.5126433734398804,-0.33567951432816656,5.4788954578626745
0.6460000000000005,-0.5132910307941405,-0.31197589431920403,5.462113248726971
0.6480000000000005,-0.5138913122596,-0.28830376848266365,5.444886202260609
0.6500000000000005,-0.5144442827788805,-0.264665090756328,5.427216891078664
0.6520000000000005,-0.5149500111939868,-0.2410618065853762,5.409107918545133
0.6540000000000005,-0.5154085702292438,-0.21749585284482623,5.390561918525244
0.6560000000000005,-0.5158200364740805,-0.19396915776298937,5.371581555137264
0.6580000000000005,-0.51618449036566,-0.1704836408458827,5.352169522503794
0.6600000000000005,-0.516502016171361,-0.14704121280254592,5.3323285445024835
0.6620000000000005,-0.5167727019711091,-0.12364377547120972,5.312061374516157
0.6640000000000005,-0.5169966396395629,-0.10029322174626276,5.291370795182301
0.6660000000000005,-0.5171739248281534,-0.07699143550596602,5.270259618141892
0.6680000000000005,-0.5173046569469807,-0.0537402915408631,5.2487306837875
0.6700000000000005,-0.5173889391465673,-0.03054165548283599,5.22678686101067
0.6720000000000005,-0.5174268782994704,-0.007397383734756825,5.204431046948509
0.6740000000000005,-0.5174185849817544,0.01569067659931351,5.181666166729461
0.6760000000000005,-0.5173641734543237,0.03872068778342781,5.15849517321823
0.6780000000000005,-0.5172637616441178,0.06169082151860354,5.134921046759809
0.6800000000000005,-0.5171174711251688,0.08459925901126857,5.110946794922574
0.6820000000000005,-0.5169254270995227,0.10744419104134735,5.08657545224042
0.6840000000000005,-0.5166877583780248,0.13022381803003213,5.061810079953879
0.6860000000000005,-0.5164045973609696,0.15293635010728274,5.036653765750216
0.6880000000000005,-0.5160760800186158,0.17558000717909772,5.011109623502413
0.6900000000000005,-0.5157023458715678,0.19815301899459864,4.985180793007061
0.6920000000000005,-0.5152835379710222,0.22065362521296789,4.95887043972108
0.6940000000000005,-0.5148198028788809,0.24308007547028,4.932181754497254
0.6960000000000005,-0.5143112906477308,0.2654306294462647,4.905117953318529
0.6980000000000005,-0.5137581548006901,0.2877035569310395,4.8776822770310435
0.7000000000000005,-0.5131605523111202,0.3098971378918475,4.849877991075862
0.7020000000000005,-0.5125186435822058,0.33200966253983666,4.821708385219355
0.7040000000000005,-0.5118325924263993,0.3540394313969136,4.793176773282221
0.7060000000000005,-0.5111025660447333,0.37598475536270526,4.76428649286708
0.7080000000000005,-0.5103287350059976,0.3978439557816603,4.7350409050846265
0.7100000000000005,-0.5095112732257829,0.4196153645103201,4.7054433942783165
0.7120000000000005,-0.508650357945389,0.44129732398478916,4.67549736774751
0.7140000000000005,-0.5077461697105983,0.4628881872884327,4.645206255469102
0.7160000000000005,-0.5067988923503132,0.4843863182198282,4.614573509817551
0.7180000000000005,-0.5058087129550579,0.5057900913609966,4.583602605283303
0.7200000000000005,-0.5047758218553432,0.5270978921459367,4.552297038189582
0.7220000000000005,-0.5037004125998936,0.5483081169294866,4.520660326407495
0.7240000000000005,-0.5025826819337367,0.5694191730565326,4.48869600906945
0.7260000000000005,-0.5014228297761536,0.5904294789315874,4.456407646280834
0.7280000000000005,-0.5002210591984904,0.6113374640887549,4.423798818829948
0.7300000000000005,-0.4989775764018279,0.6321415692621002,4.390873127896149
0.7320000000000005,-0.49769259069451194,0.6528402464564409,4.357634194756178
0.7340000000000005,-0.49636631446954044,0.6734319590185742,4.324085660488679
0.7360000000000005,-0.494998963181808,0.6939151817089543,4.290231185676831
0.7380000000000005,-0.49359075532520685,0.7142884007738306,4.256074450109126
0.7400000000000005,-0.4921419124095825,0.7345501140178597,4.221619152478238
0.7420000000000005,-0.49065265893754434,0.7546988308771988,4.186869010077966
0.7440000000000005,-0.48912322238112915,0.7747330724930891,4.151827758498245
0.7460000000000006,-0.48755383315831713,0.7946513717859367,4.1164991513182025
0.7480000000000006,-0.4859447246093991,0.8144522735298951,4.080886959797235
0.7500000000000006,-0.4842961329731942,0.834134334427954,4.044994972564096
0.7520000000000006,-0.4826082973631167,0.8536961231875365,4.008826995303988
0.7540000000000006,-0.48088145974309154,0.8731362205966062,3.972386850443631
0.7560000000000006,-0.47911586490331654,0.8924532196002841,3.935678376834309
0.7580000000000006,-0.4773117604358713,0.9116457253779728,3.898705429432881
0.7600000000000006,-0.4754693967101713,0.9307123554209866,3.8614718789807405
0.7620000000000006,-0.47358902684826604,0.9496517396106814,3.8239816116807264
0.7640000000000006,-0.4716709066999805,0.9684625202970802,3.786238528871979
0.7660000000000006,-0.4697152948178992,0.9871433523779869,3.7482465467027253
0.7680000000000006,-0.4677224524321909,1.0056929033785782,3.7100095958010053
0.7700000000000006,-0.4656926434252743,1.0241098535314679,3.6715316209433313
0.7720000000000006,-0.46362613430632255,1.0423928958572273,3.6328165807212747
0.7740000000000006,-0.46152319418560694,1.0605407362453547,3.593868447205998
0.7760000000000006,-0.4593840947486776,1.0785520935356763,3.5546912056107143
0.7780000000000006,-0.4572091102303813,1.0964256996001647,3.515288853951099
0.7800000000000006,-0.45499851738871516,1.1141602994251605,3.4756654027036484
0.7820000000000006,-0.45275259547851554,1.1317546511939776,3.435824874461991
0.7840000000000006,-0.4504716262249812,1.1492075263698731,3.395771303591178
0.7860000000000006,-0.44815589379703047,1.1665177097793642,3.355508735879939
0.7880000000000006,-0.4458056847804912,1.1836839996958681,3.3150412281909407
0.7900000000000006,-0.4434212881511232,1.200705207923645,3.2743728481090435
0.7920000000000006,-0.4410029952474725,1.2175801598820188,3.2335076735875865
0.7940000000000006,-0.43855109974355705,1.2343076946898506,3.192449792592706
0.7960000000000006,-0.436065897621383,1.2508866652502422,3.15120330274572
0.7980000000000006,-0.43354768714329156,1.267315938335438,3.1097723109635877
0.8000000000000006,-0.43099676882413585,1.283594394671901,3.068160933097478
0.8020000000000006,-0.4284134454032873,1.2997209290255318,3.026373293569457
0.8040000000000006,-0.42579802181647175,1.315694450287,2.9844135250073416
0.8060000000000006,-0.42315080516743453,1.3315138815571592,2.942285767877717
0.8080000000000006,-0.4204721046994349,1.3471781602325097,2.8999941701171865
0.8100000000000006,-0.4177622317665694,1.362686238090679,2.8575428867618395
0.8120000000000006,-0.41502149980492414,1.3780370813758844,2.8149360795750153
0.8140000000000006,-0.4122502243035566,1.3932296708843415,2.772177916673357
0.8160000000000006,-0.4094487227753063,1.4082630020495845,2.729272572151224
0.8180000000000006,-0.40661731472743506,1.4231360850276609,2.686224225703479
0.8200000000000006,-0.40375632163209724,1.4378479447821615,2.64303706224669
0.8220000000000006,-0.4008660668966398,1.4523976211690486,2.5997152715388108
0.8240000000000006,-0.39794687583373306,1.4667841690212435,2.556263047797349
0.8260000000000006,-0.39499907563133274,1.4810066582329307,2.5126845893160867
0.8280000000000006,-0.3920229953224735,1.4950641738435408,2.4689840980803965
0.8300000000000006,-0.3890189657548947,1.5089558161213692,2.425165779381194
0.8320000000000006,-0.3859873195605,1.522680700646788,2.381233841427578
0.8340000000000006,-0.38292839112465,1.5362379583950103,2.3371924949582117
0.8360000000000006,-0.3798425165552909,1.5496267358183617,2.2930459528514895
0.8380000000000006,-0.3767300336519181,1.562846194928015,2.2487984297345474
0.8400000000000006,-0.37359128187437773,1.5758955133751458,2.204454141591166
0.8420000000000006,-0.37042660231150615,1.5887738845314618,2.1600173053686316
0.8440000000000006,-0.3672363376496089,1.601480517569063,2.1154921385835994
0.8460000000000006,-0.364020832140781,1.614014637539583,2.0708828589270256
0.8480000000000006,-0.3607804315710695,1.626375485452571,2.026193683868227
0.8500000000000006,-0.35751548322847987,1.6385623183530629,1.9814288302581238
0.8520000000000006,-0.35422633587082875,1.6505744093982984,1.936592513931736
0.8540000000000006,-0.35091333969344335,1.6624110479335352,1.8916889493099889
0.8560000000000006,-0.3475768462967108,1.6740715395669143,1.8467223490008984
0.8580000000000007,-0.3442172086534784,1.6855552062433283,1.8016969234001938
0.8600000000000007,-0.3408347810763072,1.6968613863172455,1.7566168802914557
0.8620000000000007,-0.3374299191845814,1.7079894346244437,1.7114864244458268
0.8640000000000007,-0.33400297987147465,1.7189387225526038,1.6663097572213699
0.8660000000000007,-0.3305543212707773,1.729708638110717,1.6210910761621424
0.8680000000000007,-0.3270843027235851,1.7402985859972584,1.575834574597056
0.8700000000000007,-0.3235932847448536,1.7507079876670784,1.5305444412385922
0.8720000000000007,-0.3200816289898198,1.7609362813969662,1.485224859781458
0.8740000000000007,-0.3165496982202937,1.7709829223498366,1.4398800085012318
0.8760000000000007,-0.31299785627082355,1.780847382637493,1.3945140598531007
0.8780000000000007,-0.3094264680147365,1.7905291513819235,1.3491311800707424
0.8800000000000007,-0.3058358993300584,1.8000277347750766,1.3037355287654415
0.8820000000000007,-0.3022265170653156,1.8093426561370785,1.2583312585255075
0.8840000000000007,-0.2985986890052219,1.8184734559728395,1.2129225145160776
0.8860000000000007,-0.2949527838362538,1.8274196920270085,1.1675134340793796
0.8880000000000007,-0.2912891711121178,1.8361809393372277,1.1221081463355294
0.8900000000000007,-0.2876082212191126,1.8447567902856448,1.07671077178395
0.8920000000000007,-0.2839103053413905,1.8531468546486383,1.0313254219054815
0.8940000000000007,-0.2801957954261205,1.8613507596447116,0.9859561987652667
0.8960000000000007,-0.27646506414855826,1.8693681499805148,0.9406071946164933
0.8980000000000007,-0.27271848487702527,1.8771986878949496,0.8952824915050677
0.9000000000000007,-0.26895643163780225,1.8848420532013177,0.849986160875303
0.9020000000000007,-0.2651792790799398,1.8922979433274711,0.8047222631767046
0.9040000000000007,-0.2613874024399912,1.899566073353924,0.7594948474719272
0.9060000000000007,-0.25758117750667076,1.9066461760498872,0.714307951045988
0.9080000000000007,-0.2537609805854424,1.9135380019071861,0.6691655990168204
0.9100000000000007,-0.24992718846304227,1.9202413191720251,0.6240718039472377
0.9120000000000007,-0.24608017837194043,1.926755913874561,0.5790305654583974
0.9140000000000007,-0.24222032795474527,1.9330815898562488,0.5340458698448436
0.9160000000000007,-0.2383480152285556,1.9392181687949281,0.48912168969120406
0.9180000000000007,-0.2344636185492649,1.9451654902276112,0.4442619834906276
0.9200000000000007,-0.23056751657582228,1.9509234115709428,0.399470695265038
0.9220000000000007,-0.22666008823445485,1.9564918081393,0.3547517541872798
0.9240000000000007,-0.22274171268285634,1.9618705731604986,0.3101090742052486
0.9260000000000007,-0.21881276927434662,1.9670596177890798,0.26554655366806457
0.9280000000000007,-0.21487363752200725,1.9720588711171436,0.22106807495438652
0.9300000000000007,-0.21092469706279765,1.976868280182706,0.1766775041029287
0.9320000000000007,-0.2069663276216572,1.9814878099755504,0.1323786904452704
0.9340000000000007,-0.2029989089755981,1.9859174434405498,0.08817546624102168
0.9360000000000007,-0.19902282091779416,1.9901571814784333,0.044071646315431146
0.9380000000000007,-0.19503844322167058,1.9942070429439775,7.102769950839694e-05
0.9400000000000007,-0.191046155605,1.998067064641598,-0.04382261072727189
0.9420000000000007,-0.1870463376940099,2.001737301318321,-0.08760550859159788
0.9440000000000007,-0.18303936898750695,2.0052178256541198,-0.13127392437822172
0.9460000000000007,-0.17902562882102283,2.0085087282495917,-0.17482413577905032
0.9480000000000007,-0.1750054963309879,2.011610117610966,-0.2182524400393635
0.9500000000000007,-0.1709793504189372,2.0145221201324213,-0.261555154301087
0.9520000000000007,-0.1669475697157547,2.017244880075704,-0.30472861594304934
0.9540000000000007,-0.16291053254596088,2.0197785595470337,-0.34776918291815706
0.9560000000000007,-0.15886861689204934,2.02212333847128,-0.3906732340874248
0.9580000000000007,-0.15482220035887767,2.0242794145634107,-0.4334371695507866
0.9600000000000007,-0.15077166013811827,2.026247003297192,-0.47605741097463383
0.9620000000000007,-0.1467173729727745,2.028026337871143,-0.5185304019160093
0.9640000000000007,-0.14265971512176762,2.0296176691717345,-0.560852608143398
0.9660000000000007,-0.13859906232460004,2.0310212657338274,-0.6030205179540582
0.9680000000000007,-0.13453578976610067,2.032237413698351,-0.6450306424878269
0.9700000000000008,-0.13047027204125747,2.033266416767219,-0.6868795160373442
0.9720000000000008,-0.12640288312014297,2.034108596155482,-0.7285636963546445
0.9740000000000008,-0.12233399631293833,2.034764290540718,-0.7700797649540525
0.9760000000000008,-0.11826398423506122,2.035233856009667,-0.8114243274113349
0.9780000000000008,-0.1141932187724034,2.035517666002111,-0.8525940136590549
0.9800000000000008,-0.11012207104668306,2.035616111252007,-0.8935854782780768
0.9820000000000008,-0.1060509113809178,2.035529599725879,-0.9343954007851762
0.9840000000000008,-0.10198010926502346,2.0352585565584795,-0.9750204859167011
0.9860000000000008,-0.09791003332154444,2.034803423985726,-1.015457463908245
0.9880000000000008,-0.09384105127152075,2.0341646612749313,-1.0557030907702813
0.9900000000000008,-0.08977352990049736,2.033342744652335,-1.095754148559724
0.9920000000000008,-0.08570783502468121,2.03233816722795,-1.1356074456473615
0.9940000000000008,-0.08164433145725108,2.031151438917742,-1.175259816981138
0.9960000000000008,-0.07758338297482587,2.0297830863631603,-1.2147081243452313
0.9980000000000008,-0.07352535228409637,2.0282336528480323,-1.2539492566149018
1.0000000000000007,-0.06947060098862594,2.026503698212846,-1.2929801300070685
1.0020000000000007,-0.06541948955582509,2.0245937987664417,-1.3317976883265867
1.0040000000000007,-0.06137237728410543,2.0225045471951284,-1.3703989032081907
1.0060000000000007,-0.05732962227021775,2.020236552469258,-1.4087807743540741
1.0080000000000007,-0.053291581376779584,2.017790439747274,-1.4469403297670804
1.0100000000000007,-0.049258610199997194,2.0151668502772613,-1.484874625979478
1.0120000000000007,-0.04523106303758684,2.0123664412960305,-1.5225807482772893
1.0140000000000007,-0.04120929285690039,2.0093898859257537,-1.560055810920162
1.0160000000000007,-0.03719365126326009,2.0062378730681933,-1.59729695735675
1.0180000000000007,-0.033184488468507176,2.0029111072965433,-1.6343013604355925
1.0200000000000007,-0.02918215325976926,1.999410308744921,-1.6710662226114716
1.0220000000000007,-0.02518699296845099,1.995736212995541,-1.7075887761472286
1.0240000000000007,-0.021199353439452673,1.9918895709636006,-1.743866283311031
1.0260000000000007,-0.017219579000621377,1.9878711487799172,-1.779896036569074
1.0280000000000007,-0.013248012432438994,1.9836817276713483,-1.8156753587737033
1.0300000000000007,-0.009284994937951622,1.9793221038390327,-1.8512016033469583
1.0320000000000007,-0.00533086611294462,1.9747930883344909,-1.8864721544595164
1.0340000000000007,-0.0013859639163675778,1.9700955069336203,-1.9214844272050446
1.0360000000000007,0.0025493753589866403,1.965230200008628,-1.9562358677699445
1.0380000000000007,0.006474817115544692,1.9601980223979358,-1.9907239535984944
1.0400000000000007,0.010390028479753368,1.954999843274106,-2.0249461935533826
1.0420000000000007,0.014294678330614116,1.94963654600982,-2.05890012807164
1.0440000000000007,0.018188437327947605,1.94410902804196,-2.092583329315961
1.0460000000000007,0.0220709779403846,1.938418200733832,-2.125993401321436
1.0480000000000007,0.02594197447307945,1.9325649892355754,-2.159127980137678
1.0500000000000007,0.029801103095142657,1.9265503323428024,-2.19198473396637
1.0520000000000007,0.03364804186678893,1.9203751823535133,-2.224561363294229
1.0540000000000007,0.03748247076619745,1.9140405049233324,-2.2568556010214027
1.0560000000000007,0.04130407171608092,1.9075472789191088,-2.288865212585307
1.0580000000000007,0.045112528609960255,1.9008964962709316,-2.320587996079918
1.0600000000000007,0.04890752733814172,1.8940891618226032,-2.3520217823705343
1.0620000000000007,0.05268875581339357,1.8871262931806199,-2.38316443520402
1.0640000000000007,0.05645590399631914,1.8800089205617059,-2.4140138513145555
1.0660000000000007,0.060208663920423636,1.8727380866389503,-2.444567960524897
1.0680000000000007,0.06394672971687182,1.8653148463865932,-2.4748247258431864
1.0700000000000007,0.06766979763893399,1.857740266923512,-2.5047821435553113
1.0720000000000007,0.07137756608611767,1.8500154273554528,-2.534438243312852
1.0740000000000007,0.0750697356279825,1.8421414186160612,-2.5637910882166297
1.0760000000000007,0.07874600902763608,1.8341193433067555,-2.592838774895886
1.0780000000000007,0.08240609126490846,1.825950315535497,-2.621579433583116
1.0800000000000007,0.08604968955920304,1.8176354607545022,-2.6500112281845816
1.0820000000000007,0.08967651339202198,1.80917591559695,-2.6781323563465325
1.0840000000000007,0.09328627452916397,1.8005728277127309,-2.70594104951717
1.0860000000000007,0.09687868704259256,1.7918273556032875,-2.7334355730043702
1.0880000000000007,0.10045346733197351,1.7829406684555982,-2.760614226029213
1.0900000000000007,0.104010334145879,1.77391394597535,-2.787475341775333
1.0920000000000007,0.10754900860265766,1.7647483782193516,-2.81401728743414
1.0940000000000007,0.11106921421096858,1.7554451654272365,-2.840238464245928
1.0960000000000008,0.11457067688997806,1.7460055178525016,-2.8661373075369223
1.0980000000000008,0.11805312498921793,1.7364306555929343,-2.8917122867522824
1.1000000000000008,0.12151628930810399,1.7267218084204732,-2.9169619054851132
1.1020000000000008,0.12495990311511375,1.716880215610552,-2.941884701501513
1.1040000000000008,0.1283837021666224,1.7069071257709745,-2.96647924676169
1.1060000000000008,0.13178742472539604,1.6968037966703673,-2.9907441474371987
1.1080000000000008,0.13517081157874142,1.6865714950662587,-3.0146780439243277
1.1100000000000008,0.1385336060563116,1.6762114965328287,-3.0382796108536727
1.1120000000000008,0.14187555404756672,1.6657250852883794,-3.0615475570959445
1.1140000000000008,0.14519640401888956,1.6551135540225677,-3.0844806257640465
1.1160000000000008,0.14849590703035526,1.6443782037234504,-3.1070775942114635
1.1180000000000008,0.1517738167521551,1.633520343504383,-3.1293372740270033
1.1200000000000008,0.1550298894806739,1.6225412904308179,-3.151258511025934
1.1220000000000008,0.15826388415422094,1.6114423693470465,-3.1728401852375567
1.1240000000000008,0.1614755623684144,1.6002249127029293,-3.194081210889256
1.1260000000000008,0.16466468839121923,1.588890260380653,-3.214980536387073
1.1280000000000008,0.16783102917763867,1.5774397595215621,-3.235537144292845
1.1300000000000008,0.1709743543840595,1.5658747643531026,-3.255750051297949
1.1320000000000008,0.17409443638225122,1.5541966360159203,-3.275618308193698
1.1340000000000008,0.17719105027301987,1.542406742391154,-3.2951409998384324
1.1360000000000008,0.18026397389951646,1.5305064579279632,-3.3143172451213525
1.1380000000000008,0.1833129878602007,1.518497163471328,-3.3331461969231277
1.1400000000000008,0.1863378755214608,1.5063802460901612,-3.3516270420733347
1.1420000000000008,0.18933842302988982,1.4941570989057689,-3.3697590013047694
1.1440000000000008,0.19231441932421908,1.4818291209206966,-3.3875413292046668
1.1460000000000008,0.19526565614691,1.4693977168479968,-3.4049733141628877
1.1480000000000008,0.1981919280554047,1.4568642969409522,-3.4220542783170966
1.1500000000000008,0.20109303243303667,1.4442302768232915,-3.4387835774949993
1.1520000000000008,0.2039687694996023,1.4314970773199285,-3.455160601153658
1.1540000000000008,0.20681894232159453,1.418666124288258,-3.4711847723159517
1.1560000000000008,0.20964335682209956,1.405738848450042,-3.486855547504203
1.1580000000000008,0.212441821790358,1.3927166852239157,-3.502172416671038
1.1600000000000008,0.21521414889099183,1.379601074558544,-3.517134903127496
1.1620000000000008,0.21796015267289803,1.3663934607664576,-3.5317425634684625
1.1640000000000008,0.2206796505778109,1.3530952923585973,-3.5459949874954377
1.1660000000000008,0.22337246294853397,1.339708021879596,-3.5598917981367064
1.1680000000000008,0.22603841303684344,1.3262331057438224,-3.5734326513649357
1.1700000000000008,0.22867732701106433,1.3126720040722129,-3.586617236112257
1.1720000000000008,0.23128903396332115,1.29902618052992,-3.599445274182856
1.1740000000000008,0.2338733659164647,1.2852971021647965,-3.6119165201631316
1.1760000000000008,0.23643015783067678,1.2714862392467428,-3.624030761329444
1.1780000000000008,0.23895924760975434,1.257595065107937,-3.6357878175535108
1.1800000000000008,0.2414604761070751,1.243625055983972,-3.6471875412054806
1.1820000000000008,0.2439336871312463,1.229577690855918,-3.658229817054723
1.1840000000000008,0.24637872745143857,1.2154544512933299,-3.668914562168381
1.1860000000000008,0.24879544680240673,1.2012568212982226,-3.6792417258077155
1.1880000000000008,0.25118369788919953,1.186986287150027,-3.68921128932229
1.1900000000000008,0.25354333639156046,1.1726443372515465,-3.698823266042022
1.1920000000000008,0.25587422096802104,1.1582324619759305,-3.7080777011671513
1.1940000000000008,0.25817621325968976,1.1437521535146804,-3.716974671656141
1.1960000000000008,0.2604491778937374,1.1292049057267002,-3.7255142861115775
1.1980000000000008,0.26269298248658196,1.1145922139884092,-3.733696684664074
1.2000000000000008,0.2649074976467748,1.099915575044927,-3.741522038854229
1.2020000000000008,0.2670925969775901,1.085176486862343,-3.748990551512675
1.2040000000000008,0.2692481570793199,1.070376448481084,-3.756102456638244
1.2060000000000008,0.27137405755127747,1.0555169598703862,-3.762858019274283
1.2080000000000009,0.27347018099350995,1.040599521783885,-3.769257535383161
1.2100000000000009,0.2755364130082241,1.0256256356163291,-3.7753013317189845
1.2120000000000009,0.2775726422009261,1.0105968032614272,-3.7809897656985703
1.2140000000000009,0.27957876018127814,0.9955145269708352,-3.786323225270688
1.2160000000000009,0.2815546615636746,0.9803803092142898,-3.7913021287836166
1.2180000000000009,0.2835002439675392,0.9651956525408928,-3.7959269248510354
1.2200000000000009,0.2854154080173461,0.9499620594415541,-3.800198092216285
1.2220000000000009,0.28730005734236697,0.9346810322125938,-3.804116139615015
1.2240000000000009,0.2891540985761463,0.9193540728205091,-3.8076816056362635
1.2260000000000009,0.29097744135570786,0.9039826827679084,-3.810895058581972
1.2280000000000009,0.29276999832049355,0.8885683629606133,-3.813757096324987
1.2300000000000009,0.29453168511103817,0.8731126135759313,-3.816268346165549
1.2320000000000009,0.2962624203673817,0.8576169339320985,-3.818429464686313
1.2340000000000009,0.2979621257272215,0.8420828223588928,-3.8202411376059158
1.2360000000000009,0.2996307258238072,0.8265117760694164,-3.8217040796311084
1.2380000000000009,0.30126814828358,0.8109052910330474,-3.822819034307488
1.2400000000000009,0.30287432372355944,0.7952648618495562,-3.8235867738688474
1.2420000000000009,0.304449185748479,0.7795919816243865,-3.8240080990851504
1.2440000000000009,0.3059926709476742,0.7638881418450958,-3.8240838391091767
1.2460000000000009,0.3075047188917238,0.7481548322589532,-3.8238148513218375
1.2480000000000009,0.30898527212884835,0.732393540751688,-3.8232020211761912
1.2500000000000009,0.3104342761810664,0.7166057532273873,-3.8222462620401716
1.252000000000001,0.31185167954011245,0.7007929534895332,-3.820948515038051
1.254000000000001,0.31323743366311774,0.6849566231231776,-3.8193097488906576
1.256000000000001,0.3145914929680565,0.6690982413782456,-3.817330959754355
1.258000000000001,0.31591381482896,0.6532192850539613,-3.81501317105881
1.260000000000001,0.3172043595709007,0.6373212283843888,-3.8123574333435615
1.262000000000001,0.31846309046474824,0.6214055429250804,-3.8093648240933957
1.264000000000001,0.31968997372170027,0.6054736974408244,-3.8060364475725628
1.266000000000001,0.32088497848758957,0.5895271577944817,-3.8023734346578273
1.268000000000001,0.3220480768369699,0.5735673868369063,-3.7983769426703775
1.270000000000001,0.32317924376698304,0.557595844297935,-3.794048155206605
1.272000000000001,0.32427845719100856,0.5416139866784411,-3.7893882819677653
1.274000000000001,0.32534569793209905,0.5256232671434397,-3.784398558588527
1.276000000000001,0.3263809497162023,0.5096251354162342,-3.77908024646443
1.278000000000001,0.32738419916517303,0.49362103767359494,-3.7734346325782573
1.280000000000001,0.3283554357895759,0.477612416441956,-3.7674630293253255
1.282000000000001,0.3292946519812819,0.4616007104946223,-3.761166774337715
1.284000000000001,0.33020184300586036,0.44558735474997313,-3.754547230307441
1.286000000000001,0.3310770069947681,0.4295737801706509,-3.747605784808577
1.288000000000001,0.331920144937338,0.41356141366372395,-3.740343850118332
1.290000000000001,0.3327312606725689,0.39755167798181007,-3.7327628630371037
1.292000000000001,0.3335103608807187,0.3815459916251491,-3.7248642847074995
1.294000000000001,0.33425745507470267,0.36554576874461214,-3.716649600432336
1.296000000000001,0.3349725555912983,0.3495524190456344,-3.7081203194916386
1.298000000000001,0.33565567758215936,0.3335673476930589,-3.6992779749586173
1.300000000000001,0.3363068390046405,0.3175919552168786,-3.6901241235146522
1.302000000000001,0.33692606061243374,0.3016276374188632,-3.6806603452632833
1.304000000000001,0.33751336594601994,0.28567578528005844,-3.670888243543201
1.306000000000001,0.3380687813229353,0.2697377848691439,-3.6608094447402575
1.308000000000001,0.3385923358278558,0.25381501725163685,-3.6504255980984968
1.310000000000001,0.339084061302501,0.23790885839992842,-3.639738375530195
1.312000000000001,0.33954399233535854,0.22202067910413914,-3.6287494714249386
1.314000000000001,0.33997216625123106,0.20615184488378052,-3.6174606024577245
1.316000000000001,0.34036862310060756,0.19030371590020953,-3.605873507396091
1.318000000000001,0.34073340564886023,0.1744776468698627,-3.593989946906285
1.320000000000001,0.34106655936526853,0.15867498697825683,-3.581811703358465
1.322000000000001,0.3413681324118721,0.14289707979474317,-3.569340580630942
1.324000000000001,0.34163817563215376,0.1271452631880021,-3.556578403913464
1.326000000000001,0.34187674253955463,0.1114208692422653,-3.54352701950954
1.328000000000001,0.3420838893058219,0.09572522417425283,-3.5301882946378114
1.330000000000001,0.3422596747491914,0.08005964825081219,-3.516564117232472
1.332000000000001,0.3424041603224063,0.06442545570724689,-3.502656395742726
1.334000000000001,0.34251741010057285,0.04882395466632229,-3.4884670589313096
1.336000000000001,0.3425994907688551,0.03325644705793609,-3.473998055672051
1.338000000000001,0.34265047161000933,0.017724228539441746,-3.4592513547464874
1.340000000000001,0.34267042449176,0.0022285884166126906,-3.4442289446395353
1.342000000000001,0.3426594238540181,-0.013229190434764327,-3.428932833334213
1.344000000000001,0.34261754669594346,-0.028647831646678203,-3.4133650481054167
1.346000000000001,0.3425448725628519,-0.04402606543607615,-3.3975276353127564
1.348000000000001,0.34244148353296866,-0.059362628681451035,-3.3814226601924426
1.350000000000001,0.3423074642040295,-0.07465626499884429,-3.365052206648236
1.352000000000001,0.3421429016797301,-0.08990572481727496,-3.348418377041451
1.354000000000001,0.34194788555602507,-0.10510976545360513,-3.331523291980026
1.356000000000001,0.34172250790727815,-0.12026715118685191,-3.314369090106646
1.358000000000001,0.34146686327226394,-0.13537665333195562,-3.2969579278859293
1.360000000000001,0.3411810486400231,-0.15043705031301371,-3.279291979390684
1.362000000000001,0.34086516343557094,-0.16544712773598969,-3.261373436087217
1.364000000000001,0.34051930950546194,-0.18040567846090574,-3.2432045066197195
1.366000000000001,0.3401435911032096,-0.19531150267352781,-3.224787416593714
1.368000000000001,0.33973811487456385,-0.21016340795655117,-3.206124408358568
1.370000000000001,0.33930298984264673,-0.22496020936029468,-3.187217740789087
1.372000000000001,0.33883832739294667,-0.23970072947291102,-3.1680696890661726
1.374000000000001,0.3383442412581732,-0.2543837984901204,-3.148682544456556
1.376000000000001,0.33782084750297253,-0.2690082542844743,-3.1290586140916115
1.378000000000001,0.3372682645085053,-0.2835729424741562,-3.109200220745251
1.380000000000001,0.3366866129568866,-0.29807671649132517,-3.0891097026108962
1.382000000000001,0.3360760158154906,-0.31251843765000803,-3.068789413077541
1.384000000000001,0.33543659832111905,-0.3268969752135459,-3.048241720504898
1.386000000000001,0.33476848796403574,-0.3412112064615998,-3.0274690079976443
1.388000000000001,0.33407181447186746,-0.3554600167567204,-3.006473673178758
1.390000000000001,0.3333467097933719,-0.3696422996104856,-2.9852581279619543
1.392000000000001,0.33259330808207405,-0.3837569567492105,-2.963824798323233
1.394000000000001,0.33181174567977145,-0.3978028981792327,-2.94217612407153
1.396000000000001,0.33100216109990926,-0.4117790422517765,-2.9203145586184815
1.398000000000001,0.330164695010826,-0.4256843157273985,-2.898242568747316
1.400000000000001,0.3292994902188711,-0.4395176538400169,-2.875962634380862
1.402000000000001,0.32840669165139436,-0.45327800036052623,-2.8534772483486943
1.404000000000001,0.32748644633960894,-0.4669643076599997,-2.830788916153417
1.406000000000001,0.3265389034013283,-0.48057553677247944,-2.80790015573609
1.408000000000001,0.3255642140235777,-0.49411065745735583,-2.7848134972408034
1.410000000000001,0.3245625314450818,-0.5075686482613362,-2.7615314827784214
1.412000000000001,0.3235340109386283,-0.5209484965800023,-2.7380566661894816
1.414000000000001,0.32247880979330934,-0.5342491987189573,-2.714391612806281
1.416000000000001,0.3213970872966404,-0.5474697599545592,-2.690538899214136
1.418000000000001,0.32028900471655875,-0.5606091945942417,-2.6665011130118446
1.420000000000001,0.31915472528330135,-0.57366652603642,-2.6422808525713455
1.422000000000001,0.3179944141711635,-0.5866407868299773,-2.6178807267965936
1.424000000000001,0.31680823848013867,-0.599531018733334,-2.5933033548816575
1.426000000000001,0.3155963672174411,-0.6123362727730919,-2.5685513660680526
1.428000000000001,0.314358971278911,-0.625055609302253,-2.543627399401319
1.430000000000001,0.313096223430304,-0.6376880980580089,-2.518534103486857
1.432000000000001,0.31180829828846574,-0.650232818219095,-2.4932741362450317
1.434000000000001,0.3104953723023915,-0.6626888584627076,-2.4678501646655624
1.436000000000001,0.30915762373417305,-0.6750553170209771,-2.4422648645612073
1.438000000000001,0.30779523263983277,-0.6873313017369921,-2.4165209203207536
1.440000000000001,0.3064083808500461,-0.6995159301203705,-2.3906210246613355
1.442000000000001,0.30499725195075367,-0.7116083294023701,-2.364567878380091
1.444000000000001,0.3035620312636629,-0.7236076365905322,-2.3383641901051666
1.446000000000001,0.30210290582664173,-0.7355129985228533,-2.3120126760460966
1.448000000000001,0.3006200643740039,-0.7473235719214759,-2.285516059743564
1.450000000000001,0.29911369731668747,-0.7590385234458916,-2.2588770718185627
1.452000000000001,0.2975839967223274,-0.7706570297456503,-2.232098449720983
1.454000000000001,0.2960311562952232,-0.7821782775125652,-2.2051829374776233
1.456000000000001,0.294455371356203,-0.7936014635324062,-2.1781332854396664
1.458000000000001,0.29285683882238406,-0.8049257947360742,-2.150952250029624
1.460000000000001,0.2912357571868323,-0.8161504882502449,-2.1236425934877663
1.462000000000001,0.2895923264981204,-0.8272747714474756,-2.096207083618078
1.464000000000001,0.2879267483397865,-0.8382978819957625,-2.068648493533728
1.466000000000001,0.2862392258096944,-0.8492190679075416,-2.0409696014021024
1.468000000000001,0.2845299634992964,-0.8600375875881211,-2.0131731901894026
1.470000000000001,0.2827991674727993,-0.8707527098835349,-1.9852620474048428
1.472000000000001,0.2810470452462362,-0.8813637141278086,-1.9572389648444584
1.474000000000001,0.2792738057664434,-0.891869890189624,-1.9291067383345533
1.476000000000001,0.2774796593899454,-0.9022705385183745,-1.90086816747481
1.478000000000001,0.2756648178617478,-0.9125649701895961,-1.8725260553810794
1.480000000000001,0.2738294942940403,-0.922752506949767,-1.8440832084278818
1.482000000000001,0.2719739031448108,-0.932832481260459,-1.8155424359906358
1.484000000000001,0.2700982601963714,-0.9428042363418339,-1.7869065501876489
1.486000000000001,0.26820278253379864,-0.9526671262154676,-1.7581783656218803
1.488000000000001,0.2662876885232885,-0.9624205157464946,-1.729360699122519
1.490000000000001,0.26435319779042765,-0.9720637806850562,-1.7004563694863903
1.492000000000001,0.262399531198383,-0.981596307707042,-1.6714681972192205
1.494000000000001,0.26042691082600977,-0.9910174944541119,-1.6423990042767878
1.496000000000001,0.25843555994588097,-1.0003267495729844,-1.6132516138059858
1.498000000000001,0.25642570300223855,-1.0095234927539796,-1.5840288498858253
1.500000000000001,0.2543975655888685,-1.0186071547688025,-1.554733537268406
1.5020000000000011,0.2523513744269009,-1.0275771775075544,-1.5253685011198828
1.5040000000000011,0.2502873573425371,-1.0364330140149585,-1.495936566761455
1.5060000000000011,0.24820574324470474,-1.045174128525786,-1.4664405594104124
1.5080000000000011,0.24610676210264323,-1.0537999964994706,-1.4368833039212612
1.5100000000000011,0.24399064492342054,-1.0623101046538956,-1.4072676245269617
1.5120000000000011,0.2418576237293833,-1.0707039509983418,-1.3775963445803099
1.5140000000000011,0.2397079315355419,-1.078981044865583,-1.347872286295491
1.5160000000000011,0.23754180232689223,-1.0871409069431137,-1.3180982704898359
1.5180000000000011,0.2353594710356758,-1.095183069303496,-1.2882771163258084
1.5200000000000011,0.23316117351858023,-1.1031070754338141,-1.258411641053262
1.5220000000000011,0.23094714653388143,-1.110912480264219,-1.2285046597519884
1.5240000000000011,0.22871762771853,-1.1185988501955537,-1.1985589850745955
1.5260000000000011,0.22647285556518293,-1.1261657631260438,-1.1685774269897464
1.5280000000000011,0.22421306939918317,-1.1336128084770378,-1.1385627925257855
1.5300000000000011,0.22193850935548848,-1.1409395872177892,-1.1085178855147937
1.5320000000000011,0.21964941635555174,-1.1481457118892613,-1.0784455063370955
1.5340000000000011,0.2173460320841547,-1.1552308066269454,-1.0483484516662562
1.5360000000000011,0.21502859896619703,-1.1621945071826774,-1.0182295142146016
1.5380000000000011,0.21269736014344273,-1.1690364609454404,-0.988091482479293
1.5400000000000011,0.21035255945122608,-1.175756326961142,-0.9579371404889867
1.5420000000000011,0.20799444139511886,-1.1823537759513494,-0.9277692675511187
1.5440000000000011,0.20562325112756136,-1.188828490330975,-0.8975906379998393
1.5460000000000012,0.203239234424459,-1.1951801642248963,-0.8674040209446385
1.5480000000000012,0.20084263766174668,-1.2014085034834998,-0.8372121800196937
1.5500000000000012,0.1984337077919234,-1.207513225697136,-0.8070178731339668
1.5520000000000012,0.19601269232055873,-1.2134940602094735,-0.776823852222098
1.5540000000000012,0.19357983928277392,-1.219350748129743,-0.7466328629961139
1.5560000000000012,0.19113539721969955,-1.2250830423438557,-0.7164476446979962
1.5580000000000012,0.18867961515491216,-1.2306907075243882,-0.6862709298531398
1.5600000000000012,0.18621274257085188,-1.2361735201394224,-0.6561054440247334
1.5620000000000012,0.18373502938522376,-1.2415312684602284,-0.6259539055690964
1.5640000000000012,0.18124672592738467,-1.2467637525677817,-0.5958190253920093
1.5660000000000012,0.17874808291471853,-1.2518707843581036,-0.565703506706065
1.5680000000000012,0.17623935142900193,-1.2568521875464143,-0.5356100447890817
1.5700000000000012,0.17372078289276274,-1.2617077976700917,-0.5055413267436051
1.5720000000000012,0.1711926290456338,-1.2664374620904235,-0.4755000312575357
1.5740000000000012,0.16865514192070458,-1.271041039993146,-0.4454888283659144
1.5760000000000012,0.16610857382087282,-1.2755184023877595,-0.41551037921389966
1.5780000000000012,0.16355317729519883,-1.2798694321056128,-0.3855673358209688
1.5800000000000012,0.1609892051152648,-1.284094023796749,-0.3556623408463755
1.5820000000000012,0.1584169102515417,-1.2881920839255043,-0.3257980273558989
1.5840000000000012,0.15583654584976628,-1.2921635307648525,-0.29597701858991265
1.5860000000000012,0.15324836520733057,-1.2960082943894893,-0.26620192773281026
1.5880000000000012,0.15065262174968647,-1.299726316667649,-0.23647535768381633
1.5900000000000012,0.14804956900676805,-1.303317551251647,-0.20679990082921562
1.5920000000000012,0.14543946058943402,-1.3067819635671445,-0.1771781388160334
1.5940000000000012,0.1428225501659329,-1.3101195308011258,-0.14761264232719573
1.5960000000000012,0.14019909143839357,-1.3133302418885882,-0.11810597085820329
1.5980000000000012,0.13756933811934374,-1.3164140974979366,-0.08866067249534759
1.6000000000000012,0.13493354390825887,-1.3193711100150793,-0.05927928369550073
1.6020000000000012,0.13229196246814431,-1.322201303526221,-0.029964329067509343
1.6040000000000012,0.12964484740215304,-1.3249047137993506,-0.0007183211552221902
1.6060000000000012,0.1269924522302418,-1.3274813882644196,0.028456239777820302
1.6080000000000012,0.12433503036586818,-1.3299313859922097,0.0575568659620016
1.6100000000000012,0.12167283509273129,-1.3322547776718863,0.08658108233352801
1.6120000000000012,0.11900611954155857,-1.3344516455872357,0.11552642674457347
1.6140000000000012,0.11633513666694155,-1.3365220835915887,0.14439045017164998
1.6160000000000012,0.113660139224223,-1.3384661970814231,0.17317071692217323
1.6180000000000012,0.11098137974643817,-1.340284102968651,0.2018648048391931
1.6200000000000012,0.1082991105213129,-1.3419759296515867,0.2304703055042694
1.6220000000000012,0.10561358356832097,-1.343541816984599,0.25898482443845783
1.6240000000000012,0.10292505061580352,-1.3449819162464443,0.28740598130138917
1.6260000000000012,0.10023376307815315,-1.3462963901072877,0.315731410088409
1.6280000000000012,0.09753997203306525,-1.3474854125944085,0.34395875932575626
1.6300000000000012,0.09484392819885919,-1.348549169056595,0.372085692263756
1.6320000000000012,0.09214588191187212,-1.3494878561272323,0.4001098870680031
1.6340000000000012,0.08944608310392788,-1.350301681686083,0.42802903700851114
1.6360000000000012,0.08674478127988357,-1.3509908648197673,0.45584085064680435
1.6380000000000012,0.08404222549525653,-1.3515556357809444,0.4835430520209316
1.6400000000000012,0.08133866433393426,-1.3519962359462023,0.5111333808283791
1.6420000000000012,0.07863434588596979,-1.3523129177726576,0.5386095926068597
1.6440000000000012,0.07592951772546518,-1.3525059447532728,0.5659694589129597
1.6460000000000012,0.07322442688854564,-1.3525755913708961,0.593210767498621
1.6480000000000012,0.07051931985142686,-1.3525221430510315,0.6203313224854398
1.6500000000000012,0.06781444250857804,-1.3523458961133419,0.6473289445367629
1.6520000000000012,0.06511004015098322,-1.3520471577218973,0.6742014710275614
1.6540000000000012,0.06240635744450329,-1.3516262458341715,0.7009467562120651
1.6560000000000012,0.0597036384083413,-1.3510834891487968,0.7275626713891385
1.6580000000000013,0.057002126393613496,-1.3504192270520865,0.7540471050653839
1.6600000000000013,0.05430206406202851,-1.3496338095633302,0.7803979631159516
1.6620000000000013,0.05160369336467721,-1.3487275972788748,0.8066131689430451
1.6640000000000013,0.04890725552093554,-1.3477009613149986,0.8326906636321028
1.6660000000000013,0.04621299099748289,-1.3465542832495891,0.8586284061056432
1.6680000000000013,0.04352113948743821,-1.3452879550626342,0.8844243732747603
1.6700000000000013,0.04083193988961638,-1.3439023790755389,0.9100765601882521
1.6720000000000013,0.03814563028790709,-1.3423979678892768,0.9355829801793751
1.6740000000000013,0.03546244793077856,-1.3407751443213893,0.960941665010206
1.6760000000000013,0.03278262921090844,-1.3390343413418433,0.9861506650136037
1.6780000000000013,0.030106409644944074,-1.3371760020077605,1.0112080492327589
1.6800000000000013,0.027434023853394468,-1.3352005793970299,1.03611190555832
1.6820000000000013,0.0247657055406561,-1.3331085365408168,1.0608603408630852
1.6840000000000013,0.022101687475174835,-1.3309003463549822,1.085451481134256
1.6860000000000013,0.019442201469746068,-1.3285764915704243,1.1098834716032338
1.6880000000000013,0.016787478361955238,-1.3261374646623585,1.1341544768729637
1.6900000000000013,0.014137747994760847,-1.3235837677785474,1.158262681042806
1.6920000000000013,0.011493239197222045,-1.3209159126664973,1.182206287830939
1.6940000000000013,0.008854179765372845,-1.3181344205996357,1.2059835206942768
1.6960000000000013,0.006220796443244996,-1.315239822302483,1.2295926229459073
1.6980000000000013,0.003593314904041489,-1.3122326578748365,1.253031857870033
1.7000000000000013,0.0009719597314626835,-1.3091134767149804,1.2762995088344216
1.7020000000000013,-0.0016430455988130331,-1.305882837441938,1.2993938794003534
1.7040000000000013,-0.004251478737492147,-1.3025413078167836,1.3223132934300683
1.7060000000000013,-0.0068531184798706155,-1.2990894646630275,1.345056095191705
1.7080000000000013,-0.009447744783878326,-1.295527893786095,1.3676206494617338
1.7100000000000013,-0.012035138787961617,-1.2918571898919107,1.3900053416248783
1.7120000000000013,-0.014615082828802093,-1.2880779565046112,1.4122085777715268
1.7140000000000013,-0.017187360458870003,-1.2841908058833986,1.434228784792632
1.7160000000000013,-0.019751756463810496,-1.2801963589385545,1.4560644104720986
1.7180000000000013,-0.022308056879661056,-1.2760952451466328,1.4777139235766594
1.7200000000000013,-0.024856049009898542,-1.2718881024648456,1.4991758139432434
1.7220000000000013,-0.027395521442314198,-1.2675755772446653,1.5204485925638311
1.7240000000000013,-0.029926264065715094,-1.263158324144656,1.5415307916678072
1.7260000000000013,-0.03244806808645049,-1.258637006042557,1.5624209648018068
1.7280000000000013,-0.03496072604476162,-1.2540122939466316,1.5831176869070618
1.7300000000000013,-0.037464031830953475,-1.2492848669063061,1.603619554394248
1.7320000000000013,-0.03995778070138713,-1.2444554119221112,1.623925185215841
1.7340000000000013,-0.04244176929429133,-1.2395246238549487,1.6440332189359825
1.7360000000000013,-0.04491579564539193,-1.2344932053347017,1.663942316797862
1.7380000000000013,-0.047379659203357856,-1.2293618666682053,1.683651161788621
1.7400000000000013,-0.049833160845062494,-1.2241313257465996,1.7031584587017838
1.7420000000000013,-0.05227610289065909,-1.2188023079520804,1.7224629341972246
1.7440000000000013,-0.05470828911846914,-1.2133755460640716,1.7415633368586714
1.7460000000000013,-0.05712952477968247,-1.2078517801648334,1.7604584372487628
1.7480000000000013,-0.059539616612868114,-1.2022317575445283,1.7791470279616581
1.7500000000000013,-0.061938372858294656,-1.196516232605764,1.7976279236732093
1.7520000000000013,-0.06432560327205926,-1.1907059667676314,1.8158999611887103
1.7540000000000013,-0.06670111914002426,-1.1848017283692582,1.8339619994882241
1.7560000000000013,-0.06906473329156035,-1.178804292572895,1.8518129197695008
1.7580000000000013,-0.07141626011309553,-1.1727144412665553,1.8694516254884985
1.7600000000000013,-0.07375551556146892,-1.1665329629662287,1.8868770423975105
1.7620000000000013,-0.07608231717708858,-1.1602606527176842,1.9040881185809178
1.7640000000000013,-0.07839648409689245,-1.1538983119978847,1.92108382448857
1.7660000000000013,-0.08069783706711196,-1.1474467486160307,1.9378631529668093
1.7680000000000013,-0.08298619845583712,-1.1409067766142524,1.9544251192871505
1.7700000000000014,-0.08526139226538285,-1.13427921616797,1.9707687611726237
1.7720000000000014,-0.08752324414445564,-1.1275648934859386,1.9868931388217985
1.7740000000000014,-0.08977158140012,-1.120764640709999,2.002797334930495
1.7760000000000014,-0.09200623300956413,-1.1138792958145516,2.0184804547111987
1.7780000000000014,-0.09422702963166432,-1.1069097025057728,2.033941625910193
1.7800000000000014,-0.09643380361834748,-1.0998567101205912,2.049179998822416
1.7820000000000014,-0.09862638902575147,-1.0927211735254414,2.064194746304066
1.7840000000000014,-0.10080462162518262,-1.0855039530148174,2.078985063782956
1.7860000000000014,-0.10296833891387035,-1.0782059142096376,2.093550169266644
1.7880000000000014,-0.10511738012551812,-1.0708279279554445,2.1078893033483412
1.7900000000000014,-0.10725158624065086,-1.0633708702204532,2.1220017292106257
1.7920000000000014,-0.10937079999675817,-1.0558356219934695,2.135886732626962
1.7940000000000014,-0.11147486589823337,-1.0482230691816916,2.149543621961051
1.7960000000000014,-0.11356363022610798,-1.0405341025084152,2.1629717281640253
1.7980000000000014,-0.11563694104758158,-1.0327696174106575,2.176170404769495
1.8000000000000014,-0.11769464822534682,-1.024930513936718,2.1891390278864735
1.8020000000000014,-0.11973660342670947,-1.0170176966436917,2.2018769961901863
1.8040000000000014,-0.12176266013250354,-1.0090320744949524,2.2143837309107863
1.8060000000000014,-0.12377267364580133,-1.0009745607576208,2.226658675819988
1.8080000000000014,-0.12576650110041834,-0.9928460729000353,2.238701297215634
1.8100000000000014,-0.12774400146921328,-0.9846475324892396,2.2505110839042186
1.8120000000000014,-0.1297050355721829,-0.9763798650885036,2.2620875471813724
1.8140000000000014,-0.13164946608435213,-0.968044000154893,2.273430220810333
1.8160000000000014,-0.13357715754345917,-0.9596408709369026,2.284538660998414
1.8180000000000014,-0.13548797635743615,-0.9511714143721681,2.295412446371494
1.8200000000000014,-0.13738179081168522,-0.9426365709852714,2.3060511779465296
1.8220000000000014,-0.1392584710761503,-0.9340372847856536,2.3164544791021235
1.8240000000000014,-0.14111788921218485,-0.92537450316565,2.3266219955471565
1.8260000000000014,-0.14295991917921577,-0.9166491767986611,2.336553395287498
1.8280000000000014,-0.14478443684120396,-0.9078622595374735,2.346248368590819
1.8300000000000014,-0.14659131997290142,-0.8990147083127437,2.355706627949513
1.8320000000000014,-0.1483804482659057,-0.8901074830316584,2.364927908041758
1.8340000000000014,-0.1501517033345119,-0.8811415464767844,2.3739119656907155
1.8360000000000014,-0.1519049687213622,-0.8721178642051199,2.3826585798219035
1.8380000000000014,-0.15364012990289425,-0.8630374044473612,2.391167551418742
1.8400000000000014,-0.1553570742945879,-0.8539011380073951,2.399438703476304
1.8420000000000014,-0.1570556912560113,-0.8447100381620308,2.407471880953274
1.8440000000000014,-0.15873587209566672,-0.8354650805609813,2.4152669507221436
1.8460000000000014,-0.1603975100756366,-0.8261672431271067,2.422823801517649
1.8480000000000014,-0.1620405004160303,-0.81681750595693,2.430142343883473
1.8500000000000014,-0.1636647402992322,-0.8074168512214372,2.437222510117233
1.8520000000000014,-0.16527012887395173,-0.7979662630671703,2.4440642542137594
1.8540000000000014,-0.16685656725907583,-0.7884667275176255,2.4506675518066876
1.8560000000000014,-0.16842395854732453,-0.7789192323749656,2.4570324001083836
1.8580000000000014,-0.1699722078087103,-0.769324767122057,2.463158817848211
1.8600000000000014,-0.17150122209380184,-0.7596843228248397,2.46904684520916
1.8620000000000014,-0.17301091043679281,-0.7499988920350408,2.474696543762858
1.8640000000000014,-0.17450118385837654,-0.7402694686932396,2.480107996402969
1.8660000000000014,-0.1759719553684271,-0.7304970480322935,2.4852813072770052
1.8680000000000014,-0.1774231399684876,-0.7206826264811325,2.490216601716565
1.8700000000000014,-0.17885465465406644,-0.710827201568931,2.4949140261660085
1.8720000000000014,-0.1802664184167424,-0.700931771829665,2.4993737481095955
1.8740000000000014,-0.1816583522460791,-0.6909973367070618,2.5035959559970893
1.8760000000000014,-0.18303037913134984,-0.681024896459949,2.507580859167853
1.8780000000000014,-0.18438242406307354,-0.6710154520680123,2.5113286877734478
1.8800000000000014,-0.18571441403436253,-0.6609700051379652,2.5148396926987475
1.8820000000000014,-0.18702627804208322,-0.6508895578101415,2.5181141454815905
1.8840000000000015,-0.18831794708783028,-0.640775112665513,2.5211523382309737
1.8860000000000015,-0.18958935417871536,-0.6306276726331417,2.5239545835438157
1.8880000000000015,-0.1908404343279711,-0.6204482408980696,2.5265212144202955
1.8900000000000015,-0.19207112455537143,-0.6102378208096547,2.5288525841777805
1.8920000000000015,-0.19328136388746886,-0.5999974157903553,2.530949066363369
1.8940000000000015,-0.19447109335764998,-0.5897280292449705,2.5328110546650437
1.8960000000000015,-0.19564025600600973,-0.5794306644703403,2.5344389628214703
1.8980000000000015,-0.19678879687904569,-0.5691063245655107,2.5358332245304376
1.9000000000000015,-0.19791666302917293,-0.5587560123423675,2.5369942933559675
1.9020000000000015,-0.19902380351406096,-0.5483807302367439,2.5379226426340966
1.9040000000000015,-0.20011016939579301,-0.5379814802200052,2.5386187653773535
1.9060000000000015,-0.20117571373984924,-0.5275592637111151,2.5390831741779354
1.9080000000000015,-0.2022203916139143,-0.5171150814891861,2.539316401109607
1.9100000000000015,-0.20324416008651078,-0.506649933606519,2.539318997628329
1.9120000000000015,-0.20424697822545895,-0.4961648193021331,2.539091534471627
1.9140000000000015,-0.2052288070961643,-0.48566073691579087,2.5386346015567227
1.9160000000000015,-0.20618960975973344,-0.47513868380252,2.537948807877434
1.9180000000000015,-0.20712935127091958,-0.4645996562476348,2.5370347813998544
1.9200000000000015,-0.20804799867589865,-0.45404464938225997,2.5358931689568305
1.9220000000000015,-0.2089455210098769,-0.44347465709935907,2.5345246361412466
1.9240000000000015,-0.20982188929453102,-0.4328906719702688,2.532929867198128
1.9260000000000015,-0.21067707653528198,-0.42229368516174204,2.531109564915579
1.9280000000000015,-0.21151105771840328,-0.4116846863535009,2.5290644505145616
1.9300000000000015,-0.212323809807965,-0.4010646636563015,2.5267952635375335
1.9320000000000015,-0.21311531174261433,-0.39043460353051146,2.5243027617359513
1.9340000000000015,-0.2138855444321939,-0.37979549070520213,2.5215877209566546
1.9360000000000015,-0.21463449075419874,-0.36914830809775584,2.518650935027141
1.9380000000000015,-0.21536213555007297,-0.35849403673398983,2.515493215639743
1.9400000000000015,-0.2160684656213473,-0.34783365566879737,2.5121153922347195
1.9420000000000015,-0.2167534697256183,-0.3371681419073066,2.5085183118822703
1.9440000000000015,-0.2174171385723705,-0.32649847032655815,2.5047028391634893
1.9460000000000015,-0.21805946481864238,-0.31582561359770156,2.500669856050263
1.9480000000000015,-0.21868044306453727,-0.305150542108711,2.4964202617841256
1.9500000000000015,-0.21928006984858014,-0.2944742238876208,2.4919549727540837
1.9520000000000015,-0.2198583436429216,-0.28379762452628016,2.4872749223734223
1.9540000000000015,-0.22041526484838955,-0.27312170710462813,2.4823810609554964
1.9560000000000015,-0.22095083578939032,-0.2624474321154879,2.4772743555885235
1.9580000000000015,-0.22146506070865957,-0.25177575738988056,2.4719557900093907
1.9600000000000015,-0.2219579457618646,-0.2411076380228583,2.4664263644764763
1.9620000000000015,-0.22242949901205863,-0.23044402629985633,2.4606870956415046
1.9640000000000015,-0.2228797304239885,-0.21978587162356344,2.454739016420443
1.9660000000000015,-0.22330865185825644,-0.20913412044131066,2.4485831758634484
1.9680000000000015,-0.22371627706533728,-0.19848971617297734,2.4422206390238754
1.9700000000000015,-0.22410262167945194,-0.18785359913941424,2.43565248682635
1.9720000000000015,-0.22446770321229828,-0.17722670649138297,2.4288798159339335
1.9740000000000015,-0.22481154104664033,-0.16660997213901102,2.4219037386143656
1.9760000000000015,-0.22513415642975698,-0.1560043266817616,2.4147253826054143
1.9780000000000015,-0.22543557246675108,-0.14541069733891768,2.407345890979331
1.9800000000000015,-0.22571581411372008,-0.13483000788057925,2.3997664220064285
1.9820000000000015,-0.2259749081707891,-0.12426317855917315,2.39198814901778
1.9840000000000015,-0.2262128832750077,-0.11371112604147433,2.384012260267064
1.9860000000000015,-0.22642976989311084,-0.1031747633411379,2.3758399587915515
1.9880000000000015,-0.22662560031414591,-0.09265499975174096,2.3674724622722465
1.9900000000000015,-0.226800408641966,-0.08215274078033331,2.3589110028932
1.9920000000000015,-0.2269542307875908,-0.07166888808149609,2.350156827199993
1.9940000000000015,-0.22708710446143632,-0.06120433939190743,2.3412111959574045
1.9960000000000016,-0.22719906916541407,-0.05075998846541428,2.332075384006271
1.9980000000000016,-0.22729016618490097,-0.04033672500860934,2.322750680119555
2.0000000000000013,-0.2273604385805809,-0.029935434616912213,2.3132383868576194
2.002000000000001,-0.22740993118015887,-0.019556998711154044,2.303539820422721
2.004000000000001,-0.22743869056994898,-0.009202294474664544,2.2936563105127425
2.0060000000000007,-0.22744676508633693,0.001127805209139342,2.2835892001741542
2.0080000000000005,-0.22743420480711832,0.011432431818663989,2.27333984565423
2.0100000000000002,-0.22740106154271347,0.021710721255549653,2.2629096162525193
2.012,-0.22734738882726013,0.031961813905581865,2.252299894171585
2.014,-0.22727324190958467,0.04218485469910435,2.2415120743670194
2.0159999999999996,-0.2271786777440531,0.05237899317093422,2.2305475643967427
2.0179999999999993,-0.22706375498130257,0.06254338351978,2.2194077842695967
2.019999999999999,-0.22692853395885484,0.07267718466716333,2.2080941662932454
2.021999999999999,-0.22677307669161204,0.08277956031584456,2.196608154921385
2.0239999999999987,-0.22659744686223626,0.09284967900775312,2.1849512066002754
2.0259999999999985,-0.22640170981141386,0.1028867141814229,2.1731247896146093
2.0279999999999982,-0.22618593252800517,0.11288984422893304,2.161130383932716
2.029999999999998,-0.22595018363908106,0.12285825255235469,2.1489694810511186
2.031999999999998,-0.22569453339984694,0.1327911276197037,2.136643583838456
2.0339999999999976,-0.22541905368345527,0.14268766302039979,2.1241542063787655
2.0359999999999974,-0.22512381797070802,0.15254705752023204,2.111502873814153
2.037999999999997,-0.2248089013396492,0.16236851511583117,2.0986911221868483
2.039999999999997,-0.22447438045504936,0.17215124508864815,2.085720498280661
2.0419999999999967,-0.22412033355778233,0.18189446205843943,2.0725925594618455
2.0439999999999965,-0.22374684045409565,0.19159738603625862,2.059308873519384
2.0459999999999963,-0.22335398250477548,0.20125924247695423,2.0458710185046978
2.047999999999996,-0.2229418426142069,0.21087926233117338,2.0322805825708006
2.049999999999996,-0.22251050521933094,0.22045668209687094,2.0185391638108956
2.0519999999999956,-0.22206005627849879,0.22999074387032384,2.0046483700964384
2.0539999999999954,-0.2215905832602247,0.23948069539664976,1.9906098189146637
2.055999999999995,-0.22110217513183827,0.24892579011982996,1.9764251372055972
2.057999999999995,-0.22059492234803713,0.25832528723223513,1.962095961198553
2.0599999999999947,-0.2200689168393411,0.26767845172365384,1.9476239362481365
2.0619999999999945,-0.21952425200044892,0.2769845544298224,1.933010716669757
2.0639999999999943,-0.21896102267849823,0.28624287208045546,1.9182579655746668
2.065999999999994,-0.21837932516123004,0.29545268734677615,1.903367354704527
2.067999999999994,-0.21777925716505872,0.30461328888854466,1.8883405642655242
2.0699999999999936,-0.21716091782304836,0.31372397140058406,1.8731792827620424
2.0719999999999934,-0.21652440767279665,0.3227840356588018,1.8578852068298999
2.073999999999993,-0.21586982864422716,0.3317927885657064,1.8424600410691647
2.075999999999993,-0.21519728404729105,0.3407495431954161,1.826905497876565
2.0779999999999927,-0.21450687855957945,0.3496536188381603,1.8112232972774944
2.0799999999999925,-0.2137987182138471,0.35850434104426965,1.7954151667576341
2.0819999999999923,-0.2130729103854488,0.36730104166765465,1.7794828410942016
2.083999999999992,-0.2123295637796891,0.3760430589087708,1.7634280621868332
2.085999999999992,-0.2115687884190869,0.3847297373570677,1.7472525788881201
2.0879999999999916,-0.2107906956305555,0.3933604280329204,1.7309581468338016
2.0899999999999914,-0.20999539803249914,0.40193448842904106,1.7145465282726347
2.091999999999991,-0.20918300952182767,0.41045128255136915,1.6980194918959506
2.093999999999991,-0.2083536452608895,0.41891018095943655,1.6813788126669076
2.0959999999999908,-0.20750742166432476,0.4273105608062069,1.6646262716494582
2.0979999999999905,-0.2066444563858389,0.4356518058773855,1.6477636558370408
2.0999999999999903,-0.20576486830489854,0.44393330663019814,1.6307927579810035
2.10199999999999,-0.2048687775133502,0.4521544602316356,1.6137153764187873
2.10399999999999,-0.2039563053019629,0.46031467059616166,1.5965333149018663
2.1059999999999897,-0.20302757414689615,0.4684133484228819,1.5792483824234673
2.1079999999999894,-0.202082707696094,0.47644991123216984,1.5618623930460795
2.109999999999989,-0.2011218307556063,0.48442378340174846,1.5443771657287702
2.111999999999989,-0.20014506927583864,0.4923343962022237,1.5267945241543144
2.1139999999999888,-0.19915255033773138,0.5001811878320667,1.5091162965561626
2.1159999999999886,-0.19814440213886964,0.5079636034520425,1.491344315545247
2.1179999999999883,-0.19712075397952467,0.5156810952190811,1.4734804179366539
2.119999999999988,-0.1960817362486283,0.5233331223195884,1.4555264445761655
2.121999999999988,-0.19502748040968113,0.5309191510021937,1.4374842401666945
2.1239999999999877,-0.193958118986596,0.5384386546099298,1.4193556530946174
2.1259999999999875,-0.19287378554947743,0.5458911136118437,1.4011425352560303
2.1279999999999872,-0.19177461470033857,0.553276015634033,1.3828467418829304
2.129999999999987,-0.19066074205875666,0.560592855490105,1.3644701313693526
2.131999999999987,-0.18953230424746803,0.5678411352110563,1.3460145650974618
2.1339999999999866,-0.18838943887790405,0.5750203640745672,1.327481907263624
2.1359999999999864,-0.187232284535669,0.5821300586337091,1.3088740247044732
2.137999999999986,-0.18606098076596123,0.5891697427450602,1.2901927867229808
2.139999999999986,-0.18487566805893843,0.5961389475962261,1.271440064914552
2.1419999999999857,-0.18367648783502882,0.6030372117327629,1.252617732993158
2.1439999999999855,-0.18246358243018876,0.6098640810844967,1.2337276666175252
2.1459999999999853,-0.1812370950811085,0.6166191089912377,1.214771743217391
2.147999999999985,-0.1799971699103671,0.6233018562278845,1.1957518418198472
2.149999999999985,-0.17874395191153775,0.6299118910289144,1.1766698428757865
2.1519999999999846,-0.17747758693424465,0.6364487891122577,1.1575276280864628
2.1539999999999844,-0.17619822166917287,0.642912133702549,1.1383270802301888
2.155999999999984,-0.17490600363303224,0.6493015155537553,1.1190700829891798
2.157999999999984,-0.17360108115347667,0.6556165329711746,1.0997585207765672
2.1599999999999837,-0.1722836033539801,0.6618567918328022,1.0803942785635923
2.1619999999999835,-0.17095372013867033,0.6680219056100606,1.0609792417069988
2.1639999999999833,-0.16961158217712202,0.6741114953878895,1.0415152957766427
2.165999999999983,-0.16825734088911024,0.6801251898841922,1.0220043263833307
2.167999999999983,-0.16689114842932562,0.6860626254686338,1.0024482190069102
2.1699999999999826,-0.16551315767205269,0.6919234461807887,0.9828488588246224
2.1719999999999824,-0.16412352219581253,0.6977073037476325,0.9632081305397381
2.173999999999982,-0.16272239626797108,0.7034138576003753,0.9435279182104928
2.175999999999982,-0.16130993482931447,0.7090427748906332,0.9238101050793356
2.1779999999999817,-0.15988629347859262,0.7145937305059321,0.9040565734025114
2.1799999999999815,-0.15845162845703267,0.7200664070845437,0.8842692042799941
2.1819999999999813,-0.1570060966328231,0.725460495029647,0.864449877485783
2.183999999999981,-0.15554985548557057,0.7307756925228134,0.844600471298584
2.185999999999981,-0.15408306309073014,0.7360117055368111,0.8247228623328923
2.1879999999999806,-0.1526058781040108,0.7411682478477266,0.8048189253704904
2.1899999999999804,-0.1511184597457573,0.7462450410463984,0.7848905331923814
2.19199999999998,-0.1496209677853099,0.7512418145491605,0.7649395564111746
2.19399999999998,-0.14811356252534327,0.7561583056078919,0.7449678633039384
2.1959999999999797,-0.146596404786186,0.7609942593193698,0.7249773196455408
2.1979999999999795,-0.14506965589012202,0.7657494286339223,0.70496978854249
2.1999999999999793,-0.1435334776456757,0.7704235743633778,0.6849471302672979
2.201999999999979,-0.14198803233188134,0.775016465188309,0.6649112020933792
2.203999999999979,-0.14043348268253922,0.779527877664567,0.6448638581305045
2.2059999999999786,-0.13886999187045912,0.7839575962291039,0.6248069491608251
2.2079999999999784,-0.137297723491693,0.7883054132050813,0.6047423224754873
2.209999999999978,-0.1357168415497581,0.7925711288062603,0.5846718217118487
2.211999999999978,-0.13412751043985205,0.7967545511406727,0.5645972866913206
2.2139999999999778,-0.13252989493306128,0.8008554962135692,0.5445205532578478
2.2159999999999775,-0.13092416016056432,0.8048737879296428,0.5244434531170437
2.2179999999999773,-0.1293104715978314,0.8088092580945256,0.5043678136760004
2.219999999999977,-0.12768899504882172,0.8126617464155559,0.48429545788378836
2.221999999999977,-0.12605989663017994,0.8164311005018138,0.4642282040726613
2.2239999999999767,-0.12442334275543335,0.8201171758634239,0.4441678657999856
2.2259999999999764,-0.12277950011919114,0.8237198359101225,0.4241162516909095
2.227999999999976,-0.12112853568134732,0.8272389519490877,0.4040751652817889
2.229999999999976,-0.11947061665128866,0.8306744031820308,0.38404640486438546
2.231999999999976,-0.1178059104721092,0.834026076701548,0.36403176333085585
2.2339999999999756,-0.11613458480483284,0.8372938674867302,0.34403302801954394
2.2359999999999753,-0.1144568075126454,0.8404776783980292,0.3240519805615981
2.237999999999975,-0.11277274664513774,0.8435774201713815,0.30409039672842475
2.239999999999975,-0.11108257042256134,0.8465930114115853,0.28415004627999596
2.2419999999999747,-0.10938644722009785,0.8495243785849325,0.26423269281402806
2.2439999999999745,-0.10768454555214421,0.8523714560110937,0.24434009361604603
2.2459999999999742,-0.10597703405661466,0.8551341858542558,0.22447399951034852
2.247999999999974,-0.10426408147926125,0.8578125181135118,0.20463615471189067
2.249999999999974,-0.10254585665801434,0.8604064106125014,0.18482829667910072
2.2519999999999736,-0.10082252850734455,0.8629158289883049,0.165052155967642
2.2539999999999734,-0.09909426600264765,0.8653407466795865,0.14530945608514056
2.255999999999973,-0.09736123816465393,0.8676811449139905,0.12560191334688997
2.257999999999973,-0.09562361404386356,0.8699370126947885,0.10593123673254878
2.2599999999999727,-0.09388156270500934,0.8721083467867786,0.08629912774384707
2.2619999999999725,-0.09213525321154845,0.8741951517014372,0.06670728026331485
2.2639999999999723,-0.09038485461018458,0.8761974396813238,0.04715738041404727
2.265999999999972,-0.08863053591542211,0.8781152306837398,0.027651106420522042
2.267999999999972,-0.08687246609415357,0.8799485523636418,0.008190128470481395
2.2699999999999716,-0.08511081405028213,0.8816974400558115,-0.011223891422106114
2.2719999999999714,-0.08334574860938047,0.8833619367562822,-0.030589299552990168
2.273999999999971,-0.08157743850338749,0.8849420931030234,-0.049904450662477395
2.275999999999971,-0.07980605235534444,0.886437967355887,-0.06916770806914851
2.2779999999999707,-0.07803175866417189,0.8878496253758135,-0.08837744380244261
2.2799999999999705,-0.076254725789489,0.8891771406033028,-0.10753203873409456
2.2819999999999703,-0.07447512193647658,0.8904205940361508,-0.1266298827084128
2.28399999999997,-0.07269311514078547,0.891580074206453,-0.14566937467138497
2.28599999999997,-0.07090887325349156,0.8926556771568791,-0.16464892279859833
2.2879999999999696,-0.06912256392609904,0.8936475064162193,-0.18356694462196355
2.2899999999999694,-0.06733435459559328,0.8945556729742064,-0.2024218671552288
2.291999999999969,-0.06554441246954475,0.8953802952556159,-0.22121212701827353
2.293999999999969,-0.06375290451126549,0.8961214990936469,-0.23993617056016847
2.2959999999999687,-0.06195999742501954,0.8967794177025865,-0.25859245398099207
2.2979999999999685,-0.06016585764128876,0.8973541916497624,-0.2771794434523911
2.2999999999999683,-0.05837065130209539,0.8978459688267851,-0.2956956152368747
2.301999999999968,-0.056574544246382925,0.8982549044200857,-0.31413945580583125
2.303999999999968,-0.054777701995456535,0.8985811608807499,-0.3325094619562564
2.3059999999999676,-0.05298028973848457,0.8988249078936551,-0.3508041409261846
2.3079999999999674,-0.05118247231806248,0.8989863223459126,-0.36902201050880934
2.309999999999967,-0.04938441421584048,0.89906558829462,-0.3871615991652878
2.311999999999967,-0.04758627953821649,0.8990628969339275,-0.40522144613621525
2.3139999999999668,-0.045788232002095544,0.8989784465614232,-0.42320010155176263
2.3159999999999665,-0.04399043492071717,0.8988124425438415,-0.4410961265404678
2.3179999999999663,-0.04219305118955197,0.8985650972820992,-0.4589080933366698
2.319999999999966,-0.0403962432722688,0.8982366301756654,-0.47663458538657955
2.321999999999966,-0.038600173186773966,0.8978272675862677,-0.4942741974529773
2.3239999999999656,-0.03680500249132349,0.8973372428009436,-0.5118255357185281
2.3259999999999654,-0.0350108922707101,0.896766795994438,-0.5292872178877087
2.327999999999965,-0.03321800312252597,0.8961161741909562,-0.546657873287337
2.329999999999965,-0.031426495143502625,0.8953856312252758,-0.5639361429656965
2.3319999999999648,-0.029636527915929245,0.8945754277032228,-0.5811206797902495
2.3339999999999645,-0.027848260494150668,0.8936858309615201,-0.5982101485439304
2.3359999999999643,-0.026061851391146307,0.8927171150270119,-0.6152032260200134
2.337999999999964,-0.024277458565191225,0.8916695605752712,-0.6320986011155488
2.339999999999964,-0.02249523940660063,0.8905434548885969,-0.648894974923359
2.3419999999999637,-0.020715350724558955,0.8893390918134059,-0.6655910608225906
2.3439999999999634,-0.01893794873403478,0.8880567717170276,-0.6821855845678163
2.3459999999999632,-0.017163189042782728,0.886696801443907,-0.6986772843766798
2.347999999999963,-0.015391226638433559,0.8852594942712224,-0.7150649110160796
2.349999999999963,-0.013622215875673605,0.8837451698639264,-0.7313472278868869
2.3519999999999626,-0.011856310463514689,0.8821541542292144,-0.7475230111071903
2.3539999999999623,-0.010093663452655673,0.8804867796704307,-0.7635910495940675
2.355999999999962,-0.008334427222936756,0.878743384740416,-0.7795501451438739
2.357999999999962,-0.006578753470887621,0.8769243141943072,-0.7953991125110484
2.3599999999999617,-0.00482679319737053,0.8750299189417928,-0.811136779485431
2.3619999999999615,-0.003078696695319438,0.8730605559988355,-0.8267619869680876
2.3639999999999612,-0.0013346135375761972,0.8710165884388656,-0.8422735890456411
2.365999999999961,0.0004053074351751101,0.8688983853434564,-0.8576704530631036
2.367999999999961,0.002140918126374675,0.8667063217524856,-0.8729514596952075
2.3699999999999606,0.003872071195453284,0.8644407786137944,-0.8881155030162324
2.3719999999999604,0.0055986200695974635,0.8621021427323486,-0.9031614905683273
2.37399999999996,0.0073204189554124536,0.8596908067189124,-0.9180883434283232
2.37599999999996,0.009037322850482052,0.8572071689382409,-0.932894996273037
2.3779999999999597,0.010749187554824364,0.8546516334568007,-0.9475803974430614
2.3799999999999595,0.012455869682242542,0.8520246099900265,-0.9621435090050443
2.3819999999999593,0.014157226671569562,0.8493265138491207,-0.9765833068124519
2.383999999999959,0.015853116797806172,0.8465577658874069,-0.9908987805648164
2.385999999999959,0.017543399183151086,0.8437187924462427,-1.0050889338654687
2.3879999999999586,0.01922793380792259,0.8408100253005022,-1.0191527842777535
2.3899999999999584,0.02090658152137068,0.8378319016036361,-1.033089363379728
2.391999999999958,0.02257920405237891,0.8347848638323174,-1.0468977168173428
2.393999999999958,0.024245664020055114,0.8316693597306822,-1.0605769043561066
2.3959999999999577,0.025905824944210235,0.8284858422541735,-1.0741259999312334
2.3979999999999575,0.02755955125572443,0.8252347695129966,-1.087544091696276
2.3999999999999573,0.029206708306799712,0.8219166047151955,-1.100830282070241
2.401999999999957,0.030847162381098383,0.818531816109358,-1.1139836877831926
2.403999999999957,0.0324807807037665,0.8150808769269596,-1.1270034399203417
2.4059999999999566,0.03410743145134168,0.8115642653243531,-1.1398886839646245
2.4079999999999564,0.03572698376154455,0.8079824643244145,-1.1526385798377698
2.409999999999956,0.03733930774295315,0.8043359617578529,-1.16525230193986
2.411999999999956,0.03894427448455958,0.8006252502041942,-1.1777290391873845
2.4139999999999557,0.04054175606520838,0.7968508269324457,-1.19006799504979
2.4159999999999555,0.04213162556291586,0.793013193841453,-1.2022683875845295
2.4179999999999553,0.043713757064069894,0.7891128573999557,-1.2143294494706116
2.419999999999955,0.045288025672509474,0.7851503285863523,-1.2262504280406548
2.421999999999955,0.04685430751848358,0.781126122828182,-1.238030585311447
2.4239999999999546,0.048412479767488664,0.7770407599413338,-1.2496691980130177
2.4259999999999544,0.049962420628984365,0.7728947640689908,-1.2611655576162204
2.427999999999954,0.05150400936498678,0.7686886636203175,-1.2725189703588344
2.429999999999954,0.053037126298538934,0.7644229912089018,-1.2837287572701852
2.4319999999999538,0.054561652822057834,0.7600982835909575,-1.2947942541942912
2.4339999999999535,0.05607747140555774,0.755715081603299,-1.3057148118115358
2.4359999999999533,0.05758446560474913,0.7512739301010937,-1.3164897956588764
2.437999999999953,0.05908252006901298,0.7467753778954044,-1.3271185861485848
2.439999999999953,0.06057152054924995,0.7422199776905278,-1.3376005785855343
2.4419999999999527,0.062051353905603956,0.7376082860211396,-1.3479351831830273
2.4439999999999524,0.06352190811505999,0.732940863189253,-1.3581218250771792
2.445999999999952,0.06498307227891555,0.7282182732010021,-1.3681599443398529
2.447999999999952,0.06643473663012552,0.7234410837032558,-1.3780489959901576
2.4499999999999518,0.06787679254052013,0.7186098659200728,-1.387788450004511
2.4519999999999516,0.0693091325278957,0.713725194589006,-1.3973777913252743
2.4539999999999513,0.0707316502629777,0.7087876478972636,-1.406816519867963
2.455999999999951,0.07214424057625625,0.7037978074177373,-1.4161041505270404
2.457999999999951,0.07354679946469328,0.6987562580449049,-1.4252402131802997
2.4599999999999507,0.07493922409830159,0.6936635879306151,-1.4342242526918376
2.4619999999999505,0.07632141282659524,0.6885203884197645,-1.4430558289136308
2.4639999999999502,0.07769326518491129,0.6833272539858737,-1.451734516685717
2.46599999999995,0.07905468190060247,0.6780847821665715,-1.4602599058349865
2.46799999999995,0.08040556489910088,0.672793573498995,-1.4686316011725964
2.4699999999999496,0.08174581730985231,0.6674542314551137,-1.4768492224900038
2.4719999999999493,0.08307534347212119,0.662067362376986,-1.4849124045536368
2.473999999999949,0.08439404894066595,0.6566335754119559,-1.492820797098198
2.475999999999949,0.08570184049128479,0.6511534824477976,-1.5005740648186152
2.4779999999999487,0.08699862612623163,0.6456276980478164,-1.5081718873606456
2.4799999999999485,0.08828431507950223,0.6400568393859132,-1.5156139593101328
2.4819999999999482,0.08955881782199043,0.6344415261816204,-1.5228999901809355
2.483999999999948,0.0908220460665145,0.6287823806351174,-1.5300297044015247
2.485999999999948,0.09207391277271336,0.6230800273622322,-1.5370028413002625
2.4879999999999476,0.0933143321518129,0.6173350933294381,-1.5438191550893658
2.4899999999999474,0.09454321967126231,0.6115482077888514,-1.550478414847567
2.491999999999947,0.09576049205924037,0.6057200022132385,-1.5569804045014746
2.493999999999947,0.09696606730903173,0.5998511102310393,-1.5633249228056423
2.4959999999999467,0.0981598646832734,0.593942167561414,-1.5695117833213565
2.4979999999999465,0.09934180471807115,0.5879938119493211,-1.575540814394148
2.4999999999999463,0.10051180922698635,0.5820066831006322,-1.5814118591300326
2.501999999999946,0.10166980130489288,0.5759814226172925,-1.5871247753704956
2.503999999999946,0.1028157053317045,0.5699186739325318,-1.5926794356662213
2.5059999999999456,0.10394944697597273,0.5638190822461351,-1.5980757272495767
2.5079999999999454,0.10507095319835526,0.5576832944597768,-1.6033135520058623
2.509999999999945,0.10618015225495511,0.551511959112428,-1.6083928264433296
2.511999999999945,0.10727697370053078,0.5453057263158406,-1.6133134816619792
2.5139999999999447,0.10836134839157735,0.5390652476901174,-1.6180754633211483
2.5159999999999445,0.1094332084892788,0.5327911762993723,-1.6226787316058908
2.5179999999999443,0.11049248746233184,0.5264841665874882,-1.6271232611921604
2.519999999999944,0.11153912008964127,0.5201448743139782,-1.6314090412108067
2.521999999999944,0.11257304246288725,0.5137739564899564,-1.635536075210391
2.5239999999999436,0.11359419198896456,0.5073720713142247,-1.639504381118829
2.5259999999999434,0.11460250739229416,0.5009398781094804,-1.6433139912038703
2.527999999999943,0.11559792871700734,0.4944780372586518,-1.6469649520324219
2.529999999999943,0.11658039732900265,0.4879872101413666,-1.650457324428725
2.5319999999999427,0.11754985591787587,0.48146805907055895,-1.6537911834313932
2.5339999999999425,0.11850624849872338,0.4749212472292212,-1.6569666182493175
2.5359999999999423,0.11944952041381919,0.46834743860730493,-1.659983732216455
2.537999999999942,0.12037961833416591,0.4617472979387778,-1.662842642745497
2.539999999999942,0.12129649026091995,0.4551214906388402,-1.6655434812804368
2.5419999999999416,0.12220008552669137,0.44847068274130847,-1.6680863932480396
2.5439999999999414,0.12309035479671873,0.4417955408361679,-1.6704715380082222
2.545999999999941,0.12396725006991906,0.43509673200730253,-1.672699088803355
2.547999999999941,0.12483072467981358,0.4283749237704053,-1.6747692327064931
2.5499999999999408,0.12568073329532944,0.421630784011074,-1.676682170568541
2.5519999999999405,0.1265172319214778,0.41486498092309765,-1.6784381169643685
2.5539999999999403,0.1273401778999086,0.40807818294693815,-1.6800373001378754
2.55599999999994,0.1281495299093427,0.4012710587084116,-1.6814799619460241
2.55799999999994,0.12894524796588142,0.39444427695757395,-1.6827663578018386
2.5599999999999397,0.12972729342319403,0.38759850650781535,-1.6838967566163883
2.5619999999999394,0.13049562897258382,0.3807344161751677,-1.6848714407397556
2.563999999999939,0.13125021864293285,0.3738526747178294,-1.6856907059010058
2.565999999999939,0.131991027800526,0.36695395077591186,-1.686354861147158
2.5679999999999388,0.13271802314875475,0.3600389128114116,-1.6868642287811717
2.5699999999999386,0.13343117272770125,0.3531082290484119,-1.6872191442989593
2.5719999999999383,0.13413044591360274,0.34616256741351836,-1.6874199563254244
2.573999999999938,0.1348158134181974,0.33920259547653203,-1.687467026549546
2.575999999999938,0.13548724728795158,0.3322289803913635,-1.687360729658506
2.5779999999999377,0.13614472090316918,0.32524238883719253,-1.6871014532708792
2.5799999999999375,0.13678820897698354,0.31824348695987614,-1.6866895978688843
2.5819999999999372,0.13741768755423253,0.31123294031360904,-1.6861255767297116
2.583999999999937,0.13803313401021702,0.3042114138028399,-1.6854098158559343
2.585999999999937,0.13863452704934365,0.2971795716244468,-1.68454275390501
2.5879999999999366,0.13922184670365204,0.2901380772101754,-1.6835248421178832
2.5899999999999364,0.13979507433122726,0.2830875931693429,-1.6823565442466957
2.591999999999936,0.14035419261449789,0.276028781231811,-1.6810383364816155
2.593999999999936,0.14089918555842038,0.2689623021912315,-1.6795707073767898
2.5959999999999357,0.14143003848855012,0.26188881584856694,-1.6779541577754353
2.5979999999999355,0.14194673804899985,0.2548089809558897,-1.676189200734068
2.5999999999999353,0.1424492722002859,0.24772345516046282,-1.6742763614458882
2.601999999999935,0.142937630217063,0.24063289494910445,-1.6722161771633217
2.603999999999935,0.14341180268574796,0.23353795559284005,-1.6700091971197342
2.6059999999999346,0.14387178150203309,0.22643929109184419,-1.6676559824503197
2.6079999999999344,0.1443175598682896,0.21933755412067507,-1.665157106112175
2.609999999999934,0.14474913229086198,0.21223339597380436,-1.6625131528035708
2.611999999999934,0.14516649457725359,0.2051274665114449,-1.659724718882424
2.6139999999999337,0.14556964383320428,0.19802041410567905,-1.6567924122839808
2.6159999999999335,0.1459585784596605,0.19091288558688999,-1.653716852437722
2.6179999999999333,0.14633329814963872,0.18380552619049842,-1.6504986701834952
2.619999999999933,0.1466938038849824,0.17669897950400734,-1.6471385076868856
2.621999999999933,0.14704009793301362,0.1695938874143569,-1.6436370183538314
2.6239999999999326,0.1473721838430795,0.16249089005559195,-1.6399948667444932
2.6259999999999324,0.14769006644299448,0.1553906257568444,-1.636212728486387
2.627999999999932,0.14799375183537863,0.14829373099063267,-1.6322912901867894
2.629999999999932,0.14828324739389317,0.14120084032148048,-1.628231249344419
2.6319999999999317,0.14855856175937335,0.1341125863548569,-1.6240333142604122
2.6339999999999315,0.14881970483585957,0.12702959968644018,-1.6196982039485903
2.6359999999999313,0.1490666877865274,0.11995250885170688,-1.615226648045036
2.637999999999931,0.14929952302951705,0.11288194027584891,-1.610619386716981
2.639999999999931,0.14951822423366304,0.10581851822401998,-1.6058771705710195
2.6419999999999306,0.1497228063141247,0.09876286475191379,-1.6010007605606502
2.6439999999999304,0.14991328542791815,0.09171559965667563,-1.595990927893161
2.64599999999993,0.15008967896935038,0.0846773404281495,-1.5908484539358572
2.64799999999993,0.15025200556535626,0.07764870220046245,-1.5855741301216535
2.6499999999999297,0.150400285070739,0.070630297703948,-1.5801687578540249
2.6519999999999295,0.15053453856331478,0.06362273721741062,-1.5746331484113378
2.6539999999999293,0.1506547883389624,0.05662662852073275,-1.5689681228505583
2.655999999999929,0.1507610579065782,0.04964257684782649,-1.5631745119103568
2.657999999999929,0.15085337198293755,0.042671184839931355,-1.5572531559136087
2.6599999999999286,0.15093175648746301,0.03571305249925997,-1.5512049046693068
2.6619999999999284,0.15099623853690036,0.02876877714299342,-1.5450306173738901
2.663999999999928,0.1510468464399028,0.021838953357627856,-1.538731162511997
2.665999999999928,0.1510836096915242,0.014924172953673976,-1.5323074177566558
2.6679999999999278,0.1511065589676224,0.008025024920711141,-1.525760269868916
2.6699999999999275,0.15111572611917246,0.0011420953827976027,-1.5190906145969352
2.6719999999999273,0.15111114416649152,-0.005724032445761497,-1.5122993565745222
2.673999999999927,0.1510928472933754,-0.01257277830428677,-1.5053874092191537
2.675999999999927,0.1510608708411478,-0.019403564929236325,-1.4983556946294674
2.6779999999999267,0.1510152513026228,-0.02621581809735504,-1.4912051434822418
2.6799999999999264,0.1509560263159816,-0.03300896666845983,-1.483936694928873
2.681999999999926,0.15088323465856382,-0.0397824426278594,-1.476551296491356
2.683999999999926,0.15079691624057456,-0.0465356811284069,-1.4690499039577787
2.685999999999926,0.15069711209870748,-0.05326812053218408,-1.4614334812773386
2.6879999999999256,0.15058386438968513,-0.059979202451815324,-1.4537030004548908
2.6899999999999253,0.15045721638371684,-0.06666837179141018,-1.4458594414450359
2.691999999999925,0.1503172124578752,-0.0733350767871328,-1.437903792045758
2.693999999999925,0.15016389808939162,-0.07997876904739692,-1.4298370477916191
2.6959999999999247,0.1499973198488722,-0.08659890359268482,-1.4216602118465191
2.6979999999999245,0.149817525393434,-0.09319493889498882,-1.4133742948960373
2.6999999999999242,0.14962456345976285,-0.09976633691687394,-1.404980315039351
2.701999999999924,0.14941848385709375,-0.10631256315016002,-1.3964792976807545
2.703999999999924,0.14919933746011382,-0.11283308665422223,-1.3878722754207775
2.7059999999999236,0.1489671762017894,-0.11932738009390813,-1.379160287946916
2.7079999999999234,0.1487220530661174,-0.12579491977707008,-1.370344381923986
2.709999999999923,0.14846402208080234,-0.1322351856917115,-1.361425610884104
2.711999999999923,0.148193138309859,-0.1386476615427454,-1.352405035116312
2.7139999999999227,0.14790945784614248,-0.145031834788364,-1.3432837215558446
2.7159999999999225,0.1476130378038055,-0.15138719667601774,-1.3340627436730608
2.7179999999999223,0.14730393631068422,-0.15771324227800232,-1.3247431813620372
2.719999999999922,0.14698221250061352,-0.16400947052665252,-1.31532612082884
2.721999999999922,0.14664792650567196,-0.17027538424914093,-1.3058126544794826
2.7239999999999216,0.14630113944835768,-0.1765104902018807,-1.2962038808075786
2.7259999999999214,0.14594191343369597,-0.1827142991045303,-1.286500904281696
2.727999999999921,0.14557031154127914,-0.18888632567359925,-1.2767048352324295
2.729999999999921,0.14518639781723952,-0.19502608865565327,-1.2668167897391922
2.7319999999999207,0.14479023726615664,-0.20113311086011726,-1.256837889516742
2.7339999999999205,0.14438189584289898,-0.20720691919167497,-1.2467692618014492
2.7359999999999203,0.14396144044440148,-0.2132470446822635,-1.2366120392373148
2.73799999999992,0.14352893890137947,-0.21925302252266152,-1.2263673597617515
2.73999999999992,0.14308445996997973,-0.22522439209366973,-1.2160363664911331
2.7419999999999196,0.14262807332336966,-0.23116069699688188,-1.2056202076061275
2.7439999999999194,0.1421598495432653,-0.23706148508504504,-1.1951200362368148
2.745999999999919,0.14167986011139913,-0.2429263084920078,-1.184537010347608
2.747999999999919,0.14118817740092823,-0.2487547236622547,-1.1738722926219833
2.7499999999999187,0.1406848746677839,-0.2545462913800257,-1.1631270503470277
2.7519999999999185,0.14017002604196338,-0.260300576798019,-1.1523024552978134
2.7539999999999183,0.13964370651876473,-0.26601714946567573,-1.1413996836216147
2.755999999999918,0.13910599194996537,-0.27169558335704547,-1.1304199157219716
2.757999999999918,0.1385569590349454,-0.27733545689823064,-1.119364336142608
2.7599999999999176,0.13799668531175643,-0.2829363529944087,-1.1082341334512231
2.7619999999999174,0.13742524914813697,-0.2884978590564305,-1.0970305001231557
2.763999999999917,0.13684272973247466,-0.2940195670269931,-1.0857546324249392
2.765999999999917,0.13624920706471694,-0.2995010734063866,-1.0744077302977535
2.7679999999999167,0.13564476194723052,-0.304941979277812,-1.062990997240783
2.7699999999999165,0.1350294759756106,-0.31034189033227033,-1.051505640194493
2.7719999999999163,0.13440343152944081,-0.3157004168930199,-1.0399528694238356
2.773999999999916,0.13376671176300464,-0.3210171739396021,-1.0283338984013881
2.775999999999916,0.1331194005959493,-0.3262917811314326,-1.0166499436904441
2.7779999999999156,0.13246158270390268,-0.3315238628309577,-1.0049022248280604
2.7799999999999154,0.1317933435090447,-0.3367130481263739,-0.993091964208069
2.781999999999915,0.13111476917063342,-0.3418589708539096,-0.9812203869640731
2.783999999999915,0.13042594657548703,-0.34696126961966683,-0.9692887208524245
2.7859999999999148,0.12972696332842287,-0.35201958782102283,-0.9572981961352034
2.7879999999999145,0.1290179077426537,-0.35703357366758903,-0.9452500454632058
2.7899999999999143,0.1282988688301428,-0.36200288020172655,-0.9331455037589479
2.791999999999914,0.12756993629191837,-0.36692716531861663,-0.9209858080997013
2.793999999999914,0.1268312005083482,-0.37180609178588514,-0.9087721976005672
2.7959999999999137,0.1260827525293756,-0.3766393272627791,-0.8965059132975968
2.7979999999999134,0.12532468406471736,-0.3814265443188946,-0.8841881980309769
2.7999999999999132,0.12455708747402486,-0.3861674204524544,-0.8718202963282788
2.801999999999913,0.12378005575700883,-0.3908616381081339,-0.8594034542877942
2.803999999999913,0.12299368254352913,-0.39550888469443457,-0.8469389194619544
2.8059999999999126,0.12219806208365012,-0.40010885260060325,-0.8344279407408568
2.8079999999999123,0.1213932892376627,-0.40466123921309605,-0.8218717682358979
2.809999999999912,0.12057945946607379,-0.4091657469315861,-0.809271653163531
2.811999999999912,0.11975666881956441,-0.41362208318451327,-0.7966288477291519
2.8139999999999117,0.11892501392891698,-0.4180299604441754,-0.783944605011131
2.8159999999999115,0.11808459199491292,-0.4223890962413591,-0.7712201788449945
2.8179999999999112,0.11723550077820151,-0.42669921317950976,-0.7584568237077701
2.819999999999911,0.11637783858914083,-0.4309600389484391,-0.7456557946025053
2.821999999999911,0.11551170427761175,-0.4351713063375695,-0.7328183469429692
2.8239999999999106,0.11463719722280588,-0.4393327532487139,-0.719945736438548
2.8259999999999104,0.1137544173229885,-0.4434441227083901,-0.7070392189793449
2.82799999999991,0.1128634649852372,-0.44750516287966896,-0.6941000505214949
2.82999999999991,0.1119644411151574,-0.45151562707355464,-0.6811294869727029
2.8319999999999097,0.11105744710657554,-0.45547527375989705,-0.6681287840780193
2.8339999999999095,0.11014258483121094,-0.4593838665778346,-0.6550991973058584
2.8359999999999093,0.10921995662832713,-0.46324117434576684,-0.6420419817342747
2.837999999999909,0.10828966529436392,-0.46704697107085624,-0.6289583919375045
2.839999999999909,0.10735181407255068,-0.4708010359580577,-0.615849681872783
2.8419999999999086,0.10640650664250229,-0.47450315341867594,-0.6027171047674491
2.8439999999999084,0.10545384710979823,-0.47815311307844877,-0.589561913006347
2.845999999999908,0.10449393999554613,-0.48175070978515694,-0.5763853580195336
2.847999999999908,0.10352689022593048,-0.48529574361575867,-0.5631886901703043
2.8499999999999077,0.10255280312174761,-0.48878801988304893,-0.5499731586435462
2.8519999999999075,0.10157178438792777,-0.49222734914184246,-0.5367400113344272
2.8539999999999073,0.10058394010304539,-0.49561354719468037,-0.5234904947374353
2.855999999999907,0.09958937670881833,-0.4989464350970594,-0.5102258538357736
2.857999999999907,0.09858820099959718,-0.5022258391621837,-0.49694733199112395
2.8599999999999066,0.09758052011184558,-0.5054515909652381,-0.4836561708337882
2.8619999999999064,0.09656644151361238,-0.5086235273471834,-0.47035361015321775
2.863999999999906,0.09554607299399677,-0.5117414904180728,-0.45704088778894036
2.865999999999906,0.0945195226526072,-0.5148053275598884,-0.44371923952189485
2.8679999999999057,0.09348689888901515,-0.5178148914288992,-0.4303898989661836
2.8699999999999055,0.09244831039220462,-0.5207700399575391,-0.4170540974612523
2.8719999999999053,0.0914038661300184,-0.5236706363558048,-0.4037130639645071
2.873999999999905,0.09035367533860195,-0.5265165491121744,-0.39036802494437917
2.875999999999905,0.08929784751184598,-0.5293076519940454,-0.3770202042738451
2.8779999999999046,0.08823649239082865,-0.5320438240476931,-0.36367082312441446
2.8799999999999044,0.08716971995325824,-0.5347249495977489,-0.35032109986059334
2.881999999999904,0.08609764040291744,-0.5373509182461983,-0.33697224993483355
2.883999999999904,0.08502036415911007,-0.5399216248709001,-0.3236254857829761
2.8859999999999038,0.08393800184611129,-0.5424369696236249,-0.3102820167202006
2.8879999999999035,0.08285066428262212,-0.5448968579276148,-0.296943048837488
2.8899999999999033,0.08175846247122945,-0.5473012004746646,-0.28360978489860644
2.891999999999903,0.08066150758787222,-0.5496499132217231,-0.27028342423762985
2.893999999999903,0.07955991097131503,-0.5519429173870171,-0.2569651626569991
2.8959999999999027,0.07845378411262982,-0.5541801394456974,-0.24365619232613323
2.8979999999999024,0.0773432386446869,-0.5563615111250073,-0.23035770168060077
2.899999999999902,0.07622838633165595,-0.5584869693989744,-0.21707087532186164
2.901999999999902,0.07510933905851827,-0.5605564564826263,-0.20379689391758515
2.9039999999999018,0.07398620882059095,-0.5625699198257316,-0.19053693410255634
2.9059999999999016,0.07285910771306411,-0.5645273121060651,-0.17729216838017792
2.9079999999999013,0.07172814792055204,-0.5664285912222005,-0.1640637650245761
2.909999999999901,0.07059344170665927,-0.5682737202858288,-0.15085288798331997
2.911999999999901,0.06945510140356241,-0.5700626676136059,-0.13766069678076387
2.9139999999999007,0.06831323940160887,-0.5717954067185288,-0.12448834642201823
2.9159999999999004,0.06716796813893315,-0.5734719163008416,-0.11133698729755992
2.9179999999999002,0.06601940009109193,-0.5750921802384729,-0.09820776508848994
2.9199999999999,0.06486764776071868,-0.5766561875770055,-0.08510182067244643
2.9219999999999,0.0637128236671988,-0.5781639325191803,-0.07202029003018129
2.9239999999998996,0.0625550403363662,-0.5796154144139339,-0.05896430415280762
2.9259999999998993,0.06139441029022236,-0.581010637744974,-0.04593498894972814
2.927999999999899,0.06023104603667859,-0.5823496121188907,-0.03293346515724971
2.929999999999899,0.05906506005932256,-0.583632352252809,-0.019960848247895235
2.9319999999998987,0.05789656480721007,-0.5848588779615806,-0.007018248340416644
2.9339999999998985,0.056725672684682725,-0.586029214144519,0.005893229889479934
2.9359999999998982,0.05555249604121278,-0.5871433907716778,0.018772487297691764
2.937999999999898,0.05437714716127575,-0.5882014428696756,0.03161843035954992
2.939999999999898,0.05319973825425186,-0.5892034105070684,0.044429971256918055
2.9419999999998976,0.05202038144435724,-0.5901493387792711,0.057206027964549766
2.9439999999998974,0.05083918876060569,-0.591039277793031,0.06994552433569867
2.945999999999897,0.049656272126801924,-0.5918732826504541,0.08264739018697409
2.947999999999897,0.04847174335156725,-0.5926514134325878,0.09531056138243488
2.9499999999998967,0.04728571411839852,-0.5933737351825601,0.10793397991691522
2.9519999999998965,0.0460982959757612,-0.5940403178882798,0.1205165939985749
2.9539999999998963,0.044909600327217525,-0.5946512364646982,0.13305735813066782
2.955999999999896,0.043719738421590555,-0.5952065707356347,0.14555523319252295
2.957999999999896,0.042528821343165,-0.5957064054151702,0.15800918651972912
2.9599999999998956,0.041336960001925674,-0.5961508300886091,0.1704181919835202
2.9619999999998954,0.040144265123834524,-0.5965399391930133,0.18278123006935243
2.963999999999895,0.03895084724114692,-0.5968738319973096,0.19509728795466807
2.965999999999895,0.03775681668276823,-0.5971526125819754,0.2073653595858404
2.9679999999998947,0.03656228356465141,-0.5973763898183028,0.2195844457542931
2.9699999999998945,0.035367357780236475,-0.5975452773472456,0.23175355417178867
2.9719999999998943,0.03417214899093273,-0.5976593935578512,0.24387169954488086
2.973999999999894,0.03297676661664451,-0.5977188615652806,0.2559379036485239
2.975999999999894,0.0317813198263413,-0.597723809188419,0.26795119539883555
2.9779999999998936,0.030585917528673057,-0.5976743689270805,0.279910610925006
2.9799999999998934,0.0293906683626315,-0.5975706779388097,0.2918151936403499
2.981999999999893,0.028195680688258215,-0.5974128780152832,0.3036639943124947
2.983999999999893,0.027001062577400356,-0.5972011155583142,0.315456071132701
2.9859999999998927,0.025806921804514715,-0.5969355415554636,0.32719048978431065
2.9879999999998925,0.02461336583752097,-0.5966163115552603,0.3388663235103164
2.9899999999998923,0.023420501828704882,-0.596243585642035,0.35048265318005056
2.991999999999892,0.0222284366056722,-0.5958175284103694,0.36203856735498613
2.993999999999892,0.02103727666235406,-0.5953383089391663,0.3735331623536474
2.9959999999998916,0.019847128150064612,-0.5948061007653415,0.3849655423156257
2.9979999999998914,0.01865809686861163,-0.5942210818571432,0.3963348192646953
2.999999999999891,0.017470288257460873,-0.5935834345871013,0.4076401131710269
3.001999999999891,0.016283807386954903,-0.5928933457046109,0.4188805520124925
3.0039999999998908,0.015098758949587088,-0.592151006308153,0.4300552718350619
3.0059999999998905,0.013915247251331544,-0.5913566118171562,0.4411634168122821
3.0079999999998903,0.012733376203029691,-0.5905103619435039,0.45220413930384074
3.00999999999989,0.011553249311834157,-0.5896124606626906,0.46317659991320703
3.01199999999989,0.010374969672710713,-0.5886631161846294,0.474079967544349
3.0139999999998897,0.009198639959998933,-0.5876625409241177,0.4849134194575223
3.0159999999998894,0.008024362419032267,-0.5866109514709628,0.4956761413241284
3.017999999999889,0.0068522388578182054,-0.5855085685597711,0.50636732728064
3.019999999999889,0.005682370638779177,-0.5843556170394076,0.516986179981589
3.0219999999998888,0.0045148586705548764,-0.5831523258421266,0.5275319106516159
3.0239999999998886,0.0033498033998666413,-0.581898927952379,0.5380037391365778
3.0259999999998883,0.0021873048034445402,-0.5805956603753014,0.5484008939537126
3.027999999999888,0.0010274623800177948,-0.5792427641048898,0.558722612340856
3.029999999999888,-0.0001296248576308336,-0.5778404840918618,0.5689681403047119
3.0319999999998877,-0.0012838583905460748,-0.5763890692112134,0.5791367326681702
3.0339999999998875,-0.0024351402014159912,-0.5748887722294725,0.5892276531166741
3.0359999999998872,-0.0035833727823220284,-0.5733398497716559,0.5992401742436324
3.037999999999887,-0.0047284591424226865,-0.5717425622879305,0.6091735775948761
3.039999999999887,-0.005870302815570223,-0.5700971740199878,0.6190271537121574
3.0419999999998866,-0.007008807867859821,-0.5684039529671319,0.6288002021756901
3.0439999999998864,-0.008143878905110652,-0.5666631708520875,0.6384920316457301
3.045999999999886,-0.009275421080278274,-0.5648751030865329,0.6481019599031941
3.047999999999886,-0.01040334010079784,-0.56304002873636,0.6576293138893157
3.0499999999998857,-0.01152754223585753,-0.5611582304866695,0.6670734297443385
3.0519999999998855,-0.012647934323601746,-0.5592299946065015,0.6764336528452448
3.0539999999998853,-0.01376442377826348,-0.5572556109133104,0.685709337842519
3.055999999999885,-0.014876918597225397,-0.5552353727371854,0.6948998486959452
3.057999999999885,-0.015985327368009103,-0.5531695768848225,0.7040045587094393
3.0599999999998846,-0.01708955927519211,-0.5510585236032535,0.7130228505649135
3.0619999999998844,-0.018189524107252025,-0.5489025165433343,0.7219541163551746
3.063999999999884,-0.01928513226333748,-0.5467018627230003,0.7307977576158546
3.065999999999884,-0.020376294759965337,-0.54445687249029,0.739553185356375
3.0679999999998837,-0.021462923237643722,-0.5421678594861449,0.7482198200899433
3.0699999999998835,-0.022544929967420434,-0.539835140606988,0.7567970918625821
3.0719999999998833,-0.02362222785735629,-0.5374590359670868,0.7652844402811924
3.073999999999883,-0.024694730458923,-0.5350398688607052,0.7736813145406497
3.075999999999883,-0.025762351973325118,-0.5325779657240489,0.7819871734499352
3.0779999999998826,-0.026825007257745698,-0.5300736560970097,0.7902014854573001
3.0799999999998824,-0.027882611831515237,-0.5275272725847122,0.7983237286744667
3.081999999999882,-0.028935081882203513,-0.5249391508188691,0.8063533908998646
3.083999999999882,-0.029982334271633954,-0.5223096294189491,0.8142899696409043
3.0859999999998817,-0.03102428654182016,-0.519639049953162,0.8221329721352886
3.0879999999998815,-0.03206085692082421,-0.5169277568992666,0.8298819153713637
3.0899999999998813,-0.0330919643285364,-0.5141760976052052,0.8375363261075087
3.091999999999881,-0.03411752838237614,-0.51138442224957,0.8450957408905693
3.093999999999881,-0.03513746940291352,-0.5085530838019067,0.8525597060733314
3.0959999999998806,-0.036151708419411434,-0.5056824379828585,0.8599277778310419
3.0979999999998804,-0.03716016717528775,-0.5027728432241578,0.8671995221769728
3.09999999999988,-0.03816276813349736,-0.4998246606284673,0.8743745149770353
3.10199999999988,-0.03915943448183375,-0.496838253929078,0.8814523419634409
3.1039999999998797,-0.04015009013814986,-0.49381398944946725,0.8884325987474155
3.1059999999998795,-0.04113465975549785,-0.49075223606272245,0.8953148908309658
3.1079999999998793,-0.042113068727187675,-0.4876533651508345,0.9020988336177009
3.109999999999879,-0.04308524319176405,-0.4845177505638665,0.9087840524227113
3.111999999999879,-0.04405111003790167,-0.48134576857900147,0.915370182481507
3.1139999999998786,-0.0450105969092184,-0.47813779785947513,0.9218568689580182
3.1159999999998784,-0.04596363220900621,-0.4748942194133971,0.9282437669516592
3.117999999999878,-0.04691014510487966,-0.4716154165524663,0.9345305415034593
3.119999999999878,-0.04785006553334169,-0.46830177485058455,0.9407168676012629
3.1219999999998778,-0.04878332420426658,-0.46495368210237353,0.9468024301840015
3.1239999999998775,-0.049709852605299816,-0.4615715282815994,0.9527869241450393
3.1259999999998773,-0.05062958300617473,-0.4581557054995103,0.9586700543345976
3.127999999999877,-0.05154244846294574,-0.4547066079630903,0.9644515355612575
3.129999999999877,-0.052448382822138,-0.4512246319332361,0.9701310925925477
3.1319999999998767,-0.05334732072481333,-0.44771017568285915,0.975708460154616
3.1339999999998764,-0.05423919761055233,-0.4441636394549195,0.9811833829309924
3.135999999999876,-0.05512394972135241,-0.4405854254203947,0.9865556155604427
3.137999999999876,-0.056001514105441776,-0.43697593763618925,0.9918249226339187
3.139999999999876,-0.05687182862100914,-0.4333355820029883,0.996991078690607
3.1419999999998756,-0.057734831939849095,-0.42966476622306077,1.0020538682130797
3.1439999999998753,-0.05859046355092305,-0.4259638997580162,1.0070130856215518
3.145999999999875,-0.059438663763835636,-0.4222333937865193,1.0118685352672467
3.147999999999875,-0.06027937371222649,-0.41847366116196766,1.0166200314248757
3.1499999999998747,-0.06111253535707739,-0.414685116370136,1.0212673982842326
3.1519999999998745,-0.06193809148993464,-0.4108681754867921,1.0258104699409099
3.1539999999998742,-0.06275598573604664,-0.40702325613528834,1.0302490903861385
3.155999999999874,-0.06356616255741662,-0.40315077744413336,1.0345831134957546
3.157999999999874,-0.06436856725577056,-0.39925116000454836,1.0388124030182997
3.1599999999998736,-0.06516314597544012,-0.39532482582801176,1.042936832562254
3.1619999999998734,-0.06594984570616076,-0.3913721983037974,1.046956285582413
3.163999999999873,-0.06672861428578479,-0.3873937021565094,1.050870655365405
3.165999999999873,-0.06749940040290962,-0.38338976340361913,1.0546798450143573
3.1679999999998727,-0.06826215359942107,-0.37936080931300703,1.0583837674327154
3.1699999999998725,-0.06901682427295171,-0.375307268360515,1.0619823453072177
3.1719999999998723,-0.06976336367925431,-0.3712295701875123,1.065475511090032
3.173999999999872,-0.0705017239344906,-0.36712814555847956,1.0688632069800554
3.175999999999872,-0.07123185801743497,-0.3630034263186149,1.0721453849033855
3.1779999999998716,-0.07195371977159365,-0.3588558453514661,1.0753220064929645
3.1799999999998714,-0.07266726390723902,-0.354685836536593,1.0783930430674027
3.181999999999871,-0.07337244600335932,-0.35049383470726414,1.0813584756089831
3.183999999999871,-0.07406922250952387,-0.34628027560819086,1.0842182947408574
3.1859999999998707,-0.07475755074766367,-0.3420455958533042,1.0869725007034297
3.1879999999998705,-0.0754373889137677,-0.33779023288357696,1.0896211033299408
3.1899999999998703,-0.07610869607949484,-0.33351462492489586,1.092164122021254
3.19199999999987,-0.0767714321937017,-0.3292192109459868,1.0946015857198443
3.19399999999987,-0.07742555808388617,-0.3249044306163977,1.0969335328830037
3.1959999999998696,-0.07807103545754722,-0.32057072426454236,1.0991600114552593
3.1979999999998694,-0.07870782690346068,-0.316218532835809,1.1012810788400147
3.199999999999869,-0.07933589589287135,-0.3118482978507369,1.1032968018704157
3.201999999999869,-0.07995520678060164,-0.3074604613632659,1.1052072567794504
3.2039999999998687,-0.08056572480607659,-0.30305546591906035,1.1070125291692823
3.2059999999998685,-0.08116741609426578,-0.29863375451391383,1.1087127139798263
3.2079999999998683,-0.08176024765654208,-0.29419577055223534,1.1103079154565716
3.209999999999868,-0.08234418739145741,-0.2897419578056226,1.1117982471176562
3.211999999999868,-0.08291920408543581,-0.2852727603715248,1.1131838317201967
3.2139999999998676,-0.08348526741338391,-0.2807886226319989,1.1144648012258829
3.2159999999998674,-0.08404234793921898,-0.276289989212562,1.115641296765838
3.217999999999867,-0.08459041711631479,-0.27177730494114455,1.1167134686047517
3.219999999999867,-0.08512944728786549,-0.26725101480714636,1.1176814761042924
3.2219999999998667,-0.08565941168716776,-0.2627115639205994,1.1185454876858012
3.2239999999998665,-0.08618028443782125,-0.25815939747144073,1.119305680792277
3.2259999999998663,-0.08669204055384788,-0.2535949606888984,1.119962241849653
3.227999999999866,-0.08719465593972985,-0.24901869880099406,1.1205153662273772
3.229999999999866,-0.08768810739036684,-0.2444310569941648,1.1209652581982925
3.2319999999998656,-0.08817237259095265,-0.2398324803730081,1.121312130897833
3.2339999999998654,-0.08864743011677131,-0.2352234139201523,1.1215562062825346
3.235999999999865,-0.0891132594329132,-0.23060430245625618,1.1216977150878655
3.237999999999865,-0.0895698408939112,-0.22597559060014036,1.1217368967853882
3.2399999999998648,-0.09001715574329729,-0.22133772272905375,1.1216739995392524
3.2419999999998645,-0.09045518611307976,-0.216691142939078,1.1215092801620266
3.2439999999998643,-0.09088391502314151,-0.21203629500567264,1.1212430040698758
3.245999999999864,-0.09130332638055942,-0.20737362234436413,1.1208754452370877
3.247999999999864,-0.09171340497884532,-0.20270356797158157,1.1204068861499583
3.2499999999998637,-0.0921141364971088,-0.19802657446564195,1.1198376177600349
3.2519999999998634,-0.09250550749914208,-0.19334308392788763,1.11916793943673
3.2539999999998632,-0.0928875054324274,-0.18865353794397904,1.1183981589193084
3.255999999999863,-0.09326011862706704,-0.1839583775453451,1.117528592268253
3.257999999999863,-0.09362333629463652,-0.17925804317079444,1.1165595638160155
3.2599999999998626,-0.0939771485269611,-0.17455297462828956,1.1154914061171597
3.2619999999998623,-0.09432154629481598,-0.1698436110568872,1.1143244598979005
3.263999999999862,-0.09465652144655068,-0.16513039088884715,1.113059074005047
3.265999999999862,-0.09498206670663763,-0.1604137518119122,1.1116956053543539
3.2679999999998617,-0.09529817567414564,-0.1556941307317617,1.1102344188782884
3.2699999999998615,-0.09560484282113839,-0.15097196373464156,1.108675887473218
3.2719999999998612,-0.09590206349099832,-0.14624768605017285,1.1070203919460255
3.273999999999861,-0.09618983389667642,-0.1415217320143417,1.1052683209601561
3.275999999999861,-0.09646815111886807,-0.13679453503267278,1.1034200709811057
3.2779999999998606,-0.09673701310411553,-0.13206652754358897,1.1014760462213535
3.2799999999998604,-0.09699641866283722,-0.12733814098195953,1.0994366585847444
3.28199999999986,-0.09724636746728436,-0.12260980574283893,1.0973023276103318
3.28399999999986,-0.0974868600494253,-0.11788195114539911,1.0950734804156825
3.2859999999998597,-0.09771789779875784,-0.11315500539705702,1.092750551639652
3.2879999999998595,-0.09793948296004999,-0.10842939555780005,1.0903339833846353
3.2899999999998593,-0.09815161863100974,-0.10370554750471145,1.0878242251583
3.291999999999859,-0.09835430875988385,-0.0989838858966979,1.085221733814809
3.293999999999859,-0.09854755814298652,-0.0942648341394217,1.0825269734955363
3.2959999999998586,-0.09873137242215797,-0.08954881435043942,1.079740415569287
3.2979999999998584,-0.09890575808215357,-0.08483624732454936,1.0768625385720192
3.299999999999858,-0.0990707224479639,-0.08012755249934995,1.073893828146085
3.301999999999858,-0.0992262736820661,-0.07542314792101107,1.070834776978989
3.3039999999998577,-0.09937242078160696,-0.07072345021026043,1.0676858847416721
3.3059999999998575,-0.09950917357551826,-0.06602887452858708,1.06444765802633
3.3079999999998573,-0.09963654272156472,-0.06133983454466403,1.0611206102837696
3.309999999999857,-0.09975453970332494,-0.05665674240099201,1.0577052617603113
3.311999999999857,-0.09986317682710598,-0.051980008680766306,1.0542021394342413
3.3139999999998566,-0.09996246721879179,-0.047310042374968636,1.0506117769518262
3.3159999999998564,-0.1000524248206261,-0.04264725084968607,1.0469347145628864
3.317999999999856,-0.10013306438793014,-0.03799203981365878,1.0431714990559469
3.319999999999856,-0.1002044014857558,-0.03334481328605855,1.0393226836929603
3.3219999999998557,-0.10026645248547436,-0.028705973564500015,1.0353888281436165
3.3239999999998555,-0.10031923456130175,-0.02407592119328622,1.0313704984192438
3.3259999999998553,-0.10036276568676027,-0.019455054931890595,1.0272682668063036
3.327999999999855,-0.10039706463107774,-0.014843771723676957,1.0230827117994932
3.329999999999855,-0.10042215095552418,-0.010242466664859378,1.0188144180344543
3.3319999999998546,-0.10043804500968667,-0.005651532973703668,1.014463976220101
3.3339999999998544,-0.10044476792768296,-0.0010713619599722023,1.0100319830705704
3.335999999999854,-0.10044234162431409,0.003497657005386192,1.0055190412368018
3.337999999999854,-0.1004307887911567,0.008055136520299603,1.0009257592377547
3.3399999999998538,-0.10041013289259546,0.012600691181387978,0.9962527513912673
3.3419999999998535,-0.10038039816179604,0.017133937613527994,0.9915006377445666
3.3439999999998533,-0.1003416095966194,0.02165449449916623,0.9866700440044325
3.345999999999853,-0.10029379295547745,0.02616198260737899,0.9817616014670277
3.347999999999853,-0.10023697475313105,0.030656024822677264,0.9767759469473954
3.3499999999998527,-0.10017118225643055,0.035136246173555145,0.9717137227086332
3.3519999999998524,-0.10009644347999952,0.039602273860780246,0.9665755763907504
3.353999999999852,-0.10001278718186216,0.04405373728542451,0.9613621609392151
3.355999999999852,-0.0999202428590149,0.04849026807663394,0.956074134533197
3.3579999999998518,-0.09981884074294275,0.05291150011913568,0.950712160513515
3.3599999999998515,-0.09970861179508089,0.05731706958048109,0.9452769073102919
3.3619999999998513,-0.09958958770222198,0.0617066149380232,0.9397690483703278
3.363999999999851,-0.09946180087186987,0.0660797770056272,0.9341892620841966
3.365999999999851,-0.09932528442754013,0.07043619896011254,0.9285382317130715
3.3679999999998507,-0.0991800722040079,0.0747755263674251,0.9228166453152887
3.3699999999998504,-0.09902619874250379,0.07909740720853824,0.917025195672654
3.3719999999998502,-0.09886369928585814,0.08340149190508118,0.9111645802164997
3.37399999999985,-0.09869260977359434,0.08768743334469348,0.9052355009535002
3.37599999999985,-0.09851296683697172,0.09195488690610404,0.89923866439125
3.3779999999998496,-0.09832480779397858,0.09620351048393376,0.8931747814636133
3.3799999999998493,-0.0981281706442758,0.10043296451322001,0.887044567455852
3.381999999999849,-0.09792309406409183,0.10464291199366196,0.880848741929538
3.383999999999849,-0.09770961740106933,0.10883301851358547,0.8745880286472564
3.3859999999998487,-0.09748778066906422,0.11300295227362611,0.8682631554971078
3.3879999999998485,-0.09725762454289767,0.11715238411012928,0.8618748544170161
3.3899999999998482,-0.09701919035306154,0.12128098751826603,0.8554238613188474
3.391999999999848,-0.09677252008037786,0.12538843867486354,0.8489109160123495
3.393999999999848,-0.09651765635061298,0.12947441646094895,0.8423367621289151
3.3959999999998476,-0.0962546424290469,0.1335386024840053,0.8357021470451809
3.3979999999998474,-0.09598352221499835,0.1375806810999387,0.8290078218064637
3.399999999999847,-0.0957043402363063,0.1416003394347554,0.8222545410500448
3.401999999999847,-0.0954171416437683,0.14559726740594742,0.8154430629283077
3.4039999999998467,-0.0951219722055364,0.1495711577435862,0.8085741490317355
3.4059999999998465,-0.09481887830147125,0.15352170601112272,0.8016485643117779
3.4079999999998463,-0.09450790691745471,0.15744861062589305,0.7946670770035897
3.409999999999846,-0.09418910563966196,0.16135157287932853,0.787630458548654
3.411999999999846,-0.09386252264879327,0.16523029695686933,0.7805394835172911
3.4139999999998456,-0.09352820671426645,0.16908448995758046,0.7733949295310634
3.4159999999998454,-0.09318620718837019,0.17291386191346922,0.766197577185084
3.417999999999845,-0.09283657400037917,0.17671812580850302,0.7589482099702326
3.419999999999845,-0.09247935765063144,0.18049699759732674,0.7516476141952887
3.4219999999998447,-0.09211460920456853,0.1842501962236786,0.7442965789089876
3.4239999999998445,-0.09174238028673924,0.18797744363850363,0.7368958958220067
3.4259999999998443,-0.09136272307476737,0.19167846481776382,0.7294463592288888
3.427999999999844,-0.09097569029328409,0.19535298777994398,0.7219487659299098
3.429999999999844,-0.09058133520782577,0.19900074360325268,0.7144039151528969
3.4319999999998436,-0.09017971161869758,0.20262146644251702,0.7068126084750049
3.4339999999998434,-0.08977087385480362,0.20621489354577086,0.6991756497444588
3.435999999999843,-0.08935487676744426,0.20978076527053516,0.6914938450022654
3.437999999999843,-0.08893177572408113,0.21331882509979014,0.6837680024039074
3.4399999999998427,-0.08850162660207055,0.2168288196576381,0.6759989321410211
3.4419999999998425,-0.08806448578236586,0.2203104987246563,0.6681874463630674
3.4439999999998423,-0.08762041014318951,0.2237636152529392,0.6603343590990023
3.445999999999842,-0.08716945705367518,0.22718792538082916,0.6524404861789559
3.447999999999842,-0.08671168436748088,0.23058318844733508,0.6445066451559227
3.4499999999998416,-0.08624715041637347,0.2339491670062381,0.6365336552274737
3.4519999999998414,-0.08577591400378538,0.23728562683988397,0.6285223371574966
3.453999999999841,-0.0852980343983439,0.24059233697266105,0.6204735131979698
3.455999999999841,-0.0848135713273739,0.24386906968416383,0.6123880070107779
3.4579999999998408,-0.08432258497037463,0.24711560052204076,0.6042666435895752
3.4599999999998405,-0.08382513595247103,0.25033170831452634,0.5961102491817056
3.4619999999998403,-0.08332128533784026,0.2535171751826566,0.587919651210184
3.46399999999984,-0.08281109462311427,0.2566717865521675,0.5796956781957461
3.46599999999984,-0.08229462573075873,0.25979533116507586,0.5714391596789752
3.4679999999998397,-0.08177194100242922,0.262887601090942,0.5631509261425114
3.4699999999998394,-0.08124310319230518,0.26594839173781404,0.5548318089333503
3.471999999999839,-0.08070817546040225,0.26897750186285296,0.5464826401852378
3.473999999999839,-0.08016722136586375,0.2719747335826384,0.5381042527411696
3.4759999999998388,-0.07962030486023183,0.27493989238315464,0.529697480075999
3.4779999999998386,-0.079067490280699,0.277872787129456,0.5212631562191637
3.4799999999998383,-0.07850884234334055,0.2807732300750121,0.512802115677534
3.481999999999838,-0.07794442613632874,0.2836410368707317,0.5043151933583934
3.483999999999838,-0.07737430711312918,0.2864760265736659,0.49580322449255565
3.4859999999998377,-0.07679855108568014,0.28927802165538885,0.48726704455762593
3.4879999999998375,-0.0762172242175554,0.2920468480100578,0.4787074892014125
3.4899999999998372,-0.07563039301711139,0.2947823349621501,0.4701253941654962
3.491999999999837,-0.07503812433061902,0.2974843152738785,0.46152159520896374
3.493999999999837,-0.07444048533538115,0.3001526251522836,0.4528969280323117
3.4959999999998366,-0.07383754353283617,0.302787104256004,0.444252228201528
3.4979999999998364,-0.07322936674164825,0.3053875957017237,0.43558833107235767
3.499999999999836,-0.07261602309078517,0.30795394607029586,0.4269060717147588
3.501999999999836,-0.07199758101258416,0.31048600541254473,0.4182062848375559
3.5039999999998357,-0.0713741092358064,0.31298362725474355,0.4094898047132968
3.5059999999998355,-0.07074567677868097,0.31544666860376985,0.4007574651033204
3.5079999999998353,-0.07011235294193885,0.3178749899519375,0.3920100991830399
3.509999999999835,-0.06947420730183741,0.3202684552815057,0.38324853946745097
3.511999999999835,-0.06883130970317639,0.3226269320688649,0.3744736177368684
3.5139999999998346,-0.06818373025230567,0.32495029128839964,0.365686164962899
3.5159999999998344,-0.06753153931012586,0.3272384074160289,0.3568870112346571
3.517999999999834,-0.0668748074850818,0.32949115843242305,0.34807698568522966
3.519999999999834,-0.06621360562615032,0.3317084258258989,0.33925691641839495
3.5219999999998337,-0.06554800481582222,0.3338900945949916,0.3304276304356043
3.5239999999998335,-0.06487807636307964,0.33603605325070507,0.32158995356323067
3.5259999999998333,-0.06420389179636912,0.33814619381843986,0.31274471038009133
3.527999999999833,-0.06352552285657122,0.34022041183959956,0.3038927241452513
3.529999999999833,-0.06284304148996715,0.3422586063728758,0.2950348167261126
3.5319999999998326,-0.062156519841203274,0.3442606799952121,0.28617180852679575
3.5339999999998324,-0.061466030246253876,0.34622653880244686,0.27730451841682063
3.535999999999832,-0.060771645225383066,0.3481560924096364,0.2684337636600919
3.537999999999832,-0.060073437476106294,0.35004925395105757,0.25956035984419423
3.5399999999998317,-0.05937147986615222,0.35190594007989107,0.2506851208100054
3.5419999999998315,-0.05866584542642549,0.35372607096758585,0.24180885858163115
3.5439999999998313,-0.05795660734397118,0.35550957030290486,0.23293238329666904
3.545999999999831,-0.05724383895494134,0.3572563652906528,0.22405650313680692
3.547999999999831,-0.05652761373756455,0.3589663866500864,0.2151820242587606
3.5499999999998306,-0.055808005305118855,0.3606395686130081,0.20630975072555913
3.5519999999998304,-0.05508508739890888,0.3622758489215433,0.19744048443818046
3.55399999999983,-0.05435893388124772,0.36387516882560195,0.18857502506754553
3.55599999999983,-0.053629618728444156,0.36543747308002555,0.17971416998687523
3.5579999999998297,-0.052897216023795976,0.36696270994141994,0.17085871420441606
3.5599999999998295,-0.05216179995058988,0.36845083116467453,0.16200945029653985
3.5619999999998293,-0.051423444785108685,0.36990179199916895,0.1531671683412243
3.563999999999829,-0.05068222488964643,0.37131555118466797,0.1443326558519179
3.565999999999829,-0.049938214705532,0.37269207094690543,0.13550669771179635
3.5679999999998286,-0.04919148874616188,0.3740313169928579,0.1266900761084146
3.5699999999998284,-0.04844212159004268,0.3753332585057095,0.11788357046876091
3.571999999999828,-0.04769018787384405,0.37659786813950785,0.10908795739471733
3.573999999999828,-0.04693576228546256,0.3778251220135136,0.10030401059893262
3.5759999999998278,-0.04617891955709724,0.37901499970624264,0.09153250084111203
3.5779999999998275,-0.045419734458337274,0.38016748424920394,0.08277419586472978
3.5799999999998273,-0.044658281789262566,0.3812825621203325,0.0740298603341688
3.581999999999827,-0.04389463637355774,0.38236022323711977,0.06530025577229315
3.583999999999827,-0.04312887305164016,0.38340046094944147,0.056586140498457616
3.5859999999998267,-0.04236106667380264,0.384403272032085,0.04788826956696013
3.5879999999998264,-0.041591292093371326,0.38536865667697723,0.03920739470594137
3.589999999999826,-0.0408196241598795,0.38629661848511343,0.03054426425673601
3.591999999999826,-0.04004613771225775,0.3871871644581894,0.021899623113681543
3.593999999999826,-0.039270907572041255,0.3880403049899376,0.013274212664388052
3.5959999999998256,-0.03849400853659461,0.38885605385716854,0.004668770730475003
3.5979999999998253,-0.03771551537235491,0.38963442821051913,-0.003915968491222388
3.599999999999825,-0.0369355028080936,0.39037544856490897,-0.01247927448697006
3.601999999999825,-0.036154045528197745,0.3910791387897063,-0.021020420483972957
3.6039999999998247,-0.03537121816597122,0.39174552609860464,-0.02953868350772887
3.6059999999998245,-0.03458709529695644,0.3923746410392123,-0.03803334443889245
3.6079999999998242,-0.033801751432277205,0.3929665174823555,-0.04650368806964794
3.609999999999824,-0.033015261012003236,0.39352119261109675,-0.054949003159583454
3.611999999999824,-0.032227698398536925,0.39403870690947074,-0.06336858249106436
3.6139999999998236,-0.031439137870022914,0.3945191041509383,-0.07176172292410149
3.6159999999998234,-0.03064965361378105,0.39496243138656106,-0.08012772545070918
3.617999999999823,-0.02985931971976326,0.39536873893289737,-0.08846589524875059
3.619999999999823,-0.029068210174034922,0.39573808035962227,-0.09677554173526476
3.6219999999998227,-0.02827639885228125,0.39607051247687236,-0.10505597861927302
3.6239999999998225,-0.02748395951333928,0.3963660953223178,-0.11330652395405988
3.6259999999998223,-0.026690965792755983,0.396624892147963,-0.12152650018892502
3.627999999999822,-0.025897491196373038,0.39684696940667746,-0.12971523422040315
3.629999999999822,-0.025103609093938814,0.39703239673845975,-0.13787205744294712
3.6319999999998216,-0.02430939271274809,0.3971812469564348,-0.14599630579907158
3.6339999999998214,-0.023514915131310047,0.3972935960325878,-0.1540873198289539
3.635999999999821,-0.022720249273045053,0.3973695230832357,-0.16214444471948733
3.637999999999821,-0.021925467900010764,0.3974091103542389,-0.17016703035278516
3.6399999999998207,-0.02113064360665806,0.3974124432059547,-0.17815443135413128
3.6419999999998205,-0.020335848813617333,0.39737961009793427,-0.18610600713937409
3.6439999999998203,-0.019541155761515626,0.39731070257336587,-0.19402112196176094
3.64599999999982,-0.018746636504825154,0.3972058152432658,-0.2018991449582096
3.64799999999982,-0.01795236290574368,0.39706504577041923,-0.20973945019501428
3.6499999999998196,-0.01715840662810727,0.39688849485307304,-0.21754141671298244
3.6519999999998194,-0.01636483913133588,0.3966762662083829,-0.22530442857200034
3.653999999999819,-0.015571731664412333,0.3964284665556166,-0.23302787489502413
3.655999999999819,-0.014779155259895102,0.3961452055991156,-0.24071114991149326
3.6579999999998187,-0.013987180727965422,0.39582659601101766,-0.24835365300016457
3.6599999999998185,-0.013195878650509182,0.395472753413742,-0.25595478873136346
3.6619999999998183,-0.0124053193752341,0.39508379636223945,-0.26351396690865014
3.663999999999818,-0.011615573009822616,0.3946598463260102,-0.2710306026098984
3.665999999999818,-0.01082670941612098,0.394201027670891,-0.27850411622778404
3.6679999999998176,-0.010038798204365007,0.3937074676406143,-0.2859339335096812
3.6699999999998174,-0.009251908727442927,0.3931792963381418,-0.29331948559696425
3.671999999999817,-0.008466110075195791,0.39261664670677415,-0.30066020906371255
3.673999999999817,-0.0076814710687558895,0.3920196545110402,-0.3079555459548162
3.6759999999998167,-0.006898060254923602,0.3913884583173672,-0.3152049438234813
3.6779999999998165,-0.006115945900583127,0.3907231994745348,-0.32240785576813114
3.6799999999998163,-0.005335195987157515,0.3900240220939155,-0.32956374046870357
3.681999999999816,-0.004555878205103431,0.3892910730295034,-0.33667206222234036
3.683999999999816,-0.003778059948446077,0.38852450185773413,-0.3437322909784691
3.6859999999998156,-0.003001808309354671,0.38772446085709883,-0.35074390237327335
3.6879999999998154,-0.002227190072758908,0.3868911049875536,-0.35770637776355213
3.689999999999815,-0.0014542717110068006,0.3860245918697277,-0.3646192042599645
3.691999999999815,-0.000683119378564305,0.38512508176393356,-0.3714818747596597
3.6939999999998148,8.620109324287853e-05,0.3841927375489796,-0.3782938879782905
3.6959999999998145,0.0008536242014449365,0.3832277247007899,-0.38505474848140836
3.6979999999998143,0.0016190847766006213,0.3822302112708329,-0.3917639667152393
3.699999999999814,0.0023825179879265975,0.38120036786436096,-0.3984210590368391
3.701999999999814,0.0031438593483830842,0.38013836761846476,-0.4050255477436269
3.7039999999998137,0.0039030447197154197,0.37904438617994407,-0.4115769611022956
3.7059999999998134,0.004660010317451189,0.37791860168299807,-0.4180748333770983
3.7079999999998132,0.005414692715852552,0.3767611947267375,-0.42451870485751
3.709999999999813,0.0061670288528234245,0.3755723483525222,-0.43090812188526306
3.711999999999813,0.006916956034771154,0.3743522480211251,-0.43724263688075643
3.7139999999998126,0.007664411941422363,0.3731010815897276,-0.44352180836883665
3.7159999999998123,0.008409334630592607,0.3718190392887467,-0.4497452010039512
3.717999999999812,0.00915166254290953,0.3705063136984984,-0.4559123855946728
3.719999999999812,0.009891334506489177,0.3691630997256992,-0.4620229391275937
3.7219999999998117,0.010628289741565157,0.3677895945798089,-0.46807644479059096
3.7239999999998115,0.011362467865070334,0.3663859977492169,-0.4740724919954605
3.7259999999998112,0.01209380889517073,0.36495251097727527,-0.48001067639992023
3.727999999999811,0.012822253255751353,0.36348933823818164,-0.48589059992898254
3.729999999999811,0.01354774178085364,0.36199668571271354,-0.49171187079569517
3.7319999999998106,0.014270215719064224,0.36047476176381826,-0.49747410352124993
3.7339999999998104,0.014989616737854726,0.3589237769120603,-0.5031769189544605
3.73599999999981,0.015705886927872326,0.35734394381092943,-0.5088199442906076
3.73799999999981,0.01641896880718079,0.3557354772220123,-0.5144028130896527
3.7399999999998097,0.017128805325451725,0.35409859399002996,-0.5199251652938202
3.7419999999998095,0.01783533986810576,0.35243351301774484,-0.5253866472445472
3.7439999999998093,0.01853851626040343,0.3507404552407394,-0.5307869116988024
3.745999999999809,0.01923827877148548,0.3490196436020695,-0.5361256178447736
3.747999999999809,0.019934572118362363,0.34727130302679565,-0.5414024313169243
3.7499999999998086,0.020627341469852657,0.34549566039639434,-0.5466170242104192
3.7519999999998084,0.02131653245047023,0.34369294452305277,-0.5517690750949209
3.753999999999808,0.022002091144259835,0.3418633861238499,-0.556858269027755
3.755999999999808,0.022683964098580988,0.3400072177948263,-0.5618842975664482
3.7579999999998077,0.023362098327839868,0.33812467398494583,-0.5668468587806361
3.7599999999998075,0.02403644131716902,0.33621599096995247,-0.5717456572633445
3.7619999999998073,0.024706941026054693,0.334281406826124,-0.5765804041416427
3.763999999999807,0.02537354589191157,0.3323211614039269,-0.5813508170866709
3.765999999999807,0.02603620483360472,0.3303354963015741,-0.5860566203230426
3.7679999999998066,0.026694867254918563,0.32832465483848894,-0.5906975446376213
3.7699999999998064,0.027349483047972672,0.32628888202867845,-0.5952733273876746
3.771999999999806,0.028000002596584243,0.3242284245540183,-0.5997837125084051
3.773999999999806,0.028646376779577046,0.3221435307374525,-0.6042284505198607
3.7759999999998057,0.02928855697403668,0.32003445051611096,-0.6086072985332229
3.7779999999998055,0.029926495058512,0.31790143541434734,-0.6129200202564777
3.7799999999998053,0.030560143416162536,0.3157447385167004,-0.6171663859994674
3.781999999999805,0.03118945493785176,0.3135646144407813,-0.6213461726783258
3.783999999999805,0.031814383025186056,0.3113613193100904,-0.6254591638192989
3.7859999999998046,0.03243488159349926,0.30913511072676536,-0.629505149561951
3.7879999999998044,0.03305090507478264,0.30688624774426454,-0.633483926661758
3.789999999999804,0.03366240842056012,0.30461499083998766,-0.637395298492091
3.791999999999804,0.034269347104708796,0.3023216018878369,-0.6412390750455889
3.7939999999998038,0.03487167712622442,0.3000063441307214,-0.6450150729349249
3.7959999999998035,0.03546935501193186,0.29766948215300765,-0.6487231153929656
3.7979999999998033,0.03606233781914047,0.29531128185291877,-0.6523630322723262
3.799999999999803,0.03665058313824411,0.2929320104148856,-0.6559346600443234
3.801999999999803,0.03723404909526591,0.29053193628185214,-0.6594378417973267
3.8039999999998027,0.03781269435434756,0.28811132912753834,-0.6628724272345112
3.8059999999998024,0.03838647812018307,0.285670459828663,-0.6662382726710139
3.807999999999802,0.03895536014039699,0.2832096004371295,-0.6695352410304937
3.809999999999802,0.039519300707866925,0.280729024152177,-0.6727632018410994
3.8119999999998018,0.04007826066299035,0.2782290052925002,-0.6759220312308463
3.8139999999998015,0.04063220139589558,0.27570981926834043,-0.6790116119224037
3.8159999999998013,0.04118108484859697,0.2731717425535501,-0.6820318332272962
3.817999999999801,0.041724873517094176,0.27061505265763436,-0.6849825910395198
3.819999999999801,0.04226353045341548,0.2680400280977717,-0.687863787828576
3.8219999999998007,0.04279701926760515,0.26544694837081695,-0.6906753326319265
3.8239999999998004,0.0433253041296548,0.2628360939252886,-0.6934171410468685
3.8259999999998002,0.04384834977137867,0.2602077461333443,-0.6960891352218366
3.8279999999998,0.04436612148823289,0.2575621872627459,-0.698691243847131
3.8299999999998,0.04487858514107866,0.25489970044881755,-0.7012234021450747
3.8319999999997996,0.04538570715788932,0.2522205696663995,-0.7036855518596041
3.8339999999997993,0.045887454535401336,0.24952507970179982,-0.7060776412452927
3.835999999999799,0.04638379484070921,0.24681351612474706,-0.7083996250558131
3.837999999999799,0.046874696212804275,0.24408616526034616,-0.7106514645318391
3.8399999999997987,0.0473601273640574,0.2413433141610407,-0.7128331273883889
3.8419999999997985,0.047840057581645654,0.23858525057858368,-0.7149445878016147
3.8439999999997982,0.04831445672892292,0.23581226293601937,-0.7169858263950403
3.845999999999798,0.04878329524673445,0.23302464029967931,-0.7189568302252486
3.847999999999798,0.049246544154675484,0.2302226723511945,-0.7208575927670238
3.8499999999997976,0.04970417505229386,0.22740664935952662,-0.7226881138979494
3.8519999999997974,0.05015616012023675,0.22457686215302064,-0.7244483998824652
3.853999999999797,0.05060247212134149,0.22173360209148163,-0.7261384633553881
3.855999999999797,0.05104308440167061,0.21887716103827792,-0.7277583233048965
3.8579999999997967,0.051477970891491115,0.21600783133247342,-0.729308005054984
3.8599999999997965,0.05190710610619801,0.21312590576099127,-0.7307875402473845
3.8619999999997963,0.05233046514718224,0.21023167753081176,-0.7321969668229713
3.863999999999796,0.052748023702643025,0.20732544024120636,-0.7335363290026341
3.865999999999796,0.05315975804834474,0.2044074878560109,-0.7348056772676366
3.8679999999997956,0.05356564504831833,0.20147811467593987,-0.7360050683394583
3.8699999999997954,0.05396566215550746,0.19853761531094452,-0.7371345651591232
3.871999999999795,0.054359787412359355,0.19558628465261707,-0.738194236866019
3.873999999999795,0.054747999451360566,0.19262441784664333,-0.7391841587762106
3.8759999999997947,0.055130277495517646,0.18965231026530627,-0.7401044123602489
3.8779999999997945,0.055506601358782916,0.1866702574800427,-0.7409550852204827
3.8799999999997943,0.05587695144642537,0.18367855523405563,-0.7417362710678719
3.881999999999794,0.05624130875534688,0.18067749941498432,-0.7424480696983093
3.883999999999794,0.056599654874343805,0.17766738602763452,-0.7430905869684531
3.8859999999997936,0.05695197198431411,0.1746485111667713,-0.7436639347710726
3.8879999999997934,0.05729824285841016,0.17162117098997642,-0.7441682310099124
3.889999999999793,0.05763845086213724,0.1685856616905727,-0.7446035995740781
3.891999999999793,0.05797257995339806,0.16554227947061767,-0.7449701703119451
3.8939999999997927,0.058300614682483286,0.16249132051396858,-0.7452680790045982
3.8959999999997925,0.05862254019200827,0.1594330809594211,-0.7454974673388015
3.8979999999997923,0.05893834221679614,0.15636785687392374,-0.7456584828795039
3.899999999999792,0.059248007083707394,0.15329594422587042,-0.7457512790418852
3.901999999999792,0.059551521711416165,0.150217638858473,-0.7457760150629443
3.9039999999997916,0.059848873610133316,0.14713323646321624,-0.7457328559726346
3.9059999999997914,0.06014005088127652,0.14404303255339718,-0.7456219725645494
3.907999999999791,0.06042504221708749,0.1409473224377509,-0.7454435413661624
3.909999999999791,0.06070383690019661,0.13784640119416502,-0.7451977446086258
3.9119999999997908,0.06097642480313499,0.13474056364348483,-0.7448847701961311
3.9139999999997905,0.06124279638779431,0.1316301043234111,-0.7445048116748347
3.9159999999997903,0.06150294270483452,0.12851531746249284,-0.7440580682013542
3.91799999999979,0.061756855393039614,0.12539649695421662,-0.7435447445108381
3.91999999999979,0.062004526678621684,0.12227393633119486,-0.7429650508846127
3.9219999999997897,0.062245949374473475,0.11914792873945484,-0.7423192031174117
3.9239999999997894,0.06248111687936958,0.11601876691283047,-0.7416074224841895
3.925999999999789,0.06271002317711658,0.11288674314745879,-0.7408299357065262
3.927999999999789,0.0629326628356522,0.10975214927638312,-0.7399869749186246
3.9299999999997888,0.0631490310060939,0.10661527664426478,-0.7390787776329051
3.9319999999997886,0.06335912342173686,0.10347641608220526,-0.7381055867052038
3.9339999999997883,0.0635629363970018,0.10033585788268079,-0.7370676502995739
3.935999999999788,0.06376046682633285,0.09719389177459108,-0.7359652218526989
3.937999999999788,0.06395171218304543,0.09405080689842418,-0.7347985600379195
3.9399999999997877,0.06413667051812483,0.09090689178153928,-0.7335679287288784
3.9419999999997875,0.06431534045897526,0.08776243431356917,-0.7322735969627876
3.9439999999997872,0.06448772120811996,0.08461772172194429,-0.7309158389033217
3.945999999999787,0.06465381254185244,0.08147304054754008,-0.7294949338031439
3.947999999999787,0.06481361480883913,0.07832867662044941,-0.7280111659660645
3.9499999999997866,0.06496712892867365,0.07518491503588184,-0.7264648247088407
3.9519999999997864,0.06511435639038318,0.07204204013019148,-0.7248562043226183
3.953999999999786,0.06525529925088683,0.06890033545703507,-0.7231856040340233
3.955999999999786,0.06538996013340652,0.06576008376366209,-0.7214533279659033
3.9579999999997857,0.06551834222583061,0.06262156696733852,-0.7196596850977273
3.9599999999997855,0.06564044927903048,0.059485066131905955,-0.7178049892256447
3.9619999999997852,0.06575628560513039,0.05635086144447763,-0.7158895589222107
3.963999999999785,0.0658658560757308,0.05321923219227311,-0.7139137174957815
3.965999999999785,0.06596916612008559,0.050090456739593184,-0.7118777929495811
3.9679999999997846,0.06606622172323336,0.04696481250493658,-0.7097821179404491
3.9699999999997844,0.066157029424083,0.04384257593826008,-0.7076270297372701
3.971999999999784,0.06624159631345408,0.040724022498383604,-0.70541287017909
3.973999999999784,0.06631993003207208,0.03760942663054178,-0.7031399856329243
3.9759999999997837,0.06639203876851893,0.03449906174408361,-0.7008087269512626
3.9779999999997835,0.06645793125713904,0.03139320019032165,-0.6984194494292729
3.9799999999997833,0.0665176167759013,0.02829211324053223,-0.6959725127617121
3.981999999999783,0.06657110514421707,0.025196071064108257,-0.6934682809995453
3.983999999999783,0.06661840672071477,0.022105342706865982,-0.690907122506279
3.9859999999997826,0.06665953240097115,0.019020196069507212,-0.6882894099140138
3.9879999999997824,0.06669449361519968,0.015940897886238405,-0.6856155200792188
3.989999999999782,0.06672330232589631,0.01286771370354806,-0.6828858340382352
3.991999999999782,0.06674597102544302,0.00980090785914377,-0.6801007369625112
3.9939999999997817,0.0667625127336693,0.006740743461050365,-0.677260618113574
3.9959999999997815,0.06677294099537202,0.0036874823668704777,-0.6743658707977433
3.9979999999997813,0.06677726987779406,0.000641385163208883,-0.6714168923205907
3.999999999999781,0.06677551396806185,-0.0023972888547380477,-0.6684140839411495
4.001999999999781,0.06676768837058232,-0.005428281703426462,-0.6653578508258805
4.003999999999781,0.06675380870439951,-0.008451336731041429,-0.6622486020023968
4.005999999999781,0.06673389110051117,-0.011466198637404333,-0.6590867503129536
4.007999999999781,0.06670795219914577,-0.014472613493709987,-0.6558727123677075
4.00999999999978,0.06667600914700018,-0.01747032876209224,-0.6526069084977477
4.01199999999978,0.06663807959443836,-0.02045909331501683,-0.6492897627079096
4.01399999999978,0.06659418169265151,-0.023438657454500245,-0.6459217026293668
4.01599999999978,0.06654433409077985,-0.026408772931153447,-0.6425031594720149
4.0179999999997795,0.06648855593299666,-0.029369192963049223,-0.6390345679766452
4.019999999999779,0.06642686685555453,-0.03231967225441202,-0.6355163663669173
4.021999999999779,0.06635928698379465,-0.03525996701412911,-0.6319489963011333
4.023999999999779,0.06628583692911903,-0.038189834974081946,-0.6283329028238174
4.025999999999779,0.06620653778592649,-0.041109035407296574,-0.6246685343171084
4.027999999999778,0.06612141112851225,-0.044017329145912054,-0.6209563424519683
4.029999999999778,0.06603047900793199,-0.04691447859896576,-0.6171967821392104
4.031999999999778,0.06593376394883045,-0.049800247769994456,-0.6133903114803542
4.033999999999778,0.06583128894623495,-0.05267440227445017,-0.60953739171831
4.0359999999997775,0.06572307746231437,-0.05553670935692982,-0.6056384871878994
4.037999999999777,0.06560915342310378,-0.05838693790821747,-0.6016940652662139
4.039999999999777,0.06548954121519518,-0.06122485848213836,-0.5977045963228204
4.041999999999777,0.06536426568239481,-0.06405024331222359,-0.5936705536698135
4.043999999999777,0.06523335212234718,-0.0668628663281846,-0.5895924135117245
4.045999999999776,0.06509682628312648,-0.06966250317219641,-0.5854706548952872
4.047999999999776,0.06495471435979548,-0.07244893121498867,-0.5813057596590683
4.049999999999776,0.06480704299093258,-0.0752219295717437,-0.5770982123829662
4.051999999999776,0.06465383925512713,-0.07798127911780049,-0.5728485003375822
4.053999999999776,0.06449513066744364,-0.08072676250416384,-0.5685571134334708
4.055999999999775,0.06433094517585511,-0.08345816417281779,-0.5642245441702725
4.057999999999775,0.06416131115764594,-0.08617527037184237,-0.5598512875857333
4.059999999999775,0.06398625741578479,-0.08887786917033298,-0.555437841204617
4.061999999999775,0.06380581317526784,-0.09156575047312143,-0.5509847049875148
4.0639999999997745,0.0636200080794328,-0.09423870603529796,-0.546492381279557
4.065999999999774,0.06342887218624399,-0.09689652947653335,-0.5419613747590301
4.067999999999774,0.06323243596454914,-0.09953901629520037,-0.5373921923859065
4.069999999999774,0.06303073029030797,-0.10216596388229389,-0.532785343350291
4.071999999999774,0.06282378644279325,-0.10477717153514876,-0.5281413390207857
4.073999999999773,0.06261163610076462,-0.10737244047095486,-0.5234606928927837
4.075999999999773,0.0623943113386155,-0.10995157384006857,-0.5187439205366913
4.077999999999773,0.06217184462249368,-0.11251437673911996,-0.5139915395460863
4.079999999999773,0.061944268806395836,-0.115060656223915,-0.5092040694858169
4.0819999999997725,0.06171161712823648,-0.1175902213221322,-0.5043820318400433
4.083999999999772,0.0614739232058917,-0.120102883045813,-0.49952594996023264
4.085999999999772,0.06123122103321815,-0.12259845440364521,-0.494636349013104
4.087999999999772,0.060983544976047674,-0.12507675041303906,-0.48971375592853633
4.089999999999772,0.06073092976815795,-0.12753758811199514,-0.4847586993474377
4.091999999999771,0.06047341050721966,-0.1299807865707636,-0.47977170956958437
4.093999999999771,0.060211022650720536,-0.13240616690329426,-0.474753318501433
4.095999999999771,0.05994380201186668,-0.134813552278477,-0.4697040596039111
4.097999999999771,0.05967178475546166,-0.1372027679311716,-0.46462446784018974
4.0999999999997705,0.05939500739376373,-0.13957364117302715,-0.45951507962344496
4.10199999999977,0.05911350678232164,-0.14192600140309,-0.45437643276461015
4.10399999999977,0.05882732011578942,-0.14425968011819992,-0.4492090664201265
4.10599999999977,0.05853648492372059,-0.14657451092317422,-0.44401352103969427
4.10799999999977,0.05824103906634224,-0.14887032954077906,-0.4387903383140317
4.109999999999769,0.05794102073030933,-0.15114697382148784,-0.4335400611226433
4.111999999999769,0.05763646842443976,-0.153404283753026,-0.4282632334816055
4.113999999999769,0.057327420975430476,-0.15564210146970212,-0.42296040049137157
4.115999999999769,0.0570139175235552,-0.1578602712615246,-0.4176321082846026
4.1179999999997685,0.056695997518344116,-0.160058639583104,-0.41227890397402744
4.119999999999768,0.05637370071424594,-0.1622370550623403,-0.4069013356003371
4.121999999999768,0.05604706716627287,-0.16439536850889497,-0.4014999520801191
4.123999999999768,0.0557161372256288,-0.16653343292244763,-0.3960753031538337
4.125999999999768,0.05538095153532121,-0.16865110350073675,-0.39062793933384043
4.127999999999767,0.055041551025757224,-0.17074823764738445,-0.38515841185247535
4.129999999999767,0.054697976910324214,-0.1728246949795048,-0.37966727261018784
4.131999999999767,0.05435027068095541,-0.17488033733509584,-0.3741550741237373
4.133999999999767,0.053998474103680943,-0.17691502878021453,-0.3686223694744583
4.1359999999997665,0.05364262921416475,-0.17892863561593514,-0.36306971225659496
4.137999999999766,0.053282778313227794,-0.18092102638509014,-0.35749765652571236
4.139999999999766,0.052918963962357984,-0.18289207187879414,-0.35190675674718785
4.141999999999766,0.052551228979207325,-0.18484164514275023,-0.34629756774478565
4.143999999999766,0.05217961643307661,-0.18676962148333892,-0.34067064464932295
4.145999999999765,0.051804169640388184,-0.18867587847348938,-0.3350265428474271
4.147999999999765,0.05142493216014719,-0.19056029595833293,-0.3293658179303925
4.149999999999765,0.0510419477893917,-0.19242275606063894,-0.32368902564313895
4.151999999999765,0.05065526055863222,-0.19426314318603272,-0.3179967218332781
4.1539999999997645,0.05026491472728094,-0.19608134402799557,-0.3122894624002895
4.155999999999764,0.04987095477907124,-0.19787724757264713,-0.3065678032448138
4.157999999999764,0.049473425417467846,-0.19965074510330977,-0.3008323002180653
4.159999999999764,0.04907237156106803,-0.2014017302048551,-0.2950835090713687
4.161999999999764,0.04866783833899439,-0.2031300987678329,-0.2893219854058252
4.1639999999997634,0.04825987108627958,-0.204835748992382,-0.28354828462211107
4.165999999999763,0.04784851533924337,-0.20651858139192394,-0.27776296187041377
4.167999999999763,0.04743381683086266,-0.20817849879663883,-0.2719665720005098
4.169999999999763,0.04701582148613463,-0.20981540635672385,-0.2661596695119878
4.171999999999763,0.046594575417433684,-0.21142921154543448,-0.2603428085046225
4.173999999999762,0.046170124919862464,-0.21301982416190868,-0.25451654262890233
4.175999999999762,0.0457425164665975,-0.21458715633377404,-0.24868142503671598
4.177999999999762,0.045311796704229794,-0.21613112251953825,-0.24283800833220096
4.179999999999762,0.04487801244810088,-0.21765163951076302,-0.2369868445227597
4.1819999999997615,0.044441210677634735,-0.2191486264340217,-0.23112848497024577
4.183999999999761,0.04400143853166602,-0.2206220047526408,-0.22526348034232566
4.185999999999761,0.04355874330376501,-0.22207169826822587,-0.2193923805640194
4.187999999999761,0.043113172437559716,-0.2234976331219717,-0.21351573476942426
4.189999999999761,0.0426647735220556,-0.2248997377957575,-0.20763409125362545
4.19199999999976,0.04221359428695331,-0.22627794311302715,-0.20174799742479854
4.19399999999976,0.041759682597964844,-0.22763218223945494,-0.19585799975650595
4.19599999999976,0.04130308645212867,-0.22896239068339716,-0.18996464374019348
4.19799999999976,0.04084385397312407,-0.23026850629612994,-0.18406847383788952
4.1999999999997595,0.040382033406585256,-0.23155046927187375,-0.17817003343511073
4.201999999999759,0.03991767311541569,-0.23280822214760488,-0.1722698647939788
4.203999999999759,0.039450821575102935,-0.2340417098026545,-0.16636850900655203
4.205999999999759,0.03898152736903453,-0.23525087945809564,-0.16046650594837483
4.207999999999759,0.03850983918381532,-0.23643568067591852,-0.15456439423224966
4.209999999999758,0.038035805804586674,-0.23759606535799502,-0.14866271116223467
4.211999999999758,0.03755947611034791,-0.2387319877448323,-0.14276199268787174
4.213999999999758,0.037080899069280485,-0.23984340441411675,-0.1368627733586468
4.215999999999758,0.03660012373407528,-0.24093027427904803,-0.13096558627868807
4.2179999999997575,0.03611719923726343,-0.24199255858646462,-0.12507096306170476
4.219999999999757,0.03563217478655112,-0.24303022091476084,-0.11917943378616963
4.221999999999757,0.035145099660158746,-0.2440432271715962,-0.11329152695075034
4.223999999999757,0.03465602320216487,-0.24503154559139764,-0.10740776942999125
4.225999999999757,0.03416499481785535,-0.24599514673265546,-0.10152868643025106
4.227999999999756,0.033672063969078146,-0.24693400347501335,-0.09565480144589802
4.229999999999756,0.03317728016960408,-0.24784809101615335,-0.08978663621576813
4.231999999999756,0.032680692980494065,-0.24873738686847657,-0.08392471067988744
4.233999999999756,0.0321823520054732,-0.24960187085558005,-0.07806954293646406
4.2359999999997555,0.031682306886312066,-0.2504415251085308,-0.07222164919915197
4.237999999999755,0.031180607298215694,-0.25125633406193765,-0.06638154375458988
4.239999999999755,0.030677302945220607,-0.25204628444982174,-0.06054973892021931
4.241999999999755,0.030172443555600302,-0.2528113653012863,-0.054726745002384336
4.243999999999755,0.029666078877279612,-0.2535515679359867,-0.04891307025471675
4.245999999999754,0.029158258673258296,-0.2542668859594017,-0.0431092208368094
4.247999999999754,0.028649032717044318,-0.25495731525790627,-0.03731570077318125
4.249999999999754,0.028138450788097156,-0.25562285399364726,-0.031533011912536935
4.251999999999754,0.027626562667281567,-0.2562635025992229,-0.02576165388732432
4.2539999999997535,0.02711341813233218,-0.2568792637721667,-0.020002124073592753
4.255999999999753,0.026599066953329323,-0.2574701424692366,-0.0142549175511551
4.257999999999753,0.02608355888818646,-0.25803614590051094,-0.008520527064056593
4.259999999999753,0.02556694367814964,-0.25857728352329123,-0.002799442981353706
4.261999999999753,0.025049271043309302,-0.2590935670358137,0.0029078467417948395
4.263999999999752,0.024530590678124894,-0.2595850103707699,0.008600856602720697
4.265999999999752,0.024010952246962605,-0.2600516296886377,0.014279103589520975
4.267999999999752,0.023490405379646632,-0.2604934433708234,0.019942107219011657
4.269999999999752,0.022968999667024356,-0.26091047201261663,0.02558938957435708
4.2719999999997516,0.02244678465654579,-0.2613027384159582,0.031220475342373072
4.273999999999751,0.021923809847857682,-0.26167026758202266,0.03683489185050029
4.275999999999751,0.02140012468841263,-0.2620130867036165,0.04243216910344583
4.277999999999751,0.020875778569093586,-0.26233122515739293,0.048011839819490226
4.279999999999751,0.02035082081985412,-0.26262471449588437,0.05357343946645707
4.2819999999997505,0.019825300705374794,-0.2628935884393542,0.05911650629734316
4.28399999999975,0.01929926742073601,-0.2631378828674681,0.06464058138560624
4.28599999999975,0.018772770087107697,-0.26335763581078736,0.07014520866010798
4.28799999999975,0.01824585774745619,-0.26355288744208394,0.07562993493971037
4.28999999999975,0.01771857936226866,-0.26372368006747954,0.08109430996752204
4.291999999999749,0.017190983805295424,-0.2638700581174096,0.08653788644479293
4.293999999999749,0.016663119859310523,-0.2639920681374132,0.09196022006445537
4.295999999999749,0.01613503621189088,-0.26408975877875046,0.097360869544308
4.297999999999749,0.015606781451214385,-0.26416318078884843,0.10273939665984166
4.2999999999997485,0.015078404061877295,-0.26421238700157695,0.10809536627670457
4.301999999999748,0.014549952420731203,-0.26423743232735575,0.113428346382804
4.303999999999748,0.014021474792739996,-0.26423837374309395,0.11873790812004373
4.305999999999748,0.013493019326857085,-0.26421527028196345,0.12402362581569398
4.307999999999748,0.012964634051923257,-0.26416818302300726,0.1292850770133926
4.309999999999747,0.012436366872585472,-0.2640971750805847,0.1345218425037747
4.311999999999747,0.011908265565236935,-0.26400231159365417,0.13973350635473
4.313999999999747,0.01138037777397876,-0.2638836597148951,0.1449196559412848
4.315999999999747,0.01085275100660355,-0.2637412885996709,0.15007988197510747
4.3179999999997465,0.010325432630601213,-0.26357526939483356,0.15521377853363538
4.319999999999746,0.00979846986918732,-0.263385675227372,0.16032094308882144
4.321999999999746,0.009271909797354325,-0.26317258119290504,0.1654009765354988
4.323999999999746,0.008745799337945951,-0.2629360643440209,0.1704534832193618
4.325999999999746,0.008220185257755051,-0.26267620367846434,0.1754780709645614
4.327999999999745,0.0076951141636452435,-0.2623930801271732,0.1804743511009138
4.329999999999745,0.007170632498696625,-0.2620867765421655,0.18544193849072077
4.331999999999745,0.006646786538375861,-0.2617573776842789,0.19038045155519925
4.333999999999745,0.006123622386730935,-0.26140497021076387,0.19528951230052033
4.3359999999997445,0.0056011859726108615,-0.26102964266273204,0.20016874634345452
4.337999999999744,0.005079523045910647,-0.26063148545246134,0.20501778293662343
4.339999999999744,0.004558679173841779,-0.26021059085055953,0.20983625499335487
4.341999999999744,0.004038699737228534,-0.2597670529729875,0.21462379911214174
4.343999999999744,0.003519629926830367,-0.25930096776794415,0.21938005560070217
4.345999999999743,0.0030015147396906788,-0.25881243300261375,0.22410466849964047
4.347999999999743,0.002484398975512219,-0.2583015482497788,0.22879728560570697
4.349999999999743,0.0019683272330593984,-0.2577684148742981,0.2334575584946566
4.351999999999743,0.0014533439065877775,-0.25721313601945317,0.2380851425437041
4.3539999999997425,0.0009394931823009926,-0.256635816593164,0.24267969695357539
4.355999999999742,0.00042681903483537975,-0.2560365632540754,0.24724088477015405
4.357999999999742,-8.463477622744635e-05,-0.2554154843975166,0.2517683729057216
4.359999999999742,-0.0005948247098198071,-0.2547726901413344,0.2562618321597911
4.361999999999742,-0.0011037074468187168,-0.254108292311603,0.2607209372395325
4.363999999999741,-0.0016112398934479367,-0.25342240442821073,0.26514536677979017
4.365999999999741,-0.0021173791846510817,-0.2527151416903266,0.2695348033626901
4.367999999999741,-0.0026220826874355395,-0.2519866209617472,0.2738889335368374
4.369999999999741,-0.0031253080041869687,-0.25123696075612656,0.2782074478361026
4.3719999999997405,-0.0036270129759541393,-0.25046628122209036,0.2824900407979962
4.37399999999974,-0.004127155685703886,-0.24967470412823572,0.2867364109816318
4.37599999999974,-0.004625694461545951,-0.24886235284801905,0.2909462609852746
4.37799999999974,-0.005122587879927494,-0.24802935234453313,0.29511929746347854
4.37999999999974,-0.005617794768797039,-0.24717582915517533,0.2992552311438081
4.381999999999739,-0.006111274210737658,-0.2463019113762086,0.30335377684314574
4.383999999999739,-0.00660298554606917,-0.2454077286472172,0.3074146534835852
4.385999999999739,-0.007092888375919145,-0.24449341213545842,0.3114375841079089
4.387999999999739,-0.0075809425652625115,-0.24355909452011273,0.3154222958946499
4.3899999999997386,-0.008067108245929561,-0.24260490997643347,0.31936852017273787
4.391999999999738,-0.00855134581958216,-0.24163099415979805,0.3232759924357291
4.393999999999738,-0.009033615960657954,-0.24063748418966266,0.3271444523556196
4.395999999999738,-0.00951387961928241,-0.23962451863342182,0.33097364379624217
4.397999999999738,-0.009992098024148454,-0.23859223749017502,0.3347633148262459
4.3999999999997375,-0.010468232685363576,-0.23754078217440167,0.33851321773165954
4.401999999999737,-0.010942245397264183,-0.23647029549954662,0.34222310902803743
4.403999999999737,-0.011414098241197034,-0.23538092166151792,0.34589274947218845
4.405999999999737,-0.01188375358826759,-0.23427280622209828,0.34952190407348827
4.407999999999737,-0.0123511741020551,-0.2331460960922725,0.3531103421047742
4.409999999999736,-0.012816322741294262,-0.2320009395154723,0.3566578371128235
4.411999999999736,-0.013279162762523286,-0.2308374860507405,0.3601641669284149
4.413999999999736,-0.013739657722698213,-0.2296558865558164,0.3636291136759734
4.415999999999736,-0.014197771481773322,-0.22845629317014393,0.36705246378279854
4.4179999999997355,-0.014653468205247488,-0.22723885929780474,0.3704340079878772
4.419999999999735,-0.015106712366676317,-0.2260037395903776,0.3737735413502796
4.421999999999735,-0.015557468750149944,-0.22475108992972623,0.3770708632571408
4.423999999999735,-0.016005702452736324,-0.2234810674107174,0.38032577743122564
4.425999999999735,-0.0164513788868899,-0.2221938303238708,0.38353809193808064
4.427999999999734,-0.0168944637828255,-0.22088953813794268,0.3867076191927698
4.429999999999734,-0.017334923190857335,-0.2195683514824453,0.3898341759661977
4.431999999999734,-0.017772723483702978,-0.2182304321301035,0.3929175833910187
4.433999999999734,-0.018207831358752192,-0.21687594297925075,0.3959576669671333
4.4359999999997335,-0.018640213840300495,-0.21550504803616585,0.39895425656677264
4.437999999999733,-0.019069838281747332,-0.21411791239735295,0.4019071864391708
4.439999999999733,-0.01949667236775876,-0.21271470223176583,0.40481629521482626
4.441999999999733,-0.01992068411639453,-0.21129558476297888,0.4076814259093534
4.443999999999733,-0.020341841881199446,-0.20986072825130622,0.4105024259269242
4.445999999999732,-0.02076011435325893,-0.20841030197587102,0.4132791470633007
4.447999999999732,-0.021175470563218658,-0.2069444762166267,0.4160114455084603
4.449999999999732,-0.021587879883268213,-0.2054634222363319,0.4186991818488133
4.451999999999732,-0.021997312029088622,-0.2039673122624809,0.42134222106901403
4.4539999999997315,-0.022403737061763733,-0.20245631946919143,0.4239404325533671
4.455999999999731,-0.022807125389655306,-0.20093061795905162,0.4264936900868288
4.457999999999731,-0.02320744777024177,-0.19939038274492804,0.4290018718556047
4.459999999999731,-0.023604675311920554,-0.19783578973173624,0.4314648604473457
4.461999999999731,-0.02399877947577394,-0.1962670156981761,0.43388254285094174
4.46399999999973,-0.024389732077298318,-0.19468423827843345,0.4362548104559155
4.46599999999973,-0.02477750528809685,-0.1930876359438499,0.4385815590514166
4.46799999999973,-0.02516207163753542,-0.19147738798456246,0.4408626888248184
4.46999999999973,-0.025543404014361844,-0.1898536744911152,0.4430981043599167
4.4719999999997295,-0.025921475668288268,-0.18821667633604422,0.4452877146347336
4.473999999999729,-0.026296260211536724,-0.18656657515543795,0.4474314330189269
4.475999999999729,-0.02666773162034778,-0.18490355333047476,0.4495291772708052
4.477999999999729,-0.027035864236452233,-0.18322779396893915,0.45158086953395254
4.479999999999729,-0.027400632768505826,-0.1815394808867189,0.4535864363334615
4.481999999999728,-0.027762012293486942,-0.1798387985892844,0.4555458085717772
4.483999999999728,-0.028119978258057232,-0.1781259322531523,0.4574589215241538
4.485999999999728,-0.028474506479885166,-0.1764010677073351,0.45932571483372464
4.487999999999728,-0.028825573148932464,-0.17466439141477844,0.46114613250618675
4.4899999999997275,-0.029173154828703394,-0.17291609045378778,0.4629201229041031
4.491999999999727,-0.02951722845745691,-0.17115635249944644,0.4646476387408217
4.493999999999727,-0.029857771349381623,-0.16938536580502647,0.4663286370740155
4.495999999999727,-0.030194761195733597,-0.16760331918339422,0.46796307929884273
4.497999999999727,-0.03052817606593693,-0.16581040198841235,0.4695509311407302
4.499999999999726,-0.03085799440864716,-0.16400680409634003,0.47109216264778164
4.501999999999726,-0.031184195052777457,-0.1621927158872329,0.47258674818281166
4.503999999999726,-0.03150675720848762,-0.16036832822634478,0.47403466641500747
4.505999999999726,-0.031825660468135876,-0.15853383244553237,0.47543590031122096
4.507999999999726,-0.032140884807193515,-0.15668942032466526,0.4767904371268911
4.509999999999725,-0.03245241058512232,-0.1548352840730425,0.4780982683966004
4.511999999999725,-0.03276021854621486,-0.15297161631081752,0.47935938992426574
4.513999999999725,-0.03306428982039763,-0.1510986100504331,0.4805738017729661
4.515999999999725,-0.033364605923997086,-0.14921645867806813,0.4817415082544094
4.5179999999997245,-0.03366114876046858,-0.14732535593509774,0.482862517918039
4.519999999999724,-0.033953900621088225,-0.1454254958995686,0.4839368435397835
4.521999999999724,-0.03424284418560773,-0.14351707296769073,0.48496450211045083
4.523999999999724,-0.03452796252287225,-0.14160028183534792,0.4859455148237681
4.525999999999724,-0.034809239091401246,-0.13967531747962805,0.48687990706407036
4.527999999999723,-0.03508665773993247,-0.137742375140375,0.4877677083936405
4.529999999999723,-0.03536020270792904,-0.13580165030176392,0.4886089525396997
4.531999999999723,-0.035629858626049705,-0.1338533386739015,0.4894036773810544
4.533999999999723,-0.035895610516582334,-0.13189763617445252,0.4901519249343985
4.5359999999997225,-0.03615744379384069,-0.1299347389102946,0.4908537413402758
4.537999999999722,-0.03641534426452456,-0.12796484315920278,0.49150917684870155
4.539999999999722,-0.03666929812804322,-0.12598814535156516,0.4921182858044484
4.541999999999722,-0.03691929197680246,-0.12400484205213164,0.4926811266319973
4.543999999999722,-0.03716531279645507,-0.12201512994179689,0.49319776182015623
4.545999999999721,-0.03740734796611494,-0.12001920579941952,0.4936682579063476
4.547999999999721,-0.03764538525853486,-0.11801726648367863,0.49409268546056895
4.549999999999721,-0.037879412840248046,-0.11600950891496961,0.4944711190690272
4.551999999999721,-0.03810941927167353,-0.11399613005734044,0.49480363731745003
4.5539999999997205,-0.03833539350718541,-0.11197732690047027,0.4950903227740757
4.55599999999972,-0.038557324895146156,-0.10995329644169159,0.49533126197232435
4.55799999999972,-0.03877520317790399,-0.10792423566805769,0.49552654539315316
4.55999999999972,-0.03898901849175442,-0.10589034153845665,0.49567626744709764
4.56199999999972,-0.03919876136686609,-0.10385181096577374,0.4957805264560009
4.563999999999719,-0.03940442272717098,-0.10180884079910324,0.49583942463443464
4.565999999999719,-0.03960599389021907,-0.09976162780601158,0.49585306807081303
4.567999999999719,-0.03980346656699763,-0.09771036865485302,0.4958215667082023
4.569999999999719,-0.03999683286171514,-0.0956552598971393,0.4957450343248293
4.5719999999997185,-0.040186085271550036,-0.09359649794996493,0.49562358851429067
4.573999999999718,-0.04037121668636437,-0.09153427907848928,0.4954573506654653
4.575999999999718,-0.04055222038838245,-0.08946879937847714,0.49524644594213296
4.577999999999718,-0.04072909005183468,-0.08740025475889891,0.49499100326230167
4.579999999999718,-0.0409018197425666,-0.08532884092459211,0.49469115527724566
4.581999999999717,-0.04107040391761337,-0.08325475335898536,0.49434703835025806
4.583999999999717,-0.04123483742473974,-0.08117818730688628,0.4939587925351191
4.585999999999717,-0.041395115501945634,-0.07909933775733488,0.49352656155428365
4.587999999999717,-0.04155123377693754,-0.07701839942652344,0.49305049277679125
4.5899999999997165,-0.04170318826656582,-0.07493556674078457,0.49253073719589885
4.591999999999716,-0.041850975376228026,-0.07285103381964858,0.49196744940644277
4.593999999999716,-0.04199459189923843,-0.07076499445897165,0.49136078758192886
4.595999999999716,-0.04213403501616387,-0.06867764211413593,0.490710913451356
4.597999999999716,-0.042269302294126065,-0.06658916988332313,0.4900179922757746
4.599999999999715,-0.042400391686070585,-0.06449977049086264,0.4892821928245838
4.601999999999715,-0.042527301530002545,-0.06240963627065568,0.48850368735156846
4.603999999999715,-0.04265003054818924,-0.06031895914967668,0.48768265157068114
4.605999999999715,-0.042768577846329904,-0.05822793063155307,0.4868192646315691
4.6079999999997145,-0.04288294291269263,-0.05613674178022496,0.4859137090948521
4.609999999999714,-0.04299312561721877,-0.0540455832036857,0.4849661709071512
4.611999999999714,-0.04309912621059482,-0.05195464503780481,0.4839768393758734
4.613999999999714,-0.04320094532329213,-0.049864116930234244,0.48294590714375296
4.615999999999714,-0.043298583964574394,-0.04777418802439945,0.4818735701631555
4.6179999999997134,-0.04339204352147333,-0.045685046943576266,0.48076002767014336
4.619999999999713,-0.04348132575773249,-0.04359688177505492,0.47960548215830956
4.621999999999713,-0.043566432812719574,-0.04150988005439228,0.47841013935237986
4.623999999999713,-0.04364736720030728,-0.03942422874975358,0.477174208181588
4.625999999999713,-0.04372413180772295,-0.037340114246344674,0.47589790075282634
4.627999999999712,-0.0437967298943672,-0.035257722330936124,0.4745814323235742
4.629999999999712,-0.04386516509060161,-0.033177238176480106,0.4732250212746081
4.631999999999712,-0.04392944139650584,-0.03109884632682136,0.4718288890824962
4.633999999999712,-0.0439895631806042,-0.029022730681503264,0.4703932602918798
4.6359999999997115,-0.04404553517856193,-0.026949074480670125,0.46891836248754526
4.637999999999711,-0.044097362491851436,-0.024878060290066815,0.4674044262662895
4.639999999999711,-0.04414505058638853,-0.022809869986136794,0.46585168520858117
4.641999999999711,-0.044188605291139084,-0.020744684741219613,0.4642603758500221
4.643999999999711,-0.04422803279669605,-0.018682685008848954,0.4626307376526104
4.64599999999971,-0.04426333965382729,-0.016624050509152243,0.46096301297580944
4.64799999999971,-0.04429453277199424,-0.014568960214352875,0.4592574470474251
4.64999999999971,-0.0443216194178417,-0.012517592334376087,0.45751428793429527
4.65199999999971,-0.04434460721365897,-0.010470124302559468,0.45573378651279306
4.6539999999997095,-0.04436350413581245,-0.008426732761469127,0.4539161964391491
4.655999999999709,-0.044378318513150036,-0.006387593548822491,0.4520617741195936
4.657999999999709,-0.04438905902537744,-0.004352881683518728,0.4501707786803229
4.659999999999709,-0.04439573470140668,-0.002322771351777737,0.4482434719372931
4.661999999999709,-0.044398354917676984,-0.0002974358933886842,0.4462801183658445
4.663999999999708,-0.044396929396448265,0.0017229522119310003,0.44428098507015856
4.665999999999708,-0.044391468204067454,0.0037382213580652085,0.4422463417525516
4.667999999999708,-0.044381981749207856,0.005748200825916429,0.4401764606826093
4.669999999999708,-0.04436848078108182,0.007752720796709788,0.4380716166661621
4.6719999999997075,-0.04435097638762689,0.00975161236518297,0.4359320870141084
4.673999999999707,-0.0443294799936657,0.01174470755266114,0.43375815151108593
4.675999999999707,-0.04430400335903984,0.013731839320015976,0.4315500923839959
4.677999999999707,-0.0442745585767179,0.015712841580507994,0.4293081942703824
4.679999999999707,-0.04424115807087797,0.01768754921251127,0.42703274418667103
4.681999999999706,-0.044203814594964815,0.019655798072119767,0.4247240314962685
4.683999999999706,-0.0441625412297219,0.02161742500563442,0.4223823478775284
4.685999999999706,-0.04411735138119865,0.023572267861930174,0.4200079872915846
4.687999999999706,-0.04406825877873301,0.025520165504702187,0.4176012459500563
4.6899999999997055,-0.044015277472909696,0.0274609578245904,0.41516242228262784
4.691999999999705,-0.0439584218334943,0.02939448575118171,0.41269181690450657
4.693999999999705,-0.043897706547343485,0.03132059126488896,0.4101897325837613
4.695999999999705,-0.043833146616291604,0.033239117408706054,0.4076564742085459
4.697999999999705,-0.04376475735501387,0.03514990829983838,0.40509234875421
4.699999999999704,-0.04369255438886642,0.037052809141207885,0.4024976652503003
4.701999999999704,-0.04361655365170354,0.03894766623283206,0.3998727347474563
4.703999999999704,-0.043536771383672165,0.040834326983076125,0.3972178702842033
4.705999999999704,-0.04345322412898407,0.04271263991977775,0.3945333868536456
4.7079999999997035,-0.043365928733665925,0.04458245470124361,0.39181960137006294
4.709999999999703,-0.043274902343287465,0.04644362212711715,0.38907683263541565
4.711999999999703,-0.0431801624006681,0.048295994149116825,0.38630540130575747
4.713999999999703,-0.04308172664356211,0.05013942388164434,0.38350562985756415
4.715999999999703,-0.04297961310232283,0.05197376561226205,0.38067784255397674
4.717999999999702,-0.04287384009754596,0.05379887481203906,0.37782236541096625
4.719999999999702,-0.042764426237692325,0.05561460814576538,0.3749395261634206
4.721999999999702,-0.042651390416690346,0.057420823482033555,0.37202965423115786
4.723999999999702,-0.04253475181151847,0.05921737990318714,0.36909308068486996
4.7259999999997016,-0.042414529879767876,0.06100413771513553,0.3661301382119976
4.727999999999701,-0.04229074435718561,0.06278095845703456,0.36314116108254324
4.729999999999701,-0.04216341525519858,0.06454770491083231,0.36012648511482154
4.731999999999701,-0.04203256285841852,0.06630424111067966,0.3570864476411535
4.733999999999701,-0.041898207722128315,0.06805043235220498,0.35402138747350553
4.7359999999997004,-0.041760370669749906,0.06978614520165256,0.3509316448690782
4.7379999999997,-0.04161907279029404,0.07151124750488418,0.34781756149584653
4.7399999999997,-0.04147433543579215,0.07322560839624345,0.3446794803980562
4.7419999999997,-0.04132618021871069,0.07492909830728244,0.34151774596167805
4.7439999999997,-0.04117462900934808,0.07662158897535,0.3383327038798245
4.745999999999699,-0.041019703933214684,0.07830295345204157,0.33512470111813086
4.747999999999699,-0.04086142736839598,0.07997306611150987,0.33189408588010527
4.749999999999699,-0.04069982194289928,0.08163180265863611,0.32864120757244997
4.751999999999699,-0.040534910531984214,0.0832790401370614,0.32536641677035666
4.7539999999996985,-0.04036671625547733,0.08491465693707781,0.32207006518278075
4.755999999999698,-0.04019526247507102,0.08653853280337885,0.3187525056176955
4.757999999999698,-0.040020572791607104,0.08815054884266892,0.31541409194733133
4.759999999999698,-0.039842671042345325,0.08975058753113144,0.3120551790734021
4.761999999999698,-0.039661581298217057,0.0913385327217553,0.3086761228923218
4.763999999999697,-0.03947732786106451,0.09291426965151926,0.3052772802604153
4.765999999999697,-0.03928993526086568,0.09447768494843406,0.3018590089591258
4.767999999999697,-0.0390994282529454,0.0960286666384419,0.29842166766022277
4.769999999999697,-0.03890583181517269,0.09756710415217298,0.2949656158910121
4.7719999999996965,-0.038709171145144765,0.09909288833155898,0.2914912139995539
4.773999999999696,-0.03850947165735796,0.1006059114363029,0.28799882311988867
4.775999999999696,-0.03830675898036585,0.10210606715020543,0.2844888051372767
4.777999999999696,-0.03810105895392483,0.10359325058734717,0.28096152265345303
4.779999999999696,-0.03789239762612757,0.10506735829812693,0.2774173389519011
4.781999999999695,-0.037680801250524414,0.1065282882751555,0.27385661796314875
4.783999999999695,-0.037466296283233246,0.10797593995900492,0.27027972423008867
4.785999999999695,-0.037248909380037915,0.10941021424381311,0.2666870228733276
4.787999999999695,-0.037028667393475656,0.11083101348274339,0.26307887955656606
4.7899999999996945,-0.0368055973699137,0.11223824149329911,0.2594556604520132
4.791999999999694,-0.03657972654661543,0.113631803562493,0.2558177322058379
4.793999999999694,-0.036351082348796325,0.11501160645187118,0.2521654619036613
4.795999999999694,-0.03611969238666998,0.11637755840239171,0.24849921703609207
4.797999999999694,-0.03588558445248459,0.11772956913915755,0.2448193654643081
4.799999999999693,-0.035648786517550005,0.11906754987600389,0.24112627538568832
4.801999999999693,-0.035409326729255855,0.12039141331993969,0.23742031529949614
4.803999999999693,-0.03516723340808088,0.12170107367544344,0.23370185397261883
4.805999999999693,-0.03492253504459383,0.12299644664861305,0.22997126040536534
4.8079999999996925,-0.03467526029644623,0.12427744945116978,0.2262289037973253
4.809999999999692,-0.03442543798535722,0.1255440008043163,0.22247515351329253
4.811999999999692,-0.034173097094090936,0.12679602094244868,0.21871037904925592
4.813999999999692,-0.03391826676342649,0.1280334316167226,0.2149349499984607
4.815999999999692,-0.03366097628912105,0.12925615609847332,0.21114923601754232
4.817999999999691,-0.033401255118866185,0.13046411918249007,0.20735360679273715
4.819999999999691,-0.03313913284923782,0.13165724719014418,0.2035484320061718
4.821999999999691,-0.032874639222640084,0.1328354679723716,0.199734081302234
4.823999999999691,-0.03260780412424332,0.13399871091250956,0.19591092425402923
4.8259999999996905,-0.03233865757891661,0.13514690692898743,0.19207933032992366
4.82799999999969,-0.03206722974815499,0.13627998847787207,0.18823966886017865
4.82999999999969,-0.03179355092700182,0.13739788955526752,0.18439230900367784
4.83199999999969,-0.03151765154096639,0.1385005456995694,0.18053761971475066
4.83399999999969,-0.031239562142937254,0.1395878939935738,0.1766759697100945
4.835999999999689,-0.030959313410091442,0.14065987306644118,0.17280772743579875
4.837999999999689,-0.030676936140799905,0.1417164230955152,0.16893326103447326
4.839999999999689,-0.030392461251529463,0.1427574858079966,0.16505293831248385
4.841999999999689,-0.030105919773741545,0.14378300448247258,0.16116712670729802
4.8439999999996886,-0.02981734285078803,0.14479292395030144,0.15727619325494288
4.845999999999688,-0.02952676173480445,0.14578719059685305,0.15338050455757887
4.847999999999688,-0.029234207783600856,0.14676575236260533,0.14948042675119141
4.849999999999688,-0.028939712457550646,0.1477285587440966,0.14557632547340324
4.851999999999688,-0.028643307316477618,0.14867556079473457,0.14166856583140988
4.8539999999996875,-0.028345024016541556,0.14960671112546176,0.1377575123700416
4.855999999999687,-0.028044894307122637,0.15052196390527783,0.13384352903995378
4.857999999999687,-0.02774295002770491,0.15142127486161924,0.12992697916594853
4.859999999999687,-0.02743922310475919,0.15230460128059606,0.12600822541542986
4.861999999999687,-0.027133745548625594,0.15317190200708675,0.12208762976699586
4.863999999999686,-0.026826549450396045,0.15402313744469084,0.11816555347916918
4.865999999999686,-0.026517666978797014,0.15485826955554013,0.11424235705926958
4.867999999999686,-0.026207130377072764,0.15567726185996847,0.11031840023243003
4.869999999999686,-0.025894971959869416,0.1564800794360406,0.10639404191075916
4.8719999999996855,-0.02558122411012008,0.1572666889189405,0.10246964016265359
4.873999999999685,-0.025265919275931362,0.15803705850021946,0.09854555218226033
4.875999999999685,-0.024949089967471513,0.15879115792690432,0.09462213425909419
4.877999999999685,-0.024630768753860492,0.1595289585004663,0.09069974174781081
4.879999999999685,-0.024310988260062245,0.1602504330756508,0.08677872903813863
4.881999999999684,-0.02398978116377944,0.1609555560591685,0.08285944952497165
4.883999999999684,-0.023667180192350992,0.16164430340824856,0.07894225557862589
4.885999999999684,-0.023343218119652585,0.16231665262905368,0.07502749851526136
4.887999999999684,-0.023017927763000524,0.16297258277495827,0.07111552856747219
4.8899999999996835,-0.02269134198005916,0.16361207444468961,0.06720669485504696
4.891999999999683,-0.022363493665752156,0.16423510978033268,0.06330134535590198
4.893999999999683,-0.022034415749177916,0.16484167246519926,0.059399826877188894
4.895999999999683,-0.02170414119052936,0.16543174772156158,0.055502485026579895
4.897999999999683,-0.021372702978018413,0.16600532230825124,0.051609664183732
4.899999999999682,-0.021040134124805404,0.1665623845181238,0.047721707471932884
4.901999999999682,-0.020706467665933675,0.16710292417538958,0.04383895672993024
4.903999999999682,-0.02037173665526967,0.16762693263281125,0.03996175248394718
4.905999999999682,-0.020035974162448743,0.16813440276876887,0.03609043391988545
4.9079999999996815,-0.01969921326982699,0.16862532898419272,0.03222533885571857
4.909999999999681,-0.01936148706943934,0.16909970719936468,0.028366803714077182
4.911999999999681,-0.01902282865996415,0.16955753485058872,0.02451516349502872
4.913999999999681,-0.01868327114369464,0.1699988108867311,0.020670751749052807
4.915999999999681,-0.01834284762351732,0.1704235357656308,0.016833900550215303
4.91799999999968,-0.018001591199897766,0.170831711450381,0.013004940469542398
4.91999999999968,-0.017659534967873952,0.17122334140548207,0.009184200548596644
4.92199999999968,-0.017316712014057392,0.1715984305928667,0.005372008273257456
4.92399999999968,-0.016973155413642367,0.17195698546779817,0.001568689547707225
4.9259999999996795,-0.016628898227423486,0.17229901397464187,-0.002225431331374511
4.927999999999679,-0.016283973498821824,0.17262452554251118,-0.006010031700407009
4.929999999999679,-0.01593841425091989,0.17293353108078835,-0.009784790554292933
4.931999999999679,-0.015592253483505696,0.17322604297452085,-0.013549388571589438
4.933999999999679,-0.015245524170126127,0.17350207507969412,-0.01730350813946388
4.935999999999678,-0.014898259255149914,0.17376164271838132,-0.021046833378432855
4.937999999999678,-0.01455049165084042,0.174004762673771,-0.02477905016688217
4.939999999999678,-0.014202254234438494,0.17423145318507302,-0.0284998461653668
4.941999999999678,-0.013853579845255629,0.17444173394230408,-0.03220891084068808
4.9439999999996775,-0.013504501281777676,0.17463562608095298,-0.0359059354897478
4.945999999999677,-0.013155051298779344,0.17481315217652682,-0.03959061326317623
4.947999999999677,-0.01280526260444972,0.1749743362389788,-0.04326263918873338
4.949999999999677,-0.012455167857529066,0.1751192037070183,-0.046921710194481575
4.951999999999677,-0.012104799664457093,0.17524778144230427,-0.050567525131727645
4.953999999999676,-0.011754190576532984,0.17536009772352232,-0.05419978479773334
4.955999999999676,-0.011403373087087361,0.17545618224034695,-0.057818191958192475
4.957999999999676,-0.011052379628666458,0.17553606608728917,-0.061422451369473344
4.959999999999676,-0.010701242570228696,0.17559978175743063,-0.06501226980062458
4.961999999999676,-0.010349994214353913,0.17564736313604506,-0.06858735605514367
4.963999999999675,-0.009998666794465464,0.1756788454941079,-0.07214742099250594
4.965999999999675,-0.009647292472065406,0.17569426548169478,-0.07569217754945326
4.967999999999675,-0.009295903333982999,0.1756936611212702,-0.07922134076104073
4.969999999999675,-0.008944531389636742,0.17567707180086659,-0.0827346277814402
4.9719999999996745,-0.008593208568310156,0.17564453826715537,-0.08623175790449916
4.973999999999674,-0.00824196671644153,0.17559610261841033,-0.08971245258405382
4.975999999999674,-0.007890837594927853,0.17553180829736456,-0.09317643545399504
4.977999999999674,-0.007539852876443136,0.1754517000839618,-0.09662343234808603
4.979999999999674,-0.00718904414277133,0.1753558240880029,-0.10005317131953044
4.981999999999673,-0.006838442882154064,0.1752442277416887,-0.10346538266028961
4.983999999999673,-0.006488080486653396,0.17511695979206,-0.10685979892014807
4.985999999999673,-0.00613798824952978,0.17497407029333545,-0.11023615492552603
4.987999999999673,-0.005788197362635472,0.17481561059914885,-0.11359418779803765
4.9899999999996725,-0.005438738913823549,0.17464163335468613,-0.11693363697279413
4.991999999999672,-0.005089643884372758,0.17445219248872348,-0.12025424421645065
4.993999999999672,-0.004740943146428386,0.17424734320556737,-0.12355575364499591
4.995999999999672,-0.00439266746045935,0.17402714197689756,-0.1268379117412835
4.997999999999672,-0.004044847472731693,0.17379164653351392,-0.13010046737230407
4.999999999999671,-0.0036975137127986833,0.17354091585698833,-0.13334317180619698
5.001999999999671,-0.0033506965910077035,0.17327501017122235,-0.1365657787290015
5.003999999999671,-0.0030044263960241186,0.17299399093391188,-0.1397680442611453
5.005999999999671,-0.002658733292372307,0.17269792082791977,-0.1429497269736707
5.0079999999996705,-0.0023136473179940337,0.17238686375255738,-0.1461105879041967
5.00999999999967,-0.001969198381824357,0.1720608848147762,-0.14925039057261705
5.01199999999967,-0.0016254162613852333,0.17172005032027024,-0.1523689009965326
5.01399999999967,-0.0012823306003970122,0.17136442776449093,-0.1554658877064179
5.01599999999967,-0.0009399709064079842,0.17099408582357467,-0.15854112176052082
5.017999999999669,-0.0005983665484421605,0.17060909434518487,-0.16159437675949484
5.019999999999669,-0.0002575467546654544,0.17020952433926906,-0.16462542886076326
5.021999999999669,8.245938992956916e-05,0.16979544796873233,-0.1676340567926145
5.023999999999669,0.0004216229458202071,0.1693669385400281,-0.170620041868028
5.0259999999996685,0.0007599151212312322,0.1689240704936673,-0.17358316799823018
5.027999999999668,0.0010973072743934449,0.16846691939464722,-0.17652322170597964
5.029999999999668,0.0014337709157830024,0.16799556192280066,-0.17943999213858167
5.031999999999668,0.0017692777103413694,0.167510075863067,-0.1823332710806307
5.033999999999668,0.002103799479675732,0.16701054009568594,-0.18520285296648067
5.035999999999667,0.002437308204239724,0.16649703458631523,-0.18804853489244328
5.037999999999667,0.0027697760254943135,0.16596964037607312,-0.19087011662871248
5.039999999999667,0.003101175248048698,0.16542843957150716,-0.19366740063101626
5.041999999999667,0.00343147834178107,0.16487351533449007,-0.19644019205199414
5.0439999999996665,0.003760657943939095,0.164304951872044,-0.19918829875230076
5.045999999999666,0.004088686861219973,0.163722834426094,-0.20191153131143494
5.047999999999666,0.004415538071829937,0.16312724926315242,-0.20460970303829373
5.049999999999666,0.004741184727523049,0.1625182836639346,-0.2072826299814518
5.051999999999666,0.005065600155619159,0.16189602591290767,-0.20993013093916507
5.053999999999665,0.005388757861000905,0.16126056528777313,-0.21255202746909926
5.055999999999665,0.0057106315280896006,0.16061199204888466,-0.2151481438977822
5.057999999999665,0.0060311950227999005,0.1599503974286019,-0.21771830732978065
5.059999999999665,0.006350422394473114,0.15927587362058196,-0.2202623476566009
5.0619999999996645,0.006668287877789034,0.15858851376900915,-0.22278009756531308
5.063999999999664,0.006984765894656166,0.1578884119577646,-0.22527139254689948
5.065999999999664,0.0072998310560802426,0.15717566319953646,-0.22773607090432627
5.067999999999664,0.007613458164010893,0.15645036342487242,-0.23017397376033888
5.069999999999664,0.007925622213166363,0.15571260947117502,-0.23258494506498134
5.0719999999996634,0.008236298392836176,0.15496249907164145,-0.23496883160283866
5.073999999999663,0.00854546208866161,0.15420013084414888,-0.23732548300000322
5.075999999999663,0.008853088884393892,0.15342560428008623,-0.23965475173076498
5.077999999999663,0.009159154563630015,0.15263901973313385,-0.24195649312402515
5.079999999999663,0.00946363511152605,0.15184047840799217,-0.244230565369434
5.081999999999662,0.009766506716487874,0.15103008234906043,-0.24647682952325267
5.083999999999662,0.010067745771839196,0.15020793442906683,-0.24869514951393917
5.085999999999662,0.010367328877466815,0.14937413833765092,-0.25088539214745875
5.087999999999662,0.010665232841442975,0.14852879856990006,-0.2530474271123191
5.0899999999996615,0.010961434681624761,0.1476720204148402,-0.2551811269843298
5.091999999999661,0.01125591162723043,0.14680390994388315,-0.25728636723108783
5.093999999999661,0.011548641120392587,0.14592457399923073,-0.25936302621618745
5.095999999999661,0.01183960081768814,0.14503412018223738,-0.2614109852031566
5.097999999999661,0.012128768591644927,0.1441326568417324,-0.2634301283591188
5.09999999999966,0.012416122532224957,0.1432202930623028,-0.26542034275818166
5.10199999999966,0.01270164094828417,0.1422971386525381,-0.2673815183845524
5.10399999999966,0.012985302369008665,0.1413633041332383,-0.2693135481353798
5.10599999999966,0.013267085545327286,0.140418900725586,-0.27121632782332494
5.1079999999996595,0.013546969451300541,0.13946404033928403,-0.2730897561788589
5.109999999999659,0.013824933285485742,0.1384988355606598,-0.27493373485228945
5.111999999999659,0.014100956472278336,0.13752339964073737,-0.2767481684155172
5.113999999999659,0.014375018663229341,0.13653784648327846,-0.2785329643635207
5.115999999999659,0.014647099738338842,0.13554229063279388,-0.2802880331155719
5.117999999999658,0.014917179807325468,0.13453684726252604,-0.2820132880161823
5.119999999999658,0.015185239210871823,0.13352163216240423,-0.2837086453357807
5.121999999999658,0.01545125852184579,0.1324967617269735,-0.28537402427112246
5.123999999999658,0.015715218546497666,0.1314623529432985,-0.2870093469454314
5.1259999999996575,0.01597710032563309,0.13041852337884333,-0.28861453840827517
5.127999999999657,0.016236885135761707,0.12936539116932871,-0.2901895266351743
5.129999999999657,0.016494554490221507,0.1283030750065676,-0.2917342425269458
5.131999999999657,0.016750090140278843,0.12723169412628027,-0.2932486199087827
5.133999999999657,0.017003474076204034,0.1261513682958904,-0.2947325955290687
5.135999999999656,0.017254688528322563,0.12506221780230295,-0.29618610905793075
5.137999999999656,0.017503715968041796,0.12396436343966513,-0.29760910308552857
5.139999999999656,0.01775053910885322,0.12285792649711176,-0.2990015231200831
5.141999999999656,0.017995140907310154,0.12174302874649605,-0.30036331758564394
5.1439999999996555,0.0182375045639809,0.12061979243010694,-0.3016944378195976
5.145999999999655,0.01847761352437732,0.11948834024837429,-0.30299483806991595
5.147999999999655,0.018715451479858834,0.11834879534756299,-0.3042644754921475
5.149999999999655,0.018951002368511754,0.11720128130745708,-0.30550331014615134
5.151999999999655,0.019184250376004016,0.11604592212903529,-0.3067113049925746
5.153999999999654,0.01941517993641523,0.1148828422221388,-0.30788842588907545
5.155999999999654,0.01964377573304208,0.11371216639313267,-0.3090346415862911
5.157999999999654,0.019870022699179018,0.11253401983256191,-0.31014992372355343
5.159999999999654,0.02009390601887429,0.11134852810280342,-0.3112342468243521
5.1619999999996535,0.02031541112766124,0.11015581712571496,-0.3122875882915463
5.163999999999653,0.020534523713264936,0.10895601317028211,-0.3133099284023274
5.165999999999653,0.020751229716284052,0.10774924284026464,-0.31430125030293143
5.167999999999653,0.020965515330848093,0.10653563306184319,-0.3152615400031052
5.169999999999653,0.02117736700524986,0.10531531107126743,-0.3161907863703241
5.171999999999652,0.021386771442553257,0.104088404402507,-0.31708898112376604
5.173999999999652,0.02159371560117639,0.10285504087490609,-0.31795611882803954
5.175999999999652,0.021798186695449962,0.10161534858084297,-0.31879219688667
5.177999999999652,0.022000172196151028,0.1003694558733955,-0.3195972155353426
5.1799999999996515,0.022199659831012047,0.09911749135401379,-0.32037117783490576
5.181999999999651,0.02239663758520533,0.097859583860201,-0.32111408966413424
5.183999999999651,0.022591093701802817,0.09659586245320352,-0.32182595971225425
5.185999999999651,0.022783016682211287,0.09532645640571162,-0.3225067994712317
5.187999999999651,0.022972395286582944,0.0940514951895715,-0.3231566232278245
5.1899999999996504,0.02315921853420146,0.09277110846351001,-0.3237754480554009
5.19199999999965,0.023343475703843472,0.09148542606087315,-0.3243632938055246
5.19399999999965,0.02352515633411558,0.09019457797737916,-0.32492018309930787
5.19599999999965,0.023704250223766866,0.08889869435888764,-0.325446141318535
5.19799999999965,0.023880747431976945,0.0875979054891855,-0.3259411965965563
5.199999999999649,0.02405463827861964,0.08629234177779094,-0.32640537980895495
5.201999999999649,0.024225913344502272,0.0849821337477765,-0.3268387245639873
5.203999999999649,0.024394563471580595,0.08366741202361219,-0.3272412671927992
5.205999999999649,0.024560579763149473,0.08234830731902988,-0.32761304673941816
5.2079999999996485,0.024723953584009282,0.08102495042490981,-0.3279541049505246
5.209999999999648,0.024884676560608117,0.07969747219719045,-0.3282644862650026
5.211999999999648,0.025042740581159847,0.07836600354480261,-0.3285442378032716
5.213999999999648,0.025198137795738054,0.07703067541762892,-0.32879340935640106
5.215999999999648,0.025350860616345932,0.07569161879448973,-0.32901205337500944
5.217999999999647,0.02550090171696216,0.07434896467115627,-0.32920022495794904
5.219999999999647,0.02564825403356286,0.0730028440483924,-0.32935798184077786
5.221999999999647,0.02579291076411965,0.07165338792002561,-0.32948538438402103
5.223999999999647,0.02593486536857387,0.07030072726104858,-0.32958249556122216
5.2259999999996465,0.026074111568787042,0.06894499301575215,-0.3296493809467873
5.227999999999646,0.02621064334846764,0.06758631608589062,-0.3296861087036225
5.229999999999646,0.026344454953074203,0.06622482731888064,-0.329692749570567
5.231999999999646,0.02647554088969491,0.06486065749603435,-0.32966937684962266
5.233999999999646,0.026603895926903622,0.06349393732082799,-0.32961606639298346
5.235999999999645,0.026729515094592524,0.06212479740720682,-0.3295328965898642
5.237999999999645,0.026852393683781398,0.06075336826792741,-0.3294199483531321
5.239999999999645,0.026972527246403633,0.059379780302938154,-0.32927730510574144
5.241999999999645,0.027089911595069027,0.058004163787799046,-0.3291050527669745
5.2439999999996445,0.027204542802803457,0.05662664886214165,-0.3289032797384893
5.245999999999644,0.02731641720276554,0.055247365518170194,-0.3286720768901762
5.247999999999644,0.027425531387940304,0.053866443589204685,-0.32841153754582564
5.249999999999644,0.027531882210810016,0.05248401273826706,-0.3281217574686077
5.251999999999644,0.027635466783002213,0.05110020244671124,-0.32780283484636724
5.253999999999643,0.027736282474915032,0.04971514200289798,-0.32745487027673337
5.255999999999643,0.02783432691531995,0.04832896049091548,-0.32707796675204825
5.257999999999643,0.027929597990942006,0.04694178677934666,-0.326672229644115
5.259999999999643,0.028022093846017594,0.04555374951008393,-0.32623776668876675
5.2619999999996425,0.028111812881829953,0.04416497708719238,-0.3257746879702599
5.263999999999642,0.02819875375622242,0.042775597665822326,-0.32528310590549186
5.265999999999642,0.028282915383089562,0.04138573914117201,-0.32476313522804656
5.267999999999642,0.02836429693184628,0.039995529137501346,-0.3242148929720676
5.269999999999642,0.028442897826875008,0.03860509499719758,-0.32363849845596415
5.271999999999641,0.02851871774695106,0.03721456376989376,-0.3230340732659477
5.273999999999641,0.028591756624646317,0.03582406220164077,-0.32240174123940435
5.275999999999641,0.028662014645711276,0.034433716724133846,-0.3217416284481039
5.277999999999641,0.028729492248435618,0.0330436534439944,-0.3210538631812466
5.2799999999996405,0.028794190122987395,0.031653998132107945,-0.3203385759283506
5.28199999999964,0.02885610921073096,0.03026487621301894,-0.3195958993619819
5.28399999999964,0.028915250703523715,0.02887641275438343,-0.3188259683203285
5.28599999999964,0.028971616042991866,0.02748873245648022,-0.31802891978962056
5.28799999999964,0.02902520691978522,0.026101959641781382,-0.31720489288639886
5.289999999999639,0.029076025272811213,0.02471621824458294,-0.3163540288396336
5.291999999999639,0.029124073288448227,0.02333163180069645,-0.31547647097269504
5.293999999999639,0.029169353399738397,0.0219483234372023,-0.31457236468517874
5.295999999999639,0.029211868285559942,0.020566415862265482,-0.3136418574345863
5.2979999999996386,0.029251620869779216,0.01918603135501456,-0.31268509871786493
5.299999999999638,0.029288614320382576,0.017807291755484653,-0.3117022400528067
5.301999999999638,0.0293228520485882,0.016430318454625142,-0.31069343495931045
5.303999999999638,0.029354337707937987,0.015055232384372804,-0.30965883894050716
5.305999999999638,0.029383075193369666,0.01368215400779118,-0.30859860946375267
5.3079999999996375,0.029409068640269247,0.012311203309276826,-0.30751290594148784
5.309999999999637,0.02943232242350397,0.010942499784833214,-0.3064018897119693
5.311999999999637,0.029452841156435844,0.009576162432412948,-0.3052657240198729
5.313999999999637,0.02947062968991597,0.008212309742329019,-0.3041045739967714
5.315999999999637,0.029485693111259717,0.00685105968773578,-0.30291860664148873
5.317999999999636,0.02949803674320297,0.005492529715180328,-0.30170799080033295
5.319999999999636,0.02950766614283953,0.004136836735224955,-0.30047289714721004
5.321999999999636,0.029514587100539835,0.002784097113141355,-0.29921349816362025
5.323999999999636,0.029518805638851134,0.0014344266596772218,-0.2979299681185397
5.3259999999996355,0.029520328011379285,8.794062189590923e-05,-0.29662248304818856
5.327999999999635,0.029519160701652294,-0.0012552463259102216,-0.29529122073568875
5.329999999999635,0.02951531042196575,-0.0025950200912321208,-0.2939363606906127
5.331999999999635,0.029508784112210328,-0.003931267172281417,-0.2925580841284254
5.333999999999635,0.029499588938681466,-0.005263874666852212,-0.29115657394982186
5.335999999999634,0.029487732292871428,-0.006592730281106692,-0.28973201471996246
5.337999999999634,0.029473221790243843,-0.007917722338283957,-0.2882845926476076
5.339999999999634,0.02945606526899092,-0.009238739787331475,-0.28681449556415445
5.341999999999634,0.029436270788773467,-0.010555672211458578,-0.28532191290257775
5.3439999999996335,0.029413846629443904,-0.011868409836611412,-0.2838070356762761
5.345999999999633,0.02938880128975237,-0.013176843539868793,-0.2822700564578276
5.347999999999633,0.029361143486036148,-0.014480864857758395,-0.2807111693576549
5.349999999999633,0.029330882150892523,-0.01578036599449272,-0.27913057000260305
5.351999999999633,0.029298026431835256,-0.01707523983012431,-0.2775284555144325
5.353999999999632,0.029262585689934825,-0.018365379928619665,-0.27590502448822823
5.355999999999632,0.02922456949844259,-0.019650680545851354,-0.27426047697072864
5.357999999999632,0.029183987641399085,-0.02093103663750777,-0.2725950144385746
5.359999999999632,0.029140850112226536,-0.022206343866920046,-0.27090883977648306
5.3619999999996315,0.02909516711230584,-0.023476498612805638,-0.2692021572553453
5.363999999999631,0.02904694904953812,-0.024741397976928058,-0.26747517251025277
5.365999999999631,0.028996206536891056,-0.026000939791672284,-0.26572809251845314
5.367999999999631,0.02894295039093015,-0.02725502262753538,-0.2639611255772383
5.369999999999631,0.02888719163033509,-0.02850354580053186,-0.2621744812817661
5.37199999999963,0.028828941474401373,-0.029746409379513318,-0.260368370502819
5.37399999999963,0.028768211341527423,-0.03098351419340189,-0.25854300536450037
5.37599999999963,0.028705012847687277,-0.03221476183833712,-0.2566985992218723
5.37799999999963,0.028639357804889083,-0.03344005468473579,-0.2548353666385357
5.3799999999996295,0.028571258219619585,-0.03465929588426425,-0.252953523364155
5.381999999999629,0.028500726291274717,-0.03587238937672292,-0.2510532863119316
5.383999999999629,0.028427774410576544,-0.03707923989684246,-0.2491348735360242
5.385999999999629,0.028352415157976683,-0.03827975298099131,-0.24719850420892298
5.387999999999629,0.028274661302046405,-0.0394738349737941,-0.24524439859877553
5.389999999999628,0.028194525797853587,-0.040661393034660695,-0.24327277804666997
5.391999999999628,0.0281120217853267,-0.04184233514422532,-0.24128386494387516
5.393999999999628,0.028027162587606007,-0.04301657011069561,-0.2392778827090417
5.395999999999628,0.027939961709382143,-0.04418400757611103,-0.2372550557653645
5.3979999999996275,0.02785043283522228,-0.0453445580225105,-0.23521560951771042
5.399999999999627,0.027758589827884067,-0.046498132778008745,-0.23315977032971233
5.401999999999627,0.027664446726617452,-0.04764464402278114,-0.23108776550083193
5.403999999999627,0.027568017745454688,-0.04878400479495668,-0.2289998232433934
5.405999999999627,0.027469317271488613,-0.04991612899641882,-0.2268961726595902
5.407999999999626,0.027368359863139423,-0.05104093139851377,-0.22477704371846732
5.409999999999626,0.027265160248410126,-0.05215832764766612,-0.22264266723288048
5.411999999999626,0.02715973332313086,-0.05326823427090137,-0.22049327483643513
5.413999999999626,0.027052094149192258,-0.05437056868127516,-0.21832909896040725
5.415999999999626,0.026942257952768032,-0.055465249183208935,-0.21615037281064742
5.417999999999625,0.02683024012252701,-0.056552194977731736,-0.2139573303444714
5.419999999999625,0.02671605620783476,-0.057631326167627964,-0.21175020624753838
5.421999999999625,0.02659972191694502,-0.05870256376249077,-0.20952923591071965
5.423999999999625,0.02648125311518111,-0.05976582968368094,-0.2072946554069594
5.4259999999996245,0.026360665823107542,-0.060821046769190965,-0.2050467014681302
5.427999999999624,0.026237976214691962,-0.06186813877841418,-0.20278561146188445
5.429999999999624,0.02611320061545768,-0.06290703039681868,-0.20051162336850542
5.431999999999624,0.025986355500626935,-0.06393764724052585,-0.19822497575775816
5.433999999999624,0.025857457493255093,-0.06495991586079339,-0.19592590776574348
5.435999999999623,0.025726523362355987,-0.06597376374840253,-0.19361465907175754
5.437999999999623,0.02559357002101857,-0.06697911933794938,-0.19129146987515733
5.439999999999623,0.025458614524515078,-0.06797591201204023,-0.18895658087223632
5.441999999999623,0.02532167406840092,-0.06896407210539056,-0.18661023323311055
5.4439999999996225,0.025182765986606424,-0.06994353090882777,-0.1842526685786186
5.445999999999622,0.025041907749520732,-0.07091422067319743,-0.1818841289572365
5.447999999999622,0.02489911696206792,-0.07187607461317284,-0.1795048568220099
5.449999999999622,0.024754411361775645,-0.07282902691096796,-0.17711509500750638
5.451999999999622,0.024607808816836416,-0.0737730127199534,-0.17471508670678848
5.453999999999621,0.024459327324161784,-0.07470796816817564,-0.17230507544841075
5.455999999999621,0.024308985007429538,-0.07563383036177909,-0.16988530507344218
5.457999999999621,0.024156800115124187,-0.07655053738833113,-0.16745601971251628
5.459999999999621,0.024002791018570883,-0.07745802832004997,-0.16501746376291077
5.4619999999996205,0.023846976209962976,-0.0783562432169353,-0.16256988186565888
5.46399999999962,0.023689374300383412,-0.07924512312980166,-0.16011351888269448
5.46599999999962,0.02353000401782016,-0.08012461010321449,-0.15764861987403245
5.46799999999962,0.023368884205175865,-0.08099464717832883,-0.15517543007498708
5.46999999999962,0.023206033818271927,-0.08185517839563063,-0.15269419487342983
5.471999999999619,0.023041471923847173,-0.08270614879758066,-0.15020515978708865
5.473999999999619,0.022875217697551374,-0.08354750443116109,-0.14770857044089108
5.475999999999619,0.022707290421933733,-0.08437919235032451,-0.14520467254435265
5.477999999999619,0.022537709484426585,-0.08520116061834572,-0.1426937118690128
5.4799999999996185,0.022366494375324498,-0.08601335831007603,-0.14017593422592012
5.481999999999618,0.022193664685758948,-0.0868157355141003,-0.13765158544316894
5.483999999999618,0.0220192401056688,-0.08760824333479653,-0.1351209113434892
5.485999999999618,0.02184324042176673,-0.08839083389429835,-0.13258415772189147
5.487999999999618,0.021665685515501864,-0.08916346033436015,-0.13004157032336894
5.489999999999617,0.021486595361018747,-0.0899260768181251,-0.1274933948206585
5.491999999999617,0.021305990023112894,-0.09067863853179613,-0.12493987679206235
5.493999999999617,0.021123889655183085,-0.09142110168620975,-0.12238126169933282
5.495999999999617,0.020940314497180618,-0.09215342351831315,-0.1198177948656211
5.4979999999996165,0.0207552848735557,-0.09287556229254433,-0.11724972145349302
5.499999999999616,0.020568821191201167,-0.0935874773021155,-0.11467728644301266
5.501999999999616,0.02038094393739376,-0.09428912887019994,-0.11210073460989617
5.503999999999616,0.020191673677733078,-0.09498047835102233,-0.10952031050373764
5.505999999999616,0.020001031054078508,-0.09566148813085269,-0.10693625842630847
5.507999999999615,0.019809036782484198,-0.09633212162890416,-0.10434882240993239
5.509999999999615,0.019615711651132378,-0.09699234329813461,-0.1017582461959378
5.511999999999615,0.019421076518265155,-0.0976421186259524,-0.09916477321318917
5.513999999999615,0.019225152310115002,-0.09828141413482633,-0.09656864655669917
5.5159999999996145,0.019027960018834097,-0.09891019738280003,-0.09397010896632368
5.517999999999614,0.01882952070042277,-0.0995284369639109,-0.09136940280554094
5.519999999999614,0.018629855472657168,-0.10013610250851382,-0.0887667700403168
5.521999999999614,0.018428985513016388,-0.1007331646835099,-0.08616245221805785
5.523999999999614,0.018226932056609246,-0.10131959519248031,-0.08355669044665398
5.525999999999613,0.018023716394100872,-0.10189536677572553,-0.08094972537361216
5.527999999999613,0.01781935986963932,-0.10246045321021023,-0.0783417971652832
5.529999999999613,0.017613883878782367,-0.10301482930941394,-0.07573314548618294
5.531999999999613,0.017407309866424744,-0.10355847092308781,-0.07312400947840972
5.533999999999613,0.017199659324725905,-0.10409135493691771,-0.07051462774115963
5.535999999999612,0.016990953791038585,-0.10461345927209378,-0.06790523831034134
5.537999999999612,0.016781214845838305,-0.10512476288478699,-0.06529607863829207
5.539999999999612,0.01657046411065403,-0.10562524576553263,-0.06268738557359606
5.541999999999612,0.016358723246000132,-0.10611488893852124,-0.06007939534100769
5.5439999999996115,0.016146013949309878,-0.10659367446079718,-0.057472343521480077
5.545999999999611,0.015932357952870606,-0.10706158542136517,-0.05486646503230161
5.547999999999611,0.015717777021760786,-0.10751860594020499,-0.052261994107340906
5.549999999999611,0.015502292951789136,-0.10796472116719484,-0.049659164277402884
5.551999999999611,0.015285927567435988,-0.10839991728094352,-0.04705820835069653
5.55399999999961,0.015068702719797081,-0.10882418148753172,-0.04445935839341637
5.55599999999961,0.014850640284529953,-0.10923750201916296,-0.04186284571043909
5.55799999999961,0.014631762159803132,-0.10963986813272433,-0.03926890082613657
5.55999999999961,0.014412090264248289,-0.11003127010825736,-0.036677753465306995
5.5619999999996095,0.014191646534915541,-0.11041169924733954,-0.034089632534225534
5.563999999999609,0.013970452925232081,-0.1107811478713767,-0.03150476610181588
5.565999999999609,0.013748531402964307,-0.11113960931980672,-0.02892338138094412
5.567999999999609,0.013525903948183642,-0.11148707794821479,-0.02634570470983634
5.569999999999609,0.013302592551236196,-0.1118235491263608,-0.02377196153362164
5.571999999999608,0.013078619210716477,-0.11214901923611917,-0.021202376386001143
5.573999999999608,0.012854005931445301,-0.11246348566933136,-0.018637172871045604
5.575999999999608,0.012628774722452085,-0.11276694682557178,-0.016076573645121647
5.577999999999608,0.01240294759496169,-0.11305940210982723,-0.013520800398949068
5.5799999999996075,0.012176546560386003,-0.11334085193009039,-0.010970073839789665
5.581999999999607,0.011949593628320404,-0.1136112976948678,-0.008424613673769649
5.583999999999607,0.011722110804545315,-0.11387074181060285,-0.005884638588336238
5.585999999999607,0.011494120089032974,-0.11411918767901387,-0.0033503662348502994
5.587999999999607,0.011265643473959629,-0.1143566396943483,-0.000822013211315864
5.589999999999606,0.011036702941723304,-0.11458310324055287,0.0017002049547520104
5.591999999999606,0.0108073204629673,-0.11479858468836064,0.00421607382331983
5.593999999999606,0.010577517994609617,-0.11500309139229509,0.006725380058687641
5.595999999999606,0.010347317477878443,-0.11519663168759192,0.009227911446198916
5.5979999999996055,0.010116740836353883,-0.11537921488703894,0.011723456908807495
5.599999999999605,0.009885809974016089,-0.11555085127773455,0.014211806523500112
5.601999999999605,0.009654546773299955,-0.11571155211776535,0.016692751537573672
5.603999999999605,0.009422973093156536,-0.11586132963280328,0.019166084384765802
5.605999999999605,0.009191110767121353,-0.1160001970126229,0.021631598701237917
5.607999999999604,0.008958981601389748,-0.11612816840753927,0.024089089341409367
5.609999999999604,0.008726607372899431,-0.11624525892476689,0.026538352393641787
5.611999999999604,0.008494009827420393,-0.1163514846247004,0.028979185195772583
5.613999999999604,0.008261210677652345,-0.11644686251711729,0.031411386350496465
5.6159999999996035,0.008028231601329813,-0.11653141055730348,0.033834755740593844
5.617999999999603,0.007795094239335066,-0.11660514764210202,0.03624909454400535
5.619999999999603,0.007561820193819028,-0.11666809360588562,0.03865420524875135
5.621999999999603,0.0073284310263303076,-0.11672026921645355,0.041049891667695335
5.623999999999603,0.007094948255952524,-0.11676169617085341,0.04343595895315047
5.625999999999602,0.006861393357450052,-0.11679239709112836,0.04581221361132817
5.627999999999602,0.006627787759422352,-0.1168123955199904,0.04817846351662784
5.629999999999602,0.006394152842467029,-0.11682171591642022,0.05053451792576688
5.631999999999602,0.006160509937351757,-0.11682038365119435,0.05288018749174994
5.6339999999996015,0.005926880323195231,-0.11680842500233989,0.05521528427767678
5.635999999999601,0.005693285225657272,-0.11678586715051778,0.05753962177038758
5.637999999999601,0.0054597458151382445,-0.11675273817433496,0.05985301489394507
5.639999999999601,0.005226283204987914,-0.11670906704558603,0.062155280022952515
5.641999999999601,0.004992918449723895,-0.11665488362442523,0.0644462349957069
5.6439999999996004,0.004759672543259823,-0.11659021865446903,0.06672569912718629
5.6459999999996,0.0045265664171433885,-0.1165151037578302,0.0689934932218708
5.6479999999996,0.004293620938804374,-0.11642957143008391,0.07124943958639632
5.6499999999996,0.004060856909812825,-0.11633365503516646,0.07349336204204017
5.6519999999996,0.003828295064147484,-0.11622738880020722,0.07572508593703822
5.653999999999599,0.003595956066474641,-0.11611080781029458,0.07794443815873238
5.655999999999599,0.003363860510437503,-0.11598394800317635,0.08015124714554817
5.657999999999599,0.003132028916956236,-0.11584684616389546,0.08234534289880133
5.659999999999599,0.002900481732538797,-0.11569953991936137,0.08452655699433309
5.6619999999995985,0.0026692393276026866,-0.11554206773285813,0.0866947225939734
5.663999999999598,0.00243832199480775,-0.11537446889848949,0.08884967445683127
5.665999999999598,0.0022077499474001477,-0.1151967835355618,0.09099124895041198
5.667999999999598,0.001977543317567624,-0.11500905258290554,0.09311928406156032
5.669999999999598,0.0017477221548061926,-0.11481131779313586,0.0952336194072293
5.671999999999597,0.0015183064242983596,-0.11460362172685301,0.09733409624507393
5.673999999999597,0.001289316005303009,-0.11438600774678327,0.09942055748386941
5.675999999999597,0.001060770689557062,-0.11415852001186111,0.10149284769375318
5.677999999999597,0.0008326901796890302,-0.11392120347125313,0.1035508131162905
5.6799999999995965,0.0006050940876445811,-0.11367410385832469,0.10559430167436283
5.681999999999596,0.0003780019331242237,-0.11341726768454968,0.10762316298187888
5.683999999999596,0.0001514331420332334,-0.11315074223336437,0.10963724835330745
5.685999999999596,-7.459295505607714e-05,-0.11287457555396582,0.11163641081303204
5.687999999999596,-0.0003000571244296285,-0.11258881645505572,0.11362050510452659
5.689999999999595,-0.0005249402307442788,-0.11229351449853027,0.11558938769935201
5.691999999999595,-0.0007492232385278548,-0.11198871999311683,0.11754291680597306
5.693999999999595,-0.0009728872136664036,-0.1116744839879581,0.11948095237839537
5.695999999999595,-0.0011959133248785603,-0.11135085826614452,0.12140335612462214
5.6979999999995945,-0.0014182828451769307,-0.11101789533819559,0.12330999151493012
5.699999999999594,-0.0016399771533163845,-0.11067564843549083,0.12520072378996489
5.701999999999594,-0.0018609777352291623,-0.11032417150365115,0.12707541996865468
5.703999999999594,-0.0020812661854466958,-0.10996351919587133,0.12893394885594278
5.705999999999594,-0.002300824208508044,-0.10959374686620436,0.13077618105033828
5.707999999999593,-0.002519633620354853,-0.10921491056279835,0.1326019889512848
5.709999999999593,-0.0027376763497127385,-0.10882706702108672,0.1344112467663469
5.711999999999593,-0.0029549344394590085,-0.1084302736569325,0.1362038305182141
5.713999999999593,-0.0031713900479766245,-0.10802458855972746,0.1379796180515226
5.7159999999995925,-0.003387025450494319,-0.10761007048544667,0.1397384890394937
5.717999999999592,-0.0036018230404127765,-0.10718677884965946,0.14148032499038987
5.719999999999592,-0.0038157653306167957,-0.1067547737204974,0.14320500925378724
5.721999999999592,-0.004028834954773344,-0.10631411581157997,0.14491242702666535
5.723999999999592,-0.004241014668615421,-0.10586486647489897,0.14660246535931343
5.725999999999591,-0.0044522873512116545,-0.10540708769366203,0.14827501316105318
5.727999999999591,-0.004662636006221534,-0.10494084207509631,0.14992996120577856
5.729999999999591,-0.004872043763136225,-0.10446619284321294,0.15156720213731165
5.731999999999591,-0.005080493878504863,-0.10398320383153307,0.1531866304745752
5.7339999999995905,-0.005287969737146268,-0.10349193947577628,0.1547881426165817
5.73599999999959,-0.005494454853345996,-0.10299246480651204,0.15637163684723895
5.73799999999959,-0.005699932872038659,-0.10248484544177504,0.157937013339972
5.73999999999959,-0.00590438756997544,-0.10196914757964519,0.15948417416216162
5.74199999999959,-0.006107802856876731,-0.10144543799079302,0.1610130232793996
5.743999999999589,-0.00631016277656983,-0.10091378401099121,0.16252346655956032
5.745999999999589,-0.0065114515081116315,-0.10037425353359312,0.16401541177668952
5.747999999999589,-0.006711653366896231,-0.09982691500197896,0.16548876861470946
5.749999999999589,-0.006910752805747402,-0.09927183740197044,0.16694344867094127
5.7519999999995886,-0.0071087344159958665,-0.09870909025421484,0.16837936545944449
5.753999999999588,-0.007305582928541303,-0.09813874360653886,0.16979643441417352
5.755999999999588,-0.007501283214899032,-0.09756086802627349,0.1711945728919519
5.757999999999588,-0.007695820288231327,-0.09697553459255034,0.1725737001752638
5.759999999999588,-0.007889179304363288,-0.09638281488857037,0.17393373747486363
5.7619999999995875,-0.008081345562783223,-0.09578278099384577,0.17527460793220323
5.763999999999587,-0.008272304507627492,-0.09517550547641573,0.176596236621678
5.765999999999587,-0.008462041728649752,-0.0945610613850369,0.17789855055269066
5.767999999999587,-0.008650542962174566,-0.09393952224134931,0.17918147867153442
5.769999999999587,-0.008837794092035313,-0.09331096203201862,0.18044495186309498
5.771999999999586,-0.009023781150496358,-0.09267545520085527,0.18168890295237175
5.773999999999586,-0.009208490319159447,-0.09203307664091148,0.18291326670581887
5.775999999999586,-0.009391907929854263,-0.09138390168655691,0.18411797983250594
5.777999999999586,-0.009574020465513127,-0.0907280061055336,0.18530298098509954
5.7799999999995855,-0.009754814561029775,-0.09006546609099104,0.1864682107606649
5.781999999999585,-0.009934277004102194,-0.08939635825350226,0.18761361170128882
5.783999999999585,-0.010112394736059467,-0.08872075961306145,0.18873912829452422
5.785999999999585,-0.010289154852672603,-0.08803874759106425,0.18984470697365613
5.787999999999585,-0.0104645446049493,-0.08735040000227116,0.19093029611779028
5.789999999999584,-0.01063855139991263,-0.086655795046755,0.19199584605176417
5.791999999999584,-0.0108111628013636,-0.0859550113018332,0.1930413090458813
5.793999999999584,-0.010982366530627551,-0.08524812771398567,0.1940666393154692
5.795999999999584,-0.011152150467284405,-0.08453522359075905,0.19507179302026117
5.7979999999995835,-0.011320502649882679,-0.08381637859265799,0.1960567282636031
5.799999999999583,-0.011487411276637289,-0.08309167272502446,0.19702140509148477
5.801999999999583,-0.011652864706111096,-0.08236118632990566,0.19796578549139734
5.803999999999583,-0.011816851457880171,-0.0816250000779114,0.19888983339101662
5.805999999999583,-0.011979360213182777,-0.0808831949600617,0.1997935146567131
5.807999999999582,-0.012140379815552022,-0.08013585227962537,0.20067679709188946
5.809999999999582,-0.012299899271432194,-0.07938305364395036,0.2015396504351456
5.811999999999582,-0.012457907750778747,-0.07862488095628657,0.20238204635827228
5.813999999999582,-0.012614394587641915,-0.0778614164076021,0.20320395846407405
5.8159999999995815,-0.012769349280733968,-0.07709274246839332,0.20400536228402122
5.817999999999581,-0.012922761493980072,-0.07631894188049002,0.204786235275733
5.819999999999581,-0.013074621057052756,-0.0755400976488559,0.20554655682029074
5.821999999999581,-0.013224917965889985,-0.07475629303338556,0.20628630821938349
5.823999999999581,-0.013373642383196811,-0.07396761154069847,0.20700547269228542
5.82599999999958,-0.01352078463893062,-0.07317413691593089,0.20770403537266657
5.82799999999958,-0.013666335230769955,-0.07237595313452629,0.20838198330523708
5.82999999999958,-0.013810284824566926,-0.07157314439402519,0.20903930544222582
5.83199999999958,-0.013952624254783193,-0.07076579510585515,0.20967599263969444
5.8339999999995795,-0.01409334452490953,-0.0699539898871215,0.2102920376536871
5.835999999999579,-0.014232436807868976,-0.0691378135523997,0.21088743513621677
5.837999999999579,-0.014369892446403574,-0.0683173511055302,0.21146218163108946
5.839999999999579,-0.014505702953444699,-0.06749268773141609,0.21201627556956593
5.841999999999579,-0.014639860012466982,-0.06666390878782494,0.21254971726586308
5.843999999999578,-0.01477235547782585,-0.06583109979719486,0.21306250891249476
5.845999999999578,-0.014903181375078678,-0.06499434643844608,0.21355465457545336
5.847999999999578,-0.015032329901289576,-0.06415373453879854,0.21402616018923287
5.849999999999578,-0.015159793425317808,-0.06330935006559611,0.21447703355169428
5.8519999999995775,-0.015285564488089876,-0.062461279118138494,0.2149072843187742
5.853999999999577,-0.01540963580285527,-0.06160960791952117,0.21531692399903724
5.855999999999577,-0.015532000255425914,-0.060754422808484414,0.21570596594807387
5.857999999999577,-0.01565265090439931,-0.05989581023127188,0.21607442536274357
5.859999999999577,-0.015771580981365413,-0.05903385673349961,0.21642231927526498
5.861999999999576,-0.015888783891097265,-0.05816864895203613,0.21674966654715375
5.863999999999576,-0.016004253211725387,-0.05730027360689431,0.2170564878630088
5.865999999999576,-0.01611798269489597,-0.0564288174931358,0.21734280572414816
5.867999999999576,-0.016229966265912894,-0.055554367472788614,0.21760864444209552
5.869999999999576,-0.016340198023863592,-0.05467701046677866,0.21785403013191754
5.871999999999575,-0.016448672241728794,-0.053796833446875914,0.2180789907054146
5.873999999999575,-0.016555383366476176,-0.052913923427655836,0.21828355586416387
5.875999999999575,-0.016660326019137944,-0.052028367458476873,0.21846775709241759
5.877999999999575,-0.016763494994872404,-0.05114025261547459,0.21863162764985633
5.8799999999995745,-0.016864885263009513,-0.050249665993573236,0.2187752025641986
5.881999999999574,-0.016964491967080508,-0.04935669469851532,0.21889851862366838
5.883999999999574,-0.017062310424831566,-0.04846142583890997,0.21900161436932042
5.885999999999574,-0.017158336128221627,-0.047563946518300704,0.21908453008722564
5.887999999999574,-0.017252564743404333,-0.046664343827253256,0.21914730780051697
5.889999999999573,-0.017344992110694193,-0.045762704835464234,0.2191899912612966
5.891999999999573,-0.017435614244516968,-0.044859116583891114,0.21921262594240618
5.893999999999573,-0.017524427333344347,-0.0439536660769044,0.21921525902906078
5.895999999999573,-0.01761142773961295,-0.04304644027446247,0.21919793941034788
5.8979999999995725,-0.017696611999627698,-0.042137526084309866,0.21916071767059198
5.899999999999572,-0.017779976823449603,-0.04122701035419957,0.21910364608058686
5.901999999999572,-0.017861519094768047,-0.040314979864140045,0.2190267785886956
5.903999999999572,-0.017941235870757542,-0.03940152131866757,0.2189301708118205
5.905999999999572,-0.01801912438191911,-0.03848672133914455,0.21881388002624302
5.907999999999571,-0.01809518203190623,-0.03757066645608443,0.21867796515833562
5.909999999999571,-0.018169406397335518,-0.036653443101503896,0.2185224867751467
5.911999999999571,-0.0182417952275821,-0.03573513760130286,0.2183475070748591
5.913999999999571,-0.01831234644455979,-0.034815836167673,0.21815308987712387
5.9159999999995705,-0.018381058142486098,-0.03389562489153538,0.21793930061327088
5.91799999999957,-0.018447928587632174,-0.032974589735007755,0.21770620631639637
5.91999999999957,-0.01851295621805769,-0.03205281652390228,0.21745387561132948
5.92199999999957,-0.018576139643330755,-0.03113039094025407,0.2171823787044792
5.92399999999957,-0.01863747764423292,-0.030207398514881335,0.21689178737356163
5.925999999999569,-0.018696969172449337,-0.029283924619977638,0.21658217495721052
5.927999999999569,-0.01875461335024413,-0.028360054461736867,0.21625361634447102
5.929999999999569,-0.01881040947012106,-0.02743587307301152,0.21590618796417815
5.931999999999569,-0.018864356994469526,-0.026511465306004872,0.2155399677742221
5.9339999999995685,-0.018916455555196,-0.025586915824997617,0.21515503525070015
5.935999999999568,-0.018966704953340928,-0.024662309099109547,0.2147514713769576
5.937999999999568,-0.019015105158681222,-0.023737729395096843,0.21432935863251884
5.939999999999568,-0.01906165630931835,-0.02281326077018554,0.21388878098190905
5.941999999999568,-0.01910635871125215,-0.021888987064941728,0.213429823863369
5.943999999999567,-0.019149212837940428,-0.02096499189617904,0.21295257417746324
5.945999999999567,-0.019190219329844365,-0.020041358649903977,0.2124571202755833
5.947999999999567,-0.019229378993959923,-0.01911817047429962,0.21194355194834763
5.949999999999567,-0.019266692803335192,-0.018195510272748266,0.21141196041389884
5.9519999999995665,-0.01930216189657386,-0.01727346069689352,0.2108624383061002
5.953999999999566,-0.01933578757732483,-0.016352104139742373,0.2102950796626321
5.955999999999566,-0.019367571313758103,-0.015431522728807816,0.20970997991299067
5.957999999999566,-0.019397514738026946,-0.014511798319292463,0.20910723586638885
5.959999999999566,-0.01942561964571652,-0.013593012487313746,0.20848694569956194
5.961999999999565,-0.019451887995278958,-0.012675246523171162,0.20784920894447895
5.963999999999565,-0.019476321907455043,-0.01175858142465609,0.20719412647596075
5.965999999999565,-0.019498923664682546,-0.01084309789040468,0.20652180049920651
5.967999999999565,-0.0195196957104913,-0.009928876313294296,0.20583233453723015
5.9699999999995645,-0.019538640648885133,-0.009015996773884021,0.20512583341820734
5.971999999999564,-0.019555761243710702,-0.008104539033899698,0.20440240326273534
5.973999999999564,-0.019571060418013368,-0.007194582529763982,0.20366215147100672
5.975999999999564,-0.019584541253380147,-0.006286206366171895,0.20290518670989768
5.977999999999564,-0.019596206989269893,-0.005379489309712332,0.20213161889997336
5.979999999999563,-0.01960606102233073,-0.004474509782535997,0.20134155920241126
5.981999999999563,-0.019614106905704903,-0.003571345856070223,0.20053512000584328
5.983999999999563,-0.019620348348321093,-0.0026700752447811225,0.19971241491311925
5.985999999999563,-0.019624789214174286,-0.0017707752999835276,0.19887355872799206
5.987999999999563,-0.01962743352159334,-0.0008735230036991541,0.19801866744172641
5.989999999999562,-0.019628285442496306,2.1605037436570832e-05,0.19714785821963257
5.991999999999562,-0.019627349301633585,0.0009145325982185884,0.1962612493875265
5.993999999999562,-0.019624629575819102,0.001805183840866764,0.19535896041811726
5.995999999999562,-0.019620130893149488,0.0026934833209705062,0.19444111191732427
5.9979999999995615,-0.01961385803221145,0.0035793559933830267,0.19350782561052438
5.999999999999561,-0.019605815921277393,0.004462727218064838,0.1925592243287315
6.001999999999561,-0.01959600963748942,0.005343522765876082,0.19159543199470908
6.003999999999561,-0.01958444440603178,0.0062216688243172886,0.19061657360901813
6.005999999999561,-0.0195711255992919,0.007097092003218179,0.18962277523600052
6.00799999999956,-0.01955605873601008,0.007969719340374121,0.18861416398970082
6.00999999999956,-0.01953924948041799,0.008839478307129852,0.18759086801972666
6.01199999999956,-0.019520703641366027,0.00970629681391011,0.18655301649705006
6.01399999999956,-0.019500427171439665,0.01057010321569678,0.18550073959975016
6.0159999999995595,-0.01947842616606494,0.011430826317452205,0.18443416849869987
6.017999999999559,-0.019454706862603092,0.012288395379488304,0.18335343534319717
6.019999999999559,-0.019429275639434567,0.013142740122781146,0.1822586732465426
6.021999999999559,-0.01940213901503241,0.013993790734230616,0.18115001627156452
6.023999999999559,-0.019373303647025223,0.01484147787186485,0.18002759941609348
6.025999999999558,-0.019342776331249745,0.0156857326699891,0.17889155859838737
6.027999999999558,-0.019310564000793215,0.01652648674427869,0.17774203064250835
6.029999999999558,-0.019276673725025575,0.017363672196815762,0.17657915326365345
6.031999999999558,-0.019241112708621687,0.018197221621069445,0.17540306505344
6.0339999999995575,-0.019203888290573623,0.01902706810681921,0.17421390546514742
6.035999999999557,-0.019165007943193185,0.019853145245021027,0.17301181479891703
6.037999999999557,-0.01912447927110473,0.02067538713261607,0.17179693418691083
6.039999999999557,-0.019082310010228445,0.021493728377281685,0.1705694055784312
6.041999999999557,-0.01903850802675419,0.02230810410212427,0.16932937172500276
6.043999999999556,-0.018993081316105984,0.023118449950313865,0.1680769761654176
6.045999999999556,-0.018946038001897317,0.023924702089660115,0.16681236321074597
6.047999999999556,-0.018897386334877336,0.024726797217129358,0.16553567792931306
6.049999999999556,-0.018847134691868075,0.025524672563302576,0.164247066131644
6.0519999999995555,-0.018795291574692827,0.02631826589677394,0.16294667435537818
6.053999999999555,-0.018741865609095767,0.027107515528489706,0.16163464985015433
6.055999999999555,-0.01868686554365297,0.027892360316027202,0.16031114056246798
6.057999999999555,-0.01863030024867493,0.028672739667813682,0.1589762951205025
6.059999999999555,-0.01857217871510069,0.029448593547284786,0.1576302628189356
6.061999999999554,-0.018512510053383724,0.030219862476982412,0.1562731936037221
6.063999999999554,-0.018451303492369696,0.030986487542591746,0.15490523805685483
6.065999999999554,-0.01838856837816618,0.03174841039691725,0.15352654738110522
6.067999999999554,-0.018324314173004504,0.03250557326379736,0.15213727338474456
6.0699999999995535,-0.01825855045409383,0.03325791894195781,0.1507375684662477
6.071999999999553,-0.018191286912467585,0.034005390808803146,0.1493275855989805
6.073999999999553,-0.018122533351822363,0.03474793282414653,0.1479074783158727
6.075999999999553,-0.01805229968734944,0.03548548953387741,0.14647740069407708
6.077999999999553,-0.017980595944559013,0.03621800607356699,0.14503750733961696
6.079999999999552,-0.017907432258097288,0.036945428172011296,0.14358795337202315
6.081999999999552,-0.017832818870556544,0.037667702154711685,0.1421288944089616
6.083999999999552,-0.017756766131278304,0.0383847749472926,0.14066048655085375
6.085999999999552,-0.017679284495149727,0.03909659407885646,0.13918288636549042
6.0879999999995515,-0.017600384521393356,0.03980310768527547,0.1376962508726408
6.089999999999551,-0.017520076872350347,0.04050426451242029,0.13620073752865808
6.091999999999551,-0.017438372312257304,0.04120001391932534,0.1346965042110832
6.093999999999551,-0.017355281706016842,0.04189030588129067,0.1331837092032477
6.095999999999551,-0.01727081601796202,0.042575090992920235,0.13166251117887776
6.0979999999995504,-0.017184986310614738,0.04325432047109646,0.13013306918669995
6.09999999999955,-0.017097803743438285,0.043927946157890994,0.12859554263505094
6.10199999999955,-0.0170092795715841,0.04459592052341151,0.12705009127649183
6.10399999999955,-0.01691942514463291,0.04525819666858451,0.1254968751924295
6.10599999999955,-0.01682825190533038,0.045914728327873945,0.1239360547777446
6.107999999999549,-0.016735771388317357,0.04656546987193567,0.12236779072542986
6.109999999999549,-0.016641995218854923,0.04721037631020754,0.12079224401123792
6.111999999999549,-0.01654693511154428,0.047849403293435164,0.1192095758783417
6.113999999999549,-0.01645060286904167,0.048482507116133174,0.11761994782200764
6.1159999999995485,-0.016353010380768442,0.049109644718981965,0.11602352157428353
6.117999999999548,-0.01625416962161638,0.04973077369115986,0.11442045908870246
6.119999999999548,-0.016154092650648433,0.050345852272610625,0.11281092252500394
6.121999999999548,-0.01605279160979499,0.05095483935624631,0.1111950742338737
6.123999999999548,-0.015950278722545782,0.051557694490085314,0.10957307674170358
6.125999999999547,-0.015846566292637605,0.05215437787932571,0.1079450927353725
6.127999999999547,-0.01574166670273794,0.05274485038835378,0.10631128504705033
6.129999999999547,-0.015635592413124632,0.05332907354268767,0.10467181663902561
6.131999999999547,-0.015528355960361747,0.05390700953085624,0.10302685058855865
6.1339999999995465,-0.01541996995597172,0.05447862120621304,0.10137655007276124
6.135999999999546,-0.015310447085103965,0.055043872088685386,0.09972107835350418
6.137999999999546,-0.01519980010520003,0.05560272636645863,0.09806059876235426
6.139999999999546,-0.015088041844655462,0.0561551488975955,0.09639527468554168
6.141999999999546,-0.014975185201478489,0.05670110521159059,0.09472526954895912
6.143999999999545,-0.014861243141945663,0.05724056151086002,0.0930507468031943
6.145999999999545,-0.014746228699254594,0.05777348467216632,0.09137186990859661
6.147999999999545,-0.014630154972173879,0.05829984224797841,0.08968880232037961
6.149999999999545,-0.014513035123690404,0.05881960246776693,0.08800170747376038
6.1519999999995445,-0.014394882379654096,0.059332734239234755,0.08631074876913711
6.153999999999544,-0.014275710027420292,0.05983920714948292,0.08461608955730619
6.155999999999544,-0.014155531414489832,0.060338991466111845,0.08291789312471999
6.157999999999544,-0.014034359947147025,0.060832058138258045,0.08121632267878648
6.159999999999544,-0.013912209089095599,0.06131837879756626,0.07951154133321223
6.161999999999543,-0.013789092360092764,0.06179792575909723,0.07780371209338971
6.163999999999543,-0.013665023334581545,0.06227067202217104,0.0760929978418304
6.165999999999543,-0.013540015640321467,0.06273659127114617,0.0743795613236444
6.167999999999543,-0.013414082957017768,0.0631956578761344,0.07266356513206851
6.1699999999995425,-0.013287239014949234,0.06364784689365154,0.07094517169404327
6.171999999999542,-0.013159497593594796,0.06409313406720413,0.0692245432558408
6.173999999999542,-0.013030872520259024,0.06453149582781231,0.06750184186874383
6.175999999999542,-0.012901377668696637,0.06496290929446878,0.06577722937477792
6.177999999999542,-0.012771026957736156,0.06538735227453411,0.06405086739249759
6.179999999999541,-0.012639834349902832,0.06580480326406847,0.06232291730282745
6.181999999999541,-0.012507813850040976,0.06621524144809984,0.060593540234959845
6.183999999999541,-0.012374979503935811,0.06661864670082901,0.05886289705230993
6.185999999999541,-0.01224134539693498,0.06701499958577126,0.0571311483385291
6.1879999999995405,-0.012106925652569836,0.06740428135583505,0.055398454383578544
6.18999999999954,-0.011971734431176632,0.06778647395333784,0.05366497516986331
6.19199999999954,-0.011835785928517747,0.06816156000995902,0.051930870358428485
6.19399999999954,-0.011699094374403068,0.06852952284663033,0.05019629927521846
6.19599999999954,-0.01156167403131165,0.0688903464733639,0.048461420897400354
6.197999999999539,-0.011423539193013787,0.06924401558901781,0.046726393839752606
6.199999999999539,-0.011284704183193611,0.0695905155809998,0.04499137634112006
6.201999999999539,-0.011145183354072346,0.0699298325249088,0.04325652625093632
6.203999999999539,-0.01100499108503234,0.07026195318411492,0.04152200101581466
6.2059999999995386,-0.010864141781242,0.0705868650092778,0.039787957666208476
6.207999999999538,-0.010722649872281758,0.07090455613780353,0.03805455280314221
6.209999999999538,-0.010580529810771164,0.07121501539324052,0.03632194258501406
6.211999999999538,-0.010437796070997273,0.07151823228461432,0.03459028271447112
6.213999999999538,-0.010294463147544407,0.07181419700570175,0.03285972842535842
6.2159999999995375,-0.010150545553925437,0.07210290043424443,0.031130434469742327
6.217999999999537,-0.01000605782121469,0.07238433413110198,0.029402555105009942
6.219999999999537,-0.009861014496682625,0.07265849033934518,0.027676244081044923
6.221999999999537,-0.00971543014243236,0.07292536198328918,0.02595165462748107
6.223999999999537,-0.009569319334038217,0.07318494266746713,0.024228939441034422
6.225999999999536,-0.00942269665918636,0.07343722667554436,0.02250825067291505
6.227999999999536,-0.009275576716317669,0.07368220896917346,0.02078973991631923
6.229999999999536,-0.009127974113272975,0.07391988518679032,0.01907355819400322
6.231999999999536,-0.00897990346594074,0.07415025164235166,0.017359855945939417
6.2339999999995355,-0.008831379396907337,0.07437330532401405,0.015648783017055745
6.235999999999535,-0.008682416534110027,0.07458904389275484,0.013940488645059326
6.237999999999535,-0.008533029509492742,0.07479746568093518,0.012235121448345432
6.239999999999535,-0.008383232957664815,0.07499856969080544,0.01053282941399225
6.241999999999535,-0.008233041514562745,0.07519235559295333,0.008833759885842701
6.243999999999534,-0.008082469816115129,0.07537882372469493,0.007138059552674117
6.245999999999534,-0.007931532496910863,0.07555797508840896,0.0054458744364563605
6.247999999999534,-0.007780244188870737,0.07572981134981463,0.003757349880699673
6.249999999999534,-0.007628619519922528,0.07589433483619322,0.002072630538892742
6.2519999999995335,-0.007476673112679705,0.07605154853455383,0.0003918603630320566
6.253999999999533,-0.007324419583123855,0.07620145608974355,-0.0012848174077567803
6.255999999999533,-0.007171873539290955,0.07634406180250232,-0.0029572602585049984
6.257999999999533,-0.007019049579961576,0.0764793706274629,-0.0046253264095927615
6.259999999999533,-0.006865962293355148,0.07660738817109611,-0.006288874827847152
6.261999999999532,-0.006712626255828393,0.07672812068960176,-0.007947765237544632
6.263999999999532,-0.00655905603057802,0.07684157508674565,-0.009601858131317823
6.265999999999532,-0.006405266166347808,0.0769477589116428,-0.011251014780965449
6.267999999999532,-0.006251271196140173,0.07704668035648739,-0.01289509724816472
6.2699999999995315,-0.006097085635932328,0.0771383482542297,-0.014533968395085653
6.271999999999531,-0.005942723983397144,0.07722277207620036,-0.01616749189490642
6.273999999999531,-0.005788200716628808,0.07729996192968228,-0.01779553224222892
6.275999999999531,-0.0056335302928733995,0.07736992855543064,-0.019417954763394196
6.277999999999531,-0.005478727147264471,0.07743268332514122,-0.02103462562669664
6.27999999999953,-0.005323805691563744,0.07748823823886751,-0.022645411852496515
6.28199999999953,-0.005168780312907026,0.07753660592238688,-0.02425018132323007
6.28399999999953,-0.005013665372555441,0.07757779962451625,-0.025848802793316625
6.28599999999953,-0.00485847520465208,0.07761183321437752,-0.027441145898961836
6.2879999999995295,-0.004703224114984172,0.07763872117861333,-0.029027081167856718
6.289999999999529,-0.004547926379750873,0.07765847861855324,-0.0306064800287716
6.291999999999529,-0.004392596244336769,0.07767112124733098,-0.03217921482104451
6.293999999999529,-0.004237247922091195,0.07767666538695303,-0.033745158803963296
6.295999999999529,-0.004081895593113466,0.07767512796531884,-0.035304186166041085
6.297999999999528,-0.003926553403044115,0.07766652651319325,-0.036856172034184176
6.299999999999528,-0.00377123546186223,0.0776508791611314,-0.038400992482752104
6.301999999999528,-0.0036159558426889955,0.07762820463635652,-0.03993852454250911
6.303999999999528,-0.003460728580597519,0.07759852225959102,-0.04146864620946656
6.3059999999995275,-0.0033055676714290436,0.07756185194184133,-0.04299123645361583
6.307999999999527,-0.003150487070615637,0.07751821418113682,-0.04450617522755089
6.309999999999527,-0.002995500692009449,0.07746763005922322,-0.04601334347498044
6.311999999999527,-0.0028406224067186263,0.07741012123821106,-0.047512623139128726
6.313999999999527,-0.0026858660419499737,0.07734570995717936,-0.049003897171024796
6.315999999999526,-0.002531245379858455,0.07727441902873514,-0.05048704953767963
6.317999999999526,-0.0023767741564036174,0.07719627183552913,-0.051961965230150585
6.319999999999526,-0.0022224660602130266,0.07711129232672809,-0.053428530271492955
6.321999999999526,-0.002068334731452803,0.07701950501444418,-0.05488663172459782
6.323999999999526,-0.0019143937607053396,0.07692093497012178,-0.05633615769991615
6.325999999999525,-0.001760656687854288,0.07681560782088226,-0.05777699736306839
6.327999999999525,-0.0016071370009768994,0.07670354974582706,-0.05920904094233938
6.329999999999525,-0.0014538481352437964,0.0765847874722996,-0.06063217973605807
6.331999999999525,-0.0013008034718262665,0.07645934827210639,-0.062046306119861644
6.3339999999995245,-0.0011480163368111501,0.0763272599576978,-0.06345131355384373
6.335999999999524,-0.0009955000001234077,0.076188550878309,-0.0648470965895863
6.337999999999524,-0.0008432676744564464,0.07604324991606143,-0.06623355087707493
6.339999999999524,-0.0006913325142102805,0.07589138648202531,-0.06761057317149696
6.341999999999524,-0.000539707614437606,0.07573299051224364,-0.06897806133992251
6.343999999999523,-0.0003884060097978662,0.07556809246371808,-0.07033591436786757
6.345999999999523,-0.00023744067351938184,0.07539672331035735,-0.07168403236573942
6.347999999999523,-8.682451636962281e-05,0.07521891453888833,-0.07302231657516353
6.349999999999523,6.342961436630673e-05,0.07503469814473061,-0.07435066937519211
6.3519999999995225,0.00021330893589889525,0.07484410662783479,-0.07566899428839369
6.353999999999522,0.00036280073093909195,0.074647172988485,-0.07697719598682375
6.355999999999522,0.0005118923486947445,0.0744439307230662,-0.07827518029787592
6.357999999999522,0.0006605712058585369,0.07423441381979666,-0.07956285421001363
6.359999999999522,0.0008088247875873573,0.07401865675442615,-0.08084012587838203
6.361999999999521,0.0009566406484730287,0.07379669448590023,-0.08210690463029972
6.363999999999521,0.0011040064135043352,0.07356856245199124,-0.08336310097063052
6.365999999999521,0.0012509097790202762,0.0733342965648963,-0.0846086265870346
6.367999999999521,0.0013973385136544856,0.07309393320680309,-0.08584339435509906
6.3699999999995205,0.0015432804592707499,0.07284750922542348,-0.08706731834334794
6.37199999999952,0.0016887235318895613,0.07259506192949593,-0.08828031381813098
6.37399999999952,0.0018336557226056463,0.07233662908425686,-0.08948229724839155
6.37599999999952,0.0019780650984964052,0.07207224890688159,-0.09067318631031332
6.37799999999952,0.002121939803521204,0.07180196006189521,-0.09185289989184564
6.379999999999519,0.0022652680594114597,0.0715258016565542,-0.09302135809710725
6.381999999999519,0.0024080381665514557,0.07124381323619887,-0.0941784822506688
6.383999999999519,0.0025502385048498397,0.07095603477957742,-0.09532419490171343
6.385999999999519,0.0026918575346017368,0.07066250669414202,-0.09645841982807582
6.3879999999995185,0.0028328837973414294,0.07036326981131738,-0.09758108204015939
6.389999999999518,0.0029733059166855472,0.07005836538174229,-0.09869210778473167
6.391999999999518,0.0031131125991667122,0.0697478350704848,-0.09979142454859777
6.393999999999518,0.0032522926350575902,0.06943172095223132,-0.10087896106215193
6.395999999999518,0.003390834899185293,0.06911006550645027,-0.10195464730280723
6.397999999999517,0.003528728351736086,0.06878291161253072,-0.1030184144983032
6.399999999999517,0.0036659620390503437,0.0684503025448967,-0.10407019512989157
6.401999999999517,0.0038025250944077145,0.06811228196809734,-0.10510992293540014
6.403999999999517,0.0039384067388024396,0.0677688939318737,-0.10613753291217448
6.4059999999995165,0.004073596281708783,0.06742018286620267,-0.1071529613198981
6.407999999999516,0.004208083121836528,0.06706619357631834,-0.1081561456832905
6.409999999999516,0.004341856747876494,0.06670697123771144,-0.10914702479468362
6.411999999999516,0.004474906739236029,0.0663425613911075,-0.11012553871647637
6.413999999999516,0.0046072227667644395,0.06597300993742396,-0.11109162878346779
6.415999999999515,0.004738794593468315,0.06559836313270694,-0.11204523760506835
6.417999999999515,0.004869612075216701,0.06521866758304816,-0.11298630906739007
6.419999999999515,0.004999665161436093,0.06483397023948242,-0.11391478833521516
6.421999999999515,0.005128943895795206,0.06444431839286632,-0.11483062185384335
6.4239999999995145,0.005257438416879473,0.06404975966873853,-0.11573375735081838
6.425999999999514,0.005385138958855264,0.06365034202216234,-0.11662414383753326
6.427999999999514,0.005512035852123753,0.06324611373255082,-0.11750173161071498
6.429999999999514,0.005638119523964436,0.06283712339847525,-0.11836647225378835
6.431999999999514,0.005763380499168236,0.062423419932457196,-0.1192183186381196
6.433999999999513,0.0058878094006601855,0.06200505255574488,-0.12005722492413956
6.435999999999513,0.006011396950111643,0.06158207079307426,-0.12088314656234674
6.437999999999513,0.006134133968542013,0.061154524467415435,-0.12169604029419069
6.439999999999513,0.006256011376909954,0.060722463694704736,-0.12249586415283556
6.441999999999513,0.006377020196694029,0.060285938878563206,-0.12328257746380428
6.443999999999512,0.006497151550462779,0.05984500070500185,-0.1240561408455035
6.445999999999512,0.006616396662434204,0.059399700137114216,-0.12481651620962964
6.447999999999512,0.006734746859024603,0.058950088409756816,-0.12556366676145625
6.449999999999512,0.006852193569386777,0.05849621702421792,-0.12629755700000284
6.4519999999995115,0.006968728325937548,0.05803813774287523,-0.1270181527180857
6.453999999999511,0.007084342764874589,0.057575902583842896,-0.1277254210022507
6.455999999999511,0.007199028626682534,0.057109563815608506,-0.12841933023258878
6.457999999999511,0.007312777756628353,0.056639173951660446,-0.12909985008243385
6.459999999999511,0.007425582105245979,0.056164785745106194,-0.12976695151794398
6.46199999999951,0.007537433728810149,0.05568645218328207,-0.13042060679756598
6.46399999999951,0.007648324789799473,0.05520422648235494,-0.13106078947138355
6.46599999999951,0.007758247557348686,0.05471816208191641,-0.13168747438034967
6.46799999999951,0.007867194407690088,0.05422831263956993,-0.13230063765540326
6.4699999999995095,0.007975157824584148,0.05373473202551149,-0.1329002567164708
6.471999999999509,0.00808213039973927,0.053237474317104225,-0.13348631027135296
6.473999999999509,0.008188104833220688,0.0527365937934476,-0.13405877831449692
6.475999999999509,0.00829307393384852,0.05223214492994156,-0.13461764212565447
6.477999999999509,0.008397030619584914,0.05172418239284627,-0.13516288426842676
6.479999999999508,0.008499967917910332,0.051212761033837796,-0.1356944885886954
6.481999999999508,0.008601878966188938,0.05069793588456043,-0.1362124402129411
6.483999999999508,0.00870275701202308,0.05017976215117599,-0.1367167255464498
6.485999999999508,0.008802595413596879,0.04965829520891068,-0.1372073322714068
6.4879999999995075,0.008901387640008897,0.04913359059660003,-0.13768424934487947
6.489999999999507,0.008999127271593904,0.04860570401123236,-0.138147466996689
6.491999999999507,0.009095808000233728,0.04807469130249132,-0.13859697672717142
6.493999999999507,0.009191423629657188,0.047540608467297955,-0.1390327713048286
6.495999999999507,0.009285968075729109,0.047003511644352854,-0.13945484476386985
6.497999999999506,0.009379435366728429,0.04646345710867882,-0.13986319240164394
6.499999999999506,0.009471819643615386,0.04592050126616462,-0.1402578107759631
6.501999999999506,0.009563115160287794,0.04537470064811022,-0.1406386977023185
6.503999999999506,0.00965331628382642,0.044826111905774124,-0.14100585225098816
6.5059999999995055,0.009742417494729443,0.04427479180492316,-0.1413592747440383
6.507999999999505,0.009830413387136033,0.04372079722038532,-0.14169896675221758
6.509999999999505,0.009917298669039024,0.04316418513060614,-0.14202493109174566
6.511999999999505,0.010003068162486712,0.04260501261220897,-0.14233717182099637
6.513999999999505,0.010087716803773777,0.04204333683455981,-0.1426356942370761
6.515999999999504,0.010171239643621337,0.041479215054337056,-0.14292050487229757
6.517999999999504,0.010253631847346152,0.0409127046101067,-0.14319161149055043
6.519999999999504,0.010334888695018975,0.04034386291690346,-0.14344902308356822
6.521999999999504,0.010415005581612083,0.03977274746081827,-0.1436927498670932
6.5239999999995035,0.010493978017135983,0.039199415793592714,-0.1439228032769391
6.525999999999503,0.010571801626765312,0.038623925527220736,-0.14413919596495253
6.527999999999503,0.010648472150953955,0.03804633432855822,-0.14434194179487386
6.529999999999503,0.010723985445539388,0.03746669991394087,-0.14453105583809778
6.531999999999503,0.010798337481836263,0.03688508004381078,-0.14470655436933474
6.533999999999502,0.010871524346719256,0.03630153251735238,-0.14486845486217342
6.535999999999502,0.010943542242695198,0.03571611516713791,-0.14501677598454493
6.537999999999502,0.011014387487964508,0.035128885853783154,-0.14515153759408989
6.539999999999502,0.011084056516471943,0.0345399024606138,-0.14527276073342824
6.5419999999995015,0.011152545877946703,0.03394922288834284,-0.14538046762533324
6.543999999999501,0.011219852237931883,0.03335690504975949,-0.14547468166780986
6.545999999999501,0.011285972377803337,0.032763006864430164,-0.14555542742907832
6.547999999999501,0.011350903194777943,0.032167586253411845,-0.14562273064246353
6.549999999999501,0.011414641701911305,0.03157070113397835,-0.14567661820119127
6.5519999999995004,0.011477185028084933,0.03097240941435995,-0.1457171181530914
6.5539999999995,0.011538530417982905,0.030372768988496775,-0.14574425969520927
6.5559999999995,0.01159867523205806,0.029771837730806446,-0.1457580731683258
6.5579999999995,0.011657616946487724,0.02916967349096635,-0.14575859005138703
6.5599999999995,0.01171535315311904,0.028566334088711075,-0.14574584295584359
6.561999999999499,0.011771881559403886,0.027961877308645338,-0.14571986561990147
6.563999999999499,0.011827199988323446,0.02735636089507291,-0.14568069290268418
6.565999999999499,0.011881306378302455,0.02674984254684196,-0.14562836077830738
6.567999999999499,0.011934198783113149,0.026142379912207202,-0.14556290632986651
6.5699999999994985,0.011985875371768956,0.025534030583709334,-0.1454843677433387
6.571999999999498,0.012036334428407966,0.024924852093072134,-0.1453927843013989
6.573999999999498,0.01208557435216621,0.024314901906117677,-0.1452881963771518
6.575999999999498,0.01213359365704079,0.023704237417700065,-0.14517064542777977
6.577999999999498,0.012180390971742899,0.023092915946658087,-0.14504017398810795
6.579999999999497,0.012225965039540758,0.02248099473078723,-0.14489682566408707
6.581999999999497,0.012270314718092522,0.02186853092183144,-0.1447406451261948
6.583999999999497,0.012313438979269188,0.02125558158049507,-0.14457167810275667
6.585999999999497,0.012355336908967545,0.020642203671475345,-0.14438997137318696
6.5879999999994965,0.012396007706913218,0.020028454058515836,-0.1441955727611508
6.589999999999496,0.012435450686453832,0.019414389499481283,-0.143988531127648
6.591999999999496,0.012473665274342348,0.018800066641454168,-0.1437688963640196
6.593999999999496,0.01251065101051062,0.018185542015853443,-0.14353671938487764
6.595999999999496,0.012546407547833205,0.017570872033575807,-0.14329205212095963
6.597999999999495,0.012580934651881487,0.016956112980159886,-0.14303494751190785
6.599999999999495,0.012614232200668141,0.016341321010973735,-0.14276545949897476
6.601999999999495,0.012646300184382009,0.015726552146426022,-0.14248364301765515
6.603999999999495,0.012677138705113408,0.015111862267201275,-0.1421895539902461
6.6059999999994945,0.012706747976569944,0.014497307109519564,-0.14188324931833535
6.607999999999494,0.01273512832378287,0.01388294226042099,-0.141564786875219
6.609999999999494,0.012762280182804031,0.013268823153075341,-0.1412342254982497
6.611999999999494,0.012788204100393455,0.012655005062117303,-0.14089162498111565
6.613999999999494,0.012812900733697648,0.012041543099007544,-0.14053704606605186
6.615999999999493,0.01283637084991863,0.011428492207420073,-0.14017055043598403
6.617999999999493,0.012858615325973773,0.010815907158656199,-0.13979220070660636
6.619999999999493,0.012879635148146497,0.01020384254708545,-0.13940206041839392
6.621999999999493,0.012899431411727877,0.009592352785613798,-0.13900019402855043
6.6239999999994925,0.0129180053206492,0.00898149210117955,-0.13858666690289256
6.625999999999492,0.012935358187105563,0.008371314530277204,-0.13816154530767155
6.627999999999492,0.012951491431170532,0.00776187391450966,-0.13772489640133284
6.629999999999492,0.012966406580401938,0.007153223896169084,-0.13727678822621497
6.631999999999492,0.012980105269438864,0.006545417913846764,-0.13681728970018847
6.633999999999491,0.01299258923958988,0.0059385091980722945,-0.1363464706082354
6.635999999999491,0.01300386033841259,0.005332550766982399,-0.1358644015939711
6.637999999999491,0.013013920519284544,0.004727595422019721,-0.13537115415110829
6.639999999999491,0.013022771840965574,0.004123695743661898,-0.13486680061486517
6.6419999999994905,0.01303041646715162,0.0035209040871812284,-0.13435141415331764
6.64399999999949,0.013036856666020117,0.0029192725784352434,-0.13382506875869743
6.64599999999949,0.013042094809766976,0.00231885310968849,-0.1332878392386364
6.64799999999949,0.013046133374135259,0.0017196973354658284,-0.13273980120735826
6.64999999999949,0.013048974937935574,0.0011218566684375359,-0.13218103107681844
6.651999999999489,0.013050622182558288,0.0005253822753365254,-0.1316116060477933
6.653999999999489,0.013051077891477596,-6.96749270920426e-05,-0.1310316041009194
6.655999999999489,0.01305034494974753,-0.0006632642761084597,-0.13044110398768394
6.657999999999489,0.013048426343489959,-0.001255335366963198,-0.12984018522136684
6.6599999999994886,0.013045325159374654,-0.001845838056848387,-0.12922892806793637
6.661999999999488,0.013041044584091489,-0.0024347224688157643,-0.12860741353689817
6.663999999999488,0.013035587903814833,-0.0030219389956608203,-0.12797572337209911
6.665999999999488,0.013028958503660211,-0.0036074383037728763,-0.1273339400424875
6.667999999999488,0.013021159867133297,-0.004191171336950822,-0.1266821467328292
6.6699999999994874,0.013012195575571317,-0.004773089320184257,-0.12602042733438215
6.671999999999487,0.013002069307576913,-0.005353143763399776,-0.12534886643552892
6.673999999999487,0.01299078483844456,-0.005931286465172139,-0.12466754931236936
6.675999999999487,0.012978346039579591,-0.006507469516400082,-0.12397656191927346
6.677999999999487,0.012964756877909907,-0.007081645303946519,-0.12327599087939584
6.679999999999486,0.01295002141529044,-0.007653766514242895,-0.12256592347515256
6.681999999999486,0.012934143807900448,-0.00822378613685744,-0.12184644763866152
6.683999999999486,0.01291712830563371,-0.008791657468027111,-0.12111765194214703
6.685999999999486,0.01289897925148168,-0.009357334114152958,-0.12037962558830999
6.6879999999994855,0.012879701080909715,-0.00992076999525872,-0.11963245840066383
6.689999999999485,0.01285929832122639,-0.010481919348412413,-0.11887624081383842
6.691999999999485,0.012837775590946031,-0.011040736731110676,-0.11811106386385148
6.693999999999485,0.01281513759914451,-0.011597177024625684,-0.11733701917834964
6.695999999999485,0.012791389144808379,-0.012151195437314405,-0.11655419896681943
6.697999999999484,0.012766535116177426,-0.012702747507889987,-0.11576269601076938
6.699999999999484,0.012740580490080727,-0.01325178910865508,-0.11496260365388428
6.701999999999484,0.012713530331266275,-0.013798276448696887,-0.11415401579215219
6.703999999999484,0.012685389791724247,-0.014342166077043762,-0.11333702686396588
6.7059999999994835,0.012656164110004,-0.01488341488578313,-0.1125117318401987
6.707999999999483,0.012625858610524876,-0.015421980113140584,-0.11167822621425688
6.709999999999483,0.01259447870288088,-0.015957819346519932,-0.11083660599210818
6.711999999999483,0.012562029881139324,-0.016490890525504058,-0.10998696768228886
6.713999999999483,0.012528517723133499,-0.017021151944816373,-0.10912940828588918
6.715999999999482,0.012493947889749476,-0.017548562257242724,-0.1082640252865186
6.717999999999482,0.01245832612420709,-0.018073080476513563,-0.10739091664025202
6.719999999999482,0.012421658251335213,-0.018594665980146245,-0.10651018076555732
6.721999999999482,0.012383950176841371,-0.01911327851224725,-0.10562191653320588
6.7239999999994815,0.012345207886575801,-0.01962887818627421,-0.10472622325616646
6.725999999999481,0.012305437445790025,-0.02014142548775759,-0.1038232006794838
6.727999999999481,0.012264644998390025,-0.02065088127698182,-0.10291294897014266
6.729999999999481,0.012222836766184082,-0.02115720679162582,-0.10199556870691844
6.731999999999481,0.012180019048125398,-0.0216603636493627,-0.101071160870215
6.73399999999948,0.012136198219549532,-0.02216031385041856,-0.10013982683189128
6.73599999999948,0.012091380731406786,-0.022657019780090177,-0.09920166834507677
6.73799999999948,0.01204557310948958,-0.023150444211221567,-0.0982567875339777
6.73999999999948,0.011998781953654912,-0.023640550306639193,-0.09730528688367424
6.7419999999994795,0.01195101393704201,-0.024127301621545742,-0.09634726922990992
6.743999999999479,0.011902275805285214,-0.02461066210587237,-0.09538283774887435
6.745999999999479,0.011852574375722213,-0.02509059610658925,-0.09441209594697977
6.747999999999479,0.011801916536597692,-0.025567068369974414,-0.09343514765063288
6.749999999999479,0.011750309246262485,-0.02604004404384064,-0.09245209699600251
6.751999999999478,0.01169775953236832,-0.026509488679720434,-0.0914630484187842
6.753999999999478,0.011644274491058234,-0.02697536823500889,-0.09046810664396276
6.755999999999478,0.011589861286152744,-0.027437649075064442,-0.08946737667557345
6.757999999999478,0.011534527148331858,-0.027896297975267312,-0.08846096378646301
6.7599999999994775,0.011478279374313016,-0.028351282123035667,-0.08744897350805127
6.761999999999477,0.011421125326025029,-0.02880256911979934,-0.08643151162009449
6.763999999999477,0.011363072429778135,-0.02925012698293107,-0.08540868414045096
6.765999999999477,0.011304128175430209,-0.029693924147635192,-0.08438059731485027
6.767999999999477,0.011244300115549256,-0.03013392946879367,-0.0833473576066669
6.769999999999476,0.011183595864572252,-0.03057011222276948,-0.08230907168669889
6.771999999999476,0.011122023097960414,-0.0310024421091672,-0.08126584642295304
6.773999999999476,0.011059589551350998,-0.03143088925255084,-0.08021778887043693
6.775999999999476,0.010996303019705703,-0.03185542420411875,-0.07916500626095915
6.7779999999994756,0.010932171356455767,-0.032276017943335705,-0.07810760599293828
6.779999999999475,0.01086720247264384,-0.032692641879521964,-0.07704569562122196
6.781999999999475,0.010801404336062727,-0.03310526785339938,-0.07597938284691644
6.783999999999475,0.010734784970391075,-0.0335138681385945,-0.07490877550722788
6.785999999999475,0.010667352454326108,-0.03391841544309856,-0.07383398156531626
6.7879999999994745,0.010599114920713467,-0.03431888291068443,-0.07275510910016253
6.789999999999474,0.010530080555674278,-0.03471524412228048,-0.07167226629645024
6.791999999999474,0.010460257597729505,-0.03510747309730122,-0.07058556143446232
6.793999999999474,0.010389654336921688,-0.03549554429493495,-0.06949510287999383
6.795999999999474,0.010318279113934145,-0.03587943261538809,-0.06840099907428193
6.797999999999473,0.010246140319207732,-0.03625911340108648,-0.06730335852395336
6.799999999999473,0.01017324639205525,-0.03663456243783344,-0.06620228979099084
6.801999999999473,0.010099605819773561,-0.03700575595592469,-0.06509790148271904
6.803999999999473,0.010025227136753535,-0.03737267063122011,-0.06399030224181092
6.8059999999994725,0.009950118923587891,-0.03773528358617233,-0.06287960073631524
6.807999999999472,0.00987428980617702,-0.0380935723908122,-0.06176590564970659
6.809999999999472,0.009797748454832883,-0.03844751506369112,-0.06064932567095801
6.811999999999472,0.009720503583381071,-0.03879709007278027,-0.05952996948463771
6.813999999999472,0.0096425639482611,-0.039142276336326706,-0.05840794576103044
6.815999999999471,0.009563938347625048,-0.03948305322366651,-0.057283363146284294
6.817999999999471,0.009484635620434605,-0.03981940055599481,-0.056156330252583965
6.819999999999471,0.00940466464555662,-0.04015129860709286,-0.055026955648351236
6.821999999999471,0.009324034340857245,-0.04047872810401214,-0.05389534784847335
6.8239999999994705,0.00924275366229475,-0.04080167022771559,-0.05276161530456032
6.82599999999947,0.009160831603011094,-0.041120106613675926,-0.051625866395231916
6.82799999999947,0.009078277192422353,-0.04143401935243119,-0.05048820941643501
6.82999999999947,0.008995099495308074,-0.041743390990097516,-0.04934875257179234
6.83199999999947,0.008911307610899635,-0.042048204528839186,-0.048207603962983216
6.833999999999469,0.008826910671967732,-0.04234844342729609,-0.04706487158015717
6.835999999999469,0.00874191784390903,-0.04264409160096854,-0.04592066329238123
6.837999999999469,0.008656338323832101,-0.04293513342255966,-0.04477508683812175
6.839999999999469,0.008570181339642716,-0.04322155372227527,-0.04362824981576135
6.8419999999994685,0.008483456149128576,-0.04350333778808146,-0.042480259674151886
6.843999999999468,0.008396172039043574,-0.043780471365919844,-0.04133122370320431
6.845999999999468,0.008308338324191668,-0.04405294065988069,-0.0401812490245159
6.847999999999468,0.00821996434651045,-0.04432073233233385,-0.039030442582036
6.849999999999468,0.008131059474154495,-0.04458383350401774,-0.03787891113277065
6.851999999999467,0.00804163310057857,-0.04484223175408639,-0.03672676123752721
6.853999999999467,0.0079516946436208,-0.045095915120114634,-0.0355740992516993
6.855999999999467,0.007861253544585856,-0.04534487209806162,-0.03442103131609336
6.857999999999467,0.007770319267328265,-0.045589091642192686,-0.03326766334779693
6.8599999999994665,0.007678901297335908,-0.045828563164959694,-0.03211410103108997
6.861999999999466,0.00758700914081381,-0.04606327653684004,-0.030960449808399383
6.863999999999466,0.007494652323768286,-0.04629322208613431,-0.029806814871298055
6.865999999999466,0.007401840391091536,-0.046518390598722814,-0.02865330115154855
6.867999999999466,0.007308582905646765,-0.04673877331778107,-0.02750001331219254
6.869999999999465,0.007214889447353918,-0.04695436194345436,-0.026347055738686585
6.871999999999465,0.0071207696122761,-0.047165148632491556,-0.025194532530084822
6.873999999999465,0.007026233011706776,-0.04737112599783819,-0.024042547490269454
6.875999999999465,0.006931289271257818,-0.04757228710818912,-0.02289120411922957
6.8779999999994645,0.006835948029948494,-0.04776862548750077,-0.021740605604389056
6.879999999999464,0.00674021893929547,-0.04796013511446311,-0.020590854811984166
6.881999999999464,0.006644111662403905,-0.04814681042193159,-0.01944205427849159
6.883999999999464,0.006547635873059727,-0.048328646296319146,-0.01829430620210746
6.885999999999464,0.006450801254823164,-0.04850563807694836,-0.01714771243427813
6.887999999999463,0.006353617500123605,-0.04867778155536407,-0.016002374471283283
6.889999999999463,0.006256094309355881,-0.048845072974606434,-0.014858393445871969
6.891999999999463,0.006158241389978043,-0.04900750902844475,-0.013715870118952374
6.893999999999463,0.006060068455610695,-0.049165086860572096,-0.012574904871335682
6.895999999999463,0.005961585225137997,-0.04931780406376102,-0.011435597695534858
6.897999999999462,0.005862801421810382,-0.0494656586789804,-0.010298048187618952
6.899999999999462,0.005763726772349082,-0.04960864919447373,-0.009162355539123417
6.901999999999462,0.005664371006052538,-0.049746774544798894,-0.008028618529017081
6.903999999999462,0.005564743853904765,-0.04988003410982972,-0.006896935515726489
6.9059999999994615,0.005464855047685753,-0.05000842771371944,-0.005767404429217929
6.907999999999461,0.005364714319083981,-0.05013195562382626,-0.004640122763138091
6.909999999999461,0.005264331398811115,-0.05025061854960121,-0.00351518756701355
6.911999999999461,0.00516371601571897,-0.050364417641438494,-0.002392695438509937
6.913999999999461,0.0050628778959188065,-0.05047335448948854,-0.001272742515751206
6.91599999999946,0.004961826761903041,-0.05057743112243389,-0.00015542446969952356
6.91799999999946,0.0048605723316694355,-0.050676650006228244,0.0009591635034034846
6.91999999999946,0.004759124317847856,-0.05077101404279874,0.002070926689533889
6.92199999999946,0.0046574924268296515,-0.050860526568711754,0.0031797708643201833
6.9239999999994595,0.004555686357899746,-0.050945191353802405,0.004285602300415241
6.925999999999459,0.004453715802371504,-0.051025012599767994,0.005388327774804941
6.927999999999459,0.004351590442724445,-0.051099994938725586,0.006487854576052957
6.929999999999459,0.004249319951744877,-0.05117014343173392,0.007584090511481144
6.931999999999459,0.004146913991669531,-0.051235463567279954,0.008676943914285147
6.933999999999458,0.00404438221333224,-0.05129596125973015,0.009766323650584649
6.935999999999458,0.00394173425531377,-0.05135164284774685,0.010852139126407749
6.937999999999458,0.003838979743094838,-0.05140251509266988,0.011934300294609151
6.939999999999458,0.0037361282882124093,-0.05144858517686367,0.013012717661721504
6.9419999999994575,0.0036331894874193312,-0.05148986070203006,0.014087302294739576
6.943999999999457,0.003530172921847378,-0.051526349687487136,0.015157965827836746
6.945999999999457,0.0034270881561737705,-0.051558060568414235,0.01622462046901335
6.947999999999457,0.003323944737791237,-0.051585002194063395,0.017287179006676527
6.949999999999457,0.0032207521959816895,-0.05160718382593752,0.018345554816151022
6.951999999999456,0.003117520041093573,-0.05162461513593548,0.019399661866120625
6.953999999999456,0.003014257763722958,-0.051637306204464384,0.020449414724999747
6.955999999999456,0.0029109748338984423,-0.05164526751851933,0.021494728567234805
6.957999999999456,0.0028076807002699244,-0.05164850996973084,0.02253551917953491
6.9599999999994555,0.0027043847893013146,-0.051647044852380225,0.023571702967031594
6.961999999999455,0.0026010965044672464,-0.051640883861383206,0.02460319695936708
6.963999999999455,0.0024978252254538543,-0.05163003909024199,0.025629918816710742
6.965999999999455,0.0023945803073636756,-0.05161452302896608,0.026651786835703448
6.967999999999455,0.0022913710799247443,-0.05159434856196213,0.027668719955329324
6.969999999999454,0.0021882068467039342,-0.051569528965892994,0.028680637762714685
6.971999999999454,0.002085096884324617,-0.051540077907506414,0.02968746049885365
6.973999999999454,0.001982050441688688,-0.05150600944143347,0.030689109064260246
6.975999999999454,0.0018790767392030323,-0.05146733800795713,0.03168550502454659
6.9779999999994535,0.0017761849680104757,-0.05142407843075116,0.03267657061592681
6.979999999999453,0.0016733842892252934,-0.051376245914589724,0.03366222875064641
6.981999999999453,0.0015706838331733253,-0.051323856043027846,0.03464240302233679
6.983999999999453,0.0014680926986367594,-0.05126692477605313,0.035617017711294593
6.985999999999453,0.0013656199521036418,-0.051205468447708964,0.036585997789685534
6.987999999999452,0.001263274627022167,-0.05113950376368951,0.03754926892667255
6.989999999999452,0.0011610657230598069,-0.05106904779890673,0.03850675749346784
6.991999999999452,0.0010590022053673332,-0.050994117995029835,0.03945839056830866
6.993999999999452,0.0009570930038477884,-0.0509147321579973,0.0404040959413565
6.9959999999994515,0.0008553470124304596,-0.050830908455501915,0.041343802119519414
6.997999999999451,0.0007537730883499092,-0.050742665414449016,0.04227743833119732
6.999999999999451,0.0006523800514301157,-0.050650021918388285,0.04320493453094992
7.001999999999451,0.0005511766833737768,-0.050552997204919355,0.04412622140408713
7.003999999999451,0.0004501717270568273,-0.05045161086307159,0.04504123037118159
7.0059999999994504,0.0003493738858282229,-0.05034588283065828,0.045949893592503316
7.00799999999945,0.00024879182281504125,-0.05023583339160561,0.046852143972376054
7.00999999999945,0.0001484341602329496,-0.050121483173256626,0.047747915163455196
7.01199999999945,4.83094787020895e-05,-0.050002853143650605,0.04863714157092713
7.01399999999945,-5.157368343157322e-05,-0.04987996460877807,0.04951975835662971
7.015999999999449,-0.00015120683076938406,-0.04975283920981179,0.0503957014430938
7.017999999999449,-0.00025058151152757403,-0.04962149892031406,0.051264907517505634
7.019999999999449,-0.0003496893181992248,-0.049485966043420565,0.0521273140355898
7.021999999999449,-0.0004485218882105788,-0.04934626320900118,0.052982859225412814
7.0239999999994485,-0.0005470709045716472,-0.04920241337079799,0.05383148209110697
7.025999999999448,-0.000645328096521073,-0.049054439803540864,0.05467312241651446
7.027999999999448,-0.0007432852401652016,-0.04890236610004087,0.055507720768751594
7.029999999999448,-0.0008409341591113173,-0.04874621616826187,0.05633521850169288
7.031999999999448,-0.0009382667250950009,-0.04858601422837068,0.057155557759375045
7.033999999999447,-0.0010352748586015669,-0.048421784809765965,0.05796868147932069
7.035999999999447,-0.0011319505294815374,-0.04825355274808634,0.058774533395781633
7.037999999999447,-0.0012282857575601116,-0.048081343182197936,0.059573058042901715
7.039999999999447,-0.0013242726132405903,-0.04790518155116173,0.06036420075779905
7.0419999999994465,-0.0014199032181017152,-0.04772509359118106,0.061147907683567634
7.043999999999446,-0.0015151697454888833,-0.0475411053325295,0.06192412577219821
7.045999999999446,-0.0016100644210991983,-0.0473532430964596,0.06269280278741833
7.047999999999446,-0.0017045795235603207,-0.047161533492092685,0.06345388730745158
7.049999999999446,-0.0017987073850030777,-0.046966003413290096,0.06420732872769588
7.051999999999445,-0.001892440391627799,-0.04676668003550621,0.06495307726332088
7.053999999999445,-0.0019857709842643397,-0.04656359081262353,0.06569108395178419
7.055999999999445,-0.002078691658925756,-0.046356763473770275,0.06642130065526693
7.057999999999445,-0.0021711949673555984,-0.04614622602012063,0.06714368006302784
7.0599999999994445,-0.0022632735175687896,-0.0459320067216782,0.06785817569367661
7.061999999999444,-0.002354919974386052,-0.045714134114042806,0.0685647418973661
7.063999999999444,-0.0024461270599618512,-0.04549263699516113,0.06926333385790333
7.065999999999444,-0.0025368875543058285,-0.04526754442206141,0.06995390759477964
7.067999999999444,-0.0026271942957976826,-0.0450388857075726,0.0706364199651197
7.069999999999443,-0.002717040181695479,-0.04480669041702827,0.07131082866554943
7.071999999999443,-0.0028064181686373478,-0.04457098836495571,0.07197709223398306
7.073999999999443,-0.002895321273136549,-0.044331809611750386,0.07263517005132919
7.075999999999443,-0.002983742572069871,-0.04408918446033626,0.07328502234311587
7.0779999999994425,-0.003071675203159333,-0.043843143452812205,0.07392661018103497
7.079999999999442,-0.0031591123654471725,-0.04359371736708492,0.07455989548440553
7.081999999999442,-0.0032460473197640813,-0.04334093721348864,0.07518484102155665
7.083999999999442,-0.0033324733891906683,-0.043084834231391984,0.07580141041112945
7.085999999999442,-0.0034183839595121244,-0.04282543988579234,0.07640956812329866
7.087999999999441,-0.0035037724796660647,-0.042562785863898056,0.07700927948091359
7.089999999999441,-0.0035886324621835215,-0.0422969040716988,0.0776005106605587
7.091999999999441,-0.0036729574836230675,-0.04202782663052446,0.07818322869353402
7.093999999999441,-0.003756741184998045,-0.04175558587359289,0.07875740146675514
7.0959999999994405,-0.003839977272196882,-0.04148021434254685,0.07932299772357335
7.09799999999944,-0.003922659516396467,-0.041201744783980525,0.07987998706451567
7.09999999999944,-0.004004781754468572,-0.04092021014595588,0.08042833994794518
7.10199999999944,-0.004086337889379295,-0.04063564357450928,0.0809680276906416
7.10399999999944,-0.004167321890581508,-0.040348078410148674,0.08149902246830223
7.105999999999439,-0.004247727794400289,-0.04005754818434167,0.08202129731596375
7.107999999999439,-0.0043275497044113235,-0.039764086615994905,0.08253482612834456
7.109999999999439,-0.004406781791812251,-0.039467727607924954,0.08303958366010813
7.111999999999439,-0.004485418295786954,-0.039168505243321244,0.08353554552604747
7.1139999999994386,-0.004563453523862755,-0.03886645378220121,0.08402268820119078
7.115999999999438,-0.0046408818522605255,-0.03856160765785808,0.08450098902082875
7.117999999999438,-0.004717697726237679,-0.03825400147330162,0.08497042618046333
7.119999999999438,-0.004793895660424038,-0.03794366999769223,0.08543097873567843
7.121999999999438,-0.004869470239150562,-0.037630648162768586,0.0858826266019326
7.1239999999994374,-0.004944416116770933,-0.037314971059269404,0.0863253505542742
7.125999999999437,-0.005018728017975967,-0.036996673933349426,0.08675913222697873
7.127999999999437,-0.0050924007381008595,-0.036675792182990136,0.0871839541131091
7.129999999999437,-0.005165429143425247,-0.03635236135440544,0.08759979956399873
7.131999999999437,-0.005237808171466074,-0.03602641713844277,0.08800665278865791
7.133999999999436,-0.005309532831263255,-0.03569799536697976,0.0884044988531035
7.135999999999436,-0.005380598203658131,-0.0353671320093171,0.08879332367961232
7.137999999999436,-0.005450999441564705,-0.03503386316856759,0.08917311404589841
7.139999999999436,-0.005520731770233653,-0.03469822507804206,0.08954385758421464
7.1419999999994355,-0.005589790487509105,-0.034360254097632194,0.08990554278037859
7.143999999999435,-0.005658170964078185,-0.03401998671019082,0.09025815897272324
7.145999999999435,-0.005725868643713316,-0.033677459517909875,0.09060169635097268
7.147999999999435,-0.005792879043507269,-0.03333270923869644,0.09093614595504303
7.149999999999435,-0.005859197754100977,-0.03298577270254712,0.09126149967376912
7.151999999999434,-0.00592482043990408,-0.032636686847921204,0.09157775024355688
7.153999999999434,-0.005989742839308228,-0.032285488718112806,0.091884891246962
7.155999999999434,-0.006053960764893122,-0.03193221545762245,0.09218291711119508
7.157999999999434,-0.006117470103625296,-0.031576904308528324,0.09247182310655366
7.1599999999994335,-0.006180266817049648,-0.031219592606857634,0.09275160534478127
7.161999999999433,-0.006242346941473709,-0.030860317778958268,0.09302226077735411
7.163999999999433,-0.006303706588144658,-0.03049911733787122,0.09328378719369536
7.165999999999433,-0.00636434194341908,-0.03013602887970402,0.09353618321931781
7.167999999999433,-0.0064242492689254764,-0.02977109008000555,0.09377944831389481
7.169999999999432,-0.006483424901719525,-0.02940433869014252,0.0940135827692603
7.171999999999432,-0.0065418652544320935,-0.02903581253367799,0.09423858770733778
7.173999999999432,-0.006599566815410014,-0.028665549502752186,0.09445446507799891
7.175999999999432,-0.006656526148849621,-0.028293587554466045,0.09466121765685233
7.1779999999994315,-0.006712739894923061,-0.02791996470726768,0.09485884904296227
7.179999999999431,-0.006768204769897374,-0.027544719037342198,0.09504736365649828
7.181999999999431,-0.006822917566246366,-0.02716788867500511,0.09522676673631593
7.183999999999431,-0.0068768751527552635,-0.026789511801099713,0.09539706433746876
7.185999999999431,-0.0069300744746181725,-0.02640962664339874,0.09555826332865235
7.18799999999943,-0.006982512553528344,-0.026028271473010563,0.09571037138958047
7.18999999999943,-0.007034186487761256,-0.02564548460079032,0.095853397008294
7.19199999999943,-0.007085093452250527,-0.025261304373756243,0.09598734947840289
7.19399999999943,-0.007135230698656657,-0.02487576917151151,0.09611223889626151
7.1959999999994295,-0.007184595555428634,-0.02448891740267194,0.09622807615807807
7.197999999999429,-0.0072331854278583855,-0.024100787501299837,0.09633487295695828
7.199999999999429,-0.007280997798128118,-0.023711417923344278,0.09643264177988368
7.201999999999429,-0.007328030225350534,-0.02332084714308818,0.09652139590462545
7.203999999999429,-0.007374280345601956,-0.02292911364960243,0.09660114939659353
7.205999999999428,-0.007419745871948363,-0.0225362559432074,0.096671917105622
7.207999999999428,-0.007464424594464357,-0.022142312531942137,0.09673371466269104
7.209999999999428,-0.007508314380245083,-0.02174732192804154,0.09678655847658571
7.211999999999428,-0.0075514131734111,-0.0213513226444218,0.09683046573049237
7.2139999999994275,-0.007593718995106241,-0.020954353191174464,0.09686545437853279
7.215999999999427,-0.007635229943488466,-0.02055645207206934,0.09689154314223687
7.217999999999427,-0.00767594419371373,-0.020157657781066603,0.096908751506954
7.219999999999427,-0.007715859997912886,-0.019758008798838357,0.09691709971820389
7.221999999999427,-0.007754975685161641,-0.019357543589299978,0.0969166087779672
7.223999999999426,-0.00779328966144358,-0.018956300596151495,0.09690730044091639
7.225999999999426,-0.00783080040960629,-0.018554318239429334,0.0968891972105873
7.227999999999426,-0.007867506489310599,-0.018151634912068684,0.09686232233549225
7.229999999999426,-0.007903406536972933,-0.017748288976476786,0.09682669980517468
7.2319999999994256,-0.007938499265700862,-0.017344318761117434,0.09678235434620612
7.233999999999425,-0.007972783465221796,-0.016939762557106955,0.09672931141812606
7.235999999999425,-0.008006258001804902,-0.01653465861482196,0.09666759720932491
7.237999999999425,-0.008038921818176246,-0.016129045140519164,0.096597238632871
7.239999999999425,-0.008070773933427183,-0.015722960292967488,0.09651826332228162
7.2419999999994245,-0.008101813442916021,-0.015316442180092813,0.09643069962723932
7.243999999999424,-0.008132039518163001,-0.014909528855635583,0.09633457660925303
7.245999999999424,-0.00816145140673859,-0.01450225831582156,0.09622992403726559
7.247999999999424,-0.008190048432145143,-0.014094668496046006,0.09611677238320745
7.249999999999424,-0.008217829993691927,-0.013686797267571544,0.09599515281749743
7.251999999999423,-0.00824479556636358,-0.01327868243423998,0.09586509720449082
7.253999999999423,-0.008270944700681985,-0.01287036172919835,0.09572663809787578
7.255999999999423,-0.008296277022561629,-0.012461872811639421,0.0955798087360182
7.257999999999423,-0.008320792233158441,-0.012053253263556975,0.09542464303725572
7.2599999999994225,-0.008344490108712169,-0.01164454058651606,0.09526117559514138
7.261999999999422,-0.008367370500382307,-0.011235772198438517,0.09508944167363775
7.263999999999422,-0.008389433334077608,-0.010826985430404017,0.09490947720226159
7.265999999999422,-0.008410678610279214,-0.010418217523466855,0.09472131877118009
7.267999999999422,-0.008431106403857441,-0.010009505625488772,0.094525003626259
7.269999999999421,-0.008450716863882242,-0.00960088678798803,0.09432056966406319
7.271999999999421,-0.008469510213427383,-0.009192397963005007,0.09410805542681044
7.273999999999421,-0.008487486749368368,-0.008784075999984542,0.09388750009727884
7.275999999999421,-0.008504646842174151,-0.008375957642675277,0.09365894349366823
7.2779999999994205,-0.008520990935692653,-0.00796807952604624,0.0934224260644168
7.27999999999942,-0.008536519546930141,-0.007560478173220902,0.09317798888297277
7.28199999999942,-0.00855123326582449,-0.007153189992428941,0.09292567364252231
7.28399999999942,-0.008565132755012354,-0.006746251273975957,0.09266552265067383
7.28599999999942,-0.00857821874959032,-0.00633969818723136,0.0923975788240995
7.287999999999419,-0.008590492056870028,-0.005933566777634659,0.09212188568313456
7.289999999999419,-0.008601953556127338,-0.00552789296372039,0.09183848734633493
7.291999999999419,-0.008612604198345569,-0.005122712534161897,0.09154742852499376
7.293999999999419,-0.008622445005952833,-0.004718061144834188,0.09124875451761759
7.2959999999994185,-0.008631477072553522,-0.0043139743158961,0.09094251120436252
7.297999999999418,-0.008639701562653975,-0.003910487428891968,0.09062874504143133
7.299999999999418,-0.008647119711382371,-0.0035076357238730343,0.09030750305543173
7.301999999999418,-0.00865373282420288,-0.0031054542965388045,0.08997883283769675
7.303999999999418,-0.008659542276624124,-0.002703978095398551,0.08964278253856761
7.305999999999417,-0.008664549513901975,-0.0023032419189531897,0.08929940086163979
7.307999999999417,-0.008668756050736741,-0.0019032804128977206,0.08894873705797295
7.309999999999417,-0.008672163470964774,-0.001504128067344449,0.08859084092026513
7.311999999999417,-0.00867477342724455,-0.001105819214067176,0.08822576277699219
7.3139999999994165,-0.00867658764073726,-0.0007083880237665677,0.08785355348651268
7.315999999999416,-0.008677607900781936,-0.0003118685033568943,0.08747426443113916
7.317999999999416,-0.0086778360645652,8.370550672566625e-05,0.08708794751117625
7.319999999999416,-0.008677274056785632,0.00047830033519296716,0.08669465513892634
7.321999999999416,-0.00867592386931282,0.0008718824825528859,0.08629444023266335
7.323999999999415,-0.008673787560841148,0.0012644186237351853,0.0858873562105753
7.325999999999415,-0.008670867256538343,0.001655875610695056,0.08547345698467629
7.327999999999415,-0.008667165147688843,0.0020462204749941617,0.08505279695468838
7.329999999999415,-0.008662683491332023,0.002435420430359006,0.08462543100189428
7.3319999999994145,-0.008657424609895333,0.0028234428752164434,0.08419141448296122
7.333999999999414,-0.008651390890822378,0.003210255395206161,0.08375080322373687
7.335999999999414,-0.008644584786196004,0.003595825765669962,0.08330365351301762
7.337999999999414,-0.008637008812356432,0.003980121954117673,0.08285002209629008
7.339999999999414,-0.008628665549514466,0.0043631121226695236,0.08238996616944665
7.341999999999413,-0.008619557641359863,0.0047447646304748115,0.08192354337247514
7.343999999999413,-0.008609687794664875,0.00512504803610672,0.08145081178312381
7.345999999999413,-0.008599058778883029,0.005503931099933101,0.08097182991054203
7.347999999999413,-0.008587673425743188,0.005881382786463087,0.08048665668889718
7.349999999999413,-0.008575534628838949,0.006257372266669365,0.07999535147096878
7.351999999999412,-0.008562645343213411,0.006631868920285977,0.07949797402172012
7.353999999999412,-0.008549008584939385,0.007004842338081473,0.07899458451184814
7.355999999999412,-0.008534627430695068,0.007376262324107301,0.07848524351131238
7.357999999999412,-0.008519505017335253,0.00774609889792126,0.07797001198284337
7.3599999999994115,-0.008503644541458123,0.008114322296785907,0.07744895127543128
7.361999999999411,-0.00848704925896766,0.008480902977841744,0.07692212311779531
7.363999999999411,-0.008469722484631743,0.008845811620255085,0.07638958961183487
7.365999999999411,-0.00845166759163597,0.009209019127340443,0.07585141322606234
7.367999999999411,-0.00843288801113327,0.009570496628657313,0.07530765678901927
7.36999999999941,-0.008413387231789325,0.009930215482081242,0.07475838348267537
7.37199999999941,-0.008393168799323912,0.010288147275849034,0.07420365683581201
7.37399999999941,-0.008372236316048144,0.010644263830577977,0.07364354071739009
7.37599999999941,-0.008350593440397718,0.010998537201258986,0.07307809932990346
7.3779999999994095,-0.008328243886462203,0.011350939679223522,0.0725073972027182
7.379999999999409,-0.008305191423510414,0.011701443794084188,0.07193149918539851
7.381999999999409,-0.008281439875511934,0.01205002231564889,0.07135047044101994
7.383999999999409,-0.008256993120654832,0.012396648255808442,0.07076437643947045
7.385999999999409,-0.00823185509085964,0.012741294870397523,0.07017328295073988
7.387999999999408,-0.008206029771289624,0.013083935661028875,0.06957725603819889
7.389999999999408,-0.008179521199857421,0.013424544376900634,0.06897636205186737
7.391999999999408,-0.008152333466728086,0.013763095016576713,0.06837066762167357
7.393999999999408,-0.008124470713818608,0.014099561829740127,0.06776023965070414
7.3959999999994075,-0.008095937134293938,0.014433919318919167,0.06714514530844595
7.397999999999407,-0.008066736972059603,0.014766142241186345,0.0665254520240202
7.399999999999407,-0.008036874521250941,0.015096205609830009,0.06590122747940969
7.401999999999407,-0.008006354125719027,0.015424084695998552,0.06527253960267941
7.403999999999407,-0.00797518017851333,0.01574975503031712,0.06463945656119172
7.405999999999406,-0.00794335712136117,0.016073192404476765,0.06400204675481616
7.407999999999406,-0.007910889444144026,0.01639437287279593,0.06336037880913492
7.409999999999406,-0.007877781684370743,0.016713272753754227,0.06271452156864432
7.411999999999406,-0.007844038426647697,0.017029868631498413,0.0620645440899532
7.4139999999994055,-0.007809664302145994,0.017344137357320506,0.06141051563497857
7.415999999999405,-0.007774663988065712,0.017656056051107965,0.060752505664139436
7.417999999999405,-0.0077390422070972974,0.017965602102765894,0.060090583829549155
7.419999999999405,-0.007702803726880128,0.018272753173611173,0.05942481996820709
7.421999999999405,-0.007665953359458324,0.018577487197738492,0.05875528409519011
7.423999999999404,-0.00762849596073385,0.018879782383358214,0.05808204639684475
7.425999999999404,-0.007590436429916976,0.019179617214106014,0.05740517722398028
7.427999999999404,-0.0075517797089741405,0.019476970450324257,0.05672474708506375
7.429999999999404,-0.007512530782073283,0.01977182113031506,0.056040826639417146
7.4319999999994035,-0.007472694675026698,0.020064148571564983,0.05535348669041777
7.433999999999403,-0.007432276454731468,0.020353932371941327,0.054662798178701996
7.435999999999403,-0.00739128122860753,0.020641152410859988,0.05396883217537335
7.437999999999403,-0.0073497141440334425,0.02092578885042483,0.05327165987521531
7.439999999999403,-0.007307580387779892,0.021207822136538546,0.052571352589909595
7.441999999999402,-0.00726488518544101,0.021487232999984982,0.051867981741260366
7.443999999999402,-0.007221633800863561,0.02176400245748288,0.05116161885442512
7.445999999999402,-0.007177831535574039,0.022038111812711026,0.050452335551152735
7.447999999999402,-0.007133483728203754,0.02230954265730478,0.04974020354302937
7.4499999999994015,-0.007088595753911945,0.022578276871823972,0.04902529462473276
7.451999999999401,-0.007043173023806992,0.02284429662669211,0.048307680667295474
7.453999999999401,-0.006997220984365777,0.023107584383106953,0.04758743361137781
7.455999999999401,-0.006950745116851248,0.023368122893922358,0.04686462546055081
7.457999999999401,-0.006903750936728256,0.023625895204501465,0.04613932827459012
7.4599999999994,-0.0068562439930777075,0.023880884653541153,0.0454116141627811
7.4619999999994,-0.006808229868009099,0.0241330748738678,0.04468155527723591
7.4639999999994,-0.006759714176071491,0.024382449793204315,0.043949223806223195
7.4659999999994,-0.00671070256366297,0.024628993634908496,0.04321469196751059
7.4679999999994,-0.006661200708438674,0.024872690918682626,0.04247803200172121
7.469999999999399,-0.006611214318717414,0.025113526461254414,0.04173931616570411
7.471999999999399,-0.006560749132886974,0.025351485377029227,0.040998616725919736
7.473999999999399,-0.0065098109188081255,0.025586553078713634,0.040256005951840514
7.475999999999399,-0.006458405473217432,0.025818715277910284,0.03951155610936763
7.4779999999993985,-0.006406538621128885,0.026047957985684135,0.03876533945426404
7.479999999999398,-0.006354216215234444,0.026274267513100042,0.038017428225604714
7.481999999999398,-0.006301444135303522,0.026497630471731745,0.0372678946392444
7.483999999999398,-0.006248228287581486,0.026718033774142246,0.03651681088130347
7.485999999999398,-0.006194574604187227,0.02693546463433565,0.03576424910167262
7.487999999999397,-0.006140489042509849,0.027149910568180446,0.03501028140753662
7.489999999999397,-0.006085977584604545,0.027361359393804307,0.03425497985691804
7.491999999999397,-0.00603104623658771,0.0275697992319604,0.033498416452241137
7.493999999999397,-0.005975701028031353,0.027775218506365287,0.0327406631339167
7.4959999999993965,-0.005919948011356852,0.027977605944008402,0.03198179177394825
7.497999999999396,-0.005863793261228129,0.028176950575433214,0.031221874169560113
7.499999999999396,-0.005807242873944291,0.028373241734990045,0.030460982036848078
7.501999999999396,-0.005750302966831781,0.028566469061060654,0.02969918700445286
7.503999999999396,-0.005692979677636123,0.028756622496254578,0.028936560607257154
7.505999999999395,-0.005635279163913295,0.02894369228757735,0.028173174280106652
7.507999999999395,-0.005577207602420793,0.029127668986570567,0.027409099351555603
7.509999999999395,-0.005518771188508445,0.02930854344942393,0.026644407037637364
7.511999999999395,-0.005459976135509032,0.029486306837059297,0.02587916843566052
7.5139999999993945,-0.0054008286741287605,0.029660950615186768,0.025113454518031025
7.515999999999394,-0.00534133505183766,0.02983246655433294,0.024347336126100835
7.517999999999394,-0.0052815015322599445,0.030000846729841334,0.023580883964043665
7.519999999999394,-0.005221334394564405,0.030166083521845095,0.022814168592758113
7.521999999999394,-0.005160839932854884,0.030328169615212012,0.02204726042379895
7.523999999999393,-0.005100024455560885,0.030487097999461973,0.02128022971333683
7.525999999999393,-0.0050388942848283765,0.03064286196865687,0.020513146556146878
7.527999999999393,-0.004977455755910846,0.030795455121263086,0.0197460808796269
7.529999999999393,-0.004915715216560649,0.030944871359986612,0.018979102437845372
7.5319999999993925,-0.0048536790264207255,0.031091104891580883,0.018212280805619877
7.533999999999392,-0.004791353556416717,0.031234150226627424,0.017445685372626373
7.535999999999392,-0.004728745188149559,0.031374002179289394,0.016679385337539748
7.537999999999392,-0.004665860313288586,0.031510655867038086,0.015913449702206192
7.539999999999392,-0.004602705332965216,0.031644106710352525,0.015147947265847776
7.541999999999391,-0.004539286657167257,0.03177435043239223,0.014382946619299633
7.543999999999391,-0.004475610704133903,0.03190138305864322,0.013618516139280341
7.545999999999391,-0.0044116838997514535,0.03202520091653737,0.012854723982695805
7.547999999999391,-0.0043475126769498326,0.032145800635045275,0.012091638080977164
7.5499999999993905,-0.0042831034750999385,0.032263179144242614,0.011329326134453054
7.55199999999939,-0.004218462739411894,0.032377333674850205,0.01056785560675677
7.55399999999939,-0.004153596920334238,0.03248826175774784,0.00980729371926873
7.55599999999939,-0.004088512472954121,0.03259596122346199,0.009047707445594542
7.55799999999939,-0.004023215856398545,0.032700430201627495,0.008289163506079222
7.559999999999389,-0.003957713533236711,0.032801667120423345,0.0075317283623579576
7.561999999999389,-0.003892011968883516,0.032899670705982716,0.006775468211943761
7.563999999999389,-0.003826117631004262,0.032994439981777306,0.006020448982852443
7.565999999999389,-0.0037600369889206143,0.03308597426797614,0.005266736328265312
7.5679999999993885,-0.0036937765130178745,0.033174273180778924,0.004514395621230002
7.569999999999388,-0.003627342674153607,0.03325933663172415,0.0037634919493998234
7.571999999999388,-0.003560741943067677,0.03334116482697196,0.0030140901098119205
7.573999999999388,-0.003493980789793748,0.033419758266561995,0.0022662546037048106
7.575999999999388,-0.0034270656830722875,0.03349511774364631,0.0015200496313754822
7.5779999999993874,-0.003360003089765131,0.03356724434369751,0.0007755390870765669
7.579999999999387,-0.003292799474271657,0.033636139443692224,3.2786553953799424e-05
7.581999999999387,-0.0032254612979466177,0.03370180471127002,-0.0007081447009756534
7.583999999999387,-0.003157995018519675,0.03376424210386798,-0.0014471917318038402
7.585999999999387,-0.003090407089516696,0.03382345386783101,-0.0021842919186712273
7.587999999999386,-0.0030227039596828456,0.03387944253749805,-0.0029193829726640516
7.589999999999386,-0.0029548920724075376,0.033932210934264274,-0.0036524029406695933
7.591999999999386,-0.00288697786515128,0.03398176216561954,-0.004383290210188899
7.593999999999386,-0.0028189677688744688,0.03402809962416309,-0.00511198351410674
7.5959999999993855,-0.0027508682074681772,0.03407122698659478,-0.005838421935418399
7.597999999999385,-0.0026826855971869836,0.03411114821268291,-0.006562544911913007
7.599999999999385,-0.0026144263460838885,0.034147867544208794,-0.007284292240813069
7.601999999999385,-0.0025460968534473656,0.03418138950388833,-0.00800360408336991
7.603999999999385,-0.0024777035092405906,0.034211718894270576,-0.008720420969414677
7.605999999999384,-0.002409252693542898,0.034238860796613584,-0.009434683801864671
7.607999999999384,-0.0023407507759935094,0.034262820569737666,-0.010146333861184603
7.609999999999384,-0.0022722041152375733,0.03428360384885616,-0.010855312809802571
7.611999999999384,-0.0022036190583745708,0.03430121654438396,-0.01156156269648043
7.6139999999993835,-0.0021350019404091235,0.03431566484072387,-0.012265025960638248
7.615999999999383,-0.0020663590837042517,0.03432695519503107,-0.012965645436632634
7.617999999999383,-0.0019976967974371248,0.034335094335955725,-0.01366336435798855
7.619999999999383,-0.001929021377057348,0.03434008926236404,-0.014358126361584476
7.621999999999383,-0.0018603391037478301,0.03434194724203778,-0.015049875491790557
7.623999999999382,-0.0017916562438882713,0.0343406758103526,-0.01573855620455948
7.625999999999382,-0.0017229790485213162,0.03433628276893517,-0.016424113371469887
7.627999999999382,-0.0016543137528214145,0.034328776184299456,-0.017106492283722005
7.629999999999382,-0.0015856665755664282,0.034318164386462194,-0.01778563865608531
7.6319999999993815,-0.0015170437186120304,0.03430445596753776,-0.018461498630797914
7.633999999999381,-0.0014484513663689327,0.034287659780312715,-0.01913401878141746
7.635999999999381,-0.0013798956852829856,0.03426778493680002,-0.01980314611662339
7.637999999999381,-0.001311382823318189,0.034244840806773306,-0.020468828083970166
7.639999999999381,-0.0012429189094426553,0.0342188370162812,-0.021131012573591415
7.64199999999938,-0.0011745100531175621,0.03418978344614206,-0.021789647921854647
7.64399999999938,-0.0011061623437891373,0.03415769023041914,-0.02244468291496644
7.64599999999938,-0.00103788185038371,0.034122567754876494,-0.023096066792527768
7.64799999999938,-0.0009696746208058711,0.03408442665541577,-0.023743749251039396
7.6499999999993795,-0.0009015466814397793,0.034043277816494036,-0.02438768044735706
7.651999999999379,-0.000833504036653648,0.03399913236952291,-0.025027811002096244
7.653999999999379,-0.0007655526683074549,0.03395200169124912,-0.025664092002986427
7.655999999999379,-0.0006976985352639076,0.03390189740211674,-0.026296475008174572
7.657999999999379,-0.0006299475729027032,0.03384883136461124,-0.026924912049477667
7.659999999999378,-0.0005623056926381177,0.033792815681585556,-0.027549355635584208
7.661999999999378,-0.0004947787814399612,0.033733862694568476,-0.028169758755204378
7.663999999999378,-0.0004273727013579336,0.033671984982055356,-0.028786074880168863
7.665999999999378,-0.0003600932890494166,0.03360719535778153,-0.02939825796847602
7.6679999999993775,-0.0002929463553107358,0.03353950686897856,-0.030006262467287367
7.669999999999377,-0.00022593768461192753,0.03346893279461343,-0.0306100433158712
7.671999999999377,-0.00015907303463504383,0.0333954866436111,-0.031209555948494155
7.673999999999377,-9.235813581602894e-05,0.03331918215306038,-0.03180475629726066
7.675999999999377,-2.5798690890200518e-05,0.03324003328640354,-0.03239560079490009
7.677999999999376,4.0599625558632207e-05,0.03315805423160969,-0.03298204637750154
7.679999999999376,0.00010683116754538115,0.033073259399332235,-0.03356405048719601
7.681999999999376,0.00017289031812719124,0.03298566342105062,-0.03414157107478605
7.683999999999376,0.00023877148984322017,0.03289528114719652,-0.034714566602322534
7.6859999999993756,0.0003044691251506552,0.032802127645264655,-0.03528299604562872
7.687999999999375,0.0003699776968569366,0.03270621819790859,-0.03584681889677121
7.689999999999375,0.0004352917085481574,0.03260756830102154,-0.03640599516647795
7.691999999999375,0.0005004056950136107,0.03250619366180254,-0.03696048538650311
7.693999999999375,0.000565314222666454,0.03240211019680809,-0.03751025061193865
7.6959999999993745,0.0006300118899604633,0.03229533402998957,-0.03805525242347263
7.697999999999374,0.0006944933278028474,0.032185881490716564,-0.0385954529295942
7.699999999999374,0.0007587531999630953,0.03207376911178639,-0.03913081476874504
7.701999999999374,0.0008227862034778289,0.03195901362741994,-0.039661301111417344
7.703999999999374,0.0008865870690516344,0.03184163197124418,-0.040186875662198224
7.705999999999373,0.0009501505614538443,0.03172164127426141,-0.04070750266176052
7.707999999999373,0.0010134714799112463,0.031599058862805576,-0.04122314688879985
7.709999999999373,0.0010765446584966917,0.03147390225648582,-0.041733773661918036
7.711999999999373,0.0011393649665135772,0.03134618916611744,-0.04223934884145274
7.7139999999993725,0.001201927308876178,0.03121593749164065,-0.042739838831253214
7.715999999999372,0.0012642266264858055,0.03108316532002711,-0.04323521058040243
7.717999999999372,0.0013262578966027657,0.030947890923174647,-0.04372543158488516
7.719999999999372,0.0013880161332140964,0.030810132755790323,-0.044210469889202304
7.721999999999372,0.001449496387397058,0.030669909453262034,-0.044690294087931286
7.723999999999371,0.0015106937476783572,0.030527239829518913,-0.04516487332723261
7.725999999999371,0.00157160334038908,0.030382142874880728,-0.04563417730630248
7.727999999999371,0.0016322203300153128,0.030234637753896527,-0.046098176278771524
7.729999999999371,0.0016925399195444302,0.03008474380317273,-0.046556841054049655
7.7319999999993705,0.0017525573508070287,0.029932480529190886,-0.047010142998617034
7.73399999999937,0.0018122679048144857,0.029777867606115352,-0.04745805403726117
7.73599999999937,0.0018716669020921247,0.029620924873591078,-0.04790054665426021
7.73799999999937,0.0019307497030079644,0.029461672334531765,-0.04833759389451232
7.73999999999937,0.001989511708097038,0.02930013015289857,-0.04876916936461141
7.741999999999369,0.002047948358381256,0.02913631865146964,-0.04919524723386895
7.743999999999369,0.0021060551356848053,0.028970258309600656,-0.0496158022352822
7.745999999999369,0.002163827562945054,0.028801969760976636,-0.05003080966644871
7.747999999999369,0.002221261204518956,0.028631473791355215,-0.05044024539042717
7.7499999999993685,0.002278351666484932,0.028458791336301626,-0.050844085836544775
7.751999999999368,0.0023350945969402128,0.028283943478915625,-0.05124230800115094
7.753999999999368,0.002391485686293628,0.028106951447550568,-0.05163488944831775
7.755999999999368,0.0024475206675538255,0.027927836613524864,-0.05202180831048685
7.757999999999368,0.002503195316612908,0.027746620488826063,-0.05240304328906312
7.759999999999367,0.002558505452525467,0.027563324723807757,-0.05277857365495514
7.761999999999367,0.0026134469377830085,0.027377971104879578,-0.05314837924906243
7.763999999999367,0.0026680156785837466,0.027190581552190462,-0.053512440482709665
7.765999999999367,0.0027222076250977612,0.02700117811730545,-0.053870738338027926
7.7679999999993665,0.0027760187717275017,0.026809782980876246,-0.05422325436828306
7.769999999999366,0.0028294451573636255,0.026616418450305733,-0.05456997069815126
7.771999999999366,0.0028824828656361596,0.026421106957406706,-0.05491087002394199
7.773999999999366,0.0029351280251609753,0.02622387105605503,-0.055245935613768296
7.775999999999366,0.002987376809781562,0.02602473341983747,-0.055575151307664786
7.777999999999365,0.003039225438806094,0.025823716839694387,-0.05589850151765309
7.779999999999365,0.003090670177239774,0.025620844221557564,-0.056215971227755325
7.781999999999365,0.0031417073360124515,0.02541613858398337,-0.056527545993955305
7.783999999999365,0.003192333272201502,0.02520962305578148,-0.056833211944107884
7.7859999999993645,0.0032425443892499578,0.025001320873639408,-0.05713295577779651
7.787999999999364,0.0032923371371798844,0.024791255379743037,-0.05742676476613899
7.789999999999364,0.0033417080128009965,0.024579450019393424,-0.057714626751541875
7.791999999999364,0.003390653559914501,0.024365928338620054,-0.057996530147403386
7.793999999999364,0.003439170369512165,0.024150713981790816,-0.05827246393776507
7.795999999999363,0.0034872550799705995,0.023933830689218873,-0.05854241767691247
7.797999999999363,0.003534904377240756,0.02371530229476671,-0.05880638148892487
7.799999999999363,0.0035821149950326266,0.023495152723447564,-0.05906434606717428
7.801999999999363,0.0036288837149951437,0.023273405989024405,-0.05931630267377383
7.803999999999363,0.0036752073668912793,0.023050086191606804,-0.059562243138975846
7.805999999999362,0.003721082828768332,0.022825217515245813,-0.0598021598605196
7.807999999999362,0.0037665070271234043,0.022598824225527118,-0.06003604580292913
7.809999999999362,0.0038114769370640638,0.022370930667162704,-0.06026389449676116
7.811999999999362,0.0038559895824641873,0.02214156126158123,-0.06048570003780334
7.8139999999993615,0.0039000420361149832,0.021910740504517336,-0.0607014570862231
7.815999999999361,0.003943631419871193,0.021678492963600138,-0.06091116086566717
7.817999999999361,0.003986754904792469,0.021444843275941077,-0.06111480716231207
7.819999999999361,0.004029409711279924,0.0212098161457214,-0.06131239232386576
7.821999999999361,0.004071593109207865,0.020973436341779454,-0.06150391325852064
7.82399999999936,0.004113302418050688,0.020735728695198023,-0.0616893674338581
7.82599999999936,0.004154535007004958,0.020496718096891943,-0.0618687528757049
7.82799999999936,0.004195288295106664,0.020256429495196196,-0.06204206816694153
7.82999999999936,0.004235559751343643,0.0200148878934547,-0.062209312446262835
7.8319999999993595,0.004275346894763195,0.019772118347610036,-0.062370485406891135
7.833999999999359,0.004314647294574864,0.01952814596379429,-0.06252558729524199
7.835999999999359,0.004353458570248415,0.01928299589592128,-0.06267461890954293
7.837999999999359,0.004391778391606989,0.019036693343280314,-0.06281758159840542
7.839999999999359,0.004429604478915452,0.018789263548131773,-0.0629544772593502
7.841999999999358,0.004466934602963932,0.018540731793304663,-0.06308530833728629
7.843999999999358,0.004503766585146559,0.0182911233997964,-0.06321007782294398
7.845999999999358,0.004540098297535403,0.018040463724375008,-0.063328789251262
7.847999999999358,0.004575927662949618,0.017788778157183965,-0.06344144669972904
7.8499999999993575,0.004611252655019809,0.01753609211934989,-0.06354805478668016
7.851999999999357,0.0046460712982475975,0.017282431060593306,-0.06364861866954798
7.853999999999357,0.0046803816680604324,0.017027820456842646,-0.06374314404306929
7.855999999999357,0.004714181890861621,0.016772285807851773,-0.06383163713744697
7.857999999999357,0.0047474701440756,0.016515852634821162,-0.06391410471646798
7.859999999999356,0.004780244656188454,0.01625854647802298,-0.06399055407557716
7.861999999999356,0.004812503706783691,0.01600039289443029,-0.06406099303990752
7.863999999999356,0.004844245626573275,0.015741417455350525,-0.0641254299622672
7.865999999999356,0.004875468797423932,0.015481645744063514,-0.06418387372108328
7.8679999999993555,0.004906171652378742,0.01522110335346419,-0.06423633371830284
7.869999999999355,0.004936352675674012,0.014959815883710237,-0.06428281987725161
7.871999999999355,0.004966010402751458,0.014697808939874851,-0.06432334264045035
7.873999999999355,0.004995143420265691,0.014435108129604825,-0.06435791296738944
7.875999999999355,0.00502375036608703,0.014171739060784151,-0.06438654233226174
7.877999999999354,0.005051829929299645,0.013907727339203348,-0.06440924272165445
7.879999999999354,0.005079380850195046,0.013643098566234704,-0.06442602663219979
7.881999999999354,0.0051064019202609265,0.013377878336513641,-0.06443690706818517
7.883999999999354,0.005132891982165378,0.013112092235626378,-0.06444189753912291
7.8859999999993535,0.005158849929736487,0.012845765837804118,-0.06444101205728016
7.887999999999353,0.0051842747079373225,0.012578924703623914,-0.06443426513516898
7.889999999999353,0.005209165312836339,0.01231159437771645,-0.06442167178299714
7.891999999999353,0.005233520791573198,0.01204380038648089,-0.06440324750607984
7.893999999999353,0.005257340242320023,0.011775568235807006,-0.06437900830221287
7.895999999999352,0.005280622814238114,0.011506923408804777,-0.06434897065900724
7.897999999999352,0.005303367707430126,0.011237891363541629,-0.06431315155118592
7.899999999999352,0.005325574172887724,0.010968497530787524,-0.06427156843784289
7.901999999999352,0.005347241512434746,0.01069876731176807,-0.06422423925966476
7.9039999999993515,0.005368369078665871,0.010428726075925836,-0.06417118243611553
7.905999999999351,0.005388956274880828,0.010158399158690075,-0.06411241686258455
7.907999999999351,0.00540900255501414,0.009887811859255004,-0.06404796190749835
7.909999999999351,0.005428507423560449,0.009616989438366853,-0.06397783740939642
7.911999999999351,0.005447470435495407,0.009345957116119847,-0.06390206367397135
7.91399999999935,0.005465891196192186,0.009074740069761302,-0.06382066147107392
7.91599999999935,0.00548376936133359,0.008803363431506018,-0.06373365203168317
7.91799999999935,0.005501104636819818,0.00853185228636013,-0.06364105704484192
7.91999999999935,0.005517896778671878,0.008260231669954609,-0.06354289865455831
7.92199999999935,0.005534145592930684,0.007988526566388583,-0.0634391994566734
7.923999999999349,0.005549850935551837,0.0077167619060826325,-0.06332998249569542
7.925999999999349,0.00556501271229614,0.007444962563642262,-0.063215271261601
7.927999999999349,0.005579630878615834,0.007173153355731683,-0.06309508968660366
7.929999999999349,0.005593705439536605,0.006901359038958108,-0.06296946214189003
7.9319999999993485,0.005607236449535359,0.006629604307766696,-0.06283841343432416
7.933999999999348,0.005620224012413809,0.006357913792346333,-0.06270196880312029
7.935999999999348,0.005632668281167873,0.006086312056546403,-0.06256015391648442
7.937999999999348,0.005644569457852928,0.005814823595804709,-0.06241299486822514
7.939999999999348,0.00565592779344492,0.005543472835086717,-0.062260518174333986
7.941999999999347,0.005666743587697375,0.005272284126836268,-0.06210275076953591
7.943999999999347,0.0056770171889943145,0.005001281748937932,-0.06193972000381002
7.945999999999347,0.00568674899419911,0.00473048990269114,-0.06177145363888108
7.947999999999347,0.005695939448499301,0.004459932710796271,-0.061597979844682245
7.9499999999993465,0.005704589045247391,0.004189634215352836,-0.061419327195789276
7.951999999999346,0.00571269832579766,0.003919618375869912,-0.06123552466782675
7.953999999999346,0.005720267879339001,0.0036499090672889797,-0.061046601633846516
7.955999999999346,0.005727298342723824,0.003380530078019309,-0.06085258786067899
7.957999999999346,0.005733790400293036,0.0031115051079860507,-0.06065351350525754
7.959999999999345,0.005739744783697135,0.0028428577666911687,-0.06044940911091641
7.961999999999345,0.005745162271713435,0.0025746115712873647,-0.06024030560366251
7.963999999999345,0.005750043690059456,0.002306789944665137,-0.06002623428842171
7.965999999999345,0.0057543899112024975,0.002039416213553114,-0.059807226845259694
7.9679999999993445,0.00575820185416543,0.001772513606631805,-0.05958331532557809
7.969999999999344,0.005761480484328724,0.001506105252660903,-0.05935453214828611
7.971999999999344,0.005764226813228746,0.0012402141786202808,-0.05912091009594814
7.973999999999344,0.005766441898352359,0.0009748633078648133,-0.058882482310907744
7.975999999999344,0.005768126842927835,0.0007100754582931595,-0.05863928229138841
7.977999999999343,0.005769282795712128,0.0004458733405306393,-0.058391343887571515
7.979999999999343,0.005769910950774521,0.00018227955612633165,-0.05813870129765192
7.981999999999343,0.005770012547276689,-8.068340423547312e-05,-0.057881389063871545
7.983999999999343,0.005769588869249188,-0.0003429931625093422,-0.05761944206853141
7.9859999999993425,0.005768641245364423,-0.0006046274550481625,-0.057352895529982545
7.987999999999342,0.005767171048706101,-0.0008655641343478737,-0.057081784998596063
7.989999999999342,0.005765179696535219,-0.001125781170777349,-0.056806146352713145
7.991999999999342,0.005762668650052597,-0.0013852566542933021,-0.05652601579457484
7.993999999999342,0.005759639414158008,-0.0016439687961401026,-0.05624142984623267
7.995999999999341,0.005756093537205911,-0.0019018959305343803,-0.055952425345439975
7.997999999999341,0.005752032610757841,-0.0021590165163343053,-0.055659039441524734
7.999999999999341,0.005747458269331467,-0.002415309138693428,-0.0553613095912441
8.001999999999342,0.005742372190146367,-0.002670752510698964,-0.055059273554621244
8.003999999999342,0.005736776092866534,-0.002925325474994421,-0.05475296939076471
8.005999999999343,0.005730671739339654,-0.0031790070053864463,-0.05444243545367092
8.007999999999344,0.005724060933333193,-0.0034317762084358034,-0.0541277103880101
8.009999999999344,0.0057169455202673095,-0.003683612325032355,-0.05380883312489613
8.011999999999345,0.005709327386944635,-0.003934494731953961,-0.05348584287764074
8.013999999999346,0.005701208461276959,-0.004184402943409186,-0.053158779137492396
8.015999999999346,0.005692590712008835,-0.004433316612563709,-0.0528276816693604
8.017999999999347,0.005683476148438159,-0.004681215533050346,-0.05249259050752464
8.019999999999348,0.005673866820133741,-0.0049280796404625885,-0.052153545951331245
8.021999999999348,0.005663764816649901,-0.00517388901383155,-0.05181058856087482
8.023999999999349,0.0056531722672381384,-0.0054186238770862405,-0.05146375915266747
8.02599999999935,0.005642091340555888,-0.005662264600497072,-0.051113098795295145
8.02799999999935,0.005630524244372411,-0.005904791702102506,-0.05075864880506181
8.029999999999351,0.005618473225271846,-0.006146185849118747,-0.0504004507416216
8.031999999999352,0.005605940568353464,-0.006386427859332411,-0.05003854640359971
8.033999999999352,0.005592928596929148,-0.006625498702476069,-0.049672977824202234
8.035999999999353,0.005579439672218141,-0.0068633795015865945,-0.04930378726681541
8.037999999999354,0.0055654761930390975,-0.007100051534346219,-0.048931017220594814
8.039999999999354,0.005551040595499467,-0.007335496234406233,-0.04855471039604476
8.041999999999355,0.005536135352682247,-0.007569695192693241,-0.04817490972058843
8.043999999999356,0.005520762974330148,-0.007802630158697905,-0.04779165833412924
8.045999999999356,0.005504926006527185,-0.008034283041746094,-0.04740499958460358
8.047999999999357,0.005488627031377759,-0.008264635912252367,-0.04701497702352576
8.049999999999358,0.00547186866668324,-0.008493671002955732,-0.046621634401525225
8.051999999999358,0.0054546535656161,-0.008721370710137594,-0.04622501566387667
8.053999999999359,0.005436984416391626,-0.008947717594821832,-0.04582516494602341
8.05599999999936,0.005418863941937252,-0.00917269438395695,-0.045422126569094425
8.05799999999936,0.005400294899559545,-0.009396283971580224,-0.04501594503541557
8.059999999999361,0.00538128008060888,-0.009618469419963787,-0.044606665024015224
8.061999999999362,0.005361822310141842,-0.009839233960742592,-0.04419433138612501
8.063999999999362,0.005341924446581388,-0.010058560996024209,-0.04377898914067583
8.065999999999363,0.005321589381374808,-0.010276434099480371,-0.04336068346978967
8.067999999999364,0.005300820038649527,-0.010492837017420244,-0.042939459714267714
8.069999999999364,0.005279619374866766,-0.010707753669845346,-0.04251536336907502
8.071999999999365,0.005257990378473129,-0.010921168151486083,-0.042088440078822315
8.073999999999366,0.00523593606955012,-0.011133064732819825,-0.04165873563324521
8.075999999999366,0.005213459499461648,-0.011343427861070522,-0.041226295962681375
8.077999999999367,0.0051905637504995545,-0.01155224216118975,-0.04079116713354596
8.079999999999368,0.0051672519355271925,-0.011759492436819211,-0.04035339534380579
8.081999999999368,0.005143527197621103,-0.011965163671234588,-0.039913026918452714
8.083999999999369,0.005119392709710817,-0.012169241028270753,-0.03947010830497644
8.08599999999937,0.005094851674216834,-0.012371709853228273,-0.039024686068837425
8.08799999999937,0.005069907322686799,-0.012572555673761174,-0.038576806888940066
8.089999999999371,0.005044562915429924,-0.012771764200745947,-0.03812651755310682
8.091999999999372,0.005018821741149696,-0.012969321329131735,-0.0376738649535533
8.093999999999372,0.004992687116574893,-0.0131652131387717,-0.03721889608236523
8.095999999999373,0.004966162386088968,-0.013359425895235514,-0.03676165802697723
8.097999999999374,0.004939250921357818,-0.01355194605060297,-0.03630219796565417
8.099999999999374,0.004911956120955989,-0.013742760244238667,-0.035840563162975216
8.101999999999375,0.004884281409991346,-0.01393185530354775,-0.035376800965321226
8.103999999999376,0.00485623023972826,-0.014119218244712697,-0.034910958796365715
8.105999999999376,0.00482780608720933,-0.014304836273411118,-0.03444308415256991
8.107999999999377,0.004799012454875691,-0.014488696785514545,-0.033973224598682183
8.109999999999378,0.00476985287018595,-0.014670787367768204,-0.033501427763242365
8.111999999999378,0.0047403308852337735,-0.014851095798451765,-0.033027741334091296
8.113999999999379,0.004710450076364176,-0.015029610048021015,-0.03255221305388597
8.11599999999938,0.004680214043788544,-0.015206318279730504,-0.032074890715620745
8.11799999999938,0.004649626411198433,-0.015381208850237096,-0.031595822158154936
8.119999999999381,0.00461869082537818,-0.015554270310184453,-0.031115055261747238
8.121999999999382,0.004587410955816357,-0.01572549140476843,-0.030632637943597347
8.123999999999382,0.004555790494316124,-0.015894861074283378,-0.03014861815339514
8.125999999999383,0.004523833154604504,-0.016062368454649378,-0.029663043868877862
8.127999999999384,0.00449154267194062,-0.016228002877920335,-0.029175963091395665
8.129999999999384,0.004458922802722934,-0.01639175387277303,-0.02868742384148586
8.131999999999385,0.004425977324095537,-0.016553611164977042,-0.02819747415445631
8.133999999999386,0.004392710033553506,-0.016713564677845617,-0.027706162075978327
8.135999999999386,0.004359124748547383,-0.01687160453266743,-0.027213535657689438
8.137999999999387,0.004325225306086815,-0.017027721049119277,-0.026719642952806398
8.139999999999388,0.004291015562343378,-0.01718190474565973,-0.02622453201174887
8.141999999999388,0.00425649939225264,-0.017334146339903697,-0.025728250877774052
8.143999999999389,0.00422168068911549,-0.01748443674897798,-0.0252308475826227
8.14599999999939,0.004186563364198776,-0.017632767089857785,-0.024732370142176916
8.14799999999939,0.004151151346335293,-0.017779128679684234,-0.024232866552129976
8.149999999999391,0.004115448581523147,-0.01792351303606287,-0.023732384783668698
8.151999999999392,0.004079459032524545,-0.018065911877343205,-0.0232309727791686
8.153999999999392,0.00404318667846405,-0.018206317122879314,-0.02272867844790225
8.155999999999393,0.004006635514426324,-0.018344720893271486,-0.022225549661761188
8.157999999999394,0.0039698095510534125,-0.018481115510588994,-0.021721634250991752
8.159999999999394,0.003932712814141604,-0.018615493498573964,-0.02121697999994513
8.161999999999395,0.0038953493442378927,-0.01874784758282641,-0.02071163464284207
8.163999999999396,0.003857723196236101,-0.018878170690970437,-0.02020564585955252
8.165999999999396,0.0038198384389726784,-0.019006455952801666,-0.019699061271390577
8.167999999999397,0.0037816991548222296,-0.019132696700415883,-0.019191928436925115
8.169999999999398,0.003743309439292803,-0.01925688646831899,-0.018684294847806412
8.171999999999398,0.0037046734006209777,-0.019379018993518238,-0.018176207924609042
8.173999999999399,0.0036657951593667875,-0.01949908821559485,-0.017667715012691543
8.1759999999994,0.0036266788480085158,-0.01961708827675799,-0.017158863378073024
8.1779999999994,0.003587328610537405,-0.019733013521880192,-0.01664970020332717
8.179999999999401,0.00354774860205231,-0.01984685849851426,-0.016140272583493855
8.181999999999402,0.003507942988354338,-0.019958617956891658,-0.01563062752200884
8.183999999999402,0.003467915945541511,-0.0200682868499025,-0.015120811926651722
8.185999999999403,0.0034276716596034844,-0.020175860333057127,-0.01461087260551261
8.187999999999404,0.003387214326016362,-0.020281333764429334,-0.014100856262977718
8.189999999999404,0.003346548149337642,-0.020384702704581325,-0.013590809495734286
8.191999999999405,0.003305677342801335,-0.02048596291647042,-0.013080778788795096
8.193999999999406,0.0032646061279132804,-0.020585110365337562,-0.012570810511542931
8.195999999999406,0.003223338734046709,-0.020682141218577716,-0.012060950913795242
8.197999999999407,0.0031818793980380815,-0.020777051845592164,-0.011551246121889371
8.199999999999408,0.00314023236378324,-0.0208698388176228,-0.011041742134788653
8.201999999999408,0.0030984018818339077,-0.020960498907568473,-0.0105324848202096
8.203999999999409,0.0030563922089945775,-0.0210490290897834,-0.010023519910770606
8.20599999999941,0.0030142076079198174,-0.021135426539857775,-0.009514893000162374
8.20799999999941,0.0029718523467120355,-0.021219688634380587,-0.009006649539340397
8.209999999999411,0.0029293306985197346,-0.02130181295068474,-0.008498834832739766
8.211999999999412,0.0028866469411362975,-0.021381797266574524,-0.007991494034512606
8.213999999999412,0.002843805356599331,-0.021459639560035524,-0.00748467214478845
8.215999999999413,0.00280081023079061,-0.021535338008927016,-0.006978414005957785
8.217999999999414,0.002757665853036655,-0.02160889099065693,-0.0064727642989790835
8.219999999999414,0.002714376515709974,-0.021680297081839463,-0.00596776753970962
8.221999999999415,0.00267094651383101,-0.021749555057935403,-0.005463468075260276
8.223999999999416,0.0026273801446708217,-0.02181666389287523,-0.004959910080374694
8.225999999999416,0.0025836817073545382,-0.021881622758665096,-0.00445713755383299
8.227999999999417,0.0025398555024656166,-0.02194443102497575,-0.003955194314880287
8.229999999999418,0.002495905831650939,-0.022005088258714476,-0.0034541239996804148
8.231999999999418,0.002451836997226785,-0.02206359422358013,-0.002953970057794915
8.23399999999942,0.002407653301785706,-0.022119948879601375,-0.0024547757486877188
8.23599999999942,0.0023633590478043453,-0.02217415238265819,-0.0019565841382556855
8.23799999999942,0.002318958537252229,-0.022226205083986702,-0.001459438095385266
8.239999999999421,0.0022744560712015622,-0.022276107529667494,-0.0009633802885355876
8.241999999999422,0.0022298559494380687,-0.022323860460097406,-0.00046845318234813027
8.243999999999422,0.0021851624700729012,-0.022369464809444982,2.5300965716717333e-05
8.245999999999423,0.002140379929155657,-0.022412921705089593,0.0005178401087159688
8.247999999999424,0.0020955126202885327,-0.02245423246704437,0.001009122413533025
8.249999999999424,0.002050564834241649,-0.02249339860736303,0.001499106264159042
8.251999999999425,0.0020055408585695753,-0.022530421829530665,0.0019877502649465403
8.253999999999426,0.001960444977229093,-0.022565304027838625,0.002475013243834912
8.255999999999426,0.0019152814701982224,-0.022598047286743563,0.002960854255547693
8.257999999999427,0.0018700546130965454,-0.02262865388021075,0.0034452325847613395
8.259999999999428,0.001824768676806862,-0.02265712627104176,0.003928107749245294
8.261999999999428,0.0017794279270982021,-0.02268346711018663,0.004409439502973143
8.26399999999943,0.001734036624250232,-0.022707679236040553,0.004889187839204608
8.26599999999943,0.0016885990226790807,-0.022729765673725297,0.005367312993538233
8.26799999999943,0.001643119370564619,-0.022749729634355346,0.005843775446934492
8.269999999999431,0.001597601909479223,-0.022767574514288947,0.006318535928709155
8.271999999999432,0.0015520508740180477,-0.02278330389436412,0.006791555419496716
8.273999999999432,0.0015064704914308465,-0.022796921539119767,0.0072627951541836405
8.275999999999433,0.001460864981255361,-0.022808431396001992,0.007732216624811302
8.277999999999434,0.0014152385549523136,-0.02281783759455569,0.008199781583448383
8.279999999999434,0.0013695954155420326,-0.022825144445601575,0.008665452045032555
8.281999999999435,0.0013239397572427356,-0.02283035644039873,0.00912919029018125
8.283999999999436,0.0012782757651105042,-0.022833478249792788,0.009590958867971375
8.285999999999436,0.0012326076146809753,-0.022834514723349863,0.010050720598687746
8.287999999999437,0.0011869394716127796,-0.022833470888476353,0.01050843857654011
8.289999999999438,0.001141275491332753,-0.022830351949524708,0.010964076172348557
8.291999999999438,0.001095619818682953,-0.022825163286885292,0.011417597036197177
8.29399999999944,0.0010499765875695015,-0.022817910456064478,0.011868965100055763
8.29599999999944,0.0010043499206132895,-0.02280859918674904,0.012318144580369464
8.29799999999944,0.0009587439288025622,-0.022797235381857007,0.012765099980616144
8.299999999999441,0.0009131627111474194,-0.02278382511657509,0.013209796093831385
8.301999999999442,0.0008676103543362519,-0.02276837463738279,0.013652198005100896
8.303999999999442,0.0008220909323941441,-0.022750890361063304,0.01409227109402027
8.305999999999443,0.0007766085063432679,-0.02273137887370138,0.014529981037121862
8.307999999999444,0.0007311671238652929,-0.02270984692966822,0.0149652938102687
8.309999999999444,0.0006857708189658408,-0.022686301450593555,0.01539817569101529
8.311999999999445,0.0006404236116410077,-0.02266074952432503,0.015828593260935147
8.313999999999446,0.0005951295075459801,-0.022633198403875017,0.016256513407914952
8.315999999999447,0.0005498924976657701,-0.022603655506354993,0.016681903328415217
8.317999999999447,0.000504716557988094,-0.022572128411897582,0.01710473052969729
8.319999999999448,0.000459605649178419,-0.022538624862566428,0.01752496283201664
8.321999999999449,0.00041456371625720227,-0.022503152761253996,0.017942568370782237
8.32399999999945,0.0003695946882793463,-0.022465720170567458,0.018357515598681973
8.32599999999945,0.00032470247801589424,-0.022426335311702766,0.018769773287773996
8.32799999999945,0.00027989098163798897,-0.02238500656330707,0.019179310531543824
8.329999999999451,0.00023516407840311866,-0.022341742460329595,0.01958609674692718
8.331999999999452,0.00019052563034367207,-0.022296551692861124,0.01999010167629841
8.333999999999453,0.0001459794819578262,-0.022249443104962196,0.020391295389424403
8.335999999999453,0.00010152945990278858,-0.022200425693480193,0.020789648285383933
8.337999999999454,5.717937269041651e-05,-0.022149508606855415,0.021185131094452306
8.339999999999455,1.2933010385234962e-05,-0.022096701143916295,0.02157771487995125
8.341999999999455,-3.120585569512523e-05,-0.022042012752663882,0.021967371040063945
8.343999999999456,-7.52334732770475e-05,-0.021985453029045747,0.022354071309615135
8.345999999999457,-0.00011914610942558712,-0.021927031715719428,0.022737787761816224
8.347999999999457,-0.00016294005083664515,-0.02186675870080556,0.0231184928099753
8.349999999999458,-0.00020661160412663873,-0.021804644016630837,0.023496159209172012
8.351999999999459,-0.00025015709611964706,-0.021740697838460932,0.023870760057897223
8.35399999999946,-0.0002935728741320132,-0.021674930483223526,0.024242268799657404
8.35599999999946,-0.0003368553062543827,-0.021607352408221574,0.024610659224543658
8.35799999999946,-0.0003800007816311584,-0.02153797420983698,0.024975905470765402
8.359999999999461,-0.00042300571073735374,-0.021466806622224763,0.025337982026148564
8.361999999999462,-0.00046586652565282455,-0.02139386051599793,0.0256968637295983
8.363999999999463,-0.0005085796803338618,-0.02131914689690313,0.026052525772526175
8.365999999999463,-0.0005511416508821265,-0.021242676904487282,0.026404943700241747
8.367999999999464,-0.0005935489358109085,-0.021164461810755313,0.026754093413308547
8.369999999999465,-0.000635798056308693,-0.021084513018819098,0.0270999511688644
8.371999999999465,-0.000677885556500015,-0.021002842061537835,0.02744249358190603
8.373999999999466,-0.0007198080037035875,-0.020919460600149924,0.027781697626537986
8.375999999999467,-0.0007615619886876836,-0.020834380422896533,0.0281175406371858
8.377999999999467,-0.0008031441259227585,-0.020747613443636983,0.02845000030977337
8.379999999999468,-0.0008445510538312946,-0.020659171700456107,0.02877905470286457
8.381999999999469,-0.0008857794350348521,-0.020569067354263726,0.029104682238769053
8.38399999999947,-0.0009268259565983118,-0.02047731268738639,0.029426861704612246
8.38599999999947,-0.0009676873302712937,-0.020383920102151513,0.029745572253369504
8.38799999999947,-0.0010083602927267361,-0.020288902119464096,0.03006079340486445
8.389999999999471,-0.0010488416057966212,-0.020192271377376118,0.030372505046731457
8.391999999999472,-0.0010891280567048318,-0.020094040629648816,0.03068068743534233
8.393999999999473,-0.0011292164582971259,-0.019994222744307944,0.030985321196697134
8.395999999999473,-0.0011691036492682155,-0.019892830702192197,0.0312863873272792
8.397999999999474,-0.001208786494385934,-0.01978987759549492,0.031583867194874354
8.399999999999475,-0.0012482618847124826,-0.019685376626299284,0.03187774253935426
8.401999999999475,-0.0012875267378227384,-0.01957934110510704,0.03216799547342411
8.403999999999476,-0.0013265779980196153,-0.019471784449361044,0.032454608483334424
8.405999999999477,-0.0013654126365464634,-0.019362720181961654,0.0327375644295572
8.407999999999477,-0.0014040276517964952,-0.019252161929777203,0.03301684654742629
8.409999999999478,-0.0014424200695192268,-0.019140123422148648,0.033292438447742156
8.411999999999479,-0.0014805869430239227,-0.019026618489388573,0.033564324117340914
8.41399999999948,-0.0015185253533800335,-0.0189116610612747,0.0338324879196278
8.41599999999948,-0.001556232409614615,-0.01879526516553804,0.03409691459507504
8.41799999999948,-0.0015937052489067183,-0.01867744492634585,0.03435758926168419
8.419999999999481,-0.001630941036778741,-0.018558214562779524,0.03461449741541303
8.421999999999482,-0.0016679369672847287,-0.018437588387307628,0.03486762493056693
8.423999999999483,-0.001704690263195619,-0.018315580804254133,0.03511695806015491
8.425999999999483,-0.0017411981761814156,-0.0181922063082621,0.035362483436210325
8.427999999999484,-0.0017774579869902875,-0.01806747948275288,0.03560418807007626
8.429999999999485,-0.0018134670056245803,-0.01794141499838107,0.035842059352655754
8.431999999999485,-0.001849222571513734,-0.017814027611485275,0.03607608505462687
8.433999999999486,-0.0018847220536840994,-0.0176853321625349,0.036306253326622615
8.435999999999487,-0.0019199628509256415,-0.01755534357457312,0.03653255269937589
8.437999999999487,-0.0019549423919555282,-0.01742407685165613,0.03675497208382954
8.439999999999488,-0.001989658135578593,-0.01729154707728888,0.036973500771211414
8.441999999999489,-0.002024107570844664,-0.017157769412857415,0.03718812843307481
8.44399999999949,-0.002058288217202756,-0.017022759096057972,0.03739884512130405
8.44599999999949,-0.0020921976246521187,-0.01688653143932301,0.037605641268085535
8.44799999999949,-0.0021258333738901317,-0.016749101828244285,0.03780850768584419
8.449999999999491,-0.002159193076457044,-0.01661048571999317,0.0380074355671456
8.451999999999492,-0.002192274374877551,-0.016470698641738307,0.038202416484563614
8.453999999999493,-0.002225074942799206,-0.016329756189060803,0.038393442390513816
8.455999999999493,-0.0022575924851276565,-0.016187674024367087,0.03858050561705286
8.457999999999494,-0.002289824738158708,-0.016044467875299583,0.03876359887564365
8.459999999999495,-0.002321769469707204,-0.015900153533145354,0.03894271525688666
8.461999999999495,-0.0023534244792327227,-0.015754746851242864,0.0391178482302174
8.463999999999496,-0.0023847875979620846,-0.015608263743387009,0.039288991643570095
8.465999999999497,-0.0024158566890086705,-0.015460720182232554,0.039456139723007856
8.467999999999497,-0.0024466296474885425,-0.01531213219769616,0.03961928707231926
8.469999999999498,-0.0024771044006333697,-0.015162515875357104,0.039778428672581585
8.471999999999499,-0.002507278907900153,-0.01501188735485687,0.0399335598816908
8.4739999999995,-0.0025371511610777484,-0.014860262828297756,0.0400846764338584
8.4759999999995,-0.002566719184390187,-0.014707658538640643,0.04023177443907524
8.4779999999995,-0.0025959810345967897,-0.014554090778102066,0.040374850382542515
8.479999999999501,-0.0026249348010890746,-0.014399575886550744,0.04051390112406996
8.481999999999502,-0.0026535786059844594,-0.014244130249903711,0.040648923897441486
8.483999999999503,-0.002681910604216752,-0.01408777029852221,0.0407799163097483
8.485999999999503,-0.0027099289836234374,-0.01393051250560746,0.040906876340689735
8.487999999999504,-0.0027376319650297518,-0.01377237338559649,0.04102980234184183
8.489999999999505,-0.002765017802329551,-0.013613369492558147,0.04114869303589401
8.491999999999505,-0.002792084782562972,-0.01345351741858945,0.04126354751585366
8.493999999999506,-0.002818831225990885,-0.013292833792212405,0.04137436524421917
8.495999999999507,-0.0028452554861661404,-0.01313133527677147,0.041481146052121255
8.497999999999507,-0.002871355950001615,-0.012969038568831762,0.041583890138432875
8.499999999999508,-0.0028971310378350496,-0.012805960396578202,0.041682598068847915
8.501999999999509,-0.0029225792034906907,-0.012642117518215696,0.041777270774928696
8.50399999999951,-0.0029476989343377316,-0.012477526720370521,0.041867909553122605
8.50599999999951,-0.0029724887513455584,-0.012312204816493059,0.04195451606374784
8.50799999999951,-0.0029969472091358014,-0.012146168645262006,0.04203709232994864
8.509999999999511,-0.0030210728960311994,-0.011979435068990208,0.042115640736620025
8.511999999999512,-0.0030448644341012753,-0.011812020972032267,0.0421901640293022
8.513999999999513,-0.003068320479204828,-0.01164394325919405,0.04226066531304502
8.515999999999513,-0.0030914397210292485,-0.011475218854144245,0.04232714805124233
8.517999999999514,-0.0031142208831266577,-0.011305864697828105,0.04238961606443673
8.519999999999515,-0.0031366627229468774,-0.011135897746883514,0.04244807352909468
8.521999999999515,-0.0031587640318672325,-0.010965334972059522,0.042502524976352284
8.523999999999516,-0.0031805236352191956,-0.010794193356637472,0.04255297529073185
8.525999999999517,-0.0032019403923118756,-0.010622489894854878,0.04259942970882943
8.527999999999517,-0.0032230131964523564,-0.01045024159033217,0.04264189381797363
8.529999999999518,-0.0032437409749628927,-0.010277465454502447,0.04268037355485574
8.531999999999519,-0.0032641226891949684,-0.010104178505044394,0.04271487520413138
8.53399999999952,-0.0032841573345402234,-0.009930397764318456,0.04274540539699408
8.53599999999952,-0.003303843940438258,-0.009756140257806453,0.04277197110972069
8.53799999999952,-0.0033231815703813174,-0.009581423012554723,0.04279457966218903
8.539999999999521,-0.003342169321915869,-0.009406263055620962,0.0428132387163679
8.541999999999522,-0.003360806326641074,-0.009230677412524877,0.04282795627477965
8.543999999999523,-0.003379091750204168,-0.009054683105702776,0.042838740678935616
8.545999999999523,-0.0033970247922927516,-0.008878297152966244,0.042845600607744457
8.547999999999524,-0.0034146046866240032,-0.00870153656596503,0.04284854507589376
8.549999999999525,-0.0034318307009308245,-0.008524418348654254,0.04284758343220506
8.551999999999525,-0.0034487021369449212,-0.008346959495766103,0.042842725357962505
8.553999999999526,-0.003465218330376834,-0.008169176991286102,0.04283398086521532
8.555999999999527,-0.0034813786508929253,-0.007991087806934114,0.04282136029505444
8.557999999999527,-0.003497182502089336,-0.007812708900650188,0.04280487431586337
8.559999999999528,-0.0035126293214629133,-0.007634057215085381,0.04278453392154355
8.561999999999529,-0.0035277185803791315,-0.007455149676097676,0.042760350429714516
8.56399999999953,-0.003542449784037005,-0.0072760031912531276,0.04273233547988899
8.56599999999953,-0.0035568224714310113,-0.007096634648332346,0.04270050103162318
8.56799999999953,-0.0035708362153100324,-0.006917060913842463,0.04266485936264246
8.569999999999531,-0.003584490622133324,-0.0067372988315346745,0.04262542306694279
8.571999999999532,-0.003597785332023529,-0.00655736522092751,0.042582205052867916
8.573999999999533,-0.0036107200187167382,-0.006377276875835923,0.042535218541162795
8.575999999999533,-0.0036232943895096207,-0.006197050562906343,0.04248447706300331
8.577999999999534,-0.003635508185203626,-0.00601670302015779,0.04242999445800255
8.579999999999535,-0.003647361180046276,-0.005836250955529186,0.04237178487219405
8.581999999999535,-0.003658853181669561,-0.005655711045432962,0.042309862755991946
8.583999999999536,-0.0036699840310254433,-0.005475099933315101,0.04224424286212857
8.585999999999537,-0.0036807536023184917,-0.005294434228221704,0.042174940243569534
8.587999999999537,-0.003691161802935656,-0.005113730503372216,0.04210197025140662
8.589999999999538,-0.0037012085733731915,-0.0049330052947394116,0.042025348532728775
8.591999999999539,-0.003710893887160753,-0.004752275099636263,0.041945091028471326
8.59399999999954,-0.00372021775078267,-0.004571556375309794,0.041861213971243795
8.59599999999954,-0.003729180203596413,-0.004390865537542034,0.041773733883136495
8.59799999999954,-0.0037377813177482742,-0.004210218959258182,0.041682667573506166
8.599999999999541,-0.0037460211980862666,-0.004029632969142091,0.04158803213674092
8.601999999999542,-0.003753899982070265,-0.0038491238502591737,0.04148984495000475
8.603999999999543,-0.0037614178396793998,-0.0036687078386868485,0.04138812367096182
8.605999999999543,-0.003768574973316717,-0.003488401122152621,0.04128288623548085
8.607999999999544,-0.003775371617711126,-0.003308219838679911,0.041174150855319794
8.609999999999545,-0.0037818080398166437,-0.0031281800752417286,0.041061936015791174
8.611999999999545,-0.003787884538708954,-0.0029482978664223036,0.040946260473408165
8.613999999999546,-0.003793601445479301,-0.002768589193086767,0.04082714325351184
8.615999999999547,-0.003798959123125729,-0.002589069981058991,0.04070460364787978
8.617999999999547,-0.0038039579664416825,-0.0024097560998076807,0.04057866121231628
8.619999999999548,-0.0038085984019019933,-0.0022306633611408264,0.040449335764224506
8.621999999999549,-0.00381288088754626,-0.002051807517908605,0.04031664738016076
8.62399999999955,-0.003816805912859643,-0.0018732042627148337,0.040180616393371206
8.62599999999955,-0.0038203739986510925,-0.00169486922663707,0.04004126339131126
8.62799999999955,-0.003823585696929024,-0.0015168179779554535,0.039898609213148
8.629999999999551,-0.003826441590774461,-0.0013390660208903856,0.0397526749472457
8.631999999999552,-0.0038289422942116604,-0.001161628794349136,0.039603481928635
8.633999999999553,-0.003831088452076243,-0.0009845216706814725,0.039451051736465736
8.635999999999553,-0.0038328807398808422,-0.0008077599544444022,0.0392954061914439
8.637999999999554,-0.0038343198636782917,-0.0006313588811761156,0.03913656735325283
8.639999999999555,-0.003835406559922371,-0.0004553336161792222,0.03897455751795904
8.641999999999555,-0.003836141595326126,-0.00027969925331336476,0.03880939921540293
8.643999999999556,-0.0038365257667177847,-0.00010447081379729998,0.03864111520657462
8.645999999999557,-0.0038365599008942865,7.033675497946878e-05,0.03846972848097515
8.647999999999557,-0.0038362448544724454,0.0002447085806354231,0.038295262253963396
8.649999999999558,-0.0038355815137377635,0.00041862986696604047,0.03811773996408903
8.651999999999559,-0.003834570794490917,0.0005920858951030033,0.0379371852704116
8.65399999999956,-0.0038332136418919344,0.0007650620246635238,0.03775362204980617
8.65599999999956,-0.0038315110303020865,0.0009375436948897047,0.03756707439425582
8.65799999999956,-0.003829463963123505,0.001109516425777857,0.03737756660813116
8.659999999999561,-0.003827073472636555,0.0012809658191976965,0.03718512320545719
8.661999999999562,-0.0038243406198349796,0.0014518775600013412,0.036989768907167854
8.663999999999563,-0.003821266494258834,0.0016222374171220356,0.036791528638348454
8.665999999999563,-0.003817852213825236,0.0017920312446625254,0.036590427525466304
8.667999999999564,-0.0038140989246569475,0.0019612449829730103,0.036386490893589835
8.669999999999565,-0.0038100078009088113,0.0021298646597186013,0.036179744263596464
8.671999999999565,-0.0038055800445920647,0.0022978763909362126,0.03597021334936951
8.673999999999566,-0.003800816885396548,0.002465266382080815,0.03575792405498444
8.675999999999567,-0.0037957195805108333,0.002632020929060988,0.035542902471884665
8.677999999999567,-0.0037902894144402916,0.002798126419263693,0.03532517487604735
8.679999999999568,-0.0037845276988231202,0.0029635693325682105,0.03510476772513922
8.681999999999569,-0.0037784357722443563,0.0031283362423491705,0.034881707655662994
8.68399999999957,-0.0037720150000478923,0.003292413816468611,0.03465602148009439
8.68599999999957,-0.0037652667741465196,0.003455788818257006,0.034427736184010314
8.68799999999957,-0.0037581925128300215,0.0036184481074831927,0.03419687892320819
8.689999999999571,-0.003750793660571337,0.0037803786413131493,0.03396347702081702
8.691999999999572,-0.0037430716878308168,0.003941567475257549,0.03372755796440022
8.693999999999573,-0.0037350280908585998,0.0041020017641080425,0.033489149403050616
8.695999999999573,-0.003726664391495123,0.00426166876286221,0.033248279144477956
8.697999999999574,-0.003717982136969796,0.004420555827637117,0.03300497515208902
8.699999999999575,-0.0037089828996978605,0.004578650416571435,0.03275926554206084
8.701999999999575,-0.0036996682770754543,0.004735940090716056,0.03251117858040717
8.703999999999576,-0.003690039891272907,0.004892412514913161,0.03226074268003849
8.705999999999577,-0.0036800993890262904,0.005048055458663684,0.032007986397815914
8.707999999999577,-0.0036698484414272436,0.005202856796983127,0.031752938431599216
8.709999999999578,-0.0036592887437110993,0.005356804511245663,0.031495627617289315
8.711999999999579,-0.0036484220150433335,0.005509886690016501,0.031236082925865327
8.71399999999958,-0.003637249998304362,0.0056620915298724464,0.030974333460416836
8.71599999999958,-0.003625774459872707,0.005813407336210621,0.030710408453171176
8.71799999999958,-0.0036139971894065606,0.005963822524045291,0.030444337262516448
8.719999999999581,-0.003601919999623763,0.006113325618792776,0.030176149370020316
8.721999999999582,-0.0035895447260802255,0.00626190525704437,0.029905874377444852
8.723999999999583,-0.00357687322694682,0.006409550187327263,0.02963354200375788
8.725999999999583,-0.0035639073827847547,0.006556249270853398,0.02935918208214093
8.727999999999584,-0.0035506490963194705,0.006701991482256244,0.02908282455699415
8.729999999999585,-0.0035371002922130698,0.006846765910315434,0.028804499480938463
8.731999999999585,-0.003523262916835312,0.006990561758669244,0.028524237011815265
8.733999999999586,-0.003509138938033196,0.007133368346514866,0.02824206740968388
8.735999999999587,-0.0034947303448991515,0.007275175109296447,0.027958021033817095
8.737999999999587,-0.00348003914753787,0.007415971599380867,0.027672128339695068
8.739999999999588,-0.0034650673768317946,0.007555747486721214,0.027384419875997826
8.741999999999589,-0.003449817084205296,0.007694492559507931,0.02709492628159673
8.74399999999959,-0.0034342903413875575,0.007832196724807608,0.026803678282545026
8.74599999999959,-0.0034184892401741963,0.007968850009189387,0.026510706689067964
8.74799999999959,-0.003402415892187643,0.008104442559338959,0.026216042392552576
8.749999999999591,-0.0033860724286363057,0.008238964642660121,0.025919716362537468
8.751999999999592,-0.0033694610000725446,0.00837240664786387,0.025621759643702932
8.753999999999593,-0.0033525837761494807,0.00850475908554502,0.025322203352861575
8.755999999999593,-0.003335442945376662,0.008636012588746302,0.025021078675949788
8.757999999999594,-0.003318040714874615,0.008766157913509952,0.02471841686502032
8.759999999999595,-0.0033003793101283076,0.00889518593941674,0.024414249235236198
8.761999999999595,-0.003282460974739543,0.009023087670112444,0.024108607161866337
8.763999999999596,-0.003264287970178316,0.00914985423382173,0.023801522077282984
8.765999999999597,-0.003245862575533152,0.009275476883849455,0.023493025467961427
8.767999999999597,-0.003227187087260458,0.00939994699906934,0.02318314887148206
8.769999999999598,-0.0032082638189329074,0.009523256084400028,0.02287192387353524
8.771999999999599,-0.003189095100986887,0.009645395771268495,0.022559382104929047
8.7739999999996,-0.0031696832804690273,0.009766357818060822,0.022245555238600376
8.7759999999996,-0.0031500307207818455,0.009886134110560309,0.02193047498662945
8.7779999999996,-0.003130139801428525,0.010004716662372909,0.021614173097258146
8.779999999999601,-0.0031100129177568576,0.010122097615339998,0.021296681351912344
8.781999999999602,-0.003089652480702369,0.01023826923993846,0.020978031562228577
8.783999999999603,-0.0030690609165306623,0.010353223935668085,0.02065825556708523
8.785999999999603,-0.003048240666578995,0.01046695423142628,0.020337385229638537
8.787999999999604,-0.0030271941869971205,0.010579452785870075,0.020015452434363666
8.789999999999605,-0.0030059239484874207,0.01069071238776545,0.01969248908410113
8.791999999999605,-0.0029844324360443486,0.010800725956323948,0.01936852709710876
8.793999999999606,-0.002962722148693213,0.010909486541526604,0.01904359840411954
8.795999999999607,-0.002940795599228327,0.011016987324435182,0.018717734945405524
8.797999999999607,-0.0029186553139505483,0.011123221617490707,0.018390968667848086
8.799999999999608,-0.0028963038324042326,0.011228182864799324,0.018063331522014777
8.801999999999609,-0.0028737437071136296,0.011331864642405468,0.017734855459243
8.80399999999961,-0.002850977503318746,0.011434260658552357,0.01740557242873083
8.80599999999961,-0.002828007798710697,0.011535364753929824,0.0170755143746351
8.80799999999961,-0.0028048371831665797,0.01163517090190948,0.016744713233177146
8.809999999999611,-0.002781468258483884,0.011733673208767233,0.016413200929756316
8.811999999999612,-0.0027579036381144744,0.011830865913893164,0.016081009376071608
8.813999999999613,-0.002734145946898163,0.01192674338998878,0.015748170467251577
8.815999999999613,-0.002710197820795901,0.012021300143251647,0.01541471607899285
8.817999999999614,-0.0026860619066226142,0.012114530813547427,0.015080678064707363
8.819999999999615,-0.0026617408617797054,0.01220643017456933,0.014746088252678714
8.821999999999615,-0.002637237353987253,0.012296993133984994,0.014410978443227725
8.823999999999616,-0.0026125540610159245,0.012386214733570815,0.014075380405887536
8.825999999999617,-0.0025876936704186397,0.012474090149333747,0.01373932587658843
8.827999999999617,-0.0025626588792619963,0.012560614691620588,0.01340284655485265
8.829999999999618,-0.002537452393857494,0.012645783805214778,0.013065974100999373
8.831999999999619,-0.002512076929492575,0.012729593069420708,0.012728740133360162
8.83399999999962,-0.0024865352101615112,0.012812038198135615,0.012391176225505044
8.83599999999962,-0.0024608299682961554,0.012893115039909022,0.012053313903479497
8.83799999999962,-0.002434963944496591,0.012972819577989795,0.011715184643052533
8.839999999999621,-0.0024089398872616965,0.013051147930360829,0.011376819866976112
8.841999999999622,-0.002382760552719655,0.013128096349761384,0.011038250942256137
8.843999999999623,-0.00235642870435843,0.013203661223697103,0.010699509177435168
8.845999999999623,-0.0023299471127562334,0.013277839074437754,0.010360625819887196
8.847999999999624,-0.002303318555312012,0.0133506265590027,0.01002163205312458
8.849999999999625,-0.002276545815975974,0.013422020469134151,0.009682558994117421
8.851999999999626,-0.0022496316849801795,0.013492017731258231,0.009343437690625588
8.853999999999626,-0.0022225789585692264,0.013560615406433867,0.009004299118543562
8.855999999999627,-0.0021953904387310434,0.013627810690289567,0.008665174179258398
8.857999999999628,-0.002168068932927827,0.01369360091294811,0.008326093697020866
8.859999999999628,-0.00214061725382714,0.013757983538939166,0.007987088416330161
8.861999999999629,-0.002113038219033194,0.013820956167099923,0.007648188999332235
8.86399999999963,-0.002085334650818348,0.013882516530463723,0.007309426023232018
8.86599999999963,-0.0020575093758548346,0.01394266249613676,0.006970829977719757
8.86799999999963,-0.0020295652249467523,0.014001392065162892,0.006632431262411585
8.869999999999632,-0.002001505032762334,0.014058703372376583,0.006294260184304632
8.871999999999632,-0.0019733316375665235,0.014114594686244047,0.0059563469552467545
8.873999999999633,-0.001945047880953884,0.014169064408692608,0.005618721689421189
8.875999999999634,-0.0019166566075818547,0.014222111074928349,0.005281414400846231
8.877999999999634,-0.0018881606649043883,0.014273733353242071,0.0049444550008902
8.879999999999635,-0.0018595629029059852,0.014323930044803623,0.004607873295801812
8.881999999999636,-0.001830866173836152,0.014372700083444644,0.004271698984256228
8.883999999999636,-0.0018020733319443066,0.014420042535429771,0.003935961654916878
8.885999999999637,-0.0017731872332151502,0.014465956599216352,0.0036006907840132954
8.887999999999638,-0.0017442107351045334,0.014510441605202729,0.0032659157329351512
8.889999999999638,-0.0017151466962758368,0.014553497015465124,0.0029316657458426047
8.891999999999639,-0.0016859979763368881,0.014595122423483197,0.0025979699472932424
8.89399999999964,-0.0016567674355774408,0.014635317553854311,0.002264857339885686
8.89599999999964,-0.0016274579347072336,0.014674082261996587,0.001932356801920096
8.89799999999964,-0.0015980723345946574,0.014711416533840758,0.0016004970850757496
8.899999999999642,-0.0015686134960060478,0.014747320485510926,0.0012693068121058144
8.901999999999642,-0.001539084279345628,0.014781794362994247,0.0009388144745495538
8.903999999999643,-0.001509487544396123,0.014814838541799607,0.0006090484304620333
8.905999999999644,-0.0014798261500600673,0.014846453526605357,0.0002800369021616223
8.907999999999644,-0.0014501029541018286,0.01487663995089616,-4.819202600468524e-05
8.909999999999645,-0.0014203208128903682,0.014905398576588999,-0.00037561040987787314
8.911999999999646,-0.0013904825811427602,0.01493273029364843,-0.0007021904476853177
8.913999999999646,-0.0013605911116684908,0.01495863611969112,-0.0010279044822208289
8.915999999999647,-0.0013306492551145596,0.014983117199579742,-0.0013527250030062124
8.917999999999648,-0.0013006598597114028,0.015006174805006288,-0.0016766246484341465
8.919999999999648,-0.0012706257710196616,0.015027810334064867,-0.00199957620789226
8.921999999999649,-0.0012405498316778146,0.01504802531081405,-0.0023215526238682515
8.92399999999965,-0.0012104348811506954,0.015066821384828823,-0.002642526994035903
8.92599999999965,-0.0011802837554789184,0.015084200330742226,-0.002962472573321868
8.92799999999965,-0.0011500992870292293,0.015100164047776731,-0.0032813627759530426
8.929999999999652,-0.0011198843042458048,0.01511471455926544,-0.0035991711774844386
8.931999999999652,-0.0010896416314025196,0.01512785401216316,-0.003915871516807393
8.933999999999653,-0.0010593740883562005,0.015139584676547432,-0.004231437698137965
8.935999999999654,-0.0010290844903008895,0.015149908945109583,-0.004545843792985426
8.937999999999654,-0.0009987756475231342,0.015158829332635869,-0.004859064042100687
8.939999999999655,-0.0009684503651583255,0.015166348475478786,-0.005171072857404526
8.941999999999656,-0.000938111442948103,0.015172469131018608,-0.005481844823895531
8.943999999999656,-0.0009077616749988468,0.015177194177115244,-0.005791354701537578
8.945999999999657,-0.0008774038495412749,0.015180526611550475,-0.006099577427126775
8.947999999999658,-0.0008470407486911661,0.015182469551460645,-0.006406488116137726
8.949999999999658,-0.0008166751482112269,0.01518302623275989,-0.006712062064548984
8.951999999999659,-0.0007863098172741212,0.01518220000955397,-0.00701627475064762
8.95399999999966,-0.0007559475182266816,0.015179994353544795,-0.007319101836812758
8.95599999999966,-0.0007255910063553211,0.015176412853425695,-0.007620519171277979
8.957999999999661,-0.0006952430296526636,0.015171459214267548,-0.007920502789872483
8.959999999999662,-0.0006649063285854102,0.015165137256895818,-0.008219028917740913
8.961999999999662,-0.0006345836358634623,0.015157450917258583,-0.008516073971041715
8.963999999999663,-0.0006042776762103156,0.015148404245785655,-0.008811614558623958
8.965999999999664,-0.0005739911661347457,0.015138001406738842,-0.009105627483682498
8.967999999999664,-0.0005437268137038022,0.015126246677553454,-0.009398089745391386
8.969999999999665,-0.0005134873183171278,0.015113144448171127,-0.009688978540515432
8.971999999999666,-0.0004832753704826209,0.015098699220364052,-0.009978271264999849
8.973999999999666,-0.00045309365159345753,0.015082915607050676,-0.010265945515537844
8.975999999999667,-0.00042294483370649123,0.015065798331602981,-0.0105519790911161
8.977999999999668,-0.0003928315793220462,0.015047352227145414,-0.010836349994538069
8.979999999999668,-0.00036275654116512085,0.015027582235845537,-0.011119036433924952
8.981999999999669,-0.00033272236196801847,0.015006493408196517,-0.011400016824194328
8.98399999999967,-0.00030273167425442084,0.014984090902291507,-0.011679269788516333
8.98599999999967,-0.0002727871001249211,0.01496037998309002,-0.011956774159747299
8.987999999999671,-0.00024289125104403185,0.014935366021676387,-0.01223250898184081
8.989999999999672,-0.00021304672762868427,0.014909054494510366,-0.012506453511236068
8.991999999999672,-0.00018325611943823352,0.014881450982670026,-0.012778587218223524
8.993999999999673,-0.00015352200476598634,0.014852561171086938,-0.013048889788287691
8.995999999999674,-0.00012384695043226554,0.014822390847773828,-0.013317341123427074
8.997999999999674,-9.423351157902699e-05,0.014790945903044719,-0.013583921343451173
8.999999999999675,-6.468423146604343e-05,0.014758232328727697,-0.013848610787254448
9.001999999999676,-3.520164126867026e-05,0.01472425621737037,-0.014111390014067263
9.003999999999676,-5.788259877207559e-06,0.014689023761438104,-0.014372239804683667
9.005999999999677,2.3553406302127274e-05,0.014652541252505147,-0.014631141162666029
9.007999999999678,5.282086354460202e-05,0.014614815080438716,-0.01488807531552642
9.009999999999678,8.201163100273343e-05,0.014575851732576145,-0.015143023715884737
9.011999999999679,0.00011112324090039837,0.01453565779289518,-0.01539596804260348
9.01399999999968,0.00014015323872527892,0.014494239941177533,-0.015646890201899164
9.01599999999968,0.0001690991834196278,0.014451604952165745,-0.01589577232843032
9.017999999999681,0.00019795864756934098,0.014407759694713512,-0.016142596786362023
9.019999999999682,0.00022672921759132455,0.014362711130929505,-0.016387346170406922
9.021999999999682,0.00025540849391914266,0.014316466315314831,-0.01663000330684275
9.023999999999683,0.00028399409118693423,0.014269032393894182,-0.016870551254506257
9.025999999999684,0.0003124836384115857,0.01422041660334081,-0.017108973305763525
9.027999999999684,0.0003408747791731477,0.014170626270095386,-0.017345252987456667
9.029999999999685,0.0003691651717934832,0.014119668809478875,-0.01757937406182686
9.031999999999686,0.000397352489513136,0.014067551724799478,-0.01781132052741371
9.033999999999686,0.0004254344206664065,0.01401428260645378,-0.01804107661993084
9.035999999999687,0.00045340866885462477,0.01395986913102217,-0.018268626813117847
9.037999999999688,0.00048127295311760864,0.013904319060358643,-0.01849395581956842
9.039999999999688,0.0005090250081032955,0.013847640240675089,-0.01871704859153473
9.041999999999689,0.0005366625842355376,0.013789840601620132,-0.018937890321708045
9.04399999999969,0.0005641834478800499,0.013730928155352663,-0.019156466443975506
9.04599999999969,0.000591585381508499,0.013670910995610124,-0.019372762634153162
9.047999999999691,0.0006188661838607243,0.013609797296771666,-0.019586764810695115
9.049999999999692,0.00064602367010508,0.013547595312916268,-0.01979845913537891
9.051999999999692,0.0006730556719968881,0.013484313376875915,-0.020007832013967067
9.053999999999693,0.0006999600380349943,0.013419959899283934,-0.0202148700968448
9.055999999999694,0.0007267346336164136,0.013354543367618595,-0.02041956027963388
9.057999999999694,0.0007533773411890605,0.013288072345242062,-0.02062188970378273
9.059999999999695,0.0007798860604025513,0.013220555470434804,-0.020821845757132668
9.061999999999696,0.0008062587082570715,0.013152001455425557,-0.02101941607446032
9.063999999999696,0.0008324932192502982,0.013082419085416937,-0.021214588537996272
9.065999999999697,0.0008585875455223696,0.01301181721760682,-0.02140735127791992
9.067999999999698,0.0008845396569988939,0.012940204780205553,-0.021597692672830515
9.069999999999698,0.0009103475415319872,0.012867590771449137,-0.021785601350194493
9.071999999999699,0.0009360092050393346,0.012793984258608448,-0.021971066186769007
9.0739999999997,0.0009615226716412663,0.012719394376994623,-0.022154076309001795
9.0759999999997,0.0009868859837958396,0.01264383032896068,-0.022334621093407288
9.077999999999701,0.0010120972024319217,0.01256730138289951,-0.022512690166919078
9.079999999999702,0.0010371544070802638,0.012489816872238303,-0.022688273407218726
9.081999999999702,0.0010620556960025613,0.01241138619442954,-0.02286136094304094
9.083999999999703,0.0010867991863184926,0.012332018809938627,-0.023031943154455153
9.085999999999704,0.0011113830141307299,0.01225172424122829,-0.023200010673123554
9.087999999999704,0.001135805334647915,0.012170512071739817,-0.02336555438253559
9.089999999999705,0.0011600643223055953,0.012088391944871258,-0.023528565418218968
9.091999999999706,0.0011841581708851134,0.012005373562952677,-0.02368903516792721
9.093999999999706,0.001208085093630443,0.011921466686218558,-0.02384695527180381
9.095999999999707,0.0012318433233629688,0.011836681131777469,-0.024002317622522987
9.097999999999708,0.0012554311125942015,0.011751026772579078,-0.024155114365407158
9.099999999999708,0.001278846733636425,0.011664513536378629,-0.024305337898521094
9.101999999999709,0.0013020884787112697,0.01157715140469897,-0.024452980872742877
9.10399999999971,0.0013251546600562083,0.011488950411790244,-0.024598036191811667
9.10599999999971,0.0013480436100289678,0.011399920643587328,-0.024740497012352328
9.107999999999711,0.0013707536812098547,0.011310072236665147,-0.024880356743877008
9.109999999999712,0.001393283246501989,0.01121941537719192,-0.025017609048763694
9.111999999999712,0.0014156306992294415,0.011127960299880495,-0.02515224784221181
9.113999999999713,0.001437794453233274,0.011035717286937814,-0.02528426729217491
9.115999999999714,0.0014597729429654755,0.010942696667012662,-0.025413661819270555
9.117999999999714,0.001481564623580791,0.010848908814141755,-0.025540426096667415
9.119999999999715,0.0015031679710264436,0.010754364146694296,-0.025664555049949665
9.121999999999716,0.0015245814821297425,0.010659073126315092,-0.025786043856958735
9.123999999999716,0.0015458036746835758,0.010563046256866321,-0.025904887947612518
9.125999999999717,0.0015668330875297867,0.010466294083368067,-0.02602108300370208
9.127999999999718,0.0015876682806404288,0.010368827190937699,-0.026134624958665933
9.129999999999718,0.0016083078351968988,0.010270656203728221,-0.026245509997341987
9.131999999999719,0.0016287503536669464,0.010171791783865673,-0.02635373455569721
9.13399999999972,0.001648994459879556,0.010072244630385679,-0.026459295320535137
9.13599999999972,0.0016690387990977032,0.009972025478169257,-0.02656218922918124
9.137999999999721,0.0016888820380889797,0.009871145096877984,-0.026662413469146287
9.139999999999722,0.0017085228651940903,0.009769614289888604,-0.02675996547776778
9.141999999999722,0.0017279599903932171,0.009667443893227184,-0.026854842941829507
9.143999999999723,0.0017471921453702524,0.009564644774502933,-0.026947043797159356
9.145999999999724,0.0017662180835748985,0.009461227831841744,-0.02703656622820546
9.147999999999724,0.001785036580282635,0.009357203992819597,-0.027123408667590727
9.149999999999725,0.0018036464326525521,0.00925258421339589,-0.027207569795645946
9.151999999999726,0.0018220464597830516,0.009147379476846818,-0.02728904853992141
9.153999999999726,0.0018402355027654132,0.009041600792698874,-0.027367844074677336
9.155999999999727,0.0018582124247352304,0.008935259195662595,-0.027443955820353007
9.157999999999728,0.0018759761109217116,0.008828365744566627,-0.0275173834430149
9.159999999999728,0.0018935254686948514,0.008720931521292212,-0.027588126853783743
9.161999999999729,0.0019108594276104711,0.008612967629708203,-0.027656186208240726
9.16399999999973,0.0019279769394531297,0.008504485194606688,-0.027721561905812916
9.16599999999973,0.0019448769782769064,0.008395495360639325,-0.027784254589137986
9.167999999999731,0.001961558540444058,0.008286009291254486,-0.02784426514340839
9.169999999999732,0.001978020644661549,0.008176038167635298,-0.027901594695695066
9.171999999999732,0.0019942623320154617,0.008065593187638683,-0.027956244614250787
9.173999999999733,0.002010282666003283,0.007954685564735482,-0.028008216507793303
9.175999999999734,0.002026080732564074,0.007843326526951766,-0.028057512224768308
9.177999999999734,0.0020416556401065245,0.00773152731581142,-0.028104133852592507
9.179999999999735,0.00205700651953489,0.007619299185280098,-0.028148083716876666
9.181999999999736,0.0020721325242728226,0.007506653400710642,-0.028189364380629002
9.183999999999736,0.002087032830285092,0.00739360123779005,-0.028227978643438865
9.185999999999737,0.0021017066360972023,0.007280153981488095,-0.02826392954064097
9.187999999999738,0.002116153162812908,0.007166322925007679,-0.02829722034246012
9.189999999999738,0.0021303716541296335,0.00705211936873702,-0.028327854553136758
9.191999999999739,0.0021443613763517957,0.0069375546192037545,-0.028355835910033354
9.19399999999974,0.002158121618402041,0.006822639988031054,-0.028381168382721714
9.19599999999974,0.0021716516918303948,0.006707386790895839,-0.028403856172051465
9.197999999999741,0.0021849509308213264,0.006591806346489189,-0.02842390370919979
9.199999999999742,0.002198018692198744,0.006475909975479022,-0.028441315654702454
9.201999999999742,0.0022108543554289106,0.006359708999475154,-0.028456096897466462
9.203999999999743,0.0022234573226212967,0.006243214739996805,-0.02846825255376426
9.205999999999744,0.002235827018527369,0.0061264385174426535,-0.02847778796620977
9.207999999999744,0.0022479628905373215,0.006009391650063527,-0.028484708702716344
9.209999999999745,0.002259864408674755,0.005892085452937803,-0.028489020555436742
9.211999999999746,0.0022715310655893116,0.005774531236949623,-0.02849072953968535
9.213999999999746,0.002282962376547266,0.005656740307769994,-0.02848984189284274
9.215999999999747,0.002294157879420084,0.005538723964840865,-0.02848636407324265
9.217999999999748,0.0023051171346709512,0.005420493500362274,-0.028480302759041703
9.219999999999748,0.0023158397253392796,0.005302060198282635,-0.028471664847071785
9.221999999999749,0.0023263252570231976,0.005183435333292256,-0.02846045745167543
9.22399999999975,0.002336573357860031,0.005064630169820175,-0.028446687903524233
9.22599999999975,0.0023465836785047794,0.004945655961034393,-0.028430363748420485
9.227999999999751,0.0023563558921065996,0.004826523947845587,-0.028411492746082186
9.229999999999752,0.002365889694283297,0.004707245357914383,-0.028390082868911582
9.231999999999752,0.0023751848030938356,0.004587831404662279,-0.028366142300747355
9.233999999999753,0.0023842409590088764,0.004468293286286287,-0.028339679435600635
9.235999999999754,0.0023930579248793446,0.004348642184777385,-0.028310702876375052
9.237999999999754,0.0024016354859030414,0.004228889264942852,-0.02827922143357083
9.239999999999755,0.0024099734495893017,0.0041090456734325705,-0.028245244123973265
9.241999999999756,0.00241807164572171,0.003989122537769369,-0.02820878016932559
9.243999999999756,0.002425929926318881,0.003869130965383493,-0.028169838994986467
9.245999999999757,0.002433548165593311,0.003749082042651267,-0.028128430228572303
9.247999999999758,0.002440926259908316,0.0036289868339380435,-0.028084563698584378
9.249999999999758,0.002448064127733055,0.003508856380645498,-0.028038249433021207
9.251999999999759,0.0024549617095956534,0.0033887017002633573,-0.027989497657976047
9.25399999999976,0.002461618968034437,0.0032685337854256313,-0.027938318796219892
9.25599999999976,0.0024680358875472804,0.0031483636029714258,-0.02788472346577
9.257999999999761,0.002474212474539083,0.003028202093010409,-0.02782872247844423
9.259999999999762,0.0024801487572673783,0.002908060167993005,-0.02777032683840124
9.261999999999762,0.0024858447857860925,0.0027879487117853873,-0.02770954774066679
9.263999999999763,0.002491300631887455,0.002667878578749348,-0.027646396569646313
9.265999999999764,0.0024965163890420727,0.0025478605928271098,-0.027580884897623895
9.267999999999764,0.002501492172337183,0.002427905546631152,-0.027513024483247838
9.269999999999765,0.002506228118413087,0.002308024200539127,-0.02744282727000298
9.271999999999766,0.002510724385397781,0.0021882272817939307,-0.02737030538467
9.273999999999766,0.002514981152839791,0.0020685254836089973,-0.027295471135771743
9.275999999999767,0.002518998621639225,0.0019489294642788897,-0.027218337012006908
9.277999999999768,0.00252277701397705,0.001829449846295252,-0.027138915680671137
9.279999999999768,0.002526316573242608,0.0017100972154681893,-0.02705721998606575
9.281999999999769,0.0025296175639593806,0.0015908821200531459,-0.02697326294789427
9.28399999999977,0.002532680271709009,0.0014718150698833422,-0.026887057759646952
9.28599999999977,0.00253550500305359,0.0013529065355078413,-0.02679861778697343
9.287999999999771,0.0025380920854562498,0.0012341669473353051,-0.026707956566043738
9.289999999999772,0.002540441867200013,0.0011156066947835077,-0.026615087801897804
9.291999999999772,0.0025425547173049752,0.000997236125434666,-0.026520025366783634
9.293999999999773,0.0025444310254437944,0.0008790655441966521,-0.026422783298484416
9.295999999999774,0.002546071201855507,0.0007611052124701495,-0.026323375798634596
9.297999999999774,0.0025474756772576883,0.0006433653473218129,-0.02622181723102522
9.299999999999775,0.002548644902756961,0.000525856120663493,-0.026118122119898696
9.301999999999776,0.002549579349757873,0.000408587658437586,-0.0260123051482331
9.303999999999776,0.002550279509870149,0.0002915700398085669,-0.02590438115601632
9.305999999999777,0.0025507458948143312,0.00017481329636076463,-0.025794365138510057
9.307999999999778,0.002550979036325824,5.8327411302436865e-05,-0.025682272244504076
9.309999999999778,0.0025509794860573503,-5.787768132379831e-05,-0.025568117774560677
9.31199999999978,0.002550747815479839,-0.0001737920974241179,-0.025451917179249706
9.31399999999978,0.0025502846157817484,-0.0002894060036301812,-0.025333686057374273
9.31599999999978,0.0025495904977668456,-0.00040470961806929383,-0.025213440154187302
9.317999999999781,0.002548666091750451,-0.0005196932111279945,-0.025091195359599163
9.319999999999782,0.0025475120474541635,-0.0006343471062090116,-0.024966967706376516
9.321999999999782,0.0025461290338990752,-0.0007486616804815357,-0.024840773368332625
9.323999999999783,0.002544517739297497,-0.0008626273656247583,-0.024712628658509216
9.325999999999784,0.0025426788709432,-0.0009762346485646239,-0.024582550027350214
9.327999999999784,0.002540613155100193,-0.0010894740722037454,-0.024450554060867373
9.329999999999785,0.0025383213368900433,-0.0012023362361444343,-0.024316657478798184
9.331999999999786,0.0025358041801777638,-0.001314811797404795,-0.024180877132755997
9.333999999999786,0.00253306246745627,-0.0014268914711278364,-0.024043230004372845
9.335999999999787,0.002530096999729428,-0.0015385660312835538,-0.023903733203434863
9.337999999999788,0.002526908596393706,-0.001649826311363932,-0.023762403966010728
9.339999999999788,0.002523498095118441,-0.0017606632050708286,-0.02361925965257313
9.34199999999979,0.0025198663517247374,-0.0018710676669966852,-0.02347431774611358
9.34399999999979,0.0025160142400630146,-0.0019810307132980304,-0.02332759585025069
9.34599999999979,0.002511942651889209,-0.0020905434223617235,-0.023179111687332117
9.347999999999791,0.0025076524967396555,-0.002199596935463903,-0.023028883096530367
9.349999999999792,0.002503144701804657,-0.00230818245742159,-0.022876928031932652
9.351999999999792,0.002498420211800758,-0.002416291257236915,-0.02272326456062498
9.353999999999793,0.0024934799888417353,-0.002523914668733918,-0.022567910860770667
9.355999999999794,0.002488325012308328,-0.002631044091187887,-0.022410885219683437
9.357999999999794,0.002482956278716709,-0.0027376709899471986,-0.022252206031895393
9.359999999999795,0.0024773748015857267,-0.0028437868970476155,-0.022091891797219893
9.361999999999796,0.002471581611302921,-0.0029493834118190097,-0.02192996111880965
9.363999999999796,0.0024655777549893376,-0.0030544522014844724,-0.021766432701210203
9.365999999999797,0.002459364296363148,-0.0031589850017517723,-0.021601325348408904
9.367999999999798,0.002452942315602096,-0.003262973617397135,-0.021434657961879707
9.369999999999798,0.002446312909204786,-0.0033664099228412976,-0.021266449538623826
9.3719999999998,0.0024394771898508232,-0.003469285862717819,-0.021096719169206565
9.3739999999998,0.002432436286259827,-0.003571593452433598,-0.020925486035790412
9.3759999999998,0.0024251913430493326,-0.003673324778721581,-0.020752769410164674
9.377999999999801,0.0024177435205915924,-0.0037744720001856207,-0.020578588651771743
9.379999999999802,0.002410093994869297,-0.0038750273478374547,-0.020402963205730304
9.381999999999802,0.0024022439573302304,-0.003974983125625781,-0.020225912600855517
9.383999999999803,0.0023941946147408733,-0.004074331710957394,-0.020047456447676523
9.385999999999804,0.002385947189038974,-0.004173065555210359,-0.01986761443645134
9.387999999999805,0.0023775029171851,-0.0042711771842391935,-0.01968640633517938
9.389999999999805,0.0023688630510131877,-0.004368659198872036,-0.019503851987611807
9.391999999999806,0.002360028857080105,-0.004465504275399762,-0.019319971311259843
9.393999999999807,0.0023510016165142443,-0.004561705166057048,-0.01913478429540129
9.395999999999807,0.0023417826248631622,-0.0046572546994953275,-0.018948310999085394
9.397999999999808,0.002332373191940279,-0.0047521457812476405,-0.018760571549136296
9.399999999999809,0.0023227746416706607,-0.004846371394185349,-0.018571586138155148
9.40199999999981,0.0023129883119358905,-0.004939924598966685,-0.018381375022521258
9.40399999999981,0.0023030155544180564,-0.005032798534477128,-0.01818995852039222
9.40599999999981,0.002292857734442862,-0.005124986418261577,-0.017997357009703438
9.407999999999811,0.0022825162308218855,-0.005216481546948305,-0.017803590926167047
9.409999999999812,0.002271992435693995,-0.005307277296664678,-0.01760868076127055
9.411999999999813,0.0022612877543659415,-0.005397367123444622,-0.01741264706027527
9.413999999999813,0.002250403605152149,-0.005486744563627809,-0.017215510420214793
9.415999999999814,0.002239341419213709,-0.005575403234250568,-0.01701729148789368
9.417999999999815,0.002228102640396605,-0.005663336833428483,-0.01681801095788652
9.419999999999815,0.002216688725069179,-0.005750539140730681,-0.016617689570537567
9.421999999999816,0.0022051011419588567,-0.005837004017545785,-0.016416348109961107
9.423999999999817,0.002193341371988153,-0.005922725407439525,-0.016214007402042784
9.425999999999817,0.0021814109081099665,-0.006007697336503995,-0.016010688312442005
9.427999999999818,0.002169311255142184,-0.0060919139136985405,-0.015806411744595673
9.429999999999819,0.0021570439296016153,-0.006175369331182268,-0.015601198637723298
9.43199999999982,0.002144610459537267,-0.0062580578646381745,-0.015395069964833884
9.43399999999982,0.00213201238436298,-0.006339973873588869,-0.015188046730734497
9.43599999999982,0.002119251254689442,-0.006421111801703904,-0.014980149970040931
9.437999999999821,0.002106328632155592,-0.006501466177098682,-0.014771400745190514
9.439999999999822,0.0020932460892594414,-0.006581031612624956,-0.01456182014445724
9.441999999999823,0.0020800052091883153,-0.006659802806152897,-0.01435142927996946
9.443999999999823,0.0020666075856485425,-0.006737774540844742,-0.014140249285730256
9.445999999999824,0.002053054822694607,-0.006814941685419996,-0.01392830131564068
9.447999999999825,0.002039348534557773,-0.0068912991944122155,-0.013715606541526072
9.449999999999825,0.0020254903454742113,-0.006966842108417338,-0.013502186151165513
9.451999999999826,0.002011481889512632,-0.007041565554333574,-0.013288061346324775
9.453999999999827,0.0019973248104014473,-0.007115464745592868,-0.013073253340792745
9.455999999999827,0.0019830207613554833,-0.0071885349823839,-0.012857783358421606
9.457999999999828,0.001968571404902248,-0.007260771651866657,-0.012641672631170935
9.459999999999829,0.001953978412707785,-0.007332170228378562,-0.012424942397155823
9.46199999999983,0.001939243465402117,-0.007402726273632164,-0.012207613898699288
9.46399999999983,0.001924368252404309,-0.007472435436904388,-0.011989708380389007
9.46599999999983,0.0019093544717471557,-0.007541293455217359,-0.011771247087138701
9.467999999999831,0.00189420382990152,-0.007609296153510793,-0.0115522512622542
9.469999999999832,0.0018789180416003315,-0.007676439444805971,-0.011332742145504407
9.471999999999833,0.0018634988296622685,-0.007742719330361285,-0.011112740971197344
9.473999999999833,0.001847947924815135,-0.007808131899819385,-0.010892268966261397
9.475999999999834,0.001832267065518954,-0.007872673331345916,-0.010671347348331965
9.477999999999835,0.0018164579977887894,-0.007936339891759861,-0.010449997323843625
9.479999999999835,0.0018005224750173175,-0.007999127936655494,-0.010228240086128031
9.481999999999836,0.001784462257797162,-0.008061033910515963,-0.01000609681351768
9.483999999999837,0.0017682791137430104,-0.0081220543468185,-0.009783588667455656
9.485999999999837,0.0017519748173135286,-0.00818218586813127,-0.009560736790611606
9.487999999999838,0.0017355511496330894,-0.008241425186201894,-0.009337562305004016
9.489999999999839,0.001719009898313333,-0.008299769102037622,-0.009114086310129
9.49199999999984,0.001702352857274576,-0.008357214505977189,-0.008890329881095711
9.49399999999984,0.001685581826567083,-0.008413758377754377,-0.008666314066768571
9.49599999999984,0.0016686986121922213,-0.008469397786553277,-0.008442059887916454
9.497999999999841,0.001651705025923513,-0.008524129891055282,-0.008217588335368935
9.499999999999842,0.0016346028851276,-0.008577951939477814,-0.007992920368179847
9.501999999999843,0.0016173940125851426,-0.008630861269604818,-0.007768076911798186
9.503999999999843,0.0016000802363116615,-0.008682855308809021,-0.00754307885624661
9.505999999999844,0.0015826633893783466,-0.008733931574065995,-0.007317947054307593
9.507999999999845,0.0015651453097328453,-0.008784087671960022,-0.007092702319717472
9.509999999999845,0.0015475278400200459,-0.008833321298681803,-0.006867365425368432
9.511999999999846,0.0015298128274028747,-0.008881630240018005,-0.006641957101518655
9.513999999999847,0.0015120021233831226,-0.008929012371332694,-0.006416498034010742
9.515999999999847,0.001494097583622316,-0.008975465657540652,-0.006191008862498532
9.517999999999848,0.0014761010677626493,-0.009020988153072623,-0.005965510178682508
9.519999999999849,0.0014580144392479953,-0.009065578001832487,-0.00574002252455387
9.52199999999985,0.0014398395651450094,-0.009109233437146402,-0.005514566390647466
9.52399999999985,0.0014215783159643434,-0.009151952781703944,-0.005289162214303691
9.52599999999985,0.001403232565481984,-0.009193734447491242,-0.005063830377939489
9.527999999999851,0.0013848041905607353,-0.009234576935716166,-0.0048385912073285985
9.529999999999852,0.001366295070971856,-0.009274478836725573,-0.004613464969891188
9.531999999999853,0.001347707089216873,-0.009313438829914655,-0.004388471872992987
9.533999999999853,0.0013290421303495806,-0.00935145568362839,-0.004163632062254074
9.535999999999854,0.0013103020817982493,-0.00938852825505516,-0.003938965619867417
9.537999999999855,0.0012914888331880504,-0.009424655490112527,-0.0037144925629273347
9.539999999999855,0.00127260427616372,-0.00945983642332524,-0.003490232841767976
9.541999999999856,0.0012536503042124736,-0.009494070177695454,-0.0032662063383119607
9.543999999999857,0.0012346288124871884,-0.00952735596456523,-0.003042432864429281
9.545999999999857,0.001215541697629868,-0.009559693083471335,-0.002818932160306655
9.547999999999858,0.001196390857595405,-0.009591080921992371,-0.0025957238928273445
9.549999999999859,0.001177178191475657,-0.009621518955588266,-0.0023728276539616774
9.55199999999986,0.0011579055993238526,-0.009651006747432165,-0.0021502629591683056
9.55399999999986,0.0011385749819793386,-0.009679543948234757,-0.0019280492458063608
9.55599999999986,0.0011191882408926887,-0.009707130296061055,-0.0017062058715586297
9.557999999999861,0.0010997472779511843,-0.009733765616139695,-0.001484752112865832
9.559999999999862,0.0010802539953046848,-0.009759449820664757,-0.0012637071633721485
9.561999999999863,0.0010607102951919023,-0.009784182908590166,-0.0010430901323820914
9.563999999999863,0.0010411180797670933,-0.009807964965416707,-0.0008229200433288574
9.565999999999864,0.001021479250927186,-0.009830796162971679,-0.0006032158322542246
9.567999999999865,0.0010017957101393531,-0.009852676759181242,-0.00038399634630018054
9.569999999999865,0.0009820693582690495,-0.009873607097835484,-0.00016528034221229004
9.571999999999866,0.000962302095408525,-0.00989358760834626,5.2913515144989084e-05
9.573999999999867,0.0009424958207058303,-0.009912618805497823,0.0002705666542610098
9.575999999999867,0.0009226524321943279,-0.009930701289190309,0.0004876605984395193
9.577999999999868,0.0009027738266227232,-0.009947835744176101,0.0007041769672470298
9.579999999999869,0.0008828618992856304,-0.009964022939789124,0.0009200974779488696
9.58199999999987,0.0008629185438546864,-0.009979263729667105,0.0011354039469328205
9.58399999999987,0.0008429456522102273,-0.009993559051466844,0.0013500782911202418
9.58599999999987,0.0008229451142735417,-0.01000690992657254,0.0015641025293645708
9.587999999999871,0.0008029188178397135,-0.010019317459797223,0.0017774587838371228
9.589999999999872,0.0007828686484110691,-0.010030782839077306,0.0019901292814000875
9.591999999999873,0.0007627964890312427,-0.01004130733516035,0.0022020963549666157
9.593999999999873,0.0007427042201198722,-0.01005089230128604,0.002413342444847923
9.595999999999874,0.0007225937193079398,-0.01005953917286045,0.0026238501000873183
9.597999999999875,0.0007024668612737718,-0.010067249467123623,0.0028336019797810513
9.599999999999875,0.0006823255175797085,-0.010074024782810534,0.0030425808543859054
9.601999999999876,0.0006621715565094597,-0.010079866799805454,0.0032507696070134496
9.603999999999877,0.0006420068429061578,-0.010084777278789788,0.003458151234710857
9.605999999999877,0.0006218332380111212,-0.010088758060883425,0.0036647088497282097
9.607999999999878,0.0006016525993033426,-0.010091811067279651,0.0038704256807722123
9.609999999999879,0.0005814667803397121,-0.010093938298873669,0.004075285074246226
9.61199999999988,0.0005612776305959918,-0.010095141835884777,0.004279270495476548
9.61399999999988,0.0005410869953085501,-0.010095423837472261,0.004482365529924859
9.61599999999988,0.0005208967153168724,-0.010094786541345052,0.00468455388438676
9.617999999999881,0.0005007086269068574,-0.01009323226336518,0.0048858193881763275
9.619999999999882,0.00048052456165491276,-0.010090763397145104,0.005086145994296605
9.621999999999883,0.0004603463462728631,-0.010087382413638952,0.005285517780595977
9.623999999999883,0.0004401758024536806,-0.01008309186072772,0.005483918950910321
9.625999999999884,0.0004200147467180513,-0.010077894362798509,0.0056813338361909145
9.627999999999885,0.00039986499026178944,-0.010071792620317807,0.005877746895617996
9.629999999999885,0.0003797283388041106,-0.01006478940939892,0.006073142717699913
9.631999999999886,0.00035960659243677585,-0.010056887581363569,0.006267506021357814
9.633999999999887,0.0003395015454741187,-0.010048090062297723,0.0064608216569958105
9.635999999999887,0.0003194149863039659,-0.010038399852601725,0.0066530746075565365
9.637999999999888,0.00029934869723946376,-0.01002782002653475,0.006844249989562066
9.639999999999889,0.00027930445437182106,-0.010016353731753672,0.007034333054140113
9.64199999999989,0.00025928402742397984,-0.01000400418884638,0.007223309188035461
9.64399999999989,0.00023928917960522512,-0.0099907746908596,0.007411163914606582
9.64599999999989,0.00021932166746674425,-0.009976668602821292,0.007597882894807348
9.647999999999891,0.00019938324075814698,-0.009961689361257665,0.007783451928153849
9.649999999999892,0.0001794756422849567,-0.00994584047370487,0.007967856953676196
9.651999999999893,0.00015960060776708376,-0.009929125518215436,0.008151084050855302
9.653999999999893,0.0001397598656982909,-0.009911548142859501,0.008333119440544599
9.655999999999894,0.00011995513720666149,-0.00989311206522089,0.008513949485876592
9.657999999999895,0.00010018813591608071,-0.009873821071888118,0.008693560693154275
9.659999999999895,8.04605678087397e-05,-0.00985367901794035,0.008871939712727312
9.661999999999896,6.077413108867278e-05,-0.009832689826428402,0.009049073339852953
9.663999999999897,4.113051604633765e-05,-0.009810857487850827,0.009224948515541674
9.665999999999897,2.153140492424817e-05,-0.009788186059625148,0.00939955232738745
9.667999999999898,1.978471783669525e-06,-0.009764679665554308,0.009572872010382667
9.669999999999899,-1.7526617627614784e-05,-0.009740342495288386,0.009744894947717613
9.6719999999999,-3.69822060064547e-05,-0.009715178803781635,0.009915608671564534
9.6739999999999,-5.6386644624394864e-05,-0.009689192910744928,0.010085000863846182
9.6759999999999,-7.573829345663616e-05,-0.009662389200093643,0.010253059356988878
9.677999999999901,-9.503552130988861e-05,-0.009634772119391066,0.010419772134660004
9.679999999999902,-0.00011427670594910657,-0.00960634617928737,0.010585127332489952
9.681999999999903,-0.00013346023422309758,-0.009577115952954232,0.010749113238778436
9.683999999999903,-0.00015258450218899608,-0.009547086075515148,0.010911718295185207
9.685999999999904,-0.00017164791523559356,-0.009516261243471512,0.01107293109740511
9.687999999999905,-0.00019064888820551675,-0.009484646214124516,0.011232740395827447
9.689999999999905,-0.00020958584551624532,-0.00945224580499294,0.011391135096179684
9.691999999999906,-0.00022845722127996126,-0.009419064893226895,0.011548104260155394
9.693999999999907,-0.0002472614594222217,-0.00938510841501757,0.011703637106026506
9.695999999999907,-0.00026599701379944734,-0.009350381365003074,0.011857723009239787
9.697999999999908,-0.00028466234831521855,-0.0093148887956704,0.012010351502997547
9.699999999999909,-0.00030325593703537187,-0.009278635816753603,0.012161512278822586
9.70199999999991,-0.0003217762643018889,-0.00924162759462825,0.012311195187107321
9.70399999999991,-0.00034022182484557035,-0.009203869351702199,0.012459390237647139
9.70599999999991,-0.00035859112389748847,-0.009165366365802773,0.012606087600157901
9.707999999999911,-0.0003768826772992097,-0.009126123969560404,0.012751277604777657
9.709999999999912,-0.0003950950116117818,-0.009086147549788795,0.012894950742552501
9.711999999999913,-0.000413226664223477,-0.009045442546861685,0.013037097665906612
9.713999999999913,-0.0004312761834562864,-0.00900401445408626,0.013177709189096455
9.715999999999914,-0.0004492421286711571,-0.008961868817073292,0.013316776288649124
9.717999999999915,-0.0004671230703719665,-0.008919011233104068,0.013454290103784863
9.719999999999915,-0.00048491759030822783,-0.008875447350494168,0.013590241936823733
9.721999999999916,-0.0005026242815765195,-0.008831182867954162,0.013724623253576446
9.723999999999917,-0.0005202417487206332,-0.008786223533947292,0.013857425683719357
9.725999999999917,-0.0005377686078304343,-0.00874057514604421,0.013988641021153624
9.727999999999918,-0.0005552034866394289,-0.008694243550274825,0.014118261224348554
9.729999999999919,-0.0005725450246210318,-0.008647234640477331,0.014246278416669114
9.73199999999992,-0.0005897918730835295,-0.008599554357644494,0.014372684886687649
9.73399999999992,-0.0006069426952637332,-0.008551208689267247,0.01449747308847979
9.73599999999992,-0.0006239961664193166,-0.008502203668675663,0.014620635641904578
9.737999999999921,-0.0006409509739198331,-0.008452545374377384,0.01474216533286883
9.739999999999922,-0.0006578058173364066,-0.008402239929393554,0.014862055113575714
9.741999999999923,-0.0006745594085300929,-0.008351293500592345,0.01498029810275762
9.743999999999923,-0.0006912104717389051,-0.008299712298020118,0.015096887585893275
9.745999999999924,-0.0007077577436634989,-0.008247502574230308,0.01521181701540917
9.747999999999925,-0.0007241999735515138,-0.00819467062361008,0.015325080010865296
9.749999999999925,-0.0007405359232805657,-0.00814122278170484,0.015436670359125219
9.751999999999926,-0.0007567643674398853,-0.008087165424540655,0.015546582014510497
9.753999999999927,-0.0007728840934106012,-0.00803250496794466,0.015654809098939508
9.755999999999927,-0.0007888939014446598,-0.007977247866863503,0.015761345902050673
9.757999999999928,-0.0008047926047423817,-0.007921400614679913,0.0158661868813101
9.759999999999929,-0.0008205790295286485,-0.007864969742527447,0.015969326662103732
9.76199999999993,-0.000836252015127718,-0.00780796181860348,0.016070760037813932
9.76399999999993,-0.0008518104140366633,-0.007750383447480518,0.01617048196988066
9.76599999999993,-0.0008672530919974331,-0.0076922412694158905,0.01626848758784715
9.767999999999931,-0.0008825789280675295,-0.007633541959659881,0.016364772189390222
9.769999999999932,-0.0008977868146893009,-0.00757429222776239,0.016459331240335176
9.771999999999933,-0.0009128756577578467,-0.00751449881687817,0.0165521603746554
9.773999999999933,-0.0009278443766875315,-0.007454168503070704,0.016643255394456637
9.775999999999934,-0.0009426919044771046,-0.007393308094614815,0.016732612269946018
9.777999999999935,-0.000957417187773425,-0.007331924431298041,0.01682022713938586
9.779999999999935,-0.0009720191869337868,-0.007270024383720871,0.01690609630903229
9.781999999999936,-0.000986496876086845,-0.007207614852595887,0.01699021625305874
9.783999999999937,-0.001000849243192137,-0.007144702768045895,0.017072583613464337
9.785999999999937,-0.001015075290098202,-0.007081295088901096,0.017153195199967268
9.787999999999938,-0.0010291740325992906,-0.007017398801995379,0.017232047989883117
9.789999999999939,-0.0010431445004906688,-0.006953020921461789,0.017309139127988284
9.79199999999994,-0.0010569857376225116,-0.006888168488027242,0.017384465926368477
9.79399999999994,-0.0010706968019523835,-0.006822848568306556,0.01745802586425236
9.79599999999994,-0.0010842767655963093,-0.006757068254095856,0.017529816587830392
9.797999999999941,-0.001097724714878429,-0.006690834661665427,0.01759983591005895
9.799999999999942,-0.001111039750379239,-0.006624154931052072,0.017668081810449716
9.801999999999943,-0.001124220986982417,-0.006557036225351054,0.017734552434844463
9.803999999999943,-0.0011372675539202306,-0.006489485730007668,0.017799246095175227
9.805999999999944,-0.001150178594817529,-0.006421510652108527,0.017862161269209975
9.807999999999945,-0.001162953267734317,-0.006353118219672621,0.017923296600283814
9.809999999999945,-0.00117559074520691,-0.006284315680942205,0.01798265089701579
9.811999999999946,-0.001188090214287673,-0.006215110303673594,0.018040223133011304
9.813999999999947,-0.0012004508765833376,-0.006145509374427926,0.018096012446550326
9.815999999999947,-0.0012126719482919042,-0.0060755201978619465,0.018150018140261303
9.817999999999948,-0.0012247526602381235,-0.006005150096018904,0.01820223968078099
9.819999999999949,-0.0012366922579075605,-0.005934406407619589,0.01825267669840014
9.82199999999995,-0.0012484900014792417,-0.005863296487353608,0.018301328986695196
9.82399999999995,-0.0012601451658568836,-0.005791827705170938,0.018348196502146023
9.82599999999995,-0.0012716570406987062,-0.005720007445573842,0.018393279363739773
9.827999999999951,-0.0012830249304458291,-0.005647843106909185,0.018436577852560903
9.829999999999952,-0.0012942481543492545,-0.0055753421006612455,0.018478092411367476
9.831999999999953,-0.0013053260464954348,-0.005502511850745054,0.01851782364415379
9.833999999999953,-0.0013162579558304286,-0.005429359792800346,0.018555772315699402
9.835999999999954,-0.0013270432461826446,-0.005355893373486176,0.018591939351104633
9.837999999999955,-0.0013376812962841754,-0.005282120049776263,0.01862632583531262
9.839999999999955,-0.0013481714997907236,-0.005208047288255136,0.018658933012618017
9.841999999999956,-0.00135851326530012,-0.005133682564415119,0.01868976228616237
9.843999999999957,-0.0013687060163694374,-0.0050590333619542445,0.01871881521741632
9.845999999999957,-0.0013787491915307009,-0.004984107172075139,0.01874609352564862
9.847999999999958,-0.001388642244305197,-0.004908911492784951,0.01877159908738215
9.849999999999959,-0.001398384643216384,-0.004833453828196378,0.01879533393583692
9.85199999999996,-0.0014079758718014046,-0.004757741687829852,0.018817300260360218
9.85399999999996,-0.0014174154286212058,-0.004681782585916953,0.018837500405843897
9.85599999999996,-0.0014267028272692652,-0.004605584040705096,0.01885593687212901
9.857999999999961,-0.001435837596378929,-0.004529153573763572,0.01887261231339775
9.859999999999962,-0.0014448192796293632,-0.004452498709290983,0.018887529537552863
9.861999999999963,-0.001453647435750121,-0.004375626973424136,0.018900691505584613
9.863999999999963,-0.00146232163852433,-0.00429854589354847,0.018912101330925347
9.865999999999964,-0.0014708414767905006,-0.004221262997610054,0.01892176227879177
9.867999999999965,-0.0014792065544429623,-0.004143785813429223,0.01892967776551506
9.869999999999965,-0.0014874164904309264,-0.004066121868015917,0.018935851357858847
9.871999999999966,-0.0014954709187561825,-0.003988278686886773,0.018940286772325184
9.873999999999967,-0.0015033694884694314,-0.003910263793384028,0.0189429878744486
9.875999999999967,-0.0015111118636652564,-0.0038320847079962995,0.018943958678078344
9.877999999999968,-0.0015186977234757388,-0.0037537489476812823,0.018943203344648864
9.879999999999969,-0.001526126762062721,-0.003675264025190442,0.01894072618243867
9.88199999999997,-0.0015333986886087207,-0.0035966374483957443,0.018936531645817652
9.88399999999997,-0.0015405132273065005,-0.003517876719618482,0.018930624334482952
9.88599999999997,-0.001547470117347298,-0.003438989334960257,0.018923008992683486
9.887999999999971,-0.0015542691129077182,-0.0033599827836361703,0.018913690508433237
9.889999999999972,-0.001560909983135298,-0.0032808645473102784,0.01890267391271335
9.891999999999973,-0.0015673925121327402,-0.0032016420994333654,0.01888996437866326
9.893999999999973,-0.0015737164989408274,-0.003122322904583093,0.018875567220760767
9.895999999999974,-0.0015798817575200185,-0.003042914417806578,0.018859487893991368
9.897999999999975,-0.0015858881167307329,-0.002963424083965447,0.018841731993006764
9.899999999999975,-0.001591735420312326,-0.0028838593370834344,0.018822305251272778
9.901999999999976,-0.0015974235268607646,-0.0028042275996965614,0.018801213540206693
9.903999999999977,-0.001602952309805004,-0.002724536282205962,0.01877846286830421
9.905999999999977,-0.001608321657382073,-0.0026447927822334013,0.018754059380256004
9.907999999999978,-0.0016135314726108741,-0.0025650044839795353,0.018728009356054134
9.909999999999979,-0.0016185816732647016,-0.002485178757584975,0.018700319210088277
9.91199999999998,-0.001623472191842486,-0.002405322958494195,0.01867099549023199
9.91399999999998,-0.001628202975538768,-0.0023254444268223425,0.018640044876919056
9.91599999999998,-0.0016327739862124094,-0.0022455504867249965,0.018607474182210024
9.917999999999981,-0.001637185200354047,-0.0021656484457709267,0.01857329034884909
9.919999999999982,-0.0016414366090522943,-0.0020857455943179043,0.018537500449311396
9.921999999999983,-0.0016455282179586989,-0.002005849204891608,0.018500111684840847
9.923999999999984,-0.0016494600472514592,-0.001925966531567683,0.018461131384478597
9.925999999999984,-0.0016532321315979104,-0.001846104809356992,0.018420567004082275
9.927999999999985,-0.0016568445201157829,-0.0017662712535941145,0.018378426125336095
9.929999999999986,-0.0016602972763332415,-0.0016864730593291364,0.018334716454751942
9.931999999999986,-0.0016635904781477113,-0.001606717400722779,0.01828944582266155
9.933999999999987,-0.0016667242177834973,-0.001527011430444916,0.01824262218219989
9.935999999999988,-0.0016696986017482047,-0.0014473622790765219,0.01819425360827989
9.937999999999988,-0.0016725137507879666,-0.0013677770545150998,0.01814434829655857
9.939999999999989,-0.0016751697998414847,-0.0012882628413836334,0.018092914562394768
9.94199999999999,-0.0016776668979928942,-0.001208826700443109,0.01803996083979848
9.94399999999999,-0.0016800052084234548,-0.0011294756680086508,0.01798549568037205
9.94599999999999,-0.0016821849083620785,-0.0010502167553693151,0.017929527752243195
9.947999999999992,-0.0016842061890347015,-0.0009710569482115869,0.0178720658389901
9.949999999999992,-0.0016860692556125054,-0.0008920032060466218,0.0178131188385586
9.951999999999993,-0.0016877743271589982,-0.0008130624616412765,0.01775269576217168
9.953999999999994,-0.0016893216365759594,-0.0007342416204529702,0.017690805733231257
9.955999999999994,-0.0016907114305482604,-0.0006555475600684193,0.017627457986212566
9.957999999999995,-0.001691943969487565,-0.000576987129646286,0.017562661865551023
9.959999999999996,-0.0016930195274749208,-0.0004985671493637833,0.01749642682452194
9.961999999999996,-0.0016939383922022447,-0.0004202944098672755,0.01742876242411299
9.963999999999997,-0.0016947008649127178,-0.00034217567172691607,0.017359678331889724
9.965999999999998,-0.00169530726034009,-0.00026421766489536063,0.017289184320854096
9.967999999999998,-0.0016957579066469086,-0.00018642708817059606,0.017217290268296263
9.969999999999999,-0.0016960531453616748,-0.00010881060866292365,0.017144006154639683
9.972,-0.0016961933313149402,-3.1374861266134354e-05,0.017069342062279672
9.974,-0.0016961788325743482,4.587355186708522e-05,0.016993308174415536
9.976,-0.0016960100303786317,0.0001229280618454795,0.016915914773876398
9.978000000000002,-0.0016956873190705735,0.0001997821335552461,0.01683717224194084
9.980000000000002,-0.0016952111060289405,0.00027642926617171696,0.01675709105715049
9.982000000000003,-0.0016945818115993963,0.0003528629936666631,0.016675681794117686
9.984000000000004,-0.001693799869024407,0.00042907688531118674,0.0165929551223273
9.986000000000004,-0.0016928657243721426,0.0005050645461741667,0.016508921804932884
9.988000000000005,-0.0016917798364643871,0.000580819617616222,0.016423592697547257
9.990000000000006,-0.0016905426768034665,0.0006563357777791604,0.01633697874702765
9.992000000000006,-0.0016891547294982003,0.0007316067420708775,0.016249090990255503
9.994000000000007,-0.001687616491188889,0.0008066262636456747,0.016159940552911128
9.996000000000008,-0.0016859284709713448,0.0008813881338799621,0.016069538648243214
9.998000000000008,-0.0016840911903199776,0.0009558861828433158,0.015977896575833483
10.000000000000009,-0.0016821051830099405,0.001030114279764857,0.01588502572035646
